,Node,Degree Centrality,Network Centralisation,Closeness Centrality,Betweenness Centrality,Eigenvector Centrality,Harmonic Centrality,Clustering Coefficient,Graph Density,Rich Club Coefficient,Transitivity,Local Efficiency,Lon,Lat,geometry,Region
0,0,0.0,0.08678885227479033,0.0,0.0,2.4946305565830578e-23,0.0,0.0,0.004162269471918553,0.5993703313653459,0.4032647494349622,0.5876130144643505,,,POINT (NaN NaN),GBR
1,1,0.0,0.08678885227479033,0.0,0.0,2.4946305565830578e-23,0.0,0.0,0.004162269471918553,0.5993703313653459,0.4032647494349622,0.5876130144643505,,,POINT (NaN NaN),GBR
2,2,0.001067995728017088,0.08678885227479033,0.0,0.0,1.0218006759764205e-19,0.0,0.0,0.004162269471918553,0.5993703313653459,0.4032647494349622,0.5876130144643505,,,POINT (NaN NaN),GBR
3,3,0.001067995728017088,0.08678885227479033,0.000355998576005696,0.0,7.152604731834942e-19,1.0,0.0,0.004162269471918553,0.5993703313653459,0.4032647494349622,0.5876130144643505,,,POINT (NaN NaN),GBR
4,4,0.000711997152011392,0.08678885227479033,0.0,0.0,1.0218006759764205e-19,0.0,0.0,0.004162269471918553,0.5993703313653459,0.4032647494349622,0.5876130144643505,,,POINT (NaN NaN),GBR
5,5,0.000711997152011392,0.08678885227479033,0.0,0.0,1.0218006759764205e-19,0.0,0.0,0.004162269471918553,0.5993703313653459,0.4032647494349622,0.5876130144643505,,,POINT (NaN NaN),GBR
6,6,0.001423994304022784,0.08678885227479033,0.000533997864008544,0.0,2.4012315885445884e-18,1.8333333333333333,1.0,0.004162269471918553,0.5993703313653459,0.4032647494349622,0.5876130144643505,,,POINT (NaN NaN),GBR
7,7,0.001067995728017088,0.08678885227479033,0.0,0.0,1.0218006759764205e-19,0.0,0.0,0.004162269471918553,0.5993703313653459,0.4032647494349622,0.5876130144643505,,,POINT (NaN NaN),GBR
8,8,0.002135991456034176,0.08678885227479033,0.028791243654822333,0.0,4.5798625028346034e-15,96.40475490339118,1.0,0.004162269471918553,0.5993703313653459,0.4032647494349622,0.5876130144643505,,,POINT (NaN NaN),GBR
9,9,0.00177999288002848,0.08678885227479033,0.0008137110308701623,6.339005983007407e-07,7.510234968426693e-18,2.833333333333333,0.3333333333333333,0.004162269471918553,0.5993703313653459,0.4032647494349622,0.5876130144643505,,,POINT (NaN NaN),GBR
10,10,0.002135991456034176,0.08678885227479033,0.00047466476800759466,1.2678011966014813e-06,7.152604731834944e-19,1.5,0.16666666666666666,0.004162269471918553,0.5993703313653459,0.4032647494349622,0.5876130144643505,,,POINT (NaN NaN),GBR
11,11,0.000711997152011392,0.08678885227479033,0.000355998576005696,7.606807179608888e-07,1.0218006759764205e-19,1.0,0.0,0.004162269471918553,0.5993703313653459,0.4032647494349622,0.5876130144643505,,,POINT (NaN NaN),GBR
12,12,0.002491990032039872,0.08678885227479033,0.028791243654822333,1.2678011966014813e-07,4.5798625028346034e-15,96.40475490339118,1.0,0.004162269471918553,0.5993703313653459,0.4032647494349622,0.5876130144643505,,,POINT (NaN NaN),GBR
13,13,0.001423994304022784,0.08678885227479033,0.000533997864008544,3.803403589804444e-07,2.4012315885445884e-18,1.8333333333333333,0.0,0.004162269471918553,0.5993703313653459,0.4032647494349622,0.5876130144643505,,,POINT (NaN NaN),GBR
14,14,0.002847988608045568,0.08678885227479033,0.028795811518324606,5.437458465424131e-07,3.34354457883502e-15,97.57142157005791,0.5,0.004162269471918553,0.5993703313653459,0.4032647494349622,0.5876130144643505,,,POINT (NaN NaN),GBR
15,15,0.00177999288002848,0.08678885227479033,0.000985842210477312,7.606807179608888e-07,1.7977305642960153e-17,3.5833333333333335,0.0,0.004162269471918553,0.5993703313653459,0.4032647494349622,0.5876130144643505,,,POINT (NaN NaN),GBR
16,16,0.00177999288002848,0.08678885227479033,0.0006328863573434595,1.014240957281185e-06,4.66055611787795e-17,2.1666666666666665,0.3333333333333333,0.004162269471918553,0.5993703313653459,0.4032647494349622,0.5876130144643505,,,POINT (NaN NaN),GBR
17,17,0.001067995728017088,0.08678885227479033,0.0006407974368102528,0.0,2.5799718679237648e-17,2.0,0.0,0.004162269471918553,0.5993703313653459,0.4032647494349622,0.5876130144643505,,,POINT (NaN NaN),GBR
18,18,0.001067995728017088,0.08678885227479033,0.0008721965112139552,0.0,2.4529602477658953e-17,3.1166666666666663,0.0,0.004162269471918553,0.5993703313653459,0.4032647494349622,0.5876130144643505,,,POINT (NaN NaN),GBR
19,19,0.001423994304022784,0.08678885227479033,0.0,0.0,1.0218006759764205e-19,0.0,1.0,0.004162269471918553,0.5993703313653459,0.4032647494349622,0.5876130144643505,,,POINT (NaN NaN),GBR
20,20,0.001423994304022784,0.08678885227479033,0.0008543965824136705,0.0,5.93651224958961e-17,3.3333333333333335,1.0,0.004162269471918553,0.5993703313653459,0.4032647494349622,0.5876130144643505,,,POINT (NaN NaN),GBR
21,21,0.001423994304022784,0.08678885227479033,0.0006357117428673143,0.0,3.4574257360046206e-17,2.333333333333333,1.0,0.004162269471918553,0.5993703313653459,0.4032647494349622,0.5876130144643505,,,POINT (NaN NaN),GBR
22,22,0.003915984336062656,0.08678885227479033,0.030083641162316845,0.0005521474509002937,1.1109713948993154e-15,103.82590088019936,0.25,0.004162269471918553,0.5993703313653459,0.4032647494349622,0.5876130144643505,,,POINT (NaN NaN),GBR
23,23,0.000355998576005696,0.08678885227479033,0.0,0.0,2.4946305565830578e-23,0.0,0.0,0.004162269471918553,0.5993703313653459,0.4032647494349622,0.5876130144643505,,,POINT (NaN NaN),GBR
24,24,0.001067995728017088,0.08678885227479033,0.000355998576005696,0.0,7.152604731834944e-19,1.0,0.0,0.004162269471918553,0.5993703313653459,0.4032647494349622,0.5876130144643505,,,POINT (NaN NaN),GBR
25,25,0.001067995728017088,0.08678885227479033,0.0,0.0,1.0218006759764205e-19,0.0,0.0,0.004162269471918553,0.5993703313653459,0.4032647494349622,0.5876130144643505,,,POINT (NaN NaN),GBR
26,26,0.00177999288002848,0.08678885227479033,0.000711997152011392,2.5356023932029627e-07,2.6412799084823496e-17,2.0,0.3333333333333333,0.004162269471918553,0.5993703313653459,0.4032647494349622,0.5876130144643505,,,POINT (NaN NaN),GBR
27,27,0.00177999288002848,0.08678885227479033,0.035954670411110265,0.0,5.734442309976798e-15,118.84851950805034,1.0,0.004162269471918553,0.5993703313653459,0.4032647494349622,0.5876130144643505,,,POINT (NaN NaN),GBR
28,28,0.002847988608045568,0.08678885227479033,0.029986999690451897,0.00011190533369261974,6.41928487966318e-16,102.65923421353268,0.39285714285714285,0.004162269471918553,0.5993703313653459,0.4032647494349622,0.5876130144643505,,,POINT (NaN NaN),GBR
29,29,0.002135991456034176,0.08678885227479033,0.0,0.0,1.0218006759764205e-19,0.0,0.8333333333333334,0.004162269471918553,0.5993703313653459,0.4032647494349622,0.5876130144643505,,,POINT (NaN NaN),GBR
30,30,0.002135991456034176,0.08678885227479033,0.03815721816174358,0.0001085237824290868,1.6996817246423422e-14,129.1212335678264,0.8333333333333334,0.004162269471918553,0.5993703313653459,0.4032647494349622,0.5876130144643505,,,POINT (NaN NaN),GBR
31,31,0.00355998576005696,0.08678885227479033,0.03142559104633255,0.0010933112558880206,5.015711182031456e-16,108.987231410802,0.28888888888888886,0.004162269471918553,0.5993703313653459,0.4032647494349622,0.5876130144643505,,,POINT (NaN NaN),GBR
32,32,0.002491990032039872,0.08678885227479033,0.03811409754360982,0.00010922107308721761,1.4393437312027625e-14,128.1212335678266,0.6,0.004162269471918553,0.5993703313653459,0.4032647494349622,0.5876130144643505,,,POINT (NaN NaN),GBR
33,33,0.00177999288002848,0.08678885227479033,0.0006407974368102528,1.141021076941333e-06,5.965871556610036e-17,2.0,0.0,0.004162269471918553,0.5993703313653459,0.4032647494349622,0.5876130144643505,,,POINT (NaN NaN),GBR
34,34,0.002847988608045568,0.08678885227479033,0.04060600445020387,0.0008683804296121847,8.597205033793537e-14,141.76746301242736,0.3333333333333333,0.004162269471918553,0.5993703313653459,0.4032647494349622,0.5876130144643505,,,POINT (NaN NaN),GBR
35,35,0.001423994304022784,0.08678885227479033,0.0014324704605943482,1.3523212763749133e-07,3.030000725700792e-17,4.866666666666668,0.8333333333333334,0.004162269471918553,0.5993703313653459,0.4032647494349622,0.5876130144643505,,,POINT (NaN NaN),GBR
36,36,0.003915984336062656,0.08678885227479033,0.003674413873773076,5.929575405153363e-06,4.869496644238178e-16,12.583333333333334,0.36363636363636365,0.004162269471918553,0.5993703313653459,0.4032647494349622,0.5876130144643505,,,POINT (NaN NaN),GBR
37,37,0.00177999288002848,0.08678885227479033,0.038155826070603055,3.803403589804444e-06,1.6996204166017834e-14,128.6212335678265,0.3333333333333333,0.004162269471918553,0.5993703313653459,0.4032647494349622,0.5876130144643505,,,POINT (NaN NaN),GBR
38,38,0.002491990032039872,0.08678885227479033,0.0025838606322994063,7.059902067333273e-07,2.457669112404502e-16,9.283333333333333,0.2857142857142857,0.004162269471918553,0.5993703313653459,0.4032647494349622,0.5876130144643505,,,POINT (NaN NaN),GBR
39,39,0.001423994304022784,0.08678885227479033,0.03413119186101212,0.0015264326407081834,8.30851400243966e-16,110.16689675834891,0.0,0.004162269471918553,0.5993703313653459,0.4032647494349622,0.5876130144643505,,,POINT (NaN NaN),GBR
40,40,0.002135991456034176,0.08678885227479033,0.002615815623694027,0.0,2.7663003145299557e-16,9.083333333333334,0.4,0.004162269471918553,0.5993703313653459,0.4032647494349622,0.5876130144643505,,,POINT (NaN NaN),GBR
41,41,0.00177999288002848,0.08678885227479033,0.000355998576005696,0.0,1.3257489576210567e-17,1.0,1.0,0.004162269471918553,0.5993703313653459,0.4032647494349622,0.5876130144643505,,,POINT (NaN NaN),GBR
42,42,0.002135991456034176,0.08678885227479033,0.0017677170670627664,2.1501298690425344e-06,7.677487474092806e-17,6.116666666666666,0.4,0.004162269471918553,0.5993703313653459,0.4032647494349622,0.5876130144643505,,,POINT (NaN NaN),GBR
43,43,0.001423994304022784,0.08678885227479033,0.03236574308905662,0.0013091315156106896,2.0888621825300951e-16,102.87238613142793,0.0,0.004162269471918553,0.5993703313653459,0.4032647494349622,0.5876130144643505,,,POINT (NaN NaN),GBR
44,44,0.000711997152011392,0.08678885227479033,0.0,0.0,1.0218006759764205e-19,0.0,0.0,0.004162269471918553,0.5993703313653459,0.4032647494349622,0.5876130144643505,,,POINT (NaN NaN),GBR
45,45,0.001423994304022784,0.08678885227479033,0.0009888849333491555,0.0,7.297444977654605e-16,3.3333333333333335,1.0,0.004162269471918553,0.5993703313653459,0.4032647494349622,0.5876130144643505,,,POINT (NaN NaN),GBR
46,46,0.002135991456034176,0.08678885227479033,0.03832293898339178,0.0019602742101852105,2.063967944893242e-14,130.95456690115944,0.16666666666666666,0.004162269471918553,0.5993703313653459,0.4032647494349622,0.5876130144643505,,,POINT (NaN NaN),GBR
47,47,0.00177999288002848,0.08678885227479033,0.03811409754360982,1.2678011966014813e-06,1.6990022271928178e-14,128.1212335678266,0.6666666666666666,0.004162269471918553,0.5993703313653459,0.4032647494349622,0.5876130144643505,,,POINT (NaN NaN),GBR
48,48,0.001423994304022784,0.08678885227479033,0.038070999757450236,0.0,1.4391138260506678e-14,127.12123356782662,1.0,0.004162269471918553,0.5993703313653459,0.4032647494349622,0.5876130144643505,,,POINT (NaN NaN),GBR
49,49,0.00355998576005696,0.08678885227479033,0.0027347163338619375,1.8613662577351066e-06,2.981704428662289e-16,9.583333333333334,0.4,0.004162269471918553,0.5993703313653459,0.4032647494349622,0.5876130144643505,,,POINT (NaN NaN),GBR
50,50,0.002491990032039872,0.08678885227479033,0.04056015984536958,0.0026030494168621616,8.597143725752978e-14,140.76746301242738,0.3,0.004162269471918553,0.5993703313653459,0.4032647494349622,0.5876130144643505,,,POINT (NaN NaN),GBR
51,51,0.001423994304022784,0.08678885227479033,0.03610398833621743,0.001743480205566357,3.888607210893163e-15,119.09851950805032,0.0,0.004162269471918553,0.5993703313653459,0.4032647494349622,0.5876130144643505,,,POINT (NaN NaN),GBR
52,52,0.002847988608045568,0.08678885227479033,0.002153791384834461,7.023216152601855e-07,1.6313945858963934e-16,7.583333333333333,0.2857142857142857,0.004162269471918553,0.5993703313653459,0.4032647494349622,0.5876130144643505,,,POINT (NaN NaN),GBR
53,53,0.002847988608045568,0.08678885227479033,0.001067995728017088,1.5213614359217776e-06,7.291618019600538e-17,3.0,0.4,0.004162269471918553,0.5993703313653459,0.4032647494349622,0.5876130144643505,,,POINT (NaN NaN),GBR
54,54,0.004271982912068352,0.08678885227479033,0.0020941092706217414,3.930934230677822e-06,1.9793224558644221e-16,7.583333333333333,0.3939393939393939,0.004162269471918553,0.5993703313653459,0.4032647494349622,0.5876130144643505,,,POINT (NaN NaN),GBR
55,55,0.000711997152011392,0.08678885227479033,0.0,0.0,2.4946305565830578e-23,0.0,0.0,0.004162269471918553,0.5993703313653459,0.4032647494349622,0.5876130144643505,,,POINT (NaN NaN),GBR
56,56,0.00177999288002848,0.08678885227479033,0.000355998576005696,0.0,1.3257489576210567e-17,1.0,1.0,0.004162269471918553,0.5993703313653459,0.4032647494349622,0.5876130144643505,,,POINT (NaN NaN),GBR
57,57,0.002847988608045568,0.08678885227479033,0.0011391954432182273,4.4373041881051847e-07,7.320435492864072e-16,3.5,0.6666666666666666,0.004162269471918553,0.5993703313653459,0.4032647494349622,0.5876130144643505,,,POINT (NaN NaN),GBR
58,58,0.00355998576005696,0.08678885227479033,0.001802242791028836,1.5215678991052209e-06,1.5061860847048215e-16,6.583333333333333,0.35555555555555557,0.004162269471918553,0.5993703313653459,0.4032647494349622,0.5876130144643505,,,POINT (NaN NaN),GBR
59,59,0.000711997152011392,0.08678885227479033,0.0009888849333491555,0.0,3.254210386771752e-16,3.3333333333333335,1.0,0.004162269471918553,0.5993703313653459,0.4032647494349622,0.5876130144643505,,,POINT (NaN NaN),GBR
60,60,0.001423994304022784,0.08678885227479033,0.0008137110308701623,0.0,5.965871556610036e-17,2.5,1.0,0.004162269471918553,0.5993703313653459,0.4032647494349622,0.5876130144643505,,,POINT (NaN NaN),GBR
61,61,0.00177999288002848,0.08678885227479033,0.000711997152011392,1.8509897470381626e-05,3.0143119941304413e-18,2.0,0.3333333333333333,0.004162269471918553,0.5993703313653459,0.4032647494349622,0.5876130144643505,,,POINT (NaN NaN),GBR
62,62,0.000711997152011392,0.08678885227479033,0.0,0.0,1.0218006759764205e-19,0.0,0.0,0.004162269471918553,0.5993703313653459,0.4032647494349622,0.5876130144643505,,,POINT (NaN NaN),GBR
63,63,0.001423994304022784,0.08678885227479033,0.000355998576005696,0.0,7.152604731834944e-19,1.0,1.0,0.004162269471918553,0.5993703313653459,0.4032647494349622,0.5876130144643505,,,POINT (NaN NaN),GBR
64,64,0.00355998576005696,0.08678885227479033,0.001518927257624303,1.0122043229312871e-06,1.2253385809402554e-16,5.583333333333333,0.4,0.004162269471918553,0.5993703313653459,0.4032647494349622,0.5876130144643505,,,POINT (NaN NaN),GBR
65,65,0.001423994304022784,0.08678885227479033,0.0,0.0,1.0218006759764205e-19,0.0,1.0,0.004162269471918553,0.5993703313653459,0.4032647494349622,0.5876130144643505,,,POINT (NaN NaN),GBR
66,66,0.002491990032039872,0.08678885227479033,0.000711997152011392,1.2678011966014813e-07,2.4442325333006335e-16,2.333333333333333,0.6666666666666666,0.004162269471918553,0.5993703313653459,0.4032647494349622,0.5876130144643505,,,POINT (NaN NaN),GBR
67,67,0.002847988608045568,0.08678885227479033,0.0011391954432182273,4.4373041881051847e-07,7.320435492864072e-16,3.5,0.5,0.004162269471918553,0.5993703313653459,0.4032647494349622,0.5876130144643505,,,POINT (NaN NaN),GBR
68,68,0.002135991456034176,0.08678885227479033,0.000985842210477312,3.820184988909257e-07,4.308084777277218e-17,3.5833333333333335,0.13333333333333333,0.004162269471918553,0.5993703313653459,0.4032647494349622,0.5876130144643505,,,POINT (NaN NaN),GBR
69,69,0.003203987184051264,0.08678885227479033,0.001245995016019936,6.821500896205424e-07,7.290899566000242e-17,4.583333333333333,0.3888888888888889,0.004162269471918553,0.5993703313653459,0.4032647494349622,0.5876130144643505,,,POINT (NaN NaN),GBR
70,70,0.002847988608045568,0.08678885227479033,0.0011391954432182273,8.874608376210369e-07,4.883355564295275e-16,3.5,0.5,0.004162269471918553,0.5993703313653459,0.4032647494349622,0.5876130144643505,,,POINT (NaN NaN),GBR
71,71,0.001067995728017088,0.08678885227479033,0.03374300324043073,0.0,7.54465450879962e-15,111.3792101587428,0.0,0.004162269471918553,0.5993703313653459,0.4032647494349622,0.5876130144643505,,,POINT (NaN NaN),GBR
72,72,0.003203987184051264,0.08678885227479033,0.035688568064946545,0.0018571174528217366,3.2499804762322265e-14,121.95020711782617,0.047619047619047616,0.004162269471918553,0.5993703313653459,0.4032647494349622,0.5876130144643505,,,POINT (NaN NaN),GBR
73,73,0.001067995728017088,0.08678885227479033,0.0,0.0,1.0218006759764205e-19,0.0,0.0,0.004162269471918553,0.5993703313653459,0.4032647494349622,0.5876130144643505,,,POINT (NaN NaN),GBR
74,74,0.003203987184051264,0.08678885227479033,0.04069469151140556,5.602313806761292e-05,1.8122733940557026e-13,144.9055721255363,0.6,0.004162269471918553,0.5993703313653459,0.4032647494349622,0.5876130144643505,,,POINT (NaN NaN),GBR
75,75,0.004271982912068352,0.08678885227479033,0.0017443930224279103,4.416378018896136e-06,1.2914033830441335e-16,5.833333333333333,0.48484848484848486,0.004162269471918553,0.5993703313653459,0.4032647494349622,0.5876130144643505,,,POINT (NaN NaN),GBR
76,76,0.002135991456034176,0.08678885227479033,0.0014833274000237333,0.0,1.3247271569450808e-16,4.5,0.6666666666666666,0.004162269471918553,0.5993703313653459,0.4032647494349622,0.5876130144643505,,,POINT (NaN NaN),GBR
77,77,0.000711997152011392,0.08678885227479033,0.0,0.0,1.0218006759764205e-19,0.0,0.0,0.004162269471918553,0.5993703313653459,0.4032647494349622,0.5876130144643505,,,POINT (NaN NaN),GBR
78,78,0.003203987184051264,0.08678885227479033,0.038557235650362016,0.0,2.2135815737321272e-13,142.8051330017233,0.47619047619047616,0.004162269471918553,0.5993703313653459,0.4032647494349622,0.5876130144643505,,,POINT (NaN NaN),GBR
79,79,0.003915984336062656,0.08678885227479033,0.04070898093529081,0.00011208292650737476,2.5268695770575464e-13,146.7389054588694,0.5357142857142857,0.004162269471918553,0.5993703313653459,0.4032647494349622,0.5876130144643505,,,POINT (NaN NaN),GBR
80,80,0.001423994304022784,0.08678885227479033,0.03374300324043073,0.00021603332390089243,7.544654508799622e-15,111.3792101587428,0.0,0.004162269471918553,0.5993703313653459,0.4032647494349622,0.5876130144643505,,,POINT (NaN NaN),GBR
81,81,0.002847988608045568,0.08678885227479033,0.0011124955500178,9.478323231734882e-07,7.777177900394979e-17,3.8333333333333335,0.5714285714285714,0.004162269471918553,0.5993703313653459,0.4032647494349622,0.5876130144643505,,,POINT (NaN NaN),GBR
82,82,0.002135991456034176,0.08678885227479033,0.000355998576005696,0.0,1.3257489576210567e-17,1.0,1.0,0.004162269471918553,0.5993703313653459,0.4032647494349622,0.5876130144643505,,,POINT (NaN NaN),GBR
83,83,0.00177999288002848,0.08678885227479033,0.03566884108750444,2.958202792070123e-07,6.273940232018134e-14,120.76925473687379,0.6666666666666666,0.004162269471918553,0.5993703313653459,0.4032647494349622,0.5876130144643505,,,POINT (NaN NaN),GBR
84,84,0.002847988608045568,0.08678885227479033,0.0008137110308701623,1.1063074727486735e-06,5.623136759071647e-17,2.8333333333333335,0.35714285714285715,0.004162269471918553,0.5993703313653459,0.4032647494349622,0.5876130144643505,,,POINT (NaN NaN),GBR
85,85,0.003203987184051264,0.08678885227479033,0.037879086991191385,0.00010788988183078606,1.3387073003310552e-13,133.47134220102237,0.6,0.004162269471918553,0.5993703313653459,0.4032647494349622,0.5876130144643505,,,POINT (NaN NaN),GBR
86,86,0.001423994304022784,0.08678885227479033,0.03374300324043073,0.00043206664780178486,7.544654508799622e-15,111.3792101587428,0.0,0.004162269471918553,0.5993703313653459,0.4032647494349622,0.5876130144643505,,,POINT (NaN NaN),GBR
87,87,0.002135991456034176,0.08678885227479033,0.000355998576005696,0.0,1.3257489576210567e-17,1.0,1.0,0.004162269471918553,0.5993703313653459,0.4032647494349622,0.5876130144643505,,,POINT (NaN NaN),GBR
88,88,0.002847988608045568,0.08678885227479033,0.0008137110308701623,7.621900050997e-07,5.623136759071647e-17,2.8333333333333335,0.42857142857142855,0.004162269471918553,0.5993703313653459,0.4032647494349622,0.5876130144643505,,,POINT (NaN NaN),GBR
89,89,0.001067995728017088,0.08678885227479033,0.0320015077897572,0.0,1.7626713008631583e-15,103.36271914292972,0.0,0.004162269471918553,0.5993703313653459,0.4032647494349622,0.5876130144643505,,,POINT (NaN NaN),GBR
90,90,0.0,0.08678885227479033,0.0,0.0,2.4946305565830578e-23,0.0,0.0,0.004162269471918553,0.5993703313653459,0.4032647494349622,0.5876130144643505,,,POINT (NaN NaN),GBR
91,91,0.004627981488074048,0.08678885227479033,0.037894379876638906,0.0031297842337082217,1.4351544973607027e-13,134.68562791530766,0.3611111111111111,0.004162269471918553,0.5993703313653459,0.4032647494349622,0.5876130144643505,,,POINT (NaN NaN),GBR
92,92,0.003915984336062656,0.08678885227479033,0.0381380727347281,6.64257393619365e-06,9.267316884882213e-14,131.9119151085075,0.6190476190476191,0.004162269471918553,0.5993703313653459,0.4032647494349622,0.5876130144643505,,,POINT (NaN NaN),GBR
93,93,0.000711997152011392,0.08678885227479033,0.0,0.0,1.0218006759764205e-19,0.0,0.0,0.004162269471918553,0.5993703313653459,0.4032647494349622,0.5876130144643505,,,POINT (NaN NaN),GBR
94,94,0.000711997152011392,0.08678885227479033,0.0,0.0,1.0218006759764205e-19,0.0,0.0,0.004162269471918553,0.5993703313653459,0.4032647494349622,0.5876130144643505,,,POINT (NaN NaN),GBR
95,95,0.00355998576005696,0.08678885227479033,0.000533997864008544,1.0368802643633544e-06,5.623136759071647e-17,1.8333333333333333,0.5,0.004162269471918553,0.5993703313653459,0.4032647494349622,0.5876130144643505,,,POINT (NaN NaN),GBR
96,96,0.00177999288002848,0.08678885227479033,0.000711997152011392,1.901701794902222e-07,1.3283408787693463e-18,2.0,0.3333333333333333,0.004162269471918553,0.5993703313653459,0.4032647494349622,0.5876130144643505,,,POINT (NaN NaN),GBR
97,97,0.0,0.08678885227479033,0.0,0.0,2.4946305565830578e-23,0.0,0.0,0.004162269471918553,0.5993703313653459,0.4032647494349622,0.5876130144643505,,,POINT (NaN NaN),GBR
98,98,0.00355998576005696,0.08678885227479033,0.00047466476800759466,5.831885504366814e-06,9.082014370060199e-17,1.5,0.42857142857142855,0.004162269471918553,0.5993703313653459,0.4032647494349622,0.5876130144643505,,,POINT (NaN NaN),GBR
99,99,0.000711997152011392,0.08678885227479033,0.000355998576005696,0.0,1.0218006759764205e-19,1.0,1.0,0.004162269471918553,0.5993703313653459,0.4032647494349622,0.5876130144643505,,,POINT (NaN NaN),GBR
100,100,0.001423994304022784,0.08678885227479033,0.0320015077897572,0.00021616010402055258,1.7626713008631583e-15,103.36271914292972,0.0,0.004162269471918553,0.5993703313653459,0.4032647494349622,0.5876130144643505,,,POINT (NaN NaN),GBR
101,101,0.004271982912068352,0.08678885227479033,0.04058226755266743,0.00033827847220351204,2.0113981665968378e-13,145.20557212553626,0.5714285714285714,0.004162269471918553,0.5993703313653459,0.4032647494349622,0.5876130144643505,,,POINT (NaN NaN),GBR
102,102,0.002135991456034176,0.08678885227479033,0.03816326947942346,0.0,9.364297458871163e-14,133.50001034660227,0.9,0.004162269471918553,0.5993703313653459,0.4032647494349622,0.5876130144643505,,,POINT (NaN NaN),GBR
103,103,0.00177999288002848,0.08678885227479033,0.0,0.0,1.0218006759764205e-19,0.0,0.3333333333333333,0.004162269471918553,0.5993703313653459,0.4032647494349622,0.5876130144643505,,,POINT (NaN NaN),GBR
104,104,0.003915984336062656,0.08678885227479033,0.04064246422122576,0.00015267045639410262,2.1120968863978376e-13,146.64604831601227,0.36363636363636365,0.004162269471918553,0.5993703313653459,0.4032647494349622,0.5876130144643505,,,POINT (NaN NaN),GBR
105,105,0.00177999288002848,0.08678885227479033,0.0012714234857346286,0.0,5.824288799371164e-18,4.0,0.3333333333333333,0.004162269471918553,0.5993703313653459,0.4032647494349622,0.5876130144643505,,,POINT (NaN NaN),GBR
106,106,0.001067995728017088,0.08678885227479033,0.000711997152011392,6.339005983007407e-08,2.0433518888971829e-19,2.0,0.3333333333333333,0.004162269471918553,0.5993703313653459,0.4032647494349622,0.5876130144643505,,,POINT (NaN NaN),GBR
107,107,0.003203987184051264,0.08678885227479033,0.03569103547147758,0.0007801625963486649,5.115523348799419e-14,122.4835404511595,0.3,0.004162269471918553,0.5993703313653459,0.4032647494349622,0.5876130144643505,,,POINT (NaN NaN),GBR
108,108,0.002135991456034176,0.08678885227479033,0.000711997152011392,1.3734512963182714e-07,1.469493312237208e-16,2.0,0.6666666666666666,0.004162269471918553,0.5993703313653459,0.4032647494349622,0.5876130144643505,,,POINT (NaN NaN),GBR
109,109,0.002135991456034176,0.08678885227479033,0.03372212411793786,2.0918719743924442e-05,1.9435889287169482e-14,112.61968634921904,0.3333333333333333,0.004162269471918553,0.5993703313653459,0.4032647494349622,0.5876130144643505,,,POINT (NaN NaN),GBR
110,110,0.004271982912068352,0.08678885227479033,0.0382643902758949,2.7538668938701367e-05,1.5845521343504976e-13,137.1171099137006,0.4722222222222222,0.004162269471918553,0.5993703313653459,0.4032647494349622,0.5876130144643505,,,POINT (NaN NaN),GBR
111,111,0.00177999288002848,0.08678885227479033,0.03372102273560989,0.00022795065514894634,1.2073907244110157e-14,112.45301968255235,0.3333333333333333,0.004162269471918553,0.5993703313653459,0.4032647494349622,0.5876130144643505,,,POINT (NaN NaN),GBR
112,112,0.001067995728017088,0.08678885227479033,0.03043357531372342,0.0,4.1342262404342183e-16,96.80684620862864,0.0,0.004162269471918553,0.5993703313653459,0.4032647494349622,0.5876130144643505,,,POINT (NaN NaN),GBR
113,113,0.002491990032039872,0.08678885227479033,0.037336545130297785,2.6087424479497575e-05,8.292430822380333e-14,123.72220271716863,0.3333333333333333,0.004162269471918553,0.5993703313653459,0.4032647494349622,0.5876130144643505,,,POINT (NaN NaN),GBR
114,114,0.000711997152011392,0.08678885227479033,0.0,0.0,1.0218006759764205e-19,0.0,0.0,0.004162269471918553,0.5993703313653459,0.4032647494349622,0.5876130144643505,,,POINT (NaN NaN),GBR
115,115,0.00355998576005696,0.08678885227479033,0.000711997152011392,5.092334806349283e-06,1.469493312237208e-16,2.0,0.4,0.004162269471918553,0.5993703313653459,0.4032647494349622,0.5876130144643505,,,POINT (NaN NaN),GBR
116,116,0.004627981488074048,0.08678885227479033,0.04011930344351675,0.0013976616758221943,2.1590184379388838e-13,143.72474364029623,0.5555555555555556,0.004162269471918553,0.5993703313653459,0.4032647494349622,0.5876130144643505,,,POINT (NaN NaN),GBR
117,117,0.001423994304022784,0.08678885227479033,0.031949197738547576,2.117227998324474e-05,2.816144030902708e-15,103.64486200007259,0.0,0.004162269471918553,0.5993703313653459,0.4032647494349622,0.5876130144643505,,,POINT (NaN NaN),GBR
118,118,0.004627981488074048,0.08678885227479033,0.03771856479446548,9.543394836344529e-05,3.2466973513310625e-13,134.01876463153283,0.5,0.004162269471918553,0.5993703313653459,0.4032647494349622,0.5876130144643505,,,POINT (NaN NaN),GBR
119,119,0.000711997152011392,0.08678885227479033,0.0006407974368102528,0.0,5.612921246942439e-17,2.0,1.0,0.004162269471918553,0.5993703313653459,0.4032647494349622,0.5876130144643505,,,POINT (NaN NaN),GBR
120,120,0.002491990032039872,0.08678885227479033,0.03372542869663891,0.0004718756053750714,1.7564319803780882e-14,113.33635301588572,0.3333333333333333,0.004162269471918553,0.5993703313653459,0.4032647494349622,0.5876130144643505,,,POINT (NaN NaN),GBR
121,121,0.003915984336062656,0.08678885227479033,0.04003684946947819,0.0013834918248425627,1.1357989493151505e-13,140.40291824347088,0.509090909090909,0.004162269471918553,0.5993703313653459,0.4032647494349622,0.5876130144643505,,,POINT (NaN NaN),GBR
122,122,0.002491990032039872,0.08678885227479033,0.039892169459194354,0.00010863788453678094,2.418217466386989e-13,136.0130348506764,0.6666666666666666,0.004162269471918553,0.5993703313653459,0.4032647494349622,0.5876130144643505,,,POINT (NaN NaN),GBR
123,123,0.004627981488074048,0.08678885227479033,0.037883256553860115,0.00013106942397556152,3.1287401312303073e-13,135.88800886768817,0.6388888888888888,0.004162269471918553,0.5993703313653459,0.4032647494349622,0.5876130144643505,,,POINT (NaN NaN),GBR
124,124,0.003203987184051264,0.08678885227479033,0.03990742977819519,0.00021222146830311063,3.192299726791358e-13,136.89636818400982,0.3,0.004162269471918553,0.5993703313653459,0.4032647494349622,0.5876130144643505,,,POINT (NaN NaN),GBR
125,125,0.004271982912068352,0.08678885227479033,0.040346727606063816,0.0001709460081021995,1.5011650594607784e-13,141.27223879220313,0.4888888888888889,0.004162269471918553,0.5993703313653459,0.4032647494349622,0.5876130144643505,,,POINT (NaN NaN),GBR
126,126,0.003203987184051264,0.08678885227479033,0.03569350321921121,9.360598834907604e-06,2.300364832674465e-13,123.10258807020715,1.0,0.004162269471918553,0.5993703313653459,0.4032647494349622,0.5876130144643505,,,POINT (NaN NaN),GBR
127,127,0.003915984336062656,0.08678885227479033,0.043018151453133924,0.004540962874804655,3.307876657477629e-13,153.46424752688722,0.2727272727272727,0.004162269471918553,0.5993703313653459,0.4032647494349622,0.5876130144643505,,,POINT (NaN NaN),GBR
128,128,0.003203987184051264,0.08678885227479033,0.0011391954432182273,2.6306874829480736e-06,2.1622903856478388e-16,3.5,0.42857142857142855,0.004162269471918553,0.5993703313653459,0.4032647494349622,0.5876130144643505,,,POINT (NaN NaN),GBR
129,129,0.004983980064079744,0.08678885227479033,0.037710298919569875,7.13648492906098e-05,3.9024637924835763e-13,134.30447891724705,0.7142857142857143,0.004162269471918553,0.5993703313653459,0.4032647494349622,0.5876130144643505,,,POINT (NaN NaN),GBR
130,130,0.000355998576005696,0.08678885227479033,0.000355998576005696,0.0,1.0218006759764205e-19,1.0,0.0,0.004162269471918553,0.5993703313653459,0.4032647494349622,0.5876130144643505,,,POINT (NaN NaN),GBR
131,131,0.00177999288002848,0.08678885227479033,0.038925227633134656,8.906726006524274e-05,6.924480970224941e-13,130.5308919935332,0.3333333333333333,0.004162269471918553,0.5993703313653459,0.4032647494349622,0.5876130144643505,,,POINT (NaN NaN),GBR
132,132,0.001423994304022784,0.08678885227479033,0.0011124955500178,7.395506980175307e-08,1.3866129539405703e-16,3.5,0.8333333333333334,0.004162269471918553,0.5993703313653459,0.4032647494349622,0.5876130144643505,,,POINT (NaN NaN),GBR
133,133,0.003915984336062656,0.08678885227479033,0.04035609264067009,2.204226384402182e-05,2.0925961892032238e-13,142.23493720490157,0.4642857142857143,0.004162269471918553,0.5993703313653459,0.4032647494349622,0.5876130144643505,,,POINT (NaN NaN),GBR
134,134,0.001423994304022784,0.08678885227479033,0.0,0.0,1.0218006759764205e-19,0.0,1.0,0.004162269471918553,0.5993703313653459,0.4032647494349622,0.5876130144643505,,,POINT (NaN NaN),GBR
135,135,0.003203987184051264,0.08678885227479033,0.03770479034871649,2.6623825128631103e-06,2.7467169861906377e-13,132.6378122505809,0.8666666666666667,0.004162269471918553,0.5993703313653459,0.4032647494349622,0.5876130144643505,,,POINT (NaN NaN),GBR
136,136,0.002491990032039872,0.08678885227479033,0.031953152826160666,0.0002742253988249004,4.777370062515092e-15,104.59486200007261,0.16666666666666666,0.004162269471918553,0.5993703313653459,0.4032647494349622,0.5876130144643505,,,POINT (NaN NaN),GBR
137,137,0.004271982912068352,0.08678885227479033,0.04297304062760774,0.001376359116264635,3.7212553216403084e-13,153.21424752688728,0.4,0.004162269471918553,0.5993703313653459,0.4032647494349622,0.5876130144643505,,,POINT (NaN NaN),GBR
138,138,0.002491990032039872,0.08678885227479033,0.04281359326911073,0.000306119050927405,1.2694687355846618e-12,150.81181760015892,0.6666666666666666,0.004162269471918553,0.5993703313653459,0.4032647494349622,0.5876130144643505,,,POINT (NaN NaN),GBR
139,139,0.004627981488074048,0.08678885227479033,0.04024127037919101,0.0017213395468392045,1.50028493209713e-13,143.83206368952804,0.38461538461538464,0.004162269471918553,0.5993703313653459,0.4032647494349622,0.5876130144643505,,,POINT (NaN NaN),GBR
140,140,0.003915984336062656,0.08678885227479033,0.04041928727368085,0.00036629967557567716,1.8413452253389753e-13,144.5706875656518,0.38181818181818183,0.004162269471918553,0.5993703313653459,0.4032647494349622,0.5876130144643505,,,POINT (NaN NaN),GBR
141,141,0.004627981488074048,0.08678885227479033,0.04002908828437574,0.002059121905345329,1.1174363978753372e-13,139.71244205299462,0.5111111111111111,0.004162269471918553,0.5993703313653459,0.4032647494349622,0.5876130144643505,,,POINT (NaN NaN),GBR
142,142,0.00355998576005696,0.08678885227479033,0.039832899200690365,0.0006227545127806193,1.2745851900268755e-14,134.1925428426842,0.39285714285714285,0.004162269471918553,0.5993703313653459,0.4032647494349622,0.5876130144643505,,,POINT (NaN NaN),GBR
143,143,0.002135991456034176,0.08678885227479033,0.03732722800808451,1.162151096884691e-07,2.2126700733956736e-15,122.151763842318,0.8333333333333334,0.004162269471918553,0.5993703313653459,0.4032647494349622,0.5876130144643505,,,POINT (NaN NaN),GBR
144,144,0.002491990032039872,0.08678885227479033,0.0428174981937066,0.0065008976342228455,1.2694687355846618e-12,151.47848426682555,0.2857142857142857,0.004162269471918553,0.5993703313653459,0.4032647494349622,0.5876130144643505,,,POINT (NaN NaN),GBR
145,145,0.002135991456034176,0.08678885227479033,0.03887492590458441,0.0,7.688169309258197e-13,129.73089199353336,1.0,0.004162269471918553,0.5993703313653459,0.4032647494349622,0.5876130144643505,,,POINT (NaN NaN),GBR
146,146,0.00355998576005696,0.08678885227479033,0.04171865043220916,0.00023099480661366165,2.521347911217444e-12,145.48562712396875,0.5333333333333333,0.004162269471918553,0.5993703313653459,0.4032647494349622,0.5876130144643505,,,POINT (NaN NaN),GBR
147,147,0.002847988608045568,0.08678885227479033,0.04038450575447484,5.218238818341174e-05,1.8915225808367935e-13,142.86632248628686,0.5,0.004162269471918553,0.5993703313653459,0.4032647494349622,0.5876130144643505,,,POINT (NaN NaN),GBR
148,148,0.00355998576005696,0.08678885227479033,0.03803537572734955,0.00011861508252617577,1.4817088360408013e-13,134.54806229465385,0.47619047619047616,0.004162269471918553,0.5993703313653459,0.4032647494349622,0.5876130144643505,,,POINT (NaN NaN),GBR
149,149,0.002847988608045568,0.08678885227479033,0.03737293015012671,2.3348672037410615e-06,2.8366739922089976e-15,123.65176384231799,0.5333333333333333,0.004162269471918553,0.5993703313653459,0.4032647494349622,0.5876130144643505,,,POINT (NaN NaN),GBR
150,150,0.004983980064079744,0.08678885227479033,0.03770479034871649,0.0013494652020125694,1.7382828326081644e-13,132.97114558391414,0.35555555555555557,0.004162269471918553,0.5993703313653459,0.4032647494349622,0.5876130144643505,,,POINT (NaN NaN),GBR
151,151,0.001067995728017088,0.08678885227479033,0.0,0.0,1.0218006759764205e-19,0.0,0.0,0.004162269471918553,0.5993703313653459,0.4032647494349622,0.5876130144643505,,,POINT (NaN NaN),GBR
152,152,0.001423994304022784,0.08678885227479033,0.030361414871461025,0.0,1.1438322901004893e-15,97.20168747846994,1.0,0.004162269471918553,0.5993703313653459,0.4032647494349622,0.5876130144643505,,,POINT (NaN NaN),GBR
153,153,0.004983980064079744,0.08678885227479033,0.040244407488555976,0.0003250432477797894,1.7605268847549116e-13,144.49873035619464,0.5111111111111111,0.004162269471918553,0.5993703313653459,0.4032647494349622,0.5876130144643505,,,POINT (NaN NaN),GBR
154,154,0.00177999288002848,0.08678885227479033,0.03741131433055642,0.0,3.3961815330419782e-15,123.31843050898468,1.0,0.004162269471918553,0.5993703313653459,0.4032647494349622,0.5876130144643505,,,POINT (NaN NaN),GBR
155,155,0.002135991456034176,0.08678885227479033,0.040355815989379866,0.00023254760112248205,6.391286098496577e-13,140.19041580305748,0.4,0.004162269471918553,0.5993703313653459,0.4032647494349622,0.5876130144643505,,,POINT (NaN NaN),GBR
156,156,0.002491990032039872,0.08678885227479033,0.03774673499852524,3.6168287101932213e-06,1.468557306895334e-13,126.44799636796218,0.5,0.004162269471918553,0.5993703313653459,0.4032647494349622,0.5876130144643505,,,POINT (NaN NaN),GBR
157,157,0.002491990032039872,0.08678885227479033,0.03549959682708374,0.0,4.97529027400373e-14,119.06123152943107,1.0,0.004162269471918553,0.5993703313653459,0.4032647494349622,0.5876130144643505,,,POINT (NaN NaN),GBR
158,158,0.00355998576005696,0.08678885227479033,0.04172056264059859,0.00010138304311794283,2.8084642404854713e-12,145.9856271239687,0.6666666666666666,0.004162269471918553,0.5993703313653459,0.4032647494349622,0.5876130144643505,,,POINT (NaN NaN),GBR
159,159,0.003203987184051264,0.08678885227479033,0.04772099473849189,5.705105384706666e-06,3.46673986826408e-13,166.2782314587554,0.5333333333333333,0.004162269471918553,0.5993703313653459,0.4032647494349622,0.5876130144643505,,,POINT (NaN NaN),GBR
160,160,0.002847988608045568,0.08678885227479033,0.035542368898031036,0.000777922814234669,6.215941316398225e-14,122.68266010085968,0.26666666666666666,0.004162269471918553,0.5993703313653459,0.4032647494349622,0.5876130144643505,,,POINT (NaN NaN),GBR
161,161,0.002491990032039872,0.08678885227479033,0.03549959682708374,0.0,4.97529027400373e-14,119.06123152943107,1.0,0.004162269471918553,0.5993703313653459,0.4032647494349622,0.5876130144643505,,,POINT (NaN NaN),GBR
162,162,0.002491990032039872,0.08678885227479033,0.04002598465279719,5.620585304933233e-06,8.230307973116204e-14,139.04577538632785,1.0,0.004162269471918553,0.5993703313653459,0.4032647494349622,0.5876130144643505,,,POINT (NaN NaN),GBR
163,163,0.00355998576005696,0.08678885227479033,0.037748904029794285,0.00023494821342018838,6.297769873591814e-14,129.33331911300016,0.5,0.004162269471918553,0.5993703313653459,0.4032647494349622,0.5876130144643505,,,POINT (NaN NaN),GBR
164,164,0.000711997152011392,0.08678885227479033,0.0,0.0,1.0218006759764205e-19,0.0,0.0,0.004162269471918553,0.5993703313653459,0.4032647494349622,0.5876130144643505,,,POINT (NaN NaN),GBR
165,165,0.002847988608045568,0.08678885227479033,0.051541520695291144,0.00019834749720830174,3.4770391505863036e-12,182.63127336786565,0.8,0.004162269471918553,0.5993703313653459,0.4032647494349622,0.5876130144643505,,,POINT (NaN NaN),GBR
166,166,0.000711997152011392,0.08678885227479033,0.04157814590979123,0.0,9.312730579684472e-13,141.8975318858739,1.0,0.004162269471918553,0.5993703313653459,0.4032647494349622,0.5876130144643505,,,POINT (NaN NaN),GBR
167,167,0.002491990032039872,0.08678885227479033,0.040130218987830514,2.925257238427907e-05,8.468011028501958e-14,139.72910553656988,0.8,0.004162269471918553,0.5993703313653459,0.4032647494349622,0.5876130144643505,,,POINT (NaN NaN),GBR
168,168,0.003915984336062656,0.08678885227479033,0.04215321759276446,0.00020875739370176843,1.84629086803643e-12,147.28562712396862,0.4642857142857143,0.004162269471918553,0.5993703313653459,0.4032647494349622,0.5876130144643505,,,POINT (NaN NaN),GBR
169,169,0.003203987184051264,0.08678885227479033,0.056908565933216304,0.0,1.1098563202712167e-11,211.80713031640303,0.47619047619047616,0.004162269471918553,0.5993703313653459,0.4032647494349622,0.5876130144643505,,,POINT (NaN NaN),GBR
170,170,0.00533997864008544,0.08678885227479033,0.04031328237505004,0.0008554040581553958,6.089894128895275e-13,140.3570824697241,0.3333333333333333,0.004162269471918553,0.5993703313653459,0.4032647494349622,0.5876130144643505,,,POINT (NaN NaN),GBR
171,171,0.00177999288002848,0.08678885227479033,0.03553747544552727,4.4373041881051847e-07,1.407121234412693e-14,116.95143366905275,0.0,0.004162269471918553,0.5993703313653459,0.4032647494349622,0.5876130144643505,,,POINT (NaN NaN),GBR
172,172,0.00355998576005696,0.08678885227479033,0.04031328237505004,0.00012808299201499054,6.089894128895275e-13,140.3570824697241,0.8,0.004162269471918553,0.5993703313653459,0.4032647494349622,0.5876130144643505,,,POINT (NaN NaN),GBR
173,173,0.003203987184051264,0.08678885227479033,0.0377500193514416,6.5785539823193765e-06,3.276970226487212e-13,128.38490112986682,0.6,0.004162269471918553,0.5993703313653459,0.4032647494349622,0.5876130144643505,,,POINT (NaN NaN),GBR
174,174,0.002491990032039872,0.08678885227479033,0.03358937712664791,0.0005713979993082877,1.6290861146504643e-14,112.56161539540507,0.3333333333333333,0.004162269471918553,0.5993703313653459,0.4032647494349622,0.5876130144643505,,,POINT (NaN NaN),GBR
175,175,0.006051975792096832,0.08678885227479033,0.040405051231515034,0.0009045700703222962,4.0404843988967525e-13,147.10773662770052,0.25274725274725274,0.004162269471918553,0.5993703313653459,0.4032647494349622,0.5876130144643505,,,POINT (NaN NaN),GBR
176,176,0.004983980064079744,0.08678885227479033,0.05814489510604798,1.8888552115275207e-05,1.4952898132721045e-11,221.49998745926004,0.3484848484848485,0.004162269471918553,0.5993703313653459,0.4032647494349622,0.5876130144643505,,,POINT (NaN NaN),GBR
177,177,0.002491990032039872,0.08678885227479033,0.031828054937541345,0.00015784124897688442,5.028182987713871e-15,103.44809056974854,0.3333333333333333,0.004162269471918553,0.5993703313653459,0.4032647494349622,0.5876130144643505,,,POINT (NaN NaN),GBR
178,178,0.002847988608045568,0.08678885227479033,0.037748518296952305,0.0,2.8235879820404683e-13,127.88490112986693,1.0,0.004162269471918553,0.5993703313653459,0.4032647494349622,0.5876130144643505,,,POINT (NaN NaN),GBR
179,179,0.002135991456034176,0.08678885227479033,0.031828054937541345,0.0,5.028182987713871e-15,103.44809056974854,1.0,0.004162269471918553,0.5993703313653459,0.4032647494349622,0.5876130144643505,,,POINT (NaN NaN),GBR
180,180,0.002491990032039872,0.08678885227479033,0.04212046750368824,0.0,1.4277120689204886e-12,145.77848426682584,1.0,0.004162269471918553,0.5993703313653459,0.4032647494349622,0.5876130144643505,,,POINT (NaN NaN),GBR
181,181,0.001067995728017088,0.08678885227479033,0.058156752047939374,0.0,8.178808620460392e-12,209.68748884676137,0.6666666666666666,0.004162269471918553,0.5993703313653459,0.4032647494349622,0.5876130144643505,,,POINT (NaN NaN),GBR
182,182,0.004983980064079744,0.08678885227479033,0.04035784069421645,0.0005284379479625961,6.112973519559197e-13,142.24517770781912,0.4166666666666667,0.004162269471918553,0.5993703313653459,0.4032647494349622,0.5876130144643505,,,POINT (NaN NaN),GBR
183,183,0.004271982912068352,0.08678885227479033,0.04157559345187863,0.00014287931347796646,2.291994408826792e-12,143.73562712396895,0.6190476190476191,0.004162269471918553,0.5993703313653459,0.4032647494349622,0.5876130144643505,,,POINT (NaN NaN),GBR
184,184,0.004627981488074048,0.08678885227479033,0.04329931524059537,0.001613716476962137,2.5769288737651334e-12,158.56896045730107,0.4,0.004162269471918553,0.5993703313653459,0.4032647494349622,0.5876130144643505,,,POINT (NaN NaN),GBR
185,185,0.00711997152011392,0.08678885227479033,0.05992680217441332,2.2216807194028976e-05,3.5583710493226755e-11,237.2333207925929,0.20915032679738563,0.004162269471918553,0.5993703313653459,0.4032647494349622,0.5876130144643505,,,POINT (NaN NaN),GBR
186,186,0.00711997152011392,0.08678885227479033,0.04276478789375403,0.0077735497505795875,1.6998976660998963e-13,156.19330041843978,0.26666666666666666,0.004162269471918553,0.5993703313653459,0.4032647494349622,0.5876130144643505,,,POINT (NaN NaN),GBR
187,187,0.003203987184051264,0.08678885227479033,0.05655740930797005,1.5446044578594712e-06,1.3603990817579349e-11,212.55474936402206,0.3611111111111111,0.004162269471918553,0.5993703313653459,0.4032647494349622,0.5876130144643505,,,POINT (NaN NaN),GBR
188,188,0.002491990032039872,0.08678885227479033,0.03788884860366396,9.89183288243458e-06,2.2714631953157483e-13,129.6003773203427,0.6,0.004162269471918553,0.5993703313653459,0.4032647494349622,0.5876130144643505,,,POINT (NaN NaN),GBR
189,189,0.00177999288002848,0.08678885227479033,0.04044644027977502,0.0003541660175299537,4.58305716314697e-13,142.5785110411524,0.6,0.004162269471918553,0.5993703313653459,0.4032647494349622,0.5876130144643505,,,POINT (NaN NaN),GBR
190,190,0.006407974368102528,0.08678885227479033,0.06305083592017176,0.0001935485586592405,4.319493549066543e-11,244.00757444011163,0.19607843137254902,0.004162269471918553,0.5993703313653459,0.4032647494349622,0.5876130144643505,,,POINT (NaN NaN),GBR
191,191,0.007831968672125312,0.08678885227479033,0.06379528196003818,0.0,9.20343049087472e-11,251.34090777344457,0.12105263157894737,0.004162269471918553,0.5993703313653459,0.4032647494349622,0.5876130144643505,,,POINT (NaN NaN),GBR
192,192,0.003203987184051264,0.08678885227479033,0.04157559345187863,6.492472615556838e-07,2.291994408826792e-12,143.73562712396895,0.6666666666666666,0.004162269471918553,0.5993703313653459,0.4032647494349622,0.5876130144643505,,,POINT (NaN NaN),GBR
193,193,0.00355998576005696,0.08678885227479033,0.04205233586164731,6.93768988140255e-07,1.4358753005287888e-12,145.28562712396877,0.8,0.004162269471918553,0.5993703313653459,0.4032647494349622,0.5876130144643505,,,POINT (NaN NaN),GBR
194,194,0.000355998576005696,0.08678885227479033,0.0411821096853137,0.0,2.5234709926714057e-13,136.9264751648181,0.0,0.004162269471918553,0.5993703313653459,0.4032647494349622,0.5876130144643505,,,POINT (NaN NaN),GBR
195,195,0.006051975792096832,0.08678885227479033,0.04334082754976504,0.001680559740290162,2.5435826085494967e-12,161.8522937906341,0.27472527472527475,0.004162269471918553,0.5993703313653459,0.4032647494349622,0.5876130144643505,,,POINT (NaN NaN),GBR
196,196,0.002847988608045568,0.08678885227479033,0.040400413737317294,0.000267292692417601,4.1538791315466066e-13,141.68565389829539,0.4,0.004162269471918553,0.5993703313653459,0.4032647494349622,0.5876130144643505,,,POINT (NaN NaN),GBR
197,197,0.003203987184051264,0.08678885227479033,0.03814148796653373,6.484154625756281e-05,1.1136594770705963e-13,131.49085351081845,0.4666666666666667,0.004162269471918553,0.5993703313653459,0.4032647494349622,0.5876130144643505,,,POINT (NaN NaN),GBR
198,198,0.002135991456034176,0.08678885227479033,0.03793620716879836,1.5495500800829513e-06,3.0691500506841725e-14,127.46103194349774,0.8333333333333334,0.004162269471918553,0.5993703313653459,0.4032647494349622,0.5876130144643505,,,POINT (NaN NaN),GBR
199,199,0.006763972944108224,0.08678885227479033,0.04534840263440702,0.010479796692711676,7.052811958624286e-12,166.02997693550088,0.3523809523809524,0.004162269471918553,0.5993703313653459,0.4032647494349622,0.5876130144643505,,,POINT (NaN NaN),GBR
200,200,0.002847988608045568,0.08678885227479033,0.0425253829253231,1.2375516983725991e-06,4.199871054769871e-13,148.02852034186185,0.9,0.004162269471918553,0.5993703313653459,0.4032647494349622,0.5876130144643505,,,POINT (NaN NaN),GBR
201,201,0.002847988608045568,0.08678885227479033,0.06048378520404633,0.0,3.777703073428126e-11,219.30543828806418,0.0,0.004162269471918553,0.5993703313653459,0.4032647494349622,0.5876130144643505,,,POINT (NaN NaN),GBR
202,202,0.002135991456034176,0.08678885227479033,0.03785401977390002,1.1255317157513397e-05,1.2390604035858542e-14,125.0558732133391,0.3333333333333333,0.004162269471918553,0.5993703313653459,0.4032647494349622,0.5876130144643505,,,POINT (NaN NaN),GBR
203,203,0.000355998576005696,0.08678885227479033,0.000355998576005696,0.0,3.2430197235579753e-22,1.0,0.0,0.004162269471918553,0.5993703313653459,0.4032647494349622,0.5876130144643505,,,POINT (NaN NaN),GBR
204,204,0.002491990032039872,0.08678885227479033,0.0423442106086543,0.0,2.8030026032647533e-13,144.952052365394,1.0,0.004162269471918553,0.5993703313653459,0.4032647494349622,0.5876130144643505,,,POINT (NaN NaN),GBR
205,205,0.00177999288002848,0.08678885227479033,0.04025468102039961,0.0,2.4827309842254964e-14,134.83175640689782,1.0,0.004162269471918553,0.5993703313653459,0.4032647494349622,0.5876130144643505,,,POINT (NaN NaN),GBR
206,206,0.00177999288002848,0.08678885227479033,0.059263553825133035,0.0,5.103161674487718e-11,213.38872444635058,0.0,0.004162269471918553,0.5993703313653459,0.4032647494349622,0.5876130144643505,,,POINT (NaN NaN),GBR
207,207,0.003915984336062656,0.08678885227479033,0.04042413008245541,0.000533862251288313,7.554012539072982e-14,139.11220234984404,0.2857142857142857,0.004162269471918553,0.5993703313653459,0.4032647494349622,0.5876130144643505,,,POINT (NaN NaN),GBR
208,208,0.003203987184051264,0.08678885227479033,0.04212321420067835,2.7421275739401348e-05,8.090103186433174e-13,145.00471081805247,0.6666666666666666,0.004162269471918553,0.5993703313653459,0.4032647494349622,0.5876130144643505,,,POINT (NaN NaN),GBR
209,209,0.006051975792096832,0.08678885227479033,0.04484251156062333,0.0009071964428048058,6.89816884295408e-12,163.66331026883427,0.48484848484848486,0.004162269471918553,0.5993703313653459,0.4032647494349622,0.5876130144643505,,,POINT (NaN NaN),GBR
210,210,0.005695977216091136,0.08678885227479033,0.04771498250450641,0.0004964199441754264,8.393246852482613e-12,172.97321753480944,0.5256410256410257,0.004162269471918553,0.5993703313653459,0.4032647494349622,0.5876130144643505,,,POINT (NaN NaN),GBR
211,211,0.00533997864008544,0.08678885227479033,0.04479820515655196,0.0005086080831412233,5.31114843259646e-12,161.41331026883427,0.43636363636363634,0.004162269471918553,0.5993703313653459,0.4032647494349622,0.5876130144643505,,,POINT (NaN NaN),GBR
212,212,0.001067995728017088,0.08678885227479033,0.05902281016735355,0.0,3.577336863848875e-11,209.72205777968392,0.0,0.004162269471918553,0.5993703313653459,0.4032647494349622,0.5876130144643505,,,POINT (NaN NaN),GBR
213,213,0.002847988608045568,0.08678885227479033,0.04238351695339712,0.00011796298416121816,1.2614951702386523e-13,144.15641744475917,0.6,0.004162269471918553,0.5993703313653459,0.4032647494349622,0.5876130144643505,,,POINT (NaN NaN),GBR
214,214,0.002491990032039872,0.08678885227479033,0.045336735229653355,0.00028505251406716974,1.1405085232271166e-12,160.63156423708824,0.6190476190476191,0.004162269471918553,0.5993703313653459,0.4032647494349622,0.5876130144643505,,,POINT (NaN NaN),GBR
215,215,0.001423994304022784,0.08678885227479033,0.000711997152011392,0.0,3.064903101817946e-19,2.0,0.0,0.004162269471918553,0.5993703313653459,0.4032647494349622,0.5876130144643505,,,POINT (NaN NaN),GBR
216,216,0.005695977216091136,0.08678885227479033,0.04523905947285373,0.0008559767179613908,3.4355682802976034e-12,162.3125166180406,0.32727272727272727,0.004162269471918553,0.5993703313653459,0.4032647494349622,0.5876130144643505,,,POINT (NaN NaN),GBR
217,217,0.003203987184051264,0.08678885227479033,0.0657959306624312,3.6097301714523154e-05,5.113407687666459e-11,243.05546326308786,0.08333333333333333,0.004162269471918553,0.5993703313653459,0.4032647494349622,0.5876130144643505,,,POINT (NaN NaN),GBR
218,218,0.002491990032039872,0.08678885227479033,0.05942990806076097,0.0,5.7926496796701095e-11,217.28872444635053,0.42857142857142855,0.004162269471918553,0.5993703313653459,0.4032647494349622,0.5876130144643505,,,POINT (NaN NaN),GBR
219,219,0.00533997864008544,0.08678885227479033,0.04240285133737151,0.009057168045560638,9.672719179384888e-14,144.256234294576,0.1523809523809524,0.004162269471918553,0.5993703313653459,0.4032647494349622,0.5876130144643505,,,POINT (NaN NaN),GBR
220,220,0.003915984336062656,0.08678885227479033,0.04241230619192001,0.00048033175598905225,1.8034279000990467e-13,145.95641744475904,0.32142857142857145,0.004162269471918553,0.5993703313653459,0.4032647494349622,0.5876130144643505,,,POINT (NaN NaN),GBR
221,221,0.003203987184051264,0.08678885227479033,0.04810519001550056,0.0003948742530502149,4.201538680895992e-12,175.6291338407257,0.4666666666666667,0.004162269471918553,0.5993703313653459,0.4032647494349622,0.5876130144643505,,,POINT (NaN NaN),GBR
222,222,0.002491990032039872,0.08678885227479033,0.059417745502094915,0.0,5.929218967599043e-11,215.88872444635058,0.14285714285714285,0.004162269471918553,0.5993703313653459,0.4032647494349622,0.5876130144643505,,,POINT (NaN NaN),GBR
223,223,0.004627981488074048,0.08678885227479033,0.04552003595248293,0.0010826620280619435,7.317432300685651e-13,161.45145268197672,0.2909090909090909,0.004162269471918553,0.5993703313653459,0.4032647494349622,0.5876130144643505,,,POINT (NaN NaN),GBR
224,224,0.000355998576005696,0.08678885227479033,0.0,0.0,2.4946305565830578e-23,0.0,0.0,0.004162269471918553,0.5993703313653459,0.4032647494349622,0.5876130144643505,,,POINT (NaN NaN),GBR
225,225,0.001067995728017088,0.08678885227479033,0.058502117808986974,0.0,2.9938136511812936e-11,206.50543828806445,0.6666666666666666,0.004162269471918553,0.5993703313653459,0.4032647494349622,0.5876130144643505,,,POINT (NaN NaN),GBR
226,226,0.002847988608045568,0.08678885227479033,0.04434255593050977,0.00022377263892503724,2.0629422894642375e-12,154.2748043303284,0.38095238095238093,0.004162269471918553,0.5993703313653459,0.4032647494349622,0.5876130144643505,,,POINT (NaN NaN),GBR
227,227,0.0,0.08678885227479033,0.0,0.0,2.4946305565830578e-23,0.0,0.0,0.004162269471918553,0.5993703313653459,0.4032647494349622,0.5876130144643505,,,POINT (NaN NaN),GBR
228,228,0.001423994304022784,0.08678885227479033,0.059105626719224875,0.0,4.050027299737162e-11,211.22205777968398,0.0,0.004162269471918553,0.5993703313653459,0.4032647494349622,0.5876130144643505,,,POINT (NaN NaN),GBR
229,229,0.002847988608045568,0.08678885227479033,0.045284883522415595,9.715962392720231e-05,1.2117271150876684e-12,160.13156423708824,0.5333333333333333,0.004162269471918553,0.5993703313653459,0.4032647494349622,0.5876130144643505,,,POINT (NaN NaN),GBR
230,230,0.000355998576005696,0.08678885227479033,0.0,0.0,2.4946305565830578e-23,0.0,0.0,0.004162269471918553,0.5993703313653459,0.4032647494349622,0.5876130144643505,,,POINT (NaN NaN),GBR
231,231,0.001067995728017088,0.08678885227479033,0.058502117808986974,0.0,2.9938136511812936e-11,206.50543828806445,0.6666666666666666,0.004162269471918553,0.5993703313653459,0.4032647494349622,0.5876130144643505,,,POINT (NaN NaN),GBR
232,232,0.00355998576005696,0.08678885227479033,0.044935054339541716,2.396870266442066e-05,2.654883826406102e-13,154.59919105471522,0.17777777777777778,0.004162269471918553,0.5993703313653459,0.4032647494349622,0.5876130144643505,,,POINT (NaN NaN),GBR
233,233,0.000355998576005696,0.08678885227479033,0.0,0.0,2.4946305565830578e-23,0.0,0.0,0.004162269471918553,0.5993703313653459,0.4032647494349622,0.5876130144643505,,,POINT (NaN NaN),GBR
234,234,0.002135991456034176,0.08678885227479033,0.0557849372411092,0.0,4.3818425384940304e-11,205.8979784805169,0.0,0.004162269471918553,0.5993703313653459,0.4032647494349622,0.5876130144643505,,,POINT (NaN NaN),GBR
235,235,0.004627981488074048,0.08678885227479033,0.049034517393318766,0.0012033141094120801,5.11829182298491e-12,184.2124671740595,0.35555555555555557,0.004162269471918553,0.5993703313653459,0.4032647494349622,0.5876130144643505,,,POINT (NaN NaN),GBR
236,236,0.00533997864008544,0.08678885227479033,0.04443364051924904,3.226648588566094e-05,5.800613939096182e-12,159.1633102688343,0.5757575757575758,0.004162269471918553,0.5993703313653459,0.4032647494349622,0.5876130144643505,,,POINT (NaN NaN),GBR
237,237,0.001067995728017088,0.08678885227479033,0.05897942747639949,0.0,3.231711617206339e-11,210.05539111301727,0.0,0.004162269471918553,0.5993703313653459,0.4032647494349622,0.5876130144643505,,,POINT (NaN NaN),GBR
238,238,0.002135991456034176,0.08678885227479033,0.05120601690850804,1.2799705150621477e-07,2.969509045492991e-11,188.30705816633062,0.13333333333333333,0.004162269471918553,0.5993703313653459,0.4032647494349622,0.5876130144643505,,,POINT (NaN NaN),GBR
239,239,0.00177999288002848,0.08678885227479033,0.0447253632976625,0.001973714282040483,2.0060504722255034e-13,151.59919105471528,0.4,0.004162269471918553,0.5993703313653459,0.4032647494349622,0.5876130144643505,,,POINT (NaN NaN),GBR
240,240,0.00177999288002848,0.08678885227479033,0.04478071926971912,0.00026205560072599176,3.362726187585678e-13,153.77458788011205,0.5,0.004162269471918553,0.5993703313653459,0.4032647494349622,0.5876130144643505,,,POINT (NaN NaN),GBR
241,241,0.002847988608045568,0.08678885227479033,0.047144175117533264,0.00038084204979743126,5.0375052549136836e-12,166.48988420147558,0.6666666666666666,0.004162269471918553,0.5993703313653459,0.4032647494349622,0.5876130144643505,,,POINT (NaN NaN),GBR
242,242,0.003915984336062656,0.08678885227479033,0.04798937686699672,3.120603371411209e-05,3.4990717759081996e-12,173.96246717405913,0.5714285714285714,0.004162269471918553,0.5993703313653459,0.4032647494349622,0.5876130144643505,,,POINT (NaN NaN),GBR
243,243,0.006051975792096832,0.08678885227479033,0.04444683993716743,8.244953600250776e-05,6.259397273585404e-12,160.32997693550095,0.48484848484848486,0.004162269471918553,0.5993703313653459,0.4032647494349622,0.5876130144643505,,,POINT (NaN NaN),GBR
244,244,0.002135991456034176,0.08678885227479033,0.04480495622013623,0.007314588529158607,5.758511933762705e-13,153.9658577213819,0.26666666666666666,0.004162269471918553,0.5993703313653459,0.4032647494349622,0.5876130144643505,,,POINT (NaN NaN),GBR
245,245,0.001423994304022784,0.08678885227479033,0.0545472460967299,1.349320008001654e-06,2.5038746818106704e-11,195.8146451471834,0.16666666666666666,0.004162269471918553,0.5993703313653459,0.4032647494349622,0.5876130144643505,,,POINT (NaN NaN),GBR
246,246,0.004627981488074048,0.08678885227479033,0.05557786030512737,8.715826620532707e-06,3.4042596728019944e-11,211.8622168964896,0.1794871794871795,0.004162269471918553,0.5993703313653459,0.4032647494349622,0.5876130144643505,,,POINT (NaN NaN),GBR
247,247,0.001423994304022784,0.08678885227479033,0.04496019730600473,4.426357014658376e-05,6.270610679048754e-13,157.7315642370883,0.3333333333333333,0.004162269471918553,0.5993703313653459,0.4032647494349622,0.5876130144643505,,,POINT (NaN NaN),GBR
248,248,0.002135991456034176,0.08678885227479033,0.051241349044803174,3.6743762363319256e-06,2.678487490161991e-11,187.75705816633058,0.06666666666666667,0.004162269471918553,0.5993703313653459,0.4032647494349622,0.5876130144643505,,,POINT (NaN NaN),GBR
249,249,0.002847988608045568,0.08678885227479033,0.05465394307685039,3.6133758180400733e-06,5.617991252830534e-11,199.0813118138501,0.32142857142857145,0.004162269471918553,0.5993703313653459,0.4032647494349622,0.5876130144643505,,,POINT (NaN NaN),GBR
250,250,0.0,0.08678885227479033,0.0,0.0,2.4946305565830578e-23,0.0,0.0,0.004162269471918553,0.5993703313653459,0.4032647494349622,0.5876130144643505,,,POINT (NaN NaN),GBR
251,251,0.002491990032039872,0.08678885227479033,0.05044656695638787,2.0993561735824575e-06,3.6655201226860986e-11,183.3202033544756,0.2857142857142857,0.004162269471918553,0.5993703313653459,0.4032647494349622,0.5876130144643505,,,POINT (NaN NaN),GBR
252,252,0.004271982912068352,0.08678885227479033,0.048713213005358524,0.00016811461675163782,4.363111325770852e-12,181.9624671740594,0.4,0.004162269471918553,0.5993703313653459,0.4032647494349622,0.5876130144643505,,,POINT (NaN NaN),GBR
253,253,0.001423994304022784,0.08678885227479033,0.04447077859624621,1.451115973663243e-06,1.5367296162999844e-13,149.94125454677885,0.6666666666666666,0.004162269471918553,0.5993703313653459,0.4032647494349622,0.5876130144643505,,,POINT (NaN NaN),GBR
254,254,0.00533997864008544,0.08678885227479033,0.04724396902784038,0.0004928775594039634,6.4398436136890614e-12,168.98988420147583,0.5512820512820513,0.004162269471918553,0.5993703313653459,0.4032647494349622,0.5876130144643505,,,POINT (NaN NaN),GBR
255,255,0.001067995728017088,0.08678885227479033,0.04967844197787474,1.4091403873716806e-07,6.989921038680676e-12,171.84043867471055,0.3333333333333333,0.004162269471918553,0.5993703313653459,0.4032647494349622,0.5876130144643505,,,POINT (NaN NaN),GBR
256,256,0.004627981488074048,0.08678885227479033,0.05557786030512737,9.26635901966136e-06,3.0529645367632745e-11,211.8622168964896,0.1282051282051282,0.004162269471918553,0.5993703313653459,0.4032647494349622,0.5876130144643505,,,POINT (NaN NaN),GBR
257,257,0.006051975792096832,0.08678885227479033,0.04768550974623703,0.004114554102576859,8.931079754712997e-12,174.9751655867575,0.5428571428571428,0.004162269471918553,0.5993703313653459,0.4032647494349622,0.5876130144643505,,,POINT (NaN NaN),GBR
258,258,0.002135991456034176,0.08678885227479033,0.050496183982211014,5.773734408798898e-07,1.7696870174879882e-11,180.49039149966364,0.13333333333333333,0.004162269471918553,0.5993703313653459,0.4032647494349622,0.5876130144643505,,,POINT (NaN NaN),GBR
259,259,0.003203987184051264,0.08678885227479033,0.05233918980266275,1.3117915913383682e-05,1.537261665971143e-11,191.08086769014017,0.1388888888888889,0.004162269471918553,0.5993703313653459,0.4032647494349622,0.5876130144643505,,,POINT (NaN NaN),GBR
260,260,0.003203987184051264,0.08678885227479033,0.051386375174457564,5.645418234878896e-06,3.1511779260502784e-11,189.97372483299733,0.1111111111111111,0.004162269471918553,0.5993703313653459,0.4032647494349622,0.5876130144643505,,,POINT (NaN NaN),GBR
261,261,0.00177999288002848,0.08678885227479033,0.04445992099046991,2.3042827778799467e-06,2.653363084401562e-13,149.46672352224786,0.5,0.004162269471918553,0.5993703313653459,0.4032647494349622,0.5876130144643505,,,POINT (NaN NaN),GBR
262,262,0.004983980064079744,0.08678885227479033,0.04839531667014322,0.005634165510784573,1.8127590588107655e-12,172.41413772572963,0.21978021978021978,0.004162269471918553,0.5993703313653459,0.4032647494349622,0.5876130144643505,,,POINT (NaN NaN),GBR
263,263,0.002135991456034176,0.08678885227479033,0.04795861280254863,0.0,2.1698298456872166e-12,172.03151479310668,0.8,0.004162269471918553,0.5993703313653459,0.4032647494349622,0.5876130144643505,,,POINT (NaN NaN),GBR
264,264,0.004627981488074048,0.08678885227479033,0.048174032909112055,0.0005790973990180262,1.5705677391411485e-12,171.1931059796978,0.2727272727272727,0.004162269471918553,0.5993703313653459,0.4032647494349622,0.5876130144643505,,,POINT (NaN NaN),GBR
265,265,0.00177999288002848,0.08678885227479033,0.05039342014829666,4.022848981877942e-07,1.4840901550491884e-11,179.62372483299688,0.3,0.004162269471918553,0.5993703313653459,0.4032647494349622,0.5876130144643505,,,POINT (NaN NaN),GBR
266,266,0.004983980064079744,0.08678885227479033,0.050595985163207256,0.0004055914024471738,3.5645805843130506e-11,184.20705816633043,0.1978021978021978,0.004162269471918553,0.5993703313653459,0.4032647494349622,0.5876130144643505,,,POINT (NaN NaN),GBR
267,267,0.00355998576005696,0.08678885227479033,0.04709201218373395,0.0,4.883195924479054e-12,166.48988420147558,0.8571428571428571,0.004162269471918553,0.5993703313653459,0.4032647494349622,0.5876130144643505,,,POINT (NaN NaN),GBR
268,268,0.004627981488074048,0.08678885227479033,0.04764050483812019,0.00012146653648278356,7.449717478761174e-12,173.6751655867575,0.7222222222222222,0.004162269471918553,0.5993703313653459,0.4032647494349622,0.5876130144643505,,,POINT (NaN NaN),GBR
269,269,0.002847988608045568,0.08678885227479033,0.04812590198292405,0.0027754869993195817,2.0174916145579634e-12,168.38874090033244,0.14285714285714285,0.004162269471918553,0.5993703313653459,0.4032647494349622,0.5876130144643505,,,POINT (NaN NaN),GBR
270,270,0.004627981488074048,0.08678885227479033,0.047107008047925766,4.917861213102697e-06,5.598369461259483e-12,168.3232175348091,0.6,0.004162269471918553,0.5993703313653459,0.4032647494349622,0.5876130144643505,,,POINT (NaN NaN),GBR
271,271,0.002847988608045568,0.08678885227479033,0.05048725677615575,2.4401354059185197e-06,2.562966782658428e-11,182.37372483299697,0.17857142857142858,0.004162269471918553,0.5993703313653459,0.4032647494349622,0.5876130144643505,,,POINT (NaN NaN),GBR
272,272,0.000711997152011392,0.08678885227479033,0.0,0.0,1.0218006759764205e-19,0.0,0.0,0.004162269471918553,0.5993703313653459,0.4032647494349622,0.5876130144643505,,,POINT (NaN NaN),GBR
273,273,0.005695977216091136,0.08678885227479033,0.04799964032780343,9.758039307450326e-05,4.2612801045162566e-12,175.2958005073924,0.43636363636363634,0.004162269471918553,0.5993703313653459,0.4032647494349622,0.5876130144643505,,,POINT (NaN NaN),GBR
274,274,0.006763972944108224,0.08678885227479033,0.04709700974419067,6.69735139945213e-05,6.071778748369726e-12,167.48988420147572,0.6363636363636364,0.004162269471918553,0.5993703313653459,0.4032647494349622,0.5876130144643505,,,POINT (NaN NaN),GBR
275,275,0.006763972944108224,0.08678885227479033,0.05937087105526016,0.00012472173528738924,1.0876794910026803e-10,222.05334593597172,0.10526315789473684,0.004162269471918553,0.5993703313653459,0.4032647494349622,0.5876130144643505,,,POINT (NaN NaN),GBR
276,276,0.00177999288002848,0.08678885227479033,0.046265024326569364,8.831733898259746e-07,1.9010882699951216e-12,160.03358217017362,0.2,0.004162269471918553,0.5993703313653459,0.4032647494349622,0.5876130144643505,,,POINT (NaN NaN),GBR
277,277,0.00177999288002848,0.08678885227479033,0.05000368613105856,7.248046342274023e-07,1.4708968356530666e-11,176.95705816633006,0.2,0.004162269471918553,0.5993703313653459,0.4032647494349622,0.5876130144643505,,,POINT (NaN NaN),GBR
278,278,0.004627981488074048,0.08678885227479033,0.04815123407155598,0.003029181242871099,2.2749203953126336e-12,169.85540756699922,0.24358974358974358,0.004162269471918553,0.5993703313653459,0.4032647494349622,0.5876130144643505,,,POINT (NaN NaN),GBR
279,279,0.003915984336062656,0.08678885227479033,0.04796388811905875,5.701718230944041e-05,1.954843676295522e-12,170.10977264636432,0.3333333333333333,0.004162269471918553,0.5993703313653459,0.4032647494349622,0.5876130144643505,,,POINT (NaN NaN),GBR
280,280,0.003203987184051264,0.08678885227479033,0.0480249836506062,3.062305892765494e-05,1.2446819531112882e-12,168.0474710590625,0.47619047619047616,0.004162269471918553,0.5993703313653459,0.4032647494349622,0.5876130144643505,,,POINT (NaN NaN),GBR
281,281,0.00355998576005696,0.08678885227479033,0.04792747747421945,8.073430563159511e-05,2.5585182299144364e-12,171.61369372528554,0.5,0.004162269471918553,0.5993703313653459,0.4032647494349622,0.5876130144643505,,,POINT (NaN NaN),GBR
282,282,0.006763972944108224,0.08678885227479033,0.04764561949857842,0.004549126208854907,8.997737192552572e-12,174.67516558675746,0.5824175824175825,0.004162269471918553,0.5993703313653459,0.4032647494349622,0.5876130144643505,,,POINT (NaN NaN),GBR
283,283,0.003203987184051264,0.08678885227479033,0.04609474195591243,5.060135020442298e-05,6.820133511969476e-13,157.03358217017364,0.3888888888888889,0.004162269471918553,0.5993703313653459,0.4032647494349622,0.5876130144643505,,,POINT (NaN NaN),GBR
284,284,0.002847988608045568,0.08678885227479033,0.047724058957573104,4.7458273988375735e-05,1.8220887985267312e-12,168.18750324909473,0.5357142857142857,0.004162269471918553,0.5993703313653459,0.4032647494349622,0.5876130144643505,,,POINT (NaN NaN),GBR
285,285,0.0,0.08678885227479033,0.0,0.0,2.4946305565830578e-23,0.0,0.0,0.004162269471918553,0.5993703313653459,0.4032647494349622,0.5876130144643505,,,POINT (NaN NaN),GBR
286,286,0.006051975792096832,0.08678885227479033,0.05557548181673083,0.000998240418984368,7.474107442619533e-11,212.2339924665311,0.16176470588235295,0.004162269471918553,0.5993703313653459,0.4032647494349622,0.5876130144643505,,,POINT (NaN NaN),GBR
287,287,0.006051975792096832,0.08678885227479033,0.059670689076486566,0.0003847898470649713,1.150330788267953e-10,225.88667926930484,0.1323529411764706,0.004162269471918553,0.5993703313653459,0.4032647494349622,0.5876130144643505,,,POINT (NaN NaN),GBR
288,288,0.004627981488074048,0.08678885227479033,0.050208225718961684,0.006021250325819437,7.693908728131619e-12,181.5380105472827,0.2692307692307692,0.004162269471918553,0.5993703313653459,0.4032647494349622,0.5876130144643505,,,POINT (NaN NaN),GBR
289,289,0.002135991456034176,0.08678885227479033,0.04799707405105367,2.1070197166164766e-05,3.6312760556842442e-12,174.61484812644002,0.8,0.004162269471918553,0.5993703313653459,0.4032647494349622,0.5876130144643505,,,POINT (NaN NaN),GBR
290,290,0.00355998576005696,0.08678885227479033,0.05026419048500638,2.6986152005860616e-06,3.3553356223276386e-11,182.04039149966366,0.15555555555555556,0.004162269471918553,0.5993703313653459,0.4032647494349622,0.5876130144643505,,,POINT (NaN NaN),GBR
291,291,0.00177999288002848,0.08678885227479033,0.047422087509861585,6.79438356428394e-06,1.8145261721006907e-12,167.0208365824279,0.5,0.004162269471918553,0.5993703313653459,0.4032647494349622,0.5876130144643505,,,POINT (NaN NaN),GBR
292,292,0.006407974368102528,0.08678885227479033,0.05511084996476341,0.0004850703667394758,7.104553652434941e-11,210.16732579986447,0.08496732026143791,0.004162269471918553,0.5993703313653459,0.4032647494349622,0.5876130144643505,,,POINT (NaN NaN),GBR
293,293,0.002847988608045568,0.08678885227479033,0.046124066695931686,9.225600282748726e-05,2.856311879889776e-12,160.84464610623752,0.42857142857142855,0.004162269471918553,0.5993703313653459,0.4032647494349622,0.5876130144643505,,,POINT (NaN NaN),GBR
294,294,0.004983980064079744,0.08678885227479033,0.04710450807403373,5.398418238100211e-06,4.409786739523933e-12,167.82321753480906,0.5818181818181818,0.004162269471918553,0.5993703313653459,0.4032647494349622,0.5876130144643505,,,POINT (NaN NaN),GBR
295,295,0.008187967248131008,0.08678885227479033,0.05184219646276604,0.004316975733697148,1.8003608791905965e-11,199.4232558575285,0.21637426900584794,0.004162269471918553,0.5993703313653459,0.4032647494349622,0.5876130144643505,,,POINT (NaN NaN),GBR
296,296,0.007831968672125312,0.08678885227479033,0.05531976316071523,0.0007266548091654346,9.52913651114245e-11,214.16732579986444,0.1645021645021645,0.004162269471918553,0.5993703313653459,0.4032647494349622,0.5876130144643505,,,POINT (NaN NaN),GBR
297,297,0.0088999644001424,0.08678885227479033,0.06502128492594678,0.001410872848410064,1.35115399227379e-10,245.65019132484258,0.1,0.004162269471918553,0.5993703313653459,0.4032647494349622,0.5876130144643505,,,POINT (NaN NaN),GBR
298,298,0.003203987184051264,0.08678885227479033,0.04903415356272605,2.978706787175632e-06,2.807825767005944e-11,174.80705816632994,0.4166666666666667,0.004162269471918553,0.5993703313653459,0.4032647494349622,0.5876130144643505,,,POINT (NaN NaN),GBR
299,299,0.002491990032039872,0.08678885227479033,0.04985391375235058,0.004933772132497106,6.554769180321481e-12,177.37134388061577,0.19047619047619047,0.004162269471918553,0.5993703313653459,0.4032647494349622,0.5876130144643505,,,POINT (NaN NaN),GBR
300,300,0.008543965824136704,0.08678885227479033,0.0512791175480396,0.003306104770646003,1.562834165746405e-11,189.27055022982253,0.3790849673202614,0.004162269471918553,0.5993703313653459,0.4032647494349622,0.5876130144643505,,,POINT (NaN NaN),GBR
301,301,0.0088999644001424,0.08678885227479033,0.04762005717254238,0.003269489463995776,6.290137705671901e-12,173.14183225342416,0.41578947368421054,0.004162269471918553,0.5993703313653459,0.4032647494349622,0.5876130144643505,,,POINT (NaN NaN),GBR
302,302,0.001423994304022784,0.08678885227479033,0.047257493644926915,5.290032658292689e-06,1.515008359238968e-12,165.18750324909462,0.6666666666666666,0.004162269471918553,0.5993703313653459,0.4032647494349622,0.5876130144643505,,,POINT (NaN NaN),GBR
303,303,0.004983980064079744,0.08678885227479033,0.04709451083137992,2.0407152522802964e-05,4.883196026634176e-12,166.98988420147563,0.6785714285714286,0.004162269471918553,0.5993703313653459,0.4032647494349622,0.5876130144643505,,,POINT (NaN NaN),GBR
304,304,0.004983980064079744,0.08678885227479033,0.05307847962679773,0.0003055648610920243,5.709102746846146e-11,192.41498092251953,0.02197802197802198,0.004162269471918553,0.5993703313653459,0.4032647494349622,0.5876130144643505,,,POINT (NaN NaN),GBR
305,305,0.002491990032039872,0.08678885227479033,0.04985391375235058,0.0020990017421172614,6.554769180321481e-12,177.37134388061577,0.14285714285714285,0.004162269471918553,0.5993703313653459,0.4032647494349622,0.5876130144643505,,,POINT (NaN NaN),GBR
306,306,0.003203987184051264,0.08678885227479033,0.045958580449095496,1.728565433412816e-05,2.3006970570945427e-12,158.84464610623755,0.47619047619047616,0.004162269471918553,0.5993703313653459,0.4032647494349622,0.5876130144643505,,,POINT (NaN NaN),GBR
307,307,0.001423994304022784,0.08678885227479033,0.045899374554500924,2.2538687939581888e-07,1.59679025466735e-12,157.76131277290423,0.6666666666666666,0.004162269471918553,0.5993703313653459,0.4032647494349622,0.5876130144643505,,,POINT (NaN NaN),GBR
308,308,0.00711997152011392,0.08678885227479033,0.054502561526286755,0.00037723113103771015,7.89185629848553e-11,202.7316475891862,0.14210526315789473,0.004162269471918553,0.5993703313653459,0.4032647494349622,0.5876130144643505,,,POINT (NaN NaN),GBR
309,309,0.004983980064079744,0.08678885227479033,0.047520625636525184,9.117022538508658e-05,4.748893801650906e-12,171.6981814597733,0.36363636363636365,0.004162269471918553,0.5993703313653459,0.4032647494349622,0.5876130144643505,,,POINT (NaN NaN),GBR
310,310,0.002847988608045568,0.08678885227479033,0.04992984709556445,0.00025552490488390416,7.89320930359949e-12,179.45467721394928,0.42857142857142855,0.004162269471918553,0.5993703313653459,0.4032647494349622,0.5876130144643505,,,POINT (NaN NaN),GBR
311,311,0.001067995728017088,0.08678885227479033,0.048776252297209145,2.535602393202963e-08,4.256825749196731e-12,169.30705816633017,0.3333333333333333,0.004162269471918553,0.5993703313653459,0.4032647494349622,0.5876130144643505,,,POINT (NaN NaN),GBR
312,312,0.002847988608045568,0.08678885227479033,0.04145023957083978,0.00010448342075848899,7.805745069912359e-14,135.9827047632296,0.5,0.004162269471918553,0.5993703313653459,0.4032647494349622,0.5876130144643505,,,POINT (NaN NaN),GBR
313,313,0.008543965824136704,0.08678885227479033,0.06008557993639241,0.0007513436451058033,1.5931901770275879e-10,232.42235747998248,0.09420289855072464,0.004162269471918553,0.5993703313653459,0.4032647494349622,0.5876130144643505,,,POINT (NaN NaN),GBR
314,314,0.004983980064079744,0.08678885227479033,0.05480312565250026,0.00046983896863378623,7.223757228937872e-11,207.75065913319781,0.2857142857142857,0.004162269471918553,0.5993703313653459,0.4032647494349622,0.5876130144643505,,,POINT (NaN NaN),GBR
315,315,0.004271982912068352,0.08678885227479033,0.05368624616247497,0.0001409713717823519,5.406908750180594e-11,200.91732579986447,0.6,0.004162269471918553,0.5993703313653459,0.4032647494349622,0.5876130144643505,,,POINT (NaN NaN),GBR
316,316,0.002847988608045568,0.08678885227479033,0.05120811432752654,4.934506553735973e-06,9.041301187599036e-12,185.98245499172717,0.6666666666666666,0.004162269471918553,0.5993703313653459,0.4032647494349622,0.5876130144643505,,,POINT (NaN NaN),GBR
317,317,0.003915984336062656,0.08678885227479033,0.053560077041743114,0.00014325802964365207,4.8177626133114326e-11,199.91732579986444,0.5636363636363636,0.004162269471918553,0.5993703313653459,0.4032647494349622,0.5876130144643505,,,POINT (NaN NaN),GBR
318,318,0.00533997864008544,0.08678885227479033,0.05388607676042801,0.0002625080613586174,9.366919326295581e-11,203.9173257998645,0.3047619047619048,0.004162269471918553,0.5993703313653459,0.4032647494349622,0.5876130144643505,,,POINT (NaN NaN),GBR
319,319,0.002847988608045568,0.08678885227479033,0.0,0.0,2.4946305565830578e-23,0.0,0.7142857142857143,0.004162269471918553,0.5993703313653459,0.4032647494349622,0.5876130144643505,,,POINT (NaN NaN),GBR
320,320,0.001067995728017088,0.08678885227479033,0.000355998576005696,0.0,2.0433518888971834e-19,1.0,0.0,0.004162269471918553,0.5993703313653459,0.4032647494349622,0.5876130144643505,,,POINT (NaN NaN),GBR
321,321,0.009255962976148096,0.08678885227479033,0.04754608129628334,0.00011437714777815083,9.023260661232374e-12,172.68707034866225,0.39215686274509803,0.004162269471918553,0.5993703313653459,0.4032647494349622,0.5876130144643505,,,POINT (NaN NaN),GBR
322,322,0.003203987184051264,0.08678885227479033,0.05349360716795225,4.767607094646187e-05,4.5178631357399233e-11,198.91732579986441,0.3611111111111111,0.004162269471918553,0.5993703313653459,0.4032647494349622,0.5876130144643505,,,POINT (NaN NaN),GBR
323,323,0.00711997152011392,0.08678885227479033,0.049824454086781114,0.0013394047362011814,1.1380463067150366e-11,179.78801054728262,0.22875816993464052,0.004162269471918553,0.5993703313653459,0.4032647494349622,0.5876130144643505,,,POINT (NaN NaN),GBR
324,324,0.004627981488074048,0.08678885227479033,0.053497036685016486,0.00022060274575507217,4.7969094770944e-11,199.41732579986444,0.46153846153846156,0.004162269471918553,0.5993703313653459,0.4032647494349622,0.5876130144643505,,,POINT (NaN NaN),GBR
325,325,0.002847988608045568,0.08678885227479033,0.04981574808397021,1.0472014145996105e-05,8.939660798397481e-12,178.62134388061585,0.42857142857142855,0.004162269471918553,0.5993703313653459,0.4032647494349622,0.5876130144643505,,,POINT (NaN NaN),GBR
326,326,0.001067995728017088,0.08678885227479033,0.04227117847535176,1.0704023260780051e-07,5.86006045470153e-13,141.11251661804113,0.6666666666666666,0.004162269471918553,0.5993703313653459,0.4032647494349622,0.5876130144643505,,,POINT (NaN NaN),GBR
327,327,0.004983980064079744,0.08678885227479033,0.05343745216875497,8.625475713133495e-05,6.081972656095258e-11,199.41732579986444,0.37362637362637363,0.004162269471918553,0.5993703313653459,0.4032647494349622,0.5876130144643505,,,POINT (NaN NaN),GBR
328,328,0.00355998576005696,0.08678885227479033,0.049570515146427616,6.4496600501385475e-06,8.736055622153368e-12,175.28801054728234,0.4642857142857143,0.004162269471918553,0.5993703313653459,0.4032647494349622,0.5876130144643505,,,POINT (NaN NaN),GBR
329,329,0.00533997864008544,0.08678885227479033,0.05040827664565422,9.396771619265427e-06,5.34072846692338e-11,184.98687002114232,0.1619047619047619,0.004162269471918553,0.5993703313653459,0.4032647494349622,0.5876130144643505,,,POINT (NaN NaN),GBR
330,330,0.002847988608045568,0.08678885227479033,0.05330467384601314,2.1384831646526692e-06,6.123851388566298e-11,197.41732579986441,0.4642857142857143,0.004162269471918553,0.5993703313653459,0.4032647494349622,0.5876130144643505,,,POINT (NaN NaN),GBR
331,331,0.002491990032039872,0.08678885227479033,0.04139813305450319,0.0,7.805745069912359e-14,134.98270476322975,1.0,0.004162269471918553,0.5993703313653459,0.4032647494349622,0.5876130144643505,,,POINT (NaN NaN),GBR
332,332,0.002135991456034176,0.08678885227479033,0.06306080764524795,5.008327760139439e-05,2.319447245721481e-11,221.1713312959842,0.4666666666666667,0.004162269471918553,0.5993703313653459,0.4032647494349622,0.5876130144643505,,,POINT (NaN NaN),GBR
333,333,0.005695977216091136,0.08678885227479033,0.05344087896445644,4.4902871172365464e-06,7.063999051692446e-11,199.91732579986444,0.45,0.004162269471918553,0.5993703313653459,0.4032647494349622,0.5876130144643505,,,POINT (NaN NaN),GBR
334,334,0.003915984336062656,0.08678885227479033,0.05409759099429079,1.671026621113072e-05,9.81671475561408e-11,204.00065913319781,0.3090909090909091,0.004162269471918553,0.5993703313653459,0.4032647494349622,0.5876130144643505,,,POINT (NaN NaN),GBR
335,335,0.004627981488074048,0.08678885227479033,0.045731103636637294,0.0002507867138651661,6.564349909807005e-12,160.2624671740586,0.37777777777777777,0.004162269471918553,0.5993703313653459,0.4032647494349622,0.5876130144643505,,,POINT (NaN NaN),GBR
336,336,0.00355998576005696,0.08678885227479033,0.05157709603341376,5.363882224550894e-05,1.0987619313042286e-11,189.47444633371876,0.6,0.004162269471918553,0.5993703313653459,0.4032647494349622,0.5876130144643505,,,POINT (NaN NaN),GBR
337,337,0.006051975792096832,0.08678885227479033,0.05161308633127973,0.011048936107036686,2.711782891801402e-11,191.95063680990935,0.38461538461538464,0.004162269471918553,0.5993703313653459,0.4032647494349622,0.5876130144643505,,,POINT (NaN NaN),GBR
338,338,0.001067995728017088,0.08678885227479033,0.045433986263625555,0.0,3.3756010252569426e-12,154.67797943957092,1.0,0.004162269471918553,0.5993703313653459,0.4032647494349622,0.5876130144643505,,,POINT (NaN NaN),GBR
339,339,0.002847988608045568,0.08678885227479033,0.044803405842362844,0.00045948239032441075,7.077561023181709e-13,151.591435428027,0.6,0.004162269471918553,0.5993703313653459,0.4032647494349622,0.5876130144643505,,,POINT (NaN NaN),GBR
340,340,0.002135991456034176,0.08678885227479033,0.002180491278034888,0.0,3.780363145445966e-18,6.5,0.6666666666666666,0.004162269471918553,0.5993703313653459,0.4032647494349622,0.5876130144643505,,,POINT (NaN NaN),GBR
341,341,0.00177999288002848,0.08678885227479033,0.05157110252972038,4.188004496041141e-05,1.0056115277305446e-11,189.64111300038542,0.5,0.004162269471918553,0.5993703313653459,0.4032647494349622,0.5876130144643505,,,POINT (NaN NaN),GBR
342,342,0.0,0.08678885227479033,0.0,0.0,2.4946305565830578e-23,0.0,0.0,0.004162269471918553,0.5993703313653459,0.4032647494349622,0.5876130144643505,,,POINT (NaN NaN),GBR
343,343,0.006407974368102528,0.08678885227479033,0.05433276704793309,0.01571678901829438,5.6274539281633446e-11,206.56732579986445,0.31666666666666665,0.004162269471918553,0.5993703313653459,0.4032647494349622,0.5876130144643505,,,POINT (NaN NaN),GBR
344,344,0.003915984336062656,0.08678885227479033,0.05422769377380583,2.3355979179049254e-05,1.0624929037367393e-10,205.5006591331978,0.36363636363636365,0.004162269471918553,0.5993703313653459,0.4032647494349622,0.5876130144643505,,,POINT (NaN NaN),GBR
345,345,0.004271982912068352,0.08678885227479033,0.049633184472116204,0.00030946665556687454,1.0529443314597814e-11,178.1724982817702,0.36363636363636365,0.004162269471918553,0.5993703313653459,0.4032647494349622,0.5876130144643505,,,POINT (NaN NaN),GBR
346,346,0.002135991456034176,0.08678885227479033,0.04543154777144739,2.9463199685465362e-06,2.057235704020135e-12,154.17797943957092,0.5333333333333333,0.004162269471918553,0.5993703313653459,0.4032647494349622,0.5876130144643505,,,POINT (NaN NaN),GBR
347,347,0.004271982912068352,0.08678885227479033,0.054369336980605476,1.764110937670038e-05,6.100826133548302e-11,200.9483142558529,0.3333333333333333,0.004162269471918553,0.5993703313653459,0.4032647494349622,0.5876130144643505,,,POINT (NaN NaN),GBR
348,348,0.000711997152011392,0.08678885227479033,0.04544029441903358,0.0,1.528684659167674e-12,155.09580050739197,1.0,0.004162269471918553,0.5993703313653459,0.4032647494349622,0.5876130144643505,,,POINT (NaN NaN),GBR
349,349,0.002847988608045568,0.08678885227479033,0.053819381145837716,7.5107093943217335e-06,5.109137040498463e-11,196.4483142558529,0.2857142857142857,0.004162269471918553,0.5993703313653459,0.4032647494349622,0.5876130144643505,,,POINT (NaN NaN),GBR
350,350,0.00533997864008544,0.08678885227479033,0.04946653332169586,0.0005152219197831219,2.3168775257498727e-11,178.1724982817702,0.37142857142857144,0.004162269471918553,0.5993703313653459,0.4032647494349622,0.5876130144643505,,,POINT (NaN NaN),GBR
351,351,0.006051975792096832,0.08678885227479033,0.06430598872259134,0.0014696716310530127,9.27040998444147e-11,238.90019132484295,0.25,0.004162269471918553,0.5993703313653459,0.4032647494349622,0.5876130144643505,,,POINT (NaN NaN),GBR
352,352,0.002135991456034176,0.08678885227479033,0.0018308498194578651,0.0,2.0435764056472753e-18,5.5,0.6666666666666666,0.004162269471918553,0.5993703313653459,0.4032647494349622,0.5876130144643505,,,POINT (NaN NaN),GBR
353,353,0.00355998576005696,0.08678885227479033,0.05422816249389327,7.283762056670851e-06,7.224889279384716e-11,200.83164758918622,0.37777777777777777,0.004162269471918553,0.5993703313653459,0.4032647494349622,0.5876130144643505,,,POINT (NaN NaN),GBR
354,354,0.003915984336062656,0.08678885227479033,0.04933821552016308,0.0001542858181570011,1.4845436857820288e-11,175.17249828177006,0.5277777777777778,0.004162269471918553,0.5993703313653459,0.4032647494349622,0.5876130144643505,,,POINT (NaN NaN),GBR
355,355,0.003203987184051264,0.08678885227479033,0.055489536576408226,1.593329859433216e-06,9.396981028188614e-11,212.48605984359844,0.3333333333333333,0.004162269471918553,0.5993703313653459,0.4032647494349622,0.5876130144643505,,,POINT (NaN NaN),GBR
356,356,0.004271982912068352,0.08678885227479033,0.04948549659876696,0.0003692596190016391,1.7113634388029405e-11,178.88992252419453,0.35555555555555557,0.004162269471918553,0.5993703313653459,0.4032647494349622,0.5876130144643505,,,POINT (NaN NaN),GBR
357,357,0.002491990032039872,0.08678885227479033,0.05368685216449595,3.6296637336053724e-07,3.961601963100752e-11,194.4483142558529,0.3333333333333333,0.004162269471918553,0.5993703313653459,0.4032647494349622,0.5876130144643505,,,POINT (NaN NaN),GBR
358,358,0.002491990032039872,0.08678885227479033,0.05890582157417462,1.9797897770762493e-05,7.143724111252352e-11,218.22001260263866,0.38095238095238093,0.004162269471918553,0.5993703313653459,0.4032647494349622,0.5876130144643505,,,POINT (NaN NaN),GBR
359,359,0.002847988608045568,0.08678885227479033,0.05353248068310501,9.519563737726386e-06,5.1666385260145474e-11,194.16498092251956,0.39285714285714285,0.004162269471918553,0.5993703313653459,0.4032647494349622,0.5876130144643505,,,POINT (NaN NaN),GBR
360,360,0.006051975792096832,0.08678885227479033,0.05358322790835739,0.0024326639229529053,3.9320156978552654e-11,200.8918928994315,0.5714285714285714,0.004162269471918553,0.5993703313653459,0.4032647494349622,0.5876130144643505,,,POINT (NaN NaN),GBR
361,361,0.003203987184051264,0.08678885227479033,0.05429471441310329,1.9555069922919262e-06,6.78632736212463e-11,201.49831425585288,0.3333333333333333,0.004162269471918553,0.5993703313653459,0.4032647494349622,0.5876130144643505,,,POINT (NaN NaN),GBR
362,362,0.001067995728017088,0.08678885227479033,0.0011391954432182273,0.0,1.839266163063123e-18,3.5,1.0,0.004162269471918553,0.5993703313653459,0.4032647494349622,0.5876130144643505,,,POINT (NaN NaN),GBR
363,363,0.001423994304022784,0.08678885227479033,0.050380919482824756,2.7085413061986747e-07,1.5004089670617422e-11,171.39936658199161,0.6666666666666666,0.004162269471918553,0.5993703313653459,0.4032647494349622,0.5876130144643505,,,POINT (NaN NaN),GBR
364,364,0.01067995728017088,0.08678885227479033,0.05521190222135886,0.00042464506000687276,1.9950611964308982e-10,217.6384047209433,0.24597701149425288,0.004162269471918553,0.5993703313653459,0.4032647494349622,0.5876130144643505,,,POINT (NaN NaN),GBR
365,365,0.004627981488074048,0.08678885227479033,0.06150452803110488,0.0031809274851757035,7.650328721972479e-11,226.31393524346248,0.32727272727272727,0.004162269471918553,0.5993703313653459,0.4032647494349622,0.5876130144643505,,,POINT (NaN NaN),GBR
366,366,0.004271982912068352,0.08678885227479033,0.05363938769337645,0.0021576007313240495,3.676733716504037e-11,200.72522623276484,0.6818181818181818,0.004162269471918553,0.5993703313653459,0.4032647494349622,0.5876130144643505,,,POINT (NaN NaN),GBR
367,367,0.002491990032039872,0.08678885227479033,0.05336077879898264,0.00011203982800682398,3.839818726977814e-11,197.5839924665311,0.8571428571428571,0.004162269471918553,0.5993703313653459,0.4032647494349622,0.5876130144643505,,,POINT (NaN NaN),GBR
368,368,0.005695977216091136,0.08678885227479033,0.054073169163505436,0.003789923544685101,5.668928254341089e-11,205.81808337562202,0.3956043956043956,0.004162269471918553,0.5993703313653459,0.4032647494349622,0.5876130144643505,,,POINT (NaN NaN),GBR
369,369,0.002491990032039872,0.08678885227479033,0.050384480726868214,7.228931230576261e-06,2.1709995210352132e-11,171.89936658199167,0.47619047619047616,0.004162269471918553,0.5993703313653459,0.4032647494349622,0.5876130144643505,,,POINT (NaN NaN),GBR
370,370,0.002847988608045568,0.08678885227479033,0.001067995728017088,3.803403589804444e-07,1.9414212843551994e-18,3.0,0.5333333333333333,0.004162269471918553,0.5993703313653459,0.4032647494349622,0.5876130144643505,,,POINT (NaN NaN),GBR
371,371,0.002847988608045568,0.08678885227479033,0.05375309828035168,1.1479943009645341e-06,4.111722841784948e-11,195.4483142558529,0.25,0.004162269471918553,0.5993703313653459,0.4032647494349622,0.5876130144643505,,,POINT (NaN NaN),GBR
372,372,0.000355998576005696,0.08678885227479033,0.0,0.0,2.4946305565830578e-23,0.0,0.0,0.004162269471918553,0.5993703313653459,0.4032647494349622,0.5876130144643505,,,POINT (NaN NaN),GBR
373,373,0.002491990032039872,0.08678885227479033,0.048694327660654985,0.0006297480910279897,6.827389764684368e-12,172.68324864252025,0.4,0.004162269471918553,0.5993703313653459,0.4032647494349622,0.5876130144643505,,,POINT (NaN NaN),GBR
374,374,0.003915984336062656,0.08678885227479033,0.05122946083715881,3.261066566532548e-05,7.490117839093268e-11,184.93779759542358,0.36363636363636365,0.004162269471918553,0.5993703313653459,0.4032647494349622,0.5876130144643505,,,POINT (NaN NaN),GBR
375,375,0.001423994304022784,0.08678885227479033,0.05304636868319788,0.0,3.1438951977115266e-11,194.41732579986441,1.0,0.004162269471918553,0.5993703313653459,0.4032647494349622,0.5876130144643505,,,POINT (NaN NaN),GBR
376,376,0.001423994304022784,0.08678885227479033,0.000711997152011392,0.0,2.0433518888971834e-19,2.0,1.0,0.004162269471918553,0.5993703313653459,0.4032647494349622,0.5876130144643505,,,POINT (NaN NaN),GBR
377,377,0.000711997152011392,0.08678885227479033,0.0,0.0,2.4946305565830578e-23,0.0,1.0,0.004162269471918553,0.5993703313653459,0.4032647494349622,0.5876130144643505,,,POINT (NaN NaN),GBR
378,378,0.002847988608045568,0.08678885227479033,0.000355998576005696,0.0,2.0433518888971834e-19,1.0,0.7333333333333333,0.004162269471918553,0.5993703313653459,0.4032647494349622,0.5876130144643505,,,POINT (NaN NaN),GBR
379,379,0.003203987184051264,0.08678885227479033,0.053654674693309354,2.41218594600451e-06,4.751013203554732e-11,195.5316475891862,0.0,0.004162269471918553,0.5993703313653459,0.4032647494349622,0.5876130144643505,,,POINT (NaN NaN),GBR
380,380,0.00355998576005696,0.08678885227479033,0.05304636868319788,0.00012135055795451582,3.1438951977115266e-11,194.41732579986441,0.4888888888888889,0.004162269471918553,0.5993703313653459,0.4032647494349622,0.5876130144643505,,,POINT (NaN NaN),GBR
381,381,0.001067995728017088,0.08678885227479033,0.001067995728017088,0.0,4.2159256406253684e-21,3.0,0.6666666666666666,0.004162269471918553,0.5993703313653459,0.4032647494349622,0.5876130144643505,,,POINT (NaN NaN),GBR
382,382,0.002491990032039872,0.08678885227479033,0.04864198439116588,3.2962831111638517e-07,7.738471429961358e-12,172.43324864252025,0.7,0.004162269471918553,0.5993703313653459,0.4032647494349622,0.5876130144643505,,,POINT (NaN NaN),GBR
383,383,0.004627981488074048,0.08678885227479033,0.05324858577401921,3.0024153075748986e-06,6.513476238990949e-11,197.91732579986441,0.4230769230769231,0.004162269471918553,0.5993703313653459,0.4032647494349622,0.5876130144643505,,,POINT (NaN NaN),GBR
384,384,0.004271982912068352,0.08678885227479033,0.053450435123540974,6.360999020893115e-07,3.6303867660015744e-11,199.2252262327648,0.6666666666666666,0.004162269471918553,0.5993703313653459,0.4032647494349622,0.5876130144643505,,,POINT (NaN NaN),GBR
385,385,0.004271982912068352,0.08678885227479033,0.05345385463829522,4.066150794317505e-07,3.3277451322876144e-11,199.39189289943147,0.7121212121212122,0.004162269471918553,0.5993703313653459,0.4032647494349622,0.5876130144643505,,,POINT (NaN NaN),GBR
386,386,0.006051975792096832,0.08678885227479033,0.05380629278398218,1.418050700910627e-05,1.076548390358415e-10,200.71498092251957,0.19852941176470587,0.004162269471918553,0.5993703313653459,0.4032647494349622,0.5876130144643505,,,POINT (NaN NaN),GBR
387,387,0.003203987184051264,0.08678885227479033,0.05304636868319788,2.5356023932029627e-07,4.5641002171671106e-11,194.41732579986441,0.5833333333333334,0.004162269471918553,0.5993703313653459,0.4032647494349622,0.5876130144643505,,,POINT (NaN NaN),GBR
388,388,0.002135991456034176,0.08678885227479033,0.0,0.0,2.4946305565830578e-23,0.0,0.7333333333333333,0.004162269471918553,0.5993703313653459,0.4032647494349622,0.5876130144643505,,,POINT (NaN NaN),GBR
389,389,0.004271982912068352,0.08678885227479033,0.05330467384601314,0.0002306366497203028,4.23653495204346e-11,197.41732579986441,0.6666666666666666,0.004162269471918553,0.5993703313653459,0.4032647494349622,0.5876130144643505,,,POINT (NaN NaN),GBR
390,390,0.001067995728017088,0.08678885227479033,0.0,0.0,1.0218006759764205e-19,0.0,0.0,0.004162269471918553,0.5993703313653459,0.4032647494349622,0.5876130144643505,,,POINT (NaN NaN),GBR
391,391,0.009611961552153792,0.08678885227479033,0.05391876313084047,0.00843172328973992,7.365501457967322e-11,210.35101988355854,0.322463768115942,0.004162269471918553,0.5993703313653459,0.4032647494349622,0.5876130144643505,,,POINT (NaN NaN),GBR
392,392,0.000355998576005696,0.08678885227479033,0.00047466476800759466,0.0,1.9707581397006163e-21,1.5,0.0,0.004162269471918553,0.5993703313653459,0.4032647494349622,0.5876130144643505,,,POINT (NaN NaN),GBR
393,393,0.005695977216091136,0.08678885227479033,0.053607356045494756,4.5807412541840726e-05,9.053829981495003e-11,197.71498092251957,0.20833333333333334,0.004162269471918553,0.5993703313653459,0.4032647494349622,0.5876130144643505,,,POINT (NaN NaN),GBR
394,394,0.000711997152011392,0.08678885227479033,0.000355998576005696,0.0,3.2430197235579753e-22,1.0,1.0,0.004162269471918553,0.5993703313653459,0.4032647494349622,0.5876130144643505,,,POINT (NaN NaN),GBR
395,395,0.004271982912068352,0.08678885227479033,0.05343402581249896,5.168704044672327e-05,7.771347310273575e-11,198.58399246653107,0.18181818181818182,0.004162269471918553,0.5993703313653459,0.4032647494349622,0.5876130144643505,,,POINT (NaN NaN),GBR
396,396,0.001067995728017088,0.08678885227479033,0.05310578501111268,0.0,3.048999688810474e-11,194.41732579986441,1.0,0.004162269471918553,0.5993703313653459,0.4032647494349622,0.5876130144643505,,,POINT (NaN NaN),GBR
397,397,0.008187967248131008,0.08678885227479033,0.05314446011011274,6.194179805643763e-05,6.979106676706019e-11,193.41498092251953,0.14624505928853754,0.004162269471918553,0.5993703313653459,0.4032647494349622,0.5876130144643505,,,POINT (NaN NaN),GBR
398,398,0.001067995728017088,0.08678885227479033,0.000355998576005696,1.2678011966014813e-07,3.2430197235579753e-22,1.0,0.3333333333333333,0.004162269471918553,0.5993703313653459,0.4032647494349622,0.5876130144643505,,,POINT (NaN NaN),GBR
399,399,0.006051975792096832,0.08678885227479033,0.05298017586320518,0.00013670210537619393,2.8876233146400016e-11,193.41732579986441,0.4117647058823529,0.004162269471918553,0.5993703313653459,0.4032647494349622,0.5876130144643505,,,POINT (NaN NaN),GBR
400,400,0.001067995728017088,0.08678885227479033,0.0,0.0,2.4946305565830578e-23,0.0,0.6666666666666666,0.004162269471918553,0.5993703313653459,0.4032647494349622,0.5876130144643505,,,POINT (NaN NaN),GBR
401,401,0.00355998576005696,0.08678885227479033,0.053172044126652565,0.00022155428517123653,3.6042662593888626e-11,195.41732579986441,0.6785714285714286,0.004162269471918553,0.5993703313653459,0.4032647494349622,0.5876130144643505,,,POINT (NaN NaN),GBR
402,402,0.004983980064079744,0.08678885227479033,0.053988533787065675,0.004092675952448649,5.7790659058107694e-11,208.69149607403472,0.46153846153846156,0.004162269471918553,0.5993703313653459,0.4032647494349622,0.5876130144643505,,,POINT (NaN NaN),GBR
403,403,0.007831968672125312,0.08678885227479033,0.052897586665874304,2.9575756439135265e-05,6.17554794548461e-11,191.91498092251953,0.12121212121212122,0.004162269471918553,0.5993703313653459,0.4032647494349622,0.5876130144643505,,,POINT (NaN NaN),GBR
404,404,0.0,0.08678885227479033,0.0,0.0,2.4946305565830578e-23,0.0,0.0,0.004162269471918553,0.5993703313653459,0.4032647494349622,0.5876130144643505,,,POINT (NaN NaN),GBR
405,405,0.002135991456034176,0.08678885227479033,0.05252856367709389,3.1920180043509114e-07,1.693104138724871e-11,185.36498092251927,0.2,0.004162269471918553,0.5993703313653459,0.4032647494349622,0.5876130144643505,,,POINT (NaN NaN),GBR
406,406,0.005695977216091136,0.08678885227479033,0.05326507431971946,0.0001959794522126213,4.4632906456583525e-11,199.13475004228866,0.38461538461538464,0.004162269471918553,0.5993703313653459,0.4032647494349622,0.5876130144643505,,,POINT (NaN NaN),GBR
407,407,0.009255962976148096,0.08678885227479033,0.058967504024535745,0.0011707536155450397,1.6793442484009027e-10,229.58304956567446,0.16615384615384615,0.004162269471918553,0.5993703313653459,0.4032647494349622,0.5876130144643505,,,POINT (NaN NaN),GBR
408,408,0.003915984336062656,0.08678885227479033,0.05291402023355654,0.00011023802179354146,2.6522834637448273e-11,192.4173257998644,0.5818181818181818,0.004162269471918553,0.5993703313653459,0.4032647494349622,0.5876130144643505,,,POINT (NaN NaN),GBR
409,409,0.002847988608045568,0.08678885227479033,0.053566200072673834,1.2116331826777885e-05,4.658476710317791e-11,203.3414960740347,0.7142857142857143,0.004162269471918553,0.5993703313653459,0.4032647494349622,0.5876130144643505,,,POINT (NaN NaN),GBR
410,410,0.00355998576005696,0.08678885227479033,0.053542722071158205,0.00010512863828702131,4.2313800169744574e-11,205.77681353435221,0.4222222222222222,0.004162269471918553,0.5993703313653459,0.4032647494349622,0.5876130144643505,,,POINT (NaN NaN),GBR
411,411,0.001423994304022784,0.08678885227479033,0.05520588123472749,1.2583612915878254e-06,2.4559826799296716e-11,192.89859292324627,0.6666666666666666,0.004162269471918553,0.5993703313653459,0.4032647494349622,0.5876130144643505,,,POINT (NaN NaN),GBR
412,412,0.004627981488074048,0.08678885227479033,0.053149712103418206,0.0,2.516983983334382e-11,198.39189289943147,0.6923076923076923,0.004162269471918553,0.5993703313653459,0.4032647494349622,0.5876130144643505,,,POINT (NaN NaN),GBR
413,413,0.002491990032039872,0.08678885227479033,0.05325821247439647,0.0,3.8197309596406184e-11,198.13475004228863,1.0,0.004162269471918553,0.5993703313653459,0.4032647494349622,0.5876130144643505,,,POINT (NaN NaN),GBR
414,414,0.0088999644001424,0.08678885227479033,0.058227728779225725,0.0013060021861604218,1.4609658547482825e-10,223.91638289900825,0.18,0.004162269471918553,0.5993703313653459,0.4032647494349622,0.5876130144643505,,,POINT (NaN NaN),GBR
415,415,0.001067995728017088,0.08678885227479033,0.05291402023355654,0.0,2.6522834637448273e-11,192.4173257998644,1.0,0.004162269471918553,0.5993703313653459,0.4032647494349622,0.5876130144643505,,,POINT (NaN NaN),GBR
416,416,0.003203987184051264,0.08678885227479033,0.052944467481911076,0.0,1.8297637051757932e-11,194.72522623276475,0.7222222222222222,0.004162269471918553,0.5993703313653459,0.4032647494349622,0.5876130144643505,,,POINT (NaN NaN),GBR
417,417,0.00177999288002848,0.08678885227479033,0.0529868280526878,0.0,1.3767982628889789e-11,192.97522623276475,0.7,0.004162269471918553,0.5993703313653459,0.4032647494349622,0.5876130144643505,,,POINT (NaN NaN),GBR
418,418,0.006051975792096832,0.08678885227479033,0.053726852882607916,2.3376324303126587e-05,1.4180197724669836e-10,203.47173805427673,0.2426470588235294,0.004162269471918553,0.5993703313653459,0.4032647494349622,0.5876130144643505,,,POINT (NaN NaN),GBR
419,419,0.002847988608045568,0.08678885227479033,0.0530665305324952,0.0,1.787617093256043e-11,194.8918928994314,0.8571428571428571,0.004162269471918553,0.5993703313653459,0.4032647494349622,0.5876130144643505,,,POINT (NaN NaN),GBR
420,420,0.008187967248131008,0.08678885227479033,0.0529580316828928,0.00024168218546257933,2.3082967968079356e-11,196.39189289943144,0.45714285714285713,0.004162269471918553,0.5993703313653459,0.4032647494349622,0.5876130144643505,,,POINT (NaN NaN),GBR
421,421,0.008187967248131008,0.08678885227479033,0.053128785294419445,0.0008914189218304166,2.101965889101384e-11,200.13435321689178,0.34782608695652173,0.004162269471918553,0.5993703313653459,0.4032647494349622,0.5876130144643505,,,POINT (NaN NaN),GBR
422,422,0.004627981488074048,0.08678885227479033,0.05287839529994339,0.00021387212523383333,1.6953336316487597e-11,193.72522623276475,0.46153846153846156,0.004162269471918553,0.5993703313653459,0.4032647494349622,0.5876130144643505,,,POINT (NaN NaN),GBR
423,423,0.00355998576005696,0.08678885227479033,0.05360348451636987,2.8322393045347976e-06,1.1422323337948315e-10,201.4717380542767,0.4222222222222222,0.004162269471918553,0.5993703313653459,0.4032647494349622,0.5876130144643505,,,POINT (NaN NaN),GBR
424,424,0.00533997864008544,0.08678885227479033,0.053969785806869355,5.7288070540169386e-05,1.240674597935045e-10,205.52173805427674,0.2857142857142857,0.004162269471918553,0.5993703313653459,0.4032647494349622,0.5876130144643505,,,POINT (NaN NaN),GBR
425,425,0.009967960128159488,0.08678885227479033,0.052881835217233414,0.000348594498771651,1.713991630879177e-11,195.64387702641557,0.41304347826086957,0.004162269471918553,0.5993703313653459,0.4032647494349622,0.5876130144643505,,,POINT (NaN NaN),GBR
426,426,0.001067995728017088,0.08678885227479033,0.04812470852824339,0.0,1.2257613569570542e-12,164.1872168964883,0.0,0.004162269471918553,0.5993703313653459,0.4032647494349622,0.5876130144643505,,,POINT (NaN NaN),GBR
427,427,0.005695977216091136,0.08678885227479033,0.052927604475962946,0.00013141101744759952,1.6026303754324945e-11,194.64387702641557,0.525,0.004162269471918553,0.5993703313653459,0.4032647494349622,0.5876130144643505,,,POINT (NaN NaN),GBR
428,428,0.002135991456034176,0.08678885227479033,0.055584761561055844,0.0001528917829352823,7.452540067318378e-11,198.95130965096294,0.4666666666666667,0.004162269471918553,0.5993703313653459,0.4032647494349622,0.5876130144643505,,,POINT (NaN NaN),GBR
429,429,0.005695977216091136,0.08678885227479033,0.05274636234617608,0.0002567908012576405,1.238779742969833e-11,191.3918928994314,0.4358974358974359,0.004162269471918553,0.5993703313653459,0.4032647494349622,0.5876130144643505,,,POINT (NaN NaN),GBR
430,430,0.003203987184051264,0.08678885227479033,0.05349847884703051,1.1271130213001901e-05,6.30288578017075e-11,197.80507138761004,0.16666666666666666,0.004162269471918553,0.5993703313653459,0.4032647494349622,0.5876130144643505,,,POINT (NaN NaN),GBR
431,431,0.0088999644001424,0.08678885227479033,0.058332923858468735,0.0005509214713423874,2.0496704956562087e-10,227.166382899008,0.22,0.004162269471918553,0.5993703313653459,0.4032647494349622,0.5876130144643505,,,POINT (NaN NaN),GBR
432,432,0.007831968672125312,0.08678885227479033,0.05808318110578805,0.0011508519427429846,1.1839644683330478e-10,221.91638289900843,0.23376623376623376,0.004162269471918553,0.5993703313653459,0.4032647494349622,0.5876130144643505,,,POINT (NaN NaN),GBR
433,433,0.011035955856176576,0.08678885227479033,0.05306925070385935,0.0004604609706063379,2.2622570037522097e-11,199.80101988355847,0.43333333333333335,0.004162269471918553,0.5993703313653459,0.4032647494349622,0.5876130144643505,,,POINT (NaN NaN),GBR
434,434,0.007831968672125312,0.08678885227479033,0.058423798834249425,0.00017367737494170573,1.8352153980063175e-10,225.29217654980184,0.30735930735930733,0.004162269471918553,0.5993703313653459,0.4032647494349622,0.5876130144643505,,,POINT (NaN NaN),GBR
435,435,0.004627981488074048,0.08678885227479033,0.05807500037605484,0.0002826670574681735,9.602689714028163e-11,220.91638289900848,0.3717948717948718,0.004162269471918553,0.5993703313653459,0.4032647494349622,0.5876130144643505,,,POINT (NaN NaN),GBR
436,436,0.002135991456034176,0.08678885227479033,0.04755116298225011,4.4563949044661714e-07,6.129902507052398e-11,172.20384483638236,0.3333333333333333,0.004162269471918553,0.5993703313653459,0.4032647494349622,0.5876130144643505,,,POINT (NaN NaN),GBR
437,437,0.004983980064079744,0.08678885227479033,0.05574256066283675,0.0004881932627974615,9.24383248647955e-11,201.6179763176296,0.25274725274725274,0.004162269471918553,0.5993703313653459,0.4032647494349622,0.5876130144643505,,,POINT (NaN NaN),GBR
438,438,0.001067995728017088,0.08678885227479033,0.05256121652136022,0.0,7.707312708326387e-12,186.34228972482816,1.0,0.004162269471918553,0.5993703313653459,0.4032647494349622,0.5876130144643505,,,POINT (NaN NaN),GBR
439,439,0.008187967248131008,0.08678885227479033,0.05808318110578805,0.0010246678505582535,1.1017786151387094e-10,221.91638289900843,0.1857707509881423,0.004162269471918553,0.5993703313653459,0.4032647494349622,0.5876130144643505,,,POINT (NaN NaN),GBR
440,440,0.004271982912068352,0.08678885227479033,0.05278693126991368,2.2119657623083304e-06,1.1746515783295073e-11,191.6323690899076,0.7636363636363637,0.004162269471918553,0.5993703313653459,0.4032647494349622,0.5876130144643505,,,POINT (NaN NaN),GBR
441,441,0.00355998576005696,0.08678885227479033,0.05800688136872751,4.6717413363118345e-05,1.0309500098559527e-10,220.41638289900854,0.5,0.004162269471918553,0.5993703313653459,0.4032647494349622,0.5876130144643505,,,POINT (NaN NaN),GBR
442,442,0.015663937344250624,0.08678885227479033,0.05820365382849422,0.0100729012448091,8.653898800359088e-11,226.81634682397208,0.25375375375375375,0.004162269471918553,0.5993703313653459,0.4032647494349622,0.5876130144643505,,,POINT (NaN NaN),GBR
443,443,0.028123887504449982,0.08678885227479033,0.05856372763088909,0.03833662028698568,2.973029720744971e-10,238.62428333190752,0.11035007610350075,0.004162269471918553,0.5993703313653459,0.4032647494349622,0.5876130144643505,,,POINT (NaN NaN),GBR
444,444,0.006763972944108224,0.08678885227479033,0.05303507641658788,0.0001053077377047493,1.7932494455745425e-11,196.9676865502251,0.5333333333333333,0.004162269471918553,0.5993703313653459,0.4032647494349622,0.5876130144643505,,,POINT (NaN NaN),GBR
445,445,0.003915984336062656,0.08678885227479033,0.058079090452847294,4.339057330402511e-06,1.1835377324736654e-10,221.41638289900845,0.6545454545454545,0.004162269471918553,0.5993703313653459,0.4032647494349622,0.5876130144643505,,,POINT (NaN NaN),GBR
446,446,0.002491990032039872,0.08678885227479033,0.052564571207122365,9.50850897451111e-08,1.1956987578352187e-11,187.17562305816153,0.6666666666666666,0.004162269471918553,0.5993703313653459,0.4032647494349622,0.5876130144643505,,,POINT (NaN NaN),GBR
447,447,0.00355998576005696,0.08678885227479033,0.05807500037605484,4.315173523398862e-06,1.1711450511589424e-10,220.91638289900848,0.5777777777777777,0.004162269471918553,0.5993703313653459,0.4032647494349622,0.5876130144643505,,,POINT (NaN NaN),GBR
448,448,0.00355998576005696,0.08678885227479033,0.0029899512303791275,0.00018169891905629937,5.999955693904629e-17,10.41071428571428,0.5555555555555556,0.004162269471918553,0.5993703313653459,0.4032647494349622,0.5876130144643505,,,POINT (NaN NaN),GBR
449,449,0.006407974368102528,0.08678885227479033,0.05287504504835601,1.4286600538008138e-05,2.3552190611971475e-11,193.19903575657426,0.5164835164835165,0.004162269471918553,0.5993703313653459,0.4032647494349622,0.5876130144643505,,,POINT (NaN NaN),GBR
450,450,0.00355998576005696,0.08678885227479033,0.04980106947472242,1.3598899862472918e-05,6.0575046041911305e-12,174.64903575657357,0.6666666666666666,0.004162269471918553,0.5993703313653459,0.4032647494349622,0.5876130144643505,,,POINT (NaN NaN),GBR
451,451,0.001423994304022784,0.08678885227479033,0.04985923176764199,2.1895113327259475e-06,1.219121514582896e-11,174.64903575657357,0.6666666666666666,0.004162269471918553,0.5993703313653459,0.4032647494349622,0.5876130144643505,,,POINT (NaN NaN),GBR
452,452,0.00355998576005696,0.08678885227479033,0.0580027960893861,1.4861034423661955e-05,1.0435658786558784e-10,219.9163828990086,0.6111111111111112,0.004162269471918553,0.5993703313653459,0.4032647494349622,0.5876130144643505,,,POINT (NaN NaN),GBR
453,453,0.00355998576005696,0.08678885227479033,0.05799054370322442,0.0001310136469926497,7.95551408556413e-11,218.749716232342,0.4444444444444444,0.004162269471918553,0.5993703313653459,0.4032647494349622,0.5876130144643505,,,POINT (NaN NaN),GBR
454,454,0.001423994304022784,0.08678885227479033,0.050207897724059064,0.000100218950888123,2.061935018279979e-11,180.24149607403413,0.6666666666666666,0.004162269471918553,0.5993703313653459,0.4032647494349622,0.5876130144643505,,,POINT (NaN NaN),GBR
455,455,0.002847988608045568,0.08678885227479033,0.051037245641658735,5.973483172332437e-05,5.303230621821799e-11,185.7484896811157,0.6071428571428571,0.004162269471918553,0.5993703313653459,0.4032647494349622,0.5876130144643505,,,POINT (NaN NaN),GBR
456,456,0.002135991456034176,0.08678885227479033,0.051037245641658735,0.0,5.303230621821799e-11,185.7484896811157,0.8,0.004162269471918553,0.5993703313653459,0.4032647494349622,0.5876130144643505,,,POINT (NaN NaN),GBR
457,457,0.004627981488074048,0.08678885227479033,0.05150837411917528,1.2193878235297465e-05,7.78337532281645e-11,190.13182301444905,0.5384615384615384,0.004162269471918553,0.5993703313653459,0.4032647494349622,0.5876130144643505,,,POINT (NaN NaN),GBR
458,458,0.000711997152011392,0.08678885227479033,0.00047466476800759466,0.0,1.9707581397006163e-21,1.5,1.0,0.004162269471918553,0.5993703313653459,0.4032647494349622,0.5876130144643505,,,POINT (NaN NaN),GBR
459,459,0.00355998576005696,0.08678885227479033,0.04732961267508379,1.6561887626124412e-07,8.054592141766854e-11,170.15384483638235,0.5777777777777777,0.004162269471918553,0.5993703313653459,0.4032647494349622,0.5876130144643505,,,POINT (NaN NaN),GBR
460,460,0.003915984336062656,0.08678885227479033,0.05117596540263857,3.280332105523498e-05,7.876618771055774e-11,187.7484896811157,0.5454545454545454,0.004162269471918553,0.5993703313653459,0.4032647494349622,0.5876130144643505,,,POINT (NaN NaN),GBR
461,461,0.00177999288002848,0.08678885227479033,0.04665110586303895,1.2678011966014813e-07,1.5698555920093084e-11,162.48717816971558,0.4,0.004162269471918553,0.5993703313653459,0.4032647494349622,0.5876130144643505,,,POINT (NaN NaN),GBR
462,462,0.000355998576005696,0.08678885227479033,0.0,0.0,2.4946305565830578e-23,0.0,0.0,0.004162269471918553,0.5993703313653459,0.4032647494349622,0.5876130144643505,,,POINT (NaN NaN),GBR
463,463,0.002847988608045568,0.08678885227479033,0.04985298148344106,4.695217961378746e-05,6.486633249116386e-12,176.23435321689115,0.32142857142857145,0.004162269471918553,0.5993703313653459,0.4032647494349622,0.5876130144643505,,,POINT (NaN NaN),GBR
464,464,0.00533997864008544,0.08678885227479033,0.0548812844451033,0.0009060108765091936,8.072865666672403e-11,204.8996801573063,0.3333333333333333,0.004162269471918553,0.5993703313653459,0.4032647494349622,0.5876130144643505,,,POINT (NaN NaN),GBR
465,465,0.001423994304022784,0.08678885227479033,0.000355998576005696,4.221777984682933e-05,3.2430197235579753e-22,1.0,0.3333333333333333,0.004162269471918553,0.5993703313653459,0.4032647494349622,0.5876130144643505,,,POINT (NaN NaN),GBR
466,466,0.002135991456034176,0.08678885227479033,0.00272561409754361,1.0212842972623047e-06,2.3399534835526824e-17,8.910714285714286,0.7333333333333333,0.004162269471918553,0.5993703313653459,0.4032647494349622,0.5876130144643505,,,POINT (NaN NaN),GBR
467,467,0.00177999288002848,0.08678885227479033,0.003292274830900677,0.00048136194266764834,3.69683293588934e-17,10.809523809523803,0.3,0.004162269471918553,0.5993703313653459,0.4032647494349622,0.5876130144643505,,,POINT (NaN NaN),GBR
468,468,0.00177999288002848,0.08678885227479033,0.003292274830900677,0.00045664374748926695,3.69683293588934e-17,10.809523809523803,0.5,0.004162269471918553,0.5993703313653459,0.4032647494349622,0.5876130144643505,,,POINT (NaN NaN),GBR
469,469,0.00711997152011392,0.08678885227479033,0.06024873058402503,0.001045092088260446,1.5461501649792157e-10,225.73331863784594,0.29411764705882354,0.004162269471918553,0.5993703313653459,0.4032647494349622,0.5876130144643505,,,POINT (NaN NaN),GBR
470,470,0.00177999288002848,0.08678885227479033,0.0034610972667220444,0.00025830397049113503,6.036783924811465e-17,11.809523809523803,0.2,0.004162269471918553,0.5993703313653459,0.4032647494349622,0.5876130144643505,,,POINT (NaN NaN),GBR
471,471,0.004271982912068352,0.08678885227479033,0.04954934242215106,0.0,5.480545708508573e-12,171.6490357565732,0.6666666666666666,0.004162269471918553,0.5993703313653459,0.4032647494349622,0.5876130144643505,,,POINT (NaN NaN),GBR
472,472,0.000355998576005696,0.08678885227479033,0.0,0.0,2.4946305565830578e-23,0.0,0.0,0.004162269471918553,0.5993703313653459,0.4032647494349622,0.5876130144643505,,,POINT (NaN NaN),GBR
473,473,0.00177999288002848,0.08678885227479033,0.0521636974321668,2.171365619028795e-06,4.240241664542076e-11,186.8576166652427,0.7,0.004162269471918553,0.5993703313653459,0.4032647494349622,0.5876130144643505,,,POINT (NaN NaN),GBR
474,474,0.009255962976148096,0.08678885227479033,0.05475102783859818,0.0027872378020639757,5.600177442532652e-11,204.98499761762378,0.22529644268774704,0.004162269471918553,0.5993703313653459,0.4032647494349622,0.5876130144643505,,,POINT (NaN NaN),GBR
475,475,0.0,0.08678885227479033,0.0,0.0,2.4946305565830578e-23,0.0,0.0,0.004162269471918553,0.5993703313653459,0.4032647494349622,0.5876130144643505,,,POINT (NaN NaN),GBR
476,476,0.01067995728017088,0.08678885227479033,0.052366307091063026,0.0004883168403477483,3.0564270348986955e-10,208.17737468500067,0.21149425287356322,0.004162269471918553,0.5993703313653459,0.4032647494349622,0.5876130144643505,,,POINT (NaN NaN),GBR
477,477,0.000711997152011392,0.08678885227479033,0.047572660519020794,2.448719521314926e-06,8.380273138931817e-12,166.45060085813807,0.0,0.004162269471918553,0.5993703313653459,0.4032647494349622,0.5876130144643505,,,POINT (NaN NaN),GBR
478,478,0.006763972944108224,0.08678885227479033,0.051375219541398134,5.994696328881564e-05,1.3190433422432284e-10,192.29848968111568,0.2573099415204678,0.004162269471918553,0.5993703313653459,0.4032647494349622,0.5876130144643505,,,POINT (NaN NaN),GBR
479,479,0.001067995728017088,0.08678885227479033,0.047572660519020794,2.448719521314926e-06,8.380273138931817e-12,166.45060085813807,0.6666666666666666,0.004162269471918553,0.5993703313653459,0.4032647494349622,0.5876130144643505,,,POINT (NaN NaN),GBR
480,480,0.000355998576005696,0.08678885227479033,0.00047466476800759466,0.0,2.040358332229284e-19,1.5,0.0,0.004162269471918553,0.5993703313653459,0.4032647494349622,0.5876130144643505,,,POINT (NaN NaN),GBR
481,481,0.003915984336062656,0.08678885227479033,0.052543945951560284,0.00026405501203015147,7.601686622865931e-11,195.3242833319094,0.43636363636363634,0.004162269471918553,0.5993703313653459,0.4032647494349622,0.5876130144643505,,,POINT (NaN NaN),GBR
482,482,0.009967960128159488,0.08678885227479033,0.05158567335096412,0.0003471484963456515,1.3632607018199672e-10,193.01070801833393,0.21957671957671956,0.004162269471918553,0.5993703313653459,0.4032647494349622,0.5876130144643505,,,POINT (NaN NaN),GBR
483,483,0.003203987184051264,0.08678885227479033,0.05255018511404724,0.0005452123257353402,9.397492909931724e-11,197.46515634778243,0.4166666666666667,0.004162269471918553,0.5993703313653459,0.4032647494349622,0.5876130144643505,,,POINT (NaN NaN),GBR
484,484,0.001423994304022784,0.08678885227479033,0.047979491008865234,0.0,1.7853087766397892e-11,169.95060085813822,1.0,0.004162269471918553,0.5993703313653459,0.4032647494349622,0.5876130144643505,,,POINT (NaN NaN),GBR
485,485,0.001423994304022784,0.08678885227479033,0.000355998576005696,1.2678011966014813e-07,2.0433518888971834e-19,1.0,0.0,0.004162269471918553,0.5993703313653459,0.4032647494349622,0.5876130144643505,,,POINT (NaN NaN),GBR
486,486,0.004271982912068352,0.08678885227479033,0.05120030137714793,0.0002739350437121325,1.2431445074107882e-10,190.09404135166724,0.22727272727272727,0.004162269471918553,0.5993703313653459,0.4032647494349622,0.5876130144643505,,,POINT (NaN NaN),GBR
487,487,0.00177999288002848,0.08678885227479033,0.0480194786395817,5.680545166720555e-07,2.1797498634760144e-11,165.4492672489194,0.6,0.004162269471918553,0.5993703313653459,0.4032647494349622,0.5876130144643505,,,POINT (NaN NaN),GBR
488,488,0.004983980064079744,0.08678885227479033,0.05087427314747271,9.79462243019508e-05,1.413249743760432e-10,187.7607080183339,0.42857142857142855,0.004162269471918553,0.5993703313653459,0.4032647494349622,0.5876130144643505,,,POINT (NaN NaN),GBR
489,489,0.002491990032039872,0.08678885227479033,0.05702604726749807,0.014057942824578874,1.195339145787278e-10,215.5604505101034,0.3333333333333333,0.004162269471918553,0.5993703313653459,0.4032647494349622,0.5876130144643505,,,POINT (NaN NaN),GBR
490,490,0.001423994304022784,0.08678885227479033,0.051876946786244875,6.116859882831702e-06,3.866922115118585e-11,188.65761666524267,0.5,0.004162269471918553,0.5993703313653459,0.4032647494349622,0.5876130144643505,,,POINT (NaN NaN),GBR
491,491,0.00355998576005696,0.08678885227479033,0.04756245054754,6.647663606750132e-06,3.0179804580727606e-11,169.36726752480487,0.5714285714285714,0.004162269471918553,0.5993703313653459,0.4032647494349622,0.5876130144643505,,,POINT (NaN NaN),GBR
492,492,0.005695977216091136,0.08678885227479033,0.051134271043618625,0.00045199739432831635,1.3914672062634405e-10,189.59404135166724,0.275,0.004162269471918553,0.5993703313653459,0.4032647494349622,0.5876130144643505,,,POINT (NaN NaN),GBR
493,493,0.000355998576005696,0.08678885227479033,0.0,0.0,2.4946305565830578e-23,0.0,0.0,0.004162269471918553,0.5993703313653459,0.4032647494349622,0.5876130144643505,,,POINT (NaN NaN),GBR
494,494,0.001067995728017088,0.08678885227479033,0.003292274830900677,0.00027523713424625035,3.69683293588934e-17,10.809523809523803,0.3333333333333333,0.004162269471918553,0.5993703313653459,0.4032647494349622,0.5876130144643505,,,POINT (NaN NaN),GBR
495,495,0.007831968672125312,0.08678885227479033,0.05167497396206027,0.0005567976786632284,1.8064933473202026e-10,195.4273746850006,0.20346320346320346,0.004162269471918553,0.5993703313653459,0.4032647494349622,0.5876130144643505,,,POINT (NaN NaN),GBR
496,496,0.006763972944108224,0.08678885227479033,0.05244449269107458,0.0010058332074834645,9.375451155040315e-11,199.49892258154875,0.26666666666666666,0.004162269471918553,0.5993703313653459,0.4032647494349622,0.5876130144643505,,,POINT (NaN NaN),GBR
497,497,0.00711997152011392,0.08678885227479033,0.051417720938718034,0.0006724785778103945,1.7104568150154515e-10,193.76070801833393,0.2,0.004162269471918553,0.5993703313653459,0.4032647494349622,0.5876130144643505,,,POINT (NaN NaN),GBR
498,498,0.003915984336062656,0.08678885227479033,0.05134010306471427,3.5520477662480044e-05,1.3116323010181643e-10,192.09404135166724,0.3090909090909091,0.004162269471918553,0.5993703313653459,0.4032647494349622,0.5876130144643505,,,POINT (NaN NaN),GBR
499,499,0.004627981488074048,0.08678885227479033,0.05714147526374837,0.007848597305387443,2.4620179942459186e-10,220.3104505101031,0.28205128205128205,0.004162269471918553,0.5993703313653459,0.4032647494349622,0.5876130144643505,,,POINT (NaN NaN),GBR
500,500,0.0,0.08678885227479033,0.0,0.0,2.4946305565830578e-23,0.0,0.0,0.004162269471918553,0.5993703313653459,0.4032647494349622,0.5876130144643505,,,POINT (NaN NaN),GBR
501,501,0.003203987184051264,0.08678885227479033,0.0042602466952769555,0.0014433916623307862,5.257990200612913e-17,15.150000000000002,0.1111111111111111,0.004162269471918553,0.5993703313653459,0.4032647494349622,0.5876130144643505,,,POINT (NaN NaN),GBR
502,502,0.006407974368102528,0.08678885227479033,0.05085626711044579,5.2587504806349835e-05,1.6468344140365482e-10,194.2273746850006,0.28104575163398693,0.004162269471918553,0.5993703313653459,0.4032647494349622,0.5876130144643505,,,POINT (NaN NaN),GBR
503,503,0.00177999288002848,0.08678885227479033,0.05180885505870171,3.0139587888946787e-05,3.871081230634836e-11,189.99892258154867,0.3,0.004162269471918553,0.5993703313653459,0.4032647494349622,0.5876130144643505,,,POINT (NaN NaN),GBR
504,504,0.003915984336062656,0.08678885227479033,0.05470483317543512,0.00717960399208089,1.661210432915016e-10,206.61045051010348,0.2727272727272727,0.004162269471918553,0.5993703313653459,0.4032647494349622,0.5876130144643505,,,POINT (NaN NaN),GBR
505,505,0.002135991456034176,0.08678885227479033,0.05307714312148029,0.0001420453797970481,5.113543271792653e-11,188.43127623580466,0.6,0.004162269471918553,0.5993703313653459,0.4032647494349622,0.5876130144643505,,,POINT (NaN NaN),GBR
506,506,0.006051975792096832,0.08678885227479033,0.05037285403507665,0.0002370439953513291,1.4831555916686362e-10,188.39404135166723,0.21323529411764705,0.004162269471918553,0.5993703313653459,0.4032647494349622,0.5876130144643505,,,POINT (NaN NaN),GBR
507,507,0.005695977216091136,0.08678885227479033,0.05211729878993375,0.0008290406469339773,8.40172416529246e-11,196.83225591488207,0.24166666666666667,0.004162269471918553,0.5993703313653459,0.4032647494349622,0.5876130144643505,,,POINT (NaN NaN),GBR
508,508,0.007831968672125312,0.08678885227479033,0.05459084371891838,0.0025651286354286414,1.8941632119113266e-10,205.77787475252796,0.2727272727272727,0.004162269471918553,0.5993703313653459,0.4032647494349622,0.5876130144643505,,,POINT (NaN NaN),GBR
509,509,0.002847988608045568,0.08678885227479033,0.05043102158558867,1.1476634663605263e-07,1.1240919696704861e-10,187.89404135166723,0.2857142857142857,0.004162269471918553,0.5993703313653459,0.4032647494349622,0.5876130144643505,,,POINT (NaN NaN),GBR
510,510,0.015663937344250624,0.08678885227479033,0.05578685791590932,0.024734198138710695,4.3203082911120667e-10,222.71759336724566,0.15563298490127758,0.004162269471918553,0.5993703313653459,0.4032647494349622,0.5876130144643505,,,POINT (NaN NaN),GBR
511,511,0.003203987184051264,0.08678885227479033,0.047588176133306896,1.5888304486418206e-07,6.804049792695756e-11,167.83819442081972,0.5277777777777778,0.004162269471918553,0.5993703313653459,0.4032647494349622,0.5876130144643505,,,POINT (NaN NaN),GBR
512,512,0.002847988608045568,0.08678885227479033,0.004990892657788592,0.0,1.6864805189207486e-16,18.76666666666667,0.35714285714285715,0.004162269471918553,0.5993703313653459,0.4032647494349622,0.5876130144643505,,,POINT (NaN NaN),GBR
513,513,0.004627981488074048,0.08678885227479033,0.05165143493554466,9.127868937462435e-05,9.1052246812732e-11,193.2489225815487,0.24358974358974358,0.004162269471918553,0.5993703313653459,0.4032647494349622,0.5876130144643505,,,POINT (NaN NaN),GBR
514,514,0.002491990032039872,0.08678885227479033,0.0043397921646408655,0.0,5.2946238503363355e-17,16.06666666666667,0.42857142857142855,0.004162269471918553,0.5993703313653459,0.4032647494349622,0.5876130144643505,,,POINT (NaN NaN),GBR
515,515,0.00355998576005696,0.08678885227479033,0.04893029398678274,1.0876603391210727e-05,7.273332034671449e-11,179.63939877202455,0.6666666666666666,0.004162269471918553,0.5993703313653459,0.4032647494349622,0.5876130144643505,,,POINT (NaN NaN),GBR
516,516,0.001423994304022784,0.08678885227479033,0.0036922138025733612,0.0,8.327583207877235e-17,13.383333333333333,0.5,0.004162269471918553,0.5993703313653459,0.4032647494349622,0.5876130144643505,,,POINT (NaN NaN),GBR
517,517,0.002847988608045568,0.08678885227479033,0.043920474692318426,8.684450624973925e-07,4.920799476831323e-11,153.3024218600457,0.39285714285714285,0.004162269471918553,0.5993703313653459,0.4032647494349622,0.5876130144643505,,,POINT (NaN NaN),GBR
518,518,0.003203987184051264,0.08678885227479033,0.04797794104522907,3.4475148908661697e-07,6.635027043557126e-11,172.5242833319087,0.3055555555555556,0.004162269471918553,0.5993703313653459,0.4032647494349622,0.5876130144643505,,,POINT (NaN NaN),GBR
519,519,0.008187967248131008,0.08678885227479033,0.05680268081752578,0.0015163551653656754,2.479281348436658e-10,222.56045051010292,0.16205533596837945,0.004162269471918553,0.5993703313653459,0.4032647494349622,0.5876130144643505,,,POINT (NaN NaN),GBR
520,520,0.00533997864008544,0.08678885227479033,0.0522736514306468,3.5230296220085556e-05,9.278248925485358e-11,189.03700173665484,0.22857142857142856,0.004162269471918553,0.5993703313653459,0.4032647494349622,0.5876130144643505,,,POINT (NaN NaN),GBR
521,521,0.003203987184051264,0.08678885227479033,0.05169680898308352,2.5929340987179446e-05,4.557094538973059e-11,182.03700173665484,0.25,0.004162269471918553,0.5993703313653459,0.4032647494349622,0.5876130144643505,,,POINT (NaN NaN),GBR
522,522,0.005695977216091136,0.08678885227479033,0.05220877952569664,4.1006616273671546e-05,1.0476835591473865e-10,189.03700173665484,0.35833333333333334,0.004162269471918553,0.5993703313653459,0.4032647494349622,0.5876130144643505,,,POINT (NaN NaN),GBR
523,523,0.00355998576005696,0.08678885227479033,0.004561528420552984,1.0196378022017832e-06,3.177331111742031e-17,16.733333333333334,0.3111111111111111,0.004162269471918553,0.5993703313653459,0.4032647494349622,0.5876130144643505,,,POINT (NaN NaN),GBR
524,524,0.00177999288002848,0.08678885227479033,0.0023983061962488993,0.0,3.6463266456407597e-17,7.91071428571429,0.6666666666666666,0.004162269471918553,0.5993703313653459,0.4032647494349622,0.5876130144643505,,,POINT (NaN NaN),GBR
525,525,0.003203987184051264,0.08678885227479033,0.0487581421931657,2.4987828544375883e-05,4.714989412401576e-11,177.04892258154823,0.2777777777777778,0.004162269471918553,0.5993703313653459,0.4032647494349622,0.5876130144643505,,,POINT (NaN NaN),GBR
526,526,0.002135991456034176,0.08678885227479033,0.0038439846240615042,1.5792631788834467e-07,4.370622670700197e-17,14.183333333333335,0.3333333333333333,0.004162269471918553,0.5993703313653459,0.4032647494349622,0.5876130144643505,,,POINT (NaN NaN),GBR
527,527,0.001423994304022784,0.08678885227479033,0.0028509552628456156,4.05696382912474e-06,2.6523111648035607e-17,9.342857142857138,0.5,0.004162269471918553,0.5993703313653459,0.4032647494349622,0.5876130144643505,,,POINT (NaN NaN),GBR
528,528,0.002491990032039872,0.08678885227479033,0.0038439846240615042,0.00021948753332994456,4.370622670700197e-17,14.183333333333335,0.2857142857142857,0.004162269471918553,0.5993703313653459,0.4032647494349622,0.5876130144643505,,,POINT (NaN NaN),GBR
529,529,0.004271982912068352,0.08678885227479033,0.04881056571659009,4.6720737420460564e-05,9.592984075566748e-11,180.87987496250074,0.3787878787878788,0.004162269471918553,0.5993703313653459,0.4032647494349622,0.5876130144643505,,,POINT (NaN NaN),GBR
530,530,0.00177999288002848,0.08678885227479033,0.0035999856000576,8.111814656255146e-06,3.611404312479152e-17,12.4,0.4,0.004162269471918553,0.5993703313653459,0.4032647494349622,0.5876130144643505,,,POINT (NaN NaN),GBR
531,531,0.003915984336062656,0.08678885227479033,0.003931026529415009,3.0387167771788157e-05,2.5809372899491623e-17,14.233333333333336,0.23636363636363636,0.004162269471918553,0.5993703313653459,0.4032647494349622,0.5876130144643505,,,POINT (NaN NaN),GBR
532,532,0.006763972944108224,0.08678885227479033,0.05211704491047213,6.703299137270075e-05,9.812309262952558e-11,189.33700173665486,0.26900584795321636,0.004162269471918553,0.5993703313653459,0.4032647494349622,0.5876130144643505,,,POINT (NaN NaN),GBR
533,533,0.00711997152011392,0.08678885227479033,0.04837584976908233,0.0001712126212431153,1.3126163172668513e-10,178.51593391558694,0.2789473684210526,0.004162269471918553,0.5993703313653459,0.4032647494349622,0.5876130144643505,,,POINT (NaN NaN),GBR
534,534,0.011747953008187968,0.08678885227479033,0.055458609764661916,0.003101986094072393,5.504953518254437e-10,223.32668427633644,0.13068181818181818,0.004162269471918553,0.5993703313653459,0.4032647494349622,0.5876130144643505,,,POINT (NaN NaN),GBR
535,535,0.003203987184051264,0.08678885227479033,0.04861575510803514,4.960093605129746e-05,9.24880714448445e-11,176.78939877202438,0.3333333333333333,0.004162269471918553,0.5993703313653459,0.4032647494349622,0.5876130144643505,,,POINT (NaN NaN),GBR
536,536,0.004271982912068352,0.08678885227479033,0.05257150166648034,0.00012654100417405483,1.1525927777846667e-10,196.86045051010348,0.09090909090909091,0.004162269471918553,0.5993703313653459,0.4032647494349622,0.5876130144643505,,,POINT (NaN NaN),GBR
537,537,0.004627981488074048,0.08678885227479033,0.04894843323490685,6.44675111281789e-05,1.2543412685094752e-10,183.47987496250093,0.3333333333333333,0.004162269471918553,0.5993703313653459,0.4032647494349622,0.5876130144643505,,,POINT (NaN NaN),GBR
538,538,0.006051975792096832,0.08678885227479033,0.04906985641107364,0.00022489079196866377,9.483884003436046e-11,183.60599328861926,0.4485294117647059,0.004162269471918553,0.5993703313653459,0.4032647494349622,0.5876130144643505,,,POINT (NaN NaN),GBR
539,539,0.00711997152011392,0.08678885227479033,0.048099577242283,0.00016515350755039271,1.1920408613687128e-10,175.68260058225346,0.2736842105263158,0.004162269471918553,0.5993703313653459,0.4032647494349622,0.5876130144643505,,,POINT (NaN NaN),GBR
540,540,0.00355998576005696,0.08678885227479033,0.0030374717210808577,2.5610575834878194e-05,1.3199165113797661e-17,10.9,0.26666666666666666,0.004162269471918553,0.5993703313653459,0.4032647494349622,0.5876130144643505,,,POINT (NaN NaN),GBR
541,541,0.002135991456034176,0.08678885227479033,0.04791783403867879,1.615196677338222e-06,7.891136778577851e-11,171.4560654386908,0.4,0.004162269471918553,0.5993703313653459,0.4032647494349622,0.5876130144643505,,,POINT (NaN NaN),GBR
542,542,0.004627981488074048,0.08678885227479033,0.0525319480363155,0.000608356694420669,3.0972957220031286e-10,197.44378384343682,0.21794871794871795,0.004162269471918553,0.5993703313653459,0.4032647494349622,0.5876130144643505,,,POINT (NaN NaN),GBR
543,543,0.00711997152011392,0.08678885227479033,0.047963708322816656,0.00019756999279161287,1.2156739504737233e-10,174.68260058225337,0.23157894736842105,0.004162269471918553,0.5993703313653459,0.4032647494349622,0.5876130144643505,,,POINT (NaN NaN),GBR
544,544,0.004271982912068352,0.08678885227479033,0.0031908020516066083,0.00029968607285302924,1.5252595310143438e-17,11.65,0.30303030303030304,0.004162269471918553,0.5993703313653459,0.4032647494349622,0.5876130144643505,,,POINT (NaN NaN),GBR
545,545,0.000711997152011392,0.08678885227479033,0.047344506677657744,0.0,3.4977747188216887e-11,166.03939877202404,1.0,0.004162269471918553,0.5993703313653459,0.4032647494349622,0.5876130144643505,,,POINT (NaN NaN),GBR
546,546,0.00533997864008544,0.08678885227479033,0.04769004310671889,4.012178694506998e-05,3.652504917511882e-11,167.89926724891953,0.2,0.004162269471918553,0.5993703313653459,0.4032647494349622,0.5876130144643505,,,POINT (NaN NaN),GBR
547,547,0.00177999288002848,0.08678885227479033,0.0033208822388591046,0.00017911917905984593,3.3456987172669348e-18,11.733333333333334,0.1,0.004162269471918553,0.5993703313653459,0.4032647494349622,0.5876130144643505,,,POINT (NaN NaN),GBR
548,548,0.001067995728017088,0.08678885227479033,0.04730732739776879,0.0,7.53865691826495e-12,162.29848968111463,0.6666666666666666,0.004162269471918553,0.5993703313653459,0.4032647494349622,0.5876130144643505,,,POINT (NaN NaN),GBR
549,549,0.006051975792096832,0.08678885227479033,0.052440408873340165,0.0002905083904971179,1.2635255264100354e-10,196.19378384343685,0.19117647058823528,0.004162269471918553,0.5993703313653459,0.4032647494349622,0.5876130144643505,,,POINT (NaN NaN),GBR
550,550,0.00177999288002848,0.08678885227479033,0.002906110824536294,1.4476460764303063e-06,5.565196469764447e-18,9.866666666666667,0.4,0.004162269471918553,0.5993703313653459,0.4032647494349622,0.5876130144643505,,,POINT (NaN NaN),GBR
551,551,0.00711997152011392,0.08678885227479033,0.04781989502213748,0.00022357904553652917,1.0499854208369761e-10,172.6826005822532,0.2,0.004162269471918553,0.5993703313653459,0.4032647494349622,0.5876130144643505,,,POINT (NaN NaN),GBR
552,552,0.004271982912068352,0.08678885227479033,0.04854029696218974,4.9980088094037496e-05,8.082571373471725e-11,178.09654162916732,0.3939393939393939,0.004162269471918553,0.5993703313653459,0.4032647494349622,0.5876130144643505,,,POINT (NaN NaN),GBR
553,553,0.00177999288002848,0.08678885227479033,0.05334284311692461,0.00018821208939557462,2.417138428531082e-10,201.57704502669796,0.4,0.004162269471918553,0.5993703313653459,0.4032647494349622,0.5876130144643505,,,POINT (NaN NaN),GBR
554,554,0.00177999288002848,0.08678885227479033,0.05304086884669188,3.003728156965528e-07,1.0922829985282122e-10,194.72711717677018,0.3,0.004162269471918553,0.5993703313653459,0.4032647494349622,0.5876130144643505,,,POINT (NaN NaN),GBR
555,555,0.00533997864008544,0.08678885227479033,0.047815849345739674,6.770633175469196e-05,8.807918851997467e-11,172.18260058225317,0.19047619047619047,0.004162269471918553,0.5993703313653459,0.4032647494349622,0.5876130144643505,,,POINT (NaN NaN),GBR
556,556,0.00177999288002848,0.08678885227479033,0.05300449929301399,3.352090275827062e-05,2.4200552413275096e-10,198.25287475252773,0.3,0.004162269471918553,0.5993703313653459,0.4032647494349622,0.5876130144643505,,,POINT (NaN NaN),GBR
557,557,0.003915984336062656,0.08678885227479033,0.0029666548000474666,0.0005027870139457077,5.769207356681811e-18,10.366666666666667,0.32727272727272727,0.004162269471918553,0.5993703313653459,0.4032647494349622,0.5876130144643505,,,POINT (NaN NaN),GBR
558,558,0.006407974368102528,0.08678885227479033,0.048498086767108754,0.00012749624187483068,1.0150655433280721e-10,178.53932662195226,0.3660130718954248,0.004162269471918553,0.5993703313653459,0.4032647494349622,0.5876130144643505,,,POINT (NaN NaN),GBR
559,559,0.006051975792096832,0.08678885227479033,0.047815849345739674,8.31457029049735e-05,8.807918851997467e-11,172.18260058225317,0.23529411764705882,0.004162269471918553,0.5993703313653459,0.4032647494349622,0.5876130144643505,,,POINT (NaN NaN),GBR
560,560,0.001423994304022784,0.08678885227479033,0.047427353461934045,6.017024726727665e-08,1.8358320771330158e-11,164.24848968111482,0.5,0.004162269471918553,0.5993703313653459,0.4032647494349622,0.5876130144643505,,,POINT (NaN NaN),GBR
561,561,0.00177999288002848,0.08678885227479033,0.04677913638294582,4.136316757025794e-06,1.977631870273759e-11,161.6826005822526,0.2,0.004162269471918553,0.5993703313653459,0.4032647494349622,0.5876130144643505,,,POINT (NaN NaN),GBR
562,562,0.001423994304022784,0.08678885227479033,0.052397860725559985,2.441465125145048e-06,1.3645042649621074e-10,192.1437838434368,0.6666666666666666,0.004162269471918553,0.5993703313653459,0.4032647494349622,0.5876130144643505,,,POINT (NaN NaN),GBR
563,563,0.006763972944108224,0.08678885227479033,0.0476803089402402,9.747686053701739e-05,8.902231038155037e-11,171.18260058225303,0.18128654970760233,0.004162269471918553,0.5993703313653459,0.4032647494349622,0.5876130144643505,,,POINT (NaN NaN),GBR
564,564,0.001067995728017088,0.08678885227479033,0.0011391954432182273,0.0,9.704112865108096e-21,3.5,0.3333333333333333,0.004162269471918553,0.5993703313653459,0.4032647494349622,0.5876130144643505,,,POINT (NaN NaN),GBR
565,565,0.00355998576005696,0.08678885227479033,0.052533112995120035,0.00020293866967953272,7.400930775807481e-11,193.1104505101035,0.24444444444444444,0.004162269471918553,0.5993703313653459,0.4032647494349622,0.5876130144643505,,,POINT (NaN NaN),GBR
566,566,0.002491990032039872,0.08678885227479033,0.04732607691076433,6.787377842112338e-07,6.198795524494892e-11,167.01593391558612,0.47619047619047616,0.004162269471918553,0.5993703313653459,0.4032647494349622,0.5876130144643505,,,POINT (NaN NaN),GBR
567,567,0.00355998576005696,0.08678885227479033,0.04753686893496882,1.396832322930977e-06,8.077403875705178e-11,169.18260058225292,0.28888888888888886,0.004162269471918553,0.5993703313653459,0.4032647494349622,0.5876130144643505,,,POINT (NaN NaN),GBR
568,568,0.00177999288002848,0.08678885227479033,0.0029666548000474666,2.268492602578652e-05,5.9641377883732106e-18,10.366666666666667,0.6,0.004162269471918553,0.5993703313653459,0.4032647494349622,0.5876130144643505,,,POINT (NaN NaN),GBR
569,569,0.004983980064079744,0.08678885227479033,0.05292951704200159,0.0007353475158157515,3.0136215294879564e-10,203.82704502669796,0.2857142857142857,0.004162269471918553,0.5993703313653459,0.4032647494349622,0.5876130144643505,,,POINT (NaN NaN),GBR
570,570,0.006407974368102528,0.08678885227479033,0.05342183265554066,0.0002747386148516122,1.4729793051117968e-10,203.377045026698,0.37254901960784315,0.004162269471918553,0.5993703313653459,0.4032647494349622,0.5876130144643505,,,POINT (NaN NaN),GBR
571,571,0.002491990032039872,0.08678885227479033,0.00047466476800759466,4.471715934870081e-05,1.9707581397006163e-21,1.5,0.19047619047619047,0.004162269471918553,0.5993703313653459,0.4032647494349622,0.5876130144643505,,,POINT (NaN NaN),GBR
572,572,0.001067995728017088,0.08678885227479033,0.052447165782207913,9.634439314857123e-06,1.0659666746708355e-10,196.49371169336465,0.0,0.004162269471918553,0.5993703313653459,0.4032647494349622,0.5876130144643505,,,POINT (NaN NaN),GBR
573,573,0.011035955856176576,0.08678885227479033,0.05262374347639853,0.006551370494781812,1.6188598070486852e-10,193.44794290247128,0.210752688172043,0.004162269471918553,0.5993703313653459,0.4032647494349622,0.5876130144643505,,,POINT (NaN NaN),GBR
574,574,0.004627981488074048,0.08678885227479033,0.048472723554006794,0.00030192577606518947,4.791031775815064e-11,177.10599328861892,0.4358974358974359,0.004162269471918553,0.5993703313653459,0.4032647494349622,0.5876130144643505,,,POINT (NaN NaN),GBR
575,575,0.005695977216091136,0.08678885227479033,0.048293608993788324,7.705782151965815e-05,7.97954805189166e-11,175.53932662195217,0.375,0.004162269471918553,0.5993703313653459,0.4032647494349622,0.5876130144643505,,,POINT (NaN NaN),GBR
576,576,0.001067995728017088,0.08678885227479033,0.04763680359181672,1.0414081257797882e-07,2.2665584766010035e-11,165.4651563477816,0.3333333333333333,0.004162269471918553,0.5993703313653459,0.4032647494349622,0.5876130144643505,,,POINT (NaN NaN),GBR
577,577,0.004983980064079744,0.08678885227479033,0.052512572124636676,0.0005688413866904791,3.604805321509922e-10,200.99371169336465,0.34065934065934067,0.004162269471918553,0.5993703313653459,0.4032647494349622,0.5876130144643505,,,POINT (NaN NaN),GBR
578,578,0.00533997864008544,0.08678885227479033,0.0032952688702065705,0.0002474013243842713,3.625122285909804e-18,11.833333333333336,0.2,0.004162269471918553,0.5993703313653459,0.4032647494349622,0.5876130144643505,,,POINT (NaN NaN),GBR
579,579,0.006051975792096832,0.08678885227479033,0.058843673171449104,0.02267890693928897,5.404143934642479e-10,236.40786353738991,0.3161764705882353,0.004162269471918553,0.5993703313653459,0.4032647494349622,0.5876130144643505,,,POINT (NaN NaN),GBR
580,580,0.002491990032039872,0.08678885227479033,0.0009888849333491555,4.506566746984451e-05,9.404757198318133e-21,3.3333333333333335,0.047619047619047616,0.004162269471918553,0.5993703313653459,0.4032647494349622,0.5876130144643505,,,POINT (NaN NaN),GBR
581,581,0.011391954432182272,0.08678885227479033,0.05750719021265048,0.01906262045495569,6.58109329906165e-10,236.0745302040566,0.22983870967741934,0.004162269471918553,0.5993703313653459,0.4032647494349622,0.5876130144643505,,,POINT (NaN NaN),GBR
582,582,0.005695977216091136,0.08678885227479033,0.052445361670671334,0.0004122660598573615,8.019441698082891e-11,192.76759336724638,0.3,0.004162269471918553,0.5993703313653459,0.4032647494349622,0.5876130144643505,,,POINT (NaN NaN),GBR
583,583,0.002847988608045568,0.08678885227479033,0.00047466476800759466,4.591251476263935e-05,1.9707581397006163e-21,1.5,0.14285714285714285,0.004162269471918553,0.5993703313653459,0.4032647494349622,0.5876130144643505,,,POINT (NaN NaN),GBR
584,584,0.004271982912068352,0.08678885227479033,0.05251027465235795,0.0001534469108237388,1.1563765546142483e-10,194.66759336724638,0.3484848484848485,0.004162269471918553,0.5993703313653459,0.4032647494349622,0.5876130144643505,,,POINT (NaN NaN),GBR
585,585,0.00355998576005696,0.08678885227479033,0.04769049621862455,3.4982498099519555e-05,1.1889989856250533e-10,174.8666914913442,0.08888888888888889,0.004162269471918553,0.5993703313653459,0.4032647494349622,0.5876130144643505,,,POINT (NaN NaN),GBR
586,586,0.002847988608045568,0.08678885227479033,0.04776788998938476,7.952546922143446e-06,3.7242582298923567e-11,168.4227321053575,0.6785714285714286,0.004162269471918553,0.5993703313653459,0.4032647494349622,0.5876130144643505,,,POINT (NaN NaN),GBR
587,587,0.004983980064079744,0.08678885227479033,0.047545505402393974,3.565774212450204e-05,7.976157130741168e-11,172.86669149134406,0.16483516483516483,0.004162269471918553,0.5993703313653459,0.4032647494349622,0.5876130144643505,,,POINT (NaN NaN),GBR
588,588,0.004983980064079744,0.08678885227479033,0.052820944096022594,0.0005692934203285626,1.3207310237713468e-10,197.60092670057972,0.5054945054945055,0.004162269471918553,0.5993703313653459,0.4032647494349622,0.5876130144643505,,,POINT (NaN NaN),GBR
589,589,0.000711997152011392,0.08678885227479033,0.0,0.0,2.4946305565830578e-23,0.0,0.0,0.004162269471918553,0.5993703313653459,0.4032647494349622,0.5876130144643505,,,POINT (NaN NaN),GBR
590,590,0.003203987184051264,0.08678885227479033,0.0015954010258033041,0.00014637803855380643,1.7800186873442757e-18,6.366666666666666,0.3611111111111111,0.004162269471918553,0.5993703313653459,0.4032647494349622,0.5876130144643505,,,POINT (NaN NaN),GBR
591,591,0.002135991456034176,0.08678885227479033,0.0,0.0,2.4946305565830578e-23,0.0,0.06666666666666667,0.004162269471918553,0.5993703313653459,0.4032647494349622,0.5876130144643505,,,POINT (NaN NaN),GBR
592,592,0.002491990032039872,0.08678885227479033,0.0482039100244197,0.0,3.131606161116883e-11,173.60599328861875,0.6666666666666666,0.004162269471918553,0.5993703313653459,0.4032647494349622,0.5876130144643505,,,POINT (NaN NaN),GBR
593,593,0.009611961552153792,0.08678885227479033,0.05844556468169982,0.0005237720480296448,6.26316418016751e-10,240.49119687072314,0.2962962962962963,0.004162269471918553,0.5993703313653459,0.4032647494349622,0.5876130144643505,,,POINT (NaN NaN),GBR
594,594,0.006763972944108224,0.08678885227479033,0.05245146393294672,0.0003050533771257383,1.3313502028666783e-10,194.49794290247127,0.23391812865497075,0.004162269471918553,0.5993703313653459,0.4032647494349622,0.5876130144643505,,,POINT (NaN NaN),GBR
595,595,0.003203987184051264,0.08678885227479033,0.05292122323050122,4.614551560609211e-05,1.2374665975772952e-10,198.21037836003137,0.6944444444444444,0.004162269471918553,0.5993703313653459,0.4032647494349622,0.5876130144643505,,,POINT (NaN NaN),GBR
596,596,0.007831968672125312,0.08678885227479033,0.05239716618440362,0.0005635962380071131,1.1297042446432196e-10,193.76759336724638,0.3105263157894737,0.004162269471918553,0.5993703313653459,0.4032647494349622,0.5876130144643505,,,POINT (NaN NaN),GBR
597,597,0.001423994304022784,0.08678885227479033,0.00047466476800759466,4.890090329748571e-07,1.9707581397006163e-21,1.5,0.3333333333333333,0.004162269471918553,0.5993703313653459,0.4032647494349622,0.5876130144643505,,,POINT (NaN NaN),GBR
598,598,0.000711997152011392,0.08678885227479033,0.0009493295360151893,1.1832811168280492e-07,3.9896626491432866e-19,3.366666666666667,0.0,0.004162269471918553,0.5993703313653459,0.4032647494349622,0.5876130144643505,,,POINT (NaN NaN),GBR
599,599,0.00177999288002848,0.08678885227479033,0.001265772714686919,3.22707193799644e-06,6.029771518316911e-19,4.416666666666667,0.4,0.004162269471918553,0.5993703313653459,0.4032647494349622,0.5876130144643505,,,POINT (NaN NaN),GBR
600,600,0.00355998576005696,0.08678885227479033,0.047537273839824305,1.409797166714894e-05,6.394277426935516e-11,172.2000248246773,0.2222222222222222,0.004162269471918553,0.5993703313653459,0.4032647494349622,0.5876130144643505,,,POINT (NaN NaN),GBR
601,601,0.004983980064079744,0.08678885227479033,0.04807593127155986,3.993587360780137e-05,3.688925806419236e-11,175.0393266219521,0.43956043956043955,0.004162269471918553,0.5993703313653459,0.4032647494349622,0.5876130144643505,,,POINT (NaN NaN),GBR
602,602,0.002135991456034176,0.08678885227479033,0.0013402299331979144,0.000229632915472025,8.053415825817089e-19,4.916666666666666,0.5333333333333333,0.004162269471918553,0.5993703313653459,0.4032647494349622,0.5876130144643505,,,POINT (NaN NaN),GBR
603,603,0.00711997152011392,0.08678885227479033,0.0524472751943194,0.0006183978776315178,2.302949152084738e-10,198.99794290247127,0.22631578947368422,0.004162269471918553,0.5993703313653459,0.4032647494349622,0.5876130144643505,,,POINT (NaN NaN),GBR
604,604,0.001423994304022784,0.08678885227479033,0.0013402299331979144,4.647949771234636e-05,4.066996196397361e-19,4.916666666666666,0.3333333333333333,0.004162269471918553,0.5993703313653459,0.4032647494349622,0.5876130144643505,,,POINT (NaN NaN),GBR
605,605,0.0088999644001424,0.08678885227479033,0.05280692668906333,0.0004951380819178577,1.5496920011367084e-10,199.9437116933647,0.3675889328063241,0.004162269471918553,0.5993703313653459,0.4032647494349622,0.5876130144643505,,,POINT (NaN NaN),GBR
606,606,0.000711997152011392,0.08678885227479033,0.000533997864008544,0.00011546710698247424,2.0238937705558359e-19,1.8333333333333333,0.0,0.004162269471918553,0.5993703313653459,0.4032647494349622,0.5876130144643505,,,POINT (NaN NaN),GBR
607,607,0.006763972944108224,0.08678885227479033,0.05244800082145809,0.0001843487519383818,1.3438336164836717e-10,195.86037836003135,0.39766081871345027,0.004162269471918553,0.5993703313653459,0.4032647494349622,0.5876130144643505,,,POINT (NaN NaN),GBR
608,608,0.006407974368102528,0.08678885227479033,0.052215013962425436,0.0006988131245636195,1.8859099259949408e-10,196.49794290247132,0.13071895424836602,0.004162269471918553,0.5993703313653459,0.4032647494349622,0.5876130144643505,,,POINT (NaN NaN),GBR
609,609,0.00355998576005696,0.08678885227479033,0.048122346969504425,0.000143535816075853,1.57146039138125e-11,174.7893266219521,0.37777777777777777,0.004162269471918553,0.5993703313653459,0.4032647494349622,0.5876130144643505,,,POINT (NaN NaN),GBR
610,610,0.00177999288002848,0.08678885227479033,0.000355998576005696,4.640152379561421e-05,3.2430197235579753e-22,1.0,0.2,0.004162269471918553,0.5993703313653459,0.4032647494349622,0.5876130144643505,,,POINT (NaN NaN),GBR
611,611,0.003915984336062656,0.08678885227479033,0.05213110073538286,0.0002550037792611684,1.6096407572484675e-10,194.99794290247132,0.18181818181818182,0.004162269471918553,0.5993703313653459,0.4032647494349622,0.5876130144643505,,,POINT (NaN NaN),GBR
612,612,0.001067995728017088,0.08678885227479033,0.05224040586479692,0.0,7.595872633178747e-11,191.1009267005797,1.0,0.004162269471918553,0.5993703313653459,0.4032647494349622,0.5876130144643505,,,POINT (NaN NaN),GBR
613,613,0.003203987184051264,0.08678885227479033,0.057918483212526364,0.004821578728127601,8.983069372112856e-11,214.93338234263157,0.2222222222222222,0.004162269471918553,0.5993703313653459,0.4032647494349622,0.5876130144643505,,,POINT (NaN NaN),GBR
614,614,0.002491990032039872,0.08678885227479033,0.001090245639017444,1.8886094688196709e-06,4.064002639729461e-19,3.916666666666667,0.38095238095238093,0.004162269471918553,0.5993703313653459,0.4032647494349622,0.5876130144643505,,,POINT (NaN NaN),GBR
615,615,0.00177999288002848,0.08678885227479033,0.04355825635876366,0.0,3.658565515244848e-12,152.35016795770548,0.2,0.004162269471918553,0.5993703313653459,0.4032647494349622,0.5876130144643505,,,POINT (NaN NaN),GBR
616,616,0.008187967248131008,0.08678885227479033,0.05278467306834157,0.0006117323570697807,1.2940185009063103e-10,200.47466407431708,0.32857142857142857,0.004162269471918553,0.5993703313653459,0.4032647494349622,0.5876130144643505,,,POINT (NaN NaN),GBR
617,617,0.00177999288002848,0.08678885227479033,0.0008543965824136705,3.315341560524527e-07,2.040358332229284e-19,2.916666666666667,0.7,0.004162269471918553,0.5993703313653459,0.4032647494349622,0.5876130144643505,,,POINT (NaN NaN),GBR
618,618,0.006051975792096832,0.08678885227479033,0.05238240756212199,1.985137921548067e-05,2.0274541199429487e-10,196.61037836003135,0.4380952380952381,0.004162269471918553,0.5993703313653459,0.4032647494349622,0.5876130144643505,,,POINT (NaN NaN),GBR
619,619,0.003915984336062656,0.08678885227479033,0.058230695731693344,0.00658215901764256,1.0264023456966458e-10,221.8500490092979,0.3090909090909091,0.004162269471918553,0.5993703313653459,0.4032647494349622,0.5876130144643505,,,POINT (NaN NaN),GBR
620,620,0.001423994304022784,0.08678885227479033,0.000355998576005696,4.5640843077653314e-05,3.2430197235579753e-22,1.0,0.16666666666666666,0.004162269471918553,0.5993703313653459,0.4032647494349622,0.5876130144643505,,,POINT (NaN NaN),GBR
621,621,0.000355998576005696,0.08678885227479033,0.0,0.0,2.4946305565830578e-23,0.0,0.0,0.004162269471918553,0.5993703313653459,0.4032647494349622,0.5876130144643505,,,POINT (NaN NaN),GBR
622,622,0.01423994304022784,0.08678885227479033,0.05843353963747121,0.014700916205040913,5.69323446916863e-10,240.6888159183422,0.18076923076923077,0.004162269471918553,0.5993703313653459,0.4032647494349622,0.5876130144643505,,,POINT (NaN NaN),GBR
623,623,0.002491990032039872,0.08678885227479033,0.0476097328710313,1.1059749469461342e-05,7.057478051976319e-11,173.20002482467743,0.42857142857142855,0.004162269471918553,0.5993703313653459,0.4032647494349622,0.5876130144643505,,,POINT (NaN NaN),GBR
624,624,0.007831968672125312,0.08678885227479033,0.05197386200195794,0.0005727549616212116,3.6170760324759033e-10,200.36037836003126,0.38961038961038963,0.004162269471918553,0.5993703313653459,0.4032647494349622,0.5876130144643505,,,POINT (NaN NaN),GBR
625,625,0.003915984336062656,0.08678885227479033,0.05220511819554162,0.0001545796307714098,1.6360993652711224e-10,195.4979429024713,0.41818181818181815,0.004162269471918553,0.5993703313653459,0.4032647494349622,0.5876130144643505,,,POINT (NaN NaN),GBR
626,626,0.003203987184051264,0.08678885227479033,0.05167110386536166,7.152963578581505e-07,1.6878512866210178e-10,189.97711717677015,0.6388888888888888,0.004162269471918553,0.5993703313653459,0.4032647494349622,0.5876130144643505,,,POINT (NaN NaN),GBR
627,627,0.003203987184051264,0.08678885227479033,0.05162079625063987,3.5516998379096076e-07,2.8915680122294494e-10,193.1104505101035,0.9166666666666666,0.004162269471918553,0.5993703313653459,0.4032647494349622,0.5876130144643505,,,POINT (NaN NaN),GBR
628,628,0.002847988608045568,0.08678885227479033,0.052126160335388985,5.671583602797269e-06,1.523194781279426e-10,194.4979429024713,0.4642857142857143,0.004162269471918553,0.5993703313653459,0.4032647494349622,0.5876130144643505,,,POINT (NaN NaN),GBR
629,629,0.006763972944108224,0.08678885227479033,0.04745887010858185,0.0003265831395621409,4.0328977777120355e-11,172.64805678068217,0.3382352941176471,0.004162269471918553,0.5993703313653459,0.4032647494349622,0.5876130144643505,,,POINT (NaN NaN),GBR
630,630,0.002135991456034176,0.08678885227479033,0.051958552211280165,5.186734662561977e-06,1.0680409234869289e-10,191.83127623580464,0.5333333333333333,0.004162269471918553,0.5993703313653459,0.4032647494349622,0.5876130144643505,,,POINT (NaN NaN),GBR
631,631,0.003203987184051264,0.08678885227479033,0.0338471010666746,7.003354854695332e-05,6.652451359575087e-14,113.3533175858559,0.3333333333333333,0.004162269471918553,0.5993703313653459,0.4032647494349622,0.5876130144643505,,,POINT (NaN NaN),GBR
632,632,0.006407974368102528,0.08678885227479033,0.046988948199383505,6.495494156302883e-05,7.573287183201771e-11,168.43701781964316,0.4083333333333333,0.004162269471918553,0.5993703313653459,0.4032647494349622,0.5876130144643505,,,POINT (NaN NaN),GBR
633,633,0.001423994304022784,0.08678885227479033,0.04664729986086793,0.0,2.954909231191843e-11,162.34610872873367,1.0,0.004162269471918553,0.5993703313653459,0.4032647494349622,0.5876130144643505,,,POINT (NaN NaN),GBR
634,634,0.003203987184051264,0.08678885227479033,0.05180744956127525,9.015774113184299e-05,8.570637476842084e-11,193.12965285918136,0.2777777777777778,0.004162269471918553,0.5993703313653459,0.4032647494349622,0.5876130144643505,,,POINT (NaN NaN),GBR
635,635,0.002491990032039872,0.08678885227479033,0.0009888849333491555,0.00016509729782543357,2.0433518888971836e-19,3.3333333333333335,0.23809523809523808,0.004162269471918553,0.5993703313653459,0.4032647494349622,0.5876130144643505,,,POINT (NaN NaN),GBR
636,636,0.009611961552153792,0.08678885227479033,0.05180026769693937,0.0002659878334094206,3.6153675582317814e-10,200.30092670057965,0.383399209486166,0.004162269471918553,0.5993703313653459,0.4032647494349622,0.5876130144643505,,,POINT (NaN NaN),GBR
637,637,0.000355998576005696,0.08678885227479033,0.0,0.0,2.4946305565830578e-23,0.0,0.0,0.004162269471918553,0.5993703313653459,0.4032647494349622,0.5876130144643505,,,POINT (NaN NaN),GBR
638,638,0.00711997152011392,0.08678885227479033,0.057486188238745156,0.0003958807821880391,4.657027977191324e-10,227.21738734691417,0.5620915032679739,0.004162269471918553,0.5993703313653459,0.4032647494349622,0.5876130144643505,,,POINT (NaN NaN),GBR
639,639,0.008543965824136704,0.08678885227479033,0.05169696845101278,0.0006070219990363463,3.088080459502377e-10,196.26759336724635,0.3619047619047619,0.004162269471918553,0.5993703313653459,0.4032647494349622,0.5876130144643505,,,POINT (NaN NaN),GBR
640,640,0.007831968672125312,0.08678885227479033,0.05754999679104049,0.0005272563271034191,4.540202291229213e-10,229.44119687072353,0.5021645021645021,0.004162269471918553,0.5993703313653459,0.4032647494349622,0.5876130144643505,,,POINT (NaN NaN),GBR
641,641,0.004271982912068352,0.08678885227479033,0.05189172356046243,5.477234444650727e-05,1.0344036593888578e-10,194.6296528591814,0.25757575757575757,0.004162269471918553,0.5993703313653459,0.4032647494349622,0.5876130144643505,,,POINT (NaN NaN),GBR
642,642,0.0,0.08678885227479033,0.0,0.0,2.4946305565830578e-23,0.0,0.0,0.004162269471918553,0.5993703313653459,0.4032647494349622,0.5876130144643505,,,POINT (NaN NaN),GBR
643,643,0.00533997864008544,0.08678885227479033,0.05153852015473317,0.00011253122018635608,1.6909379355458703e-10,191.11045051010348,0.6444444444444445,0.004162269471918553,0.5993703313653459,0.4032647494349622,0.5876130144643505,,,POINT (NaN NaN),GBR
644,644,0.014595941616233536,0.08678885227479033,0.0565051169908851,0.0023485074807042894,5.179521150450077e-10,227.90786353739034,0.25375375375375375,0.004162269471918553,0.5993703313653459,0.4032647494349622,0.5876130144643505,,,POINT (NaN NaN),GBR
645,645,0.01067995728017088,0.08678885227479033,0.05660221625680884,0.0008375382035033367,4.5118945282346697e-10,229.40786353739026,0.32413793103448274,0.004162269471918553,0.5993703313653459,0.4032647494349622,0.5876130144643505,,,POINT (NaN NaN),GBR
646,646,0.001423994304022784,0.08678885227479033,0.04351966975425854,1.6411802421783472e-06,4.1178321033538596e-12,151.02759608513358,0.16666666666666666,0.004162269471918553,0.5993703313653459,0.4032647494349622,0.5876130144643505,,,POINT (NaN NaN),GBR
647,647,0.013883944464222144,0.08678885227479033,0.0530924743420328,0.0020123801707621417,4.529673308865664e-10,216.38679571632332,0.14304993252361672,0.004162269471918553,0.5993703313653459,0.4032647494349622,0.5876130144643505,,,POINT (NaN NaN),GBR
648,648,0.007831968672125312,0.08678885227479033,0.05637135812598759,0.0004588584672306247,3.16099987579376e-10,219.57453020405774,0.4025974025974026,0.004162269471918553,0.5993703313653459,0.4032647494349622,0.5876130144643505,,,POINT (NaN NaN),GBR
649,649,0.001067995728017088,0.08678885227479033,0.030746238994575775,0.0,2.3491037385416182e-15,97.1303654146367,0.6666666666666666,0.004162269471918553,0.5993703313653459,0.4032647494349622,0.5876130144643505,,,POINT (NaN NaN),GBR
650,650,0.002135991456034176,0.08678885227479033,0.04673775655858915,0.0,4.9915362261399e-11,164.6227321053573,1.0,0.004162269471918553,0.5993703313653459,0.4032647494349622,0.5876130144643505,,,POINT (NaN NaN),GBR
651,651,0.00177999288002848,0.08678885227479033,0.0,0.0,2.4946305565830578e-23,0.0,0.7,0.004162269471918553,0.5993703313653459,0.4032647494349622,0.5876130144643505,,,POINT (NaN NaN),GBR
652,652,0.000711997152011392,0.08678885227479033,0.00047466476800759466,6.969948378516077e-05,2.040358332229284e-19,1.5,0.0,0.004162269471918553,0.5993703313653459,0.4032647494349622,0.5876130144643505,,,POINT (NaN NaN),GBR
653,653,0.000355998576005696,0.08678885227479033,0.000355998576005696,0.0,1.0218006759764205e-19,1.0,0.0,0.004162269471918553,0.5993703313653459,0.4032647494349622,0.5876130144643505,,,POINT (NaN NaN),GBR
654,654,0.008543965824136704,0.08678885227479033,0.05184775127566156,0.0005510000606622202,2.5305534017022346e-10,198.0103783600313,0.4152046783625731,0.004162269471918553,0.5993703313653459,0.4032647494349622,0.5876130144643505,,,POINT (NaN NaN),GBR
655,655,0.002847988608045568,0.08678885227479033,0.050697502478421246,8.104871935416613e-07,1.3110123201331717e-10,186.16037836003136,1.0,0.004162269471918553,0.5993703313653459,0.4032647494349622,0.5876130144643505,,,POINT (NaN NaN),GBR
656,656,0.004271982912068352,0.08678885227479033,0.051446197883180576,7.82468715212657e-05,1.2848787315328835e-10,192.81460956913787,0.16666666666666666,0.004162269471918553,0.5993703313653459,0.4032647494349622,0.5876130144643505,,,POINT (NaN NaN),GBR
657,657,0.002491990032039872,0.08678885227479033,0.04673424587305181,0.0,4.5338153817367584e-11,164.12273210535724,1.0,0.004162269471918553,0.5993703313653459,0.4032647494349622,0.5876130144643505,,,POINT (NaN NaN),GBR
658,658,0.000355998576005696,0.08678885227479033,0.00047466476800759466,0.0,2.040358332229284e-19,1.5,0.0,0.004162269471918553,0.5993703313653459,0.4032647494349622,0.5876130144643505,,,POINT (NaN NaN),GBR
659,659,0.003203987184051264,0.08678885227479033,0.04784842077274005,0.00014503843819482063,4.102779357091077e-11,177.02773543536105,0.5,0.004162269471918553,0.5993703313653459,0.4032647494349622,0.5876130144643505,,,POINT (NaN NaN),GBR
660,660,0.000355998576005696,0.08678885227479033,0.0,0.0,2.4946305565830578e-23,0.0,0.0,0.004162269471918553,0.5993703313653459,0.4032647494349622,0.5876130144643505,,,POINT (NaN NaN),GBR
661,661,0.00533997864008544,0.08678885227479033,0.05199491344754744,5.65757744754083e-06,3.6617567595817587e-10,205.00508575961385,0.4857142857142857,0.004162269471918553,0.5993703313653459,0.4032647494349622,0.5876130144643505,,,POINT (NaN NaN),GBR
662,662,0.004983980064079744,0.08678885227479033,0.05220810588740612,0.00010403760352090572,1.9518329370768486e-10,200.88679571632403,0.16483516483516483,0.004162269471918553,0.5993703313653459,0.4032647494349622,0.5876130144643505,,,POINT (NaN NaN),GBR
663,663,0.001067995728017088,0.08678885227479033,0.0,0.0,1.0218006759764205e-19,0.0,0.0,0.004162269471918553,0.5993703313653459,0.4032647494349622,0.5876130144643505,,,POINT (NaN NaN),GBR
664,664,0.001423994304022784,0.08678885227479033,0.033280319599913455,0.00018668598292348283,2.129012415658541e-14,107.62600878354735,0.3333333333333333,0.004162269471918553,0.5993703313653459,0.4032647494349622,0.5876130144643505,,,POINT (NaN NaN),GBR
665,665,0.002847988608045568,0.08678885227479033,0.051593951619602854,4.1662307752932827e-05,1.6086380089643685e-10,195.33841909294736,0.25,0.004162269471918553,0.5993703313653459,0.4032647494349622,0.5876130144643505,,,POINT (NaN NaN),GBR
666,666,0.000711997152011392,0.08678885227479033,0.000355998576005696,4.7035424393914955e-05,3.2430197235579753e-22,1.0,0.0,0.004162269471918553,0.5993703313653459,0.4032647494349622,0.5876130144643505,,,POINT (NaN NaN),GBR
667,667,0.003915984336062656,0.08678885227479033,0.05212235344295338,0.00013177240107334958,1.445501589757261e-10,197.8629861925146,0.2909090909090909,0.004162269471918553,0.5993703313653459,0.4032647494349622,0.5876130144643505,,,POINT (NaN NaN),GBR
668,668,0.002491990032039872,0.08678885227479033,0.04641260778571563,4.579486685826713e-05,3.129742569631649e-12,163.2793227369474,0.3333333333333333,0.004162269471918553,0.5993703313653459,0.4032647494349622,0.5876130144643505,,,POINT (NaN NaN),GBR
669,669,0.002491990032039872,0.08678885227479033,0.04646202420589968,0.00013752721952683746,1.7515310140691643e-12,162.67376718139184,0.38095238095238093,0.004162269471918553,0.5993703313653459,0.4032647494349622,0.5876130144643505,,,POINT (NaN NaN),GBR
670,670,0.014595941616233536,0.08678885227479033,0.056848982977628616,0.0030771803990045136,4.59515038854069e-10,234.68326036278683,0.23273273273273273,0.004162269471918553,0.5993703313653459,0.4032647494349622,0.5876130144643505,,,POINT (NaN NaN),GBR
671,671,0.000711997152011392,0.08678885227479033,0.00047466476800759466,2.4624925241989433e-05,2.040358332229284e-19,1.5,0.0,0.004162269471918553,0.5993703313653459,0.4032647494349622,0.5876130144643505,,,POINT (NaN NaN),GBR
672,672,0.001423994304022784,0.08678885227479033,0.03378909941150359,2.604805679366783e-06,6.65245132963952e-14,112.35331758585596,0.5,0.004162269471918553,0.5993703313653459,0.4032647494349622,0.5876130144643505,,,POINT (NaN NaN),GBR
673,673,0.00177999288002848,0.08678885227479033,0.04589692161986069,0.0,1.3050175343415687e-11,158.6132082958329,1.0,0.004162269471918553,0.5993703313653459,0.4032647494349622,0.5876130144643505,,,POINT (NaN NaN),GBR
674,674,0.005695977216091136,0.08678885227479033,0.05084183096240905,0.0005426810561395538,1.3128173919162268e-10,189.374664074317,0.45454545454545453,0.004162269471918553,0.5993703313653459,0.4032647494349622,0.5876130144643505,,,POINT (NaN NaN),GBR
675,675,0.006051975792096832,0.08678885227479033,0.04030220843174281,0.0006135175461301943,3.3305689987018558e-12,146.12740577705736,0.19852941176470587,0.004162269471918553,0.5993703313653459,0.4032647494349622,0.5876130144643505,,,POINT (NaN NaN),GBR
676,676,0.002847988608045568,0.08678885227479033,0.04686197951368847,1.9832004973825065e-05,1.3449648941171683e-11,166.96344972107502,0.6071428571428571,0.004162269471918553,0.5993703313653459,0.4032647494349622,0.5876130144643505,,,POINT (NaN NaN),GBR
677,677,0.002491990032039872,0.08678885227479033,0.03692538925080811,3.644721518889482e-05,7.130308919846095e-13,129.07575130837463,0.3333333333333333,0.004162269471918553,0.5993703313653459,0.4032647494349622,0.5876130144643505,,,POINT (NaN NaN),GBR
678,678,0.002847988608045568,0.08678885227479033,0.04711938323838844,0.0013429583576928565,1.3630171137901518e-11,173.438846546472,0.2857142857142857,0.004162269471918553,0.5993703313653459,0.4032647494349622,0.5876130144643505,,,POINT (NaN NaN),GBR
679,679,0.006763972944108224,0.08678885227479033,0.039880985370473,0.0013542858855353256,1.471304814584116e-12,144.3940724437239,0.1871345029239766,0.004162269471918553,0.5993703313653459,0.4032647494349622,0.5876130144643505,,,POINT (NaN NaN),GBR
680,680,0.004627981488074048,0.08678885227479033,0.03827390692838189,0.00045762034787098744,1.5692748424722533e-12,135.75875498340653,0.2692307692307692,0.004162269471918553,0.5993703313653459,0.4032647494349622,0.5876130144643505,,,POINT (NaN NaN),GBR
681,681,0.00177999288002848,0.08678885227479033,0.005578025880667561,0.0,2.409239352631221e-17,21.309523809523814,0.1,0.004162269471918553,0.5993703313653459,0.4032647494349622,0.5876130144643505,,,POINT (NaN NaN),GBR
682,682,0.006407974368102528,0.08678885227479033,0.004720638651691969,0.0014535362776874681,1.7742610800196822e-17,20.892857142857142,0.1830065359477124,0.004162269471918553,0.5993703313653459,0.4032647494349622,0.5876130144643505,,,POINT (NaN NaN),GBR
683,683,0.002491990032039872,0.08678885227479033,0.03694068355351651,0.00023322143386103215,5.799970702149541e-13,131.94043384805718,0.2857142857142857,0.004162269471918553,0.5993703313653459,0.4032647494349622,0.5876130144643505,,,POINT (NaN NaN),GBR
684,684,0.002135991456034176,0.08678885227479033,0.03686376225676173,0.0003085977513298418,5.799957945107801e-13,129.87575130837465,0.26666666666666666,0.004162269471918553,0.5993703313653459,0.4032647494349622,0.5876130144643505,,,POINT (NaN NaN),GBR
685,685,0.002135991456034176,0.08678885227479033,0.004591701378417416,0.0,8.566997891653628e-17,17.559523809523814,0.5,0.004162269471918553,0.5993703313653459,0.4032647494349622,0.5876130144643505,,,POINT (NaN NaN),GBR
686,686,0.000711997152011392,0.08678885227479033,0.0362784623402886,0.0002818978527882541,1.8050717833044353e-13,121.87416400678755,0.0,0.004162269471918553,0.5993703313653459,0.4032647494349622,0.5876130144643505,,,POINT (NaN NaN),GBR
687,687,0.001423994304022784,0.08678885227479033,0.004591701378417416,0.0,2.6529273385510367e-17,17.559523809523814,0.5,0.004162269471918553,0.5993703313653459,0.4032647494349622,0.5876130144643505,,,POINT (NaN NaN),GBR
688,688,0.002135991456034176,0.08678885227479033,0.000355998576005696,4.754254487255555e-05,2.0433518888971834e-19,1.0,0.0,0.004162269471918553,0.5993703313653459,0.4032647494349622,0.5876130144643505,,,POINT (NaN NaN),GBR
689,689,0.000355998576005696,0.08678885227479033,0.0,0.0,2.4946305565830578e-23,0.0,0.0,0.004162269471918553,0.5993703313653459,0.4032647494349622,0.5876130144643505,,,POINT (NaN NaN),GBR
690,690,0.000711997152011392,0.08678885227479033,0.0036299507981158827,0.0,1.7319022531689018e-17,14.078174603174597,1.0,0.004162269471918553,0.5993703313653459,0.4032647494349622,0.5876130144643505,,,POINT (NaN NaN),GBR
691,691,0.000355998576005696,0.08678885227479033,0.0,0.0,2.4946305565830578e-23,0.0,0.0,0.004162269471918553,0.5993703313653459,0.4032647494349622,0.5876130144643505,,,POINT (NaN NaN),GBR
692,692,0.00355998576005696,0.08678885227479033,0.05180744956127525,4.629115750181135e-06,9.12194745101454e-11,193.12965285918136,0.5111111111111111,0.004162269471918553,0.5993703313653459,0.4032647494349622,0.5876130144643505,,,POINT (NaN NaN),GBR
693,693,0.00177999288002848,0.08678885227479033,0.04817224657243256,4.542731342998715e-06,2.5154237306177083e-11,170.57965285918118,0.3,0.004162269471918553,0.5993703313653459,0.4032647494349622,0.5876130144643505,,,POINT (NaN NaN),GBR
694,694,0.02135991456034176,0.08678885227479033,0.057831237377997356,0.03147240859197812,5.086737208412994e-10,242.56671567596334,0.15310734463276837,0.004162269471918553,0.5993703313653459,0.4032647494349622,0.5876130144643505,,,POINT (NaN NaN),GBR
695,695,0.004271982912068352,0.08678885227479033,0.05042407285126346,5.818223213744976e-06,2.773659467085704e-10,192.50508575961402,0.5606060606060606,0.004162269471918553,0.5993703313653459,0.4032647494349622,0.5876130144643505,,,POINT (NaN NaN),GBR
696,696,0.004627981488074048,0.08678885227479033,0.04263340834595451,3.516379620362635e-05,1.7574169882119874e-11,158.0750914247438,0.2692307692307692,0.004162269471918553,0.5993703313653459,0.4032647494349622,0.5876130144643505,,,POINT (NaN NaN),GBR
697,697,0.004627981488074048,0.08678885227479033,0.05219237435657872,5.349454765551976e-06,2.1814845971091698e-10,202.50508575961393,0.6153846153846154,0.004162269471918553,0.5993703313653459,0.4032647494349622,0.5876130144643505,,,POINT (NaN NaN),GBR
698,698,0.004271982912068352,0.08678885227479033,0.037375921719534855,0.0009231702789248298,7.012867871487159e-13,129.9754216500732,0.24242424242424243,0.004162269471918553,0.5993703313653459,0.4032647494349622,0.5876130144643505,,,POINT (NaN NaN),GBR
699,699,0.00355998576005696,0.08678885227479033,0.050409514847360684,9.987378462009142e-06,2.248315920662094e-10,191.33841909294736,0.5333333333333333,0.004162269471918553,0.5993703313653459,0.4032647494349622,0.5876130144643505,,,POINT (NaN NaN),GBR
700,700,0.002847988608045568,0.08678885227479033,0.03591022943831652,2.7753861699539377e-05,2.908231989932287e-12,126.14844528106855,0.2857142857142857,0.004162269471918553,0.5993703313653459,0.4032647494349622,0.5876130144643505,,,POINT (NaN NaN),GBR
701,701,0.006051975792096832,0.08678885227479033,0.05198494127389045,2.3190606901976774e-05,3.0209941722199464e-10,204.0050857596139,0.5588235294117647,0.004162269471918553,0.5993703313653459,0.4032647494349622,0.5876130144643505,,,POINT (NaN NaN),GBR
702,702,0.00711997152011392,0.08678885227479033,0.05041436658122472,1.9898979695191503e-05,2.0051804381141363e-10,192.00508575961402,0.45789473684210524,0.004162269471918553,0.5993703313653459,0.4032647494349622,0.5876130144643505,,,POINT (NaN NaN),GBR
703,703,0.01886792452830189,0.08678885227479033,0.05596397384125866,0.017681987194775737,5.44136290949146e-10,234.06671567596354,0.18142235123367198,0.004162269471918553,0.5993703313653459,0.4032647494349622,0.5876130144643505,,,POINT (NaN NaN),GBR
704,704,0.00177999288002848,0.08678885227479033,0.003716978920904192,6.212225863347259e-07,9.528166571952296e-18,15.578174603174599,0.6,0.004162269471918553,0.5993703313653459,0.4032647494349622,0.5876130144643505,,,POINT (NaN NaN),GBR
705,705,0.003915984336062656,0.08678885227479033,0.05156986348068015,4.590357198375291e-05,6.903869554947698e-11,187.54745160670163,0.23636363636363636,0.004162269471918553,0.5993703313653459,0.4032647494349622,0.5876130144643505,,,POINT (NaN NaN),GBR
706,706,0.002847988608045568,0.08678885227479033,0.05292142294634285,7.670086236938095e-05,6.917574479524705e-11,196.50004900929886,0.10714285714285714,0.004162269471918553,0.5993703313653459,0.4032647494349622,0.5876130144643505,,,POINT (NaN NaN),GBR
707,707,0.005695977216091136,0.08678885227479033,0.05326598362545206,0.00025018564886990355,8.378488723929601e-11,201.0000490092988,0.25,0.004162269471918553,0.5993703313653459,0.4032647494349622,0.5876130144643505,,,POINT (NaN NaN),GBR
708,708,0.003203987184051264,0.08678885227479033,0.047070649535583674,6.866921072239099e-06,7.811113963392225e-11,178.18302793268106,0.5833333333333334,0.004162269471918553,0.5993703313653459,0.4032647494349622,0.5876130144643505,,,POINT (NaN NaN),GBR
709,709,0.002491990032039872,0.08678885227479033,0.048924514582315504,5.311168124189158e-05,2.2319871674302736e-11,169.1807849400349,0.3333333333333333,0.004162269471918553,0.5993703313653459,0.4032647494349622,0.5876130144643505,,,POINT (NaN NaN),GBR
710,710,0.003203987184051264,0.08678885227479033,0.048924514582315504,7.399730703582904e-05,2.2319871674302736e-11,169.1807849400349,0.25,0.004162269471918553,0.5993703313653459,0.4032647494349622,0.5876130144643505,,,POINT (NaN NaN),GBR
711,711,0.000711997152011392,0.08678885227479033,0.0017230331078675687,0.0,5.917014217159357e-19,5.666666666666666,0.0,0.004162269471918553,0.5993703313653459,0.4032647494349622,0.5876130144643505,,,POINT (NaN NaN),GBR
712,712,0.020647917408330368,0.08678885227479033,0.05273067758080901,0.007993572310245688,5.691528179002746e-10,230.1315176610437,0.2238354506957048,0.004162269471918553,0.5993703313653459,0.4032647494349622,0.5876130144643505,,,POINT (NaN NaN),GBR
713,713,0.011747953008187968,0.08678885227479033,0.05382142233654996,0.0017648915508111478,1.638963154842502e-10,212.48695377120308,0.10984848484848485,0.004162269471918553,0.5993703313653459,0.4032647494349622,0.5876130144643505,,,POINT (NaN NaN),GBR
714,714,0.00355998576005696,0.08678885227479033,0.04857692962248047,1.653853666477619e-05,2.8004205504009662e-11,176.78258869183873,0.35555555555555557,0.004162269471918553,0.5993703313653459,0.4032647494349622,0.5876130144643505,,,POINT (NaN NaN),GBR
715,715,0.003203987184051264,0.08678885227479033,0.04855603854218424,5.045689417936155e-05,2.7319545990962126e-11,175.80362043787042,0.3333333333333333,0.004162269471918553,0.5993703313653459,0.4032647494349622,0.5876130144643505,,,POINT (NaN NaN),GBR
716,716,0.002847988608045568,0.08678885227479033,0.04033442648125477,1.8981863229535013e-05,7.178279717090435e-12,140.51358348823507,0.10714285714285714,0.004162269471918553,0.5993703313653459,0.4032647494349622,0.5876130144643505,,,POINT (NaN NaN),GBR
717,717,0.010323958704165184,0.08678885227479033,0.04070483896955289,0.00017337015941402517,5.646129207108399e-11,150.35683745648933,0.3247863247863248,0.004162269471918553,0.5993703313653459,0.4032647494349622,0.5876130144643505,,,POINT (NaN NaN),GBR
718,718,0.00355998576005696,0.08678885227479033,0.048260450067740365,1.2136335698791794e-06,2.3152672505590853e-11,173.4833823426323,0.37777777777777777,0.004162269471918553,0.5993703313653459,0.4032647494349622,0.5876130144643505,,,POINT (NaN NaN),GBR
719,719,0.008187967248131008,0.08678885227479033,0.040468276338659355,0.00014520319492915314,3.8044437868749974e-11,147.0401707898226,0.37549407114624506,0.004162269471918553,0.5993703313653459,0.4032647494349622,0.5876130144643505,,,POINT (NaN NaN),GBR
720,720,0.008187967248131008,0.08678885227479033,0.04096320178099569,0.00014941267551917467,2.4206100538237074e-11,150.073504123156,0.2964426877470356,0.004162269471918553,0.5993703313653459,0.4032647494349622,0.5876130144643505,,,POINT (NaN NaN),GBR
721,721,0.013883944464222144,0.08678885227479033,0.04726282480142447,0.0031075849121227485,3.4503397051736074e-10,193.9672319467597,0.2901484480431849,0.004162269471918553,0.5993703313653459,0.4032647494349622,0.5876130144643505,,,POINT (NaN NaN),GBR
722,722,0.002847988608045568,0.08678885227479033,0.04763971211755055,1.0868534502190324e-06,1.4277380215749892e-11,168.48338234263227,0.35714285714285715,0.004162269471918553,0.5993703313653459,0.4032647494349622,0.5876130144643505,,,POINT (NaN NaN),GBR
723,723,0.0,0.08678885227479033,0.0,0.0,2.4946305565830578e-23,0.0,0.0,0.004162269471918553,0.5993703313653459,0.4032647494349622,0.5876130144643505,,,POINT (NaN NaN),GBR
724,724,0.003203987184051264,0.08678885227479033,0.04039461588842695,6.718137078560001e-05,7.7399959519299e-12,141.99691682156842,0.19444444444444445,0.004162269471918553,0.5993703313653459,0.4032647494349622,0.5876130144643505,,,POINT (NaN NaN),GBR
725,725,0.006407974368102528,0.08678885227479033,0.004348074210756592,0.0005857558478597993,7.983990257427382e-18,20.142857142857142,0.16993464052287582,0.004162269471918553,0.5993703313653459,0.4032647494349622,0.5876130144643505,,,POINT (NaN NaN),GBR
726,726,0.008187967248131008,0.08678885227479033,0.0466148572519112,0.0005056957977904835,1.8198632769950675e-10,178.00691448644253,0.3715415019762846,0.004162269471918553,0.5993703313653459,0.4032647494349622,0.5876130144643505,,,POINT (NaN NaN),GBR
727,727,0.008543965824136704,0.08678885227479033,0.04899076738184696,0.0002587451624422049,4.9962952050899505e-11,183.25362043787044,0.15217391304347827,0.004162269471918553,0.5993703313653459,0.4032647494349622,0.5876130144643505,,,POINT (NaN NaN),GBR
728,728,0.007475970096119616,0.08678885227479033,0.03749035971536541,0.00022040804175640588,6.8805556912311325e-12,130.19453586918758,0.24761904761904763,0.004162269471918553,0.5993703313653459,0.4032647494349622,0.5876130144643505,,,POINT (NaN NaN),GBR
729,729,0.009611961552153792,0.08678885227479033,0.04456133097512874,0.0005021812625130567,1.0567915368444752e-10,170.8838986134267,0.3190883190883191,0.004162269471918553,0.5993703313653459,0.4032647494349622,0.5876130144643505,,,POINT (NaN NaN),GBR
730,730,0.008543965824136704,0.08678885227479033,0.0449134896637475,0.0017838917792875476,1.496536250707116e-10,170.96723194676008,0.34782608695652173,0.004162269471918553,0.5993703313653459,0.4032647494349622,0.5876130144643505,,,POINT (NaN NaN),GBR
731,731,0.013171947312210752,0.08678885227479033,0.052890767789915485,0.000666171686919552,4.400210282488637e-10,215.39925535850443,0.16366366366366367,0.004162269471918553,0.5993703313653459,0.4032647494349622,0.5876130144643505,,,POINT (NaN NaN),GBR
732,732,0.009611961552153792,0.08678885227479033,0.04647284538468185,0.0001625502922633825,2.9034697492350746e-10,184.80056528009325,0.3162393162393162,0.004162269471918553,0.5993703313653459,0.4032647494349622,0.5876130144643505,,,POINT (NaN NaN),GBR
733,733,0.007475970096119616,0.08678885227479033,0.04417714166683585,3.362804036228295e-05,5.8110258587901993e-11,163.5902478197758,0.41904761904761906,0.004162269471918553,0.5993703313653459,0.4032647494349622,0.5876130144643505,,,POINT (NaN NaN),GBR
734,734,0.00533997864008544,0.08678885227479033,0.04009402020570988,3.227991875826977e-05,2.1266263583388972e-11,146.0568374564892,0.47619047619047616,0.004162269471918553,0.5993703313653459,0.4032647494349622,0.5876130144643505,,,POINT (NaN NaN),GBR
735,735,0.009255962976148096,0.08678885227479033,0.054803141875348516,0.0041545755141284375,9.462786757079239e-11,202.1676659125189,0.08307692307692308,0.004162269471918553,0.5993703313653459,0.4032647494349622,0.5876130144643505,,,POINT (NaN NaN),GBR
736,736,0.008543965824136704,0.08678885227479033,0.052144023000316155,0.0025450221687612564,7.73969580530058e-11,188.7509992458524,0.10869565217391304,0.004162269471918553,0.5993703313653459,0.4032647494349622,0.5876130144643505,,,POINT (NaN NaN),GBR
737,737,0.00355998576005696,0.08678885227479033,0.03555392230043983,5.669489770866188e-05,5.617162513788649e-13,116.49923117388303,0.3333333333333333,0.004162269471918553,0.5993703313653459,0.4032647494349622,0.5876130144643505,,,POINT (NaN NaN),GBR
738,738,0.008187967248131008,0.08678885227479033,0.044738622009771474,0.0003903945599307699,1.5757245006289668e-10,172.3005652800934,0.3438735177865613,0.004162269471918553,0.5993703313653459,0.4032647494349622,0.5876130144643505,,,POINT (NaN NaN),GBR
739,739,0.01673193307226771,0.08678885227479033,0.04649591827676863,0.0006745967765493651,6.216247054893614e-10,196.93389861342635,0.25254394079555964,0.004162269471918553,0.5993703313653459,0.4032647494349622,0.5876130144643505,,,POINT (NaN NaN),GBR
740,740,0.008543965824136704,0.08678885227479033,0.044315946075086134,0.0003434473152088548,4.367260321232011e-11,164.42358115310915,0.322463768115942,0.004162269471918553,0.5993703313653459,0.4032647494349622,0.5876130144643505,,,POINT (NaN NaN),GBR
741,741,0.007475970096119616,0.08678885227479033,0.03732295744114652,0.00020083648318428205,8.312029408029812e-12,130.8945358691876,0.21428571428571427,0.004162269471918553,0.5993703313653459,0.4032647494349622,0.5876130144643505,,,POINT (NaN NaN),GBR
742,742,0.008543965824136704,0.08678885227479033,0.04466162596565547,0.00014858934630602354,1.088901823173618e-10,173.3838986134267,0.40217391304347827,0.004162269471918553,0.5993703313653459,0.4032647494349622,0.5876130144643505,,,POINT (NaN NaN),GBR
743,743,0.004983980064079744,0.08678885227479033,0.04015990017248618,9.915063180652893e-06,2.6047314543339525e-11,146.8901707898226,0.5934065934065934,0.004162269471918553,0.5993703313653459,0.4032647494349622,0.5876130144643505,,,POINT (NaN NaN),GBR
744,744,0.01067995728017088,0.08678885227479033,0.05216919207139148,0.004540810956315706,1.0233415317865007e-10,190.7509992458524,0.12643678160919541,0.004162269471918553,0.5993703313653459,0.4032647494349622,0.5876130144643505,,,POINT (NaN NaN),GBR
745,745,0.001423994304022784,0.08678885227479033,0.0017580176592873874,4.201243307470662e-05,1.2921936820044585e-18,6.202380952380954,0.3333333333333333,0.004162269471918553,0.5993703313653459,0.4032647494349622,0.5876130144643505,,,POINT (NaN NaN),GBR
746,746,0.001423994304022784,0.08678885227479033,0.0012815948736205056,3.0110278419285177e-05,6.678125999972846e-20,4.333333333333333,0.6666666666666666,0.004162269471918553,0.5993703313653459,0.4032647494349622,0.5876130144643505,,,POINT (NaN NaN),GBR
747,747,0.002135991456034176,0.08678885227479033,0.0022671488261415376,9.170504119774319e-05,7.067288366799804e-19,7.333333333333333,0.5333333333333333,0.004162269471918553,0.5993703313653459,0.4032647494349622,0.5876130144643505,,,POINT (NaN NaN),GBR
748,748,0.007475970096119616,0.08678885227479033,0.044545171661915656,6.111996028794296e-05,1.6517382374353704e-10,171.8005652800934,0.5190476190476191,0.004162269471918553,0.5993703313653459,0.4032647494349622,0.5876130144643505,,,POINT (NaN NaN),GBR
749,749,0.006763972944108224,0.08678885227479033,0.03719473258348834,0.0001331971854545376,7.0429194450479146e-12,129.89453586918756,0.22807017543859648,0.004162269471918553,0.5993703313653459,0.4032647494349622,0.5876130144643505,,,POINT (NaN NaN),GBR
750,750,0.00533997864008544,0.08678885227479033,0.03707016146865775,8.29029958938947e-05,5.617171348522767e-13,128.3087549834064,0.3047619047619048,0.004162269471918553,0.5993703313653459,0.4032647494349622,0.5876130144643505,,,POINT (NaN NaN),GBR
751,751,0.00177999288002848,0.08678885227479033,0.0012714234857346286,7.991340700586313e-07,1.8485212424280462e-20,4.0,0.6,0.004162269471918553,0.5993703313653459,0.4032647494349622,0.5876130144643505,,,POINT (NaN NaN),GBR
752,752,0.003203987184051264,0.08678885227479033,0.03250611818428445,5.88245155201886e-05,2.6922181562354933e-13,105.62618698381088,0.1111111111111111,0.004162269471918553,0.5993703313653459,0.4032647494349622,0.5876130144643505,,,POINT (NaN NaN),GBR
753,753,0.002135991456034176,0.08678885227479033,0.002215567608317802,4.346025875702634e-05,3.102996110416969e-18,8.702380952380953,0.3333333333333333,0.004162269471918553,0.5993703313653459,0.4032647494349622,0.5876130144643505,,,POINT (NaN NaN),GBR
754,754,0.0088999644001424,0.08678885227479033,0.0516338065051024,0.003924448557381928,7.465343949209882e-11,184.5843325791857,0.18,0.004162269471918553,0.5993703313653459,0.4032647494349622,0.5876130144643505,,,POINT (NaN NaN),GBR
755,755,0.002135991456034176,0.08678885227479033,0.03250611818428445,2.4784268437277928e-05,2.6922181562354933e-13,105.62618698381088,0.13333333333333333,0.004162269471918553,0.5993703313653459,0.4032647494349622,0.5876130144643505,,,POINT (NaN NaN),GBR
756,756,0.002135991456034176,0.08678885227479033,0.0021012598876433766,0.0006306608516036516,1.3238255974619317e-18,8.702380952380953,0.06666666666666667,0.004162269471918553,0.5993703313653459,0.4032647494349622,0.5876130144643505,,,POINT (NaN NaN),GBR
757,757,0.00177999288002848,0.08678885227479033,0.0020794309346127103,0.0,1.8221031048338317e-18,8.642857142857142,0.7,0.004162269471918553,0.5993703313653459,0.4032647494349622,0.5876130144643505,,,POINT (NaN NaN),GBR
758,758,0.00177999288002848,0.08678885227479033,0.0020794309346127103,0.0,1.8221031048338317e-18,8.642857142857142,0.7,0.004162269471918553,0.5993703313653459,0.4032647494349622,0.5876130144643505,,,POINT (NaN NaN),GBR
759,759,0.001423994304022784,0.08678885227479033,0.002051229890318534,4.281368014675959e-05,1.2957859500059382e-18,7.702380952380953,0.16666666666666666,0.004162269471918553,0.5993703313653459,0.4032647494349622,0.5876130144643505,,,POINT (NaN NaN),GBR
760,760,0.00177999288002848,0.08678885227479033,0.0012714234857346286,1.8383117350721478e-07,1.8485212424280462e-20,4.0,0.5,0.004162269471918553,0.5993703313653459,0.4032647494349622,0.5876130144643505,,,POINT (NaN NaN),GBR
761,761,0.002135991456034176,0.08678885227479033,0.04355782430011998,2.405713599269455e-05,1.0040541879760111e-10,158.0172319467599,0.4,0.004162269471918553,0.5993703313653459,0.4032647494349622,0.5876130144643505,,,POINT (NaN NaN),GBR
762,762,0.000711997152011392,0.08678885227479033,0.0006407974368102528,5.705105384706666e-08,3.617214307045434e-21,2.0,0.0,0.004162269471918553,0.5993703313653459,0.4032647494349622,0.5876130144643505,,,POINT (NaN NaN),GBR
763,763,0.00711997152011392,0.08678885227479033,0.05031519738459025,0.004830007116198573,5.968708285686185e-11,175.68433257918568,0.1368421052631579,0.004162269471918553,0.5993703313653459,0.4032647494349622,0.5876130144643505,,,POINT (NaN NaN),GBR
764,764,0.004271982912068352,0.08678885227479033,0.04412481054089162,8.031750393722201e-05,7.520385043664783e-11,160.46723194675997,0.24242424242424243,0.004162269471918553,0.5993703313653459,0.4032647494349622,0.5876130144643505,,,POINT (NaN NaN),GBR
765,765,0.002491990032039872,0.08678885227479033,0.001752608374181888,9.2528055474537e-05,1.1864462927109027e-19,5.5,0.2857142857142857,0.004162269471918553,0.5993703313653459,0.4032647494349622,0.5876130144643505,,,POINT (NaN NaN),GBR
766,766,0.00355998576005696,0.08678885227479033,0.04421974993751881,3.533069308446596e-05,8.956624182789791e-11,161.46723194675997,0.3333333333333333,0.004162269471918553,0.5993703313653459,0.4032647494349622,0.5876130144643505,,,POINT (NaN NaN),GBR
767,767,0.00533997864008544,0.08678885227479033,0.04981242939781842,0.0023495719886191912,4.01515375907956e-11,170.85099924585228,0.09523809523809523,0.004162269471918553,0.5993703313653459,0.4032647494349622,0.5876130144643505,,,POINT (NaN NaN),GBR
768,768,0.003203987184051264,0.08678885227479033,0.04414326508315045,2.7274864817551898e-05,8.575544243152083e-11,160.46723194675997,0.4166666666666667,0.004162269471918553,0.5993703313653459,0.4032647494349622,0.5876130144643505,,,POINT (NaN NaN),GBR
769,769,0.004627981488074048,0.08678885227479033,0.04474275617257844,5.755203857583495e-05,1.6053047634969735e-10,166.30056528009334,0.5769230769230769,0.004162269471918553,0.5993703313653459,0.4032647494349622,0.5876130144643505,,,POINT (NaN NaN),GBR
770,770,0.004983980064079744,0.08678885227479033,0.049725819018738945,0.0023372253808424718,3.89265367028299e-11,169.85099924585228,0.0989010989010989,0.004162269471918553,0.5993703313653459,0.4032647494349622,0.5876130144643505,,,POINT (NaN NaN),GBR
771,771,0.004983980064079744,0.08678885227479033,0.04024764098590664,4.139939161094489e-05,9.515404140939415e-11,142.92350412315568,0.45454545454545453,0.004162269471918553,0.5993703313653459,0.4032647494349622,0.5876130144643505,,,POINT (NaN NaN),GBR
772,772,0.00533997864008544,0.08678885227479033,0.04098179804999411,6.327245505499389e-06,1.252562263841056e-11,144.82358115310868,0.5523809523809524,0.004162269471918553,0.5993703313653459,0.4032647494349622,0.5876130144643505,,,POINT (NaN NaN),GBR
773,773,0.004271982912068352,0.08678885227479033,0.039274790072609304,0.001704596470325401,4.670267064583898e-12,134.4367957163226,0.2878787878787879,0.004162269471918553,0.5993703313653459,0.4032647494349622,0.5876130144643505,,,POINT (NaN NaN),GBR
774,774,0.002491990032039872,0.08678885227479033,0.039134747530777315,0.0006154810410635516,4.670267060991629e-12,132.93679571632273,0.19047619047619047,0.004162269471918553,0.5993703313653459,0.4032647494349622,0.5876130144643505,,,POINT (NaN NaN),GBR
775,775,0.003203987184051264,0.08678885227479033,0.0442289980291088,1.5316013549524892e-05,1.137222032988007e-10,161.8005652800933,0.6388888888888888,0.004162269471918553,0.5993703313653459,0.4032647494349622,0.5876130144643505,,,POINT (NaN NaN),GBR
776,776,0.00711997152011392,0.08678885227479033,0.04468922410651668,8.890682618646754e-05,2.2523752230616229e-10,167.80056528009337,0.4264705882352941,0.004162269471918553,0.5993703313653459,0.4032647494349622,0.5876130144643505,,,POINT (NaN NaN),GBR
777,777,0.003915984336062656,0.08678885227479033,0.04356239394177967,5.9660941660182414e-05,1.1444731841330182e-10,158.51723194675992,0.43636363636363634,0.004162269471918553,0.5993703313653459,0.4032647494349622,0.5876130144643505,,,POINT (NaN NaN),GBR
778,778,0.009967960128159488,0.08678885227479033,0.04423799898753796,5.334019912184381e-05,9.83290237630786e-11,169.38389861342674,0.48615384615384616,0.004162269471918553,0.5993703313653459,0.4032647494349622,0.5876130144643505,,,POINT (NaN NaN),GBR
779,779,0.002135991456034176,0.08678885227479033,0.0015858118385708277,1.4942166925963124e-05,2.0131668591625284e-20,5.0,0.4666666666666667,0.004162269471918553,0.5993703313653459,0.4032647494349622,0.5876130144643505,,,POINT (NaN NaN),GBR
780,780,0.004271982912068352,0.08678885227479033,0.04087612765887144,7.112159376473578e-05,1.713436834478085e-11,145.30691448644203,0.5,0.004162269471918553,0.5993703313653459,0.4032647494349622,0.5876130144643505,,,POINT (NaN NaN),GBR
781,781,0.001067995728017088,0.08678885227479033,0.04338488549295202,4.1694973526176423e-07,2.1285221503083008e-11,151.50056528009296,0.3333333333333333,0.004162269471918553,0.5993703313653459,0.4032647494349622,0.5876130144643505,,,POINT (NaN NaN),GBR
782,782,0.002491990032039872,0.08678885227479033,0.001423994304022784,4.2055901897597725e-05,2.0131668591625284e-20,4.5,0.3333333333333333,0.004162269471918553,0.5993703313653459,0.4032647494349622,0.5876130144643505,,,POINT (NaN NaN),GBR
783,783,0.002847988608045568,0.08678885227479033,0.0020597060468900983,0.00012332068260927876,1.4583610233784558e-19,6.5,0.2857142857142857,0.004162269471918553,0.5993703313653459,0.4032647494349622,0.5876130144643505,,,POINT (NaN NaN),GBR
784,784,0.001423994304022784,0.08678885227479033,0.0018025244354718786,2.4722123333728884e-06,1.320233329460452e-18,7.202380952380954,0.0,0.004162269471918553,0.5993703313653459,0.4032647494349622,0.5876130144643505,,,POINT (NaN NaN),GBR
785,785,0.002847988608045568,0.08678885227479033,0.0006407974368102528,1.1794744290390757e-06,3.617214307045434e-21,2.0,0.42857142857142855,0.004162269471918553,0.5993703313653459,0.4032647494349622,0.5876130144643505,,,POINT (NaN NaN),GBR
786,786,0.002847988608045568,0.08678885227479033,0.0024124138797562457,0.0004649527381239729,6.803855380024635e-19,10.202380952380947,0.25,0.004162269471918553,0.5993703313653459,0.4032647494349622,0.5876130144643505,,,POINT (NaN NaN),GBR
787,787,0.003915984336062656,0.08678885227479033,0.0443009243122463,3.4463535984672225e-05,1.2099595926089814e-10,162.96723194676,0.34545454545454546,0.004162269471918553,0.5993703313653459,0.4032647494349622,0.5876130144643505,,,POINT (NaN NaN),GBR
788,788,0.002847988608045568,0.08678885227479033,0.000355998576005696,1.8588503058201256e-06,3.2430197235579753e-22,1.0,0.35714285714285715,0.004162269471918553,0.5993703313653459,0.4032647494349622,0.5876130144643505,,,POINT (NaN NaN),GBR
789,789,0.003203987184051264,0.08678885227479033,0.001601993592025632,7.028352520916341e-05,2.043102425841525e-20,5.0,0.25,0.004162269471918553,0.5993703313653459,0.4032647494349622,0.5876130144643505,,,POINT (NaN NaN),GBR
790,790,0.009611961552153792,0.08678885227479033,0.04419847446174994,0.00029555014021657994,1.0049553064147142e-10,170.46723194676008,0.42735042735042733,0.004162269471918553,0.5993703313653459,0.4032647494349622,0.5876130144643505,,,POINT (NaN NaN),GBR
791,791,0.006407974368102528,0.08678885227479033,0.0494692290236687,0.003530400010589536,2.3361146478697907e-10,189.99535925460904,0.40522875816993464,0.004162269471918553,0.5993703313653459,0.4032647494349622,0.5876130144643505,,,POINT (NaN NaN),GBR
792,792,0.001067995728017088,0.08678885227479033,0.04338488549295202,4.1694973526176423e-07,2.1285221503083008e-11,151.50056528009296,0.3333333333333333,0.004162269471918553,0.5993703313653459,0.4032647494349622,0.5876130144643505,,,POINT (NaN NaN),GBR
793,793,0.006407974368102528,0.08678885227479033,0.04362646974711534,0.00016631211249126164,4.066970436448082e-11,163.0505652800933,0.47058823529411764,0.004162269471918553,0.5993703313653459,0.4032647494349622,0.5876130144643505,,,POINT (NaN NaN),GBR
794,794,0.004983980064079744,0.08678885227479033,0.040899006749310414,0.0002350828971878797,1.0183198741725705e-11,142.82358115310862,0.4945054945054945,0.004162269471918553,0.5993703313653459,0.4032647494349622,0.5876130144643505,,,POINT (NaN NaN),GBR
795,795,0.002491990032039872,0.08678885227479033,0.001601993592025632,0.00012359642936953958,3.085857998493242e-20,5.0,0.2857142857142857,0.004162269471918553,0.5993703313653459,0.4032647494349622,0.5876130144643505,,,POINT (NaN NaN),GBR
796,796,0.00177999288002848,0.08678885227479033,0.0011391954432182273,5.617566730655611e-07,7.508837975315004e-21,3.5,0.4,0.004162269471918553,0.5993703313653459,0.4032647494349622,0.5876130144643505,,,POINT (NaN NaN),GBR
797,797,0.003915984336062656,0.08678885227479033,0.04414531514302185,2.620863601801147e-07,1.713474539919134e-10,163.93389861342666,0.6,0.004162269471918553,0.5993703313653459,0.4032647494349622,0.5876130144643505,,,POINT (NaN NaN),GBR
798,798,0.015663937344250624,0.08678885227479033,0.05347216096965061,0.029397736453141227,1.6274607778647581e-10,208.5624350322877,0.11416490486257928,0.004162269471918553,0.5993703313653459,0.4032647494349622,0.5876130144643505,,,POINT (NaN NaN),GBR
799,799,0.002491990032039872,0.08678885227479033,0.001423994304022784,4.237285219674809e-05,2.0131668591625284e-20,4.5,0.09523809523809523,0.004162269471918553,0.5993703313653459,0.4032647494349622,0.5876130144643505,,,POINT (NaN NaN),GBR
800,800,0.00177999288002848,0.08678885227479033,0.0011391954432182273,6.48389754833329e-07,7.508837975315004e-21,3.5,0.4,0.004162269471918553,0.5993703313653459,0.4032647494349622,0.5876130144643505,,,POINT (NaN NaN),GBR
801,801,0.004271982912068352,0.08678885227479033,0.048776781281926904,9.936609169105697e-05,1.6242440077068785e-10,185.49535925460904,0.4696969696969697,0.004162269471918553,0.5993703313653459,0.4032647494349622,0.5876130144643505,,,POINT (NaN NaN),GBR
802,802,0.003203987184051264,0.08678885227479033,0.0021012598876433766,7.978711900840913e-05,1.956039819416776e-18,8.702380952380953,0.3055555555555556,0.004162269471918553,0.5993703313653459,0.4032647494349622,0.5876130144643505,,,POINT (NaN NaN),GBR
803,803,0.00533997864008544,0.08678885227479033,0.04413606811429478,4.831863053162768e-05,1.7321565514873892e-10,164.13389861342668,0.45714285714285713,0.004162269471918553,0.5993703313653459,0.4032647494349622,0.5876130144643505,,,POINT (NaN NaN),GBR
804,804,0.004271982912068352,0.08678885227479033,0.044219431097091984,3.396456013287139e-08,1.6962102163234418e-10,166.8838986134267,0.5606060606060606,0.004162269471918553,0.5993703313653459,0.4032647494349622,0.5876130144643505,,,POINT (NaN NaN),GBR
805,805,0.004271982912068352,0.08678885227479033,0.049249137273442704,7.562343779046122e-06,2.0563649062217778e-10,187.89535925460902,0.5909090909090909,0.004162269471918553,0.5993703313653459,0.4032647494349622,0.5876130144643505,,,POINT (NaN NaN),GBR
806,806,0.003203987184051264,0.08678885227479033,0.04395745999982226,6.037148555245149e-08,1.1764804954613277e-10,162.55056528009334,0.6111111111111112,0.004162269471918553,0.5993703313653459,0.4032647494349622,0.5876130144643505,,,POINT (NaN NaN),GBR
807,807,0.004627981488074048,0.08678885227479033,0.04399899460769611,5.960656007724877e-07,1.0089980854553735e-10,165.13389861342668,0.5897435897435898,0.004162269471918553,0.5993703313653459,0.4032647494349622,0.5876130144643505,,,POINT (NaN NaN),GBR
808,808,0.007475970096119616,0.08678885227479033,0.04422871309354393,6.688614665887147e-05,2.0250360234037781e-10,168.96723194676008,0.38571428571428573,0.004162269471918553,0.5993703313653459,0.4032647494349622,0.5876130144643505,,,POINT (NaN NaN),GBR
809,809,0.005695977216091136,0.08678885227479033,0.05095047127697924,0.00010049979326839181,5.907184434475999e-11,182.64576836562145,0.11666666666666667,0.004162269471918553,0.5993703313653459,0.4032647494349622,0.5876130144643505,,,POINT (NaN NaN),GBR
810,810,0.0088999644001424,0.08678885227479033,0.04404523632562327,6.641822506932086e-05,1.8339213058648075e-10,168.8005652800934,0.4866666666666667,0.004162269471918553,0.5993703313653459,0.4032647494349622,0.5876130144643505,,,POINT (NaN NaN),GBR
811,811,0.006407974368102528,0.08678885227479033,0.04667686433224022,0.0001879199289354671,5.600447168731419e-11,160.68624455609762,0.09803921568627451,0.004162269471918553,0.5993703313653459,0.4032647494349622,0.5876130144643505,,,POINT (NaN NaN),GBR
812,812,0.001423994304022784,0.08678885227479033,0.0011391954432182273,3.1695029915037033e-08,5.862381807970187e-21,3.5,0.6666666666666666,0.004162269471918553,0.5993703313653459,0.4032647494349622,0.5876130144643505,,,POINT (NaN NaN),GBR
813,813,0.003203987184051264,0.08678885227479033,0.04539994341585329,2.3420616540394787e-05,1.3382235010756913e-11,149.74742781728074,0.1388888888888889,0.004162269471918553,0.5993703313653459,0.4032647494349622,0.5876130144643505,,,POINT (NaN NaN),GBR
814,814,0.009967960128159488,0.08678885227479033,0.05194360939163658,0.00039821399590574786,1.0860500550175912e-10,193.7084667783198,0.082010582010582,0.004162269471918553,0.5993703313653459,0.4032647494349622,0.5876130144643505,,,POINT (NaN NaN),GBR
815,815,0.004271982912068352,0.08678885227479033,0.043821313924884676,3.2677018596514417e-06,1.1977337226225149e-10,159.96723194675994,0.36363636363636365,0.004162269471918553,0.5993703313653459,0.4032647494349622,0.5876130144643505,,,POINT (NaN NaN),GBR
816,816,0.006051975792096832,0.08678885227479033,0.043323594607896206,7.853161362659653e-06,7.683196258419033e-11,162.63389861342665,0.4632352941176471,0.004162269471918553,0.5993703313653459,0.4032647494349622,0.5876130144643505,,,POINT (NaN NaN),GBR
817,817,0.004627981488074048,0.08678885227479033,0.043765208116737626,3.447037477544273e-06,1.3540536941417836e-10,162.8005652800933,0.34615384615384615,0.004162269471918553,0.5993703313653459,0.4032647494349622,0.5876130144643505,,,POINT (NaN NaN),GBR
818,818,0.003915984336062656,0.08678885227479033,0.050270355541429196,5.946601303756655e-05,3.609312872278052e-11,177.14576836562142,0.07272727272727272,0.004162269471918553,0.5993703313653459,0.4032647494349622,0.5876130144643505,,,POINT (NaN NaN),GBR
819,819,0.006763972944108224,0.08678885227479033,0.04336769858307772,2.7469819748055717e-06,3.9971659432487286e-11,162.0505652800933,0.5614035087719298,0.004162269471918553,0.5993703313653459,0.4032647494349622,0.5876130144643505,,,POINT (NaN NaN),GBR
820,820,0.007475970096119616,0.08678885227479033,0.05158384281348321,0.0010350966177940703,1.4795694775325758e-10,188.74180011165325,0.09523809523809523,0.004162269471918553,0.5993703313653459,0.4032647494349622,0.5876130144643505,,,POINT (NaN NaN),GBR
821,821,0.002491990032039872,0.08678885227479033,0.043821313924884676,1.1835230927020941e-07,9.533118983777379e-11,159.46723194675997,0.5714285714285714,0.004162269471918553,0.5993703313653459,0.4032647494349622,0.5876130144643505,,,POINT (NaN NaN),GBR
822,822,0.005695977216091136,0.08678885227479033,0.04385347129960678,5.654475169308219e-06,1.4591873498618823e-10,161.63389861342665,0.38333333333333336,0.004162269471918553,0.5993703313653459,0.4032647494349622,0.5876130144643505,,,POINT (NaN NaN),GBR
823,823,0.008187967248131008,0.08678885227479033,0.04681025678460422,9.426940105186014e-05,7.626297970852039e-11,163.15291122276435,0.13438735177865613,0.004162269471918553,0.5993703313653459,0.4032647494349622,0.5876130144643505,,,POINT (NaN NaN),GBR
824,824,0.004983980064079744,0.08678885227479033,0.04627869185684141,6.279144252229125e-05,5.470452611754983e-11,157.18624455609756,0.06593406593406594,0.004162269471918553,0.5993703313653459,0.4032647494349622,0.5876130144643505,,,POINT (NaN NaN),GBR
825,825,0.00355998576005696,0.08678885227479033,0.043478744004099124,7.334071807866711e-07,1.1194199781329582e-10,160.13389861342662,0.4,0.004162269471918553,0.5993703313653459,0.4032647494349622,0.5876130144643505,,,POINT (NaN NaN),GBR
826,826,0.004271982912068352,0.08678885227479033,0.051233677537427635,0.00017035751000197194,1.0552987027267435e-10,187.81243503228808,0.12121212121212122,0.004162269471918553,0.5993703313653459,0.4032647494349622,0.5876130144643505,,,POINT (NaN NaN),GBR
827,827,0.006763972944108224,0.08678885227479033,0.04881264140000559,0.00038625944416945985,2.1244750647312807e-10,189.5786925879423,0.3684210526315789,0.004162269471918553,0.5993703313653459,0.4032647494349622,0.5876130144643505,,,POINT (NaN NaN),GBR
828,828,0.002491990032039872,0.08678885227479033,0.000711997152011392,3.803403589804444e-07,6.236576391457643e-22,2.0,0.5714285714285714,0.004162269471918553,0.5993703313653459,0.4032647494349622,0.5876130144643505,,,POINT (NaN NaN),GBR
829,829,0.007475970096119616,0.08678885227479033,0.000711997152011392,3.61952966031165e-05,6.236576391457643e-22,2.0,0.09047619047619047,0.004162269471918553,0.5993703313653459,0.4032647494349622,0.5876130144643505,,,POINT (NaN NaN),GBR
830,830,0.00711997152011392,0.08678885227479033,0.03955294747250815,5.923447118497558e-05,1.123951376740742e-11,139.5201290496563,0.4421052631578947,0.004162269471918553,0.5993703313653459,0.4032647494349622,0.5876130144643505,,,POINT (NaN NaN),GBR
831,831,0.004983980064079744,0.08678885227479033,0.05134157538979909,4.418908484993188e-05,7.875220219765414e-11,187.56243503228808,0.03296703296703297,0.004162269471918553,0.5993703313653459,0.4032647494349622,0.5876130144643505,,,POINT (NaN NaN),GBR
832,832,0.009967960128159488,0.08678885227479033,0.04385995943411184,1.5539907244587654e-05,1.5796721006043198e-10,165.46723194676002,0.25925925925925924,0.004162269471918553,0.5993703313653459,0.4032647494349622,0.5876130144643505,,,POINT (NaN NaN),GBR
833,833,0.002491990032039872,0.08678885227479033,0.0021068112448861683,0.0001173207804188125,1.2875786154747798e-18,7.949999999999999,0.19047619047619047,0.004162269471918553,0.5993703313653459,0.4032647494349622,0.5876130144643505,,,POINT (NaN NaN),GBR
834,834,0.001067995728017088,0.08678885227479033,0.000355998576005696,3.1695029915037033e-08,3.2430197235579753e-22,1.0,0.6666666666666666,0.004162269471918553,0.5993703313653459,0.4032647494349622,0.5876130144643505,,,POINT (NaN NaN),GBR
835,835,0.003203987184051264,0.08678885227479033,0.001067995728017088,9.114557098182608e-05,4.2159256406253684e-21,3.0,0.2222222222222222,0.004162269471918553,0.5993703313653459,0.4032647494349622,0.5876130144643505,,,POINT (NaN NaN),GBR
836,836,0.011035955856176576,0.08678885227479033,0.043019907566387426,8.13792194873143e-05,7.419087580536565e-11,158.96723194675994,0.4,0.004162269471918553,0.5993703313653459,0.4032647494349622,0.5876130144643505,,,POINT (NaN NaN),GBR
837,837,0.006763972944108224,0.08678885227479033,0.05141815545012642,0.005363921704250854,3.9677251956123556e-10,174.18826532944144,0.07602339181286549,0.004162269471918553,0.5993703313653459,0.4032647494349622,0.5876130144643505,,,POINT (NaN NaN),GBR
838,838,0.000711997152011392,0.08678885227479033,0.000711997152011392,0.0,6.236576391457643e-22,2.0,0.0,0.004162269471918553,0.5993703313653459,0.4032647494349622,0.5876130144643505,,,POINT (NaN NaN),GBR
839,839,0.005695977216091136,0.08678885227479033,0.04840950436901652,0.00014100238596350732,1.5762855523109405e-10,180.4120259212758,0.375,0.004162269471918553,0.5993703313653459,0.4032647494349622,0.5876130144643505,,,POINT (NaN NaN),GBR
840,840,0.015307938768244928,0.08678885227479033,0.04352906662447424,0.00013090715524733412,1.53162026305116e-10,164.46723194676002,0.2159468438538206,0.004162269471918553,0.5993703313653459,0.4032647494349622,0.5876130144643505,,,POINT (NaN NaN),GBR
841,841,0.002135991456034176,0.08678885227479033,0.000711997152011392,2.641252492919752e-07,6.236576391457643e-22,2.0,0.26666666666666666,0.004162269471918553,0.5993703313653459,0.4032647494349622,0.5876130144643505,,,POINT (NaN NaN),GBR
842,842,0.005695977216091136,0.08678885227479033,0.05112976179889105,0.00013309093411917875,8.643259180165182e-11,187.79180011165317,0.058333333333333334,0.004162269471918553,0.5993703313653459,0.4032647494349622,0.5876130144643505,,,POINT (NaN NaN),GBR
843,843,0.009967960128159488,0.08678885227479033,0.04323392434794127,0.0002325429841903081,1.3471783677719349e-10,161.13389861342662,0.26455026455026454,0.004162269471918553,0.5993703313653459,0.4032647494349622,0.5876130144643505,,,POINT (NaN NaN),GBR
844,844,0.003915984336062656,0.08678885227479033,0.043258460047603975,6.200247359559837e-07,8.667844717501136e-11,155.5505652800931,0.4727272727272727,0.004162269471918553,0.5993703313653459,0.4032647494349622,0.5876130144643505,,,POINT (NaN NaN),GBR
845,845,0.008187967248131008,0.08678885227479033,0.05572582892170521,0.005609867607175882,4.3286910678765706e-10,198.93032882150484,0.1225296442687747,0.004162269471918553,0.5993703313653459,0.4032647494349622,0.5876130144643505,,,POINT (NaN NaN),GBR
846,846,0.022427910288358846,0.08678885227479033,0.04862319517747103,0.010981745778303019,3.3904162307465425e-10,195.4953592546089,0.21366120218579235,0.004162269471918553,0.5993703313653459,0.4032647494349622,0.5876130144643505,,,POINT (NaN NaN),GBR
847,847,0.006407974368102528,0.08678885227479033,0.05129491370146407,0.0044828363800682005,4.0228408887315765e-10,173.7715986627748,0.0915032679738562,0.004162269471918553,0.5993703313653459,0.4032647494349622,0.5876130144643505,,,POINT (NaN NaN),GBR
848,848,0.01067995728017088,0.08678885227479033,0.04676380392401279,0.0003067665356953189,1.4976698942085676e-10,178.32869258794244,0.2988505747126437,0.004162269471918553,0.5993703313653459,0.4032647494349622,0.5876130144643505,,,POINT (NaN NaN),GBR
849,849,0.004627981488074048,0.08678885227479033,0.05054666603632348,0.00015868854166574046,8.046291548184006e-11,181.4251334449865,0.20512820512820512,0.004162269471918553,0.5993703313653459,0.4032647494349622,0.5876130144643505,,,POINT (NaN NaN),GBR
850,850,0.004627981488074048,0.08678885227479033,0.050865316449622534,0.003924978130132735,3.8099465462191973e-10,168.65493199610827,0.0641025641025641,0.004162269471918553,0.5993703313653459,0.4032647494349622,0.5876130144643505,,,POINT (NaN NaN),GBR
851,851,0.013883944464222144,0.08678885227479033,0.04782870696225499,0.0003329538268516539,2.2610697325238398e-10,183.81202592127576,0.3183183183183183,0.004162269471918553,0.5993703313653459,0.4032647494349622,0.5876130144643505,,,POINT (NaN NaN),GBR
852,852,0.00533997864008544,0.08678885227479033,0.05532917464148959,0.0032687974451842366,3.622307550315385e-10,194.43032882150484,0.19047619047619047,0.004162269471918553,0.5993703313653459,0.4032647494349622,0.5876130144643505,,,POINT (NaN NaN),GBR
853,853,0.00533997864008544,0.08678885227479033,0.05101354493140863,0.0038302229230502286,3.880932226753894e-10,170.77159866277486,0.13333333333333333,0.004162269471918553,0.5993703313653459,0.4032647494349622,0.5876130144643505,,,POINT (NaN NaN),GBR
854,854,0.012103951584193664,0.08678885227479033,0.03919171222878427,9.052386929354757e-05,8.834233426248943e-12,134.52012904965596,0.31907308377896615,0.004162269471918553,0.5993703313653459,0.4032647494349622,0.5876130144643505,,,POINT (NaN NaN),GBR
855,855,0.011035955856176576,0.08678885227479033,0.04773475824964401,0.00016162781031814528,2.0915308699688528e-10,187.995359254609,0.34623655913978496,0.004162269471918553,0.5993703313653459,0.4032647494349622,0.5876130144643505,,,POINT (NaN NaN),GBR
856,856,0.002491990032039872,0.08678885227479033,0.044874943911974254,1.650128836211915e-05,1.2362733403115249e-11,144.62910169895463,0.19047619047619047,0.004162269471918553,0.5993703313653459,0.4032647494349622,0.5876130144643505,,,POINT (NaN NaN),GBR
857,857,0.004271982912068352,0.08678885227479033,0.04600612567433534,5.533568899782316e-05,7.091836918029669e-11,167.91202592127578,0.25757575757575757,0.004162269471918553,0.5993703313653459,0.4032647494349622,0.5876130144643505,,,POINT (NaN NaN),GBR
858,858,0.011391954432182272,0.08678885227479033,0.04264612247897203,3.111574006643458e-05,6.156627320250466e-11,154.4672319467597,0.3487903225806452,0.004162269471918553,0.5993703313653459,0.4032647494349622,0.5876130144643505,,,POINT (NaN NaN),GBR
859,859,0.002847988608045568,0.08678885227479033,0.04568134533251403,0.00010702558586402895,4.934592253313368e-11,163.9953592546091,0.17857142857142858,0.004162269471918553,0.5993703313653459,0.4032647494349622,0.5876130144643505,,,POINT (NaN NaN),GBR
860,860,0.008187967248131008,0.08678885227479033,0.046436420430090254,0.00025209143220678704,1.365299742381317e-10,174.82869258794244,0.2450592885375494,0.004162269471918553,0.5993703313653459,0.4032647494349622,0.5876130144643505,,,POINT (NaN NaN),GBR
861,861,0.011391954432182272,0.08678885227479033,0.039267923610360043,0.00021024108993247586,1.1214551414506878e-11,136.02012904965608,0.31451612903225806,0.004162269471918553,0.5993703313653459,0.4032647494349622,0.5876130144643505,,,POINT (NaN NaN),GBR
862,862,0.002847988608045568,0.08678885227479033,0.044874943911974254,1.650128836211915e-05,1.2362733403115249e-11,144.62910169895463,0.35714285714285715,0.004162269471918553,0.5993703313653459,0.4032647494349622,0.5876130144643505,,,POINT (NaN NaN),GBR
863,863,0.01067995728017088,0.08678885227479033,0.04702531628990503,0.00013986956728537136,1.639213814953867e-10,182.32869258794244,0.25057471264367814,0.004162269471918553,0.5993703313653459,0.4032647494349622,0.5876130144643505,,,POINT (NaN NaN),GBR
864,864,0.007831968672125312,0.08678885227479033,0.03885125209473193,2.410274593502982e-06,4.367629870603853e-12,129.4367957163228,0.36363636363636365,0.004162269471918553,0.5993703313653459,0.4032647494349622,0.5876130144643505,,,POINT (NaN NaN),GBR
865,865,0.00533997864008544,0.08678885227479033,0.0,0.0,2.4946305565830578e-23,0.0,0.13333333333333333,0.004162269471918553,0.5993703313653459,0.4032647494349622,0.5876130144643505,,,POINT (NaN NaN),GBR
866,866,0.012815948736205056,0.08678885227479033,0.047521701734710396,0.0008023552023259695,1.7260872970316566e-10,183.66202592127576,0.32085561497326204,0.004162269471918553,0.5993703313653459,0.4032647494349622,0.5876130144643505,,,POINT (NaN NaN),GBR
867,867,0.004271982912068352,0.08678885227479033,0.04898109136688842,0.003048167679068992,3.7116381530158977e-10,160.5215986627749,0.12121212121212122,0.004162269471918553,0.5993703313653459,0.4032647494349622,0.5876130144643505,,,POINT (NaN NaN),GBR
868,868,0.002491990032039872,0.08678885227479033,0.04238855162598317,1.1410210769413333e-07,4.8636461928037684e-11,150.13389861342628,0.5714285714285714,0.004162269471918553,0.5993703313653459,0.4032647494349622,0.5876130144643505,,,POINT (NaN NaN),GBR
869,869,0.000711997152011392,0.08678885227479033,0.0017437896350109517,0.0002614393710430657,6.273247460639418e-19,5.95,0.0,0.004162269471918553,0.5993703313653459,0.4032647494349622,0.5876130144643505,,,POINT (NaN NaN),GBR
870,870,0.004271982912068352,0.08678885227479033,0.038907833549982763,1.7394107094297934e-06,6.5108689927209515e-12,131.0201290496561,0.2878787878787879,0.004162269471918553,0.5993703313653459,0.4032647494349622,0.5876130144643505,,,POINT (NaN NaN),GBR
871,871,0.006763972944108224,0.08678885227479033,0.04714223693774894,2.3752291527943433e-06,1.411619686871027e-10,181.82869258794244,0.36257309941520466,0.004162269471918553,0.5993703313653459,0.4032647494349622,0.5876130144643505,,,POINT (NaN NaN),GBR
872,872,0.004983980064079744,0.08678885227479033,0.04864085599283571,0.00394091823073651,3.5878363053267347e-10,157.05493199610808,0.2087912087912088,0.004162269471918553,0.5993703313653459,0.4032647494349622,0.5876130144643505,,,POINT (NaN NaN),GBR
873,873,0.006051975792096832,0.08678885227479033,0.04574103822852943,0.0001348942363448606,6.988242291184693e-11,167.47869258794248,0.29411764705882354,0.004162269471918553,0.5993703313653459,0.4032647494349622,0.5876130144643505,,,POINT (NaN NaN),GBR
874,874,0.000711997152011392,0.08678885227479033,0.0017437896350109517,2.155262034222518e-06,6.273247460639418e-19,5.95,0.0,0.004162269471918553,0.5993703313653459,0.4032647494349622,0.5876130144643505,,,POINT (NaN NaN),GBR
875,875,0.001423994304022784,0.08678885227479033,0.04413232129743171,0.001248774720673762,2.2861761574033221e-10,137.28826532944169,0.16666666666666666,0.004162269471918553,0.5993703313653459,0.4032647494349622,0.5876130144643505,,,POINT (NaN NaN),GBR
876,876,0.001423994304022784,0.08678885227479033,0.0,0.0,2.4946305565830578e-23,0.0,0.16666666666666666,0.004162269471918553,0.5993703313653459,0.4032647494349622,0.5876130144643505,,,POINT (NaN NaN),GBR
877,877,0.012103951584193664,0.08678885227479033,0.04719257867154577,0.00045283629472849326,1.6918517413605126e-10,183.99535925460907,0.28520499108734404,0.004162269471918553,0.5993703313653459,0.4032647494349622,0.5876130144643505,,,POINT (NaN NaN),GBR
878,878,0.014951940192239232,0.08678885227479033,0.044936777383872535,0.0036992577288347023,5.535685659502137e-11,163.50607354032337,0.22880371660859466,0.004162269471918553,0.5993703313653459,0.4032647494349622,0.5876130144643505,,,POINT (NaN NaN),GBR
879,879,0.000711997152011392,0.08678885227479033,0.0,0.0,2.4946305565830578e-23,0.0,0.0,0.004162269471918553,0.5993703313653459,0.4032647494349622,0.5876130144643505,,,POINT (NaN NaN),GBR
880,880,0.002491990032039872,0.08678885227479033,0.047928203773785746,0.001341253341560542,3.39431444126278e-10,152.55493199610805,0.09523809523809523,0.004162269471918553,0.5993703313653459,0.4032647494349622,0.5876130144643505,,,POINT (NaN NaN),GBR
881,881,0.004627981488074048,0.08678885227479033,0.04839081423705506,0.0029381075037761854,2.984691357282403e-10,156.8549319961081,0.21794871794871795,0.004162269471918553,0.5993703313653459,0.4032647494349622,0.5876130144643505,,,POINT (NaN NaN),GBR
882,882,0.000711997152011392,0.08678885227479033,0.0,0.0,2.4946305565830578e-23,0.0,1.0,0.004162269471918553,0.5993703313653459,0.4032647494349622,0.5876130144643505,,,POINT (NaN NaN),GBR
883,883,0.01673193307226771,0.08678885227479033,0.04734886610738187,0.0028405242789603484,1.5890155675739915e-10,185.4620259212757,0.22109158186864014,0.004162269471918553,0.5993703313653459,0.4032647494349622,0.5876130144643505,,,POINT (NaN NaN),GBR
884,884,0.01245995016019936,0.08678885227479033,0.039978920578355163,0.00036587286938231613,1.5937383740833613e-11,139.02358115310835,0.2991596638655462,0.004162269471918553,0.5993703313653459,0.4032647494349622,0.5876130144643505,,,POINT (NaN NaN),GBR
885,885,0.005695977216091136,0.08678885227479033,0.03238399644826617,0.0,2.69221815024838e-13,103.62618698381097,0.4,0.004162269471918553,0.5993703313653459,0.4032647494349622,0.5876130144643505,,,POINT (NaN NaN),GBR
886,886,0.005695977216091136,0.08678885227479033,0.03556858535173964,2.6872285308808573e-06,2.4124609371419364e-12,118.45286920252104,0.5833333333333334,0.004162269471918553,0.5993703313653459,0.4032647494349622,0.5876130144643505,,,POINT (NaN NaN),GBR
887,887,0.001067995728017088,0.08678885227479033,0.0,0.0,2.4946305565830578e-23,0.0,0.3333333333333333,0.004162269471918553,0.5993703313653459,0.4032647494349622,0.5876130144643505,,,POINT (NaN NaN),GBR
888,888,0.0088999644001424,0.08678885227479033,0.04647505765141566,0.00026096934235778367,1.6634203761833374e-10,176.91202592127578,0.27,0.004162269471918553,0.5993703313653459,0.4032647494349622,0.5876130144643505,,,POINT (NaN NaN),GBR
889,889,0.006051975792096832,0.08678885227479033,0.032450772692042835,7.89683597379419e-05,2.6922181727000544e-13,105.29285365047758,0.36764705882352944,0.004162269471918553,0.5993703313653459,0.4032647494349622,0.5876130144643505,,,POINT (NaN NaN),GBR
890,890,0.013527945888216448,0.08678885227479033,0.035505365219281666,0.0005655602040153995,2.412460939087748e-12,117.95286920252106,0.32857142857142857,0.004162269471918553,0.5993703313653459,0.4032647494349622,0.5876130144643505,,,POINT (NaN NaN),GBR
891,891,0.001067995728017088,0.08678885227479033,0.0,0.0,2.4946305565830578e-23,0.0,0.3333333333333333,0.004162269471918553,0.5993703313653459,0.4032647494349622,0.5876130144643505,,,POINT (NaN NaN),GBR
892,892,0.002135991456034176,0.08678885227479033,0.0017437896350109517,0.0006866534881181313,6.273247460639418e-19,5.95,0.13333333333333333,0.004162269471918553,0.5993703313653459,0.4032647494349622,0.5876130144643505,,,POINT (NaN NaN),GBR
893,893,0.002491990032039872,0.08678885227479033,0.0,0.0,2.4946305565830578e-23,0.0,0.14285714285714285,0.004162269471918553,0.5993703313653459,0.4032647494349622,0.5876130144643505,,,POINT (NaN NaN),GBR
894,894,0.00355998576005696,0.08678885227479033,0.0,0.0,2.4946305565830578e-23,0.0,0.15555555555555556,0.004162269471918553,0.5993703313653459,0.4032647494349622,0.5876130144643505,,,POINT (NaN NaN),GBR
895,895,0.01245995016019936,0.08678885227479033,0.04339590360773642,0.0037245746117145653,4.1941207039139535e-11,156.6512394854892,0.2571428571428571,0.004162269471918553,0.5993703313653459,0.4032647494349622,0.5876130144643505,,,POINT (NaN NaN),GBR
896,896,0.00177999288002848,0.08678885227479033,0.04413232129743171,0.001248774720673762,2.2861761574033221e-10,137.28826532944169,0.3,0.004162269471918553,0.5993703313653459,0.4032647494349622,0.5876130144643505,,,POINT (NaN NaN),GBR
897,897,0.006763972944108224,0.08678885227479033,0.0504453975368821,0.0015134146838465048,2.5473812746204717e-10,168.54699548817175,0.06432748538011696,0.004162269471918553,0.5993703313653459,0.4032647494349622,0.5876130144643505,,,POINT (NaN NaN),GBR
898,898,0.004983980064079744,0.08678885227479033,0.048326276181128607,0.001337836519892063,2.455283755630504e-10,156.68826532944144,0.13186813186813187,0.004162269471918553,0.5993703313653459,0.4032647494349622,0.5876130144643505,,,POINT (NaN NaN),GBR
899,899,0.00355998576005696,0.08678885227479033,0.04166872039470667,4.2945008864939764e-05,1.864105587367707e-11,139.86202592127543,0.0,0.004162269471918553,0.5993703313653459,0.4032647494349622,0.5876130144643505,,,POINT (NaN NaN),GBR
900,900,0.002847988608045568,0.08678885227479033,0.04413232129743171,2.2619991310299752e-05,2.2861761574033221e-10,137.28826532944169,0.14285714285714285,0.004162269471918553,0.5993703313653459,0.4032647494349622,0.5876130144643505,,,POINT (NaN NaN),GBR
901,901,0.01067995728017088,0.08678885227479033,0.05127840909090908,0.0018343756199624016,2.863083356323254e-10,177.04699548817158,0.07126436781609195,0.004162269471918553,0.5993703313653459,0.4032647494349622,0.5876130144643505,,,POINT (NaN NaN),GBR
902,902,0.011035955856176576,0.08678885227479033,0.03922742782508818,0.001004208653765848,2.440170865926977e-11,138.08985099437814,0.3054187192118227,0.004162269471918553,0.5993703313653459,0.4032647494349622,0.5876130144643505,,,POINT (NaN NaN),GBR
903,903,0.006407974368102528,0.08678885227479033,0.04544925034288205,1.1543752798208664e-05,7.407999677668897e-11,166.3120259212758,0.6339869281045751,0.004162269471918553,0.5993703313653459,0.4032647494349622,0.5876130144643505,,,POINT (NaN NaN),GBR
904,904,0.009611961552153792,0.08678885227479033,0.051237561313427736,0.0009660939309202612,6.69396509668274e-10,177.0339002500762,0.07122507122507123,0.004162269471918553,0.5993703313653459,0.4032647494349622,0.5876130144643505,,,POINT (NaN NaN),GBR
905,905,0.007475970096119616,0.08678885227479033,0.045437218465590574,4.851799821881651e-05,9.237866714723128e-11,167.9453592546091,0.5047619047619047,0.004162269471918553,0.5993703313653459,0.4032647494349622,0.5876130144643505,,,POINT (NaN NaN),GBR
906,906,0.008543965824136704,0.08678885227479033,0.04950001903169523,0.000724613203473028,1.096974242502441e-09,167.68390025007648,0.05434782608695652,0.004162269471918553,0.5993703313653459,0.4032647494349622,0.5876130144643505,,,POINT (NaN NaN),GBR
907,907,0.00177999288002848,0.08678885227479033,0.044124483973829655,6.163722505164956e-07,5.305033957299577e-11,155.95607354032327,0.3,0.004162269471918553,0.5993703313653459,0.4032647494349622,0.5876130144643505,,,POINT (NaN NaN),GBR
908,908,0.003203987184051264,0.08678885227479033,0.04392545163478115,2.1775347654538554e-05,2.1761235187737335e-11,151.8953592546089,0.027777777777777776,0.004162269471918553,0.5993703313653459,0.4032647494349622,0.5876130144643505,,,POINT (NaN NaN),GBR
909,909,0.006407974368102528,0.08678885227479033,0.04307756669880509,0.00011699747082505022,3.979796791283146e-11,152.6512394854891,0.45751633986928103,0.004162269471918553,0.5993703313653459,0.4032647494349622,0.5876130144643505,,,POINT (NaN NaN),GBR
910,910,0.004983980064079744,0.08678885227479033,0.046383627469906145,0.0009949762984009976,3.185128572661728e-09,153.19699548817195,0.02197802197802198,0.004162269471918553,0.5993703313653459,0.4032647494349622,0.5876130144643505,,,POINT (NaN NaN),GBR
911,911,0.001423994304022784,0.08678885227479033,0.0,0.0,2.4946305565830578e-23,0.0,0.0,0.004162269471918553,0.5993703313653459,0.4032647494349622,0.5876130144643505,,,POINT (NaN NaN),GBR
912,912,0.009255962976148096,0.08678885227479033,0.04661649170555208,0.00013202836481943493,9.068173003298886e-11,165.8156096354627,0.033846153846153845,0.004162269471918553,0.5993703313653459,0.4032647494349622,0.5876130144643505,,,POINT (NaN NaN),GBR
913,913,0.004627981488074048,0.08678885227479033,0.04414793142635661,6.037159251096955e-06,4.082689277979745e-11,155.3727402069899,0.5512820512820513,0.004162269471918553,0.5993703313653459,0.4032647494349622,0.5876130144643505,,,POINT (NaN NaN),GBR
914,914,0.00711997152011392,0.08678885227479033,0.05015255495853574,0.001981656055202379,3.211156088042964e-09,169.7136621548386,0.05263157894736842,0.004162269471918553,0.5993703313653459,0.4032647494349622,0.5876130144643505,,,POINT (NaN NaN),GBR
915,915,0.004271982912068352,0.08678885227479033,0.043002544813227225,3.678387785979304e-07,3.2148375132243554e-11,150.61790615215577,0.5606060606060606,0.004162269471918553,0.5993703313653459,0.4032647494349622,0.5876130144643505,,,POINT (NaN NaN),GBR
916,916,0.003203987184051264,0.08678885227479033,0.0439803732754135,5.71337568698395e-06,3.181063807132565e-11,152.87274020698985,0.3333333333333333,0.004162269471918553,0.5993703313653459,0.4032647494349622,0.5876130144643505,,,POINT (NaN NaN),GBR
917,917,0.004983980064079744,0.08678885227479033,0.04282910010222044,5.493805185273086e-08,2.126261998354915e-11,147.7845728188224,0.4945054945054945,0.004162269471918553,0.5993703313653459,0.4032647494349622,0.5876130144643505,,,POINT (NaN NaN),GBR
918,918,0.002491990032039872,0.08678885227479033,0.0439803732754135,4.712939180703153e-06,3.181063807132565e-11,152.87274020698985,0.2857142857142857,0.004162269471918553,0.5993703313653459,0.4032647494349622,0.5876130144643505,,,POINT (NaN NaN),GBR
919,919,0.020291918832324674,0.08678885227479033,0.05165697377960724,0.012432252871293648,4.2151352399706813e-10,205.58858943344194,0.09962406015037593,0.004162269471918553,0.5993703313653459,0.4032647494349622,0.5876130144643505,,,POINT (NaN NaN),GBR
920,920,0.011747953008187968,0.08678885227479033,0.04987250909064361,0.007840789406052701,2.5513443143485465e-10,187.74811324296653,0.2897727272727273,0.004162269471918553,0.5993703313653459,0.4032647494349622,0.5876130144643505,,,POINT (NaN NaN),GBR
921,921,0.009611961552153792,0.08678885227479033,0.04284899747741311,0.00011691850899788787,2.8478659108381168e-11,149.11790615215568,0.3789173789173789,0.004162269471918553,0.5993703313653459,0.4032647494349622,0.5876130144643505,,,POINT (NaN NaN),GBR
922,922,0.00177999288002848,0.08678885227479033,0.04276523519996924,2.342609174610996e-08,3.078171320435965e-11,149.15123948548901,0.9,0.004162269471918553,0.5993703313653459,0.4032647494349622,0.5876130144643505,,,POINT (NaN NaN),GBR
923,923,0.009611961552153792,0.08678885227479033,0.042839489375026796,2.2556773073084042e-05,2.9905565920087486e-11,149.65123948548904,0.43,0.004162269471918553,0.5993703313653459,0.4032647494349622,0.5876130144643505,,,POINT (NaN NaN),GBR
924,924,0.008187967248131008,0.08678885227479033,0.049774671921279934,0.00044357753980176726,2.3026741183840926e-10,186.58144657629987,0.2490118577075099,0.004162269471918553,0.5993703313653459,0.4032647494349622,0.5876130144643505,,,POINT (NaN NaN),GBR
925,925,0.02313990744037024,0.08678885227479033,0.050977452458753854,0.011329893167120287,5.650215822144949e-10,207.75525610010848,0.1548076923076923,0.004162269471918553,0.5993703313653459,0.4032647494349622,0.5876130144643505,,,POINT (NaN NaN),GBR
926,926,0.009255962976148096,0.08678885227479033,0.050852106446016246,0.042926890183673246,1.337278349008501e-08,166.59574037074066,0.07692307692307693,0.004162269471918553,0.5993703313653459,0.4032647494349622,0.5876130144643505,,,POINT (NaN NaN),GBR
927,927,0.002491990032039872,0.08678885227479033,0.0021698960823204327,0.0010122124753666228,5.7468804132003915e-19,7.816666666666666,0.047619047619047616,0.004162269471918553,0.5993703313653459,0.4032647494349622,0.5876130144643505,,,POINT (NaN NaN),GBR
928,928,0.022427910288358846,0.08678885227479033,0.04828948426141779,0.005388142855346326,2.4890910715779324e-10,186.40846677831982,0.23934426229508196,0.004162269471918553,0.5993703313653459,0.4032647494349622,0.5876130144643505,,,POINT (NaN NaN),GBR
929,929,0.006051975792096832,0.08678885227479033,0.04276523519996924,1.8424936984715978e-06,3.078171320435965e-11,149.15123948548901,0.5,0.004162269471918553,0.5993703313653459,0.4032647494349622,0.5876130144643505,,,POINT (NaN NaN),GBR
930,930,0.002491990032039872,0.08678885227479033,0.03909612377114694,1.3299629317340323e-06,2.8549859653285993e-11,137.98985099437812,0.38095238095238093,0.004162269471918553,0.5993703313653459,0.4032647494349622,0.5876130144643505,,,POINT (NaN NaN),GBR
931,931,0.00177999288002848,0.08678885227479033,0.000355998576005696,2.0477688420680828e-06,3.2430197235579753e-22,1.0,0.4,0.004162269471918553,0.5993703313653459,0.4032647494349622,0.5876130144643505,,,POINT (NaN NaN),GBR
932,932,0.006763972944108224,0.08678885227479033,0.048891148007149964,0.00035445176960934054,6.838790083186306e-10,165.26723358340982,0.10526315789473684,0.004162269471918553,0.5993703313653459,0.4032647494349622,0.5876130144643505,,,POINT (NaN NaN),GBR
933,933,0.008543965824136704,0.08678885227479033,0.04328833618126513,0.00027747432278467377,6.534989922263835e-11,154.42274020698994,0.35064935064935066,0.004162269471918553,0.5993703313653459,0.4032647494349622,0.5876130144643505,,,POINT (NaN NaN),GBR
934,934,0.009967960128159488,0.08678885227479033,0.04822373787637583,0.00021822085891107446,3.9999483861354824e-10,183.38858943344272,0.3492063492063492,0.004162269471918553,0.5993703313653459,0.4032647494349622,0.5876130144643505,,,POINT (NaN NaN),GBR
935,935,0.005695977216091136,0.08678885227479033,0.044323572905017435,3.4525782994723934e-05,7.2952802857904e-11,150.28227630212908,0.125,0.004162269471918553,0.5993703313653459,0.4032647494349622,0.5876130144643505,,,POINT (NaN NaN),GBR
936,936,0.001423994304022784,0.08678885227479033,0.000711997152011392,1.2644247273823826e-06,6.236576391457643e-22,2.0,0.3333333333333333,0.004162269471918553,0.5993703313653459,0.4032647494349622,0.5876130144643505,,,POINT (NaN NaN),GBR
937,937,0.007475970096119616,0.08678885227479033,0.04358324278643003,8.064616073886799e-05,1.6588812963795615e-10,162.66916877841857,0.319047619047619,0.004162269471918553,0.5993703313653459,0.4032647494349622,0.5876130144643505,,,POINT (NaN NaN),GBR
938,938,0.004627981488074048,0.08678885227479033,0.04299327108860439,5.891578597992025e-05,1.1998735642176954e-10,144.42513344498616,0.20512820512820512,0.004162269471918553,0.5993703313653459,0.4032647494349622,0.5876130144643505,,,POINT (NaN NaN),GBR
939,939,0.01245995016019936,0.08678885227479033,0.04351248488725852,0.0003078227816771224,1.6453205743644264e-10,162.20250211175193,0.36553030303030304,0.004162269471918553,0.5993703313653459,0.4032647494349622,0.5876130144643505,,,POINT (NaN NaN),GBR
940,940,0.005695977216091136,0.08678885227479033,0.04294878413252589,0.00016410295170039474,1.2860361670955472e-10,144.72513344498617,0.23333333333333334,0.004162269471918553,0.5993703313653459,0.4032647494349622,0.5876130144643505,,,POINT (NaN NaN),GBR
941,941,0.000711997152011392,0.08678885227479033,0.0010356322211074792,0.00038034035898044444,4.813389658927012e-19,3.5000000000000004,0.0,0.004162269471918553,0.5993703313653459,0.4032647494349622,0.5876130144643505,,,POINT (NaN NaN),GBR
942,942,0.00533997864008544,0.08678885227479033,0.043235734413356604,3.163509209593421e-05,1.0297700679464558e-10,156.22274020698993,0.509090909090909,0.004162269471918553,0.5993703313653459,0.4032647494349622,0.5876130144643505,,,POINT (NaN NaN),GBR
943,943,0.005695977216091136,0.08678885227479033,0.04336618356679672,3.8453804184681427e-07,8.410512845934106e-11,157.8394068736566,0.525,0.004162269471918553,0.5993703313653459,0.4032647494349622,0.5876130144643505,,,POINT (NaN NaN),GBR
944,944,0.003203987184051264,0.08678885227479033,0.03894113433490062,0.0,4.143451024968243e-11,136.02318432771128,1.0,0.004162269471918553,0.5993703313653459,0.4032647494349622,0.5876130144643505,,,POINT (NaN NaN),GBR
945,945,0.000355998576005696,0.08678885227479033,0.0,0.0,2.4946305565830578e-23,0.0,0.0,0.004162269471918553,0.5993703313653459,0.4032647494349622,0.5876130144643505,,,POINT (NaN NaN),GBR
946,946,0.000355998576005696,0.08678885227479033,0.0010356322211074792,0.0,4.813389658927012e-19,3.5000000000000004,0.0,0.004162269471918553,0.5993703313653459,0.4032647494349622,0.5876130144643505,,,POINT (NaN NaN),GBR
947,947,0.01673193307226771,0.08678885227479033,0.04360200591389332,0.001034325881751434,2.1932597888363817e-10,167.33583544508525,0.3240418118466899,0.004162269471918553,0.5993703313653459,0.4032647494349622,0.5876130144643505,,,POINT (NaN NaN),GBR
948,948,0.003915984336062656,0.08678885227479033,0.03898748781154643,1.3532042310843709e-05,5.084737734470692e-11,138.3231843277115,0.7555555555555555,0.004162269471918553,0.5993703313653459,0.4032647494349622,0.5876130144643505,,,POINT (NaN NaN),GBR
949,949,0.00711997152011392,0.08678885227479033,0.04338672626041674,0.0001323266811651403,1.1249954586954888e-10,157.6525021117519,0.5029239766081871,0.004162269471918553,0.5993703313653459,0.4032647494349622,0.5876130144643505,,,POINT (NaN NaN),GBR
950,950,0.004983980064079744,0.08678885227479033,0.046624987371590126,0.00010915056354802286,2.3255677400971475e-10,164.00525610010936,0.13186813186813187,0.004162269471918553,0.5993703313653459,0.4032647494349622,0.5876130144643505,,,POINT (NaN NaN),GBR
951,951,0.000711997152011392,0.08678885227479033,0.0010849480411602164,0.0,4.816383215594911e-19,4.0,1.0,0.004162269471918553,0.5993703313653459,0.4032647494349622,0.5876130144643505,,,POINT (NaN NaN),GBR
952,952,0.004627981488074048,0.08678885227479033,0.0389790517003679,4.331937311836321e-06,5.985795559481409e-11,138.8565176610448,0.6363636363636364,0.004162269471918553,0.5993703313653459,0.4032647494349622,0.5876130144643505,,,POINT (NaN NaN),GBR
953,953,0.00533997864008544,0.08678885227479033,0.04309094305304396,1.5700552752257223e-05,4.842295051577838e-11,150.33940687365657,0.7272727272727273,0.004162269471918553,0.5993703313653459,0.4032647494349622,0.5876130144643505,,,POINT (NaN NaN),GBR
954,954,0.006763972944108224,0.08678885227479033,0.03898748781154643,1.1755471854473051e-05,6.912578254805006e-11,140.18985099437822,0.5294117647058824,0.004162269471918553,0.5993703313653459,0.4032647494349622,0.5876130144643505,,,POINT (NaN NaN),GBR
955,955,0.004983980064079744,0.08678885227479033,0.03888649485876962,0.0,1.706613367879252e-11,134.02318432771116,0.5454545454545454,0.004162269471918553,0.5993703313653459,0.4032647494349622,0.5876130144643505,,,POINT (NaN NaN),GBR
956,956,0.002847988608045568,0.08678885227479033,0.038945343732191176,1.2390106258161258e-06,3.183713727523271e-11,136.18985099437796,0.5357142857142857,0.004162269471918553,0.5993703313653459,0.4032647494349622,0.5876130144643505,,,POINT (NaN NaN),GBR
957,957,0.004627981488074048,0.08678885227479033,0.03892851160091848,2.826911007707519e-06,3.18628387680084e-11,136.40651766104466,0.5897435897435898,0.004162269471918553,0.5993703313653459,0.4032647494349622,0.5876130144643505,,,POINT (NaN NaN),GBR
958,958,0.000355998576005696,0.08678885227479033,0.0010356322211074792,0.0,4.813389658927012e-19,3.5000000000000004,0.0,0.004162269471918553,0.5993703313653459,0.4032647494349622,0.5876130144643505,,,POINT (NaN NaN),GBR
959,959,0.008187967248131008,0.08678885227479033,0.04324092353174514,2.1353598750355903e-05,9.531512266628261e-11,158.3394068736566,0.4308300395256917,0.004162269471918553,0.5993703313653459,0.4032647494349622,0.5876130144643505,,,POINT (NaN NaN),GBR
960,960,0.019935920256318976,0.08678885227479033,0.04361784199352307,0.0007145736293069011,2.480473705015817e-10,170.28583544508524,0.3110204081632653,0.004162269471918553,0.5993703313653459,0.4032647494349622,0.5876130144643505,,,POINT (NaN NaN),GBR
961,961,0.002135991456034176,0.08678885227479033,0.001245995016019936,0.0003203733623811944,5.011213862064049e-19,4.166666666666667,0.06666666666666667,0.004162269471918553,0.5993703313653459,0.4032647494349622,0.5876130144643505,,,POINT (NaN NaN),GBR
962,962,0.008543965824136704,0.08678885227479033,0.04325425353462736,0.0006595150862060142,7.805397016118428e-11,155.25607354032326,0.3188405797101449,0.004162269471918553,0.5993703313653459,0.4032647494349622,0.5876130144643505,,,POINT (NaN NaN),GBR
963,963,0.000711997152011392,0.08678885227479033,0.0,0.0,2.4946305565830578e-23,0.0,1.0,0.004162269471918553,0.5993703313653459,0.4032647494349622,0.5876130144643505,,,POINT (NaN NaN),GBR
964,964,0.0,0.08678885227479033,0.0,0.0,2.4946305565830578e-23,0.0,0.0,0.004162269471918553,0.5993703313653459,0.4032647494349622,0.5876130144643505,,,POINT (NaN NaN),GBR
965,965,0.000355998576005696,0.08678885227479033,0.0,0.0,2.4946305565830578e-23,0.0,0.0,0.004162269471918553,0.5993703313653459,0.4032647494349622,0.5876130144643505,,,POINT (NaN NaN),GBR
966,966,0.002135991456034176,0.08678885227479033,0.042553289832349975,9.647186284400892e-06,8.962800876058696e-11,139.42513344498633,0.06666666666666667,0.004162269471918553,0.5993703313653459,0.4032647494349622,0.5876130144643505,,,POINT (NaN NaN),GBR
967,967,0.004271982912068352,0.08678885227479033,0.04544410883357152,0.00015871626734394276,2.8913476207186924e-10,157.08858943344256,0.06060606060606061,0.004162269471918553,0.5993703313653459,0.4032647494349622,0.5876130144643505,,,POINT (NaN NaN),GBR
968,968,0.002847988608045568,0.08678885227479033,0.046644790320856354,0.0007132646060281797,3.0732196706086774e-08,150.16875624375672,0.2857142857142857,0.004162269471918553,0.5993703313653459,0.4032647494349622,0.5876130144643505,,,POINT (NaN NaN),GBR
969,969,0.002847988608045568,0.08678885227479033,0.046644790320856354,0.0007132646060281797,3.0732196706086774e-08,150.16875624375672,0.2857142857142857,0.004162269471918553,0.5993703313653459,0.4032647494349622,0.5876130144643505,,,POINT (NaN NaN),GBR
970,970,0.007475970096119616,0.08678885227479033,0.046580977013985246,0.0003991921447539517,3.2613946120111003e-10,167.67192276677605,0.19047619047619047,0.004162269471918553,0.5993703313653459,0.4032647494349622,0.5876130144643505,,,POINT (NaN NaN),GBR
971,971,0.002491990032039872,0.08678885227479033,0.040251009458164025,4.325611096408544e-05,1.0315218370719142e-10,128.20806995292295,0.0,0.004162269471918553,0.5993703313653459,0.4032647494349622,0.5876130144643505,,,POINT (NaN NaN),GBR
972,972,0.004271982912068352,0.08678885227479033,0.04205199185023558,3.974187975474584e-05,8.383244846462804e-11,149.08583544508514,0.6515151515151515,0.004162269471918553,0.5993703313653459,0.4032647494349622,0.5876130144643505,,,POINT (NaN NaN),GBR
973,973,0.002491990032039872,0.08678885227479033,0.044781068682742814,3.718683270382568e-05,1.3643604125296184e-10,151.58144657629967,0.19047619047619047,0.004162269471918553,0.5993703313653459,0.4032647494349622,0.5876130144643505,,,POINT (NaN NaN),GBR
974,974,0.004271982912068352,0.08678885227479033,0.045079456945156554,0.00015830117386388343,1.9370609747581382e-10,154.7219227667759,0.09090909090909091,0.004162269471918553,0.5993703313653459,0.4032647494349622,0.5876130144643505,,,POINT (NaN NaN),GBR
975,975,0.009255962976148096,0.08678885227479033,0.04174507111495364,5.88360053397356e-06,9.577728361564276e-11,146.19535925460886,0.5627705627705628,0.004162269471918553,0.5993703313653459,0.4032647494349622,0.5876130144643505,,,POINT (NaN NaN),GBR
976,976,0.01601993592025632,0.08678885227479033,0.047179172026379786,0.0008588702884658342,3.3301879351556273e-10,177.49811324296655,0.4329268292682927,0.004162269471918553,0.5993703313653459,0.4032647494349622,0.5876130144643505,,,POINT (NaN NaN),GBR
977,977,0.004983980064079744,0.08678885227479033,0.04207103407177452,0.0003617109435349001,1.9508909228936565e-10,140.99335133820438,0.08791208791208792,0.004162269471918553,0.5993703313653459,0.4032647494349622,0.5876130144643505,,,POINT (NaN NaN),GBR
978,978,0.008187967248131008,0.08678885227479033,0.041961735159848884,9.154444682986091e-06,1.45709300525697e-10,152.3858354450851,0.5691699604743083,0.004162269471918553,0.5993703313653459,0.4032647494349622,0.5876130144643505,,,POINT (NaN NaN),GBR
979,979,0.003203987184051264,0.08678885227479033,0.0390985530499812,8.988322984390623e-08,5.4593313476540375e-11,138.3453704748974,0.6944444444444444,0.004162269471918553,0.5993703313653459,0.4032647494349622,0.5876130144643505,,,POINT (NaN NaN),GBR
980,980,0.00355998576005696,0.08678885227479033,0.04017349047874598,0.00034954824802897077,1.2299975459358655e-10,131.64097038582335,0.06666666666666667,0.004162269471918553,0.5993703313653459,0.4032647494349622,0.5876130144643505,,,POINT (NaN NaN),GBR
981,981,0.003915984336062656,0.08678885227479033,0.04576598174267753,0.00010545186765463608,1.0312720508562758e-09,149.6136621548385,0.16363636363636364,0.004162269471918553,0.5993703313653459,0.4032647494349622,0.5876130144643505,,,POINT (NaN NaN),GBR
982,982,0.002847988608045568,0.08678885227479033,0.044637422462236426,0.001439308915280343,3.608926070193243e-08,143.27351814851866,0.07142857142857142,0.004162269471918553,0.5993703313653459,0.4032647494349622,0.5876130144643505,,,POINT (NaN NaN),GBR
983,983,0.003203987184051264,0.08678885227479033,0.04172275342323996,0.0002876034245764671,1.0041974275022201e-10,137.5433513382043,0.08333333333333333,0.004162269471918553,0.5993703313653459,0.4032647494349622,0.5876130144643505,,,POINT (NaN NaN),GBR
984,984,0.015663937344250624,0.08678885227479033,0.04202442126841786,0.0009856645188435213,1.97718345941989e-10,156.83583544508517,0.4025641025641026,0.004162269471918553,0.5993703313653459,0.4032647494349622,0.5876130144643505,,,POINT (NaN NaN),GBR
985,985,0.00355998576005696,0.08678885227479033,0.04172900790914318,2.296247745902172e-06,3.985291291457134e-11,144.72274020698978,0.7555555555555555,0.004162269471918553,0.5993703313653459,0.4032647494349622,0.5876130144643505,,,POINT (NaN NaN),GBR
986,986,0.00177999288002848,0.08678885227479033,0.040260827745018074,3.162386653012687e-05,2.1875468775160976e-11,128.86203820689124,0.1,0.004162269471918553,0.5993703313653459,0.4032647494349622,0.5876130144643505,,,POINT (NaN NaN),GBR
987,987,0.00711997152011392,0.08678885227479033,0.03491815141561646,0.0007740983678730784,2.7935987668645098e-11,118.68403999251427,0.3684210526315789,0.004162269471918553,0.5993703313653459,0.4032647494349622,0.5876130144643505,,,POINT (NaN NaN),GBR
988,988,0.014595941616233536,0.08678885227479033,0.04675943965814379,0.0009526062854714924,3.764671255822513e-10,175.8052561001094,0.4353658536585366,0.004162269471918553,0.5993703313653459,0.4032647494349622,0.5876130144643505,,,POINT (NaN NaN),GBR
989,989,0.003915984336062656,0.08678885227479033,0.04894253392238382,0.0016789101795838715,1.5459254429259684e-09,170.86207485325124,0.16363636363636364,0.004162269471918553,0.5993703313653459,0.4032647494349622,0.5876130144643505,,,POINT (NaN NaN),GBR
990,990,0.002847988608045568,0.08678885227479033,0.04560766576772027,1.2421954534636298e-05,2.0864738641424244e-10,158.5552561001093,0.4642857142857143,0.004162269471918553,0.5993703313653459,0.4032647494349622,0.5876130144643505,,,POINT (NaN NaN),GBR
991,991,0.00177999288002848,0.08678885227479033,0.04461723255209494,6.69089872897705e-06,1.494807154381219e-10,151.13858943344255,0.5,0.004162269471918553,0.5993703313653459,0.4032647494349622,0.5876130144643505,,,POINT (NaN NaN),GBR
992,992,0.002847988608045568,0.08678885227479033,0.04294845931727385,2.158530262275259e-05,9.253430180927185e-11,144.28858943344247,0.17857142857142858,0.004162269471918553,0.5993703313653459,0.4032647494349622,0.5876130144643505,,,POINT (NaN NaN),GBR
993,993,0.002135991456034176,0.08678885227479033,0.04399371208890821,0.0006491007593540034,3.514804947874484e-08,138.9401848151853,0.0,0.004162269471918553,0.5993703313653459,0.4032647494349622,0.5876130144643505,,,POINT (NaN NaN),GBR
994,994,0.002135991456034176,0.08678885227479033,0.04286229778264663,1.715355693904979e-05,7.290886397713666e-11,143.2885894334425,0.26666666666666666,0.004162269471918553,0.5993703313653459,0.4032647494349622,0.5876130144643505,,,POINT (NaN NaN),GBR
995,995,0.00177999288002848,0.08678885227479033,0.0017443930224279103,0.00044373041881051853,5.4183375688984017e-20,5.5,0.3,0.004162269471918553,0.5993703313653459,0.4032647494349622,0.5876130144643505,,,POINT (NaN NaN),GBR
996,996,0.00711997152011392,0.08678885227479033,0.04849438996851855,0.002550253886492991,2.0321002959997994e-09,169.72874151991792,0.05263157894736842,0.004162269471918553,0.5993703313653459,0.4032647494349622,0.5876130144643505,,,POINT (NaN NaN),GBR
997,997,0.011391954432182272,0.08678885227479033,0.04637796766099588,0.0015299885421046827,2.070666724552025e-10,168.41477990963318,0.4112903225806452,0.004162269471918553,0.5993703313653459,0.4032647494349622,0.5876130144643505,,,POINT (NaN NaN),GBR
998,998,0.01067995728017088,0.08678885227479033,0.04629572379585739,0.0003625302994914648,3.0110719530015073e-10,169.30525610010937,0.5172413793103449,0.004162269471918553,0.5993703313653459,0.4032647494349622,0.5876130144643505,,,POINT (NaN NaN),GBR
999,999,0.009611961552153792,0.08678885227479033,0.04441723507574941,0.0008351673536461845,2.4357673475599825e-10,159.63858943344266,0.19658119658119658,0.004162269471918553,0.5993703313653459,0.4032647494349622,0.5876130144643505,,,POINT (NaN NaN),GBR
1000,1000,0.001067995728017088,0.08678885227479033,0.0,0.0,2.4946305565830578e-23,0.0,0.6666666666666666,0.004162269471918553,0.5993703313653459,0.4032647494349622,0.5876130144643505,,,POINT (NaN NaN),GBR
1001,1001,0.001423994304022784,0.08678885227479033,0.0,0.0,2.4946305565830578e-23,0.0,0.3333333333333333,0.004162269471918553,0.5993703313653459,0.4032647494349622,0.5876130144643505,,,POINT (NaN NaN),GBR
1002,1002,0.002491990032039872,0.08678885227479033,0.044629357887265825,0.00017268122317619638,4.242650993190868e-08,143.106851481852,0.2857142857142857,0.004162269471918553,0.5993703313653459,0.4032647494349622,0.5876130144643505,,,POINT (NaN NaN),GBR
1003,1003,0.00355998576005696,0.08678885227479033,0.047973623786385186,0.0007706405367152402,1.6830623122923784e-09,164.14540818658472,0.044444444444444446,0.004162269471918553,0.5993703313653459,0.4032647494349622,0.5876130144643505,,,POINT (NaN NaN),GBR
1004,1004,0.002135991456034176,0.08678885227479033,0.039893517562901944,7.053930199830534e-06,1.2742576273416293e-10,136.87580658505652,0.13333333333333333,0.004162269471918553,0.5993703313653459,0.4032647494349622,0.5876130144643505,,,POINT (NaN NaN),GBR
1005,1005,0.002847988608045568,0.08678885227479033,0.04634364910816218,0.000217501213334956,4.746389669620872e-08,149.6687562437567,0.21428571428571427,0.004162269471918553,0.5993703313653459,0.4032647494349622,0.5876130144643505,,,POINT (NaN NaN),GBR
1006,1006,0.008187967248131008,0.08678885227479033,0.03642553914491866,2.0985823200992442e-05,9.752102195811022e-11,130.9263228558497,0.4743083003952569,0.004162269471918553,0.5993703313653459,0.4032647494349622,0.5876130144643505,,,POINT (NaN NaN),GBR
1007,1007,0.011035955856176576,0.08678885227479033,0.04005126306035916,0.00013538900487622356,2.082500369923099e-10,143.2924732517233,0.4645161290322581,0.004162269471918553,0.5993703313653459,0.4032647494349622,0.5876130144643505,,,POINT (NaN NaN),GBR
1008,1008,0.013171947312210752,0.08678885227479033,0.036226615656917656,6.897658196735412e-05,1.3315181655462658e-10,130.17632285584972,0.4436974789915966,0.004162269471918553,0.5993703313653459,0.4032647494349622,0.5876130144643505,,,POINT (NaN NaN),GBR
1009,1009,0.00711997152011392,0.08678885227479033,0.04939024390243902,0.007704514327154,1.961444514331678e-09,174.01207485325116,0.07894736842105263,0.004162269471918553,0.5993703313653459,0.4032647494349622,0.5876130144643505,,,POINT (NaN NaN),GBR
1010,1010,0.003915984336062656,0.08678885227479033,0.03939115420162374,3.1133511527554725e-05,3.2659452280737296e-10,138.7591399183899,0.23636363636363636,0.004162269471918553,0.5993703313653459,0.4032647494349622,0.5876130144643505,,,POINT (NaN NaN),GBR
1011,1011,0.005695977216091136,0.08678885227479033,0.036184496582790326,1.6395177781568802e-05,6.592176212329188e-11,126.5096561891831,0.625,0.004162269471918553,0.5993703313653459,0.4032647494349622,0.5876130144643505,,,POINT (NaN NaN),GBR
1012,1012,0.011747953008187968,0.08678885227479033,0.039004960282595445,0.0002560182152860386,3.036304635362853e-10,142.19064284958347,0.5010752688172043,0.004162269471918553,0.5993703313653459,0.4032647494349622,0.5876130144643505,,,POINT (NaN NaN),GBR
1013,1013,0.01245995016019936,0.08678885227479033,0.0510292157063695,0.02342481772957589,2.898477643084193e-09,187.96604310721912,0.14453781512605043,0.004162269471918553,0.5993703313653459,0.4032647494349622,0.5876130144643505,,,POINT (NaN NaN),GBR
1014,1014,0.003915984336062656,0.08678885227479033,0.03987477847638578,0.0,1.638948897610023e-10,139.79247325172324,0.6909090909090909,0.004162269471918553,0.5993703313653459,0.4032647494349622,0.5876130144643505,,,POINT (NaN NaN),GBR
1015,1015,0.002847988608045568,0.08678885227479033,0.039104366647528886,3.6226807348529273e-07,1.0381492454285548e-10,132.4591399183896,0.5357142857142857,0.004162269471918553,0.5993703313653459,0.4032647494349622,0.5876130144643505,,,POINT (NaN NaN),GBR
1016,1016,0.004983980064079744,0.08678885227479033,0.03994689408143285,1.365542737651002e-07,3.1882974325871267e-10,142.59247325172328,0.5604395604395604,0.004162269471918553,0.5993703313653459,0.4032647494349622,0.5876130144643505,,,POINT (NaN NaN),GBR
1017,1017,0.006763972944108224,0.08678885227479033,0.03986449749701839,2.96815752865736e-05,1.4330635656790637e-10,139.45913991838992,0.5497076023391813,0.004162269471918553,0.5993703313653459,0.4032647494349622,0.5876130144643505,,,POINT (NaN NaN),GBR
1018,1018,0.009967960128159488,0.08678885227479033,0.039952055178859386,0.00022239406305763035,3.2825101856520086e-10,143.0924732517233,0.4894179894179894,0.004162269471918553,0.5993703313653459,0.4032647494349622,0.5876130144643505,,,POINT (NaN NaN),GBR
1019,1019,0.008187967248131008,0.08678885227479033,0.034807183501102436,7.015998983967157e-06,8.693475259583622e-11,121.59594475441904,0.6047430830039525,0.004162269471918553,0.5993703313653459,0.4032647494349622,0.5876130144643505,,,POINT (NaN NaN),GBR
1020,1020,0.014951940192239232,0.08678885227479033,0.04011767666284384,0.0010611858357386485,5.690633156568005e-10,147.42580658505673,0.3805668016194332,0.004162269471918553,0.5993703313653459,0.4032647494349622,0.5876130144643505,,,POINT (NaN NaN),GBR
1021,1021,0.008187967248131008,0.08678885227479033,0.03508317609159955,2.5597890590740717e-05,9.077095872625275e-11,124.1792780877523,0.49407114624505927,0.004162269471918553,0.5993703313653459,0.4032647494349622,0.5876130144643505,,,POINT (NaN NaN),GBR
1022,1022,0.004627981488074048,0.08678885227479033,0.04571864510389768,0.000331234103041298,2.9554367117579965e-09,152.76366215483858,0.05128205128205128,0.004162269471918553,0.5993703313653459,0.4032647494349622,0.5876130144643505,,,POINT (NaN NaN),GBR
1023,1023,0.006407974368102528,0.08678885227479033,0.039100742761083294,1.8023894210774827e-05,4.708672699520918e-10,137.0924732517232,0.2222222222222222,0.004162269471918553,0.5993703313653459,0.4032647494349622,0.5876130144643505,,,POINT (NaN NaN),GBR
1024,1024,0.004983980064079744,0.08678885227479033,0.035929865130097,1.652356782080995e-06,1.0424586478415024e-10,126.00965618918312,0.6153846153846154,0.004162269471918553,0.5993703313653459,0.4032647494349622,0.5876130144643505,,,POINT (NaN NaN),GBR
1025,1025,0.013883944464222144,0.08678885227479033,0.03588196811412731,0.0001012516465772325,1.2848961121912503e-10,126.92632285584976,0.5187165775401069,0.004162269471918553,0.5993703313653459,0.4032647494349622,0.5876130144643505,,,POINT (NaN NaN),GBR
1026,1026,0.013171947312210752,0.08678885227479033,0.03474028753100829,1.0558845342517973e-05,1.010573154651802e-10,120.6792780877524,0.5378787878787878,0.004162269471918553,0.5993703313653459,0.4032647494349622,0.5876130144643505,,,POINT (NaN NaN),GBR
1027,1027,0.003915984336062656,0.08678885227479033,0.045625672970862854,0.00024971067656285977,2.9126418343819732e-09,151.76366215483858,0.0,0.004162269471918553,0.5993703313653459,0.4032647494349622,0.5876130144643505,,,POINT (NaN NaN),GBR
1028,1028,0.001423994304022784,0.08678885227479033,0.0012714234857346286,0.00019333968248172595,5.085553852650223e-19,4.0,0.16666666666666666,0.004162269471918553,0.5993703313653459,0.4032647494349622,0.5876130144643505,,,POINT (NaN NaN),GBR
1029,1029,0.006407974368102528,0.08678885227479033,0.0348032575837213,2.244028653159008e-05,8.401467823806938e-11,120.6792780877524,0.5032679738562091,0.004162269471918553,0.5993703313653459,0.4032647494349622,0.5876130144643505,,,POINT (NaN NaN),GBR
1030,1030,0.002135991456034176,0.08678885227479033,0.0018308498194578651,9.527525992460133e-05,1.3595736533377667e-20,5.5,0.26666666666666666,0.004162269471918553,0.5993703313653459,0.4032647494349622,0.5876130144643505,,,POINT (NaN NaN),GBR
1031,1031,0.005695977216091136,0.08678885227479033,0.03618093564248327,3.8665093540126276e-06,3.6048517828140996e-10,121.68111904005886,0.2916666666666667,0.004162269471918553,0.5993703313653459,0.4032647494349622,0.5876130144643505,,,POINT (NaN NaN),GBR
1032,1032,0.011391954432182272,0.08678885227479033,0.03654031053167126,0.0003632983201020995,4.132537009187217e-10,125.26445237339223,0.3387096774193548,0.004162269471918553,0.5993703313653459,0.4032647494349622,0.5876130144643505,,,POINT (NaN NaN),GBR
1033,1033,0.008187967248131008,0.08678885227479033,0.0361046303493789,0.0001783557777427837,3.2740646402380123e-10,120.68111904005887,0.4268774703557312,0.004162269471918553,0.5993703313653459,0.4032647494349622,0.5876130144643505,,,POINT (NaN NaN),GBR
1034,1034,0.010323958704165184,0.08678885227479033,0.03472070008878286,5.5019617221054624e-05,6.671164089785032e-11,119.2626114210857,0.49666666666666665,0.004162269471918553,0.5993703313653459,0.4032647494349622,0.5876130144643505,,,POINT (NaN NaN),GBR
1035,1035,0.000711997152011392,0.08678885227479033,0.0009493295360151893,0.0,5.082560295982324e-19,3.0,1.0,0.004162269471918553,0.5993703313653459,0.4032647494349622,0.5876130144643505,,,POINT (NaN NaN),GBR
1036,1036,0.008187967248131008,0.08678885227479033,0.032535949444538415,2.837811211177308e-05,7.359279683516165e-11,106.82094475441937,0.4980237154150198,0.004162269471918553,0.5993703313653459,0.4032647494349622,0.5876130144643505,,,POINT (NaN NaN),GBR
1037,1037,0.004627981488074048,0.08678885227479033,0.03246691542053594,1.162753980508791e-06,6.417152152867357e-11,105.82094475441941,0.5,0.004162269471918553,0.5993703313653459,0.4032647494349622,0.5876130144643505,,,POINT (NaN NaN),GBR
1038,1038,0.001067995728017088,0.08678885227479033,0.001067995728017088,0.0,2.5694694732805497e-21,3.0,0.3333333333333333,0.004162269471918553,0.5993703313653459,0.4032647494349622,0.5876130144643505,,,POINT (NaN NaN),GBR
1039,1039,0.012103951584193664,0.08678885227479033,0.04397662620431313,0.001458077875001699,1.31469519716645e-09,157.5497005445536,0.20499108734402852,0.004162269471918553,0.5993703313653459,0.4032647494349622,0.5876130144643505,,,POINT (NaN NaN),GBR
1040,1040,0.01067995728017088,0.08678885227479033,0.03472070008878286,6.235759114432366e-05,7.956573148733807e-11,119.2626114210857,0.5057471264367817,0.004162269471918553,0.5993703313653459,0.4032647494349622,0.5876130144643505,,,POINT (NaN NaN),GBR
1041,1041,0.002491990032039872,0.08678885227479033,0.001067995728017088,0.00012855504133539022,5.105011970991571e-19,3.0,0.3,0.004162269471918553,0.5993703313653459,0.4032647494349622,0.5876130144643505,,,POINT (NaN NaN),GBR
1042,1042,0.001067995728017088,0.08678885227479033,0.001067995728017088,0.0,2.5694694732805497e-21,3.0,0.3333333333333333,0.004162269471918553,0.5993703313653459,0.4032647494349622,0.5876130144643505,,,POINT (NaN NaN),GBR
1043,1043,0.009255962976148096,0.08678885227479033,0.032535949444538415,2.862143686862486e-05,7.359279683516165e-11,106.82094475441937,0.49846153846153846,0.004162269471918553,0.5993703313653459,0.4032647494349622,0.5876130144643505,,,POINT (NaN NaN),GBR
1044,1044,0.000711997152011392,0.08678885227479033,0.0,0.0,2.4946305565830578e-23,0.0,1.0,0.004162269471918553,0.5993703313653459,0.4032647494349622,0.5876130144643505,,,POINT (NaN NaN),GBR
1045,1045,0.009255962976148096,0.08678885227479033,0.03610003922140975,0.00013001119658254899,2.2369318528711282e-10,120.51445237339222,0.5076923076923077,0.004162269471918553,0.5993703313653459,0.4032647494349622,0.5876130144643505,,,POINT (NaN NaN),GBR
1046,1046,0.003915984336062656,0.08678885227479033,0.03573560385487169,2.44193429752248e-05,1.0727288103473603e-10,117.7878650718049,0.6909090909090909,0.004162269471918553,0.5993703313653459,0.4032647494349622,0.5876130144643505,,,POINT (NaN NaN),GBR
1047,1047,0.006051975792096832,0.08678885227479033,0.045403114244619874,0.0006458456203097036,8.199386190850134e-10,150.46445580563216,0.08823529411764706,0.004162269471918553,0.5993703313653459,0.4032647494349622,0.5876130144643505,,,POINT (NaN NaN),GBR
1048,1048,0.002491990032039872,0.08678885227479033,0.041835563771299177,0.0001541105305784228,1.9961271834262306e-09,133.6422335834098,0.0,0.004162269471918553,0.5993703313653459,0.4032647494349622,0.5876130144643505,,,POINT (NaN NaN),GBR
1049,1049,0.015663937344250624,0.08678885227479033,0.036046735935224755,0.0007313721226246399,4.403961220871949e-10,121.68111904005886,0.37282229965156793,0.004162269471918553,0.5993703313653459,0.4032647494349622,0.5876130144643505,,,POINT (NaN NaN),GBR
1050,1050,0.003915984336062656,0.08678885227479033,0.03874144922962124,0.00012272296787413153,7.399304927074691e-11,123.55132392117694,0.0,0.004162269471918553,0.5993703313653459,0.4032647494349622,0.5876130144643505,,,POINT (NaN NaN),GBR
1051,1051,0.00533997864008544,0.08678885227479033,0.03590354877185024,0.0001231800113220749,3.913841746915191e-10,120.34778570672555,0.4380952380952381,0.004162269471918553,0.5993703313653459,0.4032647494349622,0.5876130144643505,,,POINT (NaN NaN),GBR
1052,1052,0.00177999288002848,0.08678885227479033,0.03831389935423594,5.9985238688201646e-05,3.901501023295712e-11,120.04180011165313,0.0,0.004162269471918553,0.5993703313653459,0.4032647494349622,0.5876130144643505,,,POINT (NaN NaN),GBR
1053,1053,0.001423994304022784,0.08678885227479033,0.000355998576005696,0.0,3.2430197235579753e-22,1.0,0.5,0.004162269471918553,0.5993703313653459,0.4032647494349622,0.5876130144643505,,,POINT (NaN NaN),GBR
1054,1054,0.002491990032039872,0.08678885227479033,0.0,0.0,2.4946305565830578e-23,0.0,0.23809523809523808,0.004162269471918553,0.5993703313653459,0.4032647494349622,0.5876130144643505,,,POINT (NaN NaN),GBR
1055,1055,0.009611961552153792,0.08678885227479033,0.03597511526450839,0.0011843071175203406,3.9020174755687144e-10,120.84778570672555,0.38333333333333336,0.004162269471918553,0.5993703313653459,0.4032647494349622,0.5876130144643505,,,POINT (NaN NaN),GBR
1056,1056,0.001423994304022784,0.08678885227479033,0.0,0.0,2.4946305565830578e-23,0.0,0.0,0.004162269471918553,0.5993703313653459,0.4032647494349622,0.5876130144643505,,,POINT (NaN NaN),GBR
1057,1057,0.001423994304022784,0.08678885227479033,0.000711997152011392,6.355909998962093e-05,2.2701138064905823e-21,2.0,0.5,0.004162269471918553,0.5993703313653459,0.4032647494349622,0.5876130144643505,,,POINT (NaN NaN),GBR
1058,1058,0.004983980064079744,0.08678885227479033,0.0,0.0,2.4946305565830578e-23,0.0,0.7032967032967034,0.004162269471918553,0.5993703313653459,0.4032647494349622,0.5876130144643505,,,POINT (NaN NaN),GBR
1059,1059,0.000355998576005696,0.08678885227479033,0.000355998576005696,0.0,3.2430197235579753e-22,1.0,0.0,0.004162269471918553,0.5993703313653459,0.4032647494349622,0.5876130144643505,,,POINT (NaN NaN),GBR
1060,1060,0.001067995728017088,0.08678885227479033,0.000355998576005696,3.180068001475383e-05,3.2430197235579753e-22,1.0,0.3333333333333333,0.004162269471918553,0.5993703313653459,0.4032647494349622,0.5876130144643505,,,POINT (NaN NaN),GBR
1061,1061,0.001067995728017088,0.08678885227479033,0.0,0.0,1.0218006759764205e-19,0.0,0.0,0.004162269471918553,0.5993703313653459,0.4032647494349622,0.5876130144643505,,,POINT (NaN NaN),GBR
1062,1062,0.000355998576005696,0.08678885227479033,0.000355998576005696,0.0,1.0218006759764205e-19,1.0,0.0,0.004162269471918553,0.5993703313653459,0.4032647494349622,0.5876130144643505,,,POINT (NaN NaN),GBR
1063,1063,0.001067995728017088,0.08678885227479033,0.000355998576005696,4.226003988671604e-08,3.2430197235579753e-22,1.0,0.6666666666666666,0.004162269471918553,0.5993703313653459,0.4032647494349622,0.5876130144643505,,,POINT (NaN NaN),GBR
1064,1064,0.00355998576005696,0.08678885227479033,0.04008336489752832,0.00017637677917537456,1.7461170860731007e-10,131.9004941953472,0.08888888888888889,0.004162269471918553,0.5993703313653459,0.4032647494349622,0.5876130144643505,,,POINT (NaN NaN),GBR
1065,1065,0.001423994304022784,0.08678885227479033,0.034844070910009746,1.9400513142545003e-05,8.723629844624942e-12,108.88821639746592,0.0,0.004162269471918553,0.5993703313653459,0.4032647494349622,0.5876130144643505,,,POINT (NaN NaN),GBR
1066,1066,0.007831968672125312,0.08678885227479033,0.04322728507902537,0.0014041774332978507,1.335099514866992e-09,153.3901767350297,0.1341991341991342,0.004162269471918553,0.5993703313653459,0.4032647494349622,0.5876130144643505,,,POINT (NaN NaN),GBR
1067,1067,0.004627981488074048,0.08678885227479033,0.04188125234726151,0.00033759362590545487,1.3948162474208136e-09,145.0473195921724,0.24358974358974358,0.004162269471918553,0.5993703313653459,0.4032647494349622,0.5876130144643505,,,POINT (NaN NaN),GBR
1068,1068,0.001423994304022784,0.08678885227479033,0.03953044124732018,3.272384127174729e-05,7.355511209442431e-10,130.58367233042145,0.16666666666666666,0.004162269471918553,0.5993703313653459,0.4032647494349622,0.5876130144643505,,,POINT (NaN NaN),GBR
1069,1069,0.002491990032039872,0.08678885227479033,0.03949928737387524,3.342864827792116e-05,8.809442216057047e-10,129.97930725105635,0.47619047619047616,0.004162269471918553,0.5993703313653459,0.4032647494349622,0.5876130144643505,,,POINT (NaN NaN),GBR
1070,1070,0.003203987184051264,0.08678885227479033,0.04809849658307077,0.0011217803012453745,1.3691243748087326e-08,152.8258991008995,0.0,0.004162269471918553,0.5993703313653459,0.4032647494349622,0.5876130144643505,,,POINT (NaN NaN),GBR
1071,1071,0.002491990032039872,0.08678885227479033,0.04529418916758626,0.0016844480615623321,1.3265265924416238e-08,140.954470529471,0.0,0.004162269471918553,0.5993703313653459,0.4032647494349622,0.5876130144643505,,,POINT (NaN NaN),GBR
1072,1072,0.011035955856176576,0.08678885227479033,0.05229356605837714,0.014352848220342907,7.952164734393989e-08,186.96280386280287,0.047311827956989246,0.004162269471918553,0.5993703313653459,0.4032647494349622,0.5876130144643505,,,POINT (NaN NaN),GBR
1073,1073,0.008543965824136704,0.08678885227479033,0.0403315869534687,0.0013116738512202212,3.457767941751589e-09,140.05033899708803,0.3722943722943723,0.004162269471918553,0.5993703313653459,0.4032647494349622,0.5876130144643505,,,POINT (NaN NaN),GBR
1074,1074,0.000355998576005696,0.08678885227479033,0.000355998576005696,0.0,3.2430197235579753e-22,1.0,0.0,0.004162269471918553,0.5993703313653459,0.4032647494349622,0.5876130144643505,,,POINT (NaN NaN),GBR
1075,1075,0.002491990032039872,0.08678885227479033,0.04093750495067971,2.80381173863043e-05,2.6380417943078388e-09,138.26636721121997,0.19047619047619047,0.004162269471918553,0.5993703313653459,0.4032647494349622,0.5876130144643505,,,POINT (NaN NaN),GBR
1076,1076,0.00711997152011392,0.08678885227479033,0.03552388644312158,2.6606752647108136e-05,3.138278045666705e-10,115.68111904005886,0.5166666666666667,0.004162269471918553,0.5993703313653459,0.4032647494349622,0.5876130144643505,,,POINT (NaN NaN),GBR
1077,1077,0.003915984336062656,0.08678885227479033,0.04704244181057937,0.0001708984723190638,3.209656965621888e-08,154.77113719613757,0.07272727272727272,0.004162269471918553,0.5993703313653459,0.4032647494349622,0.5876130144643505,,,POINT (NaN NaN),GBR
1078,1078,0.00355998576005696,0.08678885227479033,0.04380128650441865,0.0002065173674991996,2.297587470326585e-09,143.04501136118736,0.022222222222222223,0.004162269471918553,0.5993703313653459,0.4032647494349622,0.5876130144643505,,,POINT (NaN NaN),GBR
1079,1079,0.003915984336062656,0.08678885227479033,0.04645173921514747,0.0006704069189620697,3.071449601161145e-08,151.08542291042338,0.0,0.004162269471918553,0.5993703313653459,0.4032647494349622,0.5876130144643505,,,POINT (NaN NaN),GBR
1080,1080,0.011035955856176576,0.08678885227479033,0.039992395968454,0.0023388992598908803,4.1846049385106984e-09,136.800338997088,0.291005291005291,0.004162269471918553,0.5993703313653459,0.4032647494349622,0.5876130144643505,,,POINT (NaN NaN),GBR
1081,1081,0.00355998576005696,0.08678885227479033,0.04673238408178167,0.0030816808149914717,5.3323041607278065e-08,151.34851814851876,0.24444444444444444,0.004162269471918553,0.5993703313653459,0.4032647494349622,0.5876130144643505,,,POINT (NaN NaN),GBR
1082,1082,0.003203987184051264,0.08678885227479033,0.03655826068185089,0.0002134404191302094,2.43647228906251e-08,115.35012210012218,0.19444444444444445,0.004162269471918553,0.5993703313653459,0.4032647494349622,0.5876130144643505,,,POINT (NaN NaN),GBR
1083,1083,0.000355998576005696,0.08678885227479033,0.000533997864008544,0.0,7.458945364183344e-21,1.8333333333333333,0.0,0.004162269471918553,0.5993703313653459,0.4032647494349622,0.5876130144643505,,,POINT (NaN NaN),GBR
1084,1084,0.003203987184051264,0.08678885227479033,0.039443624938755306,6.760557585424367e-05,8.864221743112185e-10,131.11264058438968,0.6785714285714286,0.004162269471918553,0.5993703313653459,0.4032647494349622,0.5876130144643505,,,POINT (NaN NaN),GBR
1085,1085,0.004271982912068352,0.08678885227479033,0.04754611064200372,0.04346300155536923,4.845830418794071e-07,150.6731657231658,0.09090909090909091,0.004162269471918553,0.5993703313653459,0.4032647494349622,0.5876130144643505,,,POINT (NaN NaN),GBR
1086,1086,0.00177999288002848,0.08678885227479033,0.035350013651357176,6.3263686910015e-05,2.7456858643477606e-08,111.67992424242422,0.0,0.004162269471918553,0.5993703313653459,0.4032647494349622,0.5876130144643505,,,POINT (NaN NaN),GBR
1087,1087,0.003203987184051264,0.08678885227479033,0.04309913879500786,0.0002963955959383011,1.876629782201575e-09,140.6787415199177,0.08333333333333333,0.004162269471918553,0.5993703313653459,0.4032647494349622,0.5876130144643505,,,POINT (NaN NaN),GBR
1088,1088,0.002135991456034176,0.08678885227479033,0.051690361720401305,0.0019646257121020065,2.961370439957644e-07,162.05649905649898,0.13333333333333333,0.004162269471918553,0.5993703313653459,0.4032647494349622,0.5876130144643505,,,POINT (NaN NaN),GBR
1089,1089,0.007831968672125312,0.08678885227479033,0.035746917244089585,0.00021233803213387462,3.272781684414689e-10,118.18111904005887,0.3722943722943723,0.004162269471918553,0.5993703313653459,0.4032647494349622,0.5876130144643505,,,POINT (NaN NaN),GBR
1090,1090,0.00177999288002848,0.08678885227479033,0.040791019897565534,0.0012310650386584182,4.2168124952434625e-07,129.92116217116262,0.2,0.004162269471918553,0.5993703313653459,0.4032647494349622,0.5876130144643505,,,POINT (NaN NaN),GBR
1091,1091,0.00355998576005696,0.08678885227479033,0.04352645032574958,0.0005762069683384083,1.9626737720678273e-09,142.84540818658434,0.06666666666666667,0.004162269471918553,0.5993703313653459,0.4032647494349622,0.5876130144643505,,,POINT (NaN NaN),GBR
1092,1092,0.002847988608045568,0.08678885227479033,0.03912097024455808,0.0001334132770451904,2.2306096431823005e-10,127.10763705248998,0.2857142857142857,0.004162269471918553,0.5993703313653459,0.4032647494349622,0.5876130144643505,,,POINT (NaN NaN),GBR
1093,1093,0.001423994304022784,0.08678885227479033,0.04631776297967695,2.45479602633577e-05,2.5846319554011747e-08,147.84851814851876,0.3333333333333333,0.004162269471918553,0.5993703313653459,0.4032647494349622,0.5876130144643505,,,POINT (NaN NaN),GBR
1094,1094,0.000355998576005696,0.08678885227479033,0.0,0.0,2.4946305565830578e-23,0.0,0.0,0.004162269471918553,0.5993703313653459,0.4032647494349622,0.5876130144643505,,,POINT (NaN NaN),GBR
1095,1095,0.002135991456034176,0.08678885227479033,0.03912097024455808,0.0,2.2306096431823005e-10,127.10763705248998,0.5333333333333333,0.004162269471918553,0.5993703313653459,0.4032647494349622,0.5876130144643505,,,POINT (NaN NaN),GBR
1096,1096,0.009611961552153792,0.08678885227479033,0.05125560235027332,0.0097573240617619,1.6638840366068527e-06,171.57078477078417,0.08547008547008547,0.004162269471918553,0.5993703313653459,0.4032647494349622,0.5876130144643505,,,POINT (NaN NaN),GBR
1097,1097,0.001423994304022784,0.08678885227479033,0.04576239474443125,2.5858441120839464e-05,2.4526183869256583e-08,144.51518481518545,0.16666666666666666,0.004162269471918553,0.5993703313653459,0.4032647494349622,0.5876130144643505,,,POINT (NaN NaN),GBR
1098,1098,0.00355998576005696,0.08678885227479033,0.0343154436964751,0.00010209933912097701,3.085071702593157e-09,113.87771994946922,0.5555555555555556,0.004162269471918553,0.5993703313653459,0.4032647494349622,0.5876130144643505,,,POINT (NaN NaN),GBR
1099,1099,0.001067995728017088,0.08678885227479033,0.0338121429162765,1.5870644134840717e-06,4.742670935943569e-11,108.61643650037632,0.0,0.004162269471918553,0.5993703313653459,0.4032647494349622,0.5876130144643505,,,POINT (NaN NaN),GBR
1100,1100,0.004983980064079744,0.08678885227479033,0.0448284810077038,0.001498635162386224,2.5498130306729506e-08,157.3726914425443,0.26373626373626374,0.004162269471918553,0.5993703313653459,0.4032647494349622,0.5876130144643505,,,POINT (NaN NaN),GBR
1101,1101,0.006407974368102528,0.08678885227479033,0.04230310631865262,0.0011939480961521466,5.273497914713065e-10,135.4454081865844,0.1111111111111111,0.004162269471918553,0.5993703313653459,0.4032647494349622,0.5876130144643505,,,POINT (NaN NaN),GBR
1102,1102,0.002847988608045568,0.08678885227479033,0.04661325564457392,0.00014187997299152294,2.648510212810852e-08,150.34851814851874,0.25,0.004162269471918553,0.5993703313653459,0.4032647494349622,0.5876130144643505,,,POINT (NaN NaN),GBR
1103,1103,0.001067995728017088,0.08678885227479033,0.04631776297967695,0.00010402056780928525,2.5846319554011747e-08,147.84851814851876,0.0,0.004162269471918553,0.5993703313653459,0.4032647494349622,0.5876130144643505,,,POINT (NaN NaN),GBR
1104,1104,0.002491990032039872,0.08678885227479033,0.04631776297967695,0.00021007176056978818,2.5846319554011747e-08,147.84851814851876,0.14285714285714285,0.004162269471918553,0.5993703313653459,0.4032647494349622,0.5876130144643505,,,POINT (NaN NaN),GBR
1105,1105,0.004627981488074048,0.08678885227479033,0.04378352450677694,0.00038475564973245645,1.713997683270608e-09,146.36604310721933,0.1794871794871795,0.004162269471918553,0.5993703313653459,0.4032647494349622,0.5876130144643505,,,POINT (NaN NaN),GBR
1106,1106,0.003915984336062656,0.08678885227479033,0.03810323707927358,0.0001290698794925322,2.129096145612419e-09,128.0384342351834,0.2909090909090909,0.004162269471918553,0.5993703313653459,0.4032647494349622,0.5876130144643505,,,POINT (NaN NaN),GBR
1107,1107,0.003203987184051264,0.08678885227479033,0.03705176500556904,0.00015944396787085418,2.1303144876820515e-09,124.08962471137387,0.3055555555555556,0.004162269471918553,0.5993703313653459,0.4032647494349622,0.5876130144643505,,,POINT (NaN NaN),GBR
1108,1108,0.002491990032039872,0.08678885227479033,0.046140925203570576,0.00018816467296599608,2.9556352556667353e-08,147.96518481518544,0.09523809523809523,0.004162269471918553,0.5993703313653459,0.4032647494349622,0.5876130144643505,,,POINT (NaN NaN),GBR
1109,1109,0.001067995728017088,0.08678885227479033,0.04576239474443125,1.929153528570413e-06,2.4526183869256583e-08,144.51518481518545,0.3333333333333333,0.004162269471918553,0.5993703313653459,0.4032647494349622,0.5876130144643505,,,POINT (NaN NaN),GBR
1110,1110,0.002135991456034176,0.08678885227479033,0.03527094397744858,0.00016197881410648447,1.3728429321756018e-08,111.1799242424242,0.13333333333333333,0.004162269471918553,0.5993703313653459,0.4032647494349622,0.5876130144643505,,,POINT (NaN NaN),GBR
1111,1111,0.003203987184051264,0.08678885227479033,0.04464256667404512,0.0001462634542619969,3.0485891216428393e-08,144.09613719613785,0.05555555555555555,0.004162269471918553,0.5993703313653459,0.4032647494349622,0.5876130144643505,,,POINT (NaN NaN),GBR
1112,1112,0.001067995728017088,0.08678885227479033,0.001067995728017088,0.0,2.0463454455650827e-19,3.0,0.3333333333333333,0.004162269471918553,0.5993703313653459,0.4032647494349622,0.5876130144643505,,,POINT (NaN NaN),GBR
1113,1113,0.00533997864008544,0.08678885227479033,0.047113155409006485,0.00037235419496881646,7.423510428272484e-08,157.14097846597926,0.047619047619047616,0.004162269471918553,0.5993703313653459,0.4032647494349622,0.5876130144643505,,,POINT (NaN NaN),GBR
1114,1114,0.002135991456034176,0.08678885227479033,0.0436255284755077,4.33920490636008e-05,5.054756165728127e-09,135.83542291042343,0.13333333333333333,0.004162269471918553,0.5993703313653459,0.4032647494349622,0.5876130144643505,,,POINT (NaN NaN),GBR
1115,1115,0.003203987184051264,0.08678885227479033,0.04815022316194177,0.0011543116451519274,2.4789576968868422e-08,156.46280386280446,0.16666666666666666,0.004162269471918553,0.5993703313653459,0.4032647494349622,0.5876130144643505,,,POINT (NaN NaN),GBR
1116,1116,0.003203987184051264,0.08678885227479033,0.03797604404076982,0.00020966019402175162,1.2798613800283581e-09,128.5586723304215,0.2777777777777778,0.004162269471918553,0.5993703313653459,0.4032647494349622,0.5876130144643505,,,POINT (NaN NaN),GBR
1117,1117,0.002491990032039872,0.08678885227479033,0.04623347340703618,0.00036850941563146847,2.465511549497834e-08,147.51518481518542,0.09523809523809523,0.004162269471918553,0.5993703313653459,0.4032647494349622,0.5876130144643505,,,POINT (NaN NaN),GBR
1118,1118,0.001067995728017088,0.08678885227479033,0.043663763737967876,5.1759888999565454e-05,4.302278834747758e-09,136.41875624375683,0.0,0.004162269471918553,0.5993703313653459,0.4032647494349622,0.5876130144643505,,,POINT (NaN NaN),GBR
1119,1119,0.009611961552153792,0.08678885227479033,0.053913708002705195,0.01016204027328824,1.433157710465167e-06,182.1255466755455,0.06267806267806268,0.004162269471918553,0.5993703313653459,0.4032647494349622,0.5876130144643505,,,POINT (NaN NaN),GBR
1120,1120,0.006051975792096832,0.08678885227479033,0.03876120985082954,0.01872518189322,2.1961629666107943e-08,134.4726914425439,0.3382352941176471,0.004162269471918553,0.5993703313653459,0.4032647494349622,0.5876130144643505,,,POINT (NaN NaN),GBR
1121,1121,0.00177999288002848,0.08678885227479033,0.04173427324117237,0.00024711913396777553,2.4131312655541246e-09,135.82675739293364,0.0,0.004162269471918553,0.5993703313653459,0.4032647494349622,0.5876130144643505,,,POINT (NaN NaN),GBR
1122,1122,0.000355998576005696,0.08678885227479033,0.0,0.0,2.4946305565830578e-23,0.0,0.0,0.004162269471918553,0.5993703313653459,0.4032647494349622,0.5876130144643505,,,POINT (NaN NaN),GBR
1123,1123,0.00177999288002848,0.08678885227479033,0.036497938853095435,1.415736423481912e-05,1.2893162572177703e-10,114.36755768741044,0.2,0.004162269471918553,0.5993703313653459,0.4032647494349622,0.5876130144643505,,,POINT (NaN NaN),GBR
1124,1124,0.004271982912068352,0.08678885227479033,0.050402732466802574,0.00021999863418989708,2.922158724308953e-07,164.47197524697498,0.12121212121212122,0.004162269471918553,0.5993703313653459,0.4032647494349622,0.5876130144643505,,,POINT (NaN NaN),GBR
1125,1125,0.001423994304022784,0.08678885227479033,0.000355998576005696,0.0,2.0433518888971834e-19,1.0,1.0,0.004162269471918553,0.5993703313653459,0.4032647494349622,0.5876130144643505,,,POINT (NaN NaN),GBR
1126,1126,0.002491990032039872,0.08678885227479033,0.038642566074670856,0.00019958731489638537,1.1747010133086365e-08,131.8060247758772,0.6190476190476191,0.004162269471918553,0.5993703313653459,0.4032647494349622,0.5876130144643505,,,POINT (NaN NaN),GBR
1127,1127,0.003203987184051264,0.08678885227479033,0.045494870611090206,9.794909163340495e-05,5.260924671705143e-08,150.06835941836016,0.08333333333333333,0.004162269471918553,0.5993703313653459,0.4032647494349622,0.5876130144643505,,,POINT (NaN NaN),GBR
1128,1128,0.00533997864008544,0.08678885227479033,0.038736952641339084,0.0016960395281542134,1.2337786416527749e-09,128.6901767350295,0.17142857142857143,0.004162269471918553,0.5993703313653459,0.4032647494349622,0.5876130144643505,,,POINT (NaN NaN),GBR
1129,1129,0.000711997152011392,0.08678885227479033,0.00047466476800759466,2.5356023932029627e-07,1.9707581397006163e-21,1.5,0.0,0.004162269471918553,0.5993703313653459,0.4032647494349622,0.5876130144643505,,,POINT (NaN NaN),GBR
1130,1130,0.002847988608045568,0.08678885227479033,0.05067708086728946,0.00021533716633892578,2.2743124348346266e-07,161.83507048507036,0.0,0.004162269471918553,0.5993703313653459,0.4032647494349622,0.5876130144643505,,,POINT (NaN NaN),GBR
1131,1131,0.004271982912068352,0.08678885227479033,0.050906777662785896,0.0002203371179348962,1.1032283400189574e-06,167.19221334221288,0.21212121212121213,0.004162269471918553,0.5993703313653459,0.4032647494349622,0.5876130144643505,,,POINT (NaN NaN),GBR
1132,1132,0.00355998576005696,0.08678885227479033,0.044677718892192506,0.00015165239397216785,8.543682182269468e-08,146.85764513264584,0.06666666666666667,0.004162269471918553,0.5993703313653459,0.4032647494349622,0.5876130144643505,,,POINT (NaN NaN),GBR
1133,1133,0.004271982912068352,0.08678885227479033,0.03876120985082954,0.0006412298986695262,2.1961629666107943e-08,134.4726914425439,0.5606060606060606,0.004162269471918553,0.5993703313653459,0.4032647494349622,0.5876130144643505,,,POINT (NaN NaN),GBR
1134,1134,0.002135991456034176,0.08678885227479033,0.043849092595140325,0.0001296347666709492,1.3986471610732139e-08,140.47431179931246,0.0,0.004162269471918553,0.5993703313653459,0.4032647494349622,0.5876130144643505,,,POINT (NaN NaN),GBR
1135,1135,0.00355998576005696,0.08678885227479033,0.0415621636623652,0.0007462913738034099,3.870626935053107e-09,136.1434240596003,0.022222222222222223,0.004162269471918553,0.5993703313653459,0.4032647494349622,0.5876130144643505,,,POINT (NaN NaN),GBR
1136,1136,0.001067995728017088,0.08678885227479033,0.001341840786483008,4.298139777054751e-05,4.6724430324800685e-20,4.333333333333333,0.0,0.004162269471918553,0.5993703313653459,0.4032647494349622,0.5876130144643505,,,POINT (NaN NaN),GBR
1137,1137,0.002847988608045568,0.08678885227479033,0.04816466190245394,0.00046507302027934926,1.2439352599735095e-06,151.72078477078506,0.14285714285714285,0.004162269471918553,0.5993703313653459,0.4032647494349622,0.5876130144643505,,,POINT (NaN NaN),GBR
1138,1138,0.002135991456034176,0.08678885227479033,0.03523301202346684,2.9783928314238173e-05,1.1048470159310228e-09,115.8717675685168,0.4666666666666667,0.004162269471918553,0.5993703313653459,0.4032647494349622,0.5876130144643505,,,POINT (NaN NaN),GBR
1139,1139,0.000355998576005696,0.08678885227479033,0.0,0.0,2.4946305565830578e-23,0.0,0.0,0.004162269471918553,0.5993703313653459,0.4032647494349622,0.5876130144643505,,,POINT (NaN NaN),GBR
1140,1140,0.003915984336062656,0.08678885227479033,0.04007735997472536,0.00026350512158874735,4.044141392497987e-07,127.75596070596117,0.10909090909090909,0.004162269471918553,0.5993703313653459,0.4032647494349622,0.5876130144643505,,,POINT (NaN NaN),GBR
1141,1141,0.003915984336062656,0.08678885227479033,0.04978891085512084,0.00010715588030689635,1.4854527296409625e-06,160.98745143745137,0.23636363636363636,0.004162269471918553,0.5993703313653459,0.4032647494349622,0.5876130144643505,,,POINT (NaN NaN),GBR
1142,1142,0.0,0.08678885227479033,0.0,0.0,2.4946305565830578e-23,0.0,0.0,0.004162269471918553,0.5993703313653459,0.4032647494349622,0.5876130144643505,,,POINT (NaN NaN),GBR
1143,1143,0.001067995728017088,0.08678885227479033,0.0,0.0,2.4946305565830578e-23,0.0,0.3333333333333333,0.004162269471918553,0.5993703313653459,0.4032647494349622,0.5876130144643505,,,POINT (NaN NaN),GBR
1144,1144,0.001423994304022784,0.08678885227479033,0.042501033940637416,4.747143323217764e-07,1.2346364113709772e-06,132.64799644799683,0.5,0.004162269471918553,0.5993703313653459,0.4032647494349622,0.5876130144643505,,,POINT (NaN NaN),GBR
1145,1145,0.002847988608045568,0.08678885227479033,0.0506578781765681,8.557100925978722e-05,2.6809624833696434e-07,165.48507048507017,0.17857142857142858,0.004162269471918553,0.5993703313653459,0.4032647494349622,0.5876130144643505,,,POINT (NaN NaN),GBR
1146,1146,0.00355998576005696,0.08678885227479033,0.037996089046859846,0.0002991548658682309,2.564718002435804e-09,128.08065292550572,0.1111111111111111,0.004162269471918553,0.5993703313653459,0.4032647494349622,0.5876130144643505,,,POINT (NaN NaN),GBR
1147,1147,0.002847988608045568,0.08678885227479033,0.04806394549712374,0.0003721236370942031,1.6520918624934805e-06,151.2207847707851,0.25,0.004162269471918553,0.5993703313653459,0.4032647494349622,0.5876130144643505,,,POINT (NaN NaN),GBR
1148,1148,0.00177999288002848,0.08678885227479033,0.049282895042332873,2.765033165335505e-05,1.0484961567056928e-06,157.15411810411825,0.3,0.004162269471918553,0.5993703313653459,0.4032647494349622,0.5876130144643505,,,POINT (NaN NaN),GBR
1149,1149,0.00355998576005696,0.08678885227479033,0.05633601397218342,0.002265775730789906,1.2095331948419773e-05,180.00938783438622,0.1111111111111111,0.004162269471918553,0.5993703313653459,0.4032647494349622,0.5876130144643505,,,POINT (NaN NaN),GBR
1150,1150,0.001067995728017088,0.08678885227479033,0.0,0.0,2.4946305565830578e-23,0.0,0.3333333333333333,0.004162269471918553,0.5993703313653459,0.4032647494349622,0.5876130144643505,,,POINT (NaN NaN),GBR
1151,1151,0.00177999288002848,0.08678885227479033,0.040294636398075935,0.00017864182512828175,9.004759508937905e-09,132.0767573929335,0.0,0.004162269471918553,0.5993703313653459,0.4032647494349622,0.5876130144643505,,,POINT (NaN NaN),GBR
1152,1152,0.00177999288002848,0.08678885227479033,0.03533289966333456,0.00020606620986489963,1.779364704635992e-09,117.62057709232631,0.4,0.004162269471918553,0.5993703313653459,0.4032647494349622,0.5876130144643505,,,POINT (NaN NaN),GBR
1153,1153,0.0,0.08678885227479033,0.0,0.0,2.4946305565830578e-23,0.0,0.0,0.004162269471918553,0.5993703313653459,0.4032647494349622,0.5876130144643505,,,POINT (NaN NaN),GBR
1154,1154,0.001067995728017088,0.08678885227479033,0.041150611601519595,4.318636207780402e-05,1.649307862366823e-08,136.22675739293356,0.0,0.004162269471918553,0.5993703313653459,0.4032647494349622,0.5876130144643505,,,POINT (NaN NaN),GBR
1155,1155,0.003203987184051264,0.08678885227479033,0.047702957852975285,0.001008123308071583,6.372389576055616e-08,161.47312132312217,0.08333333333333333,0.004162269471918553,0.5993703313653459,0.4032647494349622,0.5876130144643505,,,POINT (NaN NaN),GBR
1156,1156,0.001067995728017088,0.08678885227479033,0.040294636398075935,6.172891128512734e-05,9.004759508937905e-09,132.0767573929335,0.0,0.004162269471918553,0.5993703313653459,0.4032647494349622,0.5876130144643505,,,POINT (NaN NaN),GBR
1157,1157,0.000711997152011392,0.08678885227479033,0.040294636398075935,4.385521545908532e-05,9.004759508937905e-09,132.0767573929335,0.0,0.004162269471918553,0.5993703313653459,0.4032647494349622,0.5876130144643505,,,POINT (NaN NaN),GBR
1158,1158,0.006407974368102528,0.08678885227479033,0.03996581721210455,0.001470816298180825,3.171971567231506e-08,140.51554858540132,0.3464052287581699,0.004162269471918553,0.5993703313653459,0.4032647494349622,0.5876130144643505,,,POINT (NaN NaN),GBR
1159,1159,0.001423994304022784,0.08678885227479033,0.041150611601519595,0.00010482086369071837,1.649307862366823e-08,136.22675739293356,0.0,0.004162269471918553,0.5993703313653459,0.4032647494349622,0.5876130144643505,,,POINT (NaN NaN),GBR
1160,1160,0.001423994304022784,0.08678885227479033,0.041150611601519595,0.00010482086369071837,1.649307862366823e-08,136.22675739293356,0.0,0.004162269471918553,0.5993703313653459,0.4032647494349622,0.5876130144643505,,,POINT (NaN NaN),GBR
1161,1161,0.00533997864008544,0.08678885227479033,0.04019693087606065,0.000314884236397999,3.057539392634326e-08,141.1667390615918,0.47619047619047616,0.004162269471918553,0.5993703313653459,0.4032647494349622,0.5876130144643505,,,POINT (NaN NaN),GBR
1162,1162,0.000711997152011392,0.08678885227479033,0.000355998576005696,2.5356023932029627e-07,3.2430197235579753e-22,1.0,0.0,0.004162269471918553,0.5993703313653459,0.4032647494349622,0.5876130144643505,,,POINT (NaN NaN),GBR
1163,1163,0.0,0.08678885227479033,0.0,0.0,2.4946305565830578e-23,0.0,0.0,0.004162269471918553,0.5993703313653459,0.4032647494349622,0.5876130144643505,,,POINT (NaN NaN),GBR
1164,1164,0.00355998576005696,0.08678885227479033,0.03407664248177599,0.00047207561921495505,1.2863410128019245e-09,111.37771994946924,0.4666666666666667,0.004162269471918553,0.5993703313653459,0.4032647494349622,0.5876130144643505,,,POINT (NaN NaN),GBR
1165,1165,0.000355998576005696,0.08678885227479033,0.000355998576005696,0.0,3.2430197235579753e-22,1.0,0.0,0.004162269471918553,0.5993703313653459,0.4032647494349622,0.5876130144643505,,,POINT (NaN NaN),GBR
1166,1166,0.0,0.08678885227479033,0.0,0.0,2.4946305565830578e-23,0.0,0.0,0.004162269471918553,0.5993703313653459,0.4032647494349622,0.5876130144643505,,,POINT (NaN NaN),GBR
1167,1167,0.0,0.08678885227479033,0.0,0.0,2.4946305565830578e-23,0.0,0.0,0.004162269471918553,0.5993703313653459,0.4032647494349622,0.5876130144643505,,,POINT (NaN NaN),GBR
1168,1168,0.000355998576005696,0.08678885227479033,0.0,0.0,2.4946305565830578e-23,0.0,0.0,0.004162269471918553,0.5993703313653459,0.4032647494349622,0.5876130144643505,,,POINT (NaN NaN),GBR
1169,1169,0.00177999288002848,0.08678885227479033,0.030462761447923283,0.00010218731947798595,4.520888363222056e-11,96.39619840513834,0.4,0.004162269471918553,0.5993703313653459,0.4032647494349622,0.5876130144643505,,,POINT (NaN NaN),GBR
1170,1170,0.0,0.08678885227479033,0.0,0.0,2.4946305565830578e-23,0.0,0.0,0.004162269471918553,0.5993703313653459,0.4032647494349622,0.5876130144643505,,,POINT (NaN NaN),GBR
1171,1171,0.000355998576005696,0.08678885227479033,0.0,0.0,2.4946305565830578e-23,0.0,0.0,0.004162269471918553,0.5993703313653459,0.4032647494349622,0.5876130144643505,,,POINT (NaN NaN),GBR
1172,1172,0.0,0.08678885227479033,0.0,0.0,2.4946305565830578e-23,0.0,0.0,0.004162269471918553,0.5993703313653459,0.4032647494349622,0.5876130144643505,,,POINT (NaN NaN),GBR
1173,1173,0.0,0.08678885227479033,0.0,0.0,2.4946305565830578e-23,0.0,0.0,0.004162269471918553,0.5993703313653459,0.4032647494349622,0.5876130144643505,,,POINT (NaN NaN),GBR
1174,1174,0.0,0.08678885227479033,0.0,0.0,2.4946305565830578e-23,0.0,0.0,0.004162269471918553,0.5993703313653459,0.4032647494349622,0.5876130144643505,,,POINT (NaN NaN),GBR
1175,1175,0.00177999288002848,0.08678885227479033,0.03399544897040887,0.00012589549140490033,1.2411321291700285e-09,110.37771994946924,0.4,0.004162269471918553,0.5993703313653459,0.4032647494349622,0.5876130144643505,,,POINT (NaN NaN),GBR
1176,1176,0.000355998576005696,0.08678885227479033,0.0,0.0,2.4946305565830578e-23,0.0,0.0,0.004162269471918553,0.5993703313653459,0.4032647494349622,0.5876130144643505,,,POINT (NaN NaN),GBR
1177,1177,0.000711997152011392,0.08678885227479033,0.0,0.0,1.0218006759764205e-19,0.0,0.0,0.004162269471918553,0.5993703313653459,0.4032647494349622,0.5876130144643505,,,POINT (NaN NaN),GBR
1178,1178,0.000355998576005696,0.08678885227479033,0.005347593582887701,0.0,3.452820474121419e-13,16.55,0.0,0.004162269471918553,0.5993703313653459,0.4032647494349622,0.5876130144643505,,,POINT (NaN NaN),GBR
1179,1179,0.002847988608045568,0.08678885227479033,0.03998908634999461,9.646837266278896e-05,4.044141392497772e-07,127.25596070596119,0.07142857142857142,0.004162269471918553,0.5993703313653459,0.4032647494349622,0.5876130144643505,,,POINT (NaN NaN),GBR
1180,1180,0.002491990032039872,0.08678885227479033,0.04806394549712374,1.8788999550379312e-05,1.6520918624934805e-06,151.2207847707851,0.14285714285714285,0.004162269471918553,0.5993703313653459,0.4032647494349622,0.5876130144643505,,,POINT (NaN NaN),GBR
1181,1181,0.002491990032039872,0.08678885227479033,0.039893416183911026,0.00011015789327062953,4.044141392497753e-07,126.25596070596121,0.14285714285714285,0.004162269471918553,0.5993703313653459,0.4032647494349622,0.5876130144643505,,,POINT (NaN NaN),GBR
1182,1182,0.002847988608045568,0.08678885227479033,0.04123234636031988,0.00012472237150596536,6.128847698526942e-07,130.63943001443047,0.14285714285714285,0.004162269471918553,0.5993703313653459,0.4032647494349622,0.5876130144643505,,,POINT (NaN NaN),GBR
1183,1183,0.003203987184051264,0.08678885227479033,0.04942960503782447,0.00017445170727505919,2.4943329438586487e-07,157.47197524697535,0.1388888888888889,0.004162269471918553,0.5993703313653459,0.4032647494349622,0.5876130144643505,,,POINT (NaN NaN),GBR
1184,1184,0.002491990032039872,0.08678885227479033,0.03999656653823815,7.761129338296148e-05,4.044141392497775e-07,127.75596070596117,0.14285714285714285,0.004162269471918553,0.5993703313653459,0.4032647494349622,0.5876130144643505,,,POINT (NaN NaN),GBR
1185,1185,0.002491990032039872,0.08678885227479033,0.048830382091557364,9.733662101025868e-06,2.3162023704556102e-07,154.3053085803088,0.09523809523809523,0.004162269471918553,0.5993703313653459,0.4032647494349622,0.5876130144643505,,,POINT (NaN NaN),GBR
1186,1186,0.003203987184051264,0.08678885227479033,0.047973625895718255,8.799169870489352e-05,1.0525534451018647e-06,150.35411810411844,0.25,0.004162269471918553,0.5993703313653459,0.4032647494349622,0.5876130144643505,,,POINT (NaN NaN),GBR
1187,1187,0.002135991456034176,0.08678885227479033,0.0014833274000237333,7.076974458703896e-07,6.161737474760155e-21,4.5,0.06666666666666667,0.004162269471918553,0.5993703313653459,0.4032647494349622,0.5876130144643505,,,POINT (NaN NaN),GBR
1188,1188,0.002491990032039872,0.08678885227479033,0.0014833274000237333,8.91702600615704e-07,6.161737474760155e-21,4.5,0.14285714285714285,0.004162269471918553,0.5993703313653459,0.4032647494349622,0.5876130144643505,,,POINT (NaN NaN),GBR
1189,1189,0.002847988608045568,0.08678885227479033,0.04976095162903708,6.196045431937124e-05,2.59735180522537e-07,160.59221334221328,0.10714285714285714,0.004162269471918553,0.5993703313653459,0.4032647494349622,0.5876130144643505,,,POINT (NaN NaN),GBR
1190,1190,0.004983980064079744,0.08678885227479033,0.05031433405371094,0.001268031750408314,7.187153131927376e-07,165.08268953268922,0.15384615384615385,0.004162269471918553,0.5993703313653459,0.4032647494349622,0.5876130144643505,,,POINT (NaN NaN),GBR
1191,1191,0.00355998576005696,0.08678885227479033,0.04765387551806179,2.8453921554698848e-05,6.483110524215343e-07,148.73745143745177,0.2,0.004162269471918553,0.5993703313653459,0.4032647494349622,0.5876130144643505,,,POINT (NaN NaN),GBR
1192,1192,0.005695977216091136,0.08678885227479033,0.05169099323602705,0.0028372549289862954,6.063778600511876e-07,176.04340381840285,0.18333333333333332,0.004162269471918553,0.5993703313653459,0.4032647494349622,0.5876130144643505,,,POINT (NaN NaN),GBR
1193,1193,0.002847988608045568,0.08678885227479033,0.04869182715049961,9.173391588601933e-05,4.384579987139682e-07,157.25530858030876,0.17857142857142858,0.004162269471918553,0.5993703313653459,0.4032647494349622,0.5876130144643505,,,POINT (NaN NaN),GBR
1194,1194,0.006763972944108224,0.08678885227479033,0.04684660306010905,0.0010361390498481824,3.543110068856934e-07,166.7969308469314,0.12280701754385964,0.004162269471918553,0.5993703313653459,0.4032647494349622,0.5876130144643505,,,POINT (NaN NaN),GBR
1195,1195,0.004271982912068352,0.08678885227479033,0.04920653470700109,0.00024630898043924285,1.0665711026006424e-06,160.7255466755466,0.10606060606060606,0.004162269471918553,0.5993703313653459,0.4032647494349622,0.5876130144643505,,,POINT (NaN NaN),GBR
1196,1196,0.008543965824136704,0.08678885227479033,0.04946140289461512,0.00021462009532823126,1.1696806429791357e-06,179.08862248862144,0.5036231884057971,0.004162269471918553,0.5993703313653459,0.4032647494349622,0.5876130144643505,,,POINT (NaN NaN),GBR
1197,1197,0.006407974368102528,0.08678885227479033,0.05111172340698765,0.0004908683363011857,4.747819562883242e-07,173.30530858030787,0.0718954248366013,0.004162269471918553,0.5993703313653459,0.4032647494349622,0.5876130144643505,,,POINT (NaN NaN),GBR
1198,1198,0.004627981488074048,0.08678885227479033,0.04405484156285153,0.0005349516035736069,2.811035545994358e-07,155.73142494760222,0.1794871794871795,0.004162269471918553,0.5993703313653459,0.4032647494349622,0.5876130144643505,,,POINT (NaN NaN),GBR
1199,1199,0.007831968672125312,0.08678885227479033,0.04867070561929232,3.5274251338682344e-05,1.143966047612629e-06,175.33862248862178,0.5324675324675324,0.004162269471918553,0.5993703313653459,0.4032647494349622,0.5876130144643505,,,POINT (NaN NaN),GBR
1200,1200,0.005695977216091136,0.08678885227479033,0.04020863299976473,0.00047436697296666816,5.503208233845633e-08,146.40602477587757,0.3333333333333333,0.004162269471918553,0.5993703313653459,0.4032647494349622,0.5876130144643505,,,POINT (NaN NaN),GBR
1201,1201,0.003915984336062656,0.08678885227479033,0.043610370123071826,4.2746214099971855e-05,4.5560034823360795e-07,155.50761542379297,0.509090909090909,0.004162269471918553,0.5993703313653459,0.4032647494349622,0.5876130144643505,,,POINT (NaN NaN),GBR
1202,1202,0.002135991456034176,0.08678885227479033,0.04052434754344158,3.0103172867611623e-05,3.525345045825055e-08,135.90801224918877,0.26666666666666666,0.004162269471918553,0.5993703313653459,0.4032647494349622,0.5876130144643505,,,POINT (NaN NaN),GBR
1203,1203,0.004627981488074048,0.08678885227479033,0.04975056002303066,0.00016593570165624488,7.737545447326944e-07,161.3886419136419,0.05128205128205128,0.004162269471918553,0.5993703313653459,0.4032647494349622,0.5876130144643505,,,POINT (NaN NaN),GBR
1204,1204,0.002135991456034176,0.08678885227479033,0.04314113578830618,4.592421932067891e-05,4.3871143275055056e-08,145.61237732855437,0.13333333333333333,0.004162269471918553,0.5993703313653459,0.4032647494349622,0.5876130144643505,,,POINT (NaN NaN),GBR
1205,1205,0.006407974368102528,0.08678885227479033,0.05630897085263949,0.0014281859222460263,1.2310703552313783e-05,179.35462592962438,0.11764705882352941,0.004162269471918553,0.5993703313653459,0.4032647494349622,0.5876130144643505,,,POINT (NaN NaN),GBR
1206,1206,0.002847988608045568,0.08678885227479033,0.036780830045629584,1.1089165216972058e-05,1.4360100846002535e-08,122.25602477587739,0.35714285714285715,0.004162269471918553,0.5993703313653459,0.4032647494349622,0.5876130144643505,,,POINT (NaN NaN),GBR
1207,1207,0.002135991456034176,0.08678885227479033,0.03731762080825692,5.439890667371701e-07,1.3247214290194002e-08,124.33935810921066,0.5333333333333333,0.004162269471918553,0.5993703313653459,0.4032647494349622,0.5876130144643505,,,POINT (NaN NaN),GBR
1208,1208,0.002847988608045568,0.08678885227479033,0.04056268656666149,0.0001097750712203633,4.068027199431638e-08,137.0746789158554,0.4642857142857143,0.004162269471918553,0.5993703313653459,0.4032647494349622,0.5876130144643505,,,POINT (NaN NaN),GBR
1209,1209,0.007831968672125312,0.08678885227479033,0.04643681735694343,0.00016925108385469116,7.979448449446692e-07,166.6906066156069,0.5627705627705628,0.004162269471918553,0.5993703313653459,0.4032647494349622,0.5876130144643505,,,POINT (NaN NaN),GBR
1210,1210,0.002135991456034176,0.08678885227479033,0.037402701318693145,6.80649591134181e-07,3.011048506848351e-08,127.0893581092106,0.4,0.004162269471918553,0.5993703313653459,0.4032647494349622,0.5876130144643505,,,POINT (NaN NaN),GBR
1211,1211,0.001423994304022784,0.08678885227479033,0.03731762080825692,1.7269528339481258e-07,1.3247214290194002e-08,124.33935810921066,0.5,0.004162269471918553,0.5993703313653459,0.4032647494349622,0.5876130144643505,,,POINT (NaN NaN),GBR
1212,1212,0.002135991456034176,0.08678885227479033,0.037402701318693145,6.80649591134181e-07,3.011048506848351e-08,127.0893581092106,0.4,0.004162269471918553,0.5993703313653459,0.4032647494349622,0.5876130144643505,,,POINT (NaN NaN),GBR
1213,1213,0.002135991456034176,0.08678885227479033,0.000355998576005696,2.0820863213497899e-07,3.2430197235579753e-22,1.0,0.26666666666666666,0.004162269471918553,0.5993703313653459,0.4032647494349622,0.5876130144643505,,,POINT (NaN NaN),GBR
1214,1214,0.003203987184051264,0.08678885227479033,0.049503019043945606,0.00014797074623407026,5.053118722894649e-07,160.90530858030857,0.08333333333333333,0.004162269471918553,0.5993703313653459,0.4032647494349622,0.5876130144643505,,,POINT (NaN NaN),GBR
1215,1215,0.003203987184051264,0.08678885227479033,0.03742895804127559,1.908339216963093e-06,3.427105605209618e-08,128.4226914425439,0.5,0.004162269471918553,0.5993703313653459,0.4032647494349622,0.5876130144643505,,,POINT (NaN NaN),GBR
1216,1216,0.006407974368102528,0.08678885227479033,0.046385976240091546,0.046262737252191814,2.3847371441802138e-05,151.27294649794618,0.13725490196078433,0.004162269471918553,0.5993703313653459,0.4032647494349622,0.5876130144643505,,,POINT (NaN NaN),GBR
1217,1217,0.003203987184051264,0.08678885227479033,0.03742895804127559,1.908339216963093e-06,3.427105605209618e-08,128.4226914425439,0.5,0.004162269471918553,0.5993703313653459,0.4032647494349622,0.5876130144643505,,,POINT (NaN NaN),GBR
1218,1218,0.006051975792096832,0.08678885227479033,0.04782362255443064,0.004287010745854124,2.4716621605837497e-05,154.1056471306466,0.19117647058823528,0.004162269471918553,0.5993703313653459,0.4032647494349622,0.5876130144643505,,,POINT (NaN NaN),GBR
1219,1219,0.003203987184051264,0.08678885227479033,0.000355998576005696,5.320544296447018e-05,3.2430197235579753e-22,1.0,0.027777777777777776,0.004162269471918553,0.5993703313653459,0.4032647494349622,0.5876130144643505,,,POINT (NaN NaN),GBR
1220,1220,0.002135991456034176,0.08678885227479033,0.037356840588402225,1.90806729060548e-07,1.740778527380667e-08,125.92269144254394,0.6666666666666666,0.004162269471918553,0.5993703313653459,0.4032647494349622,0.5876130144643505,,,POINT (NaN NaN),GBR
1221,1221,0.008187967248131008,0.08678885227479033,0.03733885784133886,0.0005867654573996389,3.427105605209618e-08,127.42269144254391,0.4105263157894737,0.004162269471918553,0.5993703313653459,0.4032647494349622,0.5876130144643505,,,POINT (NaN NaN),GBR
1222,1222,0.01067995728017088,0.08678885227479033,0.042122667944971784,0.0002586542800873437,1.5347283623194528e-07,146.7957106618877,0.27692307692307694,0.004162269471918553,0.5993703313653459,0.4032647494349622,0.5876130144643505,,,POINT (NaN NaN),GBR
1223,1223,0.003203987184051264,0.08678885227479033,0.04679791011043829,0.0011213120349936369,1.2292568958551371e-05,149.13104395604364,0.1388888888888889,0.004162269471918553,0.5993703313653459,0.4032647494349622,0.5876130144643505,,,POINT (NaN NaN),GBR
1224,1224,0.002847988608045568,0.08678885227479033,0.036928980119131066,2.1176570647160884e-07,1.3870159951464192e-08,123.54650096635365,0.5,0.004162269471918553,0.5993703313653459,0.4032647494349622,0.5876130144643505,,,POINT (NaN NaN),GBR
1225,1225,0.009611961552153792,0.08678885227479033,0.037749684671181456,0.0007388601665553069,6.998211169193377e-08,131.37269144254384,0.3952569169960474,0.004162269471918553,0.5993703313653459,0.4032647494349622,0.5876130144643505,,,POINT (NaN NaN),GBR
1226,1226,0.00355998576005696,0.08678885227479033,0.04958495876972203,0.005119553280346206,1.6011992067207697e-05,158.5655566655559,0.06666666666666667,0.004162269471918553,0.5993703313653459,0.4032647494349622,0.5876130144643505,,,POINT (NaN NaN),GBR
1227,1227,0.008187967248131008,0.08678885227479033,0.04916095981560146,1.8459479278927598e-05,1.1692297389587753e-06,177.0052891552883,0.5454545454545454,0.004162269471918553,0.5993703313653459,0.4032647494349622,0.5876130144643505,,,POINT (NaN NaN),GBR
1228,1228,0.01067995728017088,0.08678885227479033,0.04204773139397262,0.0020760932546852106,9.624385502504714e-08,144.57904399522104,0.3695652173913043,0.004162269471918553,0.5993703313653459,0.4032647494349622,0.5876130144643505,,,POINT (NaN NaN),GBR
1229,1229,0.002135991456034176,0.08678885227479033,0.04224889245473645,0.00010082495334193814,1.1575970965737384e-06,131.98132978133015,0.0,0.004162269471918553,0.5993703313653459,0.4032647494349622,0.5876130144643505,,,POINT (NaN NaN),GBR
1230,1230,0.002135991456034176,0.08678885227479033,0.046377416068245,0.0001183707232792025,2.449962358778948e-05,150.6896131646129,0.2,0.004162269471918553,0.5993703313653459,0.4032647494349622,0.5876130144643505,,,POINT (NaN NaN),GBR
1231,1231,0.004271982912068352,0.08678885227479033,0.0377219423728323,0.00010306785374405961,1.5670614470264223e-08,126.80602477587713,0.5,0.004162269471918553,0.5993703313653459,0.4032647494349622,0.5876130144643505,,,POINT (NaN NaN),GBR
1232,1232,0.004627981488074048,0.08678885227479033,0.04892486030799544,0.0023456215282933747,2.4238328464349738e-05,154.6111915861911,0.20512820512820512,0.004162269471918553,0.5993703313653459,0.4032647494349622,0.5876130144643505,,,POINT (NaN NaN),GBR
1233,1233,0.003203987184051264,0.08678885227479033,0.000355998576005696,5.92485231740812e-05,3.2430197235579753e-22,1.0,0.1388888888888889,0.004162269471918553,0.5993703313653459,0.4032647494349622,0.5876130144643505,,,POINT (NaN NaN),GBR
1234,1234,0.012103951584193664,0.08678885227479033,0.04232711255578483,0.0008254105502273488,3.133990630639719e-07,149.69809161426883,0.20430107526881722,0.004162269471918553,0.5993703313653459,0.4032647494349622,0.5876130144643505,,,POINT (NaN NaN),GBR
1235,1235,0.009611961552153792,0.08678885227479033,0.043262044564187,0.00995125194092084,2.574019157580507e-07,152.09094875712628,0.4199134199134199,0.004162269471918553,0.5993703313653459,0.4032647494349622,0.5876130144643505,,,POINT (NaN NaN),GBR
1236,1236,0.006051975792096832,0.08678885227479033,0.042429101758471414,0.000328949470940098,4.2200728792189166e-07,150.69809161426886,0.38235294117647056,0.004162269471918553,0.5993703313653459,0.4032647494349622,0.5876130144643505,,,POINT (NaN NaN),GBR
1237,1237,0.008543965824136704,0.08678885227479033,0.05131722812695991,0.00049101316535196,1.2740888034906599e-06,180.88388000887878,0.32971014492753625,0.004162269471918553,0.5993703313653459,0.4032647494349622,0.5876130144643505,,,POINT (NaN NaN),GBR
1238,1238,0.004627981488074048,0.08678885227479033,0.04658928873449915,0.00029883486427614636,1.1862492659917014e-06,147.7537212787218,0.0641025641025641,0.004162269471918553,0.5993703313653459,0.4032647494349622,0.5876130144643505,,,POINT (NaN NaN),GBR
1239,1239,0.009967960128159488,0.08678885227479033,0.04414619962879372,0.00984218633124202,2.363207952865357e-07,158.62428209045956,0.26461538461538464,0.004162269471918553,0.5993703313653459,0.4032647494349622,0.5876130144643505,,,POINT (NaN NaN),GBR
1240,1240,0.005695977216091136,0.08678885227479033,0.038802032610019466,0.0001925630035968993,3.304907145030184e-08,136.38935810921072,0.31868131868131866,0.004162269471918553,0.5993703313653459,0.4032647494349622,0.5876130144643505,,,POINT (NaN NaN),GBR
1241,1241,0.003203987184051264,0.08678885227479033,0.049040788966955656,0.00022214228803556246,2.7015480240450574e-05,155.611191586191,0.1388888888888889,0.004162269471918553,0.5993703313653459,0.4032647494349622,0.5876130144643505,,,POINT (NaN NaN),GBR
1242,1242,0.002847988608045568,0.08678885227479033,0.046287621867056386,8.251139678831988e-05,3.845889380491376e-05,150.6896131646129,0.17857142857142858,0.004162269471918553,0.5993703313653459,0.4032647494349622,0.5876130144643505,,,POINT (NaN NaN),GBR
1243,1243,0.003203987184051264,0.08678885227479033,0.0,0.0,2.4946305565830578e-23,0.0,0.16666666666666666,0.004162269471918553,0.5993703313653459,0.4032647494349622,0.5876130144643505,,,POINT (NaN NaN),GBR
1244,1244,0.00533997864008544,0.08678885227479033,0.04336273468128598,0.0009621272142412207,2.975230123602026e-07,152.12428209045962,0.42857142857142855,0.004162269471918553,0.5993703313653459,0.4032647494349622,0.5876130144643505,,,POINT (NaN NaN),GBR
1245,1245,0.001067995728017088,0.08678885227479033,0.036189254663644366,6.977169302399602e-06,2.777151776100837e-06,112.21414973914997,0.0,0.004162269471918553,0.5993703313653459,0.4032647494349622,0.5876130144643505,,,POINT (NaN NaN),GBR
1246,1246,0.004627981488074048,0.08678885227479033,0.03605805290226103,2.790663338175191e-06,1.2324081820504763e-08,117.54650096635368,0.4,0.004162269471918553,0.5993703313653459,0.4032647494349622,0.5876130144643505,,,POINT (NaN NaN),GBR
1247,1247,0.014595941616233536,0.08678885227479033,0.0414946961586806,0.0006218792244908712,1.8066684133813073e-07,143.96237732855434,0.22916666666666666,0.004162269471918553,0.5993703313653459,0.4032647494349622,0.5876130144643505,,,POINT (NaN NaN),GBR
1248,1248,0.00355998576005696,0.08678885227479033,0.04765711035987842,7.683042283563873e-05,1.5184761804211636e-06,153.81364191364216,0.06666666666666667,0.004162269471918553,0.5993703313653459,0.4032647494349622,0.5876130144643505,,,POINT (NaN NaN),GBR
1249,1249,0.000711997152011392,0.08678885227479033,0.0,0.0,2.4946305565830578e-23,0.0,0.0,0.004162269471918553,0.5993703313653459,0.4032647494349622,0.5876130144643505,,,POINT (NaN NaN),GBR
1250,1250,0.002491990032039872,0.08678885227479033,0.04851893844325982,7.817698844678225e-05,4.6216129202727265e-05,157.46282606282531,0.09523809523809523,0.004162269471918553,0.5993703313653459,0.4032647494349622,0.5876130144643505,,,POINT (NaN NaN),GBR
1251,1251,0.000711997152011392,0.08678885227479033,0.04365415885529805,7.96876451895992e-06,3.8554074900847823e-07,134.33846153846216,0.0,0.004162269471918553,0.5993703313653459,0.4032647494349622,0.5876130144643505,,,POINT (NaN NaN),GBR
1252,1252,0.006763972944108224,0.08678885227479033,0.051211550886357406,0.0006535693888698299,2.0749405968738946e-06,177.67197524697406,0.27485380116959063,0.004162269471918553,0.5993703313653459,0.4032647494349622,0.5876130144643505,,,POINT (NaN NaN),GBR
1253,1253,0.003915984336062656,0.08678885227479033,0.03752774994178925,6.544184598241613e-08,1.2318773139897743e-08,124.13935810921055,0.7454545454545455,0.004162269471918553,0.5993703313653459,0.4032647494349622,0.5876130144643505,,,POINT (NaN NaN),GBR
1254,1254,0.001067995728017088,0.08678885227479033,0.04236901603880536,3.7194070683916055e-06,3.831434513251074e-07,130.7690642690648,0.0,0.004162269471918553,0.5993703313653459,0.4032647494349622,0.5876130144643505,,,POINT (NaN NaN),GBR
1255,1255,0.009611961552153792,0.08678885227479033,0.04842009746471909,0.0005193271723279929,1.1357149319111085e-06,172.2552891552887,0.5156695156695157,0.004162269471918553,0.5993703313653459,0.4032647494349622,0.5876130144643505,,,POINT (NaN NaN),GBR
1256,1256,0.004271982912068352,0.08678885227479033,0.052824277759492735,0.0003226500771410331,3.485797927569064e-05,170.60541958041816,0.12121212121212122,0.004162269471918553,0.5993703313653459,0.4032647494349622,0.5876130144643505,,,POINT (NaN NaN),GBR
1257,1257,0.001423994304022784,0.08678885227479033,0.04453926054310554,1.630974866422754e-05,9.767778615410556e-07,138.5836996337003,0.0,0.004162269471918553,0.5993703313653459,0.4032647494349622,0.5876130144643505,,,POINT (NaN NaN),GBR
1258,1258,0.006407974368102528,0.08678885227479033,0.03858499934421315,0.0010957892960116746,2.074960770859543e-08,132.97269144254386,0.4411764705882353,0.004162269471918553,0.5993703313653459,0.4032647494349622,0.5876130144643505,,,POINT (NaN NaN),GBR
1259,1259,0.003203987184051264,0.08678885227479033,0.04838871061755551,0.00027942383875627044,1.2795793690200313e-06,156.83070540570557,0.027777777777777776,0.004162269471918553,0.5993703313653459,0.4032647494349622,0.5876130144643505,,,POINT (NaN NaN),GBR
1260,1260,0.002491990032039872,0.08678885227479033,0.051490069665027866,0.000776073474078204,3.3585529466852704e-05,163.5939477189466,0.19047619047619047,0.004162269471918553,0.5993703313653459,0.4032647494349622,0.5876130144643505,,,POINT (NaN NaN),GBR
1261,1261,0.006051975792096832,0.08678885227479033,0.041445297710872644,1.2663205038745965e-05,9.802954148667624e-08,141.29571066188765,0.8666666666666667,0.004162269471918553,0.5993703313653459,0.4032647494349622,0.5876130144643505,,,POINT (NaN NaN),GBR
1262,1262,0.00355998576005696,0.08678885227479033,0.050491733251824544,0.000167663649258793,3.589455810823971e-06,164.05967365967263,0.044444444444444446,0.004162269471918553,0.5993703313653459,0.4032647494349622,0.5876130144643505,,,POINT (NaN NaN),GBR
1263,1263,0.002491990032039872,0.08678885227479033,0.044023665162706734,0.0010654595984677057,0.00016375417439163409,142.80171772671747,0.19047619047619047,0.004162269471918553,0.5993703313653459,0.4032647494349622,0.5876130144643505,,,POINT (NaN NaN),GBR
1264,1264,0.003203987184051264,0.08678885227479033,0.04252386726493704,3.856576509877646e-05,3.0337374478602484e-07,145.45761542379287,0.6111111111111112,0.004162269471918553,0.5993703313653459,0.4032647494349622,0.5876130144643505,,,POINT (NaN NaN),GBR
1265,1265,0.004271982912068352,0.08678885227479033,0.051601852881126016,0.00028145803233979317,3.787374132245525e-06,167.91800699300572,0.09090909090909091,0.004162269471918553,0.5993703313653459,0.4032647494349622,0.5876130144643505,,,POINT (NaN NaN),GBR
1266,1266,0.005695977216091136,0.08678885227479033,0.03608920187677922,1.0397215605163963e-05,2.6584821213427807e-08,119.379834299687,0.6666666666666666,0.004162269471918553,0.5993703313653459,0.4032647494349622,0.5876130144643505,,,POINT (NaN NaN),GBR
1267,1267,0.008187967248131008,0.08678885227479033,0.05134311742003822,2.103463456959781e-05,2.184478879781429e-06,182.42197524697386,0.3952569169960474,0.004162269471918553,0.5993703313653459,0.4032647494349622,0.5876130144643505,,,POINT (NaN NaN),GBR
1268,1268,0.00355998576005696,0.08678885227479033,0.051813470133551434,0.0003058773826331554,2.2730983253560597e-05,165.88204295704173,0.044444444444444446,0.004162269471918553,0.5993703313653459,0.4032647494349622,0.5876130144643505,,,POINT (NaN NaN),GBR
1269,1269,0.00177999288002848,0.08678885227479033,0.04624403375311006,8.134443102539231e-05,8.20897509577026e-07,145.15891608391672,0.1,0.004162269471918553,0.5993703313653459,0.4032647494349622,0.5876130144643505,,,POINT (NaN NaN),GBR
1270,1270,0.006051975792096832,0.08678885227479033,0.05092808733785681,0.0001190202404976548,1.2109055674221516e-06,176.75530858030746,0.3088235294117647,0.004162269471918553,0.5993703313653459,0.4032647494349622,0.5876130144643505,,,POINT (NaN NaN),GBR
1271,1271,0.00355998576005696,0.08678885227479033,0.04235285897461439,0.00021445912637108635,3.831434513251074e-07,130.67815517815575,0.15555555555555556,0.004162269471918553,0.5993703313653459,0.4032647494349622,0.5876130144643505,,,POINT (NaN NaN),GBR
1272,1272,0.006407974368102528,0.08678885227479033,0.041396016738564835,1.9709505662795087e-05,6.225368573444802e-08,140.57904399522093,0.8666666666666667,0.004162269471918553,0.5993703313653459,0.4032647494349622,0.5876130144643505,,,POINT (NaN NaN),GBR
1273,1273,0.007831968672125312,0.08678885227479033,0.04142064256648783,1.2087824727349111e-06,2.0306911704530226e-07,140.79571066188763,0.7523809523809524,0.004162269471918553,0.5993703313653459,0.4032647494349622,0.5876130144643505,,,POINT (NaN NaN),GBR
1274,1274,0.0088999644001424,0.08678885227479033,0.041486454908202214,6.482253441722668e-05,1.8158841078031936e-07,143.46237732855434,0.5735294117647058,0.004162269471918553,0.5993703313653459,0.4032647494349622,0.5876130144643505,,,POINT (NaN NaN),GBR
1275,1275,0.006763972944108224,0.08678885227479033,0.04941667860487299,0.002515123266265064,1.5293174839689211e-06,157.09452214452196,0.30409356725146197,0.004162269471918553,0.5993703313653459,0.4032647494349622,0.5876130144643505,,,POINT (NaN NaN),GBR
1276,1276,0.004983980064079744,0.08678885227479033,0.04831142936097229,2.2450923158936376e-05,6.666414554440539e-07,167.8386224886224,0.4175824175824176,0.004162269471918553,0.5993703313653459,0.4032647494349622,0.5876130144643505,,,POINT (NaN NaN),GBR
1277,1277,0.005695977216091136,0.08678885227479033,0.045797917224906406,0.00045269435734054134,2.6786784158827934e-07,147.6501304251312,0.20833333333333334,0.004162269471918553,0.5993703313653459,0.4032647494349622,0.5876130144643505,,,POINT (NaN NaN),GBR
1278,1278,0.004983980064079744,0.08678885227479033,0.042577313588014296,8.530669199117347e-07,3.26122148878445e-07,147.84094875712626,0.9272727272727272,0.004162269471918553,0.5993703313653459,0.4032647494349622,0.5876130144643505,,,POINT (NaN NaN),GBR
1279,1279,0.018155927376290494,0.08678885227479033,0.048555160498093476,0.003740050768410643,1.1916173913584178e-06,175.33862248862178,0.4116059379217274,0.004162269471918553,0.5993703313653459,0.4032647494349622,0.5876130144643505,,,POINT (NaN NaN),GBR
1280,1280,0.000711997152011392,0.08678885227479033,0.0,0.0,2.4946305565830578e-23,0.0,1.0,0.004162269471918553,0.5993703313653459,0.4032647494349622,0.5876130144643505,,,POINT (NaN NaN),GBR
1281,1281,0.002491990032039872,0.08678885227479033,0.050020186892432504,0.0003452237643018756,2.2593646549719517e-05,160.32984237984138,0.09523809523809523,0.004162269471918553,0.5993703313653459,0.4032647494349622,0.5876130144643505,,,POINT (NaN NaN),GBR
1282,1282,0.004271982912068352,0.08678885227479033,0.04137961578106143,8.386067702509572e-06,8.8390958880556e-08,139.91237732855424,0.8055555555555556,0.004162269471918553,0.5993703313653459,0.4032647494349622,0.5876130144643505,,,POINT (NaN NaN),GBR
1283,1283,0.003203987184051264,0.08678885227479033,0.04593771578850951,4.5571594442620434e-05,2.818389669179978e-07,148.9656066156074,0.1388888888888889,0.004162269471918553,0.5993703313653459,0.4032647494349622,0.5876130144643505,,,POINT (NaN NaN),GBR
1284,1284,0.014595941616233536,0.08678885227479033,0.04844255576595504,0.0004749949016761097,1.5355353784209177e-06,172.95528915528865,0.5161290322580645,0.004162269471918553,0.5993703313653459,0.4032647494349622,0.5876130144643505,,,POINT (NaN NaN),GBR
1285,1285,0.005695977216091136,0.08678885227479033,0.054425299755809835,0.0009229301342728989,9.884129796238286e-06,185.75563325563115,0.08333333333333333,0.004162269471918553,0.5993703313653459,0.4032647494349622,0.5876130144643505,,,POINT (NaN NaN),GBR
1286,1286,0.006051975792096832,0.08678885227479033,0.03855118251744346,0.0008616610705059442,1.727102484828107e-08,131.47269144254383,0.4175824175824176,0.004162269471918553,0.5993703313653459,0.4032647494349622,0.5876130144643505,,,POINT (NaN NaN),GBR
1287,1287,0.006051975792096832,0.08678885227479033,0.04836404270960827,9.400305866749122e-05,1.092335724787542e-06,170.58862248862215,0.6323529411764706,0.004162269471918553,0.5993703313653459,0.4032647494349622,0.5876130144643505,,,POINT (NaN NaN),GBR
1288,1288,0.01245995016019936,0.08678885227479033,0.04151118848624764,0.0002544120862551306,2.2441282034911595e-07,144.96237732855437,0.6198830409356725,0.004162269471918553,0.5993703313653459,0.4032647494349622,0.5876130144643505,,,POINT (NaN NaN),GBR
1289,1289,0.019223923104307584,0.08678885227479033,0.04752771341588126,0.0005549744578691665,1.5409454285508996e-06,171.4370102120099,0.44399460188933876,0.004162269471918553,0.5993703313653459,0.4032647494349622,0.5876130144643505,,,POINT (NaN NaN),GBR
1290,1290,0.020291918832324674,0.08678885227479033,0.04777774484510479,0.001717881657907506,3.4102048627733907e-06,170.07748640248607,0.3516908212560386,0.004162269471918553,0.5993703313653459,0.4032647494349622,0.5876130144643505,,,POINT (NaN NaN),GBR
1291,1291,0.019223923104307584,0.08678885227479033,0.055776849255753845,0.006170066561239402,2.106278986340174e-05,201.8791181041156,0.31007751937984496,0.004162269471918553,0.5993703313653459,0.4032647494349622,0.5876130144643505,,,POINT (NaN NaN),GBR
1292,1292,0.01673193307226771,0.08678885227479033,0.04280415993090125,0.0001426288299369318,6.619597316379048e-07,153.42428209045963,0.47058823529411764,0.004162269471918553,0.5993703313653459,0.4032647494349622,0.5876130144643505,,,POINT (NaN NaN),GBR
1293,1293,0.011747953008187968,0.08678885227479033,0.041486454908202214,0.00034451622206943197,2.573546362778307e-07,144.46237732855437,0.5285714285714286,0.004162269471918553,0.5993703313653459,0.4032647494349622,0.5876130144643505,,,POINT (NaN NaN),GBR
1294,1294,0.015307938768244928,0.08678885227479033,0.04282170981197174,0.00012473871990387712,7.201029135165429e-07,154.42428209045966,0.5661375661375662,0.004162269471918553,0.5993703313653459,0.4032647494349622,0.5876130144643505,,,POINT (NaN NaN),GBR
1295,1295,0.017087931648273408,0.08678885227479033,0.047538529918706905,0.0003017141296774356,1.5332570316925336e-06,171.93701021200988,0.49411764705882355,0.004162269471918553,0.5993703313653459,0.4032647494349622,0.5876130144643505,,,POINT (NaN NaN),GBR
1296,1296,0.01423994304022784,0.08678885227479033,0.04697195872786106,5.498196137546418e-05,1.3541815541642129e-06,161.63701021201058,0.535483870967742,0.004162269471918553,0.5993703313653459,0.4032647494349622,0.5876130144643505,,,POINT (NaN NaN),GBR
1297,1297,0.023495906016375936,0.08678885227479033,0.04936995992975612,0.0027217258616858194,5.4963844068164694e-06,183.33862248862104,0.3484042553191489,0.004162269471918553,0.5993703313653459,0.4032647494349622,0.5876130144643505,,,POINT (NaN NaN),GBR
1298,1298,0.015663937344250624,0.08678885227479033,0.042830490150255925,0.0004440057833452515,8.003881669287306e-07,154.92428209045966,0.4415322580645161,0.004162269471918553,0.5993703313653459,0.4032647494349622,0.5876130144643505,,,POINT (NaN NaN),GBR
1299,1299,0.009611961552153792,0.08678885227479033,0.04265556472591345,0.00010547363833967508,4.233799897477763e-07,151.59094875712628,0.6052631578947368,0.004162269471918553,0.5993703313653459,0.4032647494349622,0.5876130144643505,,,POINT (NaN NaN),GBR
1300,1300,0.006051975792096832,0.08678885227479033,0.04700366797092668,3.925050058053395e-07,1.708494460794374e-06,161.3870102120106,0.7555555555555555,0.004162269471918553,0.5993703313653459,0.4032647494349622,0.5876130144643505,,,POINT (NaN NaN),GBR
1301,1301,0.015663937344250624,0.08678885227479033,0.049841159738200455,0.00035446456886030465,6.25836887464537e-06,182.038622488621,0.466966966966967,0.004162269471918553,0.5993703313653459,0.4032647494349622,0.5876130144643505,,,POINT (NaN NaN),GBR
1302,1302,0.005695977216091136,0.08678885227479033,0.046887609531492284,1.2908599650113916e-07,7.962867541948285e-07,158.3036768786775,0.8791208791208791,0.004162269471918553,0.5993703313653459,0.4032647494349622,0.5876130144643505,,,POINT (NaN NaN),GBR
1303,1303,0.009967960128159488,0.08678885227479033,0.04874779474044297,0.0003835936703931709,6.549358687893065e-06,176.75962925962818,0.5964912280701754,0.004162269471918553,0.5993703313653459,0.4032647494349622,0.5876130144643505,,,POINT (NaN NaN),GBR
1304,1304,0.009611961552153792,0.08678885227479033,0.047024831261323306,3.7193041849671163e-05,1.342352817585208e-06,162.38701021201052,0.5353846153846153,0.004162269471918553,0.5993703313653459,0.4032647494349622,0.5876130144643505,,,POINT (NaN NaN),GBR
1305,1305,0.013527945888216448,0.08678885227479033,0.054171239746576276,0.0014199623043002747,1.0104631913634604e-05,191.98030858030648,0.46153846153846156,0.004162269471918553,0.5993703313653459,0.4032647494349622,0.5876130144643505,,,POINT (NaN NaN),GBR
1306,1306,0.014951940192239232,0.08678885227479033,0.04741981849325724,0.0009991499790016174,1.3476744801942621e-06,169.1036768786768,0.5182795698924731,0.004162269471918553,0.5993703313653459,0.4032647494349622,0.5876130144643505,,,POINT (NaN NaN),GBR
1307,1307,0.007831968672125312,0.08678885227479033,0.04882755971547409,3.7058137199588086e-05,3.786438562182146e-06,173.00528915528844,0.6631578947368421,0.004162269471918553,0.5993703313653459,0.4032647494349622,0.5876130144643505,,,POINT (NaN NaN),GBR
1308,1308,0.009255962976148096,0.08678885227479033,0.04875917377749723,0.0003196677736331957,7.164525518832898e-06,175.59296259296164,0.7166666666666667,0.004162269471918553,0.5993703313653459,0.4032647494349622,0.5876130144643505,,,POINT (NaN NaN),GBR
1309,1309,0.014951940192239232,0.08678885227479033,0.04740905593799322,0.00038608594890520397,3.040231463293958e-06,167.53701021201013,0.48095238095238096,0.004162269471918553,0.5993703313653459,0.4032647494349622,0.5876130144643505,,,POINT (NaN NaN),GBR
1310,1310,0.007831968672125312,0.08678885227479033,0.04743058593614853,1.787722752495158e-05,5.443661276103189e-06,166.77034354534345,0.725,0.004162269471918553,0.5993703313653459,0.4032647494349622,0.5876130144643505,,,POINT (NaN NaN),GBR
1311,1311,0.011747953008187968,0.08678885227479033,0.049876862574689144,0.01725861819007943,7.901185483171483e-06,183.20528915528757,0.4312169312169312,0.004162269471918553,0.5993703313653459,0.4032647494349622,0.5876130144643505,,,POINT (NaN NaN),GBR
1312,1312,0.006407974368102528,0.08678885227479033,0.050749344135762424,4.897497719795483e-05,7.472288151448155e-06,180.04419746919584,0.6013071895424836,0.004162269471918553,0.5993703313653459,0.4032647494349622,0.5876130144643505,,,POINT (NaN NaN),GBR
1313,1313,0.007831968672125312,0.08678885227479033,0.0481744235384682,1.6940195785929722e-05,6.1292530198162525e-06,170.2358197358192,0.6608187134502924,0.004162269471918553,0.5993703313653459,0.4032647494349622,0.5876130144643505,,,POINT (NaN NaN),GBR
1314,1314,0.009255962976148096,0.08678885227479033,0.05088533507010917,0.00021103665397841778,1.2061195480071397e-05,183.2608641358623,0.5333333333333333,0.004162269471918553,0.5993703313653459,0.4032647494349622,0.5876130144643505,,,POINT (NaN NaN),GBR
1315,1315,0.002135991456034176,0.08678885227479033,0.007183732459100015,6.5925662223277025e-06,2.1681853193910167e-12,23.416666666666657,0.2,0.004162269471918553,0.5993703313653459,0.4032647494349622,0.5876130144643505,,,POINT (NaN NaN),GBR
1316,1316,0.001067995728017088,0.08678885227479033,0.0012714234857346286,0.0,4.171271753662531e-19,4.0,0.3333333333333333,0.004162269471918553,0.5993703313653459,0.4032647494349622,0.5876130144643505,,,POINT (NaN NaN),GBR
1317,1317,0.001423994304022784,0.08678885227479033,0.0057845157220407385,0.0,4.808760224323181e-13,19.000000000000004,0.8333333333333334,0.004162269471918553,0.5993703313653459,0.4032647494349622,0.5876130144643505,,,POINT (NaN NaN),GBR
1318,1318,0.001067995728017088,0.08678885227479033,0.000355998576005696,4.226003988671604e-08,3.2430197235579753e-22,1.0,0.6666666666666666,0.004162269471918553,0.5993703313653459,0.4032647494349622,0.5876130144643505,,,POINT (NaN NaN),GBR
1319,1319,0.00177999288002848,0.08678885227479033,0.000711997152011392,4.226003988671604e-08,4.0834607580708076e-19,2.0,0.6666666666666666,0.004162269471918553,0.5993703313653459,0.4032647494349622,0.5876130144643505,,,POINT (NaN NaN),GBR
1320,1320,0.001067995728017088,0.08678885227479033,0.000711997152011392,1.6904015954686417e-07,2.2701138064905823e-21,2.0,0.3333333333333333,0.004162269471918553,0.5993703313653459,0.4032647494349622,0.5876130144643505,,,POINT (NaN NaN),GBR
1321,1321,0.000711997152011392,0.08678885227479033,0.0,0.0,2.4946305565830578e-23,0.0,0.0,0.004162269471918553,0.5993703313653459,0.4032647494349622,0.5876130144643505,,,POINT (NaN NaN),GBR
1322,1322,0.003915984336062656,0.08678885227479033,0.055098670423524045,0.029974955224581486,0.0007086894702639312,188.52225552225417,0.10909090909090909,0.004162269471918553,0.5993703313653459,0.4032647494349622,0.5876130144643505,,,POINT (NaN NaN),GBR
1323,1323,0.004627981488074048,0.08678885227479033,0.04552569123056841,0.029606821811609913,0.0006981550830900167,148.9850510600502,0.10256410256410256,0.004162269471918553,0.5993703313653459,0.4032647494349622,0.5876130144643505,,,POINT (NaN NaN),GBR
1324,1324,0.004271982912068352,0.08678885227479033,0.055406976250079086,0.0004670330476757625,2.5754765938709617e-05,182.03557831057643,0.09090909090909091,0.004162269471918553,0.5993703313653459,0.4032647494349622,0.5876130144643505,,,POINT (NaN NaN),GBR
1325,1325,0.00355998576005696,0.08678885227479033,0.05351890865047351,3.435069245973208e-05,2.541116068893918e-05,175.24113386613217,0.1111111111111111,0.004162269471918553,0.5993703313653459,0.4032647494349622,0.5876130144643505,,,POINT (NaN NaN),GBR
1326,1326,0.004627981488074048,0.08678885227479033,0.04552569123056841,0.002018788681326056,0.0006981550830900167,148.9850510600502,0.08974358974358974,0.004162269471918553,0.5993703313653459,0.4032647494349622,0.5876130144643505,,,POINT (NaN NaN),GBR
1327,1327,0.002491990032039872,0.08678885227479033,0.05270862994266922,9.061098973452151e-05,1.325491223247533e-05,169.72093184593027,0.3333333333333333,0.004162269471918553,0.5993703313653459,0.4032647494349622,0.5876130144643505,,,POINT (NaN NaN),GBR
1328,1328,0.00355998576005696,0.08678885227479033,0.05237820974493434,0.0001697909455448071,1.1518165051768443e-05,173.0116577866563,0.13333333333333333,0.004162269471918553,0.5993703313653459,0.4032647494349622,0.5876130144643505,,,POINT (NaN NaN),GBR
1329,1329,0.002491990032039872,0.08678885227479033,0.051627360470291185,0.0007382219361046776,7.99750704969558e-06,166.29214119214,0.09523809523809523,0.004162269471918553,0.5993703313653459,0.4032647494349622,0.5876130144643505,,,POINT (NaN NaN),GBR
1330,1330,0.004983980064079744,0.08678885227479033,0.04600611705080061,0.0010685122090880186,0.0005769837908772455,151.3517177267168,0.08791208791208792,0.004162269471918553,0.5993703313653459,0.4032647494349622,0.5876130144643505,,,POINT (NaN NaN),GBR
1331,1331,0.001423994304022784,0.08678885227479033,0.04982927014856826,1.4466737081690008e-06,3.5346869519021384e-06,158.31003441003375,0.0,0.004162269471918553,0.5993703313653459,0.4032647494349622,0.5876130144643505,,,POINT (NaN NaN),GBR
1332,1332,0.002847988608045568,0.08678885227479033,0.05022464545871559,9.364820629240702e-05,9.584907803747078e-06,170.10491175491057,0.2857142857142857,0.004162269471918553,0.5993703313653459,0.4032647494349622,0.5876130144643505,,,POINT (NaN NaN),GBR
1333,1333,0.005695977216091136,0.08678885227479033,0.05321893005421609,0.0036860788648874873,4.450294569283701e-05,174.31115551115371,0.1,0.004162269471918553,0.5993703313653459,0.4032647494349622,0.5876130144643505,,,POINT (NaN NaN),GBR
1334,1334,0.002135991456034176,0.08678885227479033,0.050455145039323225,7.864154732520973e-05,8.15710196571502e-06,163.45408202908104,0.2,0.004162269471918553,0.5993703313653459,0.4032647494349622,0.5876130144643505,,,POINT (NaN NaN),GBR
1335,1335,0.001067995728017088,0.08678885227479033,0.05151277446678129,5.860277310994231e-06,7.246796841906084e-06,165.22666500166386,0.0,0.004162269471918553,0.5993703313653459,0.4032647494349622,0.5876130144643505,,,POINT (NaN NaN),GBR
1336,1336,0.005695977216091136,0.08678885227479033,0.05974951386235644,0.0007966438280973302,0.0001603246064983357,204.22724497724337,0.10833333333333334,0.004162269471918553,0.5993703313653459,0.4032647494349622,0.5876130144643505,,,POINT (NaN NaN),GBR
1337,1337,0.00533997864008544,0.08678885227479033,0.053739207734190414,0.00018838906911421998,2.2455139909541266e-05,184.12792762792543,0.24761904761904763,0.004162269471918553,0.5993703313653459,0.4032647494349622,0.5876130144643505,,,POINT (NaN NaN),GBR
1338,1338,0.00533997864008544,0.08678885227479033,0.052234133649111815,5.777679850345233e-05,1.305375196431237e-05,174.74499111998944,0.5333333333333333,0.004162269471918553,0.5993703313653459,0.4032647494349622,0.5876130144643505,,,POINT (NaN NaN),GBR
1339,1339,0.01067995728017088,0.08678885227479033,0.05482527571202051,0.0007413964366673228,5.583179684753275e-05,198.9445942945918,0.3586206896551724,0.004162269471918553,0.5993703313653459,0.4032647494349622,0.5876130144643505,,,POINT (NaN NaN),GBR
1340,1340,0.008543965824136704,0.08678885227479033,0.054439484092467585,0.00010527372917412235,1.466662534290455e-05,186.85530858030637,0.477124183006536,0.004162269471918553,0.5993703313653459,0.4032647494349622,0.5876130144643505,,,POINT (NaN NaN),GBR
1341,1341,0.003915984336062656,0.08678885227479033,0.05671580246071087,0.0008895706951127244,0.00012199905532211418,192.69470529470306,0.16363636363636364,0.004162269471918553,0.5993703313653459,0.4032647494349622,0.5876130144643505,,,POINT (NaN NaN),GBR
1342,1342,0.001067995728017088,0.08678885227479033,0.051691239906656306,5.657174458534506e-06,1.1517227926307858e-05,166.06079476079327,0.0,0.004162269471918553,0.5993703313653459,0.4032647494349622,0.5876130144643505,,,POINT (NaN NaN),GBR
1343,1343,0.00355998576005696,0.08678885227479033,0.060845994891581164,0.0001744550732942229,0.00020825755179293003,206.1946692196676,0.13333333333333333,0.004162269471918553,0.5993703313653459,0.4032647494349622,0.5876130144643505,,,POINT (NaN NaN),GBR
1344,1344,0.003203987184051264,0.08678885227479033,0.059426543517154526,0.00017089985298072446,0.00013801162617278653,200.80819735819568,0.08333333333333333,0.004162269471918553,0.5993703313653459,0.4032647494349622,0.5876130144643505,,,POINT (NaN NaN),GBR
1345,1345,0.0088999644001424,0.08678885227479033,0.05549529767874552,0.00018479662749931736,4.969437431893037e-05,198.26840381840145,0.28,0.004162269471918553,0.5993703313653459,0.4032647494349622,0.5876130144643505,,,POINT (NaN NaN),GBR
1346,1346,0.004627981488074048,0.08678885227479033,0.054143157196163326,7.733816645068955e-05,2.634167505225073e-05,184.38182373182164,0.11538461538461539,0.004162269471918553,0.5993703313653459,0.4032647494349622,0.5876130144643505,,,POINT (NaN NaN),GBR
1347,1347,0.003203987184051264,0.08678885227479033,0.056333414364292914,8.49707871691687e-05,6.760888032526591e-05,189.48442390942202,0.05555555555555555,0.004162269471918553,0.5993703313653459,0.4032647494349622,0.5876130144643505,,,POINT (NaN NaN),GBR
1348,1348,0.013171947312210752,0.08678885227479033,0.05571733808023423,0.0003563961782254899,8.399969146829454e-05,204.6350704850681,0.30930930930930933,0.004162269471918553,0.5993703313653459,0.4032647494349622,0.5876130144643505,,,POINT (NaN NaN),GBR
1349,1349,0.008187967248131008,0.08678885227479033,0.05367016969753292,0.00014267952575486013,2.8111968723248095e-05,186.46126096125874,0.3557312252964427,0.004162269471918553,0.5993703313653459,0.4032647494349622,0.5876130144643505,,,POINT (NaN NaN),GBR
1350,1350,0.002491990032039872,0.08678885227479033,0.05704104327220048,1.1226593050956853e-05,0.00012384949124704195,192.50942390942205,0.14285714285714285,0.004162269471918553,0.5993703313653459,0.4032647494349622,0.5876130144643505,,,POINT (NaN NaN),GBR
1351,1351,0.002491990032039872,0.08678885227479033,0.057591480690046354,6.293852503821462e-05,6.11517586248269e-05,193.23399100898905,0.0,0.004162269471918553,0.5993703313653459,0.4032647494349622,0.5876130144643505,,,POINT (NaN NaN),GBR
1352,1352,0.00711997152011392,0.08678885227479033,0.0606164539938474,0.0016302103426044548,0.0002731273365079343,213.79470529470342,0.26842105263157895,0.004162269471918553,0.5993703313653459,0.4032647494349622,0.5876130144643505,,,POINT (NaN NaN),GBR
1353,1353,0.008543965824136704,0.08678885227479033,0.06343282734977168,0.0006276756098393271,0.0004080328568396179,221.41649461649348,0.2246376811594203,0.004162269471918553,0.5993703313653459,0.4032647494349622,0.5876130144643505,,,POINT (NaN NaN),GBR
1354,1354,0.00533997864008544,0.08678885227479033,0.05963011717464977,0.0016118576907412031,0.00016370956029086947,203.27724497724336,0.17142857142857143,0.004162269471918553,0.5993703313653459,0.4032647494349622,0.5876130144643505,,,POINT (NaN NaN),GBR
1355,1355,0.008543965824136704,0.08678885227479033,0.0633943248749008,0.00018156212292360656,0.0004252066421905367,220.88316128316015,0.2028985507246377,0.004162269471918553,0.5993703313653459,0.4032647494349622,0.5876130144643505,,,POINT (NaN NaN),GBR
1356,1356,0.004271982912068352,0.08678885227479033,0.058298716288807735,0.0014958301514914475,9.021442060163395e-05,197.52248307248126,0.18181818181818182,0.004162269471918553,0.5993703313653459,0.4032647494349622,0.5876130144643505,,,POINT (NaN NaN),GBR
1357,1357,0.002135991456034176,0.08678885227479033,0.05358755784063575,3.62234796872276e-05,1.707556824213687e-05,172.70109057608894,0.06666666666666667,0.004162269471918553,0.5993703313653459,0.4032647494349622,0.5876130144643505,,,POINT (NaN NaN),GBR
1358,1358,0.005695977216091136,0.08678885227479033,0.06316428801415123,1.0608059510554424e-05,0.0001856017576857105,217.36649461649336,0.2833333333333333,0.004162269471918553,0.5993703313653459,0.4032647494349622,0.5876130144643505,,,POINT (NaN NaN),GBR
1359,1359,0.025275898896404414,0.08678885227479033,0.05436863624747479,0.00020018211577142595,7.470043395670195e-05,195.94459429459187,0.6048309178743961,0.004162269471918553,0.5993703313653459,0.4032647494349622,0.5876130144643505,,,POINT (NaN NaN),GBR
1360,1360,0.001423994304022784,0.08678885227479033,0.051691239906656306,2.759665079358672e-05,1.1517227926307858e-05,166.06079476079327,0.0,0.004162269471918553,0.5993703313653459,0.4032647494349622,0.5876130144643505,,,POINT (NaN NaN),GBR
1361,1361,0.003203987184051264,0.08678885227479033,0.047819301388885904,0.0013645954595596648,0.0006391895419237699,159.53505106005,0.08333333333333333,0.004162269471918553,0.5993703313653459,0.4032647494349622,0.5876130144643505,,,POINT (NaN NaN),GBR
1362,1362,0.006051975792096832,0.08678885227479033,0.06364542975709876,0.0030957956462649623,0.0006793722405457347,219.49342046841937,0.04411764705882353,0.004162269471918553,0.5993703313653459,0.4032647494349622,0.5876130144643505,,,POINT (NaN NaN),GBR
1363,1363,0.004627981488074048,0.08678885227479033,0.05389171838565483,0.0003127281022972414,0.00011115114901544918,180.08283660783457,0.20512820512820512,0.004162269471918553,0.5993703313653459,0.4032647494349622,0.5876130144643505,,,POINT (NaN NaN),GBR
1364,1364,0.027767888928444288,0.08678885227479033,0.05485407049968439,0.002398248702746776,3.348362501332916e-05,195.77197524697286,0.44234800838574423,0.004162269471918553,0.5993703313653459,0.4032647494349622,0.5876130144643505,,,POINT (NaN NaN),GBR
1365,1365,0.01673193307226771,0.08678885227479033,0.05546582593276637,0.00017101319781882666,0.00010901790264868791,204.7850704850681,0.5454545454545454,0.004162269471918553,0.5993703313653459,0.4032647494349622,0.5876130144643505,,,POINT (NaN NaN),GBR
1366,1366,0.003203987184051264,0.08678885227479033,0.051159515175801654,2.783924828113935e-06,1.5030480066641908e-05,170.52475302475165,0.2222222222222222,0.004162269471918553,0.5993703313653459,0.4032647494349622,0.5876130144643505,,,POINT (NaN NaN),GBR
1367,1367,0.004627981488074048,0.08678885227479033,0.06104158400432441,2.0283044609065155e-05,0.00036887400147395544,209.02085969585818,0.20512820512820512,0.004162269471918553,0.5993703313653459,0.4032647494349622,0.5876130144643505,,,POINT (NaN NaN),GBR
1368,1368,0.013527945888216448,0.08678885227479033,0.0551873977444645,9.079736570498059e-05,9.415508704649727e-05,199.6350704850681,0.6841269841269841,0.004162269471918553,0.5993703313653459,0.4032647494349622,0.5876130144643505,,,POINT (NaN NaN),GBR
1369,1369,0.004271982912068352,0.08678885227479033,0.04019665006383963,0.00016370312628050446,6.964447093347796e-05,128.41966921966974,0.045454545454545456,0.004162269471918553,0.5993703313653459,0.4032647494349622,0.5876130144643505,,,POINT (NaN NaN),GBR
1370,1370,0.01245995016019936,0.08678885227479033,0.06207557220291178,0.0010579991505605968,0.00018470065876781877,220.13954656454533,0.5284090909090909,0.004162269471918553,0.5993703313653459,0.4032647494349622,0.5876130144643505,,,POINT (NaN NaN),GBR
1371,1371,0.013883944464222144,0.08678885227479033,0.05297598287162012,3.1760991685589537e-05,8.176446411276123e-05,193.7743561993536,0.6614509246088194,0.004162269471918553,0.5993703313653459,0.4032647494349622,0.5876130144643505,,,POINT (NaN NaN),GBR
1372,1372,0.02313990744037024,0.08678885227479033,0.06088146326516996,0.0035995411676905693,0.0006185479866947819,224.39907037406883,0.4253393665158371,0.004162269471918553,0.5993703313653459,0.4032647494349622,0.5876130144643505,,,POINT (NaN NaN),GBR
1373,1373,0.02385190459238163,0.08678885227479033,0.05394739164844993,0.00279482952858161,6.297011546155549e-05,196.16840381840117,0.580338266384778,0.004162269471918553,0.5993703313653459,0.4032647494349622,0.5876130144643505,,,POINT (NaN NaN),GBR
1374,1374,0.003915984336062656,0.08678885227479033,0.058104116957662905,9.442890061781581e-05,0.00032798084365887514,198.52010212010006,0.2,0.004162269471918553,0.5993703313653459,0.4032647494349622,0.5876130144643505,,,POINT (NaN NaN),GBR
1375,1375,0.02313990744037024,0.08678885227479033,0.05787871999523362,0.00018851658375854488,0.00012033974703705808,202.99827672327436,0.733615221987315,0.004162269471918553,0.5993703313653459,0.4032647494349622,0.5876130144643505,,,POINT (NaN NaN),GBR
1376,1376,0.034175863296546816,0.08678885227479033,0.053877818019808656,0.0027664377070062665,6.085277684393038e-05,194.1279276279253,0.41418650793650796,0.004162269471918553,0.5993703313653459,0.4032647494349622,0.5876130144643505,,,POINT (NaN NaN),GBR
1377,1377,0.002135991456034176,0.08678885227479033,0.04956912683027958,8.319945352697222e-09,1.1091711923209964e-05,164.30491175491102,0.9333333333333333,0.004162269471918553,0.5993703313653459,0.4032647494349622,0.5876130144643505,,,POINT (NaN NaN),GBR
1378,1378,0.003203987184051264,0.08678885227479033,0.045551283903651,8.326885706673463e-05,0.0005946542469862832,149.08505106005018,0.2222222222222222,0.004162269471918553,0.5993703313653459,0.4032647494349622,0.5876130144643505,,,POINT (NaN NaN),GBR
1379,1379,0.006407974368102528,0.08678885227479033,0.054538981844072625,5.2168800013636556e-06,6.294310139669598e-05,183.7248640248616,0.6013071895424836,0.004162269471918553,0.5993703313653459,0.4032647494349622,0.5876130144643505,,,POINT (NaN NaN),GBR
1380,1380,0.00355998576005696,0.08678885227479033,0.04019665006383963,0.00016073502920903088,6.964447093347796e-05,128.41966921966974,0.1111111111111111,0.004162269471918553,0.5993703313653459,0.4032647494349622,0.5876130144643505,,,POINT (NaN NaN),GBR
1381,1381,0.008543965824136704,0.08678885227479033,0.06227915935086409,9.500256811754062e-05,0.00036544411364787473,220.25621323121217,0.5978260869565217,0.004162269471918553,0.5993703313653459,0.4032647494349622,0.5876130144643505,,,POINT (NaN NaN),GBR
1382,1382,0.004983980064079744,0.08678885227479033,0.049709580961494165,0.0019980984649629,0.0010975537923412532,166.49378121878013,0.054945054945054944,0.004162269471918553,0.5993703313653459,0.4032647494349622,0.5876130144643505,,,POINT (NaN NaN),GBR
1383,1383,0.024207903168387328,0.08678885227479033,0.05521657426983826,0.00012165920737590404,9.754366373972503e-05,200.6350704850681,0.7420718816067653,0.004162269471918553,0.5993703313653459,0.4032647494349622,0.5876130144643505,,,POINT (NaN NaN),GBR
1384,1384,0.022783908864364544,0.08678885227479033,0.05752803648107908,0.00011586525798227448,0.00011614870152490888,202.56494338994105,0.7666666666666667,0.004162269471918553,0.5993703313653459,0.4032647494349622,0.5876130144643505,,,POINT (NaN NaN),GBR
1385,1385,0.010323958704165184,0.08678885227479033,0.05828244990591466,9.071093671334218e-05,0.00044476679439068597,207.72843545343352,0.49014778325123154,0.004162269471918553,0.5993703313653459,0.4032647494349622,0.5876130144643505,,,POINT (NaN NaN),GBR
1386,1386,0.01245995016019936,0.08678885227479033,0.049592663927539915,5.726110096147094e-07,2.8068649066548463e-05,173.45967365967243,0.8586956521739131,0.004162269471918553,0.5993703313653459,0.4032647494349622,0.5876130144643505,,,POINT (NaN NaN),GBR
1387,1387,0.004271982912068352,0.08678885227479033,0.04019665006383963,0.00016209071119386393,6.964447093347796e-05,128.41966921966974,0.10606060606060606,0.004162269471918553,0.5993703313653459,0.4032647494349622,0.5876130144643505,,,POINT (NaN NaN),GBR
1388,1388,0.002847988608045568,0.08678885227479033,0.04921941596637283,0.00012501945660221356,0.0012344374408585809,165.16044788544684,0.32142857142857145,0.004162269471918553,0.5993703313653459,0.4032647494349622,0.5876130144643505,,,POINT (NaN NaN),GBR
1389,1389,0.017087931648273408,0.08678885227479033,0.06301185534322719,0.002455091164008836,0.0006904245132376257,228.02287989787905,0.4709851551956815,0.004162269471918553,0.5993703313653459,0.4032647494349622,0.5876130144643505,,,POINT (NaN NaN),GBR
1390,1390,0.02847988608045568,0.08678885227479033,0.05823370517502039,0.0002158996568261842,0.00014201982424778993,209.08161005660767,0.6530612244897959,0.004162269471918553,0.5993703313653459,0.4032647494349622,0.5876130144643505,,,POINT (NaN NaN),GBR
1391,1391,0.0355998576005696,0.08678885227479033,0.05533358952656904,0.005289036172855091,8.649184707501957e-05,201.7017371517348,0.4275058275058275,0.004162269471918553,0.5993703313653459,0.4032647494349622,0.5876130144643505,,,POINT (NaN NaN),GBR
1392,1392,0.006051975792096832,0.08678885227479033,0.04933446994407684,0.0003080572203942637,0.002279436628410645,166.49378121878013,0.2857142857142857,0.004162269471918553,0.5993703313653459,0.4032647494349622,0.5876130144643505,,,POINT (NaN NaN),GBR
1393,1393,0.018511925952296192,0.08678885227479033,0.04953386304548212,9.160819433168183e-06,1.761630608907963e-05,170.95967365967263,0.6857142857142857,0.004162269471918553,0.5993703313653459,0.4032647494349622,0.5876130144643505,,,POINT (NaN NaN),GBR
1394,1394,0.014951940192239232,0.08678885227479033,0.051096942383267646,2.2874760597319553e-06,3.169590058864676e-05,179.6878482628463,0.8276923076923077,0.004162269471918553,0.5993703313653459,0.4032647494349622,0.5876130144643505,,,POINT (NaN NaN),GBR
1395,1395,0.02598789604841581,0.08678885227479033,0.058201253960099786,0.00022019121638299885,0.00013051564752685304,208.08161005660767,0.6821256038647343,0.004162269471918553,0.5993703313653459,0.4032647494349622,0.5876130144643505,,,POINT (NaN NaN),GBR
1396,1396,0.007475970096119616,0.08678885227479033,0.04903387334807468,1.2674041740779198e-07,1.0008115817349978e-05,165.9596736596731,0.9120879120879121,0.004162269471918553,0.5993703313653459,0.4032647494349622,0.5876130144643505,,,POINT (NaN NaN),GBR
1397,1397,0.013527945888216448,0.08678885227479033,0.049486922639847934,5.336097552668445e-07,1.5809128571771913e-05,170.1596736596727,0.9433333333333334,0.004162269471918553,0.5993703313653459,0.4032647494349622,0.5876130144643505,,,POINT (NaN NaN),GBR
1398,1398,0.02135991456034176,0.08678885227479033,0.05616679227286855,0.000130564052085232,0.00010993248875347628,195.51534021533783,0.7230769230769231,0.004162269471918553,0.5993703313653459,0.4032647494349622,0.5876130144643505,,,POINT (NaN NaN),GBR
1399,1399,0.029903880384478464,0.08678885227479033,0.060546174047187866,0.0010695273766431915,0.0003394491969815985,223.14470529470347,0.627721335268505,0.004162269471918553,0.5993703313653459,0.4032647494349622,0.5876130144643505,,,POINT (NaN NaN),GBR
1400,1400,0.027055891776432896,0.08678885227479033,0.05294912559259775,0.0036619900636553726,8.027554340095826e-05,193.10768953268692,0.5756802721088435,0.004162269471918553,0.5993703313653459,0.4032647494349622,0.5876130144643505,,,POINT (NaN NaN),GBR
1401,1401,0.02135991456034176,0.08678885227479033,0.04956912683027958,9.199458265001499e-06,2.2767997674394945e-05,172.45967365967252,0.6730769230769231,0.004162269471918553,0.5993703313653459,0.4032647494349622,0.5876130144643505,,,POINT (NaN NaN),GBR
1402,1402,0.010323958704165184,0.08678885227479033,0.05485264051760622,0.0002072013593548502,0.014467278251402203,192.83863636363594,0.3433333333333333,0.004162269471918553,0.5993703313653459,0.4032647494349622,0.5876130144643505,,,POINT (NaN NaN),GBR
1403,1403,0.007475970096119616,0.08678885227479033,0.04949864939876733,0.0,4.4336522604378775e-06,162.3049117549112,0.6894736842105263,0.004162269471918553,0.5993703313653459,0.4032647494349622,0.5876130144643505,,,POINT (NaN NaN),GBR
1404,1404,0.03275186899252403,0.08678885227479033,0.05824994435660851,0.0004316853498686816,0.0001432131617661008,209.58161005660764,0.5644283121597096,0.004162269471918553,0.5993703313653459,0.4032647494349622,0.5876130144643505,,,POINT (NaN NaN),GBR
1405,1405,0.022783908864364544,0.08678885227479033,0.05849462348440161,0.0020361793754258423,0.00048201390125175464,210.24510212010023,0.6733615221987315,0.004162269471918553,0.5993703313653459,0.4032647494349622,0.5876130144643505,,,POINT (NaN NaN),GBR
1406,1406,0.025275898896404414,0.08678885227479033,0.058217475045372946,0.00015997197714239344,0.00013142302608351158,208.58161005660767,0.6753006475485661,0.004162269471918553,0.5993703313653459,0.4032647494349622,0.5876130144643505,,,POINT (NaN NaN),GBR
1407,1407,0.009967960128159488,0.08678885227479033,0.050981304896907255,0.00013525236205268258,0.003231287461813892,179.2104478854469,0.38768115942028986,0.004162269471918553,0.5993703313653459,0.4032647494349622,0.5876130144643505,,,POINT (NaN NaN),GBR
1408,1408,0.021715913136347458,0.08678885227479033,0.05616679227286855,0.0005278245274414544,6.363802092156079e-05,193.77446719946462,0.624390243902439,0.004162269471918553,0.5993703313653459,0.4032647494349622,0.5876130144643505,,,POINT (NaN NaN),GBR
1409,1409,0.026699893200427198,0.08678885227479033,0.05826619259771217,0.00020642931422918895,0.00014354358075751762,210.08161005660764,0.7049028677150786,0.004162269471918553,0.5993703313653459,0.4032647494349622,0.5876130144643505,,,POINT (NaN NaN),GBR
1410,1410,0.019223923104307584,0.08678885227479033,0.04954561206423106,4.276778621841342e-06,2.17505084135669e-05,171.4596736596726,0.7357357357357357,0.004162269471918553,0.5993703313653459,0.4032647494349622,0.5876130144643505,,,POINT (NaN NaN),GBR
1411,1411,0.00355998576005696,0.08678885227479033,0.04548885676511166,7.311230724471747e-07,0.0007938996184860955,150.78505106005017,0.8095238095238095,0.004162269471918553,0.5993703313653459,0.4032647494349622,0.5876130144643505,,,POINT (NaN NaN),GBR
1412,1412,0.028835884656461377,0.08678885227479033,0.05824994435660851,0.00025523590455808244,0.00014244289359847012,209.58161005660764,0.593990216631726,0.004162269471918553,0.5993703313653459,0.4032647494349622,0.5876130144643505,,,POINT (NaN NaN),GBR
1413,1413,0.004627981488074048,0.08678885227479033,0.05602729970032501,0.0,4.558318729018383e-05,189.02446719946465,0.8589743589743589,0.004162269471918553,0.5993703313653459,0.4032647494349622,0.5876130144643505,,,POINT (NaN NaN),GBR
1414,1414,0.004271982912068352,0.08678885227479033,0.04366930249450719,1.0572607124309312e-05,0.00036429596290568574,143.5898129648126,0.5357142857142857,0.004162269471918553,0.5993703313653459,0.4032647494349622,0.5876130144643505,,,POINT (NaN NaN),GBR
1415,1415,0.019579921680313278,0.08678885227479033,0.05514369072407554,2.1268157851317114e-05,8.868722835630285e-05,198.8850704850681,0.8029689608636977,0.004162269471918553,0.5993703313653459,0.4032647494349622,0.5876130144643505,,,POINT (NaN NaN),GBR
1416,1416,0.00355998576005696,0.08678885227479033,0.05595245692754873,0.0,4.3886621904260335e-05,186.5244671994647,0.7857142857142857,0.004162269471918553,0.5993703313653459,0.4032647494349622,0.5876130144643505,,,POINT (NaN NaN),GBR
1417,1417,0.020291918832324674,0.08678885227479033,0.05849462348440161,0.0008428873328392882,0.00040856849262913567,210.57843545343354,0.7027027027027027,0.004162269471918553,0.5993703313653459,0.4032647494349622,0.5876130144643505,,,POINT (NaN NaN),GBR
1418,1418,0.002491990032039872,0.08678885227479033,0.04366930249450719,4.980647558077248e-08,0.00035822300042904207,143.5898129648126,0.9333333333333333,0.004162269471918553,0.5993703313653459,0.4032647494349622,0.5876130144643505,,,POINT (NaN NaN),GBR
1419,1419,0.02919188323246707,0.08678885227479033,0.06045855295594736,0.0007593275147873933,0.0002526455126723098,220.97803862803678,0.5716282320055905,0.004162269471918553,0.5993703313653459,0.4032647494349622,0.5876130144643505,,,POINT (NaN NaN),GBR
1420,1420,0.01601993592025632,0.08678885227479033,0.06637569128147383,0.0018015228259256001,0.0023007174216628213,245.50052725052706,0.24363233665559247,0.004162269471918553,0.5993703313653459,0.4032647494349622,0.5876130144643505,,,POINT (NaN NaN),GBR
1421,1421,0.022071911712353152,0.08678885227479033,0.054984022232902906,2.1481016616755826e-05,8.432438336285908e-05,195.63507048506813,0.7707317073170732,0.004162269471918553,0.5993703313653459,0.4032647494349622,0.5876130144643505,,,POINT (NaN NaN),GBR
1422,1422,0.032395870416518334,0.08678885227479033,0.05517282104141525,0.0001617828972655932,9.127946501734564e-05,199.8850704850681,0.5620300751879699,0.004162269471918553,0.5993703313653459,0.4032647494349622,0.5876130144643505,,,POINT (NaN NaN),GBR
1423,1423,0.020291918832324674,0.08678885227479033,0.0561516936727952,4.531654659873273e-05,0.00011016514025357484,195.68200688200452,0.7004048582995951,0.004162269471918553,0.5993703313653459,0.4032647494349622,0.5876130144643505,,,POINT (NaN NaN),GBR
1424,1424,0.02313990744037024,0.08678885227479033,0.05751219726398627,0.00015396514228161067,0.00013406010236759625,202.73161005660774,0.6303030303030303,0.004162269471918553,0.5993703313653459,0.4032647494349622,0.5876130144643505,,,POINT (NaN NaN),GBR
1425,1425,0.02491990032039872,0.08678885227479033,0.0671653699237293,0.0020384718734469775,0.00251380060567705,247.9818764568761,0.5062056737588653,0.004162269471918553,0.5993703313653459,0.4032647494349622,0.5876130144643505,,,POINT (NaN NaN),GBR
1426,1426,0.01601993592025632,0.08678885227479033,0.058152644894988344,8.471318249752672e-05,0.0005945160721772318,204.3951021201001,0.6270161290322581,0.004162269471918553,0.5993703313653459,0.4032647494349622,0.5876130144643505,,,POINT (NaN NaN),GBR
1427,1427,0.018155927376290494,0.08678885227479033,0.06515417980748538,0.00013480276887100585,0.0011792921843079424,233.04854312354203,0.6099865047233468,0.004162269471918553,0.5993703313653459,0.4032647494349622,0.5876130144643505,,,POINT (NaN NaN),GBR
1428,1428,0.012103951584193664,0.08678885227479033,0.06437112495001483,2.658586344400827e-05,0.0011505483842148446,223.0152097902086,0.7747035573122529,0.004162269471918553,0.5993703313653459,0.4032647494349622,0.5876130144643505,,,POINT (NaN NaN),GBR
1429,1429,0.016375934496262016,0.08678885227479033,0.05826619259771217,8.212612628478514e-05,0.0001464011914154341,210.08161005660764,0.6954595791805094,0.004162269471918553,0.5993703313653459,0.4032647494349622,0.5876130144643505,,,POINT (NaN NaN),GBR
1430,1430,0.013883944464222144,0.08678885227479033,0.05800730365531745,0.00012005924670824019,0.0004079197331597833,203.66176878676671,0.69,0.004162269471918553,0.5993703313653459,0.4032647494349622,0.5876130144643505,,,POINT (NaN NaN),GBR
1431,1431,0.019579921680313278,0.08678885227479033,0.0653784977974329,0.00014311390896021964,0.0011259315486911916,237.88187645687546,0.6231884057971014,0.004162269471918553,0.5993703313653459,0.4032647494349622,0.5876130144643505,,,POINT (NaN NaN),GBR
1432,1432,0.013171947312210752,0.08678885227479033,0.058185041911642935,3.455051956821047e-05,0.0005416967350402632,204.72843545343343,0.6951566951566952,0.004162269471918553,0.5993703313653459,0.4032647494349622,0.5876130144643505,,,POINT (NaN NaN),GBR
1433,1433,0.01067995728017088,0.08678885227479033,0.06581105874694333,1.0186309836633977e-05,0.0015324956444439793,232.5318764568756,0.6702898550724637,0.004162269471918553,0.5993703313653459,0.4032647494349622,0.5876130144643505,,,POINT (NaN NaN),GBR
1434,1434,0.019935920256318976,0.08678885227479033,0.06539896695767006,0.0004186440036776263,0.0014299867784880245,235.09854312354202,0.6013289036544851,0.004162269471918553,0.5993703313653459,0.4032647494349622,0.5876130144643505,,,POINT (NaN NaN),GBR
1435,1435,0.01673193307226771,0.08678885227479033,0.06477032572489864,0.00014091165578619203,0.0011715280799865467,228.36520979020867,0.5177809388335705,0.004162269471918553,0.5993703313653459,0.4032647494349622,0.5876130144643505,,,POINT (NaN NaN),GBR
1436,1436,0.00533997864008544,0.08678885227479033,0.008797388539259402,0.0,1.618649372327181e-11,30.86666666666665,0.8095238095238095,0.004162269471918553,0.5993703313653459,0.4032647494349622,0.5876130144643505,,,POINT (NaN NaN),GBR
1437,1437,0.016375934496262016,0.08678885227479033,0.06560436572324062,4.134943718258887e-06,0.0020188805343193004,239.43187645687541,0.586527293844367,0.004162269471918553,0.5993703313653459,0.4032647494349622,0.5876130144643505,,,POINT (NaN NaN),GBR
1438,1438,0.008187967248131008,0.08678885227479033,0.01169085889694177,0.0,2.042525441096132e-11,39.250000000000014,0.43873517786561267,0.004162269471918553,0.5993703313653459,0.4032647494349622,0.5876130144643505,,,POINT (NaN NaN),GBR
1439,1439,0.021715913136347458,0.08678885227479033,0.0648306332907505,0.0005398010349500411,0.0012016005222549042,229.8652097902087,0.45790934320074006,0.004162269471918553,0.5993703313653459,0.4032647494349622,0.5876130144643505,,,POINT (NaN NaN),GBR
1440,1440,0.001067995728017088,0.08678885227479033,0.004621135361612399,1.901701794902222e-07,1.5781398234600185e-13,14.466666666666669,0.3333333333333333,0.004162269471918553,0.5993703313653459,0.4032647494349622,0.5876130144643505,,,POINT (NaN NaN),GBR
1441,1441,0.001423994304022784,0.08678885227479033,0.0057845157220407385,0.0,4.808760224323181e-13,19.000000000000004,0.8333333333333334,0.004162269471918553,0.5993703313653459,0.4032647494349622,0.5876130144643505,,,POINT (NaN NaN),GBR
1442,1442,0.003915984336062656,0.08678885227479033,0.008267431215989421,0.0,5.4487895030728794e-12,27.08333333333332,0.4722222222222222,0.004162269471918553,0.5993703313653459,0.4032647494349622,0.5876130144643505,,,POINT (NaN NaN),GBR
1443,1443,0.0,0.08678885227479033,0.0,0.0,2.4946305565830578e-23,0.0,0.0,0.004162269471918553,0.5993703313653459,0.4032647494349622,0.5876130144643505,,,POINT (NaN NaN),GBR
1444,1444,0.000711997152011392,0.08678885227479033,0.000355998576005696,0.0,3.2430197235579753e-22,1.0,1.0,0.004162269471918553,0.5993703313653459,0.4032647494349622,0.5876130144643505,,,POINT (NaN NaN),GBR
1445,1445,0.002491990032039872,0.08678885227479033,0.007375997893268701,0.0,9.395311811446137e-12,25.13333333333332,0.9047619047619048,0.004162269471918553,0.5993703313653459,0.4032647494349622,0.5876130144643505,,,POINT (NaN NaN),GBR
1446,1446,0.007831968672125312,0.08678885227479033,0.009523809523809523,8.200202034660614e-07,1.7738592659144603e-11,33.86666666666667,0.5541125541125541,0.004162269471918553,0.5993703313653459,0.4032647494349622,0.5876130144643505,,,POINT (NaN NaN),GBR
1447,1447,0.00177999288002848,0.08678885227479033,0.00560883173133974,0.0,4.193366983384704e-13,18.000000000000004,0.8,0.004162269471918553,0.5993703313653459,0.4032647494349622,0.5876130144643505,,,POINT (NaN NaN),GBR
1448,1448,0.006051975792096832,0.08678885227479033,0.00910606883888254,1.1627495345124581e-06,1.617601993183804e-11,31.199999999999992,0.7142857142857143,0.004162269471918553,0.5993703313653459,0.4032647494349622,0.5876130144643505,,,POINT (NaN NaN),GBR
1449,1449,0.001423994304022784,0.08678885227479033,0.0,0.0,2.4946305565830578e-23,0.0,0.3333333333333333,0.004162269471918553,0.5993703313653459,0.4032647494349622,0.5876130144643505,,,POINT (NaN NaN),GBR
1450,1450,0.00533997864008544,0.08678885227479033,0.05030824933809363,0.0006002390087205778,0.0021004746377552897,172.0493367743351,0.6285714285714286,0.004162269471918553,0.5993703313653459,0.4032647494349622,0.5876130144643505,,,POINT (NaN NaN),GBR
1451,1451,0.002491990032039872,0.08678885227479033,0.0064991806148477875,7.626976744100276e-07,1.2874084976364568e-12,21.75,0.47619047619047616,0.004162269471918553,0.5993703313653459,0.4032647494349622,0.5876130144643505,,,POINT (NaN NaN),GBR
1452,1452,0.002135991456034176,0.08678885227479033,0.007026424449046729,2.637026488931081e-05,2.435630514338342e-12,21.78333333333332,0.4,0.004162269471918553,0.5993703313653459,0.4032647494349622,0.5876130144643505,,,POINT (NaN NaN),GBR
1453,1453,0.003203987184051264,0.08678885227479033,0.007665614197356295,0.0,3.0902082300288286e-12,25.666666666666668,0.6111111111111112,0.004162269471918553,0.5993703313653459,0.4032647494349622,0.5876130144643505,,,POINT (NaN NaN),GBR
1454,1454,0.00177999288002848,0.08678885227479033,0.005435035851479631,0.0,3.655255369203991e-13,17.0,0.8,0.004162269471918553,0.5993703313653459,0.4032647494349622,0.5876130144643505,,,POINT (NaN NaN),GBR
1455,1455,0.002135991456034176,0.08678885227479033,0.0,0.0,1.0218006759764205e-19,0.0,0.8333333333333334,0.004162269471918553,0.5993703313653459,0.4032647494349622,0.5876130144643505,,,POINT (NaN NaN),GBR
1456,1456,0.007831968672125312,0.08678885227479033,0.009039090280420487,7.154624752821026e-06,6.427090981108531e-12,30.33333333333333,0.39473684210526316,0.004162269471918553,0.5993703313653459,0.4032647494349622,0.5876130144643505,,,POINT (NaN NaN),GBR
1457,1457,0.004983980064079744,0.08678885227479033,0.008192012686494709,1.3237086383755036e-06,4.364721830420252e-12,26.833333333333332,0.46153846153846156,0.004162269471918553,0.5993703313653459,0.4032647494349622,0.5876130144643505,,,POINT (NaN NaN),GBR
1458,1458,0.003203987184051264,0.08678885227479033,0.007700961196155215,0.0,1.0060121008942696e-11,26.033333333333317,0.8611111111111112,0.004162269471918553,0.5993703313653459,0.4032647494349622,0.5876130144643505,,,POINT (NaN NaN),GBR
1459,1459,0.002491990032039872,0.08678885227479033,0.006209128316639887,6.064315723743753e-06,9.766949952545812e-13,20.58333333333333,0.38095238095238093,0.004162269471918553,0.5993703313653459,0.4032647494349622,0.5876130144643505,,,POINT (NaN NaN),GBR
1460,1460,0.002847988608045568,0.08678885227479033,0.0078125,0.0,9.637863504747462e-12,26.033333333333317,0.9642857142857143,0.004162269471918553,0.5993703313653459,0.4032647494349622,0.5876130144643505,,,POINT (NaN NaN),GBR
1461,1461,0.004627981488074048,0.08678885227479033,0.007105291166464201,3.7280120586069415e-06,1.2755722109128804e-12,23.916666666666668,0.46153846153846156,0.004162269471918553,0.5993703313653459,0.4032647494349622,0.5876130144643505,,,POINT (NaN NaN),GBR
1462,1462,0.002491990032039872,0.08678885227479033,0.006441245263056331,2.535602393202963e-08,3.3418392492119168e-12,20.83333333333333,0.9047619047619048,0.004162269471918553,0.5993703313653459,0.4032647494349622,0.5876130144643505,,,POINT (NaN NaN),GBR
1463,1463,0.003203987184051264,0.08678885227479033,0.006691390710165315,1.8550219008605212e-06,1.8342578351393653e-12,22.333333333333332,0.3333333333333333,0.004162269471918553,0.5993703313653459,0.4032647494349622,0.5876130144643505,,,POINT (NaN NaN),GBR
1464,1464,0.00355998576005696,0.08678885227479033,0.00763984245650319,6.608413737285222e-06,8.426833919197049e-12,25.533333333333317,0.7555555555555555,0.004162269471918553,0.5993703313653459,0.4032647494349622,0.5876130144643505,,,POINT (NaN NaN),GBR
1465,1465,0.002847988608045568,0.08678885227479033,0.0072089711641153435,3.2015181732360635e-08,3.966258188335425e-12,22.58333333333333,0.8666666666666667,0.004162269471918553,0.5993703313653459,0.4032647494349622,0.5876130144643505,,,POINT (NaN NaN),GBR
1466,1466,0.001423994304022784,0.08678885227479033,0.001423994304022784,3.1695029915037033e-08,1.1955092855229691e-17,4.5,0.8333333333333334,0.004162269471918553,0.5993703313653459,0.4032647494349622,0.5876130144643505,,,POINT (NaN NaN),GBR
1467,1467,0.01067995728017088,0.08678885227479033,0.008494975194411149,1.3562551091164476e-05,9.277068588537893e-12,29.199999999999992,0.5,0.004162269471918553,0.5993703313653459,0.4032647494349622,0.5876130144643505,,,POINT (NaN NaN),GBR
1468,1468,0.002847988608045568,0.08678885227479033,0.007002567734409913,2.3552791688941364e-06,2.5864031341397982e-12,22.750000000000004,0.39285714285714285,0.004162269471918553,0.5993703313653459,0.4032647494349622,0.5876130144643505,,,POINT (NaN NaN),GBR
1469,1469,0.005695977216091136,0.08678885227479033,0.00899644999550843,2.8679371742847244e-07,9.240230770616151e-12,30.36666666666666,0.6833333333333333,0.004162269471918553,0.5993703313653459,0.4032647494349622,0.5876130144643505,,,POINT (NaN NaN),GBR
1470,1470,0.000355998576005696,0.08678885227479033,0.0,0.0,2.4946305565830578e-23,0.0,0.0,0.004162269471918553,0.5993703313653459,0.4032647494349622,0.5876130144643505,,,POINT (NaN NaN),GBR
1471,1471,0.008543965824136704,0.08678885227479033,0.007836206750411093,1.5594305279013328e-05,4.824849948297383e-12,25.833333333333332,0.4155844155844156,0.004162269471918553,0.5993703313653459,0.4032647494349622,0.5876130144643505,,,POINT (NaN NaN),GBR
1472,1472,0.000355998576005696,0.08678885227479033,0.00558659217877095,0.0,1.2110395323658862e-12,17.383333333333336,0.0,0.004162269471918553,0.5993703313653459,0.4032647494349622,0.5876130144643505,,,POINT (NaN NaN),GBR
1473,1473,0.009255962976148096,0.08678885227479033,0.009746866275692791,4.258690379689446e-06,1.3289082594540237e-11,32.416666666666664,0.5584415584415584,0.004162269471918553,0.5993703313653459,0.4032647494349622,0.5876130144643505,,,POINT (NaN NaN),GBR
1474,1474,0.00711997152011392,0.08678885227479033,0.008341912578295634,6.996016221583713e-07,9.819403373040776e-12,28.86666666666666,0.6764705882352942,0.004162269471918553,0.5993703313653459,0.4032647494349622,0.5876130144643505,,,POINT (NaN NaN),GBR
1475,1475,0.006763972944108224,0.08678885227479033,0.006475190882453253,1.456462088952892e-07,5.991210035262424e-12,21.966666666666658,0.7802197802197802,0.004162269471918553,0.5993703313653459,0.4032647494349622,0.5876130144643505,,,POINT (NaN NaN),GBR
1476,1476,0.012103951584193664,0.08678885227479033,0.009448492818273625,1.3105218469131223e-05,1.2796728038730954e-11,32.36666666666666,0.52,0.004162269471918553,0.5993703313653459,0.4032647494349622,0.5876130144643505,,,POINT (NaN NaN),GBR
1477,1477,0.002847988608045568,0.08678885227479033,0.005930102405716503,2.2560722351525333e-06,1.287867411046122e-12,20.28333333333333,0.4642857142857143,0.004162269471918553,0.5993703313653459,0.4032647494349622,0.5876130144643505,,,POINT (NaN NaN),GBR
1478,1478,0.012103951584193664,0.08678885227479033,0.008724218267683891,5.146135446899936e-05,6.708214164949236e-12,28.91666666666666,0.3709677419354839,0.004162269471918553,0.5993703313653459,0.4032647494349622,0.5876130144643505,,,POINT (NaN NaN),GBR
1479,1479,0.000711997152011392,0.08678885227479033,0.005420279070763416,0.0,7.548030468133929e-13,17.46666666666667,0.0,0.004162269471918553,0.5993703313653459,0.4032647494349622,0.5876130144643505,,,POINT (NaN NaN),GBR
1480,1480,0.008187967248131008,0.08678885227479033,0.0070778641616616325,1.0345294150349657e-05,3.326221612541885e-12,23.53333333333333,0.4238095238095238,0.004162269471918553,0.5993703313653459,0.4032647494349622,0.5876130144643505,,,POINT (NaN NaN),GBR
1481,1481,0.000711997152011392,0.08678885227479033,0.004219495942529051,0.0,1.949351071030431e-13,14.183333333333335,1.0,0.004162269471918553,0.5993703313653459,0.4032647494349622,0.5876130144643505,,,POINT (NaN NaN),GBR
1482,1482,0.010323958704165184,0.08678885227479033,0.007781111732695926,2.2888490740602244e-06,1.040451946230289e-11,27.19999999999998,0.645021645021645,0.004162269471918553,0.5993703313653459,0.4032647494349622,0.5876130144643505,,,POINT (NaN NaN),GBR
1483,1483,0.004271982912068352,0.08678885227479033,0.007313524143961678,0.0,4.941287723177403e-12,25.03333333333332,0.4222222222222222,0.004162269471918553,0.5993703313653459,0.4032647494349622,0.5876130144643505,,,POINT (NaN NaN),GBR
1484,1484,0.000711997152011392,0.08678885227479033,0.0,0.0,1.0218006759764205e-19,0.0,0.0,0.004162269471918553,0.5993703313653459,0.4032647494349622,0.5876130144643505,,,POINT (NaN NaN),GBR
1485,1485,0.006763972944108224,0.08678885227479033,0.0011124955500178,1.041408125779788e-06,1.9887568991663635e-17,3.5,0.695906432748538,0.004162269471918553,0.5993703313653459,0.4032647494349622,0.5876130144643505,,,POINT (NaN NaN),GBR
1486,1486,0.011035955856176576,0.08678885227479033,0.007914122189665087,3.7980827369635603e-06,1.2342524507197736e-11,28.19999999999998,0.6245059288537549,0.004162269471918553,0.5993703313653459,0.4032647494349622,0.5876130144643505,,,POINT (NaN NaN),GBR
1487,1487,0.009611961552153792,0.08678885227479033,0.0018308498194578651,1.3713785419809708e-05,5.945235972645982e-17,5.5,0.5566666666666666,0.004162269471918553,0.5993703313653459,0.4032647494349622,0.5876130144643505,,,POINT (NaN NaN),GBR
1488,1488,0.01245995016019936,0.08678885227479033,0.007949132760430983,1.915594909748362e-05,5.2621854233394975e-12,27.583333333333325,0.4408866995073892,0.004162269471918553,0.5993703313653459,0.4032647494349622,0.5876130144643505,,,POINT (NaN NaN),GBR
1489,1489,0.004627981488074048,0.08678885227479033,0.0011391954432182273,4.840786949880735e-07,1.325778893187737e-17,3.5,0.8076923076923077,0.004162269471918553,0.5993703313653459,0.4032647494349622,0.5876130144643505,,,POINT (NaN NaN),GBR
1490,1490,0.009611961552153792,0.08678885227479033,0.007475970096119616,5.572378779741181e-06,4.9087963314568456e-12,26.08333333333333,0.6047619047619047,0.004162269471918553,0.5993703313653459,0.4032647494349622,0.5876130144643505,,,POINT (NaN NaN),GBR
1491,1491,0.013527945888216448,0.08678885227479033,0.00848623632532497,3.9199038053326774e-05,5.856496895731722e-12,29.083333333333325,0.40725806451612906,0.004162269471918553,0.5993703313653459,0.4032647494349622,0.5876130144643505,,,POINT (NaN NaN),GBR
1492,1492,0.01067995728017088,0.08678885227479033,0.005557358301540246,1.7025007088769364e-05,1.1496720209124693e-12,21.499999999999996,0.38620689655172413,0.004162269471918553,0.5993703313653459,0.4032647494349622,0.5876130144643505,,,POINT (NaN NaN),GBR
1493,1493,0.004627981488074048,0.08678885227479033,0.0072181780238396295,2.440480190645906e-06,4.342004314731549e-12,23.58333333333333,0.6515151515151515,0.004162269471918553,0.5993703313653459,0.4032647494349622,0.5876130144643505,,,POINT (NaN NaN),GBR
1494,1494,0.006763972944108224,0.08678885227479033,0.006474035959526265,8.399018277978762e-06,2.1257437395827224e-12,22.66666666666666,0.8131868131868132,0.004162269471918553,0.5993703313653459,0.4032647494349622,0.5876130144643505,,,POINT (NaN NaN),GBR
1495,1495,0.010323958704165184,0.08678885227479033,0.006825885739935301,1.6265663622456206e-05,2.7061983936191496e-12,25.16666666666666,0.5905797101449275,0.004162269471918553,0.5993703313653459,0.4032647494349622,0.5876130144643505,,,POINT (NaN NaN),GBR
1496,1496,0.01245995016019936,0.08678885227479033,0.007136153273568724,3.0182336151861517e-05,4.442853263454779e-12,24.08333333333333,0.4039408866995074,0.004162269471918553,0.5993703313653459,0.4032647494349622,0.5876130144643505,,,POINT (NaN NaN),GBR
1497,1497,0.008543965824136704,0.08678885227479033,0.006038283539173536,5.05971627352058e-06,3.41907094479156e-12,20.366666666666664,0.47953216374269003,0.004162269471918553,0.5993703313653459,0.4032647494349622,0.5876130144643505,,,POINT (NaN NaN),GBR
1498,1498,0.001423994304022784,0.08678885227479033,0.0053083981212462255,0.0,1.0607841698696807e-12,18.166666666666664,1.0,0.004162269471918553,0.5993703313653459,0.4032647494349622,0.5876130144643505,,,POINT (NaN NaN),GBR
1499,1499,0.008187967248131008,0.08678885227479033,0.001067995728017088,1.5464558500830798e-05,2.651495420611559e-17,3.0,0.5842105263157895,0.004162269471918553,0.5993703313653459,0.4032647494349622,0.5876130144643505,,,POINT (NaN NaN),GBR
1500,1500,0.000711997152011392,0.08678885227479033,0.0044778324288063396,0.0,2.600127501932222e-13,15.466666666666669,1.0,0.004162269471918553,0.5993703313653459,0.4032647494349622,0.5876130144643505,,,POINT (NaN NaN),GBR
1501,1501,0.000711997152011392,0.08678885227479033,0.0,0.0,1.0218006759764205e-19,0.0,0.0,0.004162269471918553,0.5993703313653459,0.4032647494349622,0.5876130144643505,,,POINT (NaN NaN),GBR
1502,1502,0.006407974368102528,0.08678885227479033,0.007233421615764087,0.0,3.295522222915587e-12,26.499999999999996,0.725,0.004162269471918553,0.5993703313653459,0.4032647494349622,0.5876130144643505,,,POINT (NaN NaN),GBR
1503,1503,0.002135991456034176,0.08678885227479033,0.001067995728017088,0.0,2.651495420611559e-17,3.0,0.6666666666666666,0.004162269471918553,0.5993703313653459,0.4032647494349622,0.5876130144643505,,,POINT (NaN NaN),GBR
1504,1504,0.008543965824136704,0.08678885227479033,0.005814643408093035,7.105575065747394e-06,1.4222462053216289e-12,22.0,0.5964912280701754,0.004162269471918553,0.5993703313653459,0.4032647494349622,0.5876130144643505,,,POINT (NaN NaN),GBR
1505,1505,0.002847988608045568,0.08678885227479033,0.0058251448410135565,0.0,1.0170885359627331e-12,21.0,0.8214285714285714,0.004162269471918553,0.5993703313653459,0.4032647494349622,0.5876130144643505,,,POINT (NaN NaN),GBR
1506,1506,0.003915984336062656,0.08678885227479033,0.0,0.0,2.4946305565830578e-23,0.0,0.6363636363636364,0.004162269471918553,0.5993703313653459,0.4032647494349622,0.5876130144643505,,,POINT (NaN NaN),GBR
1507,1507,0.013527945888216448,0.08678885227479033,0.006279814880740477,5.164881695339328e-05,1.5930709055702515e-12,24.666666666666664,0.37298387096774194,0.004162269471918553,0.5993703313653459,0.4032647494349622,0.5876130144643505,,,POINT (NaN NaN),GBR
1508,1508,0.009967960128159488,0.08678885227479033,0.00428681618606859,4.102301610177067e-05,8.889796644539367e-14,13.833333333333334,0.42063492063492064,0.004162269471918553,0.5993703313653459,0.4032647494349622,0.5876130144643505,,,POINT (NaN NaN),GBR
1509,1509,0.004271982912068352,0.08678885227479033,0.0,0.0,2.4946305565830578e-23,0.0,0.7272727272727273,0.004162269471918553,0.5993703313653459,0.4032647494349622,0.5876130144643505,,,POINT (NaN NaN),GBR
1510,1510,0.007831968672125312,0.08678885227479033,0.005023851904592382,2.3272211954141484e-05,7.196907116621154e-13,20.966666666666665,0.45,0.004162269471918553,0.5993703313653459,0.4032647494349622,0.5876130144643505,,,POINT (NaN NaN),GBR
1511,1511,0.00177999288002848,0.08678885227479033,0.003222516120174427,0.0,3.258451508180999e-17,12.991385411973646,0.6666666666666666,0.004162269471918553,0.5993703313653459,0.4032647494349622,0.5876130144643505,,,POINT (NaN NaN),GBR
1512,1512,0.005695977216091136,0.08678885227479033,0.003810503276505413,8.89044707788531e-06,3.711521565080292e-14,12.333333333333334,0.4166666666666667,0.004162269471918553,0.5993703313653459,0.4032647494349622,0.5876130144643505,,,POINT (NaN NaN),GBR
1513,1513,0.003203987184051264,0.08678885227479033,0.004757435515712483,1.6481415555819256e-06,6.679025561256924e-13,17.8,0.8,0.004162269471918553,0.5993703313653459,0.4032647494349622,0.5876130144643505,,,POINT (NaN NaN),GBR
1514,1514,0.010323958704165184,0.08678885227479033,0.0029666548000474666,2.2594820184257386e-06,8.888917194966843e-14,9.0,0.5507246376811594,0.004162269471918553,0.5993703313653459,0.4032647494349622,0.5876130144643505,,,POINT (NaN NaN),GBR
1515,1515,0.00533997864008544,0.08678885227479033,0.004025522359449024,3.68972346865194e-06,4.1388189358654543e-13,16.647619047619045,0.45454545454545453,0.004162269471918553,0.5993703313653459,0.4032647494349622,0.5876130144643505,,,POINT (NaN NaN),GBR
1516,1516,0.00711997152011392,0.08678885227479033,0.004158817801814886,1.1655656921530058e-05,2.705202676351236e-13,18.814285714285713,0.47058823529411764,0.004162269471918553,0.5993703313653459,0.4032647494349622,0.5876130144643505,,,POINT (NaN NaN),GBR
1517,1517,0.009611961552153792,0.08678885227479033,0.0023733238400379733,9.489844154661309e-07,7.033759327212765e-14,7.5,0.6277056277056277,0.004162269471918553,0.5993703313653459,0.4032647494349622,0.5876130144643505,,,POINT (NaN NaN),GBR
1518,1518,0.0,0.08678885227479033,0.0,0.0,2.4946305565830578e-23,0.0,0.0,0.004162269471918553,0.5993703313653459,0.4032647494349622,0.5876130144643505,,,POINT (NaN NaN),GBR
1519,1519,0.011391954432182272,0.08678885227479033,0.0032363506909608725,3.0292104077016833e-06,8.888937596055534e-14,9.5,0.5446153846153846,0.004162269471918553,0.5993703313653459,0.4032647494349622,0.5876130144643505,,,POINT (NaN NaN),GBR
1520,1520,0.001423994304022784,0.08678885227479033,0.0034582718811981892,4.226003988671599e-06,1.7573325170627092e-17,13.942236929736938,0.6666666666666666,0.004162269471918553,0.5993703313653459,0.4032647494349622,0.5876130144643505,,,POINT (NaN NaN),GBR
1521,1521,0.011035955856176576,0.08678885227479033,0.0029666548000474666,3.250555204487119e-06,8.888917359612461e-14,9.0,0.55,0.004162269471918553,0.5993703313653459,0.4032647494349622,0.5876130144643505,,,POINT (NaN NaN),GBR
1522,1522,0.002135991456034176,0.08678885227479033,0.001423994304022784,1.48996491687342e-07,2.3504908030236896e-18,4.0,0.6,0.004162269471918553,0.5993703313653459,0.4032647494349622,0.5876130144643505,,,POINT (NaN NaN),GBR
1523,1523,0.001067995728017088,0.08678885227479033,0.0033302018335425254,4.226003988671599e-06,9.25996884081405e-18,11.94223692973693,0.6666666666666666,0.004162269471918553,0.5993703313653459,0.4032647494349622,0.5876130144643505,,,POINT (NaN NaN),GBR
1524,1524,0.01067995728017088,0.08678885227479033,0.0029666548000474666,1.6871543046551276e-06,8.888917194966843e-14,9.0,0.6014492753623188,0.004162269471918553,0.5993703313653459,0.4032647494349622,0.5876130144643505,,,POINT (NaN NaN),GBR
1525,1525,0.004627981488074048,0.08678885227479033,0.003076844835477801,2.5287118021466865e-06,8.888896958523768e-14,9.5,0.6153846153846154,0.004162269471918553,0.5993703313653459,0.4032647494349622,0.5876130144643505,,,POINT (NaN NaN),GBR
1526,1526,0.001067995728017088,0.08678885227479033,0.0033302018335425254,4.226003988671599e-06,9.25996884081405e-18,11.94223692973693,0.6666666666666666,0.004162269471918553,0.5993703313653459,0.4032647494349622,0.5876130144643505,,,POINT (NaN NaN),GBR
1527,1527,0.002135991456034176,0.08678885227479033,0.0036700884124298556,0.0,6.033298925923919e-17,14.729154179154191,1.0,0.004162269471918553,0.5993703313653459,0.4032647494349622,0.5876130144643505,,,POINT (NaN NaN),GBR
1528,1528,0.002491990032039872,0.08678885227479033,0.003600765782695383,5.020492738541866e-05,2.569913517519622e-17,13.729154179154191,0.38095238095238093,0.004162269471918553,0.5993703313653459,0.4032647494349622,0.5876130144643505,,,POINT (NaN NaN),GBR
1529,1529,0.001423994304022784,0.08678885227479033,0.0034638992778051633,0.0,1.4706894875890894e-17,11.729154179154182,1.0,0.004162269471918553,0.5993703313653459,0.4032647494349622,0.5876130144643505,,,POINT (NaN NaN),GBR
1530,1530,0.001423994304022784,0.08678885227479033,0.0035320354586350247,0.0,1.924931776376185e-17,12.729154179154188,1.0,0.004162269471918553,0.5993703313653459,0.4032647494349622,0.5876130144643505,,,POINT (NaN NaN),GBR
1531,1531,0.002491990032039872,0.08678885227479033,0.0037711297430672347,9.736713189899377e-05,7.327555667398672e-17,12.796811521811525,0.6,0.004162269471918553,0.5993703313653459,0.4032647494349622,0.5876130144643505,,,POINT (NaN NaN),GBR
1532,1532,0.000355998576005696,0.08678885227479033,0.0041456608367114916,0.0,2.193773870587196e-16,14.017254967254964,0.0,0.004162269471918553,0.5993703313653459,0.4032647494349622,0.5876130144643505,,,POINT (NaN NaN),GBR
1533,1533,0.001067995728017088,0.08678885227479033,0.004151016987663315,0.00010839700230942666,4.1173340990833724e-16,14.51725496725496,0.3333333333333333,0.004162269471918553,0.5993703313653459,0.4032647494349622,0.5876130144643505,,,POINT (NaN NaN),GBR
1534,1534,0.000355998576005696,0.08678885227479033,0.004069344654057347,0.0,1.9235604779592318e-16,13.517254967254965,0.0,0.004162269471918553,0.5993703313653459,0.4032647494349622,0.5876130144643505,,,POINT (NaN NaN),GBR
1535,1535,0.007475970096119616,0.08678885227479033,0.05481262764185931,0.018010684013411833,0.008385265566886877,192.28625541125487,0.3142857142857143,0.004162269471918553,0.5993703313653459,0.4032647494349622,0.5876130144643505,,,POINT (NaN NaN),GBR
1536,1536,0.013171947312210752,0.08678885227479033,0.055752634762338577,0.043391823675141154,0.03281039410239879,202.76958874458867,0.6111111111111112,0.004162269471918553,0.5993703313653459,0.4032647494349622,0.5876130144643505,,,POINT (NaN NaN),GBR
1537,1537,0.002491990032039872,0.08678885227479033,0.04987319085206418,4.7642437831558026e-05,0.0021000159496383976,168.4937812187801,0.19047619047619047,0.004162269471918553,0.5993703313653459,0.4032647494349622,0.5876130144643505,,,POINT (NaN NaN),GBR
1538,1538,0.011035955856176576,0.08678885227479033,0.05671501133624112,0.00014052953622674605,0.009025810697246114,201.83625541125522,0.3793103448275862,0.004162269471918553,0.5993703313653459,0.4032647494349622,0.5876130144643505,,,POINT (NaN NaN),GBR
1539,1539,0.009611961552153792,0.08678885227479033,0.05516398161445538,0.00020516904456525814,0.007382422022043434,194.97196969696932,0.4074074074074074,0.004162269471918553,0.5993703313653459,0.4032647494349622,0.5876130144643505,,,POINT (NaN NaN),GBR
1540,1540,0.002135991456034176,0.08678885227479033,0.048404368631521456,0.0,0.0013064504094664165,164.8683843933832,0.6,0.004162269471918553,0.5993703313653459,0.4032647494349622,0.5876130144643505,,,POINT (NaN NaN),GBR
1541,1541,0.01423994304022784,0.08678885227479033,0.05819694957474933,0.00010580984979008906,0.02570851365751819,211.76958874458876,0.40384615384615385,0.004162269471918553,0.5993703313653459,0.4032647494349622,0.5876130144643505,,,POINT (NaN NaN),GBR
1542,1542,0.012103951584193664,0.08678885227479033,0.04518503650414815,8.371929802517187e-07,0.00027944959277108284,151.1350510600501,0.6679841897233202,0.004162269471918553,0.5993703313653459,0.4032647494349622,0.5876130144643505,,,POINT (NaN NaN),GBR
1543,1543,0.015307938768244928,0.08678885227479033,0.05012086093240249,0.0008067702279872594,0.0022068186161036114,175.8183843933832,0.5057471264367817,0.004162269471918553,0.5993703313653459,0.4032647494349622,0.5876130144643505,,,POINT (NaN NaN),GBR
1544,1544,0.011391954432182272,0.08678885227479033,0.04518503650414815,3.963889075076118e-07,0.00027944959277108284,151.1350510600501,0.6679841897233202,0.004162269471918553,0.5993703313653459,0.4032647494349622,0.5876130144643505,,,POINT (NaN NaN),GBR
1545,1545,0.014951940192239232,0.08678885227479033,0.05485264051760622,0.0009045683845562964,0.0045647933452153365,193.3695887445883,0.4314516129032258,0.004162269471918553,0.5993703313653459,0.4032647494349622,0.5876130144643505,,,POINT (NaN NaN),GBR
1546,1546,0.013527945888216448,0.08678885227479033,0.04518503650414815,0.0003695753884940858,0.00027944959277108284,151.1350510600501,0.5641025641025641,0.004162269471918553,0.5993703313653459,0.4032647494349622,0.5876130144643505,,,POINT (NaN NaN),GBR
1547,1547,0.005695977216091136,0.08678885227479033,0.04622935235100938,7.841386417602797e-06,0.000637127436123824,156.93505106004991,0.6583333333333333,0.004162269471918553,0.5993703313653459,0.4032647494349622,0.5876130144643505,,,POINT (NaN NaN),GBR
1548,1548,0.01245995016019936,0.08678885227479033,0.04518503650414815,7.477872233010008e-07,0.00027944959277108284,151.1350510600501,0.61,0.004162269471918553,0.5993703313653459,0.4032647494349622,0.5876130144643505,,,POINT (NaN NaN),GBR
1549,1549,0.003915984336062656,0.08678885227479033,0.040695773265631716,0.0,8.786169224555311e-05,134.33557831057877,0.7272727272727273,0.004162269471918553,0.5993703313653459,0.4032647494349622,0.5876130144643505,,,POINT (NaN NaN),GBR
1550,1550,0.011747953008187968,0.08678885227479033,0.04518503650414815,5.1198470828699e-07,0.00027944959277108284,151.1350510600501,0.6640316205533597,0.004162269471918553,0.5993703313653459,0.4032647494349622,0.5876130144643505,,,POINT (NaN NaN),GBR
1551,1551,0.011747953008187968,0.08678885227479033,0.0448626925593011,2.9439476291576898e-06,0.00017471192827766906,147.6350510600503,0.6123076923076923,0.004162269471918553,0.5993703313653459,0.4032647494349622,0.5876130144643505,,,POINT (NaN NaN),GBR
1552,1552,0.01673193307226771,0.08678885227479033,0.049017788339667356,0.000864151949096768,0.0028040321500457763,174.15171772671613,0.39327731092436974,0.004162269471918553,0.5993703313653459,0.4032647494349622,0.5876130144643505,,,POINT (NaN NaN),GBR
1553,1553,0.004983980064079744,0.08678885227479033,0.04959953822736149,0.00040399448747849466,0.002088402268853203,175.91838439338332,0.42857142857142855,0.004162269471918553,0.5993703313653459,0.4032647494349622,0.5876130144643505,,,POINT (NaN NaN),GBR
1554,1554,0.014595941616233536,0.08678885227479033,0.051127592715836695,0.00021137421358197064,0.005342963771895554,188.7517177267168,0.4166666666666667,0.004162269471918553,0.5993703313653459,0.4032647494349622,0.5876130144643505,,,POINT (NaN NaN),GBR
1555,1555,0.008543965824136704,0.08678885227479033,0.046501868798962384,0.0001268186599780706,0.0008590149783371449,160.4350510600498,0.5889328063241107,0.004162269471918553,0.5993703313653459,0.4032647494349622,0.5876130144643505,,,POINT (NaN NaN),GBR
1556,1556,0.006763972944108224,0.08678885227479033,0.05056471574302204,5.509011258607079e-05,0.0028403136386042065,184.0850510600501,0.391812865497076,0.004162269471918553,0.5993703313653459,0.4032647494349622,0.5876130144643505,,,POINT (NaN NaN),GBR
1557,1557,0.009967960128159488,0.08678885227479033,0.05156094512575337,0.0012432554127769736,0.006129993290348494,193.25171772671683,0.2777777777777778,0.004162269471918553,0.5993703313653459,0.4032647494349622,0.5876130144643505,,,POINT (NaN NaN),GBR
1558,1558,0.004983980064079744,0.08678885227479033,0.046793001693089586,7.906477080412407e-06,0.000655668804924665,159.9183843933831,0.6153846153846154,0.004162269471918553,0.5993703313653459,0.4032647494349622,0.5876130144643505,,,POINT (NaN NaN),GBR
1559,1559,0.009967960128159488,0.08678885227479033,0.05046957987144533,0.00022136875805783642,0.002535118694780315,184.33505106005012,0.29365079365079366,0.004162269471918553,0.5993703313653459,0.4032647494349622,0.5876130144643505,,,POINT (NaN NaN),GBR
1560,1560,0.007831968672125312,0.08678885227479033,0.04675295633434497,0.0004066298265134037,0.0006748046299569848,162.15171772671638,0.5108225108225108,0.004162269471918553,0.5993703313653459,0.4032647494349622,0.5876130144643505,,,POINT (NaN NaN),GBR
1561,1561,0.00711997152011392,0.08678885227479033,0.04493229765774404,6.425148010356222e-05,0.0008860181177010415,155.15647963147842,0.2578947368421053,0.004162269471918553,0.5993703313653459,0.4032647494349622,0.5876130144643505,,,POINT (NaN NaN),GBR
1562,1562,0.006763972944108224,0.08678885227479033,0.04579527392517831,0.0002578829970044066,0.0004191463168966278,155.80171772671662,0.4853801169590643,0.004162269471918553,0.5993703313653459,0.4032647494349622,0.5876130144643505,,,POINT (NaN NaN),GBR
1563,1563,0.00533997864008544,0.08678885227479033,0.04514023004067849,5.039978291730805e-06,0.0011641322177842613,156.90647963147828,0.3047619047619048,0.004162269471918553,0.5993703313653459,0.4032647494349622,0.5876130144643505,,,POINT (NaN NaN),GBR
1564,1564,0.006407974368102528,0.08678885227479033,0.04609034656644879,0.0002523764165739147,0.0005376758865130273,156.1683843933832,0.37254901960784315,0.004162269471918553,0.5993703313653459,0.4032647494349622,0.5876130144643505,,,POINT (NaN NaN),GBR
1565,1565,0.022783908864364544,0.08678885227479033,0.050621441823175795,0.00032330357832855496,0.01219506541284829,189.3017177267172,0.5428156748911466,0.004162269471918553,0.5993703313653459,0.4032647494349622,0.5876130144643505,,,POINT (NaN NaN),GBR
1566,1566,0.00355998576005696,0.08678885227479033,0.04930966469428008,1.6264195320964293e-05,0.002348066735167198,172.46044788544677,0.3111111111111111,0.004162269471918553,0.5993703313653459,0.4032647494349622,0.5876130144643505,,,POINT (NaN NaN),GBR
1567,1567,0.004627981488074048,0.08678885227479033,0.048810875800102876,6.437366353237709e-06,0.006465307224089341,178.83505106005003,0.5256410256410257,0.004162269471918553,0.5993703313653459,0.4032647494349622,0.5876130144643505,,,POINT (NaN NaN),GBR
1568,1568,0.008543965824136704,0.08678885227479033,0.04692355958245012,6.121977620614012e-05,0.0008024653296988145,162.9183843933829,0.37318840579710144,0.004162269471918553,0.5993703313653459,0.4032647494349622,0.5876130144643505,,,POINT (NaN NaN),GBR
1569,1569,0.008543965824136704,0.08678885227479033,0.05252164682130746,0.0005391678667819713,0.002583776291275274,186.94933677433497,0.16304347826086957,0.004162269471918553,0.5993703313653459,0.4032647494349622,0.5876130144643505,,,POINT (NaN NaN),GBR
1570,1570,0.006407974368102528,0.08678885227479033,0.05177650793247658,8.684062443477861e-05,0.001134917158635186,178.73267010766824,0.3202614379084967,0.004162269471918553,0.5993703313653459,0.4032647494349622,0.5876130144643505,,,POINT (NaN NaN),GBR
1571,1571,0.01423994304022784,0.08678885227479033,0.05003666374083876,9.480650690685213e-05,0.007884047368779226,181.80171772671702,0.6131907308377896,0.004162269471918553,0.5993703313653459,0.4032647494349622,0.5876130144643505,,,POINT (NaN NaN),GBR
1572,1572,0.015663937344250624,0.08678885227479033,0.05021320438911793,1.8026169097193916e-05,0.009724906293633503,183.63505106005042,0.5571428571428572,0.004162269471918553,0.5993703313653459,0.4032647494349622,0.5876130144643505,,,POINT (NaN NaN),GBR
1573,1573,0.018511925952296192,0.08678885227479033,0.05259925950792501,0.00012469135006544155,0.008971902509982862,185.8886363636357,0.6530989824236818,0.004162269471918553,0.5993703313653459,0.4032647494349622,0.5876130144643505,,,POINT (NaN NaN),GBR
1574,1574,0.009255962976148096,0.08678885227479033,0.06314519361027755,3.458358768387814e-05,0.0016300759185877318,220.91481296481183,0.5296442687747036,0.004162269471918553,0.5993703313653459,0.4032647494349622,0.5876130144643505,,,POINT (NaN NaN),GBR
1575,1575,0.009255962976148096,0.08678885227479033,0.05044202405468859,0.0004073038051446038,0.009904258528832397,186.13505106005047,0.54,0.004162269471918553,0.5993703313653459,0.4032647494349622,0.5876130144643505,,,POINT (NaN NaN),GBR
1576,1576,0.030615877536489856,0.08678885227479033,0.05503956540161734,0.005375926279716383,0.006441146150101782,206.9398129648121,0.2335680751173709,0.004162269471918553,0.5993703313653459,0.4032647494349622,0.5876130144643505,,,POINT (NaN NaN),GBR
1577,1577,0.024563901744393025,0.08678885227479033,0.04966251122034395,0.00015941743511956757,0.009942153224898151,180.96838439338362,0.6094276094276094,0.004162269471918553,0.5993703313653459,0.4032647494349622,0.5876130144643505,,,POINT (NaN NaN),GBR
1578,1578,0.006051975792096832,0.08678885227479033,0.05119372944913153,2.5385636401254986e-05,0.007667130392981002,182.1886363636353,0.47794117647058826,0.004162269471918553,0.5993703313653459,0.4032647494349622,0.5876130144643505,,,POINT (NaN NaN),GBR
1579,1579,0.01067995728017088,0.08678885227479033,0.05245693842686642,0.00020581386616285916,0.0028794070820967166,187.59933677433494,0.4459770114942529,0.004162269471918553,0.5993703313653459,0.4032647494349622,0.5876130144643505,,,POINT (NaN NaN),GBR
1580,1580,0.01245995016019936,0.08678885227479033,0.06376199647826561,0.0004435676086305998,0.002068817987943451,226.49814629814537,0.4981060606060606,0.004162269471918553,0.5993703313653459,0.4032647494349622,0.5876130144643505,,,POINT (NaN NaN),GBR
1581,1581,0.004983980064079744,0.08678885227479033,0.05064717717743262,1.0119249044896002e-06,0.005316684249107655,177.6886363636353,0.6813186813186813,0.004162269471918553,0.5993703313653459,0.4032647494349622,0.5876130144643505,,,POINT (NaN NaN),GBR
1582,1582,0.028123887504449982,0.08678885227479033,0.05468492902660691,0.003353654185455868,0.006234058480842946,203.67314629814535,0.25547785547785545,0.004162269471918553,0.5993703313653459,0.4032647494349622,0.5876130144643505,,,POINT (NaN NaN),GBR
1583,1583,0.01067995728017088,0.08678885227479033,0.053019157800963265,3.1337254445956914e-05,0.015022938853877043,193.0553030303025,0.6576354679802956,0.004162269471918553,0.5993703313653459,0.4032647494349622,0.5876130144643505,,,POINT (NaN NaN),GBR
1584,1584,0.01886792452830189,0.08678885227479033,0.05018790806448865,1.9878817775315328e-05,0.012146097084752784,183.41838439338366,0.716500553709856,0.004162269471918553,0.5993703313653459,0.4032647494349622,0.5876130144643505,,,POINT (NaN NaN),GBR
1585,1585,0.01245995016019936,0.08678885227479033,0.053676184002160544,0.00014489223845185614,0.015520771550514192,195.8386363636359,0.48841354723707664,0.004162269471918553,0.5993703313653459,0.4032647494349622,0.5876130144643505,,,POINT (NaN NaN),GBR
1586,1586,0.01886792452830189,0.08678885227479033,0.05028924659667337,2.8668423997062324e-05,0.008900372159182783,184.8017177267171,0.7,0.004162269471918553,0.5993703313653459,0.4032647494349622,0.5876130144643505,,,POINT (NaN NaN),GBR
1587,1587,0.01886792452830189,0.08678885227479033,0.04936719400793358,3.3632077585172207e-05,0.006132001092352838,176.30171772671687,0.7367021276595744,0.004162269471918553,0.5993703313653459,0.4032647494349622,0.5876130144643505,,,POINT (NaN NaN),GBR
1588,1588,0.04983980064079744,0.08678885227479033,0.05090597726520693,0.0009040661313727851,0.017509849426189363,193.08505106005052,0.4580483736447039,0.004162269471918553,0.5993703313653459,0.4032647494349622,0.5876130144643505,,,POINT (NaN NaN),GBR
1589,1589,0.02135991456034176,0.08678885227479033,0.048906724353465866,2.4934278554693298e-05,0.00904170887706019,173.81838439338327,0.6817496229260935,0.004162269471918553,0.5993703313653459,0.4032647494349622,0.5876130144643505,,,POINT (NaN NaN),GBR
1590,1590,0.0088999644001424,0.08678885227479033,0.05114116915195584,1.5530122321895514e-05,0.016414965900187508,191.2517177267173,0.691699604743083,0.004162269471918553,0.5993703313653459,0.4032647494349622,0.5876130144643505,,,POINT (NaN NaN),GBR
1591,1591,0.014595941616233536,0.08678885227479033,0.05299095612128189,7.612527049928394e-06,0.01210620097213926,189.88863636363584,0.7083333333333334,0.004162269471918553,0.5993703313653459,0.4032647494349622,0.5876130144643505,,,POINT (NaN NaN),GBR
1592,1592,0.024563901744393025,0.08678885227479033,0.056830004282949216,2.8055748776827978e-05,0.029704316733206396,214.43625541125547,0.7111756168359942,0.004162269471918553,0.5993703313653459,0.4032647494349622,0.5876130144643505,,,POINT (NaN NaN),GBR
1593,1593,0.05055179779280883,0.08678885227479033,0.0509841338321443,0.001784357073971237,0.014985733702472737,196.30171772671727,0.47436281859070467,0.004162269471918553,0.5993703313653459,0.4032647494349622,0.5876130144643505,,,POINT (NaN NaN),GBR
1594,1594,0.024563901744393025,0.08678885227479033,0.05169849377686039,6.495732253891405e-06,0.02811471467608452,201.4183843933841,0.7452830188679245,0.004162269471918553,0.5993703313653459,0.4032647494349622,0.5876130144643505,,,POINT (NaN NaN),GBR
1595,1595,0.013171947312210752,0.08678885227479033,0.054591129834451496,6.586317135934386e-05,0.004712593447897718,199.77314629814518,0.3663663663663664,0.004162269471918553,0.5993703313653459,0.4032647494349622,0.5876130144643505,,,POINT (NaN NaN),GBR
1596,1596,0.015307938768244928,0.08678885227479033,0.052543775056967286,2.1484778250139022e-05,0.012270511131529691,186.17196969696897,0.7226890756302521,0.004162269471918553,0.5993703313653459,0.4032647494349622,0.5876130144643505,,,POINT (NaN NaN),GBR
1597,1597,0.01601993592025632,0.08678885227479033,0.05169849377686039,1.7247274935693686e-06,0.026077390936002594,201.4183843933841,0.7375145180023229,0.004162269471918553,0.5993703313653459,0.4032647494349622,0.5876130144643505,,,POINT (NaN NaN),GBR
1598,1598,0.022427910288358846,0.08678885227479033,0.049811498754004986,3.663121316258444e-05,0.008935177125422,182.96838439338364,0.6393323657474601,0.004162269471918553,0.5993703313653459,0.4032647494349622,0.5876130144643505,,,POINT (NaN NaN),GBR
1599,1599,0.005695977216091136,0.08678885227479033,0.050061547296083725,0.0,0.001359570995224501,169.21600344100187,1.0,0.004162269471918553,0.5993703313653459,0.4032647494349622,0.5876130144643505,,,POINT (NaN NaN),GBR
1600,1600,0.02385190459238163,0.08678885227479033,0.05064717717743262,0.0001345892607485786,0.011273500082881426,189.8017177267172,0.6207650273224044,0.004162269471918553,0.5993703313653459,0.4032647494349622,0.5876130144643505,,,POINT (NaN NaN),GBR
1601,1601,0.04734781060875757,0.08678885227479033,0.0530756513095418,0.00022768751379971313,0.01652898625744495,193.67196969696914,0.5658580413297395,0.004162269471918553,0.5993703313653459,0.4032647494349622,0.5876130144643505,,,POINT (NaN NaN),GBR
1602,1602,0.03097187611249555,0.08678885227479033,0.05488870386116252,3.0243440957305292e-05,0.040181639076933534,213.6719696969696,0.6091346153846153,0.004162269471918553,0.5993703313653459,0.4032647494349622,0.5876130144643505,,,POINT (NaN NaN),GBR
1603,1603,0.016375934496262016,0.08678885227479033,0.047326839671263644,9.071042710500886e-06,0.005005864789740549,165.91838439338312,0.8111111111111111,0.004162269471918553,0.5993703313653459,0.4032647494349622,0.5876130144643505,,,POINT (NaN NaN),GBR
1604,1604,0.021715913136347458,0.08678885227479033,0.05447433238080483,0.0007394205564559648,0.005609875412759442,200.50647963147858,0.4212121212121212,0.004162269471918553,0.5993703313653459,0.4032647494349622,0.5876130144643505,,,POINT (NaN NaN),GBR
1605,1605,0.015307938768244928,0.08678885227479033,0.051378544356890134,6.7936969438109336e-06,0.020868796389852874,197.0850510600507,0.6774628879892037,0.004162269471918553,0.5993703313653459,0.4032647494349622,0.5876130144643505,,,POINT (NaN NaN),GBR
1606,1606,0.057671769312922755,0.08678885227479033,0.05458794384000547,0.000454123075923719,0.030127038777910998,208.0053030303028,0.5252675789188457,0.004162269471918553,0.5993703313653459,0.4032647494349622,0.5876130144643505,,,POINT (NaN NaN),GBR
1607,1607,0.01673193307226771,0.08678885227479033,0.051771661152476986,6.463606871296225e-05,0.002640444885531056,181.09933677433494,0.5436720142602496,0.004162269471918553,0.5993703313653459,0.4032647494349622,0.5876130144643505,,,POINT (NaN NaN),GBR
1608,1608,0.029547881808472766,0.08678885227479033,0.04840767614577744,2.478354990744759e-05,0.009959007562413736,175.03505106004982,0.598982785602504,0.004162269471918553,0.5993703313653459,0.4032647494349622,0.5876130144643505,,,POINT (NaN NaN),GBR
1609,1609,0.05838376646493414,0.08678885227479033,0.05361840554790634,0.0006030177328911404,0.01993874015465795,199.83863636363589,0.47694859038142623,0.004162269471918553,0.5993703313653459,0.4032647494349622,0.5876130144643505,,,POINT (NaN NaN),GBR
1610,1610,0.020291918832324674,0.08678885227479033,0.05161813342383936,1.3300352102533227e-05,0.025794774793689638,199.58505106005074,0.6564482029598309,0.004162269471918553,0.5993703313653459,0.4032647494349622,0.5876130144643505,,,POINT (NaN NaN),GBR
1611,1611,0.028835884656461377,0.08678885227479033,0.05976184613557886,0.0008065232588341867,0.04582115601483988,231.68625541125556,0.42373417721518986,0.004162269471918553,0.5993703313653459,0.4032647494349622,0.5876130144643505,,,POINT (NaN NaN),GBR
1612,1612,0.010323958704165184,0.08678885227479033,0.050199729800449885,2.704897781941719e-06,0.001593486808202779,171.38267010766847,0.8362573099415205,0.004162269471918553,0.5993703313653459,0.4032647494349622,0.5876130144643505,,,POINT (NaN NaN),GBR
1613,1613,0.009611961552153792,0.08678885227479033,0.05265486126216171,2.0815009977975213e-05,0.01720818430559568,192.99378121878078,0.6679841897233202,0.004162269471918553,0.5993703313653459,0.4032647494349622,0.5876130144643505,,,POINT (NaN NaN),GBR
1614,1614,0.026699893200427198,0.08678885227479033,0.050621441823175795,7.71494275857548e-06,0.024634176371254046,192.8683843933839,0.7896103896103897,0.004162269471918553,0.5993703313653459,0.4032647494349622,0.5876130144643505,,,POINT (NaN NaN),GBR
1615,1615,0.024563901744393025,0.08678885227479033,0.05199530141336638,7.4838762758689e-06,0.03257531540251939,206.5850510600509,0.6998491704374057,0.004162269471918553,0.5993703313653459,0.4032647494349622,0.5876130144643505,,,POINT (NaN NaN),GBR
1616,1616,0.039515841936632254,0.08678885227479033,0.05008697712821014,0.00023552496045539133,0.012261011289636647,188.1350510600504,0.5747268604411462,0.004162269471918553,0.5993703313653459,0.4032647494349622,0.5876130144643505,,,POINT (NaN NaN),GBR
1617,1617,0.008187967248131008,0.08678885227479033,0.050750380798782455,7.3734161036182105e-06,0.011002192337651432,186.7517177267172,0.6894736842105263,0.004162269471918553,0.5993703313653459,0.4032647494349622,0.5876130144643505,,,POINT (NaN NaN),GBR
1618,1618,0.0088999644001424,0.08678885227479033,0.05008124105977219,9.901380990341077e-08,0.00171599303415851,169.71600344100185,0.8916666666666667,0.004162269471918553,0.5993703313653459,0.4032647494349622,0.5876130144643505,,,POINT (NaN NaN),GBR
1619,1619,0.03631185475258099,0.08678885227479033,0.05124639789506686,3.516849730517858e-05,0.03102674984589215,200.58505106005077,0.6716297786720322,0.004162269471918553,0.5993703313653459,0.4032647494349622,0.5876130144643505,,,POINT (NaN NaN),GBR
1620,1620,0.04022783908864365,0.08678885227479033,0.051036371674185434,4.078115795151373e-05,0.028076876974349053,196.91838439338403,0.6126946811636791,0.004162269471918553,0.5993703313653459,0.4032647494349622,0.5876130144643505,,,POINT (NaN NaN),GBR
1621,1621,0.02847988608045568,0.08678885227479033,0.05119372944913153,2.4417081078732593e-06,0.029205466760748373,199.58505106005074,0.7333333333333333,0.004162269471918553,0.5993703313653459,0.4032647494349622,0.5876130144643505,,,POINT (NaN NaN),GBR
1622,1622,0.07297970808116767,0.08678885227479033,0.05446856069328046,0.0006854916498802735,0.032969065139117876,210.00530303030283,0.4466694595726854,0.004162269471918553,0.5993703313653459,0.4032647494349622,0.5876130144643505,,,POINT (NaN NaN),GBR
1623,1623,0.03097187611249555,0.08678885227479033,0.06416659010783311,0.002305739197897149,0.02775971227265832,238.6386363636367,0.3132992327365729,0.004162269471918553,0.5993703313653459,0.4032647494349622,0.5876130144643505,,,POINT (NaN NaN),GBR
1624,1624,0.006051975792096832,0.08678885227479033,0.05609403012838399,6.666991804280137e-05,0.017800238958964057,196.35292207792205,0.40441176470588236,0.004162269471918553,0.5993703313653459,0.4032647494349622,0.5876130144643505,,,POINT (NaN NaN),GBR
1625,1625,0.013883944464222144,0.08678885227479033,0.055779953811875685,0.0003244092163753212,0.01687126782191518,197.68625541125542,0.29959514170040485,0.004162269471918553,0.5993703313653459,0.4032647494349622,0.5876130144643505,,,POINT (NaN NaN),GBR
1626,1626,0.043787824848700606,0.08678885227479033,0.0522133110628983,0.00013278458490220717,0.04120491359710632,210.91838439338426,0.5658002735978113,0.004162269471918553,0.5993703313653459,0.4032647494349622,0.5876130144643505,,,POINT (NaN NaN),GBR
1627,1627,0.0352438590245639,0.08678885227479033,0.055070755946937514,6.216740370638331e-05,0.0476578873413563,211.58863636363617,0.5889792231255646,0.004162269471918553,0.5993703313653459,0.4032647494349622,0.5876130144643505,,,POINT (NaN NaN),GBR
1628,1628,0.03631185475258099,0.08678885227479033,0.05609403012838399,5.1467201064794284e-05,0.04388205187186848,212.98625541125534,0.6803603603603604,0.004162269471918553,0.5993703313653459,0.4032647494349622,0.5876130144643505,,,POINT (NaN NaN),GBR
1629,1629,0.03844784620861517,0.08678885227479033,0.05476800302804286,3.719371047004781e-05,0.04183888175463568,212.33863636363623,0.6208860759493671,0.004162269471918553,0.5993703313653459,0.4032647494349622,0.5876130144643505,,,POINT (NaN NaN),GBR
1630,1630,0.06550373798504806,0.08678885227479033,0.05679760405245723,0.0002404604278018316,0.060822501209205404,223.65292207792206,0.536,0.004162269471918553,0.5993703313653459,0.4032647494349622,0.5876130144643505,,,POINT (NaN NaN),GBR
1631,1631,0.02385190459238163,0.08678885227479033,0.05702518460676014,0.0007238792579162307,0.023289165239714214,204.93625541125544,0.5076923076923077,0.004162269471918553,0.5993703313653459,0.4032647494349622,0.5876130144643505,,,POINT (NaN NaN),GBR
1632,1632,0.026343894624421504,0.08678885227479033,0.05426089188889432,2.4972845949624e-05,0.03454552919878156,203.8386363636361,0.6696914700544465,0.004162269471918553,0.5993703313653459,0.4032647494349622,0.5876130144643505,,,POINT (NaN NaN),GBR
1633,1633,0.03203987184051264,0.08678885227479033,0.050672938712110864,2.4401094113244493e-05,0.02669221800609336,193.53505106005056,0.6858804865150714,0.004162269471918553,0.5993703313653459,0.4032647494349622,0.5876130144643505,,,POINT (NaN NaN),GBR
1634,1634,0.039515841936632254,0.08678885227479033,0.0547379107186868,4.684911884251788e-05,0.046194375487908154,210.50530303030288,0.6779312371436967,0.004162269471918553,0.5993703313653459,0.4032647494349622,0.5876130144643505,,,POINT (NaN NaN),GBR
1635,1635,0.027767888928444288,0.08678885227479033,0.057287520131115564,0.00020428379568836232,0.0351138041663136,208.1862554112555,0.5421052631578948,0.004162269471918553,0.5993703313653459,0.4032647494349622,0.5876130144643505,,,POINT (NaN NaN),GBR
1636,1636,0.03275186899252403,0.08678885227479033,0.0541135239044052,8.192937990372238e-05,0.025228947095495016,200.33863636363606,0.6536842105263158,0.004162269471918553,0.5993703313653459,0.4032647494349622,0.5876130144643505,,,POINT (NaN NaN),GBR
1637,1637,0.013883944464222144,0.08678885227479033,0.054242230410711925,0.00013225467191275707,0.00819222000875295,198.2898129648119,0.5555555555555556,0.004162269471918553,0.5993703313653459,0.4032647494349622,0.5876130144643505,,,POINT (NaN NaN),GBR
1638,1638,0.025631897472410112,0.08678885227479033,0.052571502642749325,4.1553254295401834e-05,0.011298939953731695,182.75530303030231,0.8344640434192673,0.004162269471918553,0.5993703313653459,0.4032647494349622,0.5876130144643505,,,POINT (NaN NaN),GBR
1639,1639,0.013171947312210752,0.08678885227479033,0.05313226533760532,1.1553341263412329e-05,0.03472081909586145,191.75530303030263,0.6096096096096096,0.004162269471918553,0.5993703313653459,0.4032647494349622,0.5876130144643505,,,POINT (NaN NaN),GBR
1640,1640,0.02313990744037024,0.08678885227479033,0.06160976964008037,0.00049247756894446,0.03662645287769192,223.41554834054867,0.4254807692307692,0.004162269471918553,0.5993703313653459,0.4032647494349622,0.5876130144643505,,,POINT (NaN NaN),GBR
1641,1641,0.07831968672125311,0.08678885227479033,0.06191609540584833,0.0010766382524962986,0.06730485154270302,242.9529220779226,0.4934228187919463,0.004162269471918553,0.5993703313653459,0.4032647494349622,0.5876130144643505,,,POINT (NaN NaN),GBR
1642,1642,0.022071911712353152,0.08678885227479033,0.05755228047834198,8.594721334882683e-05,0.03316085434698141,206.68625541125547,0.5838383838383838,0.004162269471918553,0.5993703313653459,0.4032647494349622,0.5876130144643505,,,POINT (NaN NaN),GBR
1643,1643,0.04236383054467782,0.08678885227479033,0.054918962242563374,0.00013502960167551214,0.05184754273843796,211.7553030303029,0.6663160109404587,0.004162269471918553,0.5993703313653459,0.4032647494349622,0.5876130144643505,,,POINT (NaN NaN),GBR
1644,1644,0.03987184051263795,0.08678885227479033,0.05641166336806907,0.00010632996300573062,0.04335348357178656,213.0195887445888,0.6798534798534799,0.004162269471918553,0.5993703313653459,0.4032647494349622,0.5876130144643505,,,POINT (NaN NaN),GBR
1645,1645,0.02598789604841581,0.08678885227479033,0.05795404159860964,6.147913569641005e-05,0.036029599654476205,211.1862554112555,0.6748591909882232,0.004162269471918553,0.5993703313653459,0.4032647494349622,0.5876130144643505,,,POINT (NaN NaN),GBR
1646,1646,0.07903168387326451,0.08678885227479033,0.06034100394185946,0.0009894638181211421,0.06778991169648634,240.51958874458893,0.47593582887700536,0.004162269471918553,0.5993703313653459,0.4032647494349622,0.5876130144643505,,,POINT (NaN NaN),GBR
1647,1647,0.008543965824136704,0.08678885227479033,0.04963216950251107,3.6771321768120123e-07,0.0015037971038076548,165.4993367743353,0.783625730994152,0.004162269471918553,0.5993703313653459,0.4032647494349622,0.5876130144643505,,,POINT (NaN NaN),GBR
1648,1648,0.025631897472410112,0.08678885227479033,0.05603093223172664,0.0001850454067628722,0.036250665729142095,204.11958874458864,0.5175050301810865,0.004162269471918553,0.5993703313653459,0.4032647494349622,0.5876130144643505,,,POINT (NaN NaN),GBR
1649,1649,0.01886792452830189,0.08678885227479033,0.05405480060119912,1.4418433825645116e-05,0.042550570495567895,199.25530303030268,0.6117021276595744,0.004162269471918553,0.5993703313653459,0.4032647494349622,0.5876130144643505,,,POINT (NaN NaN),GBR
1650,1650,0.04556781772872909,0.08678885227479033,0.06056109271003645,0.001770699298667539,0.07939945148693386,245.10292207792224,0.3262795275590551,0.004162269471918553,0.5993703313653459,0.4032647494349622,0.5876130144643505,,,POINT (NaN NaN),GBR
1651,1651,0.028123887504449982,0.08678885227479033,0.056700624648838904,0.00011911503364355307,0.03935497603843703,203.01958874458882,0.6770186335403726,0.004162269471918553,0.5993703313653459,0.4032647494349622,0.5876130144643505,,,POINT (NaN NaN),GBR
1652,1652,0.07653969384122464,0.08678885227479033,0.06026799607260131,0.000798685706049676,0.07823987075050422,242.06958874458905,0.4838709677419355,0.004162269471918553,0.5993703313653459,0.4032647494349622,0.5876130144643505,,,POINT (NaN NaN),GBR
1653,1653,0.024207903168387328,0.08678885227479033,0.05839748384125729,0.0009871485637545255,0.017427903379107372,213.5076839826835,0.4246068455134135,0.004162269471918553,0.5993703313653459,0.4032647494349622,0.5876130144643505,,,POINT (NaN NaN),GBR
1654,1654,0.01245995016019936,0.08678885227479033,0.0577877960844035,1.7574335726695079e-06,0.012906967652763425,207.09101731601666,0.6298850574712643,0.004162269471918553,0.5993703313653459,0.4032647494349622,0.5876130144643505,,,POINT (NaN NaN),GBR
1655,1655,0.02598789604841581,0.08678885227479033,0.05313226533760532,1.583290007808459e-05,0.03537741624784677,190.58863636363589,0.852717708942139,0.004162269471918553,0.5993703313653459,0.4032647494349622,0.5876130144643505,,,POINT (NaN NaN),GBR
1656,1656,0.03453186187255251,0.08678885227479033,0.05299095612128189,1.1641475551439428e-05,0.03115996892342291,189.83863636363586,0.7290625918307376,0.004162269471918553,0.5993703313653459,0.4032647494349622,0.5876130144643505,,,POINT (NaN NaN),GBR
1657,1657,0.029903880384478464,0.08678885227479033,0.05188697786875519,1.9534997598875343e-05,0.04048738540754982,208.91838439338437,0.6284684684684685,0.004162269471918553,0.5993703313653459,0.4032647494349622,0.5876130144643505,,,POINT (NaN NaN),GBR
1658,1658,0.004271982912068352,0.08678885227479033,0.0,0.0,2.4946305565830578e-23,0.0,0.7727272727272727,0.004162269471918553,0.5993703313653459,0.4032647494349622,0.5876130144643505,,,POINT (NaN NaN),GBR
1659,1659,0.05695977216091136,0.08678885227479033,0.05191401641897341,0.0001917489578645325,0.041967463976695284,209.41838439338437,0.5897640943622551,0.004162269471918553,0.5993703313653459,0.4032647494349622,0.5876130144643505,,,POINT (NaN NaN),GBR
1660,1660,0.04734781060875757,0.08678885227479033,0.06448090453592878,0.00025520848418325543,0.1119802577206122,265.45292207792323,0.48776647286821706,0.004162269471918553,0.5993703313653459,0.4032647494349622,0.5876130144643505,,,POINT (NaN NaN),GBR
1661,1661,0.04699181203275187,0.08678885227479033,0.05829315243300758,0.00034926192621399777,0.10861423829192764,233.93625541125553,0.584930384930385,0.004162269471918553,0.5993703313653459,0.4032647494349622,0.5876130144643505,,,POINT (NaN NaN),GBR
1662,1662,0.024207903168387328,0.08678885227479033,0.058883679358899585,0.0009980519820200274,0.01707273820507133,214.5076839826835,0.44495837187789083,0.004162269471918553,0.5993703313653459,0.4032647494349622,0.5876130144643505,,,POINT (NaN NaN),GBR
1663,1663,0.07404770380918477,0.08678885227479033,0.055562184890133835,0.00030971147796271206,0.08412509812571278,224.5886363636363,0.5042825607064018,0.004162269471918553,0.5993703313653459,0.4032647494349622,0.5876130144643505,,,POINT (NaN NaN),GBR
1664,1664,0.020647917408330368,0.08678885227479033,0.057735380849859824,0.0006295090440487714,0.014807272396916227,207.09101731601666,0.5645645645645646,0.004162269471918553,0.5993703313653459,0.4032647494349622,0.5876130144643505,,,POINT (NaN NaN),GBR
1665,1665,0.0715557137771449,0.08678885227479033,0.062147846230823436,0.0006452281231155598,0.1014908432855707,246.05292207792246,0.5524971327285997,0.004162269471918553,0.5993703313653459,0.4032647494349622,0.5876130144643505,,,POINT (NaN NaN),GBR
1666,1666,0.02135991456034176,0.08678885227479033,0.0513256040741937,6.296448580884043e-07,0.007327127421033338,175.00530303030206,0.8540100250626567,0.004162269471918553,0.5993703313653459,0.4032647494349622,0.5876130144643505,,,POINT (NaN NaN),GBR
1667,1667,0.07618369526521894,0.08678885227479033,0.05550027716323676,0.0004481387137052354,0.07897916126131758,224.9219696969697,0.5170068027210885,0.004162269471918553,0.5993703313653459,0.4032647494349622,0.5876130144643505,,,POINT (NaN NaN),GBR
1668,1668,0.018155927376290494,0.08678885227479033,0.05781403940687598,0.00032016366401904064,0.014717712130262408,207.59101731601666,0.5932773109243697,0.004162269471918553,0.5993703313653459,0.4032647494349622,0.5876130144643505,,,POINT (NaN NaN),GBR
1669,1669,0.01886792452830189,0.08678885227479033,0.05791925148950905,0.0004096891516399188,0.015172271637174701,209.59101731601675,0.5690690690690691,0.004162269471918553,0.5993703313653459,0.4032647494349622,0.5876130144643505,,,POINT (NaN NaN),GBR
1670,1670,0.03346386614453542,0.08678885227479033,0.05051876141379816,3.090150209683501e-05,0.025227978392025785,190.86838439338385,0.7364492048036352,0.004162269471918553,0.5993703313653459,0.4032647494349622,0.5876130144643505,,,POINT (NaN NaN),GBR
1671,1671,0.022071911712353152,0.08678885227479033,0.05839566090739153,0.003605199024916666,0.035953504949342525,221.10292207792222,0.4182971972501322,0.004162269471918553,0.5993703313653459,0.4032647494349622,0.5876130144643505,,,POINT (NaN NaN),GBR
1672,1672,0.032395870416518334,0.08678885227479033,0.0530756513095418,1.2768295988870885e-05,0.027318315593941357,188.92196969696917,0.8270676691729323,0.004162269471918553,0.5993703313653459,0.4032647494349622,0.5876130144643505,,,POINT (NaN NaN),GBR
1673,1673,0.08508365966536134,0.08678885227479033,0.06443919631824707,0.0006988246754363348,0.12661490899290948,264.78625541125655,0.5146087094976515,0.004162269471918553,0.5993703313653459,0.4032647494349622,0.5876130144643505,,,POINT (NaN NaN),GBR
1674,1674,0.014951940192239232,0.08678885227479033,0.05776157657619822,4.1541860936039246e-06,0.012747753630082497,206.59101731601663,0.6413793103448275,0.004162269471918553,0.5993703313653459,0.4032647494349622,0.5876130144643505,,,POINT (NaN NaN),GBR
1675,1675,0.05411178355286579,0.08678885227479033,0.05550027716323676,0.00020486730379228255,0.07655294541437944,224.9219696969697,0.5573039601363755,0.004162269471918553,0.5993703313653459,0.4032647494349622,0.5876130144643505,,,POINT (NaN NaN),GBR
1676,1676,0.03132787468850125,0.08678885227479033,0.053879392919421294,2.4028960128197217e-05,0.0431616851598465,201.67196969696946,0.7202797202797203,0.004162269471918553,0.5993703313653459,0.4032647494349622,0.5876130144643505,,,POINT (NaN NaN),GBR
1677,1677,0.03809184763260947,0.08678885227479033,0.06281399590668978,0.0002210691231780218,0.0783691590835341,248.81085858585888,0.43166989948862633,0.004162269471918553,0.5993703313653459,0.4032647494349622,0.5876130144643505,,,POINT (NaN NaN),GBR
1678,1678,0.05197579209683162,0.08678885227479033,0.05510121543584622,0.0001212407932366523,0.07249375480856043,218.42196969696968,0.6057851239669422,0.004162269471918553,0.5993703313653459,0.4032647494349622,0.5876130144643505,,,POINT (NaN NaN),GBR
1679,1679,0.050907796368814526,0.08678885227479033,0.05537687465703723,0.00014981605627777456,0.07356873211339963,222.92196969696968,0.5748543557783499,0.004162269471918553,0.5993703313653459,0.4032647494349622,0.5876130144643505,,,POINT (NaN NaN),GBR
1680,1680,0.03453186187255251,0.08678885227479033,0.053019157800963265,1.4020566002513236e-05,0.04583746243314896,192.25530303030263,0.733932733932734,0.004162269471918553,0.5993703313653459,0.4032647494349622,0.5876130144643505,,,POINT (NaN NaN),GBR
1681,1681,0.019223923104307584,0.08678885227479033,0.053245856498134674,1.7487957506835369e-06,0.03213066885472024,191.2553030303026,0.8888888888888888,0.004162269471918553,0.5993703313653459,0.4032647494349622,0.5876130144643505,,,POINT (NaN NaN),GBR
1682,1682,0.013527945888216448,0.08678885227479033,0.05653042396711408,0.00033400505039171805,0.01185853396005444,196.45768398268302,0.7415384615384616,0.004162269471918553,0.5993703313653459,0.4032647494349622,0.5876130144643505,,,POINT (NaN NaN),GBR
1683,1683,0.016375934496262016,0.08678885227479033,0.05923988588829265,0.00024062872020316406,0.014414867346718712,211.43863636363602,0.6748768472906403,0.004162269471918553,0.5993703313653459,0.4032647494349622,0.5876130144643505,,,POINT (NaN NaN),GBR
1684,1684,0.03346386614453542,0.08678885227479033,0.06012250905733854,4.36994314214129e-06,0.07557784350575023,241.5195887445889,0.4948524365133837,0.004162269471918553,0.5993703313653459,0.4032647494349622,0.5876130144643505,,,POINT (NaN NaN),GBR
1685,1685,0.04307582769668922,0.08678885227479033,0.06119348741278253,3.8202947039614764e-05,0.10740281755331615,254.2695887445889,0.4834710743801653,0.004162269471918553,0.5993703313653459,0.4032647494349622,0.5876130144643505,,,POINT (NaN NaN),GBR
1686,1686,0.053755784976860094,0.08678885227479033,0.06293303696020844,7.983567027940815e-05,0.10877374635843437,248.61958874458915,0.724325373713842,0.004162269471918553,0.5993703313653459,0.4032647494349622,0.5876130144643505,,,POINT (NaN NaN),GBR
1687,1687,0.009255962976148096,0.08678885227479033,0.05206810420202082,5.794719697226577e-05,0.003642697683218998,180.53981296481163,0.783625730994152,0.004162269471918553,0.5993703313653459,0.4032647494349622,0.5876130144643505,,,POINT (NaN NaN),GBR
1688,1688,0.026699893200427198,0.08678885227479033,0.05947641642269252,5.756553969813626e-06,0.07545918573187978,231.43625541125556,0.5971171171171171,0.004162269471918553,0.5993703313653459,0.4032647494349622,0.5876130144643505,,,POINT (NaN NaN),GBR
1689,1689,0.07618369526521894,0.08678885227479033,0.058123102396738596,0.00026432125591751193,0.1187524339819475,243.31958874458874,0.5155106308818403,0.004162269471918553,0.5993703313653459,0.4032647494349622,0.5876130144643505,,,POINT (NaN NaN),GBR
1690,1690,0.055535777856888575,0.08678885227479033,0.06305253006836074,5.802139714134949e-05,0.11107547012877034,249.45292207792252,0.7375757575757576,0.004162269471918553,0.5993703313653459,0.4032647494349622,0.5876130144643505,,,POINT (NaN NaN),GBR
1691,1691,0.029903880384478464,0.08678885227479033,0.059053347663313556,5.3478591339479535e-06,0.06150583327232496,233.0195887445889,0.51061388410786,0.004162269471918553,0.5993703313653459,0.4032647494349622,0.5876130144643505,,,POINT (NaN NaN),GBR
1692,1692,0.04699181203275187,0.08678885227479033,0.05666837173379406,2.6895458692891117e-05,0.09033655895702329,221.65292207792206,0.7594627594627594,0.004162269471918553,0.5993703313653459,0.4032647494349622,0.5876130144643505,,,POINT (NaN NaN),GBR
1693,1693,0.04734781060875757,0.08678885227479033,0.06373832214204093,0.00010350254808053449,0.10712144974332989,261.7862554112562,0.45917187138561183,0.004162269471918553,0.5993703313653459,0.4032647494349622,0.5876130144643505,,,POINT (NaN NaN),GBR
1694,1694,0.03203987184051264,0.08678885227479033,0.06012250905733854,8.256492966205551e-06,0.08437572591894667,239.35292207792224,0.5583021223470662,0.004162269471918553,0.5993703313653459,0.4032647494349622,0.5876130144643505,,,POINT (NaN NaN),GBR
1695,1695,0.04307582769668922,0.08678885227479033,0.05856731188007641,1.3728577373824562e-05,0.08918111460481036,228.58625541125562,0.7822721598002497,0.004162269471918553,0.5993703313653459,0.4032647494349622,0.5876130144643505,,,POINT (NaN NaN),GBR
1696,1696,0.015663937344250624,0.08678885227479033,0.051036371674185434,0.0,0.00634170444405337,173.15530303030195,0.9292682926829269,0.004162269471918553,0.5993703313653459,0.4032647494349622,0.5876130144643505,,,POINT (NaN NaN),GBR
1697,1697,0.05482378070487719,0.08678885227479033,0.057090542984532935,2.066650373974094e-05,0.10939091014776682,229.4862554112554,0.7345911949685534,0.004162269471918553,0.5993703313653459,0.4032647494349622,0.5876130144643505,,,POINT (NaN NaN),GBR
1698,1698,0.042007831968672124,0.08678885227479033,0.05423135411432224,1.434642142565025e-05,0.05731230693942514,205.92196969696954,0.7317982456140351,0.004162269471918553,0.5993703313653459,0.4032647494349622,0.5876130144643505,,,POINT (NaN NaN),GBR
1699,1699,0.014951940192239232,0.08678885227479033,0.06265084388481343,0.0007433872310597311,0.014518751422029828,220.6053030303033,0.5344827586206896,0.004162269471918553,0.5993703313653459,0.4032647494349622,0.5876130144643505,,,POINT (NaN NaN),GBR
1700,1700,0.0622997508009968,0.08678885227479033,0.06130646000492921,7.665675817065182e-05,0.11755015372694552,248.70292207792238,0.6315460567429071,0.004162269471918553,0.5993703313653459,0.4032647494349622,0.5876130144643505,,,POINT (NaN NaN),GBR
1701,1701,0.05838376646493414,0.08678885227479033,0.061457740597168395,6.434231324291873e-05,0.11812287592751289,250.0362554112557,0.6811094452773613,0.004162269471918553,0.5993703313653459,0.4032647494349622,0.5876130144643505,,,POINT (NaN NaN),GBR
1702,1702,0.029903880384478464,0.08678885227479033,0.06141985049815658,0.001970674738783627,0.052860331209333825,236.06085858585885,0.46184738955823296,0.004162269471918553,0.5993703313653459,0.4032647494349622,0.5876130144643505,,,POINT (NaN NaN),GBR
1703,1703,0.04805980776076896,0.08678885227479033,0.05590516134007293,1.5123286573215034e-05,0.08702535690093349,214.9862554112554,0.7494156147732586,0.004162269471918553,0.5993703313653459,0.4032647494349622,0.5876130144643505,,,POINT (NaN NaN),GBR
1704,1704,0.038803844784620865,0.08678885227479033,0.06297281764096711,3.0023799995059872e-05,0.10048358451708894,251.2862554112558,0.6246360582306831,0.004162269471918553,0.5993703313653459,0.4032647494349622,0.5876130144643505,,,POINT (NaN NaN),GBR
1705,1705,0.03488786044855821,0.08678885227479033,0.0662364801113116,0.002799376069312988,0.09309094033374185,258.1219696969699,0.5093501636278635,0.004162269471918553,0.5993703313653459,0.4032647494349622,0.5876130144643505,,,POINT (NaN NaN),GBR
1706,1706,0.043431826272694915,0.08678885227479033,0.05686244150000569,1.3783566832808291e-05,0.0881958500528007,217.8529220779222,0.8028210402585954,0.004162269471918553,0.5993703313653459,0.4032647494349622,0.5876130144643505,,,POINT (NaN NaN),GBR
1707,1707,0.031683873264506945,0.08678885227479033,0.0633734080839758,0.0009872196473827049,0.06037643288419861,241.96554834054874,0.4925944841675179,0.004162269471918553,0.5993703313653459,0.4032647494349622,0.5876130144643505,,,POINT (NaN NaN),GBR
1708,1708,0.04307582769668922,0.08678885227479033,0.055284682301892325,1.3681519552127086e-05,0.07137247687922238,207.902922077922,0.7611491108071136,0.004162269471918553,0.5993703313653459,0.4032647494349622,0.5876130144643505,,,POINT (NaN NaN),GBR
1709,1709,0.013883944464222144,0.08678885227479033,0.05845110871163495,2.6121758169097442e-05,0.01666541861094682,208.85768398268334,0.5747126436781609,0.004162269471918553,0.5993703313653459,0.4032647494349622,0.5876130144643505,,,POINT (NaN NaN),GBR
1710,1710,0.06514773940904237,0.08678885227479033,0.06104350337500611,8.160170480176822e-05,0.11650559012084459,249.2029220779224,0.6267224409448819,0.004162269471918553,0.5993703313653459,0.4032647494349622,0.5876130144643505,,,POINT (NaN NaN),GBR
1711,1711,0.009255962976148096,0.08678885227479033,0.05737111977194272,4.854521753124073e-06,0.015909223737940736,200.69101731601694,0.6492307692307693,0.004162269471918553,0.5993703313653459,0.4032647494349622,0.5876130144643505,,,POINT (NaN NaN),GBR
1712,1712,0.026699893200427198,0.08678885227479033,0.061012812690665046,0.0012126193187920746,0.049566120043999094,233.14419191919222,0.5081081081081081,0.004162269471918553,0.5993703313653459,0.4032647494349622,0.5876130144643505,,,POINT (NaN NaN),GBR
1713,1713,0.06692773228907084,0.08678885227479033,0.0643559415426421,0.00011712218608167814,0.12207257742830631,264.4529220779232,0.575002462326406,0.004162269471918553,0.5993703313653459,0.4032647494349622,0.5876130144643505,,,POINT (NaN NaN),GBR
1714,1714,0.09505161979352084,0.08678885227479033,0.06663745652709697,0.004043228461034546,0.1387493909207479,271.58221500721584,0.4748301910747159,0.004162269471918553,0.5993703313653459,0.4032647494349622,0.5876130144643505,,,POINT (NaN NaN),GBR
1715,1715,0.04022783908864365,0.08678885227479033,0.06085705406720218,1.997174436365733e-05,0.09055064803597894,248.35292207792224,0.5082174462705437,0.004162269471918553,0.5993703313653459,0.4032647494349622,0.5876130144643505,,,POINT (NaN NaN),GBR
1716,1716,0.06051975792096832,0.08678885227479033,0.06386089583846793,4.053454133728977e-05,0.11478021847387483,265.71958874458977,0.5167671638633238,0.004162269471918553,0.5993703313653459,0.4032647494349622,0.5876130144643505,,,POINT (NaN NaN),GBR
1717,1717,0.07689569241723034,0.08678885227479033,0.05884406232014765,0.0016927026185065226,0.10852150063050998,237.35292207792227,0.5229530201342282,0.004162269471918553,0.5993703313653459,0.4032647494349622,0.5876130144643505,,,POINT (NaN NaN),GBR
1718,1718,0.07333570665717337,0.08678885227479033,0.06394287388190627,0.00018003463530870495,0.1219369646310516,261.95292207792284,0.5683760683760684,0.004162269471918553,0.5993703313653459,0.4032647494349622,0.5876130144643505,,,POINT (NaN NaN),GBR
1719,1719,0.008543965824136704,0.08678885227479033,0.054550281010646844,1.27823989948122e-05,0.01361111557636131,190.4053030303026,0.6159420289855072,0.004162269471918553,0.5993703313653459,0.4032647494349622,0.5876130144643505,,,POINT (NaN NaN),GBR
1720,1720,0.021003915984336062,0.08678885227479033,0.06013229104028864,0.0014936779144380512,0.023894095208050005,223.81085858585882,0.5014611338398597,0.004162269471918553,0.5993703313653459,0.4032647494349622,0.5876130144643505,,,POINT (NaN NaN),GBR
1721,1721,0.05161979352082592,0.08678885227479033,0.06160976964008037,2.8798547085980238e-05,0.0978351259438913,242.7862554112559,0.7075091575091575,0.004162269471918553,0.5993703313653459,0.4032647494349622,0.5876130144643505,,,POINT (NaN NaN),GBR
1722,1722,0.06550373798504806,0.08678885227479033,0.061724285940526626,7.022967627240592e-05,0.12331055458897074,253.86958874458904,0.6285032796660703,0.004162269471918553,0.5993703313653459,0.4032647494349622,0.5876130144643505,,,POINT (NaN NaN),GBR
1723,1723,0.0355998576005696,0.08678885227479033,0.06015881492029587,7.042798680935384e-05,0.07976050662449506,243.2695887445889,0.4901010101010101,0.004162269471918553,0.5993703313653459,0.4032647494349622,0.5876130144643505,,,POINT (NaN NaN),GBR
1724,1724,0.022783908864364544,0.08678885227479033,0.057175528873642086,2.4500123268593337e-05,0.06422264454551382,220.85530303030325,0.6612103174603174,0.004162269471918553,0.5993703313653459,0.4032647494349622,0.5876130144643505,,,POINT (NaN NaN),GBR
1725,1725,0.022427910288358846,0.08678885227479033,0.05196817814711006,5.929023695557798e-06,0.01697183241382037,180.9553030303022,0.9171717171717172,0.004162269471918553,0.5993703313653459,0.4032647494349622,0.5876130144643505,,,POINT (NaN NaN),GBR
1726,1726,0.037023851904592384,0.08678885227479033,0.05603093223172664,1.3440149901674181e-05,0.059289766498996636,212.98625541125537,0.7274813539873781,0.004162269471918553,0.5993703313653459,0.4032647494349622,0.5876130144643505,,,POINT (NaN NaN),GBR
1727,1727,0.03488786044855821,0.08678885227479033,0.06015881492029587,1.2787732468054058e-05,0.07723825589620603,242.4362554112556,0.5297706711550599,0.004162269471918553,0.5993703313653459,0.4032647494349622,0.5876130144643505,,,POINT (NaN NaN),GBR
1728,1728,0.02135991456034176,0.08678885227479033,0.06081990079854089,3.37846313321083e-06,0.02602088379846295,226.01085858585884,0.5209039548022599,0.004162269471918553,0.5993703313653459,0.4032647494349622,0.5876130144643505,,,POINT (NaN NaN),GBR
1729,1729,0.00711997152011392,0.08678885227479033,0.0495392556891311,2.2729798484764198e-05,0.006491369351867953,169.9410173160164,0.8461538461538461,0.004162269471918553,0.5993703313653459,0.4032647494349622,0.5876130144643505,,,POINT (NaN NaN),GBR
1730,1730,0.010323958704165184,0.08678885227479033,0.04844961240310078,0.0007748390653897749,0.000435173541851048,171.15292207792174,0.5911330049261084,0.004162269471918553,0.5993703313653459,0.4032647494349622,0.5876130144643505,,,POINT (NaN NaN),GBR
1731,1731,0.0,0.08678885227479033,0.0,0.0,2.4946305565830578e-23,0.0,0.0,0.004162269471918553,0.5993703313653459,0.4032647494349622,0.5876130144643505,,,POINT (NaN NaN),GBR
1732,1732,0.045923816304734785,0.08678885227479033,0.05937008194756255,4.54177607514822e-05,0.06567906710463164,230.0195887445889,0.6394787644787645,0.004162269471918553,0.5993703313653459,0.4032647494349622,0.5876130144643505,,,POINT (NaN NaN),GBR
1733,1733,0.05589177643289427,0.08678885227479033,0.060671740260663805,4.859444207774441e-05,0.10587912771173696,244.53625541125572,0.6581232492997199,0.004162269471918553,0.5993703313653459,0.4032647494349622,0.5876130144643505,,,POINT (NaN NaN),GBR
1734,1734,0.09220363118547527,0.08678885227479033,0.06677144605094502,0.004744005833342036,0.13914597617806557,273.0822150072159,0.47084415584415584,0.004162269471918553,0.5993703313653459,0.4032647494349622,0.5876130144643505,,,POINT (NaN NaN),GBR
1735,1735,0.07226771092915629,0.08678885227479033,0.0661068331174585,0.00016097905496813798,0.12227201471287412,264.08221500721555,0.5638167217760982,0.004162269471918553,0.5993703313653459,0.4032647494349622,0.5876130144643505,,,POINT (NaN NaN),GBR
1736,1736,0.02313990744037024,0.08678885227479033,0.052543775056967286,1.6365844209155197e-06,0.024297744571429063,186.45530303030236,0.8895622895622896,0.004162269471918553,0.5993703313653459,0.4032647494349622,0.5876130144643505,,,POINT (NaN NaN),GBR
1737,1737,0.03310786756852973,0.08678885227479033,0.061080930415702,6.206551281513587e-05,0.025189461937715433,211.5822150072153,0.7353206865401988,0.004162269471918553,0.5993703313653459,0.4032647494349622,0.5876130144643505,,,POINT (NaN NaN),GBR
1738,1738,0.006051975792096832,0.08678885227479033,0.04017218395064042,1.4664128705540914e-05,0.0007381322141765007,130.73743201243218,0.8181818181818182,0.004162269471918553,0.5993703313653459,0.4032647494349622,0.5876130144643505,,,POINT (NaN NaN),GBR
1739,1739,0.08330366678533287,0.08678885227479033,0.06353507494133288,0.001957285064720577,0.12520153726738573,262.46958874458954,0.5294025157232705,0.004162269471918553,0.5993703313653459,0.4032647494349622,0.5876130144643505,,,POINT (NaN NaN),GBR
1740,1740,0.009255962976148096,0.08678885227479033,0.04956308409494597,5.069089712450425e-05,0.008243968550036024,170.44101731601637,0.8052631578947368,0.004162269471918553,0.5993703313653459,0.4032647494349622,0.5876130144643505,,,POINT (NaN NaN),GBR
1741,1741,0.06657173371306516,0.08678885227479033,0.06119348741278253,0.0011485094292650341,0.11161243238218341,251.26958874458893,0.5784589719528724,0.004162269471918553,0.5993703313653459,0.4032647494349622,0.5876130144643505,,,POINT (NaN NaN),GBR
1742,1742,0.011391954432182272,0.08678885227479033,0.049658627389586825,8.425859319052569e-05,0.010145947815691626,171.69101731601637,0.7033333333333334,0.004162269471918553,0.5993703313653459,0.4032647494349622,0.5876130144643505,,,POINT (NaN NaN),GBR
1743,1743,0.043431826272694915,0.08678885227479033,0.06037757424727877,1.757393077095229e-05,0.11143420921364171,247.75292207792228,0.647978436657682,0.004162269471918553,0.5993703313653459,0.4032647494349622,0.5876130144643505,,,POINT (NaN NaN),GBR
1744,1744,0.037023851904592384,0.08678885227479033,0.056700624648838904,1.2170390365465115e-05,0.05588211077160003,215.68625541125556,0.6277153558052434,0.004162269471918553,0.5993703313653459,0.4032647494349622,0.5876130144643505,,,POINT (NaN NaN),GBR
1745,1745,0.05161979352082592,0.08678885227479033,0.06191609540584833,7.553105363731915e-05,0.0819880347345028,244.21958874458912,0.5943597778094288,0.004162269471918553,0.5993703313653459,0.4032647494349622,0.5876130144643505,,,POINT (NaN NaN),GBR
1746,1746,0.0793876824492702,0.08678885227479033,0.061762552701804065,0.0013775122696976984,0.11607654303039402,253.169588744589,0.5467277820218996,0.004162269471918553,0.5993703313653459,0.4032647494349622,0.5876130144643505,,,POINT (NaN NaN),GBR
1747,1747,0.04271982912068352,0.08678885227479033,0.06325110689437065,0.00042012564838538605,0.11695627959441204,248.63221500721542,0.4903361344537815,0.004162269471918553,0.5993703313653459,0.4032647494349622,0.5876130144643505,,,POINT (NaN NaN),GBR
1748,1748,0.04485582057671769,0.08678885227479033,0.06386089583846793,0.0008357842540761227,0.11581103242845173,251.5488816738821,0.47180697613427747,0.004162269471918553,0.5993703313653459,0.4032647494349622,0.5876130144643505,,,POINT (NaN NaN),GBR
1749,1749,0.023495906016375936,0.08678885227479033,0.05755228047834198,1.0285286025905435e-05,0.02909824691400174,210.3529220779222,0.6183518410286383,0.004162269471918553,0.5993703313653459,0.4032647494349622,0.5876130144643505,,,POINT (NaN NaN),GBR
1750,1750,0.07226771092915629,0.08678885227479033,0.063413747618084,0.0005475320046421006,0.12066878449484858,262.6529220779228,0.5463576158940397,0.004162269471918553,0.5993703313653459,0.4032647494349622,0.5876130144643505,,,POINT (NaN NaN),GBR
1751,1751,0.04912780348878605,0.08678885227479033,0.05692742714743426,5.084153563573615e-05,0.05004861742938185,214.46958874458872,0.5914823914823915,0.004162269471918553,0.5993703313653459,0.4032647494349622,0.5876130144643505,,,POINT (NaN NaN),GBR
1752,1752,0.026343894624421504,0.08678885227479033,0.05622065322122459,2.263935392189522e-05,0.002641128533191903,197.04419191919195,0.6221461187214612,0.004162269471918553,0.5993703313653459,0.4032647494349622,0.5876130144643505,,,POINT (NaN NaN),GBR
1753,1753,0.09398362406550374,0.08678885227479033,0.06677144605094502,0.003728233264468137,0.12773228692412875,271.9108585858596,0.45577074858842814,0.004162269471918553,0.5993703313653459,0.4032647494349622,0.5876130144643505,,,POINT (NaN NaN),GBR
1754,1754,0.0626557493770025,0.08678885227479033,0.06207040343178191,7.221227733365878e-05,0.11794619902938548,251.06958874458903,0.654938024790084,0.004162269471918553,0.5993703313653459,0.4032647494349622,0.5876130144643505,,,POINT (NaN NaN),GBR
1755,1755,0.027411890352438593,0.08678885227479033,0.053019157800963265,3.6063247445160346e-06,0.006690407116389908,185.76958874458836,0.7185585585585585,0.004162269471918553,0.5993703313653459,0.4032647494349622,0.5876130144643505,,,POINT (NaN NaN),GBR
1756,1756,0.04271982912068352,0.08678885227479033,0.05860176324000586,0.00023908802954497184,0.04377402336731705,208.49888167388187,0.6221397649969078,0.004162269471918553,0.5993703313653459,0.4032647494349622,0.5876130144643505,,,POINT (NaN NaN),GBR
1757,1757,0.058027767888928446,0.08678885227479033,0.060086246989149564,4.7966765543663287e-05,0.10341817565283122,239.35292207792227,0.6702033598585323,0.004162269471918553,0.5993703313653459,0.4032647494349622,0.5876130144643505,,,POINT (NaN NaN),GBR
1758,1758,0.036667853328586686,0.08678885227479033,0.05537687465703723,7.671722431084498e-05,0.004194777379687674,201.16085858585834,0.5201980198019802,0.004162269471918553,0.5993703313653459,0.4032647494349622,0.5876130144643505,,,POINT (NaN NaN),GBR
1759,1759,0.021715913136347458,0.08678885227479033,0.06123698714023271,0.0006180588368645339,0.0721383669452958,222.2155483405487,0.5612021857923497,0.004162269471918553,0.5993703313653459,0.4032647494349622,0.5876130144643505,,,POINT (NaN NaN),GBR
1760,1760,0.023495906016375936,0.08678885227479033,0.050112171784713264,1.2026422565895001e-05,0.0031462727151194934,171.38625541125467,0.7078373015873016,0.004162269471918553,0.5993703313653459,0.4032647494349622,0.5876130144643505,,,POINT (NaN NaN),GBR
1761,1761,0.0715557137771449,0.08678885227479033,0.06394287388190627,0.00014330891197817522,0.12567975506103365,263.452922077923,0.5860553391269604,0.004162269471918553,0.5993703313653459,0.4032647494349622,0.5876130144643505,,,POINT (NaN NaN),GBR
1762,1762,0.022071911712353152,0.08678885227479033,0.05819100321729554,1.6417825747266997e-05,0.037014937247864255,203.83221500721518,0.6988120195667366,0.004162269471918553,0.5993703313653459,0.4032647494349622,0.5876130144643505,,,POINT (NaN NaN),GBR
1763,1763,0.04271982912068352,0.08678885227479033,0.05849853053905459,5.0181104969376134e-05,0.04430519578816439,208.33221500721518,0.6126656848306333,0.004162269471918553,0.5993703313653459,0.4032647494349622,0.5876130144643505,,,POINT (NaN NaN),GBR
1764,1764,0.04022783908864365,0.08678885227479033,0.06253797709228498,0.00046860652328883424,0.10344047195764741,241.13221500721542,0.5190476190476191,0.004162269471918553,0.5993703313653459,0.4032647494349622,0.5876130144643505,,,POINT (NaN NaN),GBR
1765,1765,0.04307582769668922,0.08678885227479033,0.056830004282949216,0.0007012795632606336,0.008255046991996548,204.54419191919195,0.5073463268365818,0.004162269471918553,0.5993703313653459,0.4032647494349622,0.5876130144643505,,,POINT (NaN NaN),GBR
1766,1766,0.04058383766464935,0.08678885227479033,0.06305253006836074,0.0016015965998452389,0.09855287227700457,241.54888167388205,0.4641156762475754,0.004162269471918553,0.5993703313653459,0.4032647494349622,0.5876130144643505,,,POINT (NaN NaN),GBR
1767,1767,0.010323958704165184,0.08678885227479033,0.05048586567045207,4.538725342051672e-05,0.009998663197762317,174.59101731601646,0.6,0.004162269471918553,0.5993703313653459,0.4032647494349622,0.5876130144643505,,,POINT (NaN NaN),GBR
1768,1768,0.025275898896404414,0.08678885227479033,0.05825906287018127,1.673751773491145e-05,0.035986849908531605,205.49888167388184,0.6827075621364358,0.004162269471918553,0.5993703313653459,0.4032647494349622,0.5876130144643505,,,POINT (NaN NaN),GBR
1769,1769,0.05660377358490566,0.08678885227479033,0.06207040343178191,3.865773166155365e-05,0.11408638598798135,250.73625541125568,0.6795518207282913,0.004162269471918553,0.5993703313653459,0.4032647494349622,0.5876130144643505,,,POINT (NaN NaN),GBR
1770,1770,0.029903880384478464,0.08678885227479033,0.05390854843507033,0.0004855486563001049,0.0020939764458333685,190.76085858585833,0.5642080517190714,0.004162269471918553,0.5993703313653459,0.4032647494349622,0.5876130144643505,,,POINT (NaN NaN),GBR
1771,1771,0.08294766820932717,0.08678885227479033,0.0655845934878275,0.0019800923457121995,0.120768858389952,259.18221500721535,0.48646014618865296,0.004162269471918553,0.5993703313653459,0.4032647494349622,0.5876130144643505,,,POINT (NaN NaN),GBR
1772,1772,0.023495906016375936,0.08678885227479033,0.05702518460676014,2.880891587838844e-05,0.011158881198245742,195.34888167388164,0.6180327868852459,0.004162269471918553,0.5993703313653459,0.4032647494349622,0.5876130144643505,,,POINT (NaN NaN),GBR
1773,1773,0.039159843360626556,0.08678885227479033,0.05860176324000586,0.0004109960090000961,0.019975481199891034,202.86554834054843,0.6074058489375131,0.004162269471918553,0.5993703313653459,0.4032647494349622,0.5876130144643505,,,POINT (NaN NaN),GBR
1774,1774,0.028123887504449982,0.08678885227479033,0.05350322100322769,8.439963876223152e-06,0.009455996803368052,188.36958874458838,0.6882636060718252,0.004162269471918553,0.5993703313653459,0.4032647494349622,0.5876130144643505,,,POINT (NaN NaN),GBR
1775,1775,0.060163759344962625,0.08678885227479033,0.0609687867246083,0.0012223498477892468,0.11853749992209853,250.01958874458896,0.583941605839416,0.004162269471918553,0.5993703313653459,0.4032647494349622,0.5876130144643505,,,POINT (NaN NaN),GBR
1776,1776,0.029903880384478464,0.08678885227479033,0.05628417938305648,1.8097354068597215e-05,0.026279743203197876,192.63221500721488,0.7420289855072464,0.004162269471918553,0.5993703313653459,0.4032647494349622,0.5876130144643505,,,POINT (NaN NaN),GBR
1777,1777,0.02598789604841581,0.08678885227479033,0.0561889438849464,1.773236164240561e-05,0.008417010713901107,195.21085858585857,0.638533674339301,0.004162269471918553,0.5993703313653459,0.4032647494349622,0.5876130144643505,,,POINT (NaN NaN),GBR
1778,1778,0.0177999288002848,0.08678885227479033,0.059654489525754466,0.0002467509517007108,0.04012039422972153,209.88221500721525,0.5574912891986062,0.004162269471918553,0.5993703313653459,0.4032647494349622,0.5876130144643505,,,POINT (NaN NaN),GBR
1779,1779,0.009611961552153792,0.08678885227479033,0.04982671752098291,1.9513216352755096e-05,0.009603316408972239,172.27435064934969,0.7047619047619048,0.004162269471918553,0.5993703313653459,0.4032647494349622,0.5876130144643505,,,POINT (NaN NaN),GBR
1780,1780,0.03025987896048416,0.08678885227479033,0.05609403012838399,3.6464827531891626e-05,0.005030965012541112,195.37752525252523,0.6028304727491719,0.004162269471918553,0.5993703313653459,0.4032647494349622,0.5876130144643505,,,POINT (NaN NaN),GBR
1781,1781,0.008187967248131008,0.08678885227479033,0.048906724353465866,1.0132444087529275e-05,0.005982552290876966,166.75768398268323,0.7279411764705882,0.004162269471918553,0.5993703313653459,0.4032647494349622,0.5876130144643505,,,POINT (NaN NaN),GBR
1782,1782,0.06336774652901389,0.08678885227479033,0.06619468272957472,0.00037513978354071893,0.12165180661501505,260.8488816738821,0.5705067174441976,0.004162269471918553,0.5993703313653459,0.4032647494349622,0.5876130144643505,,,POINT (NaN NaN),GBR
1783,1783,0.029903880384478464,0.08678885227479033,0.05836145138137666,0.0007142919587114157,0.016210052064644605,200.03221500721506,0.6641984450203628,0.004162269471918553,0.5993703313653459,0.4032647494349622,0.5876130144643505,,,POINT (NaN NaN),GBR
1784,1784,0.0708437166251335,0.08678885227479033,0.061457740597168395,0.0015152669485430717,0.1004375899555205,237.08221500721538,0.5291450165328295,0.004162269471918553,0.5993703313653459,0.4032647494349622,0.5876130144643505,,,POINT (NaN NaN),GBR
1785,1785,0.06372374510501959,0.08678885227479033,0.0609687867246083,0.0003545018865399082,0.11341107115640721,248.60292207792224,0.5949434042103036,0.004162269471918553,0.5993703313653459,0.4032647494349622,0.5876130144643505,,,POINT (NaN NaN),GBR
1786,1786,0.07903168387326451,0.08678885227479033,0.06293303696020844,0.0028915686001717454,0.12679599526595065,261.7362554112561,0.5242696112261329,0.004162269471918553,0.5993703313653459,0.4032647494349622,0.5876130144643505,,,POINT (NaN NaN),GBR
1787,1787,0.005695977216091136,0.08678885227479033,0.04956308409494597,8.466238115123056e-06,0.006592724422889314,170.44101731601637,0.8444444444444444,0.004162269471918553,0.5993703313653459,0.4032647494349622,0.5876130144643505,,,POINT (NaN NaN),GBR
1788,1788,0.044143823424706304,0.08678885227479033,0.056830004282949216,0.0011671324700328223,0.008654213984935311,204.8775252525253,0.5025210084033613,0.004162269471918553,0.5993703313653459,0.4032647494349622,0.5876130144643505,,,POINT (NaN NaN),GBR
1789,1789,0.053755784976860094,0.08678885227479033,0.06123109865274123,0.00011587604639466936,0.08939941570727543,232.33221500721535,0.6404761904761904,0.004162269471918553,0.5993703313653459,0.4032647494349622,0.5876130144643505,,,POINT (NaN NaN),GBR
1790,1790,0.018511925952296192,0.08678885227479033,0.059797717591842714,0.0002368226751391994,0.04721047197905385,212.88221500721514,0.5050505050505051,0.004162269471918553,0.5993703313653459,0.4032647494349622,0.5876130144643505,,,POINT (NaN NaN),GBR
1791,1791,0.023495906016375936,0.08678885227479033,0.053937735521391424,0.00029150417971907,0.011140028019449336,178.4488816738811,0.7153711279953243,0.004162269471918553,0.5993703313653459,0.4032647494349622,0.5876130144643505,,,POINT (NaN NaN),GBR
1792,1792,0.07689569241723034,0.08678885227479033,0.06353507494133288,0.0013323698804369288,0.12321588382498605,251.7655483405487,0.5192721257237386,0.004162269471918553,0.5993703313653459,0.4032647494349622,0.5876130144643505,,,POINT (NaN NaN),GBR
1793,1793,0.039159843360626556,0.08678885227479033,0.05101023937942138,0.000801341273699204,0.0004484579376506804,178.7322150072149,0.4969140950792327,0.004162269471918553,0.5993703313653459,0.4032647494349622,0.5876130144643505,,,POINT (NaN NaN),GBR
1794,1794,0.07404770380918477,0.08678885227479033,0.06218664014232832,0.0025410208287046476,0.08283743768147471,235.7822150072153,0.5118564005668399,0.004162269471918553,0.5993703313653459,0.4032647494349622,0.5876130144643505,,,POINT (NaN NaN),GBR
1795,1795,0.020291918832324674,0.08678885227479033,0.054084146312709,0.004870365366067594,0.006683835838262014,184.65840548340498,0.4342857142857143,0.004162269471918553,0.5993703313653459,0.4032647494349622,0.5876130144643505,,,POINT (NaN NaN),GBR
1796,1796,0.004983980064079744,0.08678885227479033,0.0011391954432182273,1.7136446174063354e-06,3.3723413716112417e-18,3.5,0.36363636363636365,0.004162269471918553,0.5993703313653459,0.4032647494349622,0.5876130144643505,,,POINT (NaN NaN),GBR
1797,1797,0.07760768956924173,0.08678885227479033,0.06369756873913682,0.003405734561425366,0.11875649976995016,248.3322150072155,0.539161610590182,0.004162269471918553,0.5993703313653459,0.4032647494349622,0.5876130144643505,,,POINT (NaN NaN),GBR
1798,1798,0.03346386614453542,0.08678885227479033,0.054084146312709,0.0006154496910579155,0.003205163884161037,193.76085858585836,0.528284244974287,0.004162269471918553,0.5993703313653459,0.4032647494349622,0.5876130144643505,,,POINT (NaN NaN),GBR
1799,1799,0.05233179067283731,0.08678885227479033,0.06427290161807095,0.00011845968897320519,0.11320304208657846,247.9988816738821,0.6590492076730609,0.004162269471918553,0.5993703313653459,0.4032647494349622,0.5876130144643505,,,POINT (NaN NaN),GBR
1800,1800,0.029903880384478464,0.08678885227479033,0.05994163508303849,0.007430888279124352,0.03577505616310698,213.5155483405482,0.4053708439897698,0.004162269471918553,0.5993703313653459,0.4032647494349622,0.5876130144643505,,,POINT (NaN NaN),GBR
1801,1801,0.006051975792096832,0.08678885227479033,0.0014833274000237333,3.4729300778903255e-05,1.2159403097813842e-17,4.5,0.3238095238095238,0.004162269471918553,0.5993703313653459,0.4032647494349622,0.5876130144643505,,,POINT (NaN NaN),GBR
1802,1802,0.00355998576005696,0.08678885227479033,0.001067995728017088,9.176767661400388e-06,4.083460758070809e-19,3.0,0.4444444444444444,0.004162269471918553,0.5993703313653459,0.4032647494349622,0.5876130144643505,,,POINT (NaN NaN),GBR
1803,1803,0.06728373086507654,0.08678885227479033,0.059905590804576046,0.011322489314403411,0.011628223205247364,216.54888167388174,0.4212180158611402,0.004162269471918553,0.5993703313653459,0.4032647494349622,0.5876130144643505,,,POINT (NaN NaN),GBR
1804,1804,0.05909576361694553,0.08678885227479033,0.06191609540584833,0.0019721492325166503,0.11624002078045391,241.6655483405487,0.636604774535809,0.004162269471918553,0.5993703313653459,0.4032647494349622,0.5876130144643505,,,POINT (NaN NaN),GBR
1805,1805,0.05411178355286579,0.08678885227479033,0.06041418890722254,1.9236261215835797e-05,0.11424864707133903,246.8029220779224,0.6652187902187903,0.004162269471918553,0.5993703313653459,0.4032647494349622,0.5876130144643505,,,POINT (NaN NaN),GBR
1806,1806,0.00533997864008544,0.08678885227479033,0.001423994304022784,2.5163665884927132e-06,1.530705309519365e-18,4.0,0.5714285714285714,0.004162269471918553,0.5993703313653459,0.4032647494349622,0.5876130144643505,,,POINT (NaN NaN),GBR
1807,1807,0.042007831968672124,0.08678885227479033,0.05822501315488602,0.0011098207281448136,0.012327981923272096,199.86554834054846,0.5981991165477404,0.004162269471918553,0.5993703313653459,0.4032647494349622,0.5876130144643505,,,POINT (NaN NaN),GBR
1808,1808,0.05411178355286579,0.08678885227479033,0.06063481284723674,0.002789536268761674,0.038480546101901346,215.8822150072153,0.5842911877394636,0.004162269471918553,0.5993703313653459,0.4032647494349622,0.5876130144643505,,,POINT (NaN NaN),GBR
1809,1809,0.01673193307226771,0.08678885227479033,0.04294094720172843,0.00012092836167854714,1.543277804055927e-05,150.23625541125503,0.36632747456059206,0.004162269471918553,0.5993703313653459,0.4032647494349622,0.5876130144643505,,,POINT (NaN NaN),GBR
1810,1810,0.02313990744037024,0.08678885227479033,0.047849662587901035,3.0362856052609518e-05,0.00017157892155276406,167.84419191919187,0.5302884615384615,0.004162269471918553,0.5993703313653459,0.4032647494349622,0.5876130144643505,,,POINT (NaN NaN),GBR
1811,1811,0.032395870416518334,0.08678885227479033,0.059053347663313556,1.3112416409116204e-05,0.09342146174624884,232.71958874458906,0.7199367088607594,0.004162269471918553,0.5993703313653459,0.4032647494349622,0.5876130144643505,,,POINT (NaN NaN),GBR
1812,1812,0.005695977216091136,0.08678885227479033,0.0492939126709599,1.6839345567347592e-06,0.0007574035151832623,161.93459595959555,0.6363636363636364,0.004162269471918553,0.5993703313653459,0.4032647494349622,0.5876130144643505,,,POINT (NaN NaN),GBR
1813,1813,0.04165183339266643,0.08678885227479033,0.059583132480867204,0.0005658385297542948,0.08915514167766195,225.88221500721525,0.7056962025316456,0.004162269471918553,0.5993703313653459,0.4032647494349622,0.5876130144643505,,,POINT (NaN NaN),GBR
1814,1814,0.03097187611249555,0.08678885227479033,0.05846420041549881,0.0002444092283128454,0.020542353908869288,200.53221500721506,0.6784005468215994,0.004162269471918553,0.5993703313653459,0.4032647494349622,0.5876130144643505,,,POINT (NaN NaN),GBR
1815,1815,0.01423994304022784,0.08678885227479033,0.04038224463235102,6.156284141688107e-05,6.650467974024752e-06,139.66562049061997,0.39487179487179486,0.004162269471918553,0.5993703313653459,0.4032647494349622,0.5876130144643505,,,POINT (NaN NaN),GBR
1816,1816,0.023495906016375936,0.08678885227479033,0.04584583410400827,2.60937003860284e-05,9.621677835375035e-05,160.2941919191918,0.565967365967366,0.004162269471918553,0.5993703313653459,0.4032647494349622,0.5876130144643505,,,POINT (NaN NaN),GBR
1817,1817,0.004271982912068352,0.08678885227479033,0.047826691074416686,5.525637423109834e-07,0.0007704548447497153,157.7917388167383,0.7777777777777778,0.004162269471918553,0.5993703313653459,0.4032647494349622,0.5876130144643505,,,POINT (NaN NaN),GBR
1818,1818,0.02135991456034176,0.08678885227479033,0.05940548450090039,0.0001956925000620915,0.055353268885963834,214.6655483405486,0.7848639455782312,0.004162269471918553,0.5993703313653459,0.4032647494349622,0.5876130144643505,,,POINT (NaN NaN),GBR
1819,1819,0.02847988608045568,0.08678885227479033,0.06123109865274123,4.259859630142537e-06,0.09844617232404233,232.24888167388207,0.7541139240506329,0.004162269471918553,0.5993703313653459,0.4032647494349622,0.5876130144643505,,,POINT (NaN NaN),GBR
1820,1820,0.020291918832324674,0.08678885227479033,0.048739235571433455,8.416891753135032e-05,0.0002823980538712542,172.43625541125516,0.5123376623376623,0.004162269471918553,0.5993703313653459,0.4032647494349622,0.5876130144643505,,,POINT (NaN NaN),GBR
1821,1821,0.017443930224279106,0.08678885227479033,0.05271058069206877,7.480861138232669e-05,0.0007886547592466534,175.03221500721494,0.5949494949494949,0.004162269471918553,0.5993703313653459,0.4032647494349622,0.5876130144643505,,,POINT (NaN NaN),GBR
1822,1822,0.06123175507297971,0.08678885227479033,0.0577859614315603,0.011308834172480827,0.0036818392311975387,209.9655483405482,0.4064327485380117,0.004162269471918553,0.5993703313653459,0.4032647494349622,0.5876130144643505,,,POINT (NaN NaN),GBR
1823,1823,0.009611961552153792,0.08678885227479033,0.001067995728017088,1.2355034973357043e-06,2.3504908030236896e-18,3.0,0.5333333333333333,0.004162269471918553,0.5993703313653459,0.4032647494349622,0.5876130144643505,,,POINT (NaN NaN),GBR
1824,1824,0.01067995728017088,0.08678885227479033,0.0,0.0,2.4946305565830578e-23,0.0,0.5149425287356322,0.004162269471918553,0.5993703313653459,0.4032647494349622,0.5876130144643505,,,POINT (NaN NaN),GBR
1825,1825,0.01423994304022784,0.08678885227479033,0.04133734336431949,0.00010759099379999109,5.319434396643742e-06,145.23697691197643,0.4858974358974359,0.004162269471918553,0.5993703313653459,0.4032647494349622,0.5876130144643505,,,POINT (NaN NaN),GBR
1826,1826,0.002847988608045568,0.08678885227479033,0.03186916107102047,1.047144108206481e-06,1.326661354225899e-07,108.71522366522373,0.4642857142857143,0.004162269471918553,0.5993703313653459,0.4032647494349622,0.5876130144643505,,,POINT (NaN NaN),GBR
1827,1827,0.022071911712353152,0.08678885227479033,0.06511307026667318,0.002016990427428108,0.057644382461888924,229.79801587301628,0.713487071977638,0.004162269471918553,0.5993703313653459,0.4032647494349622,0.5876130144643505,,,POINT (NaN NaN),GBR
1828,1828,0.03488786044855821,0.08678885227479033,0.05443879645246446,0.0053978078339667135,0.002262397954863538,191.96554834054828,0.5531284709366902,0.004162269471918553,0.5993703313653459,0.4032647494349622,0.5876130144643505,,,POINT (NaN NaN),GBR
1829,1829,0.03631185475258099,0.08678885227479033,0.0563478492692364,0.003223991643167163,0.0036290801923778274,195.36554834054814,0.5432393693263259,0.004162269471918553,0.5993703313653459,0.4032647494349622,0.5876130144643505,,,POINT (NaN NaN),GBR
1830,1830,0.005695977216091136,0.08678885227479033,0.048978858165196634,0.0003819376609835756,0.0006429446961885446,160.10126262626218,0.6545454545454545,0.004162269471918553,0.5993703313653459,0.4032647494349622,0.5876130144643505,,,POINT (NaN NaN),GBR
1831,1831,0.013527945888216448,0.08678885227479033,0.057685580491030675,0.0012090957052936224,0.026596160196917996,197.08221500721498,0.7931034482758621,0.004162269471918553,0.5993703313653459,0.4032647494349622,0.5876130144643505,,,POINT (NaN NaN),GBR
1832,1832,0.001067995728017088,0.08678885227479033,0.001067995728017088,0.0,4.066996196397361e-19,3.0,0.6666666666666666,0.004162269471918553,0.5993703313653459,0.4032647494349622,0.5876130144643505,,,POINT (NaN NaN),GBR
1833,1833,0.008187967248131008,0.08678885227479033,0.05735348158204373,0.00047690185338127716,0.015365607129649985,193.08221500721484,0.7894736842105263,0.004162269471918553,0.5993703313653459,0.4032647494349622,0.5876130144643505,,,POINT (NaN NaN),GBR
1834,1834,0.05161979352082592,0.08678885227479033,0.052822374076357356,0.001252418653758343,0.00046705818272694465,192.76554834054824,0.41763085399449035,0.004162269471918553,0.5993703313653459,0.4032647494349622,0.5876130144643505,,,POINT (NaN NaN),GBR
1835,1835,0.05055179779280883,0.08678885227479033,0.0683285305267558,0.0038005848499036592,0.12059432917643416,259.38134920634946,0.591833566216426,0.004162269471918553,0.5993703313653459,0.4032647494349622,0.5876130144643505,,,POINT (NaN NaN),GBR
1836,1836,0.006407974368102528,0.08678885227479033,0.028221812325215288,7.832102348972878e-05,8.724865774355623e-08,97.6386363636364,0.5294117647058824,0.004162269471918553,0.5993703313653459,0.4032647494349622,0.5876130144643505,,,POINT (NaN NaN),GBR
1837,1837,0.001067995728017088,0.08678885227479033,0.001067995728017088,0.0,4.066996196397361e-19,3.0,0.6666666666666666,0.004162269471918553,0.5993703313653459,0.4032647494349622,0.5876130144643505,,,POINT (NaN NaN),GBR
1838,1838,0.027055891776432896,0.08678885227479033,0.04958835117372323,9.335902267059308e-05,0.00018850904758203665,174.74888167388173,0.6005649717514124,0.004162269471918553,0.5993703313653459,0.4032647494349622,0.5876130144643505,,,POINT (NaN NaN),GBR
1839,1839,0.011747953008187968,0.08678885227479033,0.03247164195176336,0.0005457200224981831,7.06022779996005e-07,119.88189033189043,0.48717948717948717,0.004162269471918553,0.5993703313653459,0.4032647494349622,0.5876130144643505,,,POINT (NaN NaN),GBR
1840,1840,0.01245995016019936,0.08678885227479033,0.030437823864347683,0.0002651424385634664,4.4148771217732867e-08,101.30568598068605,0.4773109243697479,0.004162269471918553,0.5993703313653459,0.4032647494349622,0.5876130144643505,,,POINT (NaN NaN),GBR
1841,1841,0.008543965824136704,0.08678885227479033,0.05867078769611894,0.00015199697573114416,0.015330556092508059,201.0988816738814,0.3695652173913043,0.004162269471918553,0.5993703313653459,0.4032647494349622,0.5876130144643505,,,POINT (NaN NaN),GBR
1842,1842,0.031683873264506945,0.08678885227479033,0.04120057796030189,0.0013780663723376892,3.849160787466965e-06,147.02031024530976,0.44174503657262276,0.004162269471918553,0.5993703313653459,0.4032647494349622,0.5876130144643505,,,POINT (NaN NaN),GBR
1843,1843,0.013171947312210752,0.08678885227479033,0.06460635376654343,0.0021891090496537423,0.026102913554611144,216.38134920634943,0.49910873440285203,0.004162269471918553,0.5993703313653459,0.4032647494349622,0.5876130144643505,,,POINT (NaN NaN),GBR
1844,1844,0.00177999288002848,0.08678885227479033,0.027719253619368382,3.67762966157017e-08,2.819878693717325e-08,92.64854312354325,0.5,0.004162269471918553,0.5993703313653459,0.4032647494349622,0.5876130144643505,,,POINT (NaN NaN),GBR
1845,1845,0.0088999644001424,0.08678885227479033,0.03224045226796439,1.1523163772841164e-05,5.918323417959435e-07,116.13189033189042,0.7263157894736842,0.004162269471918553,0.5993703313653459,0.4032647494349622,0.5876130144643505,,,POINT (NaN NaN),GBR
1846,1846,0.000355998576005696,0.08678885227479033,0.023514363975559678,0.0,2.697677735435894e-12,72.16423576423601,0.0,0.004162269471918553,0.5993703313653459,0.4032647494349622,0.5876130144643505,,,POINT (NaN NaN),GBR
1847,1847,0.03132787468850125,0.08678885227479033,0.05151137409928126,0.000340898006400358,0.0003793209829616826,179.8488816738817,0.5755048287971906,0.004162269471918553,0.5993703313653459,0.4032647494349622,0.5876130144643505,,,POINT (NaN NaN),GBR
1848,1848,0.023495906016375936,0.08678885227479033,0.033130361658799456,0.003747619795036425,1.4808263170186419e-06,130.58658008658026,0.4611764705882353,0.004162269471918553,0.5993703313653459,0.4032647494349622,0.5876130144643505,,,POINT (NaN NaN),GBR
1849,1849,0.05197579209683162,0.08678885227479033,0.052543775056967286,0.0024124728359373134,0.0003245078867915922,192.01554834054815,0.3889716840536513,0.004162269471918553,0.5993703313653459,0.4032647494349622,0.5876130144643505,,,POINT (NaN NaN),GBR
1850,1850,0.002491990032039872,0.08678885227479033,0.000711997152011392,0.0,1.3283408787693474e-18,2.0,0.7,0.004162269471918553,0.5993703313653459,0.4032647494349622,0.5876130144643505,,,POINT (NaN NaN),GBR
1851,1851,0.020647917408330368,0.08678885227479033,0.048034232163939226,4.795363210680672e-05,0.00017176526859580211,169.34419191919184,0.6475485661424607,0.004162269471918553,0.5993703313653459,0.4032647494349622,0.5876130144643505,,,POINT (NaN NaN),GBR
1852,1852,0.01673193307226771,0.08678885227479033,0.04847834428613623,2.8603181331977703e-06,0.00017821540040530482,166.29888167388165,0.8253119429590018,0.004162269471918553,0.5993703313653459,0.4032647494349622,0.5876130144643505,,,POINT (NaN NaN),GBR
1853,1853,0.00711997152011392,0.08678885227479033,0.03760777557871271,0.0007275948033107846,1.660390771348085e-08,128.30039682539697,0.48947368421052634,0.004162269471918553,0.5993703313653459,0.4032647494349622,0.5876130144643505,,,POINT (NaN NaN),GBR
1854,1854,0.0177999288002848,0.08678885227479033,0.03308634922218863,6.324076389995722e-05,1.3402398003233786e-06,128.9199134199136,0.584873949579832,0.004162269471918553,0.5993703313653459,0.4032647494349622,0.5876130144643505,,,POINT (NaN NaN),GBR
1855,1855,0.006407974368102528,0.08678885227479033,0.03578412266810703,5.957873173001841e-05,3.8744305606959186e-07,123.93347763347765,0.46405228758169936,0.004162269471918553,0.5993703313653459,0.4032647494349622,0.5876130144643505,,,POINT (NaN NaN),GBR
1856,1856,0.038803844784620865,0.08678885227479033,0.04764370995122428,0.0006851192770369246,7.077363390115297e-05,170.7488816738816,0.44308857563644016,0.004162269471918553,0.5993703313653459,0.4032647494349622,0.5876130144643505,,,POINT (NaN NaN),GBR
1857,1857,0.018511925952296192,0.08678885227479033,0.041064714554002464,0.0002046535459449771,3.1486496072272846e-06,143.0203102453098,0.5942857142857143,0.004162269471918553,0.5993703313653459,0.4032647494349622,0.5876130144643505,,,POINT (NaN NaN),GBR
1858,1858,0.006407974368102528,0.08678885227479033,0.04053010476322619,0.00037366208286436096,2.4827466909468535e-07,131.42420634920666,0.45751633986928103,0.004162269471918553,0.5993703313653459,0.4032647494349622,0.5876130144643505,,,POINT (NaN NaN),GBR
1859,1859,0.007831968672125312,0.08678885227479033,0.00047466476800759466,5.042529070436243e-07,2.040358332229284e-19,1.5,0.4588744588744589,0.004162269471918553,0.5993703313653459,0.4032647494349622,0.5876130144643505,,,POINT (NaN NaN),GBR
1860,1860,0.03381986472054112,0.08678885227479033,0.05095805499130944,0.0006410929223095522,0.00037599900090134705,175.89888167388168,0.5463063063063063,0.004162269471918553,0.5993703313653459,0.4032647494349622,0.5876130144643505,,,POINT (NaN NaN),GBR
1861,1861,0.006051975792096832,0.08678885227479033,0.000355998576005696,3.313294486299385e-07,2.0433518888971834e-19,1.0,0.41904761904761906,0.004162269471918553,0.5993703313653459,0.4032647494349622,0.5876130144643505,,,POINT (NaN NaN),GBR
1862,1862,0.06479174083303667,0.08678885227479033,0.04831377182735692,0.01067163130350571,9.437162115054297e-05,179.83221500721493,0.30963480963480966,0.004162269471918553,0.5993703313653459,0.4032647494349622,0.5876130144643505,,,POINT (NaN NaN),GBR
1863,1863,0.01673193307226771,0.08678885227479033,0.06361621807663471,0.0010996227257454628,0.04575060483295022,218.9980158730162,0.5559666975023126,0.004162269471918553,0.5993703313653459,0.4032647494349622,0.5876130144643505,,,POINT (NaN NaN),GBR
1864,1864,0.031683873264506945,0.08678885227479033,0.05148475323411368,8.21508620078978e-05,0.00037948486604479146,180.01554834054835,0.582089552238806,0.004162269471918553,0.5993703313653459,0.4032647494349622,0.5876130144643505,,,POINT (NaN NaN),GBR
1865,1865,0.013527945888216448,0.08678885227479033,0.03269543731802099,0.0004328210168354484,1.2364388736238254e-06,127.38189033189047,0.49195402298850577,0.004162269471918553,0.5993703313653459,0.4032647494349622,0.5876130144643505,,,POINT (NaN NaN),GBR
1866,1866,0.001067995728017088,0.08678885227479033,0.000711997152011392,0.0,2.0433518888971834e-19,2.0,1.0,0.004162269471918553,0.5993703313653459,0.4032647494349622,0.5876130144643505,,,POINT (NaN NaN),GBR
1867,1867,0.02313990744037024,0.08678885227479033,0.032976828039725244,0.0006278264564550248,1.1404833978402867e-06,126.2532467532469,0.4766214177978884,0.004162269471918553,0.5993703313653459,0.4032647494349622,0.5876130144643505,,,POINT (NaN NaN),GBR
1868,1868,0.02313990744037024,0.08678885227479033,0.04140606712718619,0.000381186904577813,3.869556316041668e-06,148.95364357864315,0.548051948051948,0.004162269471918553,0.5993703313653459,0.4032647494349622,0.5876130144643505,,,POINT (NaN NaN),GBR
1869,1869,0.002491990032039872,0.08678885227479033,0.05732048188032794,1.2819105324712272e-05,0.003962587093345492,186.34801587301533,0.3333333333333333,0.004162269471918553,0.5993703313653459,0.4032647494349622,0.5876130144643505,,,POINT (NaN NaN),GBR
1870,1870,0.001067995728017088,0.08678885227479033,0.02673995248817306,6.74470236591988e-05,6.16043483570827e-11,84.21100288600293,0.0,0.004162269471918553,0.5993703313653459,0.4032647494349622,0.5876130144643505,,,POINT (NaN NaN),GBR
1871,1871,0.011391954432182272,0.08678885227479033,0.0322300218401844,0.00012721739316989437,3.5047382747772865e-07,115.38189033189042,0.664367816091954,0.004162269471918553,0.5993703313653459,0.4032647494349622,0.5876130144643505,,,POINT (NaN NaN),GBR
1872,1872,0.028123887504449982,0.08678885227479033,0.04794176973436476,0.000498140601955852,0.00010327413089315023,176.9155483405482,0.5030441400304414,0.004162269471918553,0.5993703313653459,0.4032647494349622,0.5876130144643505,,,POINT (NaN NaN),GBR
1873,1873,0.029903880384478464,0.08678885227479033,0.04944069355236227,0.002763187003060788,0.00012228045250515311,181.9881673881674,0.5298380221653879,0.004162269471918553,0.5993703313653459,0.4032647494349622,0.5876130144643505,,,POINT (NaN NaN),GBR
1874,1874,0.002847988608045568,0.08678885227479033,0.04226686360119218,0.00010641579027081881,1.4276359655789654e-05,134.28340548340566,0.5,0.004162269471918553,0.5993703313653459,0.4032647494349622,0.5876130144643505,,,POINT (NaN NaN),GBR
1875,1875,0.05019579921680314,0.08678885227479033,0.04128595006548279,0.00209863307591501,4.081217145839302e-06,147.45364357864307,0.35266224088876846,0.004162269471918553,0.5993703313653459,0.4032647494349622,0.5876130144643505,,,POINT (NaN NaN),GBR
1876,1876,0.006051975792096832,0.08678885227479033,0.043164210358756484,2.6760858414574396e-06,8.449487340090322e-06,142.79419191919152,0.7416666666666667,0.004162269471918553,0.5993703313653459,0.4032647494349622,0.5876130144643505,,,POINT (NaN NaN),GBR
1877,1877,0.001423994304022784,0.08678885227479033,0.03843479842130014,2.355541004771088e-05,2.440833533944218e-07,120.70959595959611,0.6666666666666666,0.004162269471918553,0.5993703313653459,0.4032647494349622,0.5876130144643505,,,POINT (NaN NaN),GBR
1878,1878,0.005695977216091136,0.08678885227479033,0.03317850033178501,3.266097368387626e-07,8.931350774080296e-09,119.34841269841279,0.7166666666666667,0.004162269471918553,0.5993703313653459,0.4032647494349622,0.5876130144643505,,,POINT (NaN NaN),GBR
1879,1879,0.00711997152011392,0.08678885227479033,0.028237811085036837,7.344351581583181e-06,8.724865774375467e-08,98.83863636363641,0.6421052631578947,0.004162269471918553,0.5993703313653459,0.4032647494349622,0.5876130144643505,,,POINT (NaN NaN),GBR
1880,1880,0.03275186899252403,0.08678885227479033,0.04203502004557383,0.0015785175781646485,5.044313062669835e-06,156.7036435786433,0.47784679089026916,0.004162269471918553,0.5993703313653459,0.4032647494349622,0.5876130144643505,,,POINT (NaN NaN),GBR
1881,1881,0.022783908864364544,0.08678885227479033,0.03923710023946828,0.00017521493966461744,3.227688370523778e-06,136.73625541125486,0.5627240143369175,0.004162269471918553,0.5993703313653459,0.4032647494349622,0.5876130144643505,,,POINT (NaN NaN),GBR
1882,1882,0.00711997152011392,0.08678885227479033,0.038960890695350005,2.5787157252329314e-05,2.5269837154923057e-06,132.3195887445884,0.5789473684210527,0.004162269471918553,0.5993703313653459,0.4032647494349622,0.5876130144643505,,,POINT (NaN NaN),GBR
1883,1883,0.024563901744393025,0.08678885227479033,0.049786605451279345,0.0001148724994468083,0.00017406387903873448,175.332215007215,0.6296992481203008,0.004162269471918553,0.5993703313653459,0.4032647494349622,0.5876130144643505,,,POINT (NaN NaN),GBR
1884,1884,0.002491990032039872,0.08678885227479033,0.000355998576005696,0.0,2.0433518888971834e-19,1.0,0.8,0.004162269471918553,0.5993703313653459,0.4032647494349622,0.5876130144643505,,,POINT (NaN NaN),GBR
1885,1885,0.02135991456034176,0.08678885227479033,0.04079565827518836,2.8486993291065973e-05,3.859718249271306e-06,143.1036435786431,0.6454106280193237,0.004162269471918553,0.5993703313653459,0.4032647494349622,0.5876130144643505,,,POINT (NaN NaN),GBR
1886,1886,0.030615877536489856,0.08678885227479033,0.0472594864838757,0.0003345100320138976,7.590293992487707e-05,167.08221500721496,0.5282882882882883,0.004162269471918553,0.5993703313653459,0.4032647494349622,0.5876130144643505,,,POINT (NaN NaN),GBR
1887,1887,0.03132787468850125,0.08678885227479033,0.0418584023142899,0.0012940555768867254,4.8879567390592545e-06,155.12031024530992,0.5025641025641026,0.004162269471918553,0.5993703313653459,0.4032647494349622,0.5876130144643505,,,POINT (NaN NaN),GBR
1888,1888,0.03203987184051264,0.08678885227479033,0.04737184855349975,0.00011466137310655647,0.0001681074536977414,165.7275252525251,0.5555555555555556,0.004162269471918553,0.5993703313653459,0.4032647494349622,0.5876130144643505,,,POINT (NaN NaN),GBR
1889,1889,0.017087931648273408,0.08678885227479033,0.02826986308399829,2.6414678486965573e-05,1.7812317590046197e-07,100.83863636363638,0.5661835748792271,0.004162269471918553,0.5993703313653459,0.4032647494349622,0.5876130144643505,,,POINT (NaN NaN),GBR
1890,1890,0.001067995728017088,0.08678885227479033,0.004069344654057347,0.0,2.2582238983317974e-16,13.517254967254965,0.0,0.004162269471918553,0.5993703313653459,0.4032647494349622,0.5876130144643505,,,POINT (NaN NaN),GBR
1891,1891,0.005695977216091136,0.08678885227479033,0.03334444814938313,1.9708724605619337e-07,1.1906983929642583e-08,120.20317460317473,0.65,0.004162269471918553,0.5993703313653459,0.4032647494349622,0.5876130144643505,,,POINT (NaN NaN),GBR
1892,1892,0.006051975792096832,0.08678885227479033,0.03305341655872925,7.069500958192071e-07,8.354018315631977e-09,118.18174603174612,0.7205882352941176,0.004162269471918553,0.5993703313653459,0.4032647494349622,0.5876130144643505,,,POINT (NaN NaN),GBR
1893,1893,0.03488786044855821,0.08678885227479033,0.04771216355747603,0.00047603738432855857,0.00010069029926694417,173.58221500721493,0.47634440199823685,0.004162269471918553,0.5993703313653459,0.4032647494349622,0.5876130144643505,,,POINT (NaN NaN),GBR
1894,1894,0.009967960128159488,0.08678885227479033,0.04067905165700693,8.491631732530136e-07,3.128372445069943e-06,139.60364357864313,0.9047619047619048,0.004162269471918553,0.5993703313653459,0.4032647494349622,0.5876130144643505,,,POINT (NaN NaN),GBR
1895,1895,0.002847988608045568,0.08678885227479033,0.05119372944913153,0.00014367079731266244,0.0007752500845154952,161.8575396825392,0.6785714285714286,0.004162269471918553,0.5993703313653459,0.4032647494349622,0.5876130144643505,,,POINT (NaN NaN),GBR
1896,1896,0.022071911712353152,0.08678885227479033,0.052076841352854134,0.0003624480688385314,0.0003798889002537546,182.76554834054832,0.6826241134751773,0.004162269471918553,0.5993703313653459,0.4032647494349622,0.5876130144643505,,,POINT (NaN NaN),GBR
1897,1897,0.005695977216091136,0.08678885227479033,0.03544197997121055,0.0,9.524403882317508e-09,125.47896825396842,0.7166666666666667,0.004162269471918553,0.5993703313653459,0.4032647494349622,0.5876130144643505,,,POINT (NaN NaN),GBR
1898,1898,0.006407974368102528,0.08678885227479033,0.05161813342383936,0.0005427896723622944,0.0008423771184298995,168.4765873015868,0.2875816993464052,0.004162269471918553,0.5993703313653459,0.4032647494349622,0.5876130144643505,,,POINT (NaN NaN),GBR
1899,1899,0.024207903168387328,0.08678885227479033,0.050162637214506534,4.413323952490499e-05,0.0003030492252723409,176.3941919191918,0.6794612794612794,0.004162269471918553,0.5993703313653459,0.4032647494349622,0.5876130144643505,,,POINT (NaN NaN),GBR
1900,1900,0.011035955856176576,0.08678885227479033,0.04175314229170577,1.7454921113329073e-05,3.973997339182915e-06,151.78697691197652,0.7655913978494624,0.004162269471918553,0.5993703313653459,0.4032647494349622,0.5876130144643505,,,POINT (NaN NaN),GBR
1901,1901,0.019223923104307584,0.08678885227479033,0.04087935884612637,0.00022054218907927462,4.006947658125875e-06,143.53697691197644,0.7240398293029872,0.004162269471918553,0.5993703313653459,0.4032647494349622,0.5876130144643505,,,POINT (NaN NaN),GBR
1902,1902,0.022071911712353152,0.08678885227479033,0.040349533215070864,0.0002306403655435758,3.945488499416846e-06,142.99895382395331,0.6553911205073996,0.004162269471918553,0.5993703313653459,0.4032647494349622,0.5876130144643505,,,POINT (NaN NaN),GBR
1903,1903,0.02598789604841581,0.08678885227479033,0.04180570604616448,0.001343513394346124,4.500680490607201e-06,153.28697691197655,0.5499707773232028,0.004162269471918553,0.5993703313653459,0.4032647494349622,0.5876130144643505,,,POINT (NaN NaN),GBR
1904,1904,0.009611961552153792,0.08678885227479033,0.04071229975807518,1.4641302480137521e-06,3.3003765545878236e-06,140.60364357864313,0.9095238095238095,0.004162269471918553,0.5993703313653459,0.4032647494349622,0.5876130144643505,,,POINT (NaN NaN),GBR
1905,1905,0.029903880384478464,0.08678885227479033,0.054349698585930147,0.0008911008653793159,0.0003265450085855482,197.92150072150062,0.53125,0.004162269471918553,0.5993703313653459,0.4032647494349622,0.5876130144643505,,,POINT (NaN NaN),GBR
1906,1906,0.000355998576005696,0.08678885227479033,0.000355998576005696,0.0,3.2430197235579753e-22,1.0,0.0,0.004162269471918553,0.5993703313653459,0.4032647494349622,0.5876130144643505,,,POINT (NaN NaN),GBR
1907,1907,0.01886792452830189,0.08678885227479033,0.04145776009488555,5.421339030075027e-05,3.856295464134927e-06,148.95364357864315,0.6747638326585695,0.004162269471918553,0.5993703313653459,0.4032647494349622,0.5876130144643505,,,POINT (NaN NaN),GBR
1908,1908,0.008543965824136704,0.08678885227479033,0.036279314460309534,0.0002774413241975744,1.752081225491574e-06,133.85014430014414,0.7608695652173914,0.004162269471918553,0.5993703313653459,0.4032647494349622,0.5876130144643505,,,POINT (NaN NaN),GBR
1909,1909,0.02135991456034176,0.08678885227479033,0.03926803212771382,3.962068263360858e-05,3.6487454014094317e-06,138.0695887445882,0.58078231292517,0.004162269471918553,0.5993703313653459,0.4032647494349622,0.5876130144643505,,,POINT (NaN NaN),GBR
1910,1910,0.02385190459238163,0.08678885227479033,0.04198187842731141,0.0002881591152389727,4.771851747266572e-06,155.2036435786433,0.624313725490196,0.004162269471918553,0.5993703313653459,0.4032647494349622,0.5876130144643505,,,POINT (NaN NaN),GBR
1911,1911,0.003915984336062656,0.08678885227479033,0.03305647669797772,0.0,7.093376033481693e-09,116.16507936507949,0.6909090909090909,0.004162269471918553,0.5993703313653459,0.4032647494349622,0.5876130144643505,,,POINT (NaN NaN),GBR
1912,1912,0.020291918832324674,0.08678885227479033,0.04142328378711433,3.559996422642256e-05,4.228829971059479e-06,149.45364357864315,0.6754756871035941,0.004162269471918553,0.5993703313653459,0.4032647494349622,0.5876130144643505,,,POINT (NaN NaN),GBR
1913,1913,0.027411890352438593,0.08678885227479033,0.044915688687109996,0.00024563250188723796,1.2452669253726263e-05,158.49888167388153,0.5194372454646428,0.004162269471918553,0.5993703313653459,0.4032647494349622,0.5876130144643505,,,POINT (NaN NaN),GBR
1914,1914,0.00533997864008544,0.08678885227479033,0.0,0.0,2.4946305565830578e-23,0.0,0.4666666666666667,0.004162269471918553,0.5993703313653459,0.4032647494349622,0.5876130144643505,,,POINT (NaN NaN),GBR
1915,1915,0.004627981488074048,0.08678885227479033,0.0333408805345586,1.0819023358020856e-07,1.0837067230460864e-08,118.90317460317473,0.7051282051282052,0.004162269471918553,0.5993703313653459,0.4032647494349622,0.5876130144643505,,,POINT (NaN NaN),GBR
1916,1916,0.012103951584193664,0.08678885227479033,0.03302054938946303,0.0012620275178277182,1.1767630256056114e-08,120.84841269841279,0.4043010752688172,0.004162269471918553,0.5993703313653459,0.4032647494349622,0.5876130144643505,,,POINT (NaN NaN),GBR
1917,1917,0.03346386614453542,0.08678885227479033,0.04217739098560964,0.001342177668605626,4.995878869110315e-06,159.0369769119766,0.4730890999547716,0.004162269471918553,0.5993703313653459,0.4032647494349622,0.5876130144643505,,,POINT (NaN NaN),GBR
1918,1918,0.004271982912068352,0.08678885227479033,0.032599148399217924,8.065288096147869e-05,5.738639035802261e-09,112.89007936507947,0.5757575757575758,0.004162269471918553,0.5993703313653459,0.4032647494349622,0.5876130144643505,,,POINT (NaN NaN),GBR
1919,1919,0.011747953008187968,0.08678885227479033,0.03699331507909765,0.00021786278621035017,1.6477560361808355e-06,139.02150072150047,0.6451612903225806,0.004162269471918553,0.5993703313653459,0.4032647494349622,0.5876130144643505,,,POINT (NaN NaN),GBR
1920,1920,0.027411890352438593,0.08678885227479033,0.0381843608693024,0.001105482569720051,2.635906792883745e-06,148.22626262626255,0.5097643097643098,0.004162269471918553,0.5993703313653459,0.4032647494349622,0.5876130144643505,,,POINT (NaN NaN),GBR
1921,1921,0.00177999288002848,0.08678885227479033,0.0317642310767453,0.0,3.2083500520677782e-09,107.09332611832623,1.0,0.004162269471918553,0.5993703313653459,0.4032647494349622,0.5876130144643505,,,POINT (NaN NaN),GBR
1922,1922,0.013883944464222144,0.08678885227479033,0.04077895927466638,1.178882985534392e-06,3.843349311073975e-06,142.6036435786431,0.88,0.004162269471918553,0.5993703313653459,0.4032647494349622,0.5876130144643505,,,POINT (NaN NaN),GBR
1923,1923,0.007475970096119616,0.08678885227479033,0.05161813342383936,0.0006106903121969185,0.00012402207927992312,171.31468253968265,0.6274509803921569,0.004162269471918553,0.5993703313653459,0.4032647494349622,0.5876130144643505,,,POINT (NaN NaN),GBR
1924,1924,0.032395870416518334,0.08678885227479033,0.03703457156431598,0.0004715038717530467,2.887335654062869e-06,141.97150072150043,0.44988344988344986,0.004162269471918553,0.5993703313653459,0.4032647494349622,0.5876130144643505,,,POINT (NaN NaN),GBR
1925,1925,0.006051975792096832,0.08678885227479033,0.028431220750002845,6.839147518871633e-05,2.2823139663801193e-09,96.82918470418485,0.4,0.004162269471918553,0.5993703313653459,0.4032647494349622,0.5876130144643505,,,POINT (NaN NaN),GBR
1926,1926,0.029547881808472766,0.08678885227479033,0.03834603445265972,0.0018798142186328302,3.4072306691516442e-06,151.72626262626255,0.5012987012987012,0.004162269471918553,0.5993703313653459,0.4032647494349622,0.5876130144643505,,,POINT (NaN NaN),GBR
1927,1927,0.029903880384478464,0.08678885227479033,0.04555235368450387,0.00023262980533278287,5.368427252684072e-05,167.01554834054826,0.5387163561076604,0.004162269471918553,0.5993703313653459,0.4032647494349622,0.5876130144643505,,,POINT (NaN NaN),GBR
1928,1928,0.000711997152011392,0.08678885227479033,0.03090234857849197,0.00013438692683975703,1.6163217457019704e-09,100.52388167388183,0.0,0.004162269471918553,0.5993703313653459,0.4032647494349622,0.5876130144643505,,,POINT (NaN NaN),GBR
1929,1929,0.0,0.08678885227479033,0.0,0.0,2.4946305565830578e-23,0.0,0.0,0.004162269471918553,0.5993703313653459,0.4032647494349622,0.5876130144643505,,,POINT (NaN NaN),GBR
1930,1930,0.006763972944108224,0.08678885227479033,0.03301898502932304,1.1811683981686417e-06,8.808276542368077e-09,117.58174603174615,0.6416666666666667,0.004162269471918553,0.5993703313653459,0.4032647494349622,0.5876130144643505,,,POINT (NaN NaN),GBR
1931,1931,0.02919188323246707,0.08678885227479033,0.03841997589973389,0.0018648308619221361,3.607465370463809e-06,153.55959595959587,0.517120894479385,0.004162269471918553,0.5993703313653459,0.4032647494349622,0.5876130144643505,,,POINT (NaN NaN),GBR
1932,1932,0.019579921680313278,0.08678885227479033,0.05390854843507033,0.00031989775894982213,0.000371033033166592,191.92150072150068,0.6564482029598309,0.004162269471918553,0.5993703313653459,0.4032647494349622,0.5876130144643505,,,POINT (NaN NaN),GBR
1933,1933,0.002491990032039872,0.08678885227479033,0.03255653513333659,0.0,5.546634574416138e-09,112.30674603174616,0.7619047619047619,0.004162269471918553,0.5993703313653459,0.4032647494349622,0.5876130144643505,,,POINT (NaN NaN),GBR
1934,1934,0.025631897472410112,0.08678885227479033,0.038405164806480326,0.0006415696313517022,2.1682155840121855e-06,145.30277777777775,0.5057239057239057,0.004162269471918553,0.5993703313653459,0.4032647494349622,0.5876130144643505,,,POINT (NaN NaN),GBR
1935,1935,0.029547881808472766,0.08678885227479033,0.043370917504575515,0.0010521908979650022,5.233630937907811e-06,163.7929292929292,0.5162337662337663,0.004162269471918553,0.5993703313653459,0.4032647494349622,0.5876130144643505,,,POINT (NaN NaN),GBR
1936,1936,0.024207903168387328,0.08678885227479033,0.054349698585930147,0.0011556511681053748,0.00045140740969202615,196.7215007215006,0.5279220779220779,0.004162269471918553,0.5993703313653459,0.4032647494349622,0.5876130144643505,,,POINT (NaN NaN),GBR
1937,1937,0.009611961552153792,0.08678885227479033,0.03608221568562476,1.462338892471509e-05,1.2650488253781478e-06,129.85014430014425,0.8142292490118577,0.004162269471918553,0.5993703313653459,0.4032647494349622,0.5876130144643505,,,POINT (NaN NaN),GBR
1938,1938,0.02313990744037024,0.08678885227479033,0.03809674856902867,0.00031306322812581504,2.188436977989362e-06,145.22626262626255,0.5679925994449584,0.004162269471918553,0.5993703313653459,0.4032647494349622,0.5876130144643505,,,POINT (NaN NaN),GBR
1939,1939,0.0177999288002848,0.08678885227479033,0.04203502004557383,0.00016227374642142586,5.108863815987475e-06,156.7036435786433,0.6329787234042553,0.004162269471918553,0.5993703313653459,0.4032647494349622,0.5876130144643505,,,POINT (NaN NaN),GBR
1940,1940,0.01245995016019936,0.08678885227479033,0.05358956294137168,0.00031854046221899525,0.0003722533768334794,187.08816738816736,0.7183600713012478,0.004162269471918553,0.5993703313653459,0.4032647494349622,0.5876130144643505,,,POINT (NaN NaN),GBR
1941,1941,0.026343894624421504,0.08678885227479033,0.0382136545868853,0.00047277038642688785,2.7671801638754197e-06,147.5595959595959,0.5586734693877551,0.004162269471918553,0.5993703313653459,0.4032647494349622,0.5876130144643505,,,POINT (NaN NaN),GBR
1942,1942,0.006051975792096832,0.08678885227479033,0.033207665836003326,0.0003455522970745069,1.7633635959589038e-08,120.65912698412707,0.40441176470588236,0.004162269471918553,0.5993703313653459,0.4032647494349622,0.5876130144643505,,,POINT (NaN NaN),GBR
1943,1943,0.003915984336062656,0.08678885227479033,0.03700705702377785,9.831188599855318e-05,1.207929854060039e-07,125.78650793650809,0.38181818181818183,0.004162269471918553,0.5993703313653459,0.4032647494349622,0.5876130144643505,,,POINT (NaN NaN),GBR
1944,1944,0.01067995728017088,0.08678885227479033,0.03808218559174693,6.111839124568084e-05,2.4136055649796397e-06,144.3929292929292,0.7149425287356321,0.004162269471918553,0.5993703313653459,0.4032647494349622,0.5876130144643505,,,POINT (NaN NaN),GBR
1945,1945,0.005695977216091136,0.08678885227479033,0.03256717800196468,3.640685553049981e-05,1.432896726170827e-08,116.68373015873028,0.3523809523809524,0.004162269471918553,0.5993703313653459,0.4032647494349622,0.5876130144643505,,,POINT (NaN NaN),GBR
1946,1946,0.021715913136347458,0.08678885227479033,0.042159541899284794,0.000699140294777958,5.299732408289998e-06,158.87031024530998,0.6515679442508711,0.004162269471918553,0.5993703313653459,0.4032647494349622,0.5876130144643505,,,POINT (NaN NaN),GBR
1947,1947,0.004627981488074048,0.08678885227479033,0.040963403580596205,0.0010524696871712957,1.1403602559174725e-06,137.55396825396843,0.4230769230769231,0.004162269471918553,0.5993703313653459,0.4032647494349622,0.5876130144643505,,,POINT (NaN NaN),GBR
1948,1948,0.00177999288002848,0.08678885227479033,0.0,0.0,2.4946305565830578e-23,0.0,0.8,0.004162269471918553,0.5993703313653459,0.4032647494349622,0.5876130144643505,,,POINT (NaN NaN),GBR
1949,1949,0.022071911712353152,0.08678885227479033,0.03692475815715714,0.00020792702335101522,2.0744844557835917e-06,138.63816738816712,0.6770981507823614,0.004162269471918553,0.5993703313653459,0.4032647494349622,0.5876130144643505,,,POINT (NaN NaN),GBR
1950,1950,0.016375934496262016,0.08678885227479033,0.05373408711327399,0.0011802326546073436,0.00026875846628644865,188.504834054834,0.5598141695702671,0.004162269471918553,0.5993703313653459,0.4032647494349622,0.5876130144643505,,,POINT (NaN NaN),GBR
1951,1951,0.013171947312210752,0.08678885227479033,0.05072454048269346,0.0017005420604156638,0.00010770288020409251,179.16468253968264,0.5780780780780781,0.004162269471918553,0.5993703313653459,0.4032647494349622,0.5876130144643505,,,POINT (NaN NaN),GBR
1952,1952,0.007475970096119616,0.08678885227479033,0.042537573658415866,0.0027635650711400977,1.726026266163813e-06,150.3873015873015,0.3476190476190476,0.004162269471918553,0.5993703313653459,0.4032647494349622,0.5876130144643505,,,POINT (NaN NaN),GBR
1953,1953,0.000711997152011392,0.08678885227479033,0.0,0.0,2.4946305565830578e-23,0.0,0.0,0.004162269471918553,0.5993703313653459,0.4032647494349622,0.5876130144643505,,,POINT (NaN NaN),GBR
1954,1954,0.00177999288002848,0.08678885227479033,0.004625887378803426,7.087008689002281e-05,1.634127952597241e-15,16.43499278499277,0.4,0.004162269471918553,0.5993703313653459,0.4032647494349622,0.5876130144643505,,,POINT (NaN NaN),GBR
1955,1955,0.007475970096119616,0.08678885227479033,0.03301898502932304,1.6261380211562873e-06,8.808276542368077e-09,117.58174603174615,0.6405228758169934,0.004162269471918553,0.5993703313653459,0.4032647494349622,0.5876130144643505,,,POINT (NaN NaN),GBR
1956,1956,0.012103951584193664,0.08678885227479033,0.03234512906104219,0.0007089764043391509,9.776130192988001e-09,115.1123015873017,0.5333333333333333,0.004162269471918553,0.5993703313653459,0.4032647494349622,0.5876130144643505,,,POINT (NaN NaN),GBR
1957,1957,0.004627981488074048,0.08678885227479033,0.032889731762301075,7.053643318717491e-07,6.989688886451239e-09,115.03174603174614,0.7564102564102564,0.004162269471918553,0.5993703313653459,0.4032647494349622,0.5876130144643505,,,POINT (NaN NaN),GBR
1958,1958,0.007475970096119616,0.08678885227479033,0.0329223388988797,0.0,1.5830279913831362e-06,125.08658008658021,0.9590643274853801,0.004162269471918553,0.5993703313653459,0.4032647494349622,0.5876130144643505,,,POINT (NaN NaN),GBR
1959,1959,0.020647917408330368,0.08678885227479033,0.05516223560797894,0.00047527744074192405,0.0002616752989799361,195.6646825396825,0.5208140610545791,0.004162269471918553,0.5993703313653459,0.4032647494349622,0.5876130144643505,,,POINT (NaN NaN),GBR
1960,1960,0.01601993592025632,0.08678885227479033,0.05596797612809548,0.0024266256102392406,0.0003082424787898585,196.96468253968254,0.45665961945031713,0.004162269471918553,0.5993703313653459,0.4032647494349622,0.5876130144643505,,,POINT (NaN NaN),GBR
1961,1961,0.007831968672125312,0.08678885227479033,0.03240826203904033,0.0002414717731463304,1.070601648774789e-08,116.08452380952394,0.48484848484848486,0.004162269471918553,0.5993703313653459,0.4032647494349622,0.5876130144643505,,,POINT (NaN NaN),GBR
1962,1962,0.00533997864008544,0.08678885227479033,0.03260981915155809,1.4806593064138037e-07,1.1657167577362987e-08,117.07261904761921,0.6476190476190476,0.004162269471918553,0.5993703313653459,0.4032647494349622,0.5876130144643505,,,POINT (NaN NaN),GBR
1963,1963,0.019579921680313278,0.08678885227479033,0.038009537393365114,0.00012281761904700355,1.961451747998842e-06,143.30959595959587,0.6334440753045404,0.004162269471918553,0.5993703313653459,0.4032647494349622,0.5876130144643505,,,POINT (NaN NaN),GBR
1964,1964,0.007831968672125312,0.08678885227479033,0.0322613333898996,1.9112561061782166e-06,7.4277066219106905e-09,112.19563492063506,0.7692307692307693,0.004162269471918553,0.5993703313653459,0.4032647494349622,0.5876130144643505,,,POINT (NaN NaN),GBR
1965,1965,0.02598789604841581,0.08678885227479033,0.03833128030319737,0.0012436832045762403,2.854200520466172e-06,151.22626262626252,0.5578231292517006,0.004162269471918553,0.5993703313653459,0.4032647494349622,0.5876130144643505,,,POINT (NaN NaN),GBR
1966,1966,0.013527945888216448,0.08678885227479033,0.03676125369299261,0.0002805979794807052,1.9412502231587114e-06,136.0548340548339,0.811965811965812,0.004162269471918553,0.5993703313653459,0.4032647494349622,0.5876130144643505,,,POINT (NaN NaN),GBR
1967,1967,0.025275898896404414,0.08678885227479033,0.042195255191872075,0.0006431713576672014,5.58789161782833e-06,159.87031024531004,0.5656565656565656,0.004162269471918553,0.5993703313653459,0.4032647494349622,0.5876130144643505,,,POINT (NaN NaN),GBR
1968,1968,0.002847988608045568,0.08678885227479033,0.04101399650391518,1.9438905098860565e-06,1.135550239669217e-06,137.12777777777794,0.6071428571428571,0.004162269471918553,0.5993703313653459,0.4032647494349622,0.5876130144643505,,,POINT (NaN NaN),GBR
1969,1969,0.026343894624421504,0.08678885227479033,0.03837557685208396,0.0003631769719717932,2.8170738023735514e-06,151.85959595959594,0.511611030478955,0.004162269471918553,0.5993703313653459,0.4032647494349622,0.5876130144643505,,,POINT (NaN NaN),GBR
1970,1970,0.011035955856176576,0.08678885227479033,0.05101023937942138,5.403872641893842e-05,0.00010663631920073518,179.45483405483412,0.5075268817204301,0.004162269471918553,0.5993703313653459,0.4032647494349622,0.5876130144643505,,,POINT (NaN NaN),GBR
1971,1971,0.009967960128159488,0.08678885227479033,0.03677482373865263,1.049789684544778e-05,1.9397685527172644e-06,136.55483405483386,0.922077922077922,0.004162269471918553,0.5993703313653459,0.4032647494349622,0.5876130144643505,,,POINT (NaN NaN),GBR
1972,1972,0.001067995728017088,0.08678885227479033,0.001067995728017088,0.0,1.1350569032452917e-20,3.0,1.0,0.004162269471918553,0.5993703313653459,0.4032647494349622,0.5876130144643505,,,POINT (NaN NaN),GBR
1973,1973,0.014595941616233536,0.08678885227479033,0.032303176883271716,2.7711870704547155e-05,9.030679643784875e-09,114.19563492063506,0.47883597883597884,0.004162269471918553,0.5993703313653459,0.4032647494349622,0.5876130144643505,,,POINT (NaN NaN),GBR
1974,1974,0.01673193307226771,0.08678885227479033,0.04794176973436476,0.0005845314105095957,1.7369691165613728e-05,174.6646825396826,0.4919191919191919,0.004162269471918553,0.5993703313653459,0.4032647494349622,0.5876130144643505,,,POINT (NaN NaN),GBR
1975,1975,0.002135991456034176,0.08678885227479033,0.004534656382729403,8.253385789875643e-05,1.4417719297476233e-15,15.434992784992774,0.26666666666666666,0.004162269471918553,0.5993703313653459,0.4032647494349622,0.5876130144643505,,,POINT (NaN NaN),GBR
1976,1976,0.024207903168387328,0.08678885227479033,0.04352249781913935,0.0011469285920597885,4.938305085296319e-06,165.80959595959592,0.4298245614035088,0.004162269471918553,0.5993703313653459,0.4032647494349622,0.5876130144643505,,,POINT (NaN NaN),GBR
1977,1977,0.007831968672125312,0.08678885227479033,0.0329877475192086,0.0006643864433226368,1.7034502238991398e-08,119.38134920634931,0.42105263157894735,0.004162269471918553,0.5993703313653459,0.4032647494349622,0.5876130144643505,,,POINT (NaN NaN),GBR
1978,1978,0.01067995728017088,0.08678885227479033,0.03315241181630947,1.3173663922820684e-05,1.377655414686219e-08,120.03650793650807,0.5555555555555556,0.004162269471918553,0.5993703313653459,0.4032647494349622,0.5876130144643505,,,POINT (NaN NaN),GBR
1979,1979,0.009611961552153792,0.08678885227479033,0.03295501075355937,0.0002637357057546031,1.7787533970598588e-06,126.25324675324688,0.919047619047619,0.004162269471918553,0.5993703313653459,0.4032647494349622,0.5876130144643505,,,POINT (NaN NaN),GBR
1980,1980,0.001067995728017088,0.08678885227479033,0.000711997152011392,0.0,2.2701138064905823e-21,2.0,1.0,0.004162269471918553,0.5993703313653459,0.4032647494349622,0.5876130144643505,,,POINT (NaN NaN),GBR
1981,1981,0.004983980064079744,0.08678885227479033,0.033108340813562634,0.00014286213234322365,1.969116286971548e-08,119.60357142857154,0.5164835164835165,0.004162269471918553,0.5993703313653459,0.4032647494349622,0.5876130144643505,,,POINT (NaN NaN),GBR
1982,1982,0.019579921680313278,0.08678885227479033,0.04308953179412196,0.000693327556077691,5.11185001707525e-06,161.22626262626252,0.6351351351351351,0.004162269471918553,0.5993703313653459,0.4032647494349622,0.5876130144643505,,,POINT (NaN NaN),GBR
1983,1983,0.0088999644001424,0.08678885227479033,0.03739602008558933,0.0015265039202574102,1.3699035688303815e-07,129.86031746031762,0.31620553359683795,0.004162269471918553,0.5993703313653459,0.4032647494349622,0.5876130144643505,,,POINT (NaN NaN),GBR
1984,1984,0.015663937344250624,0.08678885227479033,0.031132186721253115,2.457236937021245e-05,6.520864738222628e-09,108.04054834054848,0.4028520499108734,0.004162269471918553,0.5993703313653459,0.4032647494349622,0.5876130144643505,,,POINT (NaN NaN),GBR
1985,1985,0.000355998576005696,0.08678885227479033,0.0039935560102117565,0.0,1.6903264908498327e-16,13.017254967254965,0.0,0.004162269471918553,0.5993703313653459,0.4032647494349622,0.5876130144643505,,,POINT (NaN NaN),GBR
1986,1986,0.01673193307226771,0.08678885227479033,0.04857289005753777,0.004075668101101879,5.475466919439104e-05,171.7123015873017,0.3463414634146341,0.004162269471918553,0.5993703313653459,0.4032647494349622,0.5876130144643505,,,POINT (NaN NaN),GBR
1987,1987,0.001067995728017088,0.08678885227479033,0.000355998576005696,0.0,3.2430197235579753e-22,1.0,1.0,0.004162269471918553,0.5993703313653459,0.4032647494349622,0.5876130144643505,,,POINT (NaN NaN),GBR
1988,1988,0.007831968672125312,0.08678885227479033,0.032878877065349824,5.3890938349467444e-05,1.5913268137805024e-06,124.7532467532469,0.9181286549707602,0.004162269471918553,0.5993703313653459,0.4032647494349622,0.5876130144643505,,,POINT (NaN NaN),GBR
1989,1989,0.012103951584193664,0.08678885227479033,0.03302054938946303,0.0006720407074052397,2.0989955365932246e-08,119.79801587301601,0.4430769230769231,0.004162269471918553,0.5993703313653459,0.4032647494349622,0.5876130144643505,,,POINT (NaN NaN),GBR
1990,1990,0.006407974368102528,0.08678885227479033,0.046771360332399044,1.5564831336778333e-05,9.207447560769192e-06,157.92896825396815,0.6857142857142857,0.004162269471918553,0.5993703313653459,0.4032647494349622,0.5876130144643505,,,POINT (NaN NaN),GBR
1991,1991,0.001067995728017088,0.08678885227479033,0.0,0.0,2.4946305565830578e-23,0.0,1.0,0.004162269471918553,0.5993703313653459,0.4032647494349622,0.5876130144643505,,,POINT (NaN NaN),GBR
1992,1992,0.00711997152011392,0.08678885227479033,0.03760777557871271,1.001774530427228e-07,1.514031961533208e-06,138.47626262626264,0.6549707602339181,0.004162269471918553,0.5993703313653459,0.4032647494349622,0.5876130144643505,,,POINT (NaN NaN),GBR
1993,1993,0.001423994304022784,0.08678885227479033,0.004444206411964913,1.1663771008733629e-05,1.2727393056089456e-15,14.434992784992778,0.5,0.004162269471918553,0.5993703313653459,0.4032647494349622,0.5876130144643505,,,POINT (NaN NaN),GBR
1994,1994,0.014595941616233536,0.08678885227479033,0.032282241577449765,1.1803548165602173e-05,8.42075969021329e-09,113.52896825396839,0.4689655172413793,0.004162269471918553,0.5993703313653459,0.4032647494349622,0.5876130144643505,,,POINT (NaN NaN),GBR
1995,1995,0.004627981488074048,0.08678885227479033,0.03569437388319956,0.0001042768474059034,7.805800612777748e-08,117.87222222222243,0.41025641025641024,0.004162269471918553,0.5993703313653459,0.4032647494349622,0.5876130144643505,,,POINT (NaN NaN),GBR
1996,1996,0.01067995728017088,0.08678885227479033,0.03786506936830481,4.663929763935612e-05,6.027310904408098e-07,137.46944444444455,0.6333333333333333,0.004162269471918553,0.5993703313653459,0.4032647494349622,0.5876130144643505,,,POINT (NaN NaN),GBR
1997,1997,0.002847988608045568,0.08678885227479033,0.03258848462806999,3.966284061649085e-07,1.6884261238035437e-08,112.17420634920653,0.5357142857142857,0.004162269471918553,0.5993703313653459,0.4032647494349622,0.5876130144643505,,,POINT (NaN NaN),GBR
1998,1998,0.028123887504449982,0.08678885227479033,0.044022535354843115,0.0013812573018008633,5.1581617968945345e-06,168.16944444444434,0.4418468731735827,0.004162269471918553,0.5993703313653459,0.4032647494349622,0.5876130144643505,,,POINT (NaN NaN),GBR
1999,1999,0.00711997152011392,0.08678885227479033,0.040946566998771056,0.0008621992325858384,1.3124834937484293e-06,137.80396825396843,0.4666666666666667,0.004162269471918553,0.5993703313653459,0.4032647494349622,0.5876130144643505,,,POINT (NaN NaN),GBR
2000,2000,0.003915984336062656,0.08678885227479033,0.03251403312924607,0.00014477585833432759,1.4870593249927921e-08,111.0908730158732,0.41818181818181815,0.004162269471918553,0.5993703313653459,0.4032647494349622,0.5876130144643505,,,POINT (NaN NaN),GBR
2001,2001,0.0088999644001424,0.08678885227479033,0.032324139360158974,4.369734968072024e-06,1.0844795321033087e-08,115.19563492063507,0.5882352941176471,0.004162269471918553,0.5993703313653459,0.4032647494349622,0.5876130144643505,,,POINT (NaN NaN),GBR
2002,2002,0.009611961552153792,0.08678885227479033,0.037750283254266756,1.3922737743380513e-05,4.930065350858758e-07,133.8027777777779,0.7315789473684211,0.004162269471918553,0.5993703313653459,0.4032647494349622,0.5876130144643505,,,POINT (NaN NaN),GBR
2003,2003,0.014595941616233536,0.08678885227479033,0.03762197791087989,3.697813433080406e-05,8.379754748366389e-07,136.57626262626263,0.5511363636363636,0.004162269471918553,0.5993703313653459,0.4032647494349622,0.5876130144643505,,,POINT (NaN NaN),GBR
2004,2004,0.010323958704165184,0.08678885227479033,0.03112246095220555,1.1906116061158313e-05,6.167026684188571e-09,107.87388167388181,0.48616600790513836,0.004162269471918553,0.5993703313653459,0.4032647494349622,0.5876130144643505,,,POINT (NaN NaN),GBR
2005,2005,0.029903880384478464,0.08678885227479033,0.03841997589973389,0.0004756161253018005,2.2869079792110843e-06,147.81944444444437,0.3881544156530936,0.004162269471918553,0.5993703313653459,0.4032647494349622,0.5876130144643505,,,POINT (NaN NaN),GBR
2006,2006,0.006407974368102528,0.08678885227479033,0.032324139360158974,1.9497418480322088e-06,1.0179892367449728e-08,115.52896825396842,0.5333333333333333,0.004162269471918553,0.5993703313653459,0.4032647494349622,0.5876130144643505,,,POINT (NaN NaN),GBR
2007,2007,0.004983980064079744,0.08678885227479033,0.030634378077493838,1.18287796504648e-06,1.7291793494545695e-09,98.36673881673902,0.6043956043956044,0.004162269471918553,0.5993703313653459,0.4032647494349622,0.5876130144643505,,,POINT (NaN NaN),GBR
2008,2008,0.013883944464222144,0.08678885227479033,0.03749454177945426,0.00012280376571630443,5.662981257861815e-07,134.9429292929293,0.5724137931034483,0.004162269471918553,0.5993703313653459,0.4032647494349622,0.5876130144643505,,,POINT (NaN NaN),GBR
2009,2009,0.00711997152011392,0.08678885227479033,0.03224045226796439,0.0004229131219358532,1.100530137454321e-06,118.21522366522377,0.6666666666666666,0.004162269471918553,0.5993703313653459,0.4032647494349622,0.5876130144643505,,,POINT (NaN NaN),GBR
2010,2010,0.0088999644001424,0.08678885227479033,0.037908294333337124,1.337055331062716e-06,5.628448124869747e-07,137.76944444444456,0.7272727272727273,0.004162269471918553,0.5993703313653459,0.4032647494349622,0.5876130144643505,,,POINT (NaN NaN),GBR
2011,2011,0.01423994304022784,0.08678885227479033,0.03749454177945426,0.00010945631995810327,5.662981257861815e-07,134.9429292929293,0.6,0.004162269471918553,0.5993703313653459,0.4032647494349622,0.5876130144643505,,,POINT (NaN NaN),GBR
2012,2012,0.004271982912068352,0.08678885227479033,0.03262049689194825,1.2839617904306969e-05,1.5583072507082747e-08,112.37420634920653,0.5303030303030303,0.004162269471918553,0.5993703313653459,0.4032647494349622,0.5876130144643505,,,POINT (NaN NaN),GBR
2013,2013,0.008187967248131008,0.08678885227479033,0.04191123159781656,3.891075724139392e-05,1.7502825801064523e-06,148.97063492063472,0.6142857142857143,0.004162269471918553,0.5993703313653459,0.4032647494349622,0.5876130144643505,,,POINT (NaN NaN),GBR
2014,2014,0.01245995016019936,0.08678885227479033,0.032503424961830334,1.5835465546687992e-05,1.1500225024249641e-08,115.51706349206364,0.41935483870967744,0.004162269471918553,0.5993703313653459,0.4032647494349622,0.5876130144643505,,,POINT (NaN NaN),GBR
2015,2015,0.009611961552153792,0.08678885227479033,0.03793716584463441,2.0665437044372412e-05,5.616870191990327e-07,138.01944444444456,0.5925925925925926,0.004162269471918553,0.5993703313653459,0.4032647494349622,0.5876130144643505,,,POINT (NaN NaN),GBR
2016,2016,0.008187967248131008,0.08678885227479033,0.04268337511054412,0.00015153945182514217,1.619079030951172e-06,153.3039682539682,0.5138339920948617,0.004162269471918553,0.5993703313653459,0.4032647494349622,0.5876130144643505,,,POINT (NaN NaN),GBR
2017,2017,0.009611961552153792,0.08678885227479033,0.037367966057018,0.00013481533900411204,5.228684041661487e-07,133.35959595959596,0.5869565217391305,0.004162269471918553,0.5993703313653459,0.4032647494349622,0.5876130144643505,,,POINT (NaN NaN),GBR
2018,2018,0.006763972944108224,0.08678885227479033,0.04128595006548279,0.00017078768328598692,1.1182816867585538e-06,138.695634920635,0.4857142857142857,0.004162269471918553,0.5993703313653459,0.4032647494349622,0.5876130144643505,,,POINT (NaN NaN),GBR
2019,2019,0.009611961552153792,0.08678885227479033,0.032492823714288965,2.080829728299807e-05,1.3133562086980074e-08,110.95753968253986,0.452991452991453,0.004162269471918553,0.5993703313653459,0.4032647494349622,0.5876130144643505,,,POINT (NaN NaN),GBR
2020,2020,0.009255962976148096,0.08678885227479033,0.03248222937985327,1.0586693887751099e-05,1.1435793236032177e-08,114.85039682539697,0.5133333333333333,0.004162269471918553,0.5993703313653459,0.4032647494349622,0.5876130144643505,,,POINT (NaN NaN),GBR
2021,2021,0.009255962976148096,0.08678885227479033,0.037908294333337124,0.00013009857960478665,5.436605021793102e-07,137.43611111111122,0.6307692307692307,0.004162269471918553,0.5993703313653459,0.4032647494349622,0.5876130144643505,,,POINT (NaN NaN),GBR
2022,2022,0.009611961552153792,0.08678885227479033,0.03655889816807705,0.00031589498322337755,5.3416757556067495e-08,127.60317460317479,0.4017094017094017,0.004162269471918553,0.5993703313653459,0.4032647494349622,0.5876130144643505,,,POINT (NaN NaN),GBR
2023,2023,0.00711997152011392,0.08678885227479033,0.031950929284159706,3.8794219800968145e-05,6.051106821641995e-09,105.75992063492085,0.39473684210526316,0.004162269471918553,0.5993703313653459,0.4032647494349622,0.5876130144643505,,,POINT (NaN NaN),GBR
2024,2024,0.01067995728017088,0.08678885227479033,0.028767830640488008,0.0015923358379008345,6.013626490601399e-08,103.10054112554118,0.4068965517241379,0.004162269471918553,0.5993703313653459,0.4032647494349622,0.5876130144643505,,,POINT (NaN NaN),GBR
2025,2025,0.00355998576005696,0.08678885227479033,0.007903550155236376,0.0,2.6385462187767375e-12,30.56825396825396,0.7555555555555555,0.004162269471918553,0.5993703313653459,0.4032647494349622,0.5876130144643505,,,POINT (NaN NaN),GBR
2026,2026,0.006051975792096832,0.08678885227479033,0.03580984813372033,6.797207807355879e-05,1.141871385509116e-07,121.45555555555576,0.6025641025641025,0.004162269471918553,0.5993703313653459,0.4032647494349622,0.5876130144643505,,,POINT (NaN NaN),GBR
2027,2027,0.008543965824136704,0.08678885227479033,0.032219598159123536,1.1744376343616279e-06,7.975797619128229e-09,108.91706349206369,0.39473684210526316,0.004162269471918553,0.5993703313653459,0.4032647494349622,0.5876130144643505,,,POINT (NaN NaN),GBR
2028,2028,0.00177999288002848,0.08678885227479033,0.02755060771792311,2.1894054464632332e-05,4.3794226090453756e-08,91.52473359973379,0.6,0.004162269471918553,0.5993703313653459,0.4032647494349622,0.5876130144643505,,,POINT (NaN NaN),GBR
2029,2029,0.030615877536489856,0.08678885227479033,0.037908294333337124,0.0008248953427329424,5.634648893033026e-07,137.76944444444456,0.2949701619778346,0.004162269471918553,0.5993703313653459,0.4032647494349622,0.5876130144643505,,,POINT (NaN NaN),GBR
2030,2030,0.0,0.08678885227479033,0.0,0.0,2.4946305565830578e-23,0.0,0.0,0.004162269471918553,0.5993703313653459,0.4032647494349622,0.5876130144643505,,,POINT (NaN NaN),GBR
2031,2031,0.007831968672125312,0.08678885227479033,0.040862591266616066,0.00023561509299339367,1.1086350040311808e-06,135.9706349206351,0.3508771929824561,0.004162269471918553,0.5993703313653459,0.4032647494349622,0.5876130144643505,,,POINT (NaN NaN),GBR
2032,2032,0.0088999644001424,0.08678885227479033,0.037103537246931086,0.00025398069179009873,8.264018147744157e-08,131.52738095238112,0.3933333333333333,0.004162269471918553,0.5993703313653459,0.4032647494349622,0.5876130144643505,,,POINT (NaN NaN),GBR
2033,2033,0.003203987184051264,0.08678885227479033,0.03493092479242986,3.2517123763603826e-06,2.940317169717235e-08,124.08253968253977,0.75,0.004162269471918553,0.5993703313653459,0.4032647494349622,0.5876130144643505,,,POINT (NaN NaN),GBR
2034,2034,0.00177999288002848,0.08678885227479033,0.028310030550727467,0.00045925257745751686,1.0793749437478455e-07,98.29577922077925,0.3,0.004162269471918553,0.5993703313653459,0.4032647494349622,0.5876130144643505,,,POINT (NaN NaN),GBR
2035,2035,0.015307938768244928,0.08678885227479033,0.037721695383570605,0.00022450544038713174,3.3108297630183153e-07,133.76944444444456,0.49376114081996436,0.004162269471918553,0.5993703313653459,0.4032647494349622,0.5876130144643505,,,POINT (NaN NaN),GBR
2036,2036,0.012103951584193664,0.08678885227479033,0.02511926311346696,0.0006288239870188351,5.288396154117145e-09,86.07134254634273,0.47593582887700536,0.004162269471918553,0.5993703313653459,0.4032647494349622,0.5876130144643505,,,POINT (NaN NaN),GBR
2037,2037,0.00533997864008544,0.08678885227479033,0.03762197791087989,0.00011530350836874209,7.98848951219437e-08,130.80357142857153,0.6813186813186813,0.004162269471918553,0.5993703313653459,0.4032647494349622,0.5876130144643505,,,POINT (NaN NaN),GBR
2038,2038,0.01245995016019936,0.08678885227479033,0.03334102995582663,8.608289513523094e-06,4.364067144391104e-08,115.90793650793663,0.5685483870967742,0.004162269471918553,0.5993703313653459,0.4032647494349622,0.5876130144643505,,,POINT (NaN NaN),GBR
2039,2039,0.022427910288358846,0.08678885227479033,0.04329552260235114,0.012624267798034425,1.234251777291061e-06,157.50317460317456,0.2851153039832285,0.004162269471918553,0.5993703313653459,0.4032647494349622,0.5876130144643505,,,POINT (NaN NaN),GBR
2040,2040,0.000355998576005696,0.08678885227479033,0.004444206411964913,0.0,1.2727393056089456e-15,14.434992784992778,0.0,0.004162269471918553,0.5993703313653459,0.4032647494349622,0.5876130144643505,,,POINT (NaN NaN),GBR
2041,2041,0.000711997152011392,0.08678885227479033,0.02480034789843415,1.8450457978791024e-05,5.243846383644374e-09,81.72491397491422,0.0,0.004162269471918553,0.5993703313653459,0.4032647494349622,0.5876130144643505,,,POINT (NaN NaN),GBR
2042,2042,0.01245995016019936,0.08678885227479033,0.033475469592745284,8.567131073139726e-05,6.154878724542818e-08,119.1246031746033,0.5169340463458111,0.004162269471918553,0.5993703313653459,0.4032647494349622,0.5876130144643505,,,POINT (NaN NaN),GBR
2043,2043,0.012103951584193664,0.08678885227479033,0.03808218559174693,2.0222164848192697e-05,5.227840838427235e-07,138.38611111111123,0.6369230769230769,0.004162269471918553,0.5993703313653459,0.4032647494349622,0.5876130144643505,,,POINT (NaN NaN),GBR
2044,2044,0.011747953008187968,0.08678885227479033,0.03355439457999662,6.086938173153408e-05,6.309473101773433e-08,120.10793650793661,0.49230769230769234,0.004162269471918553,0.5993703313653459,0.4032647494349622,0.5876130144643505,,,POINT (NaN NaN),GBR
2045,2045,0.019935920256318976,0.08678885227479033,0.03681559405321876,0.0018388998083402755,4.977906310164783e-08,132.15317460317485,0.2848639455782313,0.004162269471918553,0.5993703313653459,0.4032647494349622,0.5876130144643505,,,POINT (NaN NaN),GBR
2046,2046,0.012815948736205056,0.08678885227479033,0.04198187842731141,0.0008969735073918064,1.1079293395375024e-06,147.561507936508,0.5541871921182266,0.004162269471918553,0.5993703313653459,0.4032647494349622,0.5876130144643505,,,POINT (NaN NaN),GBR
2047,2047,0.00177999288002848,0.08678885227479033,0.024794175586861616,3.592835599690193e-05,5.243846383644374e-09,81.69158064158087,0.5,0.004162269471918553,0.5993703313653459,0.4032647494349622,0.5876130144643505,,,POINT (NaN NaN),GBR
2048,2048,0.010323958704165184,0.08678885227479033,0.03339691502112302,6.4378357240485985e-06,4.7139662239684895e-08,117.24126984126997,0.72,0.004162269471918553,0.5993703313653459,0.4032647494349622,0.5876130144643505,,,POINT (NaN NaN),GBR
2049,2049,0.00711997152011392,0.08678885227479033,0.03699331507909765,8.825917938628413e-06,1.1015562266217534e-07,131.58055555555583,0.6666666666666666,0.004162269471918553,0.5993703313653459,0.4032647494349622,0.5876130144643505,,,POINT (NaN NaN),GBR
2050,2050,0.017087931648273408,0.08678885227479033,0.038643521143525976,0.0010982917446439246,1.3474477461884238e-07,143.3678571428574,0.35412262156448204,0.004162269471918553,0.5993703313653459,0.4032647494349622,0.5876130144643505,,,POINT (NaN NaN),GBR
2051,2051,0.001423994304022784,0.08678885227479033,0.024794175586861616,3.592835599690193e-05,5.243846383644374e-09,81.69158064158087,0.3333333333333333,0.004162269471918553,0.5993703313653459,0.4032647494349622,0.5876130144643505,,,POINT (NaN NaN),GBR
2052,2052,0.002491990032039872,0.08678885227479033,0.005030758033964452,0.00020766583600332264,9.6681144231633e-15,16.485353535353514,0.3,0.004162269471918553,0.5993703313653459,0.4032647494349622,0.5876130144643505,,,POINT (NaN NaN),GBR
2053,2053,0.03381986472054112,0.08678885227479033,0.039083168892903086,0.006457444731236939,4.0647374904236145e-07,146.86944444444453,0.25874125874125875,0.004162269471918553,0.5993703313653459,0.4032647494349622,0.5876130144643505,,,POINT (NaN NaN),GBR
2054,2054,0.014951940192239232,0.08678885227479033,0.03733995408845951,0.0003774132015529924,9.322948638885305e-08,136.61825396825412,0.5347593582887701,0.004162269471918553,0.5993703313653459,0.4032647494349622,0.5876130144643505,,,POINT (NaN NaN),GBR
2055,2055,0.00711997152011392,0.08678885227479033,0.025100276520032744,0.0003575588503827005,5.933046267870258e-09,84.87134254634276,0.48366013071895425,0.004162269471918553,0.5993703313653459,0.4032647494349622,0.5876130144643505,,,POINT (NaN NaN),GBR
2056,2056,0.003203987184051264,0.08678885227479033,0.025131936808276984,0.000617154775654341,5.623807700069356e-09,84.77134254634275,0.4166666666666667,0.004162269471918553,0.5993703313653459,0.4032647494349622,0.5876130144643505,,,POINT (NaN NaN),GBR
2057,2057,0.010323958704165184,0.08678885227479033,0.03773598390454923,0.00022055844440640123,1.103190393493147e-07,137.16428571428594,0.7351778656126482,0.004162269471918553,0.5993703313653459,0.4032647494349622,0.5876130144643505,,,POINT (NaN NaN),GBR
2058,2058,0.020647917408330368,0.08678885227479033,0.038111322688603656,0.0014508997159704197,7.457211001114853e-08,137.16785714285737,0.2728592162554427,0.004162269471918553,0.5993703313653459,0.4032647494349622,0.5876130144643505,,,POINT (NaN NaN),GBR
2059,2059,0.012815948736205056,0.08678885227479033,0.037311984085396994,7.119275602657903e-05,9.360686009317116e-08,135.36825396825407,0.5419354838709678,0.004162269471918553,0.5993703313653459,0.4032647494349622,0.5876130144643505,,,POINT (NaN NaN),GBR
2060,2060,0.013883944464222144,0.08678885227479033,0.037367966057018,0.00023735484707624647,9.385108243340195e-08,136.7015873015874,0.6367816091954023,0.004162269471918553,0.5993703313653459,0.4032647494349622,0.5876130144643505,,,POINT (NaN NaN),GBR
2061,2061,0.003915984336062656,0.08678885227479033,0.010175299958140826,0.0,6.11680163933825e-12,37.6607142857143,0.4909090909090909,0.004162269471918553,0.5993703313653459,0.4032647494349622,0.5876130144643505,,,POINT (NaN NaN),GBR
2062,2062,0.002135991456034176,0.08678885227479033,0.00595843534993207,0.0,4.4784230084769393e-13,21.1611111111111,1.0,0.004162269471918553,0.5993703313653459,0.4032647494349622,0.5876130144643505,,,POINT (NaN NaN),GBR
2063,2063,0.020647917408330368,0.08678885227479033,0.03476029222191555,0.0016379198696470586,6.949563263630852e-08,130.39563492063496,0.38390379278445885,0.004162269471918553,0.5993703313653459,0.4032647494349622,0.5876130144643505,,,POINT (NaN NaN),GBR
2064,2064,0.003915984336062656,0.08678885227479033,0.008278837755519849,9.809091048012718e-07,2.237590527129992e-12,30.110714285714273,0.7090909090909091,0.004162269471918553,0.5993703313653459,0.4032647494349622,0.5876130144643505,,,POINT (NaN NaN),GBR
2065,2065,0.00533997864008544,0.08678885227479033,0.025240181785662518,6.978296592110867e-05,6.386665675785593e-09,87.53800921300937,0.5454545454545454,0.004162269471918553,0.5993703313653459,0.4032647494349622,0.5876130144643505,,,POINT (NaN NaN),GBR
2066,2066,0.012815948736205056,0.08678885227479033,0.034435878848257856,0.000227543255371008,6.193217033538378e-08,128.4789682539683,0.507563025210084,0.004162269471918553,0.5993703313653459,0.4032647494349622,0.5876130144643505,,,POINT (NaN NaN),GBR
2067,2067,0.00355998576005696,0.08678885227479033,0.009448492818273625,3.21684128466717e-06,5.748553708823486e-12,35.718253968253975,0.35555555555555557,0.004162269471918553,0.5993703313653459,0.4032647494349622,0.5876130144643505,,,POINT (NaN NaN),GBR
2068,2068,0.009255962976148096,0.08678885227479033,0.029827244762877233,9.661156239427609e-05,3.593777726740063e-09,105.40238095238112,0.7473684210526316,0.004162269471918553,0.5993703313653459,0.4032647494349622,0.5876130144643505,,,POINT (NaN NaN),GBR
2069,2069,0.001067995728017088,0.08678885227479033,0.008803703712924077,1.2868182145505036e-06,1.895020419038996e-12,30.544444444444434,0.6666666666666666,0.004162269471918553,0.5993703313653459,0.4032647494349622,0.5876130144643505,,,POINT (NaN NaN),GBR
2070,2070,0.004627981488074048,0.08678885227479033,0.02239222241133063,1.966570665626674e-05,6.421513878689636e-10,74.60794483294498,0.6515151515151515,0.004162269471918553,0.5993703313653459,0.4032647494349622,0.5876130144643505,,,POINT (NaN NaN),GBR
2071,2071,0.001423994304022784,0.08678885227479033,0.009009009009009009,0.0,1.6005117787829383e-12,31.54444444444443,0.3333333333333333,0.004162269471918553,0.5993703313653459,0.4032647494349622,0.5876130144643505,,,POINT (NaN NaN),GBR
2072,2072,0.00355998576005696,0.08678885227479033,0.007302312254165617,4.247134008614962e-07,1.2580942451157145e-12,26.568253968253966,0.8,0.004162269471918553,0.5993703313653459,0.4032647494349622,0.5876130144643505,,,POINT (NaN NaN),GBR
2073,2073,0.0,0.08678885227479033,0.0,0.0,2.4946305565830578e-23,0.0,0.0,0.004162269471918553,0.5993703313653459,0.4032647494349622,0.5876130144643505,,,POINT (NaN NaN),GBR
2074,2074,0.006051975792096832,0.08678885227479033,0.03606915188559376,6.192202558421114e-05,5.32387680441772e-08,123.94801587301599,0.6838235294117647,0.004162269471918553,0.5993703313653459,0.4032647494349622,0.5876130144643505,,,POINT (NaN NaN),GBR
2075,2075,0.006051975792096832,0.08678885227479033,0.007232986941068109,3.5078762662142267e-05,1.2605695553074555e-12,25.36071428571428,0.7454545454545455,0.004162269471918553,0.5993703313653459,0.4032647494349622,0.5876130144643505,,,POINT (NaN NaN),GBR
2076,2076,0.013171947312210752,0.08678885227479033,0.03017964177764616,0.00016101608617758982,3.343108991007991e-09,109.6694444444446,0.5606060606060606,0.004162269471918553,0.5993703313653459,0.4032647494349622,0.5876130144643505,,,POINT (NaN NaN),GBR
2077,2077,0.002135991456034176,0.08678885227479033,0.0021698960823204327,2.5356023932029627e-07,3.111942863673084e-13,6.916666666666666,0.3333333333333333,0.004162269471918553,0.5993703313653459,0.4032647494349622,0.5876130144643505,,,POINT (NaN NaN),GBR
2078,2078,0.001067995728017088,0.08678885227479033,0.00582543124372957,0.0,6.383259919795565e-14,20.01388888888887,0.3333333333333333,0.004162269471918553,0.5993703313653459,0.4032647494349622,0.5876130144643505,,,POINT (NaN NaN),GBR
2079,2079,0.007475970096119616,0.08678885227479033,0.036842824522193035,9.385024452295131e-06,8.63582452756779e-08,132.19801587301592,0.6666666666666666,0.004162269471918553,0.5993703313653459,0.4032647494349622,0.5876130144643505,,,POINT (NaN NaN),GBR
2080,2080,0.015663937344250624,0.08678885227479033,0.036788403806502945,0.0009034653598532707,9.776433468546382e-08,130.90158730158745,0.3008130081300813,0.004162269471918553,0.5993703313653459,0.4032647494349622,0.5876130144643505,,,POINT (NaN NaN),GBR
2081,2081,0.004983980064079744,0.08678885227479033,0.007232986941068109,5.7925550206480566e-06,1.2605695553074555e-12,25.36071428571428,0.7454545454545455,0.004162269471918553,0.5993703313653459,0.4032647494349622,0.5876130144643505,,,POINT (NaN NaN),GBR
2082,2082,0.00355998576005696,0.08678885227479033,0.008545044607700359,8.156005867976256e-07,5.024609911728491e-12,30.82738095238094,0.7111111111111111,0.004162269471918553,0.5993703313653459,0.4032647494349622,0.5876130144643505,,,POINT (NaN NaN),GBR
2083,2083,0.00711997152011392,0.08678885227479033,0.026910588197733648,0.002693023203913513,3.8144078521366534e-09,95.53701298701304,0.7134502923976608,0.004162269471918553,0.5993703313653459,0.4032647494349622,0.5876130144643505,,,POINT (NaN NaN),GBR
2084,2084,0.00355998576005696,0.08678885227479033,0.009800960796156817,1.5653189781725164e-06,6.140739353172171e-12,34.92738095238092,0.7111111111111111,0.004162269471918553,0.5993703313653459,0.4032647494349622,0.5876130144643505,,,POINT (NaN NaN),GBR
2085,2085,0.001423994304022784,0.08678885227479033,0.00582543124372957,0.0002167940046188533,6.383259919795565e-14,20.01388888888887,0.16666666666666666,0.004162269471918553,0.5993703313653459,0.4032647494349622,0.5876130144643505,,,POINT (NaN NaN),GBR
2086,2086,0.00177999288002848,0.08678885227479033,0.0022228203770111752,0.0,3.655067477372414e-13,7.416666666666665,1.0,0.004162269471918553,0.5993703313653459,0.4032647494349622,0.5876130144643505,,,POINT (NaN NaN),GBR
2087,2087,0.000711997152011392,0.08678885227479033,0.007988341878408188,0.0,1.1394591602761877e-12,26.627777777777776,1.0,0.004162269471918553,0.5993703313653459,0.4032647494349622,0.5876130144643505,,,POINT (NaN NaN),GBR
2088,2088,0.004983980064079744,0.08678885227479033,0.005812221649072588,0.0,2.8033555004387904e-13,19.66111111111109,0.9166666666666666,0.004162269471918553,0.5993703313653459,0.4032647494349622,0.5876130144643505,,,POINT (NaN NaN),GBR
2089,2089,0.000711997152011392,0.08678885227479033,0.0,0.0,1.0218006759764205e-19,0.0,0.0,0.004162269471918553,0.5993703313653459,0.4032647494349622,0.5876130144643505,,,POINT (NaN NaN),GBR
2090,2090,0.01673193307226771,0.08678885227479033,0.034423979788531435,0.0005933168422773702,5.745274846654574e-08,127.72896825396828,0.496996996996997,0.004162269471918553,0.5993703313653459,0.4032647494349622,0.5876130144643505,,,POINT (NaN NaN),GBR
2091,2091,0.00533997864008544,0.08678885227479033,0.005812221649072588,2.6623825128631105e-07,2.8033555004387904e-13,19.66111111111109,0.8,0.004162269471918553,0.5993703313653459,0.4032647494349622,0.5876130144643505,,,POINT (NaN NaN),GBR
2092,2092,0.00533997864008544,0.08678885227479033,0.005812221649072588,4.226003988671604e-08,2.8033555004387904e-13,19.66111111111109,0.8444444444444444,0.004162269471918553,0.5993703313653459,0.4032647494349622,0.5876130144643505,,,POINT (NaN NaN),GBR
2093,2093,0.01067995728017088,0.08678885227479033,0.02709355385042425,0.0014684100791905136,5.730051218528101e-10,100.60440115440122,0.5952380952380952,0.004162269471918553,0.5993703313653459,0.4032647494349622,0.5876130144643505,,,POINT (NaN NaN),GBR
2094,2094,0.004983980064079744,0.08678885227479033,0.009196427378113013,8.061004629487189e-06,6.477068024757621e-12,33.67738095238091,0.6593406593406593,0.004162269471918553,0.5993703313653459,0.4032647494349622,0.5876130144643505,,,POINT (NaN NaN),GBR
2095,2095,0.004271982912068352,0.08678885227479033,0.003375393905831784,3.803403589804444e-06,1.782828366714715e-12,11.500000000000002,0.5714285714285714,0.004162269471918553,0.5993703313653459,0.4032647494349622,0.5876130144643505,,,POINT (NaN NaN),GBR
2096,2096,0.005695977216091136,0.08678885227479033,0.00937705092717044,7.913629715995704e-06,7.3343467978678e-12,34.67738095238092,0.6916666666666667,0.004162269471918553,0.5993703313653459,0.4032647494349622,0.5876130144643505,,,POINT (NaN NaN),GBR
2097,2097,0.003915984336062656,0.08678885227479033,0.003547709947091246,0.0,2.1265357119911174e-12,12.333333333333334,0.7777777777777778,0.004162269471918553,0.5993703313653459,0.4032647494349622,0.5876130144643505,,,POINT (NaN NaN),GBR
2098,2098,0.007831968672125312,0.08678885227479033,0.009174095707798353,2.3992467404515296e-05,6.114658381312347e-12,35.17738095238093,0.46320346320346323,0.004162269471918553,0.5993703313653459,0.4032647494349622,0.5876130144643505,,,POINT (NaN NaN),GBR
2099,2099,0.010323958704165184,0.08678885227479033,0.02964970163928868,0.00017749203702440268,2.6142280155362355e-09,104.74563492063518,0.7470355731225297,0.004162269471918553,0.5993703313653459,0.4032647494349622,0.5876130144643505,,,POINT (NaN NaN),GBR
2100,2100,0.0088999644001424,0.08678885227479033,0.029632063506249248,1.51881971866272e-05,2.613650783624892e-09,103.74563492063518,0.8,0.004162269471918553,0.5993703313653459,0.4032647494349622,0.5876130144643505,,,POINT (NaN NaN),GBR
2101,2101,0.000711997152011392,0.08678885227479033,0.0,0.0,2.4946305565830578e-23,0.0,1.0,0.004162269471918553,0.5993703313653459,0.4032647494349622,0.5876130144643505,,,POINT (NaN NaN),GBR
2102,2102,0.007831968672125312,0.08678885227479033,0.007362102904529559,2.3862785063322462e-06,4.022887344775324e-12,25.84404761904762,0.7416666666666667,0.004162269471918553,0.5993703313653459,0.4032647494349622,0.5876130144643505,,,POINT (NaN NaN),GBR
2103,2103,0.009967960128159488,0.08678885227479033,0.029614446346019608,6.908618554529952e-05,2.6057529502610207e-09,103.41230158730184,0.7154150197628458,0.004162269471918553,0.5993703313653459,0.4032647494349622,0.5876130144643505,,,POINT (NaN NaN),GBR
2104,2104,0.007831968672125312,0.08678885227479033,0.007389269335911587,2.976300586204535e-06,4.494122491331224e-12,26.344047619047615,0.780952380952381,0.004162269471918553,0.5993703313653459,0.4032647494349622,0.5876130144643505,,,POINT (NaN NaN),GBR
2105,2105,0.006763972944108224,0.08678885227479033,0.010150274550416949,4.004777137999998e-05,8.650212029373352e-12,38.72738095238096,0.3508771929824561,0.004162269471918553,0.5993703313653459,0.4032647494349622,0.5876130144643505,,,POINT (NaN NaN),GBR
2106,2106,0.006763972944108224,0.08678885227479033,0.007362102904529559,2.35458347641721e-06,3.5516521982194244e-12,25.84404761904762,0.7428571428571429,0.004162269471918553,0.5993703313653459,0.4032647494349622,0.5876130144643505,,,POINT (NaN NaN),GBR
2107,2107,0.009967960128159488,0.08678885227479033,0.008521242510774638,9.561927399408554e-05,6.108445681952961e-12,30.542857142857127,0.4714285714285714,0.004162269471918553,0.5993703313653459,0.4032647494349622,0.5876130144643505,,,POINT (NaN NaN),GBR
2108,2108,0.005695977216091136,0.08678885227479033,0.0035390446673507422,9.822440699383859e-07,1.7642563308691878e-12,11.0,0.7636363636363637,0.004162269471918553,0.5993703313653459,0.4032647494349622,0.5876130144643505,,,POINT (NaN NaN),GBR
2109,2109,0.002135991456034176,0.08678885227479033,0.000711997152011392,1.3311912564315553e-06,1.3283408787693474e-18,2.0,0.5,0.004162269471918553,0.5993703313653459,0.4032647494349622,0.5876130144643505,,,POINT (NaN NaN),GBR
2110,2110,0.006763972944108224,0.08678885227479033,0.0035390446673507422,2.1691474758995817e-06,1.7642563308691878e-12,11.0,0.6666666666666666,0.004162269471918553,0.5993703313653459,0.4032647494349622,0.5876130144643505,,,POINT (NaN NaN),GBR
2111,2111,0.002135991456034176,0.08678885227479033,0.000355998576005696,1.3311912564315553e-06,2.0433518888971834e-19,1.0,0.5,0.004162269471918553,0.5993703313653459,0.4032647494349622,0.5876130144643505,,,POINT (NaN NaN),GBR
2112,2112,0.008543965824136704,0.08678885227479033,0.009533016261240394,4.167253225302988e-05,8.841760636230348e-12,35.29285714285714,0.49783549783549785,0.004162269471918553,0.5993703313653459,0.4032647494349622,0.5876130144643505,,,POINT (NaN NaN),GBR
2113,2113,0.008187967248131008,0.08678885227479033,0.007389269335911587,3.438553499511477e-06,4.494122491331224e-12,26.344047619047615,0.7416666666666667,0.004162269471918553,0.5993703313653459,0.4032647494349622,0.5876130144643505,,,POINT (NaN NaN),GBR
2114,2114,0.00533997864008544,0.08678885227479033,0.007362102904529559,4.803643589726769e-07,3.5516521982194244e-12,25.84404761904762,0.8484848484848485,0.004162269471918553,0.5993703313653459,0.4032647494349622,0.5876130144643505,,,POINT (NaN NaN),GBR
2115,2115,0.002135991456034176,0.08678885227479033,0.001423994304022784,0.0,2.043576405647275e-18,4.0,0.3333333333333333,0.004162269471918553,0.5993703313653459,0.4032647494349622,0.5876130144643505,,,POINT (NaN NaN),GBR
2116,2116,0.006763972944108224,0.08678885227479033,0.0035390446673507422,2.1332264419958734e-06,1.5020578834212683e-12,11.0,0.6666666666666666,0.004162269471918553,0.5993703313653459,0.4032647494349622,0.5876130144643505,,,POINT (NaN NaN),GBR
2117,2117,0.004983980064079744,0.08678885227479033,0.009388687183927222,8.185537626181181e-07,7.539918557237913e-12,35.42738095238092,0.6043956043956044,0.004162269471918553,0.5993703313653459,0.4032647494349622,0.5876130144643505,,,POINT (NaN NaN),GBR
2118,2118,0.007475970096119616,0.08678885227479033,0.0030081879672481313,2.0728549564434223e-06,1.7642563256304636e-12,10.166666666666668,0.6818181818181818,0.004162269471918553,0.5993703313653459,0.4032647494349622,0.5876130144643505,,,POINT (NaN NaN),GBR
2119,2119,0.000711997152011392,0.08678885227479033,0.000355998576005696,0.0,1.0218006759764205e-19,1.0,1.0,0.004162269471918553,0.5993703313653459,0.4032647494349622,0.5876130144643505,,,POINT (NaN NaN),GBR
2120,2120,0.001067995728017088,0.08678885227479033,0.0024060593412798766,0.0,6.091330341341255e-13,7.833333333333332,1.0,0.004162269471918553,0.5993703313653459,0.4032647494349622,0.5876130144643505,,,POINT (NaN NaN),GBR
2121,2121,0.000711997152011392,0.08678885227479033,0.000355998576005696,0.0,1.0218006759764205e-19,1.0,1.0,0.004162269471918553,0.5993703313653459,0.4032647494349622,0.5876130144643505,,,POINT (NaN NaN),GBR
2122,2122,0.006407974368102528,0.08678885227479033,0.0035390446673507422,1.0006573730318834e-06,1.7642563308691878e-12,11.0,0.8222222222222222,0.004162269471918553,0.5993703313653459,0.4032647494349622,0.5876130144643505,,,POINT (NaN NaN),GBR
2123,2123,0.00177999288002848,0.08678885227479033,0.007437755559712225,0.0,1.7838387421573672e-12,26.184920634920637,0.8,0.004162269471918553,0.5993703313653459,0.4032647494349622,0.5876130144643505,,,POINT (NaN NaN),GBR
2124,2124,0.00177999288002848,0.08678885227479033,0.0,0.0,1.0218006759764205e-19,0.0,0.6666666666666666,0.004162269471918553,0.5993703313653459,0.4032647494349622,0.5876130144643505,,,POINT (NaN NaN),GBR
2125,2125,0.001423994304022784,0.08678885227479033,0.006517241257767642,0.00022977460953400974,4.842413609768161e-13,21.29444444444444,0.0,0.004162269471918553,0.5993703313653459,0.4032647494349622,0.5876130144643505,,,POINT (NaN NaN),GBR
2126,2126,0.006051975792096832,0.08678885227479033,0.00816833497371893,2.7135539740769338e-05,5.6727724445102326e-12,29.927380952380933,0.6410256410256411,0.004162269471918553,0.5993703313653459,0.4032647494349622,0.5876130144643505,,,POINT (NaN NaN),GBR
2127,2127,0.000355998576005696,0.08678885227479033,0.0,0.0,2.4946305565830578e-23,0.0,0.0,0.004162269471918553,0.5993703313653459,0.4032647494349622,0.5876130144643505,,,POINT (NaN NaN),GBR
2128,2128,0.00533997864008544,0.08678885227479033,0.008109613494560375,4.018454325716939e-05,3.1549412874802198e-12,27.67619047619046,0.6666666666666666,0.004162269471918553,0.5993703313653459,0.4032647494349622,0.5876130144643505,,,POINT (NaN NaN),GBR
2129,2129,0.004627981488074048,0.08678885227479033,0.008049953307433147,9.85118342710245e-06,3.4768462098719437e-12,27.92738095238094,0.6666666666666666,0.004162269471918553,0.5993703313653459,0.4032647494349622,0.5876130144643505,,,POINT (NaN NaN),GBR
2130,2130,0.00533997864008544,0.08678885227479033,0.002074612391205608,2.0526305087833505e-07,5.70165787669896e-13,7.166666666666666,0.7272727272727273,0.004162269471918553,0.5993703313653459,0.4032647494349622,0.5876130144643505,,,POINT (NaN NaN),GBR
2131,2131,0.006407974368102528,0.08678885227479033,0.0028649409211886964,1.1476619403521025e-06,1.2398594304352691e-12,9.666666666666668,0.6818181818181818,0.004162269471918553,0.5993703313653459,0.4032647494349622,0.5876130144643505,,,POINT (NaN NaN),GBR
2132,2132,0.002135991456034176,0.08678885227479033,0.0025842859591524597,0.0,7.544297619468302e-13,9.333333333333332,0.6666666666666666,0.004162269471918553,0.5993703313653459,0.4032647494349622,0.5876130144643505,,,POINT (NaN NaN),GBR
2133,2133,0.004271982912068352,0.08678885227479033,0.007582891170141805,3.741993352190287e-05,2.654757744310236e-12,26.144047619047615,0.5714285714285714,0.004162269471918553,0.5993703313653459,0.4032647494349622,0.5876130144643505,,,POINT (NaN NaN),GBR
2134,2134,0.000711997152011392,0.08678885227479033,0.0,0.0,2.4946305565830578e-23,0.0,1.0,0.004162269471918553,0.5993703313653459,0.4032647494349622,0.5876130144643505,,,POINT (NaN NaN),GBR
2135,2135,0.006407974368102528,0.08678885227479033,0.002615815623694027,9.131187189808287e-07,1.5020577757280673e-12,9.0,0.8,0.004162269471918553,0.5993703313653459,0.4032647494349622,0.5876130144643505,,,POINT (NaN NaN),GBR
2136,2136,0.003203987184051264,0.08678885227479033,0.007307073044435095,3.547586708213823e-05,1.6932483385142094e-12,25.518253968253962,0.4666666666666667,0.004162269471918553,0.5993703313653459,0.4032647494349622,0.5876130144643505,,,POINT (NaN NaN),GBR
2137,2137,0.009967960128159488,0.08678885227479033,0.008398660282909889,9.458226415263051e-05,4.3787151606478665e-12,28.676190476190463,0.4426877470355731,0.004162269471918553,0.5993703313653459,0.4032647494349622,0.5876130144643505,,,POINT (NaN NaN),GBR
2138,2138,0.003915984336062656,0.08678885227479033,0.008088332426544508,0.0002468918578749219,3.6624799358948874e-12,28.877380952380943,0.32142857142857145,0.004162269471918553,0.5993703313653459,0.4032647494349622,0.5876130144643505,,,POINT (NaN NaN),GBR
2139,2139,0.00355998576005696,0.08678885227479033,0.00792013654375289,6.871328040429656e-06,3.858677838282054e-12,27.04285714285713,0.4642857142857143,0.004162269471918553,0.5993703313653459,0.4032647494349622,0.5876130144643505,,,POINT (NaN NaN),GBR
2140,2140,0.006407974368102528,0.08678885227479033,0.008398660282909889,2.243356914610552e-05,4.3787151606478665e-12,28.676190476190463,0.5641025641025641,0.004162269471918553,0.5993703313653459,0.4032647494349622,0.5876130144643505,,,POINT (NaN NaN),GBR
2141,2141,0.00533997864008544,0.08678885227479033,0.008398660282909889,1.7296226537732246e-05,4.3787151606478665e-12,28.676190476190463,0.7333333333333333,0.004162269471918553,0.5993703313653459,0.4032647494349622,0.5876130144643505,,,POINT (NaN NaN),GBR
2142,2142,0.004627981488074048,0.08678885227479033,0.0068605822230986165,9.329361605241332e-06,5.423684505750225e-12,26.31071428571428,0.6666666666666666,0.004162269471918553,0.5993703313653459,0.4032647494349622,0.5876130144643505,,,POINT (NaN NaN),GBR
2143,2143,0.003915984336062656,0.08678885227479033,0.006946349263783272,2.3236308585270153e-05,4.7867130700234606e-12,25.844047619047615,0.5636363636363636,0.004162269471918553,0.5993703313653459,0.4032647494349622,0.5876130144643505,,,POINT (NaN NaN),GBR
2144,2144,0.002491990032039872,0.08678885227479033,0.005476251092028273,6.7925467682202e-07,1.2257380053440717e-12,19.427777777777766,0.8333333333333334,0.004162269471918553,0.5993703313653459,0.4032647494349622,0.5876130144643505,,,POINT (NaN NaN),GBR
2145,2145,0.003203987184051264,0.08678885227479033,0.006371839174297438,9.160561675347687e-06,2.6069827099807514e-12,23.310714285714283,0.6388888888888888,0.004162269471918553,0.5993703313653459,0.4032647494349622,0.5876130144643505,,,POINT (NaN NaN),GBR
2146,2146,0.006763972944108224,0.08678885227479033,0.007518796992481203,0.0002908079406070609,3.2227510343894745e-12,26.316666666666652,0.28654970760233917,0.004162269471918553,0.5993703313653459,0.4032647494349622,0.5876130144643505,,,POINT (NaN NaN),GBR
2147,2147,0.003915984336062656,0.08678885227479033,0.0035390446673507422,0.0,5.028825435284565e-12,11.0,0.9166666666666666,0.004162269471918553,0.5993703313653459,0.4032647494349622,0.5876130144643505,,,POINT (NaN NaN),GBR
2148,2148,0.008543965824136704,0.08678885227479033,0.00802183457932835,0.00019082124468735751,6.9835460565687234e-12,30.31666666666666,0.2608695652173913,0.004162269471918553,0.5993703313653459,0.4032647494349622,0.5876130144643505,,,POINT (NaN NaN),GBR
2149,2149,0.007475970096119616,0.08678885227479033,0.0036616996389157302,1.3024882403440164e-06,5.937992194381083e-12,11.0,0.8181818181818182,0.004162269471918553,0.5993703313653459,0.4032647494349622,0.5876130144643505,,,POINT (NaN NaN),GBR
2150,2150,0.00711997152011392,0.08678885227479033,0.006858905897709743,6.282290620764053e-06,4.786732955921051e-12,26.010714285714286,0.5384615384615384,0.004162269471918553,0.5993703313653459,0.4032647494349622,0.5876130144643505,,,POINT (NaN NaN),GBR
2151,2151,0.006763972944108224,0.08678885227479033,0.0036616996389157302,1.2095161525932409e-06,5.937992194381083e-12,11.0,0.8363636363636363,0.004162269471918553,0.5993703313653459,0.4032647494349622,0.5876130144643505,,,POINT (NaN NaN),GBR
2152,2152,0.001067995728017088,0.08678885227479033,0.0006407974368102528,0.0,2.0931586847376973e-16,2.0,0.0,0.004162269471918553,0.5993703313653459,0.4032647494349622,0.5876130144643505,,,POINT (NaN NaN),GBR
2153,2153,0.007475970096119616,0.08678885227479033,0.006916543762396379,5.7973985316357385e-06,6.599082415154047e-12,27.010714285714283,0.5714285714285714,0.004162269471918553,0.5993703313653459,0.4032647494349622,0.5876130144643505,,,POINT (NaN NaN),GBR
2154,2154,0.001067995728017088,0.08678885227479033,0.0,0.0,1.0218006759764205e-19,0.0,0.0,0.004162269471918553,0.5993703313653459,0.4032647494349622,0.5876130144643505,,,POINT (NaN NaN),GBR
2155,2155,0.007475970096119616,0.08678885227479033,0.0036616996389157302,1.3024882403440164e-06,5.937992194381083e-12,11.0,0.8181818181818182,0.004162269471918553,0.5993703313653459,0.4032647494349622,0.5876130144643505,,,POINT (NaN NaN),GBR
2156,2156,0.007831968672125312,0.08678885227479033,0.008898040083515343,5.263885929781358e-05,9.165159153907216e-12,32.842857142857135,0.6363636363636364,0.004162269471918553,0.5993703313653459,0.4032647494349622,0.5876130144643505,,,POINT (NaN NaN),GBR
2157,2157,0.006763972944108224,0.08678885227479033,0.006887604248746185,2.3894556021542526e-06,7.1873789815314406e-12,26.510714285714286,0.6363636363636364,0.004162269471918553,0.5993703313653459,0.4032647494349622,0.5876130144643505,,,POINT (NaN NaN),GBR
2158,2158,0.00177999288002848,0.08678885227479033,0.000711997152011392,0.0,2.6412799084823493e-17,2.0,1.0,0.004162269471918553,0.5993703313653459,0.4032647494349622,0.5876130144643505,,,POINT (NaN NaN),GBR
2159,2159,0.00355998576005696,0.08678885227479033,0.000711997152011392,0.0,4.185295568799418e-16,2.0,0.9333333333333333,0.004162269471918553,0.5993703313653459,0.4032647494349622,0.5876130144643505,,,POINT (NaN NaN),GBR
2160,2160,0.006763972944108224,0.08678885227479033,0.008898040083515343,2.9196541575242493e-05,9.165159153907216e-12,32.842857142857135,0.6025641025641025,0.004162269471918553,0.5993703313653459,0.4032647494349622,0.5876130144643505,,,POINT (NaN NaN),GBR
2161,2161,0.006051975792096832,0.08678885227479033,0.000711997152011392,2.881067899364806e-06,4.185295568799418e-16,2.0,0.5256410256410257,0.004162269471918553,0.5993703313653459,0.4032647494349622,0.5876130144643505,,,POINT (NaN NaN),GBR
2162,2162,0.006763972944108224,0.08678885227479033,0.003203987184051264,3.317413131107209e-07,5.149527632570759e-12,10.333333333333334,0.8,0.004162269471918553,0.5993703313653459,0.4032647494349622,0.5876130144643505,,,POINT (NaN NaN),GBR
2163,2163,0.006407974368102528,0.08678885227479033,0.004990892657788592,1.4345425907603214e-06,3.6859495064105974e-12,18.81666666666667,0.7636363636363637,0.004162269471918553,0.5993703313653459,0.4032647494349622,0.5876130144643505,,,POINT (NaN NaN),GBR
2164,2164,0.002491990032039872,0.08678885227479033,0.001067995728017088,3.7019794940763255e-06,9.230133059357311e-22,3.0,0.3333333333333333,0.004162269471918553,0.5993703313653459,0.4032647494349622,0.5876130144643505,,,POINT (NaN NaN),GBR
2165,2165,0.007475970096119616,0.08678885227479033,0.00503982297796299,1.0984988603549066e-05,3.7356367389741394e-12,19.31666666666667,0.5274725274725275,0.004162269471918553,0.5993703313653459,0.4032647494349622,0.5876130144643505,,,POINT (NaN NaN),GBR
2166,2166,0.004271982912068352,0.08678885227479033,0.0009493295360151893,7.557955085874242e-07,1.978406676987099e-17,3.0,0.7272727272727273,0.004162269471918553,0.5993703313653459,0.4032647494349622,0.5876130144643505,,,POINT (NaN NaN),GBR
2167,2167,0.003203987184051264,0.08678885227479033,0.000355998576005696,1.7749216752420739e-06,1.0218006759764205e-19,1.0,0.6666666666666666,0.004162269471918553,0.5993703313653459,0.4032647494349622,0.5876130144643505,,,POINT (NaN NaN),GBR
2168,2168,0.0088999644001424,0.08678885227479033,0.00806930105612911,0.00021772372143948618,8.213126586087827e-12,30.209523809523795,0.40522875816993464,0.004162269471918553,0.5993703313653459,0.4032647494349622,0.5876130144643505,,,POINT (NaN NaN),GBR
2169,2169,0.007475970096119616,0.08678885227479033,0.0036616996389157302,1.1005998378569489e-05,5.937992194381083e-12,11.0,0.7878787878787878,0.004162269471918553,0.5993703313653459,0.4032647494349622,0.5876130144643505,,,POINT (NaN NaN),GBR
2170,2170,0.006763972944108224,0.08678885227479033,0.005354811914085677,5.145458785194738e-06,4.03884803720206e-12,20.23333333333333,0.6666666666666666,0.004162269471918553,0.5993703313653459,0.4032647494349622,0.5876130144643505,,,POINT (NaN NaN),GBR
2171,2171,0.006407974368102528,0.08678885227479033,0.003417586329654682,2.641252492919752e-07,5.9379791412266955e-12,10.833333333333334,0.8222222222222222,0.004162269471918553,0.5993703313653459,0.4032647494349622,0.5876130144643505,,,POINT (NaN NaN),GBR
2172,2172,0.003915984336062656,0.08678885227479033,0.000711997152011392,2.113001994335802e-08,4.185295568799418e-16,2.0,0.9047619047619048,0.004162269471918553,0.5993703313653459,0.4032647494349622,0.5876130144643505,,,POINT (NaN NaN),GBR
2173,2173,0.004983980064079744,0.08678885227479033,0.004016108935564258,0.0,2.9490183790983226e-12,15.00952380952381,0.9523809523809523,0.004162269471918553,0.5993703313653459,0.4032647494349622,0.5876130144643505,,,POINT (NaN NaN),GBR
2174,2174,0.00533997864008544,0.08678885227479033,0.0048496409787945755,5.606786102101363e-07,3.127701648909906e-12,17.316666666666674,0.8571428571428571,0.004162269471918553,0.5993703313653459,0.4032647494349622,0.5876130144643505,,,POINT (NaN NaN),GBR
2175,2175,0.001423994304022784,0.08678885227479033,0.0,0.0,2.4946305565830578e-23,0.0,0.5,0.004162269471918553,0.5993703313653459,0.4032647494349622,0.5876130144643505,,,POINT (NaN NaN),GBR
2176,2176,0.006763972944108224,0.08678885227479033,0.0030155173496953075,1.0736803101002253e-06,5.334365857804794e-12,9.833333333333334,0.8545454545454545,0.004162269471918553,0.5993703313653459,0.4032647494349622,0.5876130144643505,,,POINT (NaN NaN),GBR
2177,2177,0.005695977216091136,0.08678885227479033,0.003203987184051264,1.010534947943433e-05,4.5459112386439095e-12,10.0,0.7636363636363637,0.004162269471918553,0.5993703313653459,0.4032647494349622,0.5876130144643505,,,POINT (NaN NaN),GBR
2178,2178,0.004983980064079744,0.08678885227479033,0.000711997152011392,1.884509045755763e-05,2.6412799084823493e-17,2.0,0.5636363636363636,0.004162269471918553,0.5993703313653459,0.4032647494349622,0.5876130144643505,,,POINT (NaN NaN),GBR
2179,2179,0.000355998576005696,0.08678885227479033,0.0,0.0,2.4946305565830578e-23,0.0,0.0,0.004162269471918553,0.5993703313653459,0.4032647494349622,0.5876130144643505,,,POINT (NaN NaN),GBR
2180,2180,0.004627981488074048,0.08678885227479033,0.000800996796012816,1.7953167379700112e-06,1.3257489576210567e-17,2.5,0.7307692307692307,0.004162269471918553,0.5993703313653459,0.4032647494349622,0.5876130144643505,,,POINT (NaN NaN),GBR
2181,2181,0.00177999288002848,0.08678885227479033,0.0037973181440607573,2.559652822406785e-06,7.369311273372216e-13,13.316666666666665,0.6,0.004162269471918553,0.5993703313653459,0.4032647494349622,0.5876130144643505,,,POINT (NaN NaN),GBR
2182,2182,0.006763972944108224,0.08678885227479033,0.004990892657788592,4.646305622150741e-06,3.6859495064105974e-12,18.81666666666667,0.6515151515151515,0.004162269471918553,0.5993703313653459,0.4032647494349622,0.5876130144643505,,,POINT (NaN NaN),GBR
2183,2183,0.002491990032039872,0.08678885227479033,0.0,0.0,1.0218006759764205e-19,0.0,0.5,0.004162269471918553,0.5993703313653459,0.4032647494349622,0.5876130144643505,,,POINT (NaN NaN),GBR
2184,2184,0.00533997864008544,0.08678885227479033,0.004623170696506403,7.759026372163657e-06,1.2660848230937301e-12,15.533333333333337,0.6363636363636364,0.004162269471918553,0.5993703313653459,0.4032647494349622,0.5876130144643505,,,POINT (NaN NaN),GBR
2185,2185,0.001423994304022784,0.08678885227479033,0.0027812388750445,4.5112209692764015e-06,3.528985308164093e-13,9.149999999999999,0.6666666666666666,0.004162269471918553,0.5993703313653459,0.4032647494349622,0.5876130144643505,,,POINT (NaN NaN),GBR
2186,2186,0.002847988608045568,0.08678885227479033,0.004197471582206695,0.0,3.423150942179189e-12,16.00952380952381,1.0,0.004162269471918553,0.5993703313653459,0.4032647494349622,0.5876130144643505,,,POINT (NaN NaN),GBR
2187,2187,0.005695977216091136,0.08678885227479033,0.004751592104742693,1.58360737621653e-05,1.7637451127901054e-12,16.200000000000006,0.5454545454545454,0.004162269471918553,0.5993703313653459,0.4032647494349622,0.5876130144643505,,,POINT (NaN NaN),GBR
2188,2188,0.003915984336062656,0.08678885227479033,0.000711997152011392,6.848180710506629e-06,1.9886221891163073e-17,2.0,0.7142857142857143,0.004162269471918553,0.5993703313653459,0.4032647494349622,0.5876130144643505,,,POINT (NaN NaN),GBR
2189,2189,0.004983980064079744,0.08678885227479033,0.004330564956221188,6.005245481678567e-05,9.24935631870921e-13,14.700000000000001,0.5757575757575758,0.004162269471918553,0.5993703313653459,0.4032647494349622,0.5876130144643505,,,POINT (NaN NaN),GBR
2190,2190,0.000355998576005696,0.08678885227479033,0.0,0.0,2.4946305565830578e-23,0.0,0.0,0.004162269471918553,0.5993703313653459,0.4032647494349622,0.5876130144643505,,,POINT (NaN NaN),GBR
2191,2191,0.00533997864008544,0.08678885227479033,0.004055046279814881,0.000134468066425165,1.2636950201312082e-12,13.866666666666669,0.3619047619047619,0.004162269471918553,0.5993703313653459,0.4032647494349622,0.5876130144643505,,,POINT (NaN NaN),GBR
2192,2192,0.001067995728017088,0.08678885227479033,0.0,0.0,1.0218006759764205e-19,0.0,0.0,0.004162269471918553,0.5993703313653459,0.4032647494349622,0.5876130144643505,,,POINT (NaN NaN),GBR
2193,2193,0.003915984336062656,0.08678885227479033,0.003728275995986925,7.50758360673208e-05,2.4998889471469292e-12,13.533333333333337,0.4,0.004162269471918553,0.5993703313653459,0.4032647494349622,0.5876130144643505,,,POINT (NaN NaN),GBR
2194,2194,0.000355998576005696,0.08678885227479033,0.0,0.0,2.4946305565830578e-23,0.0,0.0,0.004162269471918553,0.5993703313653459,0.4032647494349622,0.5876130144643505,,,POINT (NaN NaN),GBR
2195,2195,0.003203987184051264,0.08678885227479033,0.000711997152011392,2.7394149100781926e-06,1.9886221891163073e-17,2.0,0.7333333333333333,0.004162269471918553,0.5993703313653459,0.4032647494349622,0.5876130144643505,,,POINT (NaN NaN),GBR
2196,2196,0.000711997152011392,0.08678885227479033,0.0,0.0,2.4946305565830578e-23,0.0,1.0,0.004162269471918553,0.5993703313653459,0.4032647494349622,0.5876130144643505,,,POINT (NaN NaN),GBR
2197,2197,0.004627981488074048,0.08678885227479033,0.004093983624065504,6.246103487906575e-06,1.886272599547797e-12,13.25,0.6428571428571429,0.004162269471918553,0.5993703313653459,0.4032647494349622,0.5876130144643505,,,POINT (NaN NaN),GBR
2198,2198,0.004627981488074048,0.08678885227479033,0.0035532688057927017,2.2890854938637856e-07,2.9105751191054846e-12,13.033333333333337,0.8571428571428571,0.004162269471918553,0.5993703313653459,0.4032647494349622,0.5876130144643505,,,POINT (NaN NaN),GBR
2199,2199,0.004627981488074048,0.08678885227479033,0.0034874675316113554,4.676429261476762e-07,2.643006630934524e-12,12.533333333333335,0.9523809523809523,0.004162269471918553,0.5993703313653459,0.4032647494349622,0.5876130144643505,,,POINT (NaN NaN),GBR
2200,2200,0.005695977216091136,0.08678885227479033,0.004184961037933626,1.1388558265148668e-05,2.1221965431441987e-12,13.75,0.6,0.004162269471918553,0.5993703313653459,0.4032647494349622,0.5876130144643505,,,POINT (NaN NaN),GBR
2201,2201,0.001423994304022784,0.08678885227479033,0.000711997152011392,0.0,8.174155944755707e-19,2.0,0.0,0.004162269471918553,0.5993703313653459,0.4032647494349622,0.5876130144643505,,,POINT (NaN NaN),GBR
2202,2202,0.004627981488074048,0.08678885227479033,0.0034874675316113554,4.676429261476762e-07,2.643006630934524e-12,12.533333333333335,0.9523809523809523,0.004162269471918553,0.5993703313653459,0.4032647494349622,0.5876130144643505,,,POINT (NaN NaN),GBR
2203,2203,0.006051975792096832,0.08678885227479033,0.003424059031036603,3.1302500754893544e-05,1.3401860929275116e-12,13.166666666666668,0.35,0.004162269471918553,0.5993703313653459,0.4032647494349622,0.5876130144643505,,,POINT (NaN NaN),GBR
2204,2204,0.009255962976148096,0.08678885227479033,0.004828801197615723,7.633659043680854e-05,2.2027687614569e-12,15.666666666666666,0.3137254901960784,0.004162269471918553,0.5993703313653459,0.4032647494349622,0.5876130144643505,,,POINT (NaN NaN),GBR
2205,2205,0.006051975792096832,0.08678885227479033,0.004280073788795754,1.3932442156188685e-05,2.358120486740601e-12,14.25,0.5454545454545454,0.004162269471918553,0.5993703313653459,0.4032647494349622,0.5876130144643505,,,POINT (NaN NaN),GBR
2206,2206,0.005695977216091136,0.08678885227479033,0.0034874675316113554,1.128380504566985e-05,2.643006630934524e-12,12.533333333333335,0.5333333333333333,0.004162269471918553,0.5993703313653459,0.4032647494349622,0.5876130144643505,,,POINT (NaN NaN),GBR
2207,2207,0.008187967248131008,0.08678885227479033,0.004593249919683249,5.7269147223859185e-05,3.3793303981288647e-12,15.416666666666668,0.41904761904761906,0.004162269471918553,0.5993703313653459,0.4032647494349622,0.5876130144643505,,,POINT (NaN NaN),GBR
2208,2208,0.000711997152011392,0.08678885227479033,0.0,0.0,1.0218006759764205e-19,0.0,0.0,0.004162269471918553,0.5993703313653459,0.4032647494349622,0.5876130144643505,,,POINT (NaN NaN),GBR
2209,2209,0.001423994304022784,0.08678885227479033,0.004039700153256125,5.071204786405925e-06,1.1357256061789345e-12,14.376190476190471,0.16666666666666666,0.004162269471918553,0.5993703313653459,0.4032647494349622,0.5876130144643505,,,POINT (NaN NaN),GBR
2210,2210,0.00533997864008544,0.08678885227479033,0.004593249919683249,7.905450999364346e-06,2.7583349046551084e-12,15.083333333333334,0.4090909090909091,0.004162269471918553,0.5993703313653459,0.4032647494349622,0.5876130144643505,,,POINT (NaN NaN),GBR
2211,2211,0.003203987184051264,0.08678885227479033,0.004045438363701091,7.356058616911247e-05,1.2367738658801686e-12,13.416666666666666,0.4722222222222222,0.004162269471918553,0.5993703313653459,0.4032647494349622,0.5876130144643505,,,POINT (NaN NaN),GBR
2212,2212,0.006763972944108224,0.08678885227479033,0.0036926126805296704,3.846258612111022e-06,1.6535094098190018e-12,12.750000000000002,0.5606060606060606,0.004162269471918553,0.5993703313653459,0.4032647494349622,0.5876130144643505,,,POINT (NaN NaN),GBR
2213,2213,0.00711997152011392,0.08678885227479033,0.0036926126805296704,2.1165581061553953e-05,1.6535094098190018e-12,12.750000000000002,0.5757575757575758,0.004162269471918553,0.5993703313653459,0.4032647494349622,0.5876130144643505,,,POINT (NaN NaN),GBR
2214,2214,0.002847988608045568,0.08678885227479033,0.0037664649341402636,9.417951746182433e-07,1.367722829074928e-12,12.583333333333334,0.8095238095238095,0.004162269471918553,0.5993703313653459,0.4032647494349622,0.5876130144643505,,,POINT (NaN NaN),GBR
2215,2215,0.002847988608045568,0.08678885227479033,0.0036616996389157302,3.623775278043267e-05,1.0008499222837665e-12,11.75,0.6,0.004162269471918553,0.5993703313653459,0.4032647494349622,0.5876130144643505,,,POINT (NaN NaN),GBR
2216,2216,0.001067995728017088,0.08678885227479033,0.00330734160934324,1.38044893452253e-05,6.638648485135389e-13,10.616666666666665,0.3333333333333333,0.004162269471918553,0.5993703313653459,0.4032647494349622,0.5876130144643505,,,POINT (NaN NaN),GBR
2217,2217,0.005695977216091136,0.08678885227479033,0.0036926126805296704,5.362871998720624e-06,1.6521941005160654e-12,12.750000000000002,0.8214285714285714,0.004162269471918553,0.5993703313653459,0.4032647494349622,0.5876130144643505,,,POINT (NaN NaN),GBR
2218,2218,0.004627981488074048,0.08678885227479033,0.0036926126805296704,5.083997258537642e-06,1.407054909221052e-12,12.750000000000002,0.8571428571428571,0.004162269471918553,0.5993703313653459,0.4032647494349622,0.5876130144643505,,,POINT (NaN NaN),GBR
2219,2219,0.001067995728017088,0.08678885227479033,0.00047466476800759466,2.839874680387319e-05,2.040358332229284e-19,1.5,0.0,0.004162269471918553,0.5993703313653459,0.4032647494349622,0.5876130144643505,,,POINT (NaN NaN),GBR
2220,2220,0.002135991456034176,0.08678885227479033,0.002180491278034888,0.0,1.1238809583517997e-18,6.5,0.4,0.004162269471918553,0.5993703313653459,0.4032647494349622,0.5876130144643505,,,POINT (NaN NaN),GBR
2221,2221,0.004627981488074048,0.08678885227479033,0.003843331565449249,2.6137840712128774e-06,1.912875357390344e-12,13.083333333333334,0.6388888888888888,0.004162269471918553,0.5993703313653459,0.4032647494349622,0.5876130144643505,,,POINT (NaN NaN),GBR
2222,2222,0.002847988608045568,0.08678885227479033,0.0037664649341402636,1.4736679623353408e-06,1.3771210712461919e-12,12.583333333333334,0.8095238095238095,0.004162269471918553,0.5993703313653459,0.4032647494349622,0.5876130144643505,,,POINT (NaN NaN),GBR
2223,2223,0.001067995728017088,0.08678885227479033,0.0011391954432182273,0.0,5.102018414323672e-19,3.5,0.6666666666666666,0.004162269471918553,0.5993703313653459,0.4032647494349622,0.5876130144643505,,,POINT (NaN NaN),GBR
2224,2224,0.004983980064079744,0.08678885227479033,0.0036926126805296704,4.598006799840407e-06,1.6521941005160654e-12,12.750000000000002,0.8571428571428571,0.004162269471918553,0.5993703313653459,0.4032647494349622,0.5876130144643505,,,POINT (NaN NaN),GBR
2225,2225,0.004627981488074048,0.08678885227479033,0.003843331565449249,3.4471830454274806e-06,1.912875357390344e-12,13.083333333333334,0.5333333333333333,0.004162269471918553,0.5993703313653459,0.4032647494349622,0.5876130144643505,,,POINT (NaN NaN),GBR
2226,2226,0.000355998576005696,0.08678885227479033,0.0032880967377229395,0.0,1.5766415229025022e-13,10.977380952380946,0.0,0.004162269471918553,0.5993703313653459,0.4032647494349622,0.5876130144643505,,,POINT (NaN NaN),GBR
2227,2227,0.00177999288002848,0.08678885227479033,0.0,0.0,1.0218006759764205e-19,0.0,0.0,0.004162269471918553,0.5993703313653459,0.4032647494349622,0.5876130144643505,,,POINT (NaN NaN),GBR
2228,2228,0.000711997152011392,0.08678885227479033,0.0,0.0,1.0218006759764205e-19,0.0,0.0,0.004162269471918553,0.5993703313653459,0.4032647494349622,0.5876130144643505,,,POINT (NaN NaN),GBR
2229,2229,0.000711997152011392,0.08678885227479033,0.0,0.0,1.0218006759764205e-19,0.0,0.0,0.004162269471918553,0.5993703313653459,0.4032647494349622,0.5876130144643505,,,POINT (NaN NaN),GBR
2230,2230,0.006407974368102528,0.08678885227479033,0.0014833274000237333,0.0004352269055453854,3.470031104207034e-20,4.5,0.21568627450980393,0.004162269471918553,0.5993703313653459,0.4032647494349622,0.5876130144643505,,,POINT (NaN NaN),GBR
2231,2231,0.00355998576005696,0.08678885227479033,0.001067995728017088,0.0001017555080925899,4.2159256406253684e-21,3.0,0.24444444444444444,0.004162269471918553,0.5993703313653459,0.4032647494349622,0.5876130144643505,,,POINT (NaN NaN),GBR
2232,2232,0.006051975792096832,0.08678885227479033,0.000711997152011392,0.00024858468585299825,2.2701138064905823e-21,2.0,0.27205882352941174,0.004162269471918553,0.5993703313653459,0.4032647494349622,0.5876130144643505,,,POINT (NaN NaN),GBR
2233,2233,0.00711997152011392,0.08678885227479033,0.0033424310747201457,0.0006250465998094654,3.328086625537459e-19,10.5,0.23157894736842105,0.004162269471918553,0.5993703313653459,0.4032647494349622,0.5876130144643505,,,POINT (NaN NaN),GBR
2234,2234,0.004627981488074048,0.08678885227479033,0.0,0.0,2.4946305565830578e-23,0.0,0.6025641025641025,0.004162269471918553,0.5993703313653459,0.4032647494349622,0.5876130144643505,,,POINT (NaN NaN),GBR
2235,2235,0.002491990032039872,0.08678885227479033,0.00047466476800759466,6.209929535003931e-06,1.9707581397006163e-21,1.5,0.047619047619047616,0.004162269471918553,0.5993703313653459,0.4032647494349622,0.5876130144643505,,,POINT (NaN NaN),GBR
2236,2236,0.004983980064079744,0.08678885227479033,0.001067995728017088,1.0871457750741116e-06,9.472112223345872e-20,3.3333333333333335,0.6483516483516484,0.004162269471918553,0.5993703313653459,0.4032647494349622,0.5876130144643505,,,POINT (NaN NaN),GBR
2237,2237,0.004627981488074048,0.08678885227479033,0.002153791384834461,2.956673989323719e-06,1.759961857669348e-19,6.833333333333333,0.23076923076923078,0.004162269471918553,0.5993703313653459,0.4032647494349622,0.5876130144643505,,,POINT (NaN NaN),GBR
2238,2238,0.00177999288002848,0.08678885227479033,0.001067995728017088,5.196513474591419e-07,4.2159256406253684e-21,3.0,0.4,0.004162269471918553,0.5993703313653459,0.4032647494349622,0.5876130144643505,,,POINT (NaN NaN),GBR
2239,2239,0.002135991456034176,0.08678885227479033,0.001067995728017088,5.196513474591419e-07,4.2159256406253684e-21,3.0,0.4666666666666667,0.004162269471918553,0.5993703313653459,0.4032647494349622,0.5876130144643505,,,POINT (NaN NaN),GBR
2240,2240,0.004983980064079744,0.08678885227479033,0.000533997864008544,1.9719008098596656e-06,7.458945364183344e-21,1.8333333333333333,0.12087912087912088,0.004162269471918553,0.5993703313653459,0.4032647494349622,0.5876130144643505,,,POINT (NaN NaN),GBR
2241,2241,0.006407974368102528,0.08678885227479033,0.001601993592025632,4.334443808504952e-05,2.3723936593104885e-20,5.0,0.1437908496732026,0.004162269471918553,0.5993703313653459,0.4032647494349622,0.5876130144643505,,,POINT (NaN NaN),GBR
2242,2242,0.003915984336062656,0.08678885227479033,0.0031716236771416554,3.8351728831500495e-06,3.360516822773039e-19,10.0,0.34545454545454546,0.004162269471918553,0.5993703313653459,0.4032647494349622,0.5876130144643505,,,POINT (NaN NaN),GBR
2243,2243,0.003915984336062656,0.08678885227479033,0.001067995728017088,3.428750852617836e-06,4.2159256406253684e-21,3.0,0.07272727272727272,0.004162269471918553,0.5993703313653459,0.4032647494349622,0.5876130144643505,,,POINT (NaN NaN),GBR
2244,2244,0.00177999288002848,0.08678885227479033,0.001752608374181888,4.529290261378013e-06,1.1123557651803857e-19,5.5,0.1,0.004162269471918553,0.5993703313653459,0.4032647494349622,0.5876130144643505,,,POINT (NaN NaN),GBR
2245,2245,0.004271982912068352,0.08678885227479033,0.0015858118385708277,4.410305891467866e-06,2.5071037093659732e-20,5.0,0.13636363636363635,0.004162269471918553,0.5993703313653459,0.4032647494349622,0.5876130144643505,,,POINT (NaN NaN),GBR
2246,2246,0.006763972944108224,0.08678885227479033,0.005085693942938514,0.00010105268186371761,1.5249427129336584e-18,16.0,0.14619883040935672,0.004162269471918553,0.5993703313653459,0.4032647494349622,0.5876130144643505,,,POINT (NaN NaN),GBR
2247,2247,0.003203987184051264,0.08678885227479033,0.003674413873773076,0.00022827296161987277,2.94067050010011e-19,11.5,0.1388888888888889,0.004162269471918553,0.5993703313653459,0.4032647494349622,0.5876130144643505,,,POINT (NaN NaN),GBR
2248,2248,0.003203987184051264,0.08678885227479033,0.0027347163338619375,3.2877517810744745e-06,2.0455970563981081e-19,8.5,0.25,0.004162269471918553,0.5993703313653459,0.4032647494349622,0.5876130144643505,,,POINT (NaN NaN),GBR
2249,2249,0.004271982912068352,0.08678885227479033,0.005231201297417032,1.225136944496618e-05,1.4362585966471302e-18,16.5,0.07575757575757576,0.004162269471918553,0.5993703313653459,0.4032647494349622,0.5876130144643505,,,POINT (NaN NaN),GBR
2250,2250,0.011035955856176576,0.08678885227479033,0.0022783908864364546,0.00011943175500865973,2.761556026137447e-20,7.0,0.11827956989247312,0.004162269471918553,0.5993703313653459,0.4032647494349622,0.5876130144643505,,,POINT (NaN NaN),GBR
2251,2251,0.00355998576005696,0.08678885227479033,0.00047466476800759466,4.59445990588564e-05,1.9707581397006163e-21,1.5,0.13333333333333333,0.004162269471918553,0.5993703313653459,0.4032647494349622,0.5876130144643505,,,POINT (NaN NaN),GBR
2252,2252,0.009611961552153792,0.08678885227479033,0.0022783908864364546,0.0011253597016007528,2.761556026137447e-20,7.0,0.1225071225071225,0.004162269471918553,0.5993703313653459,0.4032647494349622,0.5876130144643505,,,POINT (NaN NaN),GBR
2253,2253,0.003915984336062656,0.08678885227479033,0.0031716236771416554,1.0093547301357126e-05,3.396190039732176e-19,10.0,0.10909090909090909,0.004162269471918553,0.5993703313653459,0.4032647494349622,0.5876130144643505,,,POINT (NaN NaN),GBR
2254,2254,0.004983980064079744,0.08678885227479033,0.004271982912068352,1.8085598194991412e-05,1.4743765515517198e-18,13.5,0.15384615384615385,0.004162269471918553,0.5993703313653459,0.4032647494349622,0.5876130144643505,,,POINT (NaN NaN),GBR
2255,2255,0.004627981488074048,0.08678885227479033,0.00177999288002848,2.625191778124628e-05,4.814636974205302e-21,5.0,0.32051282051282054,0.004162269471918553,0.5993703313653459,0.4032647494349622,0.5876130144643505,,,POINT (NaN NaN),GBR
2256,2256,0.005695977216091136,0.08678885227479033,0.004910325186285462,2.4879597233251874e-05,2.2208199066925014e-18,15.5,0.16666666666666666,0.004162269471918553,0.5993703313653459,0.4032647494349622,0.5876130144643505,,,POINT (NaN NaN),GBR
2257,2257,0.006051975792096832,0.08678885227479033,0.004142528884429917,9.608948639009607e-05,7.46667871890875e-19,13.0,0.13970588235294118,0.004162269471918553,0.5993703313653459,0.4032647494349622,0.5876130144643505,,,POINT (NaN NaN),GBR
2258,2258,0.001067995728017088,0.08678885227479033,0.000355998576005696,8.67759758484999e-07,3.2430197235579753e-22,1.0,0.0,0.004162269471918553,0.5993703313653459,0.4032647494349622,0.5876130144643505,,,POINT (NaN NaN),GBR
2259,2259,0.00177999288002848,0.08678885227479033,0.000711997152011392,9.734098582017891e-07,6.236576391457643e-22,2.0,0.2,0.004162269471918553,0.5993703313653459,0.4032647494349622,0.5876130144643505,,,POINT (NaN NaN),GBR
2260,2260,0.00355998576005696,0.08678885227479033,0.002692239231043076,3.5593942978048615e-05,1.9610290805299426e-19,8.5,0.2,0.004162269471918553,0.5993703313653459,0.4032647494349622,0.5876130144643505,,,POINT (NaN NaN),GBR
2261,2261,0.002491990032039872,0.08678885227479033,0.001423994304022784,1.3571490447527437e-05,2.0131668591625284e-20,4.5,0.09523809523809523,0.004162269471918553,0.5993703313653459,0.4032647494349622,0.5876130144643505,,,POINT (NaN NaN),GBR
2262,2262,0.003915984336062656,0.08678885227479033,0.000355998576005696,8.023513481124639e-07,3.2430197235579753e-22,1.0,0.21818181818181817,0.004162269471918553,0.5993703313653459,0.4032647494349622,0.5876130144643505,,,POINT (NaN NaN),GBR
2263,2263,0.004627981488074048,0.08678885227479033,0.004944424666745778,7.245000781269561e-05,4.805980606173959e-18,16.333333333333336,0.16666666666666666,0.004162269471918553,0.5993703313653459,0.4032647494349622,0.5876130144643505,,,POINT (NaN NaN),GBR
2264,2264,0.003915984336062656,0.08678885227479033,0.0041194120937801965,1.1127353435397027e-05,1.3813268317911711e-18,13.0,0.09090909090909091,0.004162269471918553,0.5993703313653459,0.4032647494349622,0.5876130144643505,,,POINT (NaN NaN),GBR
2265,2265,0.004271982912068352,0.08678885227479033,0.000355998576005696,5.020954892019343e-07,3.2430197235579753e-22,1.0,0.2727272727272727,0.004162269471918553,0.5993703313653459,0.4032647494349622,0.5876130144643505,,,POINT (NaN NaN),GBR
2266,2266,0.004983980064079744,0.08678885227479033,0.004593530012976722,0.00012309531450760763,2.1203361878733363e-18,14.5,0.08791208791208792,0.004162269471918553,0.5993703313653459,0.4032647494349622,0.5876130144643505,,,POINT (NaN NaN),GBR
2267,2267,0.00355998576005696,0.08678885227479033,0.0023733238400379733,4.903917216092051e-05,1.8866890899437671e-19,7.5,0.17777777777777778,0.004162269471918553,0.5993703313653459,0.4032647494349622,0.5876130144643505,,,POINT (NaN NaN),GBR
2268,2268,0.011035955856176576,0.08678885227479033,0.03314138306986359,0.0015440587673756744,1.3768382367692515e-06,129.13658008658024,0.3204301075268817,0.004162269471918553,0.5993703313653459,0.4032647494349622,0.5876130144643505,,,POINT (NaN NaN),GBR
2269,2269,0.003915984336062656,0.08678885227479033,0.0,0.0,2.4946305565830578e-23,0.0,0.34545454545454546,0.004162269471918553,0.5993703313653459,0.4032647494349622,0.5876130144643505,,,POINT (NaN NaN),GBR
2270,2270,0.003915984336062656,0.08678885227479033,0.0022249911000356,6.437961784668342e-05,1.8836955332758678e-19,7.0,0.09090909090909091,0.004162269471918553,0.5993703313653459,0.4032647494349622,0.5876130144643505,,,POINT (NaN NaN),GBR
2271,2271,0.003203987184051264,0.08678885227479033,0.000711997152011392,1.3077861208811826e-06,6.236576391457643e-22,2.0,0.1111111111111111,0.004162269471918553,0.5993703313653459,0.4032647494349622,0.5876130144643505,,,POINT (NaN NaN),GBR
2272,2272,0.002135991456034176,0.08678885227479033,0.0033188254343756818,5.035317466037684e-06,1.5966383951298548e-18,10.333333333333334,0.4,0.004162269471918553,0.5993703313653459,0.4032647494349622,0.5876130144643505,,,POINT (NaN NaN),GBR
2273,2273,0.002847988608045568,0.08678885227479033,0.0,0.0,2.4946305565830578e-23,0.0,0.0,0.004162269471918553,0.5993703313653459,0.4032647494349622,0.5876130144643505,,,POINT (NaN NaN),GBR
2274,2274,0.002847988608045568,0.08678885227479033,0.003604485582057672,5.9381460360786756e-05,2.06892185210216e-18,11.333333333333334,0.21428571428571427,0.004162269471918553,0.5993703313653459,0.4032647494349622,0.5876130144643505,,,POINT (NaN NaN),GBR
2275,2275,0.004271982912068352,0.08678885227479033,0.001067995728017088,0.0004402390124976602,9.230133059357311e-22,3.0,0.06060606060606061,0.004162269471918553,0.5993703313653459,0.4032647494349622,0.5876130144643505,,,POINT (NaN NaN),GBR
2276,2276,0.004627981488074048,0.08678885227479033,0.0033374866500533997,8.14686254262096e-05,1.782912458789912e-19,10.833333333333334,0.07692307692307693,0.004162269471918553,0.5993703313653459,0.4032647494349622,0.5876130144643505,,,POINT (NaN NaN),GBR
2277,2277,0.001423994304022784,0.08678885227479033,0.0018736767158194524,2.4006978771322256e-06,1.6856218670831728e-19,5.833333333333333,0.0,0.004162269471918553,0.5993703313653459,0.4032647494349622,0.5876130144643505,,,POINT (NaN NaN),GBR
2278,2278,0.001423994304022784,0.08678885227479033,0.004007053739226904,8.917709405608893e-06,3.280938108018038e-18,12.166666666666668,0.3333333333333333,0.004162269471918553,0.5993703313653459,0.4032647494349622,0.5876130144643505,,,POINT (NaN NaN),GBR
2279,2279,0.004271982912068352,0.08678885227479033,0.003203987184051264,0.0001162176019102563,1.7799189021220123e-19,10.333333333333334,0.030303030303030304,0.004162269471918553,0.5993703313653459,0.4032647494349622,0.5876130144643505,,,POINT (NaN NaN),GBR
2280,2280,0.003915984336062656,0.08678885227479033,0.001423994304022784,1.1961298875488073e-05,1.2223689727256985e-21,4.0,0.0,0.004162269471918553,0.5993703313653459,0.4032647494349622,0.5876130144643505,,,POINT (NaN NaN),GBR
2281,2281,0.00533997864008544,0.08678885227479033,0.0,0.0,2.4946305565830578e-23,0.0,0.2,0.004162269471918553,0.5993703313653459,0.4032647494349622,0.5876130144643505,,,POINT (NaN NaN),GBR
2282,2282,0.002135991456034176,0.08678885227479033,0.001423994304022784,3.973423877895229e-06,9.155294142659821e-21,4.5,0.0,0.004162269471918553,0.5993703313653459,0.4032647494349622,0.5876130144643505,,,POINT (NaN NaN),GBR
2283,2283,0.004271982912068352,0.08678885227479033,0.000711997152011392,2.1947161595699013e-06,6.236576391457643e-22,2.0,0.19696969696969696,0.004162269471918553,0.5993703313653459,0.4032647494349622,0.5876130144643505,,,POINT (NaN NaN),GBR
2284,2284,0.003203987184051264,0.08678885227479033,0.004768725111146067,6.261469284844918e-05,5.5284256153604146e-18,14.833333333333334,0.2222222222222222,0.004162269471918553,0.5993703313653459,0.4032647494349622,0.5876130144643505,,,POINT (NaN NaN),GBR
2285,2285,0.004271982912068352,0.08678885227479033,0.005521765146981966,9.407526232460851e-05,1.2011122257530544e-17,17.333333333333332,0.18181818181818182,0.004162269471918553,0.5993703313653459,0.4032647494349622,0.5876130144643505,,,POINT (NaN NaN),GBR
2286,2286,0.004627981488074048,0.08678885227479033,0.0,0.0,2.4946305565830578e-23,0.0,0.2692307692307692,0.004162269471918553,0.5993703313653459,0.4032647494349622,0.5876130144643505,,,POINT (NaN NaN),GBR
2287,2287,0.00355998576005696,0.08678885227479033,0.000711997152011392,4.714029981698392e-06,6.236576391457643e-22,2.0,0.08888888888888889,0.004162269471918553,0.5993703313653459,0.4032647494349622,0.5876130144643505,,,POINT (NaN NaN),GBR
2288,2288,0.001423994304022784,0.08678885227479033,0.0009493295360151893,1.6036146844761706e-05,3.9165699738354014e-21,3.0,0.16666666666666666,0.004162269471918553,0.5993703313653459,0.4032647494349622,0.5876130144643505,,,POINT (NaN NaN),GBR
2289,2289,0.005695977216091136,0.08678885227479033,0.0,0.0,2.4946305565830578e-23,0.0,0.15,0.004162269471918553,0.5993703313653459,0.4032647494349622,0.5876130144643505,,,POINT (NaN NaN),GBR
2290,2290,0.00177999288002848,0.08678885227479033,0.001423994304022784,2.396136531915506e-06,9.155294142659821e-21,4.5,0.0,0.004162269471918553,0.5993703313653459,0.4032647494349622,0.5876130144643505,,,POINT (NaN NaN),GBR
2291,2291,0.00711997152011392,0.08678885227479033,0.006579127529643728,0.0016236092584451366,2.034478488007417e-17,21.5,0.11578947368421053,0.004162269471918553,0.5993703313653459,0.4032647494349622,0.5876130144643505,,,POINT (NaN NaN),GBR
2292,2292,0.002847988608045568,0.08678885227479033,0.000711997152011392,1.564578869240098e-05,6.236576391457643e-22,2.0,0.14285714285714285,0.004162269471918553,0.5993703313653459,0.4032647494349622,0.5876130144643505,,,POINT (NaN NaN),GBR
2293,2293,0.003203987184051264,0.08678885227479033,0.005013646612080218,0.0003371870534426846,9.815523065765096e-18,15.666666666666668,0.1111111111111111,0.004162269471918553,0.5993703313653459,0.4032647494349622,0.5876130144643505,,,POINT (NaN NaN),GBR
2294,2294,0.002847988608045568,0.08678885227479033,0.000711997152011392,1.2436612115051357e-05,6.236576391457643e-22,2.0,0.17857142857142858,0.004162269471918553,0.5993703313653459,0.4032647494349622,0.5876130144643505,,,POINT (NaN NaN),GBR
2295,2295,0.001423994304022784,0.08678885227479033,0.000355998576005696,6.579717931812693e-08,3.2430197235579753e-22,1.0,0.3333333333333333,0.004162269471918553,0.5993703313653459,0.4032647494349622,0.5876130144643505,,,POINT (NaN NaN),GBR
2296,2296,0.003915984336062656,0.08678885227479033,0.0019382144693643449,1.617199555424258e-05,1.3046917810929394e-20,6.0,0.23636363636363636,0.004162269471918553,0.5993703313653459,0.4032647494349622,0.5876130144643505,,,POINT (NaN NaN),GBR
2297,2297,0.002135991456034176,0.08678885227479033,0.0,0.0,2.4946305565830578e-23,0.0,0.0,0.004162269471918553,0.5993703313653459,0.4032647494349622,0.5876130144643505,,,POINT (NaN NaN),GBR
2298,2298,0.00177999288002848,0.08678885227479033,0.0,0.0,2.4946305565830578e-23,0.0,0.1,0.004162269471918553,0.5993703313653459,0.4032647494349622,0.5876130144643505,,,POINT (NaN NaN),GBR
2299,2299,0.003915984336062656,0.08678885227479033,0.005879718416610205,0.00034559971921767113,2.4755241811501884e-17,19.0,0.01818181818181818,0.004162269471918553,0.5993703313653459,0.4032647494349622,0.5876130144643505,,,POINT (NaN NaN),GBR
2300,2300,0.002135991456034176,0.08678885227479033,0.000355998576005696,1.329140173909581e-07,3.2430197235579753e-22,1.0,0.4,0.004162269471918553,0.5993703313653459,0.4032647494349622,0.5876130144643505,,,POINT (NaN NaN),GBR
2301,2301,0.002847988608045568,0.08678885227479033,0.0018986590720303786,6.854097685707038e-06,1.93333868135187e-20,6.0,0.03571428571428571,0.004162269471918553,0.5993703313653459,0.4032647494349622,0.5876130144643505,,,POINT (NaN NaN),GBR
2302,2302,0.001423994304022784,0.08678885227479033,0.0,0.0,2.4946305565830578e-23,0.0,0.6666666666666666,0.004162269471918553,0.5993703313653459,0.4032647494349622,0.5876130144643505,,,POINT (NaN NaN),GBR
2303,2303,0.003203987184051264,0.08678885227479033,0.000800996796012816,8.827148184060072e-07,3.9165699738354014e-21,2.5,0.3055555555555556,0.004162269471918553,0.5993703313653459,0.4032647494349622,0.5876130144643505,,,POINT (NaN NaN),GBR
2304,2304,0.00711997152011392,0.08678885227479033,0.03265257211013109,0.0041240345669957,4.783576482374456e-07,121.56522366522373,0.11578947368421053,0.004162269471918553,0.5993703313653459,0.4032647494349622,0.5876130144643505,,,POINT (NaN NaN),GBR
2305,2305,0.00533997864008544,0.08678885227479033,0.006355449988036115,0.0012210437196399318,1.5630107752271154e-17,21.0,0.0,0.004162269471918553,0.5993703313653459,0.4032647494349622,0.5876130144643505,,,POINT (NaN NaN),GBR
2306,2306,0.003203987184051264,0.08678885227479033,0.0041203538889548145,1.084388229450578e-06,4.0007418023711813e-16,13.166666666666668,0.5,0.004162269471918553,0.5993703313653459,0.4032647494349622,0.5876130144643505,,,POINT (NaN NaN),GBR
2307,2307,0.00355998576005696,0.08678885227479033,0.0015858118385708277,5.949098380520114e-05,1.57411188120391e-20,5.0,0.022222222222222223,0.004162269471918553,0.5993703313653459,0.4032647494349622,0.5876130144643505,,,POINT (NaN NaN),GBR
2308,2308,0.000711997152011392,0.08678885227479033,0.0,0.0,2.4946305565830578e-23,0.0,0.0,0.004162269471918553,0.5993703313653459,0.4032647494349622,0.5876130144643505,,,POINT (NaN NaN),GBR
2309,2309,0.002491990032039872,0.08678885227479033,0.002707462854359109,1.3955232249514364e-05,8.326328408707274e-19,8.500000000000002,0.0,0.004162269471918553,0.5993703313653459,0.4032647494349622,0.5876130144643505,,,POINT (NaN NaN),GBR
2310,2310,0.003915984336062656,0.08678885227479033,0.0018986590720303786,1.4260587865672708e-05,1.9333386813518698e-20,6.0,0.12727272727272726,0.004162269471918553,0.5993703313653459,0.4032647494349622,0.5876130144643505,,,POINT (NaN NaN),GBR
2311,2311,0.002135991456034176,0.08678885227479033,0.0015858118385708277,1.5263579918676574e-06,1.4094662644694277e-20,5.0,0.13333333333333333,0.004162269471918553,0.5993703313653459,0.4032647494349622,0.5876130144643505,,,POINT (NaN NaN),GBR
2312,2312,0.001423994304022784,0.08678885227479033,0.003588695322638064,1.2044111367714074e-07,4.0002363902204177e-16,11.250000000000002,0.6666666666666666,0.004162269471918553,0.5993703313653459,0.4032647494349622,0.5876130144643505,,,POINT (NaN NaN),GBR
2313,2313,0.010323958704165184,0.08678885227479033,0.005705105384706667,0.00036929727983068346,1.0249241530037072e-15,18.333333333333336,0.19367588932806323,0.004162269471918553,0.5993703313653459,0.4032647494349622,0.5876130144643505,,,POINT (NaN NaN),GBR
2314,2314,0.002135991456034176,0.08678885227479033,0.0025720897116411536,1.6225877068985162e-05,4.588872908834537e-19,8.166666666666666,0.0,0.004162269471918553,0.5993703313653459,0.4032647494349622,0.5876130144643505,,,POINT (NaN NaN),GBR
2315,2315,0.00711997152011392,0.08678885227479033,0.03294411293254298,0.0005681891404858853,1.3326876790786848e-06,124.38658008658021,0.5789473684210527,0.004162269471918553,0.5993703313653459,0.4032647494349622,0.5876130144643505,,,POINT (NaN NaN),GBR
2316,2316,0.002847988608045568,0.08678885227479033,0.004360982556069776,0.00022575286340404175,1.3365482133005051e-17,13.666666666666668,0.07142857142857142,0.004162269471918553,0.5993703313653459,0.4032647494349622,0.5876130144643505,,,POINT (NaN NaN),GBR
2317,2317,0.003203987184051264,0.08678885227479033,0.0036510551632212077,5.837162939208735e-05,1.742100302884213e-18,12.0,0.027777777777777776,0.004162269471918553,0.5993703313653459,0.4032647494349622,0.5876130144643505,,,POINT (NaN NaN),GBR
2318,2318,0.003203987184051264,0.08678885227479033,0.002883588465646138,4.542673184285175e-05,8.867164313374481e-19,9.333333333333336,0.0,0.004162269471918553,0.5993703313653459,0.4032647494349622,0.5876130144643505,,,POINT (NaN NaN),GBR
2319,2319,0.00355998576005696,0.08678885227479033,0.00427882903853,3.4990867549301117e-06,4.0005197802516458e-16,13.833333333333336,0.2222222222222222,0.004162269471918553,0.5993703313653459,0.4032647494349622,0.5876130144643505,,,POINT (NaN NaN),GBR
2320,2320,0.000711997152011392,0.08678885227479033,0.0037023851904592385,0.0,4.00023339666375e-16,11.250000000000002,1.0,0.004162269471918553,0.5993703313653459,0.4032647494349622,0.5876130144643505,,,POINT (NaN NaN),GBR
2321,2321,0.00177999288002848,0.08678885227479033,0.028229809438370633,4.838027256181612e-05,5.4876299668225973e-08,96.60292207792213,0.1,0.004162269471918553,0.5993703313653459,0.4032647494349622,0.5876130144643505,,,POINT (NaN NaN),GBR
2322,2322,0.006407974368102528,0.08678885227479033,0.006508929188163844,0.0003770010405840914,1.0073293241176826e-17,21.333333333333332,0.0196078431372549,0.004162269471918553,0.5993703313653459,0.4032647494349622,0.5876130144643505,,,POINT (NaN NaN),GBR
2323,2323,0.00355998576005696,0.08678885227479033,0.004627981488074048,2.5570563608419467e-06,1.5683161060318007e-16,15.000000000000002,0.2222222222222222,0.004162269471918553,0.5993703313653459,0.4032647494349622,0.5876130144643505,,,POINT (NaN NaN),GBR
2324,2324,0.008187967248131008,0.08678885227479033,0.004271982912068352,0.00021338866926187656,5.473967830310207e-19,14.75,0.011857707509881422,0.004162269471918553,0.5993703313653459,0.4032647494349622,0.5876130144643505,,,POINT (NaN NaN),GBR
2325,2325,0.002491990032039872,0.08678885227479033,0.02860264068561871,0.00010393662098918519,5.4876299695812374e-08,100.68625541125549,0.2857142857142857,0.004162269471918553,0.5993703313653459,0.4032647494349622,0.5876130144643505,,,POINT (NaN NaN),GBR
2326,2326,0.005695977216091136,0.08678885227479033,0.0056418035197424434,2.411433515176214e-05,9.647684321918187e-16,18.833333333333336,0.19166666666666668,0.004162269471918553,0.5993703313653459,0.4032647494349622,0.5876130144643505,,,POINT (NaN NaN),GBR
2327,2327,0.002491990032039872,0.08678885227479033,0.028221812325215288,3.409531609995945e-05,5.4876299668225973e-08,96.5791125541126,0.19047619047619047,0.004162269471918553,0.5993703313653459,0.4032647494349622,0.5876130144643505,,,POINT (NaN NaN),GBR
2328,2328,0.004271982912068352,0.08678885227479033,0.005347889719552233,5.577658914765182e-07,5.562990717426317e-16,17.833333333333336,0.18181818181818182,0.004162269471918553,0.5993703313653459,0.4032647494349622,0.5876130144643505,,,POINT (NaN NaN),GBR
2329,2329,0.007475970096119616,0.08678885227479033,0.006013489459555675,2.319034153565473e-05,4.003740847226306e-16,19.333333333333336,0.15263157894736842,0.004162269471918553,0.5993703313653459,0.4032647494349622,0.5876130144643505,,,POINT (NaN NaN),GBR
2330,2330,0.003203987184051264,0.08678885227479033,0.003819921228251595,3.3692739278213073e-06,6.52493597621725e-16,12.250000000000002,0.42857142857142855,0.004162269471918553,0.5993703313653459,0.4032647494349622,0.5876130144643505,,,POINT (NaN NaN),GBR
2331,2331,0.003203987184051264,0.08678885227479033,0.0020712644422149584,1.3137023231638869e-05,2.731620459458448e-20,6.5,0.027777777777777776,0.004162269471918553,0.5993703313653459,0.4032647494349622,0.5876130144643505,,,POINT (NaN NaN),GBR
2332,2332,0.001423994304022784,0.08678885227479033,0.028221812325215288,2.7356526358840882e-05,5.4876299668225973e-08,96.5791125541126,0.3333333333333333,0.004162269471918553,0.5993703313653459,0.4032647494349622,0.5876130144643505,,,POINT (NaN NaN),GBR
2333,2333,0.002491990032039872,0.08678885227479033,0.0027462747291867977,9.634116850372897e-05,8.115282663620348e-19,9.083333333333334,0.047619047619047616,0.004162269471918553,0.5993703313653459,0.4032647494349622,0.5876130144643505,,,POINT (NaN NaN),GBR
2334,2334,0.006763972944108224,0.08678885227479033,0.006977572089711641,0.00020518149098120749,3.300293946506566e-17,23.333333333333332,0.005847953216374269,0.004162269471918553,0.5993703313653459,0.4032647494349622,0.5876130144643505,,,POINT (NaN NaN),GBR
2335,2335,0.00355998576005696,0.08678885227479033,0.0046780437878248485,0.00015287330824301614,2.8981869417214996e-18,15.25,0.022222222222222223,0.004162269471918553,0.5993703313653459,0.4032647494349622,0.5876130144643505,,,POINT (NaN NaN),GBR
2336,2336,0.002491990032039872,0.08678885227479033,0.004955661995533836,1.4742094009589025e-05,1.7401495017889654e-17,15.583333333333337,0.0,0.004162269471918553,0.5993703313653459,0.4032647494349622,0.5876130144643505,,,POINT (NaN NaN),GBR
2337,2337,0.00533997864008544,0.08678885227479033,0.006509688246961298,7.394386983585186e-05,2.0870089963285263e-15,21.333333333333332,0.14285714285714285,0.004162269471918553,0.5993703313653459,0.4032647494349622,0.5876130144643505,,,POINT (NaN NaN),GBR
2338,2338,0.002491990032039872,0.08678885227479033,0.028423109132099847,0.000930940667432655,1.8962373268226067e-08,100.70886058386074,0.14285714285714285,0.004162269471918553,0.5993703313653459,0.4032647494349622,0.5876130144643505,,,POINT (NaN NaN),GBR
2339,2339,0.004271982912068352,0.08678885227479033,0.004786203077409913,0.00017706990989233817,4.2140072697273576e-17,15.41666666666667,0.06060606060606061,0.004162269471918553,0.5993703313653459,0.4032647494349622,0.5876130144643505,,,POINT (NaN NaN),GBR
2340,2340,0.006051975792096832,0.08678885227479033,0.007179304616114869,9.286990726956062e-05,4.036498589453965e-16,24.083333333333336,0.014705882352941176,0.004162269471918553,0.5993703313653459,0.4032647494349622,0.5876130144643505,,,POINT (NaN NaN),GBR
2341,2341,0.00355998576005696,0.08678885227479033,0.006474035959526265,6.877150824811935e-06,1.306465812666948e-15,22.200000000000003,0.26666666666666666,0.004162269471918553,0.5993703313653459,0.4032647494349622,0.5876130144643505,,,POINT (NaN NaN),GBR
2342,2342,0.002847988608045568,0.08678885227479033,0.028423109132099847,0.0020421382568933523,1.8962373268224422e-08,100.70886058386074,0.14285714285714285,0.004162269471918553,0.5993703313653459,0.4032647494349622,0.5876130144643505,,,POINT (NaN NaN),GBR
2343,2343,0.003915984336062656,0.08678885227479033,0.006044783901672474,1.1468196840466603e-05,4.0193851743727496e-16,19.416666666666668,0.10909090909090909,0.004162269471918553,0.5993703313653459,0.4032647494349622,0.5876130144643505,,,POINT (NaN NaN),GBR
2344,2344,0.003915984336062656,0.08678885227479033,0.005695977216091136,2.276032535102478e-05,3.7606682866648e-16,19.033333333333335,0.09090909090909091,0.004162269471918553,0.5993703313653459,0.4032647494349622,0.5876130144643505,,,POINT (NaN NaN),GBR
2345,2345,0.00533997864008544,0.08678885227479033,0.004970287811156448,0.00011659135621433844,4.9291405167524656e-18,17.25,0.009523809523809525,0.004162269471918553,0.5993703313653459,0.4032647494349622,0.5876130144643505,,,POINT (NaN NaN),GBR
2346,2346,0.005695977216091136,0.08678885227479033,0.00739345386989313,0.0001359729597887619,4.386371273403907e-17,25.083333333333332,0.025,0.004162269471918553,0.5993703313653459,0.4032647494349622,0.5876130144643505,,,POINT (NaN NaN),GBR
2347,2347,0.002847988608045568,0.08678885227479033,0.005708922618854979,5.953915376980706e-05,3.895470388587823e-17,18.16666666666667,0.14285714285714285,0.004162269471918553,0.5993703313653459,0.4032647494349622,0.5876130144643505,,,POINT (NaN NaN),GBR
2348,2348,0.00533997864008544,0.08678885227479033,0.007914375749904407,0.0030301616164487384,1.288356940208434e-16,25.5,0.0,0.004162269471918553,0.5993703313653459,0.4032647494349622,0.5876130144643505,,,POINT (NaN NaN),GBR
2349,2349,0.004271982912068352,0.08678885227479033,0.006613735012949856,2.135613739757701e-05,8.909893093936804e-16,22.033333333333335,0.25757575757575757,0.004162269471918553,0.5993703313653459,0.4032647494349622,0.5876130144643505,,,POINT (NaN NaN),GBR
2350,2350,0.00355998576005696,0.08678885227479033,0.00626557493770025,0.0002038191973739425,4.9608098516682866e-17,19.5,0.13333333333333333,0.004162269471918553,0.5993703313653459,0.4032647494349622,0.5876130144643505,,,POINT (NaN NaN),GBR
2351,2351,0.00711997152011392,0.08678885227479033,0.00900301661951247,0.0002748878973662974,8.125121486535512e-17,29.916666666666664,0.015789473684210527,0.004162269471918553,0.5993703313653459,0.4032647494349622,0.5876130144643505,,,POINT (NaN NaN),GBR
2352,2352,0.003203987184051264,0.08678885227479033,0.028479987852489983,0.0001674959600407341,2.5650969744168994e-08,101.84814629814646,0.08333333333333333,0.004162269471918553,0.5993703313653459,0.4032647494349622,0.5876130144643505,,,POINT (NaN NaN),GBR
2353,2353,0.004627981488074048,0.08678885227479033,0.028943346167347464,0.0007554375922437981,8.0527269399262e-08,106.56720779220787,0.14102564102564102,0.004162269471918553,0.5993703313653459,0.4032647494349622,0.5876130144643505,,,POINT (NaN NaN),GBR
2354,2354,0.00355998576005696,0.08678885227479033,0.0285207550838849,0.0008138468627857935,1.29129399747164e-07,101.00054112554115,0.1111111111111111,0.004162269471918553,0.5993703313653459,0.4032647494349622,0.5876130144643505,,,POINT (NaN NaN),GBR
2355,2355,0.003203987184051264,0.08678885227479033,0.00754332117806664,0.00011121811746643924,5.4301321821699286e-17,23.583333333333332,0.027777777777777776,0.004162269471918553,0.5993703313653459,0.4032647494349622,0.5876130144643505,,,POINT (NaN NaN),GBR
2356,2356,0.004271982912068352,0.08678885227479033,0.007249425547752355,7.221210055917051e-05,6.396197822251171e-17,24.25,0.015151515151515152,0.004162269471918553,0.5993703313653459,0.4032647494349622,0.5876130144643505,,,POINT (NaN NaN),GBR
2357,2357,0.003915984336062656,0.08678885227479033,0.005754169291015143,9.857212816713576e-06,4.1040953441826407e-16,18.866666666666667,0.2727272727272727,0.004162269471918553,0.5993703313653459,0.4032647494349622,0.5876130144643505,,,POINT (NaN NaN),GBR
2358,2358,0.004271982912068352,0.08678885227479033,0.006038283539173536,0.00016775706554640843,1.027942481353034e-15,20.033333333333335,0.15151515151515152,0.004162269471918553,0.5993703313653459,0.4032647494349622,0.5876130144643505,,,POINT (NaN NaN),GBR
2359,2359,0.003915984336062656,0.08678885227479033,0.006502011727802146,3.6700992120653987e-05,7.769192338520297e-16,20.75,0.01818181818181818,0.004162269471918553,0.5993703313653459,0.4032647494349622,0.5876130144643505,,,POINT (NaN NaN),GBR
2360,2360,0.002491990032039872,0.08678885227479033,0.02837453645913129,0.00044638425256166524,2.5650969716582597e-08,99.51481296481309,0.0,0.004162269471918553,0.5993703313653459,0.4032647494349622,0.5876130144643505,,,POINT (NaN NaN),GBR
2361,2361,0.005695977216091136,0.08678885227479033,0.008944173373633303,0.00020244812854784192,1.2572691036753512e-16,29.416666666666664,0.016666666666666666,0.004162269471918553,0.5993703313653459,0.4032647494349622,0.5876130144643505,,,POINT (NaN NaN),GBR
2362,2362,0.002491990032039872,0.08678885227479033,0.004080867887054768,0.00048526073952130444,3.263747608852625e-17,12.5,0.09523809523809523,0.004162269471918553,0.5993703313653459,0.4032647494349622,0.5876130144643505,,,POINT (NaN NaN),GBR
2363,2363,0.004271982912068352,0.08678885227479033,0.006666666666666666,0.00014890146731496074,2.1438698839401964e-15,22.833333333333332,0.16666666666666666,0.004162269471918553,0.5993703313653459,0.4032647494349622,0.5876130144643505,,,POINT (NaN NaN),GBR
2364,2364,0.002135991456034176,0.08678885227479033,0.006256434433721724,7.299063389377489e-07,1.280388192143707e-15,20.833333333333332,0.2,0.004162269471918553,0.5993703313653459,0.4032647494349622,0.5876130144643505,,,POINT (NaN NaN),GBR
2365,2365,0.00177999288002848,0.08678885227479033,0.0,0.0,2.4946305565830578e-23,0.0,0.2,0.004162269471918553,0.5993703313653459,0.4032647494349622,0.5876130144643505,,,POINT (NaN NaN),GBR
2366,2366,0.001423994304022784,0.08678885227479033,0.006003059957225819,4.933167036971214e-05,5.3241802331707316e-17,18.666666666666668,0.0,0.004162269471918553,0.5993703313653459,0.4032647494349622,0.5876130144643505,,,POINT (NaN NaN),GBR
2367,2367,0.002491990032039872,0.08678885227479033,0.004949183210785954,4.3071363613141016e-05,3.9001852403397645e-17,15.333333333333334,0.0,0.004162269471918553,0.5993703313653459,0.4032647494349622,0.5876130144643505,,,POINT (NaN NaN),GBR
2368,2368,0.002135991456034176,0.08678885227479033,0.0053912937501403154,5.950829921432673e-05,5.435755079444466e-17,16.75,0.0,0.004162269471918553,0.5993703313653459,0.4032647494349622,0.5876130144643505,,,POINT (NaN NaN),GBR
2369,2369,0.004627981488074048,0.08678885227479033,0.007414354957964783,5.662555215232027e-05,1.7944478799466077e-15,25.083333333333332,0.28205128205128205,0.004162269471918553,0.5993703313653459,0.4032647494349622,0.5876130144643505,,,POINT (NaN NaN),GBR
2370,2370,0.001423994304022784,0.08678885227479033,0.005112745506464783,4.606664978970772e-06,1.6119075298405886e-16,15.916666666666668,0.0,0.004162269471918553,0.5993703313653459,0.4032647494349622,0.5876130144643505,,,POINT (NaN NaN),GBR
2371,2371,0.00355998576005696,0.08678885227479033,0.025381655416053497,0.00017534967308906543,5.995517797929731e-09,88.57491397491414,0.2,0.004162269471918553,0.5993703313653459,0.4032647494349622,0.5876130144643505,,,POINT (NaN NaN),GBR
2372,2372,0.00355998576005696,0.08678885227479033,0.028884603510585666,0.0025140228849478865,8.313335207623058e-08,105.18387445887454,0.17857142857142858,0.004162269471918553,0.5993703313653459,0.4032647494349622,0.5876130144643505,,,POINT (NaN NaN),GBR
2373,2373,0.002847988608045568,0.08678885227479033,0.006378750604400567,3.950873163358674e-05,1.0066388103796204e-16,20.166666666666668,0.03571428571428571,0.004162269471918553,0.5993703313653459,0.4032647494349622,0.5876130144643505,,,POINT (NaN NaN),GBR
2374,2374,0.002491990032039872,0.08678885227479033,0.006654434920721855,1.4336064870945393e-05,8.226013077450678e-16,21.916666666666668,0.047619047619047616,0.004162269471918553,0.5993703313653459,0.4032647494349622,0.5876130144643505,,,POINT (NaN NaN),GBR
2375,2375,0.006051975792096832,0.08678885227479033,0.007530739107812799,0.00016549396157743197,2.212196966710617e-16,25.0,0.10294117647058823,0.004162269471918553,0.5993703313653459,0.4032647494349622,0.5876130144643505,,,POINT (NaN NaN),GBR
2376,2376,0.002135991456034176,0.08678885227479033,0.005112745506464783,9.173090407081966e-06,1.6119075298405886e-16,15.916666666666668,0.2,0.004162269471918553,0.5993703313653459,0.4032647494349622,0.5876130144643505,,,POINT (NaN NaN),GBR
2377,2377,0.00177999288002848,0.08678885227479033,0.027936903395403806,0.0006884107623783922,2.119190537237951e-08,94.81044788544801,0.1,0.004162269471918553,0.5993703313653459,0.4032647494349622,0.5876130144643505,,,POINT (NaN NaN),GBR
2378,2378,0.001067995728017088,0.08678885227479033,0.0,0.0,2.4946305565830578e-23,0.0,0.0,0.004162269471918553,0.5993703313653459,0.4032647494349622,0.5876130144643505,,,POINT (NaN NaN),GBR
2379,2379,0.004627981488074048,0.08678885227479033,0.009979826747359678,5.999819500367049e-05,1.8821727359452122e-15,34.33333333333334,0.11538461538461539,0.004162269471918553,0.5993703313653459,0.4032647494349622,0.5876130144643505,,,POINT (NaN NaN),GBR
2380,2380,0.002847988608045568,0.08678885227479033,0.025233788629181856,0.0003311538707554847,9.260213286131091e-09,86.75467587967606,0.26666666666666666,0.004162269471918553,0.5993703313653459,0.4032647494349622,0.5876130144643505,,,POINT (NaN NaN),GBR
2381,2381,0.00533997864008544,0.08678885227479033,0.0076016166523569205,0.00020784192622210555,1.306782530962412e-16,24.68333333333334,0.11428571428571428,0.004162269471918553,0.5993703313653459,0.4032647494349622,0.5876130144643505,,,POINT (NaN NaN),GBR
2382,2382,0.003915984336062656,0.08678885227479033,0.005933309600094933,4.808599980433813e-05,4.717226141305736e-16,19.25,0.01818181818181818,0.004162269471918553,0.5993703313653459,0.4032647494349622,0.5876130144643505,,,POINT (NaN NaN),GBR
2383,2383,0.002135991456034176,0.08678885227479033,0.0035785595988050835,3.3936129685339412e-06,4.7422103652560276e-17,11.116666666666664,0.06666666666666667,0.004162269471918553,0.5993703313653459,0.4032647494349622,0.5876130144643505,,,POINT (NaN NaN),GBR
2384,2384,0.004983980064079744,0.08678885227479033,0.010229634295138033,0.0004448947482298646,5.977433670313687e-16,33.68333333333334,0.10989010989010989,0.004162269471918553,0.5993703313653459,0.4032647494349622,0.5876130144643505,,,POINT (NaN NaN),GBR
2385,2385,0.003203987184051264,0.08678885227479033,0.007437274598727692,9.390404972065217e-06,2.9727261036113117e-15,25.616666666666674,0.3333333333333333,0.004162269471918553,0.5993703313653459,0.4032647494349622,0.5876130144643505,,,POINT (NaN NaN),GBR
2386,2386,0.002847988608045568,0.08678885227479033,0.00815971339289246,3.3548161716472744e-05,5.085464544876298e-16,26.83333333333334,0.07142857142857142,0.004162269471918553,0.5993703313653459,0.4032647494349622,0.5876130144643505,,,POINT (NaN NaN),GBR
2387,2387,0.004271982912068352,0.08678885227479033,0.00819436243213111,2.536296832499942e-05,2.890391445748927e-15,28.416666666666668,0.16666666666666666,0.004162269471918553,0.5993703313653459,0.4032647494349622,0.5876130144643505,,,POINT (NaN NaN),GBR
2388,2388,0.002491990032039872,0.08678885227479033,0.008112069074566342,3.730775524616961e-05,2.532110883917385e-16,26.03333333333334,0.09523809523809523,0.004162269471918553,0.5993703313653459,0.4032647494349622,0.5876130144643505,,,POINT (NaN NaN),GBR
2389,2389,0.004271982912068352,0.08678885227479033,0.008543965824136704,0.00010281788505586321,2.928094818001319e-16,27.85000000000001,0.030303030303030304,0.004162269471918553,0.5993703313653459,0.4032647494349622,0.5876130144643505,,,POINT (NaN NaN),GBR
2390,2390,0.004627981488074048,0.08678885227479033,0.007775332535033497,3.075328901821332e-05,5.157721344323587e-15,26.750000000000007,0.3090909090909091,0.004162269471918553,0.5993703313653459,0.4032647494349622,0.5876130144643505,,,POINT (NaN NaN),GBR
2391,2391,0.00177999288002848,0.08678885227479033,0.025265786839464864,0.00010846478020861107,6.544242409433275e-09,86.53523143523162,0.2,0.004162269471918553,0.5993703313653459,0.4032647494349622,0.5876130144643505,,,POINT (NaN NaN),GBR
2392,2392,0.002847988608045568,0.08678885227479033,0.008189638602947937,6.887888224829311e-05,1.977200523112992e-16,26.93333333333334,0.0,0.004162269471918553,0.5993703313653459,0.4032647494349622,0.5876130144643505,,,POINT (NaN NaN),GBR
2393,2393,0.000711997152011392,0.08678885227479033,0.005632888860849621,2.8645124435834077e-06,1.3991369971868406e-16,17.166666666666668,0.0,0.004162269471918553,0.5993703313653459,0.4032647494349622,0.5876130144643505,,,POINT (NaN NaN),GBR
2394,2394,0.003203987184051264,0.08678885227479033,0.005823599347112045,0.0028239714075527673,1.737662355124052e-16,18.166666666666668,0.08333333333333333,0.004162269471918553,0.5993703313653459,0.4032647494349622,0.5876130144643505,,,POINT (NaN NaN),GBR
2395,2395,0.003203987184051264,0.08678885227479033,0.009657896852283559,1.6501625772701113e-05,1.2368925621482917e-15,31.916666666666668,0.0,0.004162269471918553,0.5993703313653459,0.4032647494349622,0.5876130144643505,,,POINT (NaN NaN),GBR
2396,2396,0.004627981488074048,0.08678885227479033,0.008742471942554626,0.00036388876692966705,3.3968244242827147e-16,28.0,0.07692307692307693,0.004162269471918553,0.5993703313653459,0.4032647494349622,0.5876130144643505,,,POINT (NaN NaN),GBR
2397,2397,0.003915984336062656,0.08678885227479033,0.02551165109039948,0.0013989950612212938,8.326511133397583e-09,90.18800921300938,0.18181818181818182,0.004162269471918553,0.5993703313653459,0.4032647494349622,0.5876130144643505,,,POINT (NaN NaN),GBR
2398,2398,0.003915984336062656,0.08678885227479033,0.008586549385859872,0.00016403210277059194,5.493701854791111e-16,28.200000000000003,0.14545454545454545,0.004162269471918553,0.5993703313653459,0.4032647494349622,0.5876130144643505,,,POINT (NaN NaN),GBR
2399,2399,0.003915984336062656,0.08678885227479033,0.008095463681137402,4.878920170493085e-05,3.908518304250974e-16,26.58333333333334,0.03636363636363636,0.004162269471918553,0.5993703313653459,0.4032647494349622,0.5876130144643505,,,POINT (NaN NaN),GBR
2400,2400,0.002847988608045568,0.08678885227479033,0.007713302480123412,9.652395518029757e-07,4.652619550547403e-15,26.03333333333334,0.4642857142857143,0.004162269471918553,0.5993703313653459,0.4032647494349622,0.5876130144643505,,,POINT (NaN NaN),GBR
2401,2401,0.00355998576005696,0.08678885227479033,0.009102236318327453,3.310838436130755e-05,5.420247956978634e-16,29.5,0.08888888888888889,0.004162269471918553,0.5993703313653459,0.4032647494349622,0.5876130144643505,,,POINT (NaN NaN),GBR
2402,2402,0.004627981488074048,0.08678885227479033,0.008260373738166064,0.00012722241256131562,5.090470769477249e-16,27.40000000000001,0.0,0.004162269471918553,0.5993703313653459,0.4032647494349622,0.5876130144643505,,,POINT (NaN NaN),GBR
2403,2403,0.00177999288002848,0.08678885227479033,0.02547251278650216,9.770999053188855e-06,3.613616981255292e-09,87.71181873681891,0.4,0.004162269471918553,0.5993703313653459,0.4032647494349622,0.5876130144643505,,,POINT (NaN NaN),GBR
2404,2404,0.004983980064079744,0.08678885227479033,0.011428571428571429,0.00022137946685621992,2.8649889221469096e-15,39.58333333333333,0.12087912087912088,0.004162269471918553,0.5993703313653459,0.4032647494349622,0.5876130144643505,,,POINT (NaN NaN),GBR
2405,2405,0.00355998576005696,0.08678885227479033,0.009285522424697304,6.33484970213933e-05,1.2300605673355888e-15,30.25,0.08888888888888889,0.004162269471918553,0.5993703313653459,0.4032647494349622,0.5876130144643505,,,POINT (NaN NaN),GBR
2406,2406,0.006763972944108224,0.08678885227479033,0.010210566565141148,0.0003747600445183955,7.76392293039563e-16,34.400000000000006,0.17543859649122806,0.004162269471918553,0.5993703313653459,0.4032647494349622,0.5876130144643505,,,POINT (NaN NaN),GBR
2407,2407,0.003915984336062656,0.08678885227479033,0.007886737683818496,7.45306992351428e-05,4.655509729725039e-16,25.73333333333334,0.0,0.004162269471918553,0.5993703313653459,0.4032647494349622,0.5876130144643505,,,POINT (NaN NaN),GBR
2408,2408,0.002491990032039872,0.08678885227479033,0.025537810178931034,0.0006363957939413682,6.3713412601153105e-09,89.89634254634271,0.047619047619047616,0.004162269471918553,0.5993703313653459,0.4032647494349622,0.5876130144643505,,,POINT (NaN NaN),GBR
2409,2409,0.003203987184051264,0.08678885227479033,0.007198547782385448,9.599440329474722e-05,2.632086197029119e-16,23.15000000000001,0.027777777777777776,0.004162269471918553,0.5993703313653459,0.4032647494349622,0.5876130144643505,,,POINT (NaN NaN),GBR
2410,2410,0.006051975792096832,0.08678885227479033,0.011799702174624884,0.0001651598942687665,2.7495443201363653e-14,43.15,0.21978021978021978,0.004162269471918553,0.5993703313653459,0.4032647494349622,0.5876130144643505,,,POINT (NaN NaN),GBR
2411,2411,0.002491990032039872,0.08678885227479033,0.0060163759344962625,2.824348722609681e-05,2.312662724189775e-16,19.166666666666668,0.0,0.004162269471918553,0.5993703313653459,0.4032647494349622,0.5876130144643505,,,POINT (NaN NaN),GBR
2412,2412,0.003203987184051264,0.08678885227479033,0.007702097946973019,8.029753332725642e-05,4.0394906493435317e-16,24.73333333333334,0.027777777777777776,0.004162269471918553,0.5993703313653459,0.4032647494349622,0.5876130144643505,,,POINT (NaN NaN),GBR
2413,2413,0.00355998576005696,0.08678885227479033,0.009764532370441947,0.00012170652464296497,2.872206312434299e-15,34.18333333333334,0.08888888888888889,0.004162269471918553,0.5993703313653459,0.4032647494349622,0.5876130144643505,,,POINT (NaN NaN),GBR
2414,2414,0.002847988608045568,0.08678885227479033,0.007041730074837943,3.838021167362474e-05,2.8574094611805376e-16,22.583333333333336,0.0,0.004162269471918553,0.5993703313653459,0.4032647494349622,0.5876130144643505,,,POINT (NaN NaN),GBR
2415,2415,0.004627981488074048,0.08678885227479033,0.00962620149519402,0.00012469456953451757,6.458544626973517e-16,31.5,0.05128205128205128,0.004162269471918553,0.5993703313653459,0.4032647494349622,0.5876130144643505,,,POINT (NaN NaN),GBR
2416,2416,0.00177999288002848,0.08678885227479033,0.02516989680342311,0.0016788166938851037,1.0140420013725013e-09,85.72457542457553,0.1,0.004162269471918553,0.5993703313653459,0.4032647494349622,0.5876130144643505,,,POINT (NaN NaN),GBR
2417,2417,0.006051975792096832,0.08678885227479033,0.011854752580989676,0.0002124377814537584,2.9308388866672543e-15,40.23333333333332,0.2426470588235294,0.004162269471918553,0.5993703313653459,0.4032647494349622,0.5876130144643505,,,POINT (NaN NaN),GBR
2418,2418,0.002135991456034176,0.08678885227479033,0.006696226946435497,5.628099397871217e-06,3.1420181194352645e-16,21.23333333333334,0.13333333333333333,0.004162269471918553,0.5993703313653459,0.4032647494349622,0.5876130144643505,,,POINT (NaN NaN),GBR
2419,2419,0.002847988608045568,0.08678885227479033,0.024961913682788765,0.0005841517240240012,1.0140419675254537e-09,84.05437340437351,0.17857142857142858,0.004162269471918553,0.5993703313653459,0.4032647494349622,0.5876130144643505,,,POINT (NaN NaN),GBR
2420,2420,0.004271982912068352,0.08678885227479033,0.011064562884605604,5.193849695176583e-05,1.1076901973497198e-14,38.34999999999998,0.21212121212121213,0.004162269471918553,0.5993703313653459,0.4032647494349622,0.5876130144643505,,,POINT (NaN NaN),GBR
2421,2421,0.004271982912068352,0.08678885227479033,0.009910174852054214,6.106263829464132e-05,1.5347016577783998e-15,33.14999999999999,0.15151515151515152,0.004162269471918553,0.5993703313653459,0.4032647494349622,0.5876130144643505,,,POINT (NaN NaN),GBR
2422,2422,0.005695977216091136,0.08678885227479033,0.011103965018102192,0.00010109924850184714,2.6044275544980327e-14,39.066666666666656,0.32051282051282054,0.004162269471918553,0.5993703313653459,0.4032647494349622,0.5876130144643505,,,POINT (NaN NaN),GBR
2423,2423,0.003203987184051264,0.08678885227479033,0.02511926311346696,0.001116545292416541,1.879299887744255e-09,86.68215118215134,0.08333333333333333,0.004162269471918553,0.5993703313653459,0.4032647494349622,0.5876130144643505,,,POINT (NaN NaN),GBR
2424,2424,0.003203987184051264,0.08678885227479033,0.01052043879256177,4.6461374464747325e-05,1.853935887943721e-15,34.999999999999986,0.08333333333333333,0.004162269471918553,0.5993703313653459,0.4032647494349622,0.5876130144643505,,,POINT (NaN NaN),GBR
2425,2425,0.006763972944108224,0.08678885227479033,0.009926007434017402,0.000222401100321385,1.5769108317420905e-15,33.83333333333333,0.13450292397660818,0.004162269471918553,0.5993703313653459,0.4032647494349622,0.5876130144643505,,,POINT (NaN NaN),GBR
2426,2426,0.002491990032039872,0.08678885227479033,0.007219900944957624,0.00010059045247794592,4.0445455192403354e-16,23.566666666666677,0.0,0.004162269471918553,0.5993703313653459,0.4032647494349622,0.5876130144643505,,,POINT (NaN NaN),GBR
2427,2427,0.002491990032039872,0.08678885227479033,0.025252977822055756,0.0001131717753841914,1.1593801565661759e-09,87.04643689643703,0.4,0.004162269471918553,0.5993703313653459,0.4032647494349622,0.5876130144643505,,,POINT (NaN NaN),GBR
2428,2428,0.003203987184051264,0.08678885227479033,0.02501205059201857,0.0004392698803287815,1.6299000551763537e-09,84.71191308691324,0.1111111111111111,0.004162269471918553,0.5993703313653459,0.4032647494349622,0.5876130144643505,,,POINT (NaN NaN),GBR
2429,2429,0.003203987184051264,0.08678885227479033,0.011043530293963932,1.1065960672753663e-05,2.373650479131201e-15,37.083333333333314,0.1111111111111111,0.004162269471918553,0.5993703313653459,0.4032647494349622,0.5876130144643505,,,POINT (NaN NaN),GBR
2430,2430,0.004271982912068352,0.08678885227479033,0.0088044525870677,0.00023771951757854765,7.410083534397663e-16,28.96666666666667,0.12121212121212122,0.004162269471918553,0.5993703313653459,0.4032647494349622,0.5876130144643505,,,POINT (NaN NaN),GBR
2431,2431,0.003915984336062656,0.08678885227479033,0.02511926311346696,0.001873535997756611,1.879299887744255e-09,86.68215118215134,0.14545454545454545,0.004162269471918553,0.5993703313653459,0.4032647494349622,0.5876130144643505,,,POINT (NaN NaN),GBR
2432,2432,0.005695977216091136,0.08678885227479033,0.012963177906588155,0.00012108279256144581,1.2705496461325354e-14,44.06666666666664,0.24166666666666667,0.004162269471918553,0.5993703313653459,0.4032647494349622,0.5876130144643505,,,POINT (NaN NaN),GBR
2433,2433,0.007831968672125312,0.08678885227479033,0.012122548524731274,0.0006610958884901879,3.845806510131895e-15,41.366666666666646,0.22510822510822512,0.004162269471918553,0.5993703313653459,0.4032647494349622,0.5876130144643505,,,POINT (NaN NaN),GBR
2434,2434,0.00711997152011392,0.08678885227479033,0.020378047520067985,0.00010983496054502185,6.705672815051371e-12,73.95725108225108,0.38095238095238093,0.004162269471918553,0.5993703313653459,0.4032647494349622,0.5876130144643505,,,POINT (NaN NaN),GBR
2435,2435,0.002847988608045568,0.08678885227479033,0.0056418035197424434,0.00011156205220385247,2.3957376636698263e-16,18.583333333333336,0.10714285714285714,0.004162269471918553,0.5993703313653459,0.4032647494349622,0.5876130144643505,,,POINT (NaN NaN),GBR
2436,2436,0.003203987184051264,0.08678885227479033,0.008939238264399256,3.019806477599777e-05,1.7312443442522138e-15,30.866666666666667,0.1111111111111111,0.004162269471918553,0.5993703313653459,0.4032647494349622,0.5876130144643505,,,POINT (NaN NaN),GBR
2437,2437,0.004983980064079744,0.08678885227479033,0.00999754167172443,5.590864635330771e-05,2.253510268948828e-15,33.966666666666654,0.01098901098901099,0.004162269471918553,0.5993703313653459,0.4032647494349622,0.5876130144643505,,,POINT (NaN NaN),GBR
2438,2438,0.006051975792096832,0.08678885227479033,0.010495784606456948,0.00020621445535627287,2.507065242162792e-15,36.39999999999999,0.051470588235294115,0.004162269471918553,0.5993703313653459,0.4032647494349622,0.5876130144643505,,,POINT (NaN NaN),GBR
2439,2439,0.002847988608045568,0.08678885227479033,0.008518627847196796,2.774029926170163e-05,1.0188933087942512e-15,28.53333333333333,0.0,0.004162269471918553,0.5993703313653459,0.4032647494349622,0.5876130144643505,,,POINT (NaN NaN),GBR
2440,2440,0.006051975792096832,0.08678885227479033,0.010002691696550287,0.00032713427922844606,3.289279129800725e-15,34.39999999999999,0.08823529411764706,0.004162269471918553,0.5993703313653459,0.4032647494349622,0.5876130144643505,,,POINT (NaN NaN),GBR
2441,2441,0.00177999288002848,0.08678885227479033,0.004562180803409488,7.691412711344778e-06,1.4822089431102228e-16,14.016666666666671,0.2,0.004162269471918553,0.5993703313653459,0.4032647494349622,0.5876130144643505,,,POINT (NaN NaN),GBR
2442,2442,0.006051975792096832,0.08678885227479033,0.017735439753428152,4.076561333188659e-05,3.7234471245032923e-13,63.59202464202474,0.45714285714285713,0.004162269471918553,0.5993703313653459,0.4032647494349622,0.5876130144643505,,,POINT (NaN NaN),GBR
2443,2443,0.001423994304022784,0.08678885227479033,0.022222395161278156,3.0521572903503834e-05,1.5457324446413226e-10,73.07439227439248,0.5,0.004162269471918553,0.5993703313653459,0.4032647494349622,0.5876130144643505,,,POINT (NaN NaN),GBR
2444,2444,0.00533997864008544,0.08678885227479033,0.01050946398624044,0.00023407168915267742,3.464105533407066e-15,36.14999999999999,0.06666666666666667,0.004162269471918553,0.5993703313653459,0.4032647494349622,0.5876130144643505,,,POINT (NaN NaN),GBR
2445,2445,0.008187967248131008,0.08678885227479033,0.02039371089248925,0.00047764062170214966,6.710342433064424e-12,74.45725108225106,0.3660130718954248,0.004162269471918553,0.5993703313653459,0.4032647494349622,0.5876130144643505,,,POINT (NaN NaN),GBR
2446,2446,0.005695977216091136,0.08678885227479033,0.0096808976925942,0.0001610176511563202,2.9977743148353803e-15,33.36666666666666,0.075,0.004162269471918553,0.5993703313653459,0.4032647494349622,0.5876130144643505,,,POINT (NaN NaN),GBR
2447,2447,0.00355998576005696,0.08678885227479033,0.023034219076996522,0.003804787733699227,4.159021621791854e-11,77.54419191919204,0.26666666666666666,0.004162269471918553,0.5993703313653459,0.4032647494349622,0.5876130144643505,,,POINT (NaN NaN),GBR
2448,2448,0.002135991456034176,0.08678885227479033,0.02226212234815865,0.00011630749923778049,1.0858339975038363e-10,73.36407481407498,0.26666666666666666,0.004162269471918553,0.5993703313653459,0.4032647494349622,0.5876130144643505,,,POINT (NaN NaN),GBR
2449,2449,0.005695977216091136,0.08678885227479033,0.020440845817510413,0.00017373074254092182,4.9532953345916726e-12,75.54574314574315,0.275,0.004162269471918553,0.5993703313653459,0.4032647494349622,0.5876130144643505,,,POINT (NaN NaN),GBR
2450,2450,0.001423994304022784,0.08678885227479033,0.01686727137388971,8.181615802225105e-08,8.568691103933104e-13,55.68560328560335,0.6666666666666666,0.004162269471918553,0.5993703313653459,0.4032647494349622,0.5876130144643505,,,POINT (NaN NaN),GBR
2451,2451,0.00355998576005696,0.08678885227479033,0.023799091616820346,0.0005612777340101664,4.475651318590177e-10,86.18427128427139,0.5333333333333333,0.004162269471918553,0.5993703313653459,0.4032647494349622,0.5876130144643505,,,POINT (NaN NaN),GBR
2452,2452,0.00177999288002848,0.08678885227479033,0.02229700033751342,4.757522980850652e-05,2.2156661007000252e-10,74.5450271950274,0.3,0.004162269471918553,0.5993703313653459,0.4032647494349622,0.5876130144643505,,,POINT (NaN NaN),GBR
2453,2453,0.006051975792096832,0.08678885227479033,0.011619918432606971,0.0003558325428143589,3.9560453071184395e-15,40.299999999999976,0.058823529411764705,0.004162269471918553,0.5993703313653459,0.4032647494349622,0.5876130144643505,,,POINT (NaN NaN),GBR
2454,2454,0.001423994304022784,0.08678885227479033,0.022084459655954326,3.9647400206406706e-05,4.159003414451338e-11,71.08351925851944,0.3333333333333333,0.004162269471918553,0.5993703313653459,0.4032647494349622,0.5876130144643505,,,POINT (NaN NaN),GBR
2455,2455,0.003203987184051264,0.08678885227479033,0.007644894910616437,4.625270672088127e-05,5.193406959596591e-16,24.716666666666672,0.08333333333333333,0.004162269471918553,0.5993703313653459,0.4032647494349622,0.5876130144643505,,,POINT (NaN NaN),GBR
2456,2456,0.001067995728017088,0.08678885227479033,0.02211878275044626,6.479293492141792e-06,6.69933656058952e-11,71.33074148074168,0.3333333333333333,0.004162269471918553,0.5993703313653459,0.4032647494349622,0.5876130144643505,,,POINT (NaN NaN),GBR
2457,2457,0.010323958704165184,0.08678885227479033,0.021783430107658878,0.00023456284838044037,1.4714776281551434e-11,82.01479076479075,0.3715415019762846,0.004162269471918553,0.5993703313653459,0.4032647494349622,0.5876130144643505,,,POINT (NaN NaN),GBR
2458,2458,0.003203987184051264,0.08678885227479033,0.019129212596343557,2.4337506932092296e-05,2.4685965463430335e-12,68.12590187590196,0.4722222222222222,0.004162269471918553,0.5993703313653459,0.4032647494349622,0.5876130144643505,,,POINT (NaN NaN),GBR
2459,2459,0.002491990032039872,0.08678885227479033,0.007848309590368197,2.9890033769729855e-05,1.785660593703655e-15,25.833333333333332,0.19047619047619047,0.004162269471918553,0.5993703313653459,0.4032647494349622,0.5876130144643505,,,POINT (NaN NaN),GBR
2460,2460,0.00177999288002848,0.08678885227479033,0.02226212234815865,4.070306432705389e-05,1.0858339975038363e-10,73.36407481407498,0.3,0.004162269471918553,0.5993703313653459,0.4032647494349622,0.5876130144643505,,,POINT (NaN NaN),GBR
2461,2461,0.011391954432182272,0.08678885227479033,0.019537715663570335,9.338925502394883e-05,9.830394931183352e-12,71.14098124098123,0.4074074074074074,0.004162269471918553,0.5993703313653459,0.4032647494349622,0.5876130144643505,,,POINT (NaN NaN),GBR
2462,2462,0.00355998576005696,0.08678885227479033,0.008725752331033228,4.260151012813294e-05,2.117918566562035e-15,29.31666666666666,0.0,0.004162269471918553,0.5993703313653459,0.4032647494349622,0.5876130144643505,,,POINT (NaN NaN),GBR
2463,2463,0.00711997152011392,0.08678885227479033,0.021141209459066546,0.00026450047934395654,1.259389051017676e-11,76.10050505050515,0.46153846153846156,0.004162269471918553,0.5993703313653459,0.4032647494349622,0.5876130144643505,,,POINT (NaN NaN),GBR
2464,2464,0.011391954432182272,0.08678885227479033,0.021712125917453775,0.00019701098275858362,2.02850067167325e-11,80.2699494949496,0.4150197628458498,0.004162269471918553,0.5993703313653459,0.4032647494349622,0.5876130144643505,,,POINT (NaN NaN),GBR
2465,2465,0.001067995728017088,0.08678885227479033,0.022267098236032623,1.2551600788078294e-05,1.0858339975038363e-10,73.3751859251861,0.0,0.004162269471918553,0.5993703313653459,0.4032647494349622,0.5876130144643505,,,POINT (NaN NaN),GBR
2466,2466,0.002135991456034176,0.08678885227479033,0.00791120706484916,2.670845316860923e-05,1.295957929836509e-15,25.499999999999996,0.2,0.004162269471918553,0.5993703313653459,0.4032647494349622,0.5876130144643505,,,POINT (NaN NaN),GBR
2467,2467,0.005695977216091136,0.08678885227479033,0.008951951493781328,0.00018165855551798227,2.5023497667532104e-15,31.333333333333332,0.1,0.004162269471918553,0.5993703313653459,0.4032647494349622,0.5876130144643505,,,POINT (NaN NaN),GBR
2468,2468,0.004271982912068352,0.08678885227479033,0.021151379513377914,0.0001886282287253177,1.1591987079464794e-11,75.02762237762259,0.5454545454545454,0.004162269471918553,0.5993703313653459,0.4032647494349622,0.5876130144643505,,,POINT (NaN NaN),GBR
2469,2469,0.00355998576005696,0.08678885227479033,0.009595648948940593,0.0002857769976416063,4.222764520618407e-15,32.33333333333332,0.044444444444444446,0.004162269471918553,0.5993703313653459,0.4032647494349622,0.5876130144643505,,,POINT (NaN NaN),GBR
2470,2470,0.009611961552153792,0.08678885227479033,0.021447362219162533,0.003260451443280144,3.0188997028700353e-11,78.52365412365438,0.5507692307692308,0.004162269471918553,0.5993703313653459,0.4032647494349622,0.5876130144643505,,,POINT (NaN NaN),GBR
2471,2471,0.009255962976148096,0.08678885227479033,0.02342417058735245,0.0028541606980263153,1.884727914241077e-10,82.35569985570004,0.5285714285714286,0.004162269471918553,0.5993703313653459,0.4032647494349622,0.5876130144643505,,,POINT (NaN NaN),GBR
2472,2472,0.003203987184051264,0.08678885227479033,0.022447723638578183,0.0009640984375591276,1.6068461572918446e-10,77.09780497280518,0.25,0.004162269471918553,0.5993703313653459,0.4032647494349622,0.5876130144643505,,,POINT (NaN NaN),GBR
2473,2473,0.007831968672125312,0.08678885227479033,0.019170677652549505,4.9333523575935345e-06,8.114138768016525e-12,67.64098124098129,0.6323529411764706,0.004162269471918553,0.5993703313653459,0.4032647494349622,0.5876130144643505,,,POINT (NaN NaN),GBR
2474,2474,0.00533997864008544,0.08678885227479033,0.013195506041505246,0.00011166194729791421,1.0889757932376837e-14,45.04999999999997,0.1523809523809524,0.004162269471918553,0.5993703313653459,0.4032647494349622,0.5876130144643505,,,POINT (NaN NaN),GBR
2475,2475,0.001423994304022784,0.08678885227479033,0.0056084365826471125,8.72250665370712e-06,4.4001960170223786e-16,17.800000000000004,0.0,0.004162269471918553,0.5993703313653459,0.4032647494349622,0.5876130144643505,,,POINT (NaN NaN),GBR
2476,2476,0.003203987184051264,0.08678885227479033,0.02228634868764255,0.001307099196846063,4.159006190705727e-11,72.11568709068726,0.3611111111111111,0.004162269471918553,0.5993703313653459,0.4032647494349622,0.5876130144643505,,,POINT (NaN NaN),GBR
2477,2477,0.002491990032039872,0.08678885227479033,0.008527067157554155,1.5147589838610752e-05,1.6685598663377283e-15,28.499999999999996,0.0,0.004162269471918553,0.5993703313653459,0.4032647494349622,0.5876130144643505,,,POINT (NaN NaN),GBR
2478,2478,0.0088999644001424,0.08678885227479033,0.02297161720444027,0.0001342327063823971,2.6462153276848585e-11,82.13809523809526,0.49473684210526314,0.004162269471918553,0.5993703313653459,0.4032647494349622,0.5876130144643505,,,POINT (NaN NaN),GBR
2479,2479,0.009611961552153792,0.08678885227479033,0.01975593288989465,7.262108995298521e-05,9.801221302359132e-12,72.293759018759,0.5627705627705628,0.004162269471918553,0.5993703313653459,0.4032647494349622,0.5876130144643505,,,POINT (NaN NaN),GBR
2480,2480,0.002847988608045568,0.08678885227479033,0.0233003051274703,0.0002635307551839104,4.778798743903427e-11,79.35808080808093,0.17857142857142858,0.004162269471918553,0.5993703313653459,0.4032647494349622,0.5876130144643505,,,POINT (NaN NaN),GBR
2481,2481,0.003203987184051264,0.08678885227479033,0.023200511762461566,0.0022518683996797504,5.3985460598273463e-11,79.10252525252537,0.3611111111111111,0.004162269471918553,0.5993703313653459,0.4032647494349622,0.5876130144643505,,,POINT (NaN NaN),GBR
2482,2482,0.006407974368102528,0.08678885227479033,0.021124469361325268,8.084585839439909e-05,1.7227877003171783e-11,74.80540015540036,0.5441176470588235,0.004162269471918553,0.5993703313653459,0.4032647494349622,0.5876130144643505,,,POINT (NaN NaN),GBR
2483,2483,0.002135991456034176,0.08678885227479033,0.010670241919422186,6.024561118176062e-06,4.913808841653678e-15,34.77619047619045,0.06666666666666667,0.004162269471918553,0.5993703313653459,0.4032647494349622,0.5876130144643505,,,POINT (NaN NaN),GBR
2484,2484,0.00355998576005696,0.08678885227479033,0.02102638191388982,0.0001721390641853388,1.7295200747203746e-11,72.00619380619406,0.5238095238095238,0.004162269471918553,0.5993703313653459,0.4032647494349622,0.5876130144643505,,,POINT (NaN NaN),GBR
2485,2485,0.008543965824136704,0.08678885227479033,0.020647640366636976,0.00014556140988193793,2.6787248124594202e-11,74.07113997114003,0.4852941176470588,0.004162269471918553,0.5993703313653459,0.4032647494349622,0.5876130144643505,,,POINT (NaN NaN),GBR
2486,2486,0.010323958704165184,0.08678885227479033,0.020567610752812802,0.0004120657193646088,1.1077240971313216e-11,78.11994949494947,0.28078817733990147,0.004162269471918553,0.5993703313653459,0.4032647494349622,0.5876130144643505,,,POINT (NaN NaN),GBR
2487,2487,0.00355998576005696,0.08678885227479033,0.011066189280890435,4.2399776893783163e-05,7.783989339451892e-15,37.04999999999997,0.06666666666666667,0.004162269471918553,0.5993703313653459,0.4032647494349622,0.5876130144643505,,,POINT (NaN NaN),GBR
2488,2488,0.003203987184051264,0.08678885227479033,0.019019511018730118,4.089812781293873e-07,5.581275423071439e-12,66.09852092352098,0.7857142857142857,0.004162269471918553,0.5993703313653459,0.4032647494349622,0.5876130144643505,,,POINT (NaN NaN),GBR
2489,2489,0.004271982912068352,0.08678885227479033,0.011923699140646473,8.002135637885661e-05,1.0196823654285593e-14,40.83333333333331,0.045454545454545456,0.004162269471918553,0.5993703313653459,0.4032647494349622,0.5876130144643505,,,POINT (NaN NaN),GBR
2490,2490,0.008543965824136704,0.08678885227479033,0.02235233182066429,9.683839990668814e-05,3.192179457017548e-11,79.79285714285716,0.5686274509803921,0.004162269471918553,0.5993703313653459,0.4032647494349622,0.5876130144643505,,,POINT (NaN NaN),GBR
2491,2491,0.01067995728017088,0.08678885227479033,0.01977065415136253,9.41444194589845e-05,1.1072919228184178e-11,72.793759018759,0.48,0.004162269471918553,0.5993703313653459,0.4032647494349622,0.5876130144643505,,,POINT (NaN NaN),GBR
2492,2492,0.009255962976148096,0.08678885227479033,0.02216559554814412,0.0001948525176511355,5.286119042643983e-11,80.34880952380959,0.4789473684210526,0.004162269471918553,0.5993703313653459,0.4032647494349622,0.5876130144643505,,,POINT (NaN NaN),GBR
2493,2493,0.005695977216091136,0.08678885227479033,0.021111039946600966,3.059421016496028e-05,1.0404123965969294e-11,73.30540015540036,0.6363636363636364,0.004162269471918553,0.5993703313653459,0.4032647494349622,0.5876130144643505,,,POINT (NaN NaN),GBR
2494,2494,0.002135991456034176,0.08678885227479033,0.020652497336916924,7.16307676079837e-07,1.715283779400884e-12,66.52578255078288,0.4666666666666667,0.004162269471918553,0.5993703313653459,0.4032647494349622,0.5876130144643505,,,POINT (NaN NaN),GBR
2495,2495,0.00533997864008544,0.08678885227479033,0.019209987949866943,0.00020844412561575457,3.035552824936048e-12,66.99794094794115,0.5714285714285714,0.004162269471918553,0.5993703313653459,0.4032647494349622,0.5876130144643505,,,POINT (NaN NaN),GBR
2496,2496,0.002491990032039872,0.08678885227479033,0.009189267379183526,9.78040446222457e-06,6.971201459282923e-15,30.883333333333315,0.14285714285714285,0.004162269471918553,0.5993703313653459,0.4032647494349622,0.5876130144643505,,,POINT (NaN NaN),GBR
2497,2497,0.007475970096119616,0.08678885227479033,0.012005806613365025,0.00037347930505179965,1.1574738355347777e-14,42.899999999999984,0.09523809523809523,0.004162269471918553,0.5993703313653459,0.4032647494349622,0.5876130144643505,,,POINT (NaN NaN),GBR
2498,2498,0.002491990032039872,0.08678885227479033,0.02216710467708748,3.6454147968692495e-06,3.4308358908937084e-12,75.327297702298,0.5714285714285714,0.004162269471918553,0.5993703313653459,0.4032647494349622,0.5876130144643505,,,POINT (NaN NaN),GBR
2499,2499,0.004627981488074048,0.08678885227479033,0.01924018699864287,2.563262891013109e-05,4.222227447389956e-12,70.19988899988905,0.1282051282051282,0.004162269471918553,0.5993703313653459,0.4032647494349622,0.5876130144643505,,,POINT (NaN NaN),GBR
2500,2500,0.003203987184051264,0.08678885227479033,0.011271755650984776,1.4184889771001607e-05,1.0774863256704707e-14,38.5833333333333,0.0,0.004162269471918553,0.5993703313653459,0.4032647494349622,0.5876130144643505,,,POINT (NaN NaN),GBR
2501,2501,0.003203987184051264,0.08678885227479033,0.02336550413076181,0.0008922815998129149,1.7180954836629464e-12,84.10911588411615,0.1111111111111111,0.004162269471918553,0.5993703313653459,0.4032647494349622,0.5876130144643505,,,POINT (NaN NaN),GBR
2502,2502,0.001423994304022784,0.08678885227479033,0.008078208974027374,1.2855538644574045e-06,2.0448835172200084e-15,26.633333333333326,0.3333333333333333,0.004162269471918553,0.5993703313653459,0.4032647494349622,0.5876130144643505,,,POINT (NaN NaN),GBR
2503,2503,0.002847988608045568,0.08678885227479033,0.022389661911046254,3.6454147968692495e-06,3.644259669750171e-12,77.827297702298,0.5714285714285714,0.004162269471918553,0.5993703313653459,0.4032647494349622,0.5876130144643505,,,POINT (NaN NaN),GBR
2504,2504,0.004271982912068352,0.08678885227479033,0.02096443550252735,0.0022607650572268254,2.2820370405736435e-11,72.89547952047985,0.17777777777777778,0.004162269471918553,0.5993703313653459,0.4032647494349622,0.5876130144643505,,,POINT (NaN NaN),GBR
2505,2505,0.000711997152011392,0.08678885227479033,0.0,0.0,2.4946305565830578e-23,0.0,0.0,0.004162269471918553,0.5993703313653459,0.4032647494349622,0.5876130144643505,,,POINT (NaN NaN),GBR
2506,2506,0.011035955856176576,0.08678885227479033,0.023584193663225346,0.00022583152172869954,6.6398892582201e-11,84.50595238095241,0.4927536231884058,0.004162269471918553,0.5993703313653459,0.4032647494349622,0.5876130144643505,,,POINT (NaN NaN),GBR
2507,2507,0.015663937344250624,0.08678885227479033,0.020222727035921123,0.0004459513481941892,1.1668620093895884e-11,75.73185425685422,0.28733997155049784,0.004162269471918553,0.5993703313653459,0.4032647494349622,0.5876130144643505,,,POINT (NaN NaN),GBR
2508,2508,0.00355998576005696,0.08678885227479033,0.018298081290433456,1.783321791584967e-06,8.437362543683138e-12,65.06655566655573,0.6222222222222222,0.004162269471918553,0.5993703313653459,0.4032647494349622,0.5876130144643505,,,POINT (NaN NaN),GBR
2509,2509,0.012103951584193664,0.08678885227479033,0.02116486031612704,0.0035794507654008235,1.8342530106535908e-11,76.10540015540037,0.47384615384615386,0.004162269471918553,0.5993703313653459,0.4032647494349622,0.5876130144643505,,,POINT (NaN NaN),GBR
2510,2510,0.008187967248131008,0.08678885227479033,0.02231473328101641,0.0006879623433138474,4.181821295054574e-11,78.90476190476187,0.3722943722943723,0.004162269471918553,0.5993703313653459,0.4032647494349622,0.5876130144643505,,,POINT (NaN NaN),GBR
2511,2511,0.004627981488074048,0.08678885227479033,0.02131885245196019,0.002651035862045708,1.5733547360233818e-11,76.04111444111474,0.4444444444444444,0.004162269471918553,0.5993703313653459,0.4032647494349622,0.5876130144643505,,,POINT (NaN NaN),GBR
2512,2512,0.003915984336062656,0.08678885227479033,0.022767660873687243,8.808732548672575e-05,7.482950811328076e-12,81.93638861138892,0.23636363636363636,0.004162269471918553,0.5993703313653459,0.4032647494349622,0.5876130144643505,,,POINT (NaN NaN),GBR
2513,2513,0.00711997152011392,0.08678885227479033,0.019904139438205935,0.0004577912076026678,3.82259267073047e-12,74.53401598401604,0.12105263157894737,0.004162269471918553,0.5993703313653459,0.4032647494349622,0.5876130144643505,,,POINT (NaN NaN),GBR
2514,2514,0.007831968672125312,0.08678885227479033,0.021712125917453775,0.00011914601039755019,2.706645236307337e-11,74.9142857142857,0.35294117647058826,0.004162269471918553,0.5993703313653459,0.4032647494349622,0.5876130144643505,,,POINT (NaN NaN),GBR
2515,2515,0.0088999644001424,0.08678885227479033,0.020284570237865836,4.4552080990475566e-05,7.013406868594654e-11,70.85119047619047,0.46842105263157896,0.004162269471918553,0.5993703313653459,0.4032647494349622,0.5876130144643505,,,POINT (NaN NaN),GBR
2516,2516,0.009967960128159488,0.08678885227479033,0.02475020323799302,0.0005449692254601077,5.296581529843989e-11,88.49166666666666,0.36,0.004162269471918553,0.5993703313653459,0.4032647494349622,0.5876130144643505,,,POINT (NaN NaN),GBR
2517,2517,0.0088999644001424,0.08678885227479033,0.02235233182066429,2.9835129203413733e-05,6.40627350691505e-11,79.86666666666667,0.4505928853754941,0.004162269471918553,0.5993703313653459,0.4032647494349622,0.5876130144643505,,,POINT (NaN NaN),GBR
2518,2518,0.004983980064079744,0.08678885227479033,0.013206926570075017,9.016875188849815e-05,1.7153672007198157e-14,44.9833333333333,0.06593406593406594,0.004162269471918553,0.5993703313653459,0.4032647494349622,0.5876130144643505,,,POINT (NaN NaN),GBR
2519,2519,0.002491990032039872,0.08678885227479033,0.007931068918122614,1.9914615572503716e-06,3.492570515372957e-15,25.888095238095218,0.0,0.004162269471918553,0.5993703313653459,0.4032647494349622,0.5876130144643505,,,POINT (NaN NaN),GBR
2520,2520,0.00355998576005696,0.08678885227479033,0.02272115829837334,8.118566452815241e-05,7.996280242011577e-12,80.56972194472229,0.26666666666666666,0.004162269471918553,0.5993703313653459,0.4032647494349622,0.5876130144643505,,,POINT (NaN NaN),GBR
2521,2521,0.00711997152011392,0.08678885227479033,0.022715939958157974,3.710148218611284e-05,3.4992945671921856e-11,79.01190476190484,0.40350877192982454,0.004162269471918553,0.5993703313653459,0.4032647494349622,0.5876130144643505,,,POINT (NaN NaN),GBR
2522,2522,0.004627981488074048,0.08678885227479033,0.010795066027444669,0.00025827511553745696,1.511587012247065e-14,38.083333333333314,0.08974358974358974,0.004162269471918553,0.5993703313653459,0.4032647494349622,0.5876130144643505,,,POINT (NaN NaN),GBR
2523,2523,0.013527945888216448,0.08678885227479033,0.02449881613215929,0.0008522266386703256,4.496528428621217e-11,87.81547619047619,0.2222222222222222,0.004162269471918553,0.5993703313653459,0.4032647494349622,0.5876130144643505,,,POINT (NaN NaN),GBR
2524,2524,0.003203987184051264,0.08678885227479033,0.021277872171723618,0.0025133676143556283,1.0474200230375736e-11,74.49111444111473,0.5,0.004162269471918553,0.5993703313653459,0.4032647494349622,0.5876130144643505,,,POINT (NaN NaN),GBR
2525,2525,0.003915984336062656,0.08678885227479033,0.010136859248064031,3.136163338460988e-05,1.055967243348496e-14,34.74999999999997,0.12727272727272726,0.004162269471918553,0.5993703313653459,0.4032647494349622,0.5876130144643505,,,POINT (NaN NaN),GBR
2526,2526,0.003203987184051264,0.08678885227479033,0.02271974423922874,0.00022202525896537612,4.052430205639415e-12,79.19396436896467,0.19444444444444445,0.004162269471918553,0.5993703313653459,0.4032647494349622,0.5876130144643505,,,POINT (NaN NaN),GBR
2527,2527,0.01423994304022784,0.08678885227479033,0.020974085273619377,0.0003526871962158148,8.424021473518309e-11,75.44642857142856,0.4012096774193548,0.004162269471918553,0.5993703313653459,0.4032647494349622,0.5876130144643505,,,POINT (NaN NaN),GBR
2528,2528,0.01423994304022784,0.08678885227479033,0.02273540520233806,0.00011231731126829512,7.711256841306099e-11,81.76309523809525,0.4459770114942529,0.004162269471918553,0.5993703313653459,0.4032647494349622,0.5876130144643505,,,POINT (NaN NaN),GBR
2529,2529,0.005695977216091136,0.08678885227479033,0.020686493105420766,5.677642141074115e-05,3.3816020936808063e-12,76.79875957375963,0.025,0.004162269471918553,0.5993703313653459,0.4032647494349622,0.5876130144643505,,,POINT (NaN NaN),GBR
2530,2530,0.011391954432182272,0.08678885227479033,0.02285290083645867,0.0003289735880172452,7.346211251173118e-11,81.5797619047619,0.41330645161290325,0.004162269471918553,0.5993703313653459,0.4032647494349622,0.5876130144643505,,,POINT (NaN NaN),GBR
2531,2531,0.006763972944108224,0.08678885227479033,0.019580972598618827,0.0002775297923438807,3.490547325238147e-10,69.92500000000004,0.3006535947712418,0.004162269471918553,0.5993703313653459,0.4032647494349622,0.5876130144643505,,,POINT (NaN NaN),GBR
2532,2532,0.000355998576005696,0.08678885227479033,0.0,0.0,2.4946305565830578e-23,0.0,0.0,0.004162269471918553,0.5993703313653459,0.4032647494349622,0.5876130144643505,,,POINT (NaN NaN),GBR
2533,2533,0.002847988608045568,0.08678885227479033,0.02130353469536348,0.00020577944499552156,7.549663547343841e-14,75.18636086136112,0.07142857142857142,0.004162269471918553,0.5993703313653459,0.4032647494349622,0.5876130144643505,,,POINT (NaN NaN),GBR
2534,2534,0.0088999644001424,0.08678885227479033,0.023710650465709127,0.0002862107534706078,1.8083735883933592e-11,83.8507936507937,0.12333333333333334,0.004162269471918553,0.5993703313653459,0.4032647494349622,0.5876130144643505,,,POINT (NaN NaN),GBR
2535,2535,0.019223923104307584,0.08678885227479033,0.023192498139098353,0.0003989998374954914,7.199875731872964e-11,83.09642857142858,0.3192389006342495,0.004162269471918553,0.5993703313653459,0.4032647494349622,0.5876130144643505,,,POINT (NaN NaN),GBR
2536,2536,0.002847988608045568,0.08678885227479033,0.02268382970510029,0.0005693761593848456,7.856467539855711e-14,80.4720751470753,0.10714285714285714,0.004162269471918553,0.5993703313653459,0.4032647494349622,0.5876130144643505,,,POINT (NaN NaN),GBR
2537,2537,0.003203987184051264,0.08678885227479033,0.0,0.0,2.4946305565830578e-23,0.0,0.4444444444444444,0.004162269471918553,0.5993703313653459,0.4032647494349622,0.5876130144643505,,,POINT (NaN NaN),GBR
2538,2538,0.00355998576005696,0.08678885227479033,0.019608913493913156,1.2946014650653454e-05,3.4787803746252574e-12,70.40187312687317,0.1111111111111111,0.004162269471918553,0.5993703313653459,0.4032647494349622,0.5876130144643505,,,POINT (NaN NaN),GBR
2539,2539,0.011035955856176576,0.08678885227479033,0.021712125917453775,0.000597998069976613,6.255913421980944e-11,76.06428571428575,0.4129032258064516,0.004162269471918553,0.5993703313653459,0.4032647494349622,0.5876130144643505,,,POINT (NaN NaN),GBR
2540,2540,0.001067995728017088,0.08678885227479033,0.020633559454712454,2.4642542739137014e-07,6.426277293440067e-13,70.0885253635256,0.0,0.004162269471918553,0.5993703313653459,0.4032647494349622,0.5876130144643505,,,POINT (NaN NaN),GBR
2541,2541,0.006763972944108224,0.08678885227479033,0.02122577429690281,1.6697982398211804e-05,4.1891961205907955e-11,72.51190476190487,0.3333333333333333,0.004162269471918553,0.5993703313653459,0.4032647494349622,0.5876130144643505,,,POINT (NaN NaN),GBR
2542,2542,0.00355998576005696,0.08678885227479033,0.024419841178237863,3.122655077523672e-05,5.551670950694986e-12,89.17881285381313,0.25,0.004162269471918553,0.5993703313653459,0.4032647494349622,0.5876130144643505,,,POINT (NaN NaN),GBR
2543,2543,0.004983980064079744,0.08678885227479033,0.014263295021786445,3.136965988289407e-05,3.570842068662612e-14,49.44999999999996,0.04395604395604396,0.004162269471918553,0.5993703313653459,0.4032647494349622,0.5876130144643505,,,POINT (NaN NaN),GBR
2544,2544,0.006407974368102528,0.08678885227479033,0.012421450314198742,3.5102428181394623e-06,7.670862233512245e-13,39.81147186147188,0.3904761904761905,0.004162269471918553,0.5993703313653459,0.4032647494349622,0.5876130144643505,,,POINT (NaN NaN),GBR
2545,2545,0.000711997152011392,0.08678885227479033,0.0,0.0,1.0218006759764205e-19,0.0,0.0,0.004162269471918553,0.5993703313653459,0.4032647494349622,0.5876130144643505,,,POINT (NaN NaN),GBR
2546,2546,0.009255962976148096,0.08678885227479033,0.021694372748265342,3.9302958288377244e-05,6.405905876570193e-11,75.4809523809524,0.5261538461538462,0.004162269471918553,0.5993703313653459,0.4032647494349622,0.5876130144643505,,,POINT (NaN NaN),GBR
2547,2547,0.011747953008187968,0.08678885227479033,0.022073392571654336,7.669046398789446e-05,7.735817124855812e-11,77.85238095238098,0.4185606060606061,0.004162269471918553,0.5993703313653459,0.4032647494349622,0.5876130144643505,,,POINT (NaN NaN),GBR
2548,2548,0.005695977216091136,0.08678885227479033,0.02020732511129361,0.00026687159323848537,3.4186884359626566e-10,71.32261904761907,0.5454545454545454,0.004162269471918553,0.5993703313653459,0.4032647494349622,0.5876130144643505,,,POINT (NaN NaN),GBR
2549,2549,0.003915984336062656,0.08678885227479033,0.02050403235790457,4.375039656025826e-06,2.5838409702871477e-10,72.81309523809526,0.6222222222222222,0.004162269471918553,0.5993703313653459,0.4032647494349622,0.5876130144643505,,,POINT (NaN NaN),GBR
2550,2550,0.011747953008187968,0.08678885227479033,0.022677109291562834,0.00039178607638138373,5.1125082424400814e-11,81.14523809523817,0.23908045977011494,0.004162269471918553,0.5993703313653459,0.4032647494349622,0.5876130144643505,,,POINT (NaN NaN),GBR
2551,2551,0.004271982912068352,0.08678885227479033,0.0221216770608977,9.066450693691027e-05,9.286378875598758e-13,82.29090631590654,0.17777777777777778,0.004162269471918553,0.5993703313653459,0.4032647494349622,0.5876130144643505,,,POINT (NaN NaN),GBR
2552,2552,0.005695977216091136,0.08678885227479033,0.020940977009572623,4.332196491247628e-06,1.2658138759150039e-10,74.17976190476193,0.6,0.004162269471918553,0.5993703313653459,0.4032647494349622,0.5876130144643505,,,POINT (NaN NaN),GBR
2553,2553,0.004983980064079744,0.08678885227479033,0.014226390279425476,0.00012135170455302917,8.044561352462695e-12,47.3727272727273,0.4727272727272727,0.004162269471918553,0.5993703313653459,0.4032647494349622,0.5876130144643505,,,POINT (NaN NaN),GBR
2554,2554,0.006051975792096832,0.08678885227479033,0.020599548036590462,0.0005094671673038988,4.5849723216089317e-10,74.72976190476194,0.5073529411764706,0.004162269471918553,0.5993703313653459,0.4032647494349622,0.5876130144643505,,,POINT (NaN NaN),GBR
2555,2555,0.002847988608045568,0.08678885227479033,0.017007831968672123,2.733637349990799e-06,6.420752060116118e-11,57.88452380952385,0.32142857142857145,0.004162269471918553,0.5993703313653459,0.4032647494349622,0.5876130144643505,,,POINT (NaN NaN),GBR
2556,2556,0.013527945888216448,0.08678885227479033,0.0212939148243407,7.651819551395411e-05,3.9978182841380396e-10,78.25476190476195,0.5544354838709677,0.004162269471918553,0.5993703313653459,0.4032647494349622,0.5876130144643505,,,POINT (NaN NaN),GBR
2557,2557,0.00533997864008544,0.08678885227479033,0.022309640310687506,1.9786842177486355e-05,2.2147211323359114e-11,78.54523809523819,0.1523809523809524,0.004162269471918553,0.5993703313653459,0.4032647494349622,0.5876130144643505,,,POINT (NaN NaN),GBR
2558,2558,0.00711997152011392,0.08678885227479033,0.022147093381576388,2.1587710328834823e-05,7.550361762203506e-11,77.81071428571433,0.2736842105263158,0.004162269471918553,0.5993703313653459,0.4032647494349622,0.5876130144643505,,,POINT (NaN NaN),GBR
2559,2559,0.017443930224279106,0.08678885227479033,0.02273540520233806,0.00037022457941798456,4.5875948426195695e-10,83.9071428571429,0.43205574912891986,0.004162269471918553,0.5993703313653459,0.4032647494349622,0.5876130144643505,,,POINT (NaN NaN),GBR
2560,2560,0.0088999644001424,0.08678885227479033,0.02231473328101641,5.95888758830705e-05,7.347651751025886e-11,80.84523809523814,0.31,0.004162269471918553,0.5993703313653459,0.4032647494349622,0.5876130144643505,,,POINT (NaN NaN),GBR
2561,2561,0.003203987184051264,0.08678885227479033,0.01376713970268302,2.6797804945937976e-05,2.665917251559117e-14,46.85238095238092,0.08333333333333333,0.004162269471918553,0.5993703313653459,0.4032647494349622,0.5876130144643505,,,POINT (NaN NaN),GBR
2562,2562,0.00355998576005696,0.08678885227479033,0.016510403155649354,4.6939931680697185e-06,3.29976488591671e-11,56.080952380952446,0.26666666666666666,0.004162269471918553,0.5993703313653459,0.4032647494349622,0.5876130144643505,,,POINT (NaN NaN),GBR
2563,2563,0.00711997152011392,0.08678885227479033,0.022657743698657997,6.44209897043281e-05,4.7020666727345786e-11,80.55634920634928,0.30526315789473685,0.004162269471918553,0.5993703313653459,0.4032647494349622,0.5876130144643505,,,POINT (NaN NaN),GBR
2564,2564,0.00355998576005696,0.08678885227479033,0.02399941688731045,0.0002050341351507849,3.276161564052432e-14,92.24304584304586,0.2,0.004162269471918553,0.5993703313653459,0.4032647494349622,0.5876130144643505,,,POINT (NaN NaN),GBR
2565,2565,0.006051975792096832,0.08678885227479033,0.019841833030589184,0.0009479547825065628,4.442044071931063e-10,72.94166666666668,0.2867647058823529,0.004162269471918553,0.5993703313653459,0.4032647494349622,0.5876130144643505,,,POINT (NaN NaN),GBR
2566,2566,0.011035955856176576,0.08678885227479033,0.0205357723460747,0.0004213491477497079,1.0974583435730533e-09,77.80476190476193,0.45454545454545453,0.004162269471918553,0.5993703313653459,0.4032647494349622,0.5876130144643505,,,POINT (NaN NaN),GBR
2567,2567,0.002847988608045568,0.08678885227479033,0.021183352605090872,3.153659846835919e-05,2.2864960204093582e-14,76.60256965256981,0.21428571428571427,0.004162269471918553,0.5993703313653459,0.4032647494349622,0.5876130144643505,,,POINT (NaN NaN),GBR
2568,2568,0.007475970096119616,0.08678885227479033,0.02231473328101641,2.9756509476075342e-05,4.391203125820092e-10,81.60714285714288,0.5285714285714286,0.004162269471918553,0.5993703313653459,0.4032647494349622,0.5876130144643505,,,POINT (NaN NaN),GBR
2569,2569,0.01886792452830189,0.08678885227479033,0.02285290083645867,0.00047611290756434507,8.658568764476186e-10,85.57380952380957,0.42857142857142855,0.004162269471918553,0.5993703313653459,0.4032647494349622,0.5876130144643505,,,POINT (NaN NaN),GBR
2570,2570,0.001067995728017088,0.08678885227479033,0.02179787425689065,0.00010742245560389576,2.1079753605710301e-13,75.16233488733506,0.3333333333333333,0.004162269471918553,0.5993703313653459,0.4032647494349622,0.5876130144643505,,,POINT (NaN NaN),GBR
2571,2571,0.00177999288002848,0.08678885227479033,0.022463889563772873,0.0,4.727956897174195e-13,83.64242146742168,0.3,0.004162269471918553,0.5993703313653459,0.4032647494349622,0.5876130144643505,,,POINT (NaN NaN),GBR
2572,2572,0.00355998576005696,0.08678885227479033,0.021907335321478386,4.016417316868417e-06,4.012858040881465e-11,75.99523809523818,0.35555555555555557,0.004162269471918553,0.5993703313653459,0.4032647494349622,0.5876130144643505,,,POINT (NaN NaN),GBR
2573,2573,0.01673193307226771,0.08678885227479033,0.024098290527818814,0.0006492241555941513,4.712466489155684e-10,89.59761904761905,0.3948896631823461,0.004162269471918553,0.5993703313653459,0.4032647494349622,0.5876130144643505,,,POINT (NaN NaN),GBR
2574,2574,0.00711997152011392,0.08678885227479033,0.014234022463051776,1.5446220350504388e-05,8.811647371478731e-12,47.8727272727273,0.4485294117647059,0.004162269471918553,0.5993703313653459,0.4032647494349622,0.5876130144643505,,,POINT (NaN NaN),GBR
2575,2575,0.006407974368102528,0.08678885227479033,0.017854789953653104,5.395391973383679e-05,1.8535536475625112e-10,64.65873015873018,0.27941176470588236,0.004162269471918553,0.5993703313653459,0.4032647494349622,0.5876130144643505,,,POINT (NaN NaN),GBR
2576,2576,0.002135991456034176,0.08678885227479033,0.023937096618495645,2.876129213872476e-05,2.975893024629742e-14,87.40852203352205,0.0,0.004162269471918553,0.5993703313653459,0.4032647494349622,0.5876130144643505,,,POINT (NaN NaN),GBR
2577,2577,0.013171947312210752,0.08678885227479033,0.019814949866414123,7.173297768046478e-05,6.081648563350312e-10,72.02976190476194,0.5678160919540229,0.004162269471918553,0.5993703313653459,0.4032647494349622,0.5876130144643505,,,POINT (NaN NaN),GBR
2578,2578,0.002847988608045568,0.08678885227479033,0.016772818062789373,2.296247410074872e-07,3.778845207239035e-11,59.53531746031753,0.8571428571428571,0.004162269471918553,0.5993703313653459,0.4032647494349622,0.5876130144643505,,,POINT (NaN NaN),GBR
2579,2579,0.018155927376290494,0.08678885227479033,0.020957518065662335,0.00018658134371214372,1.1681346316893161e-09,79.97619047619051,0.5063492063492063,0.004162269471918553,0.5993703313653459,0.4032647494349622,0.5876130144643505,,,POINT (NaN NaN),GBR
2580,2580,0.000711997152011392,0.08678885227479033,0.020053032814053698,2.272410157778616e-06,4.227175768347723e-14,68.75621600621622,0.0,0.004162269471918553,0.5993703313653459,0.4032647494349622,0.5876130144643505,,,POINT (NaN NaN),GBR
2581,2581,0.004627981488074048,0.08678885227479033,0.016735722662619683,9.40782555312461e-06,6.520489715916507e-11,59.83095238095243,0.34615384615384615,0.004162269471918553,0.5993703313653459,0.4032647494349622,0.5876130144643505,,,POINT (NaN NaN),GBR
2582,2582,0.002491990032039872,0.08678885227479033,0.024145180662369557,3.407807411045649e-05,3.7194164621020245e-14,91.05256965256964,0.047619047619047616,0.004162269471918553,0.5993703313653459,0.4032647494349622,0.5876130144643505,,,POINT (NaN NaN),GBR
2583,2583,0.003915984336062656,0.08678885227479033,0.022765714729304623,2.3192367380882427e-05,8.152191949911057e-11,78.65952380952379,0.32727272727272727,0.004162269471918553,0.5993703313653459,0.4032647494349622,0.5876130144643505,,,POINT (NaN NaN),GBR
2584,2584,0.010323958704165184,0.08678885227479033,0.02011540399630668,0.0001589285462727106,1.1010982767221577e-09,75.62976190476193,0.5847953216374269,0.004162269471918553,0.5993703313653459,0.4032647494349622,0.5876130144643505,,,POINT (NaN NaN),GBR
2585,2585,0.003203987184051264,0.08678885227479033,0.021049563964371194,9.912328632364276e-06,2.267040930063054e-11,71.16984126984138,0.1111111111111111,0.004162269471918553,0.5993703313653459,0.4032647494349622,0.5876130144643505,,,POINT (NaN NaN),GBR
2586,2586,0.009255962976148096,0.08678885227479033,0.02253537022951402,3.402491330558679e-05,8.778599877294751e-10,85.22380952380956,0.5046153846153846,0.004162269471918553,0.5993703313653459,0.4032647494349622,0.5876130144643505,,,POINT (NaN NaN),GBR
2587,2587,0.00355998576005696,0.08678885227479033,0.024283975489796366,7.477631464067181e-05,5.4721865293827543e-14,93.05256965256964,0.2222222222222222,0.004162269471918553,0.5993703313653459,0.4032647494349622,0.5876130144643505,,,POINT (NaN NaN),GBR
2588,2588,0.009967960128159488,0.08678885227479033,0.02084227641094149,3.498696568637762e-06,9.340913587659e-10,77.47619047619051,0.7619047619047619,0.004162269471918553,0.5993703313653459,0.4032647494349622,0.5876130144643505,,,POINT (NaN NaN),GBR
2589,2589,0.010323958704165184,0.08678885227479033,0.020647640366636976,2.9381769046811346e-05,1.209703252318136e-09,77.32857142857148,0.672514619883041,0.004162269471918553,0.5993703313653459,0.4032647494349622,0.5876130144643505,,,POINT (NaN NaN),GBR
2590,2590,0.00355998576005696,0.08678885227479033,0.02146921236876456,1.1202684666277338e-05,4.0125609699545015e-11,74.20873015873025,0.2,0.004162269471918553,0.5993703313653459,0.4032647494349622,0.5876130144643505,,,POINT (NaN NaN),GBR
2591,2591,0.003915984336062656,0.08678885227479033,0.01699175950174746,5.344268378975847e-06,4.4755963670032366e-11,60.64246031746037,0.8055555555555556,0.004162269471918553,0.5993703313653459,0.4032647494349622,0.5876130144643505,,,POINT (NaN NaN),GBR
2592,2592,0.013527945888216448,0.08678885227479033,0.02089151013474686,1.015135334069845e-05,1.1348453386364575e-09,78.64285714285718,0.6305418719211823,0.004162269471918553,0.5993703313653459,0.4032647494349622,0.5876130144643505,,,POINT (NaN NaN),GBR
2593,2593,0.007831968672125312,0.08678885227479033,0.02270768826865219,2.899677067496523e-05,7.081923076140112e-10,83.84047619047622,0.4675324675324675,0.004162269471918553,0.5993703313653459,0.4032647494349622,0.5876130144643505,,,POINT (NaN NaN),GBR
2594,2594,0.011035955856176576,0.08678885227479033,0.017915069460586436,0.0005806041440359318,2.3526704881942983e-10,66.49206349206351,0.28774928774928776,0.004162269471918553,0.5993703313653459,0.4032647494349622,0.5876130144643505,,,POINT (NaN NaN),GBR
2595,2595,0.005695977216091136,0.08678885227479033,0.015161267354930579,4.35427580471137e-07,3.220724830002291e-11,51.51031746031751,0.5454545454545454,0.004162269471918553,0.5993703313653459,0.4032647494349622,0.5876130144643505,,,POINT (NaN NaN),GBR
2596,2596,0.007831968672125312,0.08678885227479033,0.023535495250662283,0.00012165823926870731,5.0952226481574214e-11,83.9285714285715,0.18614718614718614,0.004162269471918553,0.5993703313653459,0.4032647494349622,0.5876130144643505,,,POINT (NaN NaN),GBR
2597,2597,0.002491990032039872,0.08678885227479033,0.0300142931851679,8.44701229276281e-05,5.8202674994181624e-12,117.05495060495062,0.09523809523809523,0.004162269471918553,0.5993703313653459,0.4032647494349622,0.5876130144643505,,,POINT (NaN NaN),GBR
2598,2598,0.004627981488074048,0.08678885227479033,0.016772818062789373,2.157619673795015e-05,3.670811224741746e-11,59.53531746031753,0.5512820512820513,0.004162269471918553,0.5993703313653459,0.4032647494349622,0.5876130144643505,,,POINT (NaN NaN),GBR
2599,2599,0.017087931648273408,0.08678885227479033,0.02102394443037125,6.725613427467053e-05,1.1570460285301287e-09,80.89285714285717,0.45795795795795796,0.004162269471918553,0.5993703313653459,0.4032647494349622,0.5876130144643505,,,POINT (NaN NaN),GBR
2600,2600,0.003915984336062656,0.08678885227479033,0.021028284100868315,1.7388400474284075e-06,9.212086597910327e-11,73.21428571428575,0.36363636363636365,0.004162269471918553,0.5993703313653459,0.4032647494349622,0.5876130144643505,,,POINT (NaN NaN),GBR
2601,2601,0.00177999288002848,0.08678885227479033,0.020460984822727377,1.3008381087343107e-06,3.1700835237022915e-12,68.02579365079372,0.0,0.004162269471918553,0.5993703313653459,0.4032647494349622,0.5876130144643505,,,POINT (NaN NaN),GBR
2602,2602,0.006763972944108224,0.08678885227479033,0.022765714729304623,3.423339622915135e-05,1.0068769255666837e-10,80.28809523809524,0.25146198830409355,0.004162269471918553,0.5993703313653459,0.4032647494349622,0.5876130144643505,,,POINT (NaN NaN),GBR
2603,2603,0.00711997152011392,0.08678885227479033,0.01660339040746465,0.00020395358359929301,8.13202721457231e-11,57.83095238095243,0.5604395604395604,0.004162269471918553,0.5993703313653459,0.4032647494349622,0.5876130144643505,,,POINT (NaN NaN),GBR
2604,2604,0.002491990032039872,0.08678885227479033,0.02506002207447968,6.462888950979315e-05,3.6571701111629314e-14,96.22169219669229,0.14285714285714285,0.004162269471918553,0.5993703313653459,0.4032647494349622,0.5876130144643505,,,POINT (NaN NaN),GBR
2605,2605,0.011747953008187968,0.08678885227479033,0.020599548036590462,1.4225246549464604e-05,1.1021748887015463e-09,76.16190476190481,0.7470355731225297,0.004162269471918553,0.5993703313653459,0.4032647494349622,0.5876130144643505,,,POINT (NaN NaN),GBR
2606,2606,0.006407974368102528,0.08678885227479033,0.016053340612374813,1.2119751022127516e-05,5.2352012035582205e-11,57.531060606060656,0.6181818181818182,0.004162269471918553,0.5993703313653459,0.4032647494349622,0.5876130144643505,,,POINT (NaN NaN),GBR
2607,2607,0.007831968672125312,0.08678885227479033,0.022440763301598346,1.9033426351665912e-05,6.556144544405989e-10,83.4619047619048,0.31601731601731603,0.004162269471918553,0.5993703313653459,0.4032647494349622,0.5876130144643505,,,POINT (NaN NaN),GBR
2608,2608,0.00533997864008544,0.08678885227479033,0.018252469363003905,0.00017949941652829323,4.2473708082087635e-10,67.14206349206353,0.1523809523809524,0.004162269471918553,0.5993703313653459,0.4032647494349622,0.5876130144643505,,,POINT (NaN NaN),GBR
2609,2609,0.00355998576005696,0.08678885227479033,0.027903175079927584,0.00012993121908599396,1.1546291124324754e-11,111.55985680985681,0.0,0.004162269471918553,0.5993703313653459,0.4032647494349622,0.5876130144643505,,,POINT (NaN NaN),GBR
2610,2610,0.01245995016019936,0.08678885227479033,0.022892336385788192,0.000327505619125648,1.0718412214589995e-09,88.45952380952384,0.34789915966386553,0.004162269471918553,0.5993703313653459,0.4032647494349622,0.5876130144643505,,,POINT (NaN NaN),GBR
2611,2611,0.00711997152011392,0.08678885227479033,0.01812955711140118,0.0002680441839158533,2.758221321026289e-10,67.49206349206351,0.20526315789473684,0.004162269471918553,0.5993703313653459,0.4032647494349622,0.5876130144643505,,,POINT (NaN NaN),GBR
2612,2612,0.0088999644001424,0.08678885227479033,0.02090797310569623,3.5733100095075247e-06,1.0164154732835825e-09,78.39285714285717,0.7761904761904762,0.004162269471918553,0.5993703313653459,0.4032647494349622,0.5876130144643505,,,POINT (NaN NaN),GBR
2613,2613,0.006051975792096832,0.08678885227479033,0.020744501853892504,0.00010620434797733767,1.0949366660444546e-09,75.64523809523816,0.9619047619047619,0.004162269471918553,0.5993703313653459,0.4032647494349622,0.5876130144643505,,,POINT (NaN NaN),GBR
2614,2614,0.006051975792096832,0.08678885227479033,0.01704011396817247,6.419465050917973e-06,7.586454593986097e-11,63.14246031746037,0.6212121212121212,0.004162269471918553,0.5993703313653459,0.4032647494349622,0.5876130144643505,,,POINT (NaN NaN),GBR
2615,2615,0.005695977216091136,0.08678885227479033,0.02234694740150805,1.655192735842567e-05,3.071043516306308e-10,79.85952380952385,0.20833333333333334,0.004162269471918553,0.5993703313653459,0.4032647494349622,0.5876130144643505,,,POINT (NaN NaN),GBR
2616,2616,0.007831968672125312,0.08678885227479033,0.020990678695513066,0.00027300571424342335,1.3386261315030609e-09,77.72857142857148,0.7309941520467836,0.004162269471918553,0.5993703313653459,0.4032647494349622,0.5876130144643505,,,POINT (NaN NaN),GBR
2617,2617,0.009611961552153792,0.08678885227479033,0.017069258974959537,5.18020483429508e-05,8.220947262439643e-11,64.64246031746036,0.3675889328063241,0.004162269471918553,0.5993703313653459,0.4032647494349622,0.5876130144643505,,,POINT (NaN NaN),GBR
2618,2618,0.007475970096119616,0.08678885227479033,0.017088744430410405,6.998939874396594e-05,8.383448658642419e-11,64.55912698412703,0.5142857142857142,0.004162269471918553,0.5993703313653459,0.4032647494349622,0.5876130144643505,,,POINT (NaN NaN),GBR
2619,2619,0.007475970096119616,0.08678885227479033,0.01608784537457229,0.00015064890423658738,5.5003113158305636e-11,58.781060606060656,0.39166666666666666,0.004162269471918553,0.5993703313653459,0.4032647494349622,0.5876130144643505,,,POINT (NaN NaN),GBR
2620,2620,0.001423994304022784,0.08678885227479033,0.0222151525575102,0.0,4.125718038490152e-14,80.13882506382521,0.16666666666666666,0.004162269471918553,0.5993703313653459,0.4032647494349622,0.5876130144643505,,,POINT (NaN NaN),GBR
2621,2621,0.009611961552153792,0.08678885227479033,0.022651090701036065,4.6944436832507304e-05,9.32617543423302e-10,86.0726190476191,0.22507122507122507,0.004162269471918553,0.5993703313653459,0.4032647494349622,0.5876130144643505,,,POINT (NaN NaN),GBR
2622,2622,0.007831968672125312,0.08678885227479033,0.021082531174965353,0.0002769996019836525,1.3202722546134186e-09,78.34523809523816,0.5844155844155844,0.004162269471918553,0.5993703313653459,0.4032647494349622,0.5876130144643505,,,POINT (NaN NaN),GBR
2623,2623,0.00355998576005696,0.08678885227479033,0.016927932288270848,2.4375454689283294e-05,9.706813200470613e-11,60.33095238095243,0.13333333333333333,0.004162269471918553,0.5993703313653459,0.4032647494349622,0.5876130144643505,,,POINT (NaN NaN),GBR
2624,2624,0.003203987184051264,0.08678885227479033,0.01758660669637477,1.34488286589884e-05,1.6851646521090448e-10,62.588492063492104,0.05555555555555555,0.004162269471918553,0.5993703313653459,0.4032647494349622,0.5876130144643505,,,POINT (NaN NaN),GBR
2625,2625,0.00533997864008544,0.08678885227479033,0.02289746502895966,5.29564943108908e-05,6.447052347902785e-11,81.07857142857146,0.2571428571428571,0.004162269471918553,0.5993703313653459,0.4032647494349622,0.5876130144643505,,,POINT (NaN NaN),GBR
2626,2626,0.003203987184051264,0.08678885227479033,0.028988238774075532,4.656338580604951e-06,7.770625758476834e-13,113.01141358641365,0.16666666666666666,0.004162269471918553,0.5993703313653459,0.4032647494349622,0.5876130144643505,,,POINT (NaN NaN),GBR
2627,2627,0.000711997152011392,0.08678885227479033,0.023237081169658468,0.0,2.468530092727811e-14,85.35585803085807,0.0,0.004162269471918553,0.5993703313653459,0.4032647494349622,0.5876130144643505,,,POINT (NaN NaN),GBR
2628,2628,0.00355998576005696,0.08678885227479033,0.014733996182125507,1.8988745909354863e-05,1.69149864446361e-11,52.221212121212154,0.4222222222222222,0.004162269471918553,0.5993703313653459,0.4032647494349622,0.5876130144643505,,,POINT (NaN NaN),GBR
2629,2629,0.008187967248131008,0.08678885227479033,0.021356852805583304,0.00026149573352880924,1.5086848194163207e-09,80.34523809523816,0.5335968379446641,0.004162269471918553,0.5993703313653459,0.4032647494349622,0.5876130144643505,,,POINT (NaN NaN),GBR
2630,2630,0.013883944464222144,0.08678885227479033,0.01887735198113432,0.001126302247595198,2.0477630520859636e-10,72.83571428571433,0.24777183600713013,0.004162269471918553,0.5993703313653459,0.4032647494349622,0.5876130144643505,,,POINT (NaN NaN),GBR
2631,2631,0.004627981488074048,0.08678885227479033,0.016155581679924085,5.862353550115397e-06,4.8431414038315416e-11,58.531060606060656,0.3717948717948718,0.004162269471918553,0.5993703313653459,0.4032647494349622,0.5876130144643505,,,POINT (NaN NaN),GBR
2632,2632,0.001423994304022784,0.08678885227479033,0.013938305513072173,1.732514595366593e-05,4.728400576149462e-12,46.49004329004332,0.5,0.004162269471918553,0.5993703313653459,0.4032647494349622,0.5876130144643505,,,POINT (NaN NaN),GBR
2633,2633,0.00355998576005696,0.08678885227479033,0.01817238701983105,4.952977640005606e-05,3.000940525116102e-10,64.0492063492064,0.24444444444444444,0.004162269471918553,0.5993703313653459,0.4032647494349622,0.5876130144643505,,,POINT (NaN NaN),GBR
2634,2634,0.002491990032039872,0.08678885227479033,0.014047677266886457,2.042304303117325e-05,8.824694033240778e-12,48.323376623376646,0.47619047619047616,0.004162269471918553,0.5993703313653459,0.4032647494349622,0.5876130144643505,,,POINT (NaN NaN),GBR
2635,2635,0.004627981488074048,0.08678885227479033,0.022172525981710746,6.165422986668376e-06,5.334685634065043e-10,81.26190476190482,0.24358974358974358,0.004162269471918553,0.5993703313653459,0.4032647494349622,0.5876130144643505,,,POINT (NaN NaN),GBR
2636,2636,0.002491990032039872,0.08678885227479033,0.01611528893117466,5.8290826118486e-06,8.249323201546406e-11,56.43531746031752,0.14285714285714285,0.004162269471918553,0.5993703313653459,0.4032647494349622,0.5876130144643505,,,POINT (NaN NaN),GBR
2637,2637,0.004627981488074048,0.08678885227479033,0.021115114311607223,2.4225868313013414e-06,8.696456655157816e-10,76.67777777777783,0.48717948717948717,0.004162269471918553,0.5993703313653459,0.4032647494349622,0.5876130144643505,,,POINT (NaN NaN),GBR
2638,2638,0.006407974368102528,0.08678885227479033,0.021602390370624277,4.292502200961433e-05,8.77177456500658e-10,79.42857142857149,0.3202614379084967,0.004162269471918553,0.5993703313653459,0.4032647494349622,0.5876130144643505,,,POINT (NaN NaN),GBR
2639,2639,0.00533997864008544,0.08678885227479033,0.0171285883038286,0.00016937514662670932,9.352152841750509e-11,63.14246031746037,0.29523809523809524,0.004162269471918553,0.5993703313653459,0.4032647494349622,0.5876130144643505,,,POINT (NaN NaN),GBR
2640,2640,0.00533997864008544,0.08678885227479033,0.017118861677875262,4.786416585562115e-05,8.802801022350245e-11,62.64246031746037,0.3047619047619048,0.004162269471918553,0.5993703313653459,0.4032647494349622,0.5876130144643505,,,POINT (NaN NaN),GBR
2641,2641,0.008187967248131008,0.08678885227479033,0.014763057318579404,5.576247523457932e-05,3.0986247899507055e-11,53.55454545454548,0.32748538011695905,0.004162269471918553,0.5993703313653459,0.4032647494349622,0.5876130144643505,,,POINT (NaN NaN),GBR
2642,2642,0.00177999288002848,0.08678885227479033,0.020660557937478393,0.0,5.4451517419782445e-11,69.95952380952389,0.0,0.004162269471918553,0.5993703313653459,0.4032647494349622,0.5876130144643505,,,POINT (NaN NaN),GBR
2643,2643,0.00177999288002848,0.08678885227479033,0.0160962962512322,5.605287979781231e-06,8.482152063878973e-11,55.768650793650856,0.1,0.004162269471918553,0.5993703313653459,0.4032647494349622,0.5876130144643505,,,POINT (NaN NaN),GBR
2644,2644,0.003203987184051264,0.08678885227479033,0.018649822633911045,4.4427856868820066e-05,3.340859040093262e-10,67.38253968253971,0.08333333333333333,0.004162269471918553,0.5993703313653459,0.4032647494349622,0.5876130144643505,,,POINT (NaN NaN),GBR
2645,2645,0.003203987184051264,0.08678885227479033,0.01870837923472453,0.00017860521559347168,3.394082127931799e-10,66.88253968253973,0.027777777777777776,0.004162269471918553,0.5993703313653459,0.4032647494349622,0.5876130144643505,,,POINT (NaN NaN),GBR
2646,2646,0.003203987184051264,0.08678885227479033,0.021611348532184348,0.0,3.969023334564258e-10,77.1738095238096,0.08333333333333333,0.004162269471918553,0.5993703313653459,0.4032647494349622,0.5876130144643505,,,POINT (NaN NaN),GBR
2647,2647,0.002491990032039872,0.08678885227479033,0.016850930919361847,2.0133415636319994e-05,5.3522348792137653e-11,59.11865079365086,0.09523809523809523,0.004162269471918553,0.5993703313653459,0.4032647494349622,0.5876130144643505,,,POINT (NaN NaN),GBR
2648,2648,0.00355998576005696,0.08678885227479033,0.017080065390786596,3.7204146500066986e-05,7.491145490144395e-11,61.30912698412704,0.28888888888888886,0.004162269471918553,0.5993703313653459,0.4032647494349622,0.5876130144643505,,,POINT (NaN NaN),GBR
2649,2649,0.002135991456034176,0.08678885227479033,0.02039454217004305,0.0,4.362280995861402e-10,72.3162698412699,0.4,0.004162269471918553,0.5993703313653459,0.4032647494349622,0.5876130144643505,,,POINT (NaN NaN),GBR
2650,2650,0.003915984336062656,0.08678885227479033,0.01614692844924389,4.1879498664603374e-05,3.269997806939743e-11,57.281060606060656,0.41818181818181815,0.004162269471918553,0.5993703313653459,0.4032647494349622,0.5876130144643505,,,POINT (NaN NaN),GBR
2651,2651,0.00355998576005696,0.08678885227479033,0.018046400815652494,8.10085274053977e-06,1.0410026070428219e-11,64.80432900432909,0.35555555555555557,0.004162269471918553,0.5993703313653459,0.4032647494349622,0.5876130144643505,,,POINT (NaN NaN),GBR
2652,2652,0.003203987184051264,0.08678885227479033,0.03000202751305077,0.0,7.606037623126905e-11,125.70347707847702,0.1111111111111111,0.004162269471918553,0.5993703313653459,0.4032647494349622,0.5876130144643505,,,POINT (NaN NaN),GBR
2653,2653,0.004627981488074048,0.08678885227479033,0.02029146183800374,0.00021143104047216337,3.9337836375249903e-10,74.79920634920637,0.11538461538461539,0.004162269471918553,0.5993703313653459,0.4032647494349622,0.5876130144643505,,,POINT (NaN NaN),GBR
2654,2654,0.004983980064079744,0.08678885227479033,0.01636087888196627,2.743730227299575e-05,4.781223399386873e-11,59.781060606060656,0.31868131868131866,0.004162269471918553,0.5993703313653459,0.4032647494349622,0.5876130144643505,,,POINT (NaN NaN),GBR
2655,2655,0.003203987184051264,0.08678885227479033,0.022259836611211174,0.0,4.129808826547944e-10,79.97380952380959,0.1111111111111111,0.004162269471918553,0.5993703313653459,0.4032647494349622,0.5876130144643505,,,POINT (NaN NaN),GBR
2656,2656,0.004271982912068352,0.08678885227479033,0.017884845891809095,5.546485742741472e-05,9.432649177567711e-11,64.51865079365088,0.12121212121212122,0.004162269471918553,0.5993703313653459,0.4032647494349622,0.5876130144643505,,,POINT (NaN NaN),GBR
2657,2657,0.001423994304022784,0.08678885227479033,0.026442602713907526,0.0,1.976245294287748e-11,105.65929650414938,0.16666666666666666,0.004162269471918553,0.5993703313653459,0.4032647494349622,0.5876130144643505,,,POINT (NaN NaN),GBR
2658,2658,0.003203987184051264,0.08678885227479033,0.013094850122756541,2.658894637826255e-06,4.8514903859129774e-12,45.003823953823954,0.2777777777777778,0.004162269471918553,0.5993703313653459,0.4032647494349622,0.5876130144643505,,,POINT (NaN NaN),GBR
2659,2659,0.002135991456034176,0.08678885227479033,0.016291109675646585,1.5067531417407344e-05,3.4628605550213476e-11,57.19772727272733,0.06666666666666667,0.004162269471918553,0.5993703313653459,0.4032647494349622,0.5876130144643505,,,POINT (NaN NaN),GBR
2660,2660,0.002135991456034176,0.08678885227479033,0.0,0.0,1.0218006759764205e-19,0.0,0.6666666666666666,0.004162269471918553,0.5993703313653459,0.4032647494349622,0.5876130144643505,,,POINT (NaN NaN),GBR
2661,2661,0.002491990032039872,0.08678885227479033,0.012460534722721536,2.411715855240494e-06,1.1586418606771773e-12,41.232067932067906,0.23809523809523808,0.004162269471918553,0.5993703313653459,0.4032647494349622,0.5876130144643505,,,POINT (NaN NaN),GBR
2662,2662,0.003915984336062656,0.08678885227479033,0.014208331823111573,4.839350264960456e-06,7.672500129005584e-12,49.49004329004332,0.2727272727272727,0.004162269471918553,0.5993703313653459,0.4032647494349622,0.5876130144643505,,,POINT (NaN NaN),GBR
2663,2663,0.00533997864008544,0.08678885227479033,0.01644633506981739,4.4349625518920323e-05,4.804148383136274e-11,59.781060606060656,0.23809523809523808,0.004162269471918553,0.5993703313653459,0.4032647494349622,0.5876130144643505,,,POINT (NaN NaN),GBR
2664,2664,0.002491990032039872,0.08678885227479033,0.020420432841090214,0.0,5.822421803969024e-10,73.51865079365085,0.19047619047619047,0.004162269471918553,0.5993703313653459,0.4032647494349622,0.5876130144643505,,,POINT (NaN NaN),GBR
2665,2665,0.001423994304022784,0.08678885227479033,0.026872143359736228,0.0,1.0296644732001136e-10,111.83310602795883,0.16666666666666666,0.004162269471918553,0.5993703313653459,0.4032647494349622,0.5876130144643505,,,POINT (NaN NaN),GBR
2666,2666,0.00533997864008544,0.08678885227479033,0.01654955987013659,4.29994097882363e-05,5.086249357445535e-11,60.781060606060656,0.26666666666666666,0.004162269471918553,0.5993703313653459,0.4032647494349622,0.5876130144643505,,,POINT (NaN NaN),GBR
2667,2667,0.00177999288002848,0.08678885227479033,0.02058267084657414,3.348698168177962e-05,2.281769887384482e-10,71.25436507936514,0.0,0.004162269471918553,0.5993703313653459,0.4032647494349622,0.5876130144643505,,,POINT (NaN NaN),GBR
2668,2668,0.002491990032039872,0.08678885227479033,0.02082022269963771,3.214883602705668e-05,5.171350378387853e-10,74.83531746031751,0.19047619047619047,0.004162269471918553,0.5993703313653459,0.4032647494349622,0.5876130144643505,,,POINT (NaN NaN),GBR
2669,2669,0.004983980064079744,0.08678885227479033,0.017978122623028635,0.00011752090906576861,1.1202711900584528e-10,66.10555555555563,0.07692307692307693,0.004162269471918553,0.5993703313653459,0.4032647494349622,0.5876130144643505,,,POINT (NaN NaN),GBR
2670,2670,0.006407974368102528,0.08678885227479033,0.016842886277895482,6.938939158779238e-05,5.915007857548273e-11,63.11439393939399,0.1437908496732026,0.004162269471918553,0.5993703313653459,0.4032647494349622,0.5876130144643505,,,POINT (NaN NaN),GBR
2671,2671,0.003203987184051264,0.08678885227479033,0.01705413431510831,1.5720734837858367e-05,4.392675561527616e-12,61.52287157287163,0.6666666666666666,0.004162269471918553,0.5993703313653459,0.4032647494349622,0.5876130144643505,,,POINT (NaN NaN),GBR
2672,2672,0.00355998576005696,0.08678885227479033,0.01681279909851306,2.2313677268635642e-05,4.061654252573548e-11,59.78106060606067,0.13333333333333333,0.004162269471918553,0.5993703313653459,0.4032647494349622,0.5876130144643505,,,POINT (NaN NaN),GBR
2673,2673,0.008187967248131008,0.08678885227479033,0.020578926753505394,0.00028634893055599523,4.6212979588090824e-11,77.34534632034635,0.1383399209486166,0.004162269471918553,0.5993703313653459,0.4032647494349622,0.5876130144643505,,,POINT (NaN NaN),GBR
2674,2674,0.002491990032039872,0.08678885227479033,0.02087897311136331,2.2279269872607032e-06,2.1250217863041347e-10,74.1658730158731,0.09523809523809523,0.004162269471918553,0.5993703313653459,0.4032647494349622,0.5876130144643505,,,POINT (NaN NaN),GBR
2675,2675,0.009255962976148096,0.08678885227479033,0.019376562493750027,0.00015468837264401384,2.6433166544498344e-11,74.95692640692643,0.2015810276679842,0.004162269471918553,0.5993703313653459,0.4032647494349622,0.5876130144643505,,,POINT (NaN NaN),GBR
2676,2676,0.002847988608045568,0.08678885227479033,0.01764787973245515,3.739442491344581e-05,1.3878893104505087e-10,62.83888888888898,0.10714285714285714,0.004162269471918553,0.5993703313653459,0.4032647494349622,0.5876130144643505,,,POINT (NaN NaN),GBR
2677,2677,0.003203987184051264,0.08678885227479033,0.017512672128383762,0.0001820859262394034,7.900806295584593e-11,60.922222222222324,0.05555555555555555,0.004162269471918553,0.5993703313653459,0.4032647494349622,0.5876130144643505,,,POINT (NaN NaN),GBR
2678,2678,0.004627981488074048,0.08678885227479033,0.017231355535009513,1.7688354938767388e-06,1.0126857286986593e-11,67.85620490620495,0.4090909090909091,0.004162269471918553,0.5993703313653459,0.4032647494349622,0.5876130144643505,,,POINT (NaN NaN),GBR
2679,2679,0.007475970096119616,0.08678885227479033,0.01725212227737699,0.00011397783210268759,6.401255837158652e-11,66.61439393939399,0.20476190476190476,0.004162269471918553,0.5993703313653459,0.4032647494349622,0.5876130144643505,,,POINT (NaN NaN),GBR
2680,2680,0.005695977216091136,0.08678885227479033,0.015784391894031843,2.1581638351971044e-05,4.334872196010619e-11,59.38787878787883,0.125,0.004162269471918553,0.5993703313653459,0.4032647494349622,0.5876130144643505,,,POINT (NaN NaN),GBR
2681,2681,0.001067995728017088,0.08678885227479033,0.01608390846669736,6.029618793655926e-07,1.812419898726514e-11,55.264466089466154,0.3333333333333333,0.004162269471918553,0.5993703313653459,0.4032647494349622,0.5876130144643505,,,POINT (NaN NaN),GBR
2682,2682,0.002135991456034176,0.08678885227479033,0.017892797994025416,1.942030416678284e-05,8.359228559110544e-11,62.83888888888899,0.13333333333333333,0.004162269471918553,0.5993703313653459,0.4032647494349622,0.5876130144643505,,,POINT (NaN NaN),GBR
2683,2683,0.006051975792096832,0.08678885227479033,0.017307447430186192,1.0144067295800923e-05,1.352840365587958e-11,68.43715728715733,0.48484848484848486,0.004162269471918553,0.5993703313653459,0.4032647494349622,0.5876130144643505,,,POINT (NaN NaN),GBR
2684,2684,0.004627981488074048,0.08678885227479033,0.01814513954065396,8.147686321778633e-06,2.0046986106352194e-11,66.8876623376624,0.23076923076923078,0.004162269471918553,0.5993703313653459,0.4032647494349622,0.5876130144643505,,,POINT (NaN NaN),GBR
2685,2685,0.004627981488074048,0.08678885227479033,0.01724822600952197,1.3001670317376604e-05,4.897733191264988e-11,65.73113275613282,0.1794871794871795,0.004162269471918553,0.5993703313653459,0.4032647494349622,0.5876130144643505,,,POINT (NaN NaN),GBR
2686,2686,0.00533997864008544,0.08678885227479033,0.018275901461888004,1.1349555553418028e-05,3.258899187059373e-11,68.87099567099571,0.3047619047619048,0.004162269471918553,0.5993703313653459,0.4032647494349622,0.5876130144643505,,,POINT (NaN NaN),GBR
2687,2687,0.00355998576005696,0.08678885227479033,0.018129878699997395,1.3193942302978277e-05,1.603072189324665e-11,66.6376623376624,0.2222222222222222,0.004162269471918553,0.5993703313653459,0.4032647494349622,0.5876130144643505,,,POINT (NaN NaN),GBR
2688,2688,0.002847988608045568,0.08678885227479033,0.01696335699533889,4.827375126667859e-07,3.545028452184502e-11,63.5275613275614,0.07142857142857142,0.004162269471918553,0.5993703313653459,0.4032647494349622,0.5876130144643505,,,POINT (NaN NaN),GBR
2689,2689,0.00177999288002848,0.08678885227479033,0.015788428664892166,4.866091456894131e-07,2.024210649817337e-11,54.560894660894725,0.2,0.004162269471918553,0.5993703313653459,0.4032647494349622,0.5876130144643505,,,POINT (NaN NaN),GBR
2690,2690,0.002135991456034176,0.08678885227479033,0.016378924684954548,1.2346754313605806e-06,2.5339322443332835e-11,58.694227994228065,0.13333333333333333,0.004162269471918553,0.5993703313653459,0.4032647494349622,0.5876130144643505,,,POINT (NaN NaN),GBR
2691,2691,0.003203987184051264,0.08678885227479033,0.0181987554025301,1.7982783218495283e-05,1.46370640120592e-11,66.03766233766241,0.3888888888888889,0.004162269471918553,0.5993703313653459,0.4032647494349622,0.5876130144643505,,,POINT (NaN NaN),GBR
2692,2692,0.004627981488074048,0.08678885227479033,0.01846374798654981,3.057973494622306e-05,2.1373404993990718e-11,69.44242424242428,0.48717948717948717,0.004162269471918553,0.5993703313653459,0.4032647494349622,0.5876130144643505,,,POINT (NaN NaN),GBR
2693,2693,0.00355998576005696,0.08678885227479033,0.019084927644353166,8.418910488121729e-06,3.9961987412221064e-11,71.96089466089477,0.2222222222222222,0.004162269471918553,0.5993703313653459,0.4032647494349622,0.5876130144643505,,,POINT (NaN NaN),GBR
2694,2694,0.00355998576005696,0.08678885227479033,0.0185272245589144,1.2218740845980648e-05,1.0810899885481163e-11,69.22337662337671,0.4722222222222222,0.004162269471918553,0.5993703313653459,0.4032647494349622,0.5876130144643505,,,POINT (NaN NaN),GBR
2695,2695,0.002491990032039872,0.08678885227479033,0.021161705746190116,3.622993840839313e-05,1.344500916050422e-10,75.14603174603188,0.14285714285714285,0.004162269471918553,0.5993703313653459,0.4032647494349622,0.5876130144643505,,,POINT (NaN NaN),GBR
2696,2696,0.004627981488074048,0.08678885227479033,0.019238220235874074,5.793357344828923e-05,3.813046551035825e-11,74.5204184704185,0.3076923076923077,0.004162269471918553,0.5993703313653459,0.4032647494349622,0.5876130144643505,,,POINT (NaN NaN),GBR
2697,2697,0.00711997152011392,0.08678885227479033,0.018599159425622867,6.0644035562494475e-05,1.678922209672414e-11,71.44004329004338,0.5303030303030303,0.004162269471918553,0.5993703313653459,0.4032647494349622,0.5876130144643505,,,POINT (NaN NaN),GBR
2698,2698,0.00355998576005696,0.08678885227479033,0.019084927644353166,6.020590004308619e-05,3.175413982813305e-11,71.31089466089476,0.2,0.004162269471918553,0.5993703313653459,0.4032647494349622,0.5876130144643505,,,POINT (NaN NaN),GBR
2699,2699,0.004627981488074048,0.08678885227479033,0.018314720284024557,2.5518900736287974e-05,2.7059750736431186e-11,69.33766233766238,0.38461538461538464,0.004162269471918553,0.5993703313653459,0.4032647494349622,0.5876130144643505,,,POINT (NaN NaN),GBR
2700,2700,0.002491990032039872,0.08678885227479033,0.016423943447083353,1.110816125056068e-05,4.392942585160883e-12,60.048734598734626,0.8,0.004162269471918553,0.5993703313653459,0.4032647494349622,0.5876130144643505,,,POINT (NaN NaN),GBR
2701,2701,0.003203987184051264,0.08678885227479033,0.017103572775640247,4.147938128780588e-05,3.6064974684639064e-11,63.08946608946615,0.1388888888888889,0.004162269471918553,0.5993703313653459,0.4032647494349622,0.5876130144643505,,,POINT (NaN NaN),GBR
2702,2702,0.00533997864008544,0.08678885227479033,0.018567119529971494,2.362830384055075e-05,2.7644340013304407e-11,73.19242424242428,0.3904761904761905,0.004162269471918553,0.5993703313653459,0.4032647494349622,0.5876130144643505,,,POINT (NaN NaN),GBR
2703,2703,0.006763972944108224,0.08678885227479033,0.016588246074872567,4.5237070299254144e-05,1.685496754181214e-11,66.06540126540128,0.4666666666666667,0.004162269471918553,0.5993703313653459,0.4032647494349622,0.5876130144643505,,,POINT (NaN NaN),GBR
2704,2704,0.004271982912068352,0.08678885227479033,0.017027192554736892,5.165615100600689e-06,1.4558992414335136e-11,65.74740259740264,0.36363636363636365,0.004162269471918553,0.5993703313653459,0.4032647494349622,0.5876130144643505,,,POINT (NaN NaN),GBR
2705,2705,0.004627981488074048,0.08678885227479033,0.01652466521601909,3.374472980333872e-06,1.600424139864467e-11,64.3987345987346,0.4909090909090909,0.004162269471918553,0.5993703313653459,0.4032647494349622,0.5876130144643505,,,POINT (NaN NaN),GBR
2706,2706,0.005695977216091136,0.08678885227479033,0.017067637192634124,1.3063536897827009e-05,2.2181463349215326e-11,67.34740259740265,0.4696969696969697,0.004162269471918553,0.5993703313653459,0.4032647494349622,0.5876130144643505,,,POINT (NaN NaN),GBR
2707,2707,0.003915984336062656,0.08678885227479033,0.022766250830479406,0.0,4.048028178042185e-11,86.07943722943732,0.14545454545454545,0.004162269471918553,0.5993703313653459,0.4032647494349622,0.5876130144643505,,,POINT (NaN NaN),GBR
2708,2708,0.00355998576005696,0.08678885227479033,0.0186959460314804,1.966074057672429e-05,2.1181224530417274e-11,71.72337662337667,0.28888888888888886,0.004162269471918553,0.5993703313653459,0.4032647494349622,0.5876130144643505,,,POINT (NaN NaN),GBR
2709,2709,0.000355998576005696,0.08678885227479033,0.014981015773148063,0.0,3.064277411977911e-12,50.548593073593125,0.0,0.004162269471918553,0.5993703313653459,0.4032647494349622,0.5876130144643505,,,POINT (NaN NaN),GBR
2710,2710,0.004983980064079744,0.08678885227479033,0.017033920011297436,4.104585766061148e-05,1.4721585014408177e-11,65.29740259740265,0.45454545454545453,0.004162269471918553,0.5993703313653459,0.4032647494349622,0.5876130144643505,,,POINT (NaN NaN),GBR
2711,2711,0.0,0.08678885227479033,0.0,0.0,2.4946305565830578e-23,0.0,0.0,0.004162269471918553,0.5993703313653459,0.4032647494349622,0.5876130144643505,,,POINT (NaN NaN),GBR
2712,2712,0.000711997152011392,0.08678885227479033,0.0,0.0,1.0218006759764205e-19,0.0,0.0,0.004162269471918553,0.5993703313653459,0.4032647494349622,0.5876130144643505,,,POINT (NaN NaN),GBR
2713,2713,0.001067995728017088,0.08678885227479033,0.000711997152011392,4.226003988671604e-08,6.236576391457643e-22,2.0,0.3333333333333333,0.004162269471918553,0.5993703313653459,0.4032647494349622,0.5876130144643505,,,POINT (NaN NaN),GBR
2714,2714,0.002491990032039872,0.08678885227479033,0.000355998576005696,1.4326153521596743e-05,2.0433518888971834e-19,1.0,0.4,0.004162269471918553,0.5993703313653459,0.4032647494349622,0.5876130144643505,,,POINT (NaN NaN),GBR
2715,2715,0.00177999288002848,0.08678885227479033,0.001423994304022784,4.226003988671604e-08,5.105011970991571e-19,4.0,0.6,0.004162269471918553,0.5993703313653459,0.4032647494349622,0.5876130144643505,,,POINT (NaN NaN),GBR
2716,2716,0.002491990032039872,0.08678885227479033,0.000711997152011392,1.6904015954686417e-07,3.064903101817946e-19,2.0,0.5,0.004162269471918553,0.5993703313653459,0.4032647494349622,0.5876130144643505,,,POINT (NaN NaN),GBR
2717,2717,0.001067995728017088,0.08678885227479033,0.0,0.0,2.4946305565830578e-23,0.0,0.3333333333333333,0.004162269471918553,0.5993703313653459,0.4032647494349622,0.5876130144643505,,,POINT (NaN NaN),GBR
2718,2718,0.002135991456034176,0.08678885227479033,0.0,0.0,2.4946305565830578e-23,0.0,0.5333333333333333,0.004162269471918553,0.5993703313653459,0.4032647494349622,0.5876130144643505,,,POINT (NaN NaN),GBR
2719,2719,0.000711997152011392,0.08678885227479033,0.0,0.0,1.0218006759764205e-19,0.0,0.0,0.004162269471918553,0.5993703313653459,0.4032647494349622,0.5876130144643505,,,POINT (NaN NaN),GBR
2720,2720,0.0,0.08678885227479033,0.0,0.0,2.4946305565830578e-23,0.0,0.0,0.004162269471918553,0.5993703313653459,0.4032647494349622,0.5876130144643505,,,POINT (NaN NaN),GBR
2721,2721,0.0,0.08678885227479033,0.0,0.0,2.4946305565830578e-23,0.0,0.0,0.004162269471918553,0.5993703313653459,0.4032647494349622,0.5876130144643505,,,POINT (NaN NaN),GBR
2722,2722,0.001067995728017088,0.08678885227479033,0.000355998576005696,0.0,7.152604731834944e-19,1.0,0.0,0.004162269471918553,0.5993703313653459,0.4032647494349622,0.5876130144643505,,,POINT (NaN NaN),GBR
2723,2723,0.001067995728017088,0.08678885227479033,0.000355998576005696,0.0,7.152604731834944e-19,1.0,0.0,0.004162269471918553,0.5993703313653459,0.4032647494349622,0.5876130144643505,,,POINT (NaN NaN),GBR
2724,2724,0.001067995728017088,0.08678885227479033,0.0,0.0,1.0218006759764205e-19,0.0,0.0,0.004162269471918553,0.5993703313653459,0.4032647494349622,0.5876130144643505,,,POINT (NaN NaN),GBR
2725,2725,0.001067995728017088,0.08678885227479033,0.0,0.0,1.0218006759764205e-19,0.0,0.0,0.004162269471918553,0.5993703313653459,0.4032647494349622,0.5876130144643505,,,POINT (NaN NaN),GBR
2726,2726,0.000711997152011392,0.08678885227479033,0.0025443427638054154,0.0,3.4529003215078844e-14,8.216666666666667,1.0,0.004162269471918553,0.5993703313653459,0.4032647494349622,0.5876130144643505,,,POINT (NaN NaN),GBR
2727,2727,0.00355998576005696,0.08678885227479033,0.004398694269629701,2.9914071091239723e-06,4.647356516952195e-13,14.833333333333337,0.5238095238095238,0.004162269471918553,0.5993703313653459,0.4032647494349622,0.5876130144643505,,,POINT (NaN NaN),GBR
2728,2728,0.001423994304022784,0.08678885227479033,0.003370428076729252,3.2962831111638513e-06,1.761197816640957e-13,11.066666666666666,0.6666666666666666,0.004162269471918553,0.5993703313653459,0.4032647494349622,0.5876130144643505,,,POINT (NaN NaN),GBR
2729,2729,0.00177999288002848,0.08678885227479033,0.002051229890318534,0.0,5.119180724163797e-16,7.416666666666666,0.9,0.004162269471918553,0.5993703313653459,0.4032647494349622,0.5876130144643505,,,POINT (NaN NaN),GBR
2730,2730,0.002847988608045568,0.08678885227479033,0.0016962285092036104,5.705105384706666e-08,4.6550606962248545e-16,6.416666666666666,0.8666666666666667,0.004162269471918553,0.5993703313653459,0.4032647494349622,0.5876130144643505,,,POINT (NaN NaN),GBR
2731,2731,0.001067995728017088,0.08678885227479033,0.004216828203109723,0.0,3.0963281704924853e-13,13.583333333333337,1.0,0.004162269471918553,0.5993703313653459,0.4032647494349622,0.5876130144643505,,,POINT (NaN NaN),GBR
2732,2732,0.002847988608045568,0.08678885227479033,0.004575457108007634,8.029407578476047e-07,5.85985147426108e-13,15.000000000000004,0.7333333333333333,0.004162269471918553,0.5993703313653459,0.4032647494349622,0.5876130144643505,,,POINT (NaN NaN),GBR
2733,2733,0.002135991456034176,0.08678885227479033,0.0016962285092036104,5.705105384706666e-08,2.7526205089468214e-16,6.416666666666666,0.8666666666666667,0.004162269471918553,0.5993703313653459,0.4032647494349622,0.5876130144643505,,,POINT (NaN NaN),GBR
2734,2734,0.0,0.08678885227479033,0.0,0.0,2.4946305565830578e-23,0.0,0.0,0.004162269471918553,0.5993703313653459,0.4032647494349622,0.5876130144643505,,,POINT (NaN NaN),GBR
2735,2735,0.00355998576005696,0.08678885227479033,0.0018986590720303786,6.486916122610912e-07,2.7566648040051532e-16,6.333333333333333,0.7142857142857143,0.004162269471918553,0.5993703313653459,0.4032647494349622,0.5876130144643505,,,POINT (NaN NaN),GBR
2736,2736,0.003915984336062656,0.08678885227479033,0.001162928681618607,1.8383117350721478e-07,1.6143285687957527e-16,4.416666666666667,0.8571428571428571,0.004162269471918553,0.5993703313653459,0.4032647494349622,0.5876130144643505,,,POINT (NaN NaN),GBR
2737,2737,0.0,0.08678885227479033,0.0,0.0,2.4946305565830578e-23,0.0,0.0,0.004162269471918553,0.5993703313653459,0.4032647494349622,0.5876130144643505,,,POINT (NaN NaN),GBR
2738,2738,0.00355998576005696,0.08678885227479033,0.0015858118385708277,5.916405584140246e-07,1.6183728638540852e-16,5.333333333333333,0.7619047619047619,0.004162269471918553,0.5993703313653459,0.4032647494349622,0.5876130144643505,,,POINT (NaN NaN),GBR
2739,2739,0.003915984336062656,0.08678885227479033,0.004184799587332263,4.787513687478088e-06,4.1374324748345154e-13,14.333333333333334,0.6111111111111112,0.004162269471918553,0.5993703313653459,0.4032647494349622,0.5876130144643505,,,POINT (NaN NaN),GBR
2740,2740,0.000355998576005696,0.08678885227479033,0.0006407974368102528,0.0,1.0382652376498688e-19,2.0,0.0,0.004162269471918553,0.5993703313653459,0.4032647494349622,0.5876130144643505,,,POINT (NaN NaN),GBR
2741,2741,0.0,0.08678885227479033,0.0,0.0,2.4946305565830578e-23,0.0,0.0,0.004162269471918553,0.5993703313653459,0.4032647494349622,0.5876130144643505,,,POINT (NaN NaN),GBR
2742,2742,0.002491990032039872,0.08678885227479033,0.003621600898211792,0.0,3.2993043934208694e-13,12.000000000000002,1.0,0.004162269471918553,0.5993703313653459,0.4032647494349622,0.5876130144643505,,,POINT (NaN NaN),GBR
2743,2743,0.003203987184051264,0.08678885227479033,0.0014536608520232587,8.705568216663504e-07,6.703863103425115e-17,4.833333333333333,0.7142857142857143,0.004162269471918553,0.5993703313653459,0.4032647494349622,0.5876130144643505,,,POINT (NaN NaN),GBR
2744,2744,0.00177999288002848,0.08678885227479033,0.0035163940976889155,0.0,3.7671556153369875e-13,11.666666666666668,1.0,0.004162269471918553,0.5993703313653459,0.4032647494349622,0.5876130144643505,,,POINT (NaN NaN),GBR
2745,2745,0.001423994304022784,0.08678885227479033,0.001423994304022784,0.0,6.123569627244434e-19,4.0,0.8333333333333334,0.004162269471918553,0.5993703313653459,0.4032647494349622,0.5876130144643505,,,POINT (NaN NaN),GBR
2746,2746,0.00177999288002848,0.08678885227479033,0.0035163940976889155,0.0,3.7671556153369875e-13,11.666666666666668,1.0,0.004162269471918553,0.5993703313653459,0.4032647494349622,0.5876130144643505,,,POINT (NaN NaN),GBR
2747,2747,0.007831968672125312,0.08678885227479033,0.004534297652283075,4.793550836033332e-06,4.574818339143759e-13,15.833333333333334,0.477124183006536,0.004162269471918553,0.5993703313653459,0.4032647494349622,0.5876130144643505,,,POINT (NaN NaN),GBR
2748,2748,0.001067995728017088,0.08678885227479033,0.000711997152011392,0.0,2.0433518888971829e-19,2.0,1.0,0.004162269471918553,0.5993703313653459,0.4032647494349622,0.5876130144643505,,,POINT (NaN NaN),GBR
2749,2749,0.008543965824136704,0.08678885227479033,0.004922951736764482,7.4509527013383665e-06,4.831677093049359e-13,16.5,0.49122807017543857,0.004162269471918553,0.5993703313653459,0.4032647494349622,0.5876130144643505,,,POINT (NaN NaN),GBR
2750,2750,0.006763972944108224,0.08678885227479033,0.004534297652283075,3.750139474596577e-06,6.350200094521527e-13,16.166666666666668,0.6794871794871795,0.004162269471918553,0.5993703313653459,0.4032647494349622,0.5876130144643505,,,POINT (NaN NaN),GBR
2751,2751,0.002135991456034176,0.08678885227479033,0.0,0.0,2.4946305565830578e-23,0.0,0.9333333333333333,0.004162269471918553,0.5993703313653459,0.4032647494349622,0.5876130144643505,,,POINT (NaN NaN),GBR
2752,2752,0.001067995728017088,0.08678885227479033,0.000355998576005696,0.0,7.152604731834944e-19,1.0,0.0,0.004162269471918553,0.5993703313653459,0.4032647494349622,0.5876130144643505,,,POINT (NaN NaN),GBR
2753,2753,0.001067995728017088,0.08678885227479033,0.000711997152011392,0.0,2.0433518888971829e-19,2.0,1.0,0.004162269471918553,0.5993703313653459,0.4032647494349622,0.5876130144643505,,,POINT (NaN NaN),GBR
2754,2754,0.001067995728017088,0.08678885227479033,0.000711997152011392,2.5356023932029627e-07,1.0247942326443201e-19,2.0,0.0,0.004162269471918553,0.5993703313653459,0.4032647494349622,0.5876130144643505,,,POINT (NaN NaN),GBR
2755,2755,0.007831968672125312,0.08678885227479033,0.004656846237479915,5.219842127994495e-06,2.602972537526915e-13,15.833333333333334,0.5146198830409356,0.004162269471918553,0.5993703313653459,0.4032647494349622,0.5876130144643505,,,POINT (NaN NaN),GBR
2756,2756,0.001423994304022784,0.08678885227479033,0.000355998576005696,0.0,1.0218006759764205e-19,1.0,0.8333333333333334,0.004162269471918553,0.5993703313653459,0.4032647494349622,0.5876130144643505,,,POINT (NaN NaN),GBR
2757,2757,0.00177999288002848,0.08678885227479033,0.000800996796012816,2.6623825128631107e-06,4.080467201402909e-19,2.5,0.4,0.004162269471918553,0.5993703313653459,0.4032647494349622,0.5876130144643505,,,POINT (NaN NaN),GBR
2758,2758,0.001423994304022784,0.08678885227479033,0.0,0.0,1.0218006759764205e-19,0.0,0.0,0.004162269471918553,0.5993703313653459,0.4032647494349622,0.5876130144643505,,,POINT (NaN NaN),GBR
2759,2759,0.002135991456034176,0.08678885227479033,0.0,0.0,1.0218006759764205e-19,0.0,0.8333333333333334,0.004162269471918553,0.5993703313653459,0.4032647494349622,0.5876130144643505,,,POINT (NaN NaN),GBR
2760,2760,0.00177999288002848,0.08678885227479033,0.000711997152011392,5.071204786405925e-07,4.0834607580708085e-19,2.0,0.6666666666666666,0.004162269471918553,0.5993703313653459,0.4032647494349622,0.5876130144643505,,,POINT (NaN NaN),GBR
2761,2761,0.002135991456034176,0.08678885227479033,0.0034887860448558207,0.0,1.804130426730555e-13,12.250000000000002,1.0,0.004162269471918553,0.5993703313653459,0.4032647494349622,0.5876130144643505,,,POINT (NaN NaN),GBR
2762,2762,0.008543965824136704,0.08678885227479033,0.003505216748363776,5.368508933178886e-06,1.217867666338662e-13,12.000000000000002,0.6029411764705882,0.004162269471918553,0.5993703313653459,0.4032647494349622,0.5876130144643505,,,POINT (NaN NaN),GBR
2763,2763,0.000355998576005696,0.08678885227479033,0.0,0.0,2.4946305565830578e-23,0.0,0.0,0.004162269471918553,0.5993703313653459,0.4032647494349622,0.5876130144643505,,,POINT (NaN NaN),GBR
2764,2764,0.0,0.08678885227479033,0.0,0.0,2.4946305565830578e-23,0.0,0.0,0.004162269471918553,0.5993703313653459,0.4032647494349622,0.5876130144643505,,,POINT (NaN NaN),GBR
2765,2765,0.0,0.08678885227479033,0.0,0.0,2.4946305565830578e-23,0.0,0.0,0.004162269471918553,0.5993703313653459,0.4032647494349622,0.5876130144643505,,,POINT (NaN NaN),GBR
2766,2766,0.007475970096119616,0.08678885227479033,0.003037854515248606,3.297312603864852e-06,1.1739558646113836e-13,11.166666666666668,0.6166666666666667,0.004162269471918553,0.5993703313653459,0.4032647494349622,0.5876130144643505,,,POINT (NaN NaN),GBR
2767,2767,0.000711997152011392,0.08678885227479033,0.0,0.0,1.0218006759764205e-19,0.0,0.0,0.004162269471918553,0.5993703313653459,0.4032647494349622,0.5876130144643505,,,POINT (NaN NaN),GBR
2768,2768,0.007475970096119616,0.08678885227479033,0.003505216748363776,5.005072590153127e-06,1.17507916631652e-13,12.000000000000002,0.6083333333333333,0.004162269471918553,0.5993703313653459,0.4032647494349622,0.5876130144643505,,,POINT (NaN NaN),GBR
2769,2769,0.006051975792096832,0.08678885227479033,0.003142608119222696,1.1217975249627894e-06,5.797164756168356e-14,10.833333333333336,0.7582417582417582,0.004162269471918553,0.5993703313653459,0.4032647494349622,0.5876130144643505,,,POINT (NaN NaN),GBR
2770,2770,0.003203987184051264,0.08678885227479033,0.002531545429373838,0.0,7.029923046923399e-14,8.833333333333334,1.0,0.004162269471918553,0.5993703313653459,0.4032647494349622,0.5876130144643505,,,POINT (NaN NaN),GBR
2771,2771,0.002135991456034176,0.08678885227479033,0.0022783908864364546,0.0,5.111214917268498e-14,7.583333333333333,1.0,0.004162269471918553,0.5993703313653459,0.4032647494349622,0.5876130144643505,,,POINT (NaN NaN),GBR
2772,2772,0.008187967248131008,0.08678885227479033,0.003375393905831784,4.106142759000428e-06,7.067918605274361e-14,11.5,0.5686274509803921,0.004162269471918553,0.5993703313653459,0.4032647494349622,0.5876130144643505,,,POINT (NaN NaN),GBR
2773,2773,0.002847988608045568,0.08678885227479033,0.0031173929358336624,2.822970664432632e-07,1.3656955091538196e-13,11.000000000000002,0.7857142857142857,0.004162269471918553,0.5993703313653459,0.4032647494349622,0.5876130144643505,,,POINT (NaN NaN),GBR
2774,2774,0.004271982912068352,0.08678885227479033,0.003025987896048416,6.406622046826152e-07,1.495133662690654e-13,11.000000000000002,0.6888888888888889,0.004162269471918553,0.5993703313653459,0.4032647494349622,0.5876130144643505,,,POINT (NaN NaN),GBR
2775,2775,0.003915984336062656,0.08678885227479033,0.003311614660518102,4.944424666745777e-06,1.9121807983344254e-13,11.750000000000002,0.5714285714285714,0.004162269471918553,0.5993703313653459,0.4032647494349622,0.5876130144643505,,,POINT (NaN NaN),GBR
2776,2776,0.001067995728017088,0.08678885227479033,0.000355998576005696,5.071204786405925e-07,3.2430197235579753e-22,1.0,0.6666666666666666,0.004162269471918553,0.5993703313653459,0.4032647494349622,0.5876130144643505,,,POINT (NaN NaN),GBR
2777,2777,0.000711997152011392,0.08678885227479033,0.002491990032039872,0.0,5.167736333059398e-14,8.516666666666664,1.0,0.004162269471918553,0.5993703313653459,0.4032647494349622,0.5876130144643505,,,POINT (NaN NaN),GBR
2778,2778,0.00177999288002848,0.08678885227479033,0.002296765006488361,0.0,5.167736333059398e-14,7.516666666666667,1.0,0.004162269471918553,0.5993703313653459,0.4032647494349622,0.5876130144643505,,,POINT (NaN NaN),GBR
2779,2779,0.000711997152011392,0.08678885227479033,0.0,0.0,2.4946305565830578e-23,0.0,1.0,0.004162269471918553,0.5993703313653459,0.4032647494349622,0.5876130144643505,,,POINT (NaN NaN),GBR
2780,2780,0.006407974368102528,0.08678885227479033,0.001802242791028836,1.7606501738021352e-06,6.208010376954213e-16,6.166666666666666,0.6583333333333333,0.004162269471918553,0.5993703313653459,0.4032647494349622,0.5876130144643505,,,POINT (NaN NaN),GBR
2781,2781,0.006407974368102528,0.08678885227479033,0.0016274220617403246,2.290210069247374e-06,3.89576525391961e-16,5.666666666666666,0.7582417582417582,0.004162269471918553,0.5993703313653459,0.4032647494349622,0.5876130144643505,,,POINT (NaN NaN),GBR
2782,2782,0.000711997152011392,0.08678885227479033,0.0,0.0,1.0218006759764205e-19,0.0,0.0,0.004162269471918553,0.5993703313653459,0.4032647494349622,0.5876130144643505,,,POINT (NaN NaN),GBR
2783,2783,0.004271982912068352,0.08678885227479033,0.0018986590720303786,1.09009111401172e-05,2.8352716106953077e-16,6.0,0.7090909090909091,0.004162269471918553,0.5993703313653459,0.4032647494349622,0.5876130144643505,,,POINT (NaN NaN),GBR
2784,2784,0.005695977216091136,0.08678885227479033,0.001518927257624303,1.6965937167607237e-06,2.77246354878305e-16,5.166666666666666,0.7692307692307693,0.004162269471918553,0.5993703313653459,0.4032647494349622,0.5876130144643505,,,POINT (NaN NaN),GBR
2785,2785,0.003203987184051264,0.08678885227479033,0.00088999644001424,3.922892913793091e-06,9.62124123801841e-18,3.166666666666667,0.6111111111111112,0.004162269471918553,0.5993703313653459,0.4032647494349622,0.5876130144643505,,,POINT (NaN NaN),GBR
2786,2786,0.001067995728017088,0.08678885227479033,0.0011124955500178,0.0,1.5192300089590826e-20,3.8333333333333335,0.0,0.004162269471918553,0.5993703313653459,0.4032647494349622,0.5876130144643505,,,POINT (NaN NaN),GBR
2787,2787,0.000711997152011392,0.08678885227479033,0.0008137110308701623,0.0,7.758301030973312e-21,2.8333333333333335,0.0,0.004162269471918553,0.5993703313653459,0.4032647494349622,0.5876130144643505,,,POINT (NaN NaN),GBR
2788,2788,0.000711997152011392,0.08678885227479033,0.0,0.0,1.0218006759764205e-19,0.0,0.0,0.004162269471918553,0.5993703313653459,0.4032647494349622,0.5876130144643505,,,POINT (NaN NaN),GBR
2789,2789,0.002847988608045568,0.08678885227479033,0.0009493295360151893,2.028813957732909e-06,2.0470614045348226e-17,3.0,0.5333333333333333,0.004162269471918553,0.5993703313653459,0.4032647494349622,0.5876130144643505,,,POINT (NaN NaN),GBR
2790,2790,0.001423994304022784,0.08678885227479033,0.0014833274000237333,0.0,1.7138111923725615e-20,4.5,0.3333333333333333,0.004162269471918553,0.5993703313653459,0.4032647494349622,0.5876130144643505,,,POINT (NaN NaN),GBR
2791,2791,0.000711997152011392,0.08678885227479033,0.0,0.0,2.4946305565830578e-23,0.0,0.0,0.004162269471918553,0.5993703313653459,0.4032647494349622,0.5876130144643505,,,POINT (NaN NaN),GBR
2792,2792,0.000711997152011392,0.08678885227479033,0.0,0.0,1.0218006759764205e-19,0.0,0.0,0.004162269471918553,0.5993703313653459,0.4032647494349622,0.5876130144643505,,,POINT (NaN NaN),GBR
2793,2793,0.002135991456034176,0.08678885227479033,0.001067995728017088,8.540723875362536e-06,2.3302793062542542e-17,3.0,0.3,0.004162269471918553,0.5993703313653459,0.4032647494349622,0.5876130144643505,,,POINT (NaN NaN),GBR
2794,2794,0.001067995728017088,0.08678885227479033,0.0,0.0,2.4946305565830578e-23,0.0,0.6666666666666666,0.004162269471918553,0.5993703313653459,0.4032647494349622,0.5876130144643505,,,POINT (NaN NaN),GBR
2795,2795,0.002135991456034176,0.08678885227479033,0.000800996796012816,2.5356023932029627e-07,3.4151866514205566e-17,2.5,1.0,0.004162269471918553,0.5993703313653459,0.4032647494349622,0.5876130144643505,,,POINT (NaN NaN),GBR
2796,2796,0.001067995728017088,0.08678885227479033,0.00047466476800759466,1.2678011966014813e-07,1.9707581397006163e-21,1.5,0.3333333333333333,0.004162269471918553,0.5993703313653459,0.4032647494349622,0.5876130144643505,,,POINT (NaN NaN),GBR
2797,2797,0.001067995728017088,0.08678885227479033,0.00047466476800759466,3.803403589804444e-07,1.9707581397006163e-21,1.5,0.0,0.004162269471918553,0.5993703313653459,0.4032647494349622,0.5876130144643505,,,POINT (NaN NaN),GBR
2798,2798,0.001067995728017088,0.08678885227479033,0.000533997864008544,0.0,1.590010161741014e-17,1.8333333333333333,1.0,0.004162269471918553,0.5993703313653459,0.4032647494349622,0.5876130144643505,,,POINT (NaN NaN),GBR
2799,2799,0.000711997152011392,0.08678885227479033,0.00047466476800759466,0.0,1.9707581397006163e-21,1.5,1.0,0.004162269471918553,0.5993703313653459,0.4032647494349622,0.5876130144643505,,,POINT (NaN NaN),GBR
2800,2800,0.000355998576005696,0.08678885227479033,0.0,0.0,2.4946305565830578e-23,0.0,0.0,0.004162269471918553,0.5993703313653459,0.4032647494349622,0.5876130144643505,,,POINT (NaN NaN),GBR
2801,2801,0.000355998576005696,0.08678885227479033,0.0,0.0,2.4946305565830578e-23,0.0,0.0,0.004162269471918553,0.5993703313653459,0.4032647494349622,0.5876130144643505,,,POINT (NaN NaN),GBR
2802,2802,0.00177999288002848,0.08678885227479033,0.000355998576005696,7.606807179608888e-07,3.2430197235579753e-22,1.0,0.2,0.004162269471918553,0.5993703313653459,0.4032647494349622,0.5876130144643505,,,POINT (NaN NaN),GBR
2803,2803,0.000711997152011392,0.08678885227479033,0.0,0.0,1.0218006759764205e-19,0.0,0.0,0.004162269471918553,0.5993703313653459,0.4032647494349622,0.5876130144643505,,,POINT (NaN NaN),GBR
2804,2804,0.0,0.08678885227479033,0.0,0.0,2.4946305565830578e-23,0.0,0.0,0.004162269471918553,0.5993703313653459,0.4032647494349622,0.5876130144643505,,,POINT (NaN NaN),GBR
2805,2805,0.001067995728017088,0.08678885227479033,0.000355998576005696,0.0,7.152604731834944e-19,1.0,0.0,0.004162269471918553,0.5993703313653459,0.4032647494349622,0.5876130144643505,,,POINT (NaN NaN),GBR
2806,2806,0.001067995728017088,0.08678885227479033,0.0,0.0,1.0218006759764205e-19,0.0,0.0,0.004162269471918553,0.5993703313653459,0.4032647494349622,0.5876130144643505,,,POINT (NaN NaN),GBR
2807,2807,0.000711997152011392,0.08678885227479033,0.0,0.0,1.0218006759764205e-19,0.0,0.0,0.004162269471918553,0.5993703313653459,0.4032647494349622,0.5876130144643505,,,POINT (NaN NaN),GBR
2808,2808,0.000711997152011392,0.08678885227479033,0.0,0.0,1.0218006759764205e-19,0.0,0.0,0.004162269471918553,0.5993703313653459,0.4032647494349622,0.5876130144643505,,,POINT (NaN NaN),GBR
2809,2809,0.000711997152011392,0.08678885227479033,0.0,0.0,1.0218006759764205e-19,0.0,0.0,0.004162269471918553,0.5993703313653459,0.4032647494349622,0.5876130144643505,,,POINT (NaN NaN),GBR
2810,0,1.7318435754189945,0.22779486535685148,0.8325581395348837,0.0008221532131684996,0.0692300401652986,161.0,0.9917960088691796,0.8566418373680944,0.9840322593883926,0.9079578097200904,0.9918949121337004,73.1615676879883,-0.629658222198486,POINT (73.1615676879883 -0.629658222198486),IO
2811,1,1.7039106145251397,0.22779486535685148,0.817351598173516,0.0007609992780675782,0.06703138032579194,159.0,0.9916205297022296,0.8566418373680944,0.9840322593883926,0.9079578097200904,0.9918949121337004,73.4145431518555,-0.299794942140579,POINT (73.4145431518555 -0.299794942140579),IO
2812,2,1.6648044692737431,0.22779486535685148,0.7427385892116183,0.001460813853437901,0.056086071569910086,148.0,0.9737618479693679,0.8566418373680944,0.9840322593883926,0.9079578097200904,0.9918949121337004,70.8493347167969,-7.58122968673706,POINT (70.8493347167969 -7.58122968673706),IO
2813,3,1.5977653631284916,0.22779486535685148,0.7047244094488189,0.0011537264157142964,0.05014207186028409,141.83333333333331,0.9737618479693679,0.8566418373680944,0.9840322593883926,0.9079578097200904,0.9918949121337004,71.4388427734375,-7.25930309295654,POINT (71.4388427734375 -7.25930309295654),IO
2814,4,1.6145251396648046,0.22779486535685148,0.7131474103585658,0.001253401861829303,0.05178296816500947,143.33333333333331,0.9737618479693679,0.8566418373680944,0.9840322593883926,0.9079578097200904,0.9918949121337004,71.3569107055664,-7.07410001754761,POINT (71.3569107055664 -7.07410001754761),IO
2815,5,1.6368715083798884,0.22779486535685148,0.7276422764227642,0.0013346776611894368,0.053707119303127694,145.5,0.9737618479693679,0.8566418373680944,0.9840322593883926,0.9079578097200904,0.9918949121337004,71.1980972290039,-6.95996236801147,POINT (71.1980972290039 -6.95996236801147),IO
2816,6,1.446927374301676,0.22779486535685148,0.6392857142857142,0.0006114236618362587,0.03674586234037316,129.16666666666666,0.976502311248074,0.8566418373680944,0.9840322593883926,0.9079578097200904,0.9918949121337004,72.4337310791016,-7.33021450042725,POINT (72.4337310791016 -7.33021450042725),IO
2817,7,1.463687150837989,0.22779486535685148,0.6485507246376812,0.0006013087944156388,0.03816742220407012,130.83333333333331,0.976502311248074,0.8566418373680944,0.9840322593883926,0.9079578097200904,0.9918949121337004,71.6958389282227,-6.6157374382019,POINT (71.6958389282227 -6.6157374382019),IO
2818,8,1.5865921787709498,0.22779486535685148,0.69921875,0.0011490468605387274,0.049099925010819785,140.83333333333331,0.9737618479693679,0.8566418373680944,0.9840322593883926,0.9079578097200904,0.9918949121337004,71.3527297973633,-6.51969766616821,POINT (71.3527297973633 -6.51969766616821),IO
2819,9,1.5418994413407823,0.22779486535685148,0.678030303030303,0.0008435290423723683,0.04471990051740134,136.83333333333331,0.9737618479693679,0.8566418373680944,0.9840322593883926,0.9079578097200904,0.9918949121337004,71.3861999511719,-6.26526641845703,POINT (71.3861999511719 -6.26526641845703),IO
2820,10,1.463687150837989,0.22779486535685148,0.6485507246376812,0.0005933991343035114,0.03817191253845308,130.83333333333331,0.976502311248074,0.8566418373680944,0.9840322593883926,0.9079578097200904,0.9918949121337004,71.6470031738281,-6.31963205337524,POINT (71.6470031738281 -6.31963205337524),IO
2821,11,1.4301675977653632,0.22779486535685148,0.6325088339222615,0.0004404742095412189,0.03484608693520566,127.66666666666666,0.976502311248074,0.8566418373680944,0.9840322593883926,0.9079578097200904,0.9918949121337004,71.9922027587891,-6.20155954360962,POINT (71.9922027587891 -6.20155954360962),IO
2822,12,1.5307262569832403,0.22779486535685148,0.678030303030303,0.0008651706083970133,0.044694421572017064,136.83333333333331,0.976502311248074,0.8566418373680944,0.9840322593883926,0.9079578097200904,0.9918949121337004,71.5873718261719,-6.07008361816406,POINT (71.5873718261719 -6.07008361816406),IO
2823,13,1.4972067039106145,0.22779486535685148,0.662962962962963,0.0007089066524552912,0.04140113417445492,133.83333333333331,0.976502311248074,0.8566418373680944,0.9840322593883926,0.9079578097200904,0.9918949121337004,71.6727981567383,-5.88501644134522,POINT (71.6727981567383 -5.88501644134522),IO
2824,14,1.5027932960893855,0.22779486535685148,0.6654275092936803,0.0007234525161616774,0.04195025011643877,134.33333333333331,0.976502311248074,0.8566418373680944,0.9840322593883926,0.9079578097200904,0.9918949121337004,71.9089508056641,-5.92900991439819,POINT (71.9089508056641 -5.92900991439819),IO
2825,15,1.4748603351955307,0.22779486535685148,0.6580882352941176,0.0007016610056059798,0.04030037314294746,132.83333333333331,0.977799671592775,0.8566418373680944,0.9840322593883926,0.9079578097200904,0.9918949121337004,72.1115417480469,-5.69711780548096,POINT (72.1115417480469 -5.69711780548096),IO
2826,16,1.452513966480447,0.22779486535685148,0.6485507246376812,0.0005784463074207406,0.03811134148965982,130.83333333333331,0.977799671592775,0.8566418373680944,0.9840322593883926,0.9079578097200904,0.9918949121337004,72.367317199707,-5.74156522750855,POINT (72.367317199707 -5.74156522750855),IO
2827,17,1.4357541899441342,0.22779486535685148,0.6392857142857142,0.000506886782199361,0.03647646904524126,129.16666666666666,0.977799671592775,0.8566418373680944,0.9840322593883926,0.9079578097200904,0.9918949121337004,72.6323165893555,-5.81217050552368,POINT (72.6323165893555 -5.81217050552368),IO
2828,18,1.4357541899441342,0.22779486535685148,0.6415770609318996,0.0005159866668384124,0.036466935443973066,129.33333333333331,0.977799671592775,0.8566418373680944,0.9840322593883926,0.9079578097200904,0.9918949121337004,72.3787994384766,-5.94890880584717,POINT (72.3787994384766 -5.94890880584717),IO
2829,19,1.3966480446927374,0.22779486535685148,0.6236933797909407,0.0004203261383625476,0.03267457393033622,125.66666666666666,0.977799671592775,0.8566418373680944,0.9840322593883926,0.9079578097200904,0.9918949121337004,72.6324920654297,-6.14600658416748,POINT (72.6324920654297 -6.14600658416748),IO
2830,20,1.3910614525139666,0.22779486535685148,0.6172413793103448,0.0003351839024532897,0.031037187366572214,124.16666666666666,0.976502311248074,0.8566418373680944,0.9840322593883926,0.9079578097200904,0.9918949121337004,72.369758605957,-6.40780115127564,POINT (72.369758605957 -6.40780115127564),IO
2831,21,1.4189944134078212,0.22779486535685148,0.6280701754385964,0.00041859943373149584,0.03377786410938347,126.66666666666666,0.976502311248074,0.8566418373680944,0.9840322593883926,0.9079578097200904,0.9918949121337004,72.2612075805664,-6.70978593826294,POINT (72.2612075805664 -6.70978593826294),IO
2832,22,1.5251396648044693,0.22779486535685148,0.6911196911196911,0.0009733939868510159,0.046682717178730904,139.0,0.9784441724466204,0.8566418373680944,0.9840322593883926,0.9079578097200904,0.9918949121337004,71.84033203125,-5.33932161331177,POINT (71.84033203125 -5.33932161331177),IO
2833,23,1.5195530726256983,0.22779486535685148,0.6884615384615385,0.000999567704876766,0.046205613019748196,138.5,0.9784441724466204,0.8566418373680944,0.9840322593883926,0.9079578097200904,0.9918949121337004,72.314582824707,-5.33153867721558,POINT (72.314582824707 -5.33153867721558),IO
2834,24,1.5754189944134078,0.22779486535685148,0.716,0.0012516337711343819,0.05165350608026043,143.5,0.9784441724466204,0.8566418373680944,0.9840322593883926,0.9079578097200904,0.9918949121337004,72.3627471923828,-4.89843940734863,POINT (72.3627471923828 -4.89843940734863),IO
2835,25,0.9329608938547487,0.22779486535685148,0.5424242424242425,0.0006162626603525835,0.009363844236715999,106.5,0.9778668525618682,0.8566418373680944,0.9840322593883926,0.9079578097200904,0.9918949121337004,57.3820419311523,-20.3691177368164,POINT (57.3820419311523 -20.3691177368164),IO
2836,26,1.0167597765363128,0.22779486535685148,0.5424242424242425,0.0002750823367077925,0.009727274105476061,106.5,0.9778515258639348,0.8566418373680944,0.9840322593883926,0.9079578097200904,0.9918949121337004,57.6751480102539,-19.9987506866455,POINT (57.6751480102539 -19.9987506866455),IO
2837,27,0.9162011173184358,0.22779486535685148,0.5440729483282675,0.0005950274413947735,0.00986864064751356,107.0,0.9787774351532741,0.8566418373680944,0.9840322593883926,0.9079578097200904,0.9918949121337004,57.7507133483887,-20.3807334899902,POINT (57.7507133483887 -20.3807334899902),IO
2838,28,0.9385474860335196,0.22779486535685148,0.5559006211180124,5.510098141036737e-05,0.014937926563875006,110.16666666666666,0.9795807453416149,0.8566418373680944,0.9840322593883926,0.9079578097200904,0.9918949121337004,63.3773460388184,-19.7440433502197,POINT (63.3773460388184 -19.7440433502197),IO
2839,29,1.111731843575419,0.22779486535685148,0.5700636942675159,0.0001243132829749674,0.018940840943523905,114.16666666666666,0.9750256805341551,0.8566418373680944,0.9840322593883926,0.9079578097200904,0.9918949121337004,59.6190452575684,-16.5856266021729,POINT (59.6190452575684 -16.5856266021729),IO
2840,30,1.8100558659217878,0.22779486535685148,0.8483412322274881,0.001691959451490072,0.0703944920086479,163.0,0.9746080111724751,0.8566418373680944,0.9840322593883926,0.9079578097200904,0.9918949121337004,56.647331237793,-10.4175081253052,POINT (56.647331237793 -10.4175081253052),IO
2841,31,1.8547486033519553,0.22779486535685148,0.9728260869565217,0.0007302124308892039,0.08249207418135555,176.5,0.9874807395993837,0.8566418373680944,0.9840322593883926,0.9079578097200904,0.9918949121337004,46.2614326477051,-9.48230743408203,POINT (46.2614326477051 -9.48230743408203),IO
2842,32,1.8547486033519553,0.22779486535685148,0.9728260869565217,0.0007502606962065076,0.08249207418135555,176.5,0.9874807395993837,0.8566418373680944,0.9840322593883926,0.9079578097200904,0.9918949121337004,46.2545433044434,-9.36136722564697,POINT (46.2545433044434 -9.36136722564697),IO
2843,33,1.916201117318436,0.22779486535685148,0.9728260869565217,0.0012872146571722397,0.08249207418135555,176.5,0.9874807395993837,0.8566418373680944,0.9840322593883926,0.9079578097200904,0.9918949121337004,46.4584617614746,-9.36826705932617,POINT (46.4584617614746 -9.36826705932617),IO
2844,34,1.8938547486033521,0.22779486535685148,0.9728260869565217,0.0010069923052498273,0.08249207418135555,176.5,0.9874807395993837,0.8566418373680944,0.9840322593883926,0.9079578097200904,0.9918949121337004,46.4583282470703,-9.45389175415039,POINT (46.4583282470703 -9.45389175415039),IO
2845,35,1.899441340782123,0.22779486535685148,0.9781420765027322,0.0010920306861528632,0.08302828319407439,177.0,0.9874807395993837,0.8566418373680944,0.9840322593883926,0.9079578097200904,0.9918949121337004,46.5133323669434,-9.7256965637207,POINT (46.5133323669434 -9.7256965637207),IO
2846,36,1.9273743016759777,0.22779486535685148,0.9728260869565217,0.0013940952822234013,0.08249207418135555,176.5,0.9874807395993837,0.8566418373680944,0.9840322593883926,0.9079578097200904,0.9918949121337004,47.5824203491211,-9.71393489837647,POINT (47.5824203491211 -9.71393489837647),IO
2847,37,1.8826815642458101,0.22779486535685148,0.9728260869565217,0.0009365780598193152,0.08249207418135555,176.5,0.9874807395993837,0.8566418373680944,0.9840322593883926,0.9079578097200904,0.9918949121337004,47.7388229370117,-10.0787000656128,POINT (47.7388229370117 -10.0787000656128),IO
2848,38,1.8826815642458101,0.22779486535685148,0.9322916666666666,0.0011014403268811948,0.07841303302342376,172.5,0.9874807395993837,0.8566418373680944,0.9840322593883926,0.9079578097200904,0.9918949121337004,50.3781852722168,-9.97075271606445,POINT (50.3781852722168 -9.97075271606445),IO
2849,39,1.8770949720670391,0.22779486535685148,0.9322916666666666,0.0010842190909251793,0.07841303302342376,172.5,0.9874807395993837,0.8566418373680944,0.9840322593883926,0.9079578097200904,0.9918949121337004,50.7775001525879,-10.0197677612305,POINT (50.7775001525879 -10.0197677612305),IO
2850,40,1.8491620111731844,0.22779486535685148,0.9040404040404041,0.0010135266873133877,0.0752106047459434,169.5,0.9874807395993837,0.8566418373680944,0.9840322593883926,0.9079578097200904,0.9918949121337004,51.0973129272461,-10.17893409729,POINT (51.0973129272461 -10.17893409729),IO
2851,41,1.8659217877094973,0.22779486535685148,0.9179487179487179,0.0010549139053666978,0.07714659991076754,171.0,0.9874807395993837,0.8566418373680944,0.9840322593883926,0.9079578097200904,0.9918949121337004,51.2024993896484,-9.78334999084473,POINT (51.2024993896484 -9.78334999084473),IO
2852,42,1.8491620111731844,0.22779486535685148,0.9040404040404041,0.001019856877414347,0.0759257215315512,169.5,0.9874807395993837,0.8566418373680944,0.9840322593883926,0.9079578097200904,0.9918949121337004,51.3349990844727,-9.70697021484375,POINT (51.3349990844727 -9.70697021484375),IO
2853,43,1.8826815642458101,0.22779486535685148,0.9226804123711341,0.0012306206001141994,0.07791541864460597,171.5,0.9874807395993837,0.8566418373680944,0.9840322593883926,0.9079578097200904,0.9918949121337004,51.042552947998,-9.4032564163208,POINT (51.042552947998 -9.4032564163208),IO
2854,44,1.8715083798882681,0.22779486535685148,0.9226804123711341,0.0010448129510660876,0.07791541864460597,171.5,0.9876623376623377,0.8566418373680944,0.9840322593883926,0.9079578097200904,0.9918949121337004,50.7300033569336,-9.33714866638184,POINT (50.7300033569336 -9.33714866638184),IO
2855,45,1.8603351955307263,0.22779486535685148,0.9086294416243654,0.0010712751004417341,0.07769274220930524,170.0,0.9922704664605457,0.8566418373680944,0.9840322593883926,0.9079578097200904,0.9918949121337004,51.0560035705566,-8.80194282531738,POINT (51.0560035705566 -8.80194282531738),IO
2856,46,1.8882681564245811,0.22779486535685148,0.9086294416243654,0.0016220254346951176,0.07806363527446676,170.0,0.9787192118226601,0.8566418373680944,0.9840322593883926,0.9079578097200904,0.9918949121337004,52.75,-7.12040948867798,POINT (52.75 -7.12040948867798),IO
2857,47,1.8938547486033521,0.22779486535685148,0.9132653061224489,0.0016386529747589736,0.07812702326070545,170.5,0.9781818181818182,0.8566418373680944,0.9840322593883926,0.9079578097200904,0.9918949121337004,52.7446098327637,-7.02346229553223,POINT (52.7446098327637 -7.02346229553223),IO
2858,48,1.905027932960894,0.22779486535685148,0.9226804123711341,0.0020038308874081832,0.07914411503787311,171.5,0.9781818181818182,0.8566418373680944,0.9840322593883926,0.9079578097200904,0.9918949121337004,53.1011123657227,-6.2088623046875,POINT (53.1011123657227 -6.2088623046875),IO
2859,49,1.8938547486033521,0.22779486535685148,0.9132653061224489,0.0016386529747589736,0.07812702326070545,170.5,0.9781818181818182,0.8566418373680944,0.9840322593883926,0.9079578097200904,0.9918949121337004,52.8511123657227,-6.07961177825928,POINT (52.8511123657227 -6.07961177825928),IO
2860,50,1.8938547486033521,0.22779486535685148,0.9132653061224489,0.0016386529747589736,0.07812702326070545,170.5,0.9781818181818182,0.8566418373680944,0.9840322593883926,0.9079578097200904,0.9918949121337004,53.0699996948242,-6.01773691177368,POINT (53.0699996948242 -6.01773691177368),IO
2861,51,1.8938547486033521,0.22779486535685148,0.9132653061224489,0.0016386529747589736,0.07812702326070545,170.5,0.9781818181818182,0.8566418373680944,0.9840322593883926,0.9079578097200904,0.9918949121337004,53.1100006103516,-5.78896188735962,POINT (53.1100006103516 -5.78896188735962),IO
2862,52,1.8938547486033521,0.22779486535685148,0.9132653061224489,0.0016386529747589736,0.07812702326070545,170.5,0.9781818181818182,0.8566418373680944,0.9840322593883926,0.9079578097200904,0.9918949121337004,53.3099975585938,-5.75911378860474,POINT (53.3099975585938 -5.75911378860474),IO
2863,53,1.899441340782123,0.22779486535685148,0.9179487179487179,0.0017385372215805398,0.07866873687817998,171.0,0.9781818181818182,0.8566418373680944,0.9840322593883926,0.9079578097200904,0.9918949121337004,53.6511077880859,-5.64766931533814,POINT (53.6511077880859 -5.64766931533814),IO
2864,54,1.8938547486033521,0.22779486535685148,0.9132653061224489,0.0016386529747589736,0.07812702326070545,170.5,0.9781818181818182,0.8566418373680944,0.9840322593883926,0.9079578097200904,0.9918949121337004,53.3304748535156,-5.4245285987854,POINT (53.3304748535156 -5.4245285987854),IO
2865,55,1.8938547486033521,0.22779486535685148,0.9179487179487179,0.001530890721782238,0.07866873687817998,171.0,0.9791133004926108,0.8566418373680944,0.9840322593883926,0.9079578097200904,0.9918949121337004,53.3327255249023,-5.10390186309815,POINT (53.3327255249023 -5.10390186309815),IO
2866,56,1.8882681564245811,0.22779486535685148,0.9179487179487179,0.0014270161795129645,0.07866873687817998,171.0,0.986645405620889,0.8566418373680944,0.9840322593883926,0.9079578097200904,0.9918949121337004,53.3781852722168,-4.89017534255981,POINT (53.3781852722168 -4.89017534255981),IO
2867,57,1.8938547486033521,0.22779486535685148,0.9040404040404041,0.002487789344090653,0.07745545173847361,169.5,0.976502311248074,0.8566418373680944,0.9840322593883926,0.9079578097200904,0.9918949121337004,55.3307952880859,-5.9122805595398,POINT (55.3307952880859 -5.9122805595398),IO
2868,58,1.899441340782123,0.22779486535685148,0.9040404040404041,0.0030632163972901675,0.07756988633673542,169.5,0.9750523709769567,0.8566418373680944,0.9840322593883926,0.9079578097200904,0.9918949121337004,56.21875,-7.13322448730469,POINT (56.21875 -7.13322448730469),IO
2869,59,1.8826815642458101,0.22779486535685148,0.9086294416243654,0.0014370840401613473,0.07757888791214321,170.0,0.9791133004926108,0.8566418373680944,0.9840322593883926,0.9079578097200904,0.9918949121337004,55.2362518310547,-4.4680700302124,POINT (55.2362518310547 -4.4680700302124),IO
2870,60,1.8715083798882681,0.22779486535685148,0.8994974874371859,0.0013973162498822954,0.07696170280074227,169.0,0.9791133004926108,0.8566418373680944,0.9840322593883926,0.9079578097200904,0.9918949121337004,55.5099983215332,-4.77189683914185,POINT (55.5099983215332 -4.77189683914185),IO
2871,61,1.8715083798882681,0.22779486535685148,0.895,0.0015530343199959718,0.07685102744235194,168.5,0.9787192118226601,0.8566418373680944,0.9840322593883926,0.9079578097200904,0.9918949121337004,55.4049987792969,-4.65372800827026,POINT (55.4049987792969 -4.65372800827026),IO
2872,62,1.8770949720670391,0.22779486535685148,0.8994974874371859,0.001578108023331758,0.07739206375223492,169.0,0.9787192118226601,0.8566418373680944,0.9840322593883926,0.9079578097200904,0.9918949121337004,55.4895210266113,-4.60768795013428,POINT (55.4895210266113 -4.60768795013428),IO
2873,63,1.8659217877094973,0.22779486535685148,0.8905472636815921,0.0015265342424162494,0.07635727850462058,168.0,0.9787192118226601,0.8566418373680944,0.9840322593883926,0.9079578097200904,0.9918949121337004,55.7649955749512,-4.58395671844482,POINT (55.7649955749512 -4.58395671844482),IO
2874,64,1.8770949720670391,0.22779486535685148,0.9040404040404041,0.0014211196145365048,0.07745545173847361,169.5,0.9791133004926108,0.8566418373680944,0.9840322593883926,0.9079578097200904,0.9918949121337004,55.939998626709,-4.58395671844482,POINT (55.939998626709 -4.58395671844482),IO
2875,65,1.8770949720670391,0.22779486535685148,0.8994974874371859,0.0015795609314905525,0.07744645016306581,169.0,0.9787192118226601,0.8566418373680944,0.9840322593883926,0.9079578097200904,0.9918949121337004,55.8663597106934,-4.334716796875,POINT (55.8663597106934 -4.334716796875),IO
2876,66,1.8715083798882681,0.22779486535685148,0.895,0.001554487228154767,0.07690541385318284,168.5,0.9787192118226601,0.8566418373680944,0.9840322593883926,0.9079578097200904,0.9918949121337004,55.7356491088867,-4.31954288482666,POINT (55.7356491088867 -4.31954288482666),IO
2877,67,1.8659217877094973,0.22779486535685148,0.895,0.001383567992221171,0.07690541385318284,168.5,0.9796691249750847,0.8566418373680944,0.9840322593883926,0.9079578097200904,0.9918949121337004,55.6699981689453,-4.21505260467529,POINT (55.6699981689453 -4.21505260467529),IO
2878,68,1.8770949720670391,0.22779486535685148,0.9040404040404041,0.0014220763915517127,0.07756988633673542,169.5,0.9796691249750847,0.8566418373680944,0.9840322593883926,0.9079578097200904,0.9918949121337004,55.6614265441895,-3.78895735740662,POINT (55.6614265441895 -3.78895735740662),IO
2879,69,1.4413407821229052,0.22779486535685148,0.8523809523809524,6.314628845403576e-05,0.07552696919979777,163.5,0.9975920192638459,0.8566418373680944,0.9840322593883926,0.9079578097200904,0.9918949121337004,43.6712493896484,-23.4277629852295,POINT (43.6712493896484 -23.4277629852295),IO
2880,70,1.4078212290502794,0.22779486535685148,0.8325581395348837,4.521380651710521e-05,0.07278018217172401,161.0,0.9975920192638459,0.8566418373680944,0.9840322593883926,0.9079578097200904,0.9918949121337004,43.5075912475586,-23.0495567321777,POINT (43.5075912475586 -23.0495567321777),IO
2881,71,1.458100558659218,0.22779486535685148,0.8689320388349514,4.0779749849860356e-05,0.074082352887118,165.5,0.9933481152993349,0.8566418373680944,0.9840322593883926,0.9079578097200904,0.9918949121337004,43.2599983215332,-22.4930915832519,POINT (43.2599983215332 -22.4930915832519),IO
2882,72,1.5921787709497208,0.22779486535685148,0.9781420765027322,9.902615866685461e-05,0.08350248942269259,177.0,0.9892857142857143,0.8566418373680944,0.9840322593883926,0.9079578097200904,0.9918949121337004,43.2493438720703,-21.9015083312988,POINT (43.2493438720703 -21.9015083312988),IO
2883,73,1.5307262569832403,0.22779486535685148,0.927461139896373,5.94030097661015e-05,0.07802906461565307,172.0,0.9892857142857143,0.8566418373680944,0.9840322593883926,0.9079578097200904,0.9918949121337004,43.695858001709,-21.1533050537109,POINT (43.695858001709 -21.1533050537109),IO
2884,74,1.5307262569832403,0.22779486535685148,0.927461139896373,6.353077186194145e-05,0.07803257435661443,172.0,0.9892857142857143,0.8566418373680944,0.9840322593883926,0.9079578097200904,0.9918949121337004,43.9131813049316,-20.7375869750977,POINT (43.9131813049316 -20.7375869750977),IO
2885,75,1.7374301675977655,0.22779486535685148,0.988950276243094,0.00025343564470832746,0.08410531383875108,178.0,0.9874807395993837,0.8566418373680944,0.9840322593883926,0.9079578097200904,0.9918949121337004,43.895622253418,-18.3464431762695,POINT (43.895622253418 -18.3464431762695),IO
2886,76,1.7486033519553073,0.22779486535685148,0.9781420765027322,0.00026520591806468235,0.08301606262354934,177.0,0.9874807395993837,0.8566418373680944,0.9840322593883926,0.9079578097200904,0.9918949121337004,43.695556640625,-17.4171237945557,POINT (43.695556640625 -17.4171237945557),IO
2887,77,1.7486033519553073,0.22779486535685148,0.9421052631578948,0.00029761110139000173,0.07919575469176024,173.5,0.9874807395993837,0.8566418373680944,0.9840322593883926,0.9079578097200904,0.9918949121337004,44.2472724914551,-16.4014301300049,POINT (44.2472724914551 -16.4014301300049),IO
2888,78,1.6648044692737431,0.22779486535685148,0.9086294416243654,0.00021162371099721645,0.07576043917492441,170.0,0.9876623376623377,0.8566418373680944,0.9840322593883926,0.9079578097200904,0.9918949121337004,45.2304000854492,-15.9803733825684,POINT (45.2304000854492 -15.9803733825684),IO
2889,79,1.7430167597765365,0.22779486535685148,0.9322916666666666,0.0002950546503552281,0.07810299373559712,172.5,0.9874807395993837,0.8566418373680944,0.9840322593883926,0.9079578097200904,0.9918949121337004,46.0824394226074,-15.7201557159424,POINT (46.0824394226074 -15.7201557159424),IO
2890,80,1.7541899441340782,0.22779486535685148,0.9421052631578948,0.0003041331009220257,0.07919575469176024,173.5,0.9874807395993837,0.8566418373680944,0.9840322593883926,0.9079578097200904,0.9918949121337004,46.9476013183594,-15.217565536499,POINT (46.9476013183594 -15.217565536499),IO
2891,81,1.776536312849162,0.22779486535685148,0.9623655913978495,0.00035455423736727995,0.08137516631882397,175.5,0.9874807395993837,0.8566418373680944,0.9840322593883926,0.9079578097200904,0.9918949121337004,47.2458038330078,-14.8853015899658,POINT (47.2458038330078 -14.8853015899658),IO
2892,82,1.7988826815642458,0.22779486535685148,0.9781420765027322,0.0005738321214282289,0.0826280428352529,177.0,0.9808925284072875,0.8566418373680944,0.9840322593883926,0.9079578097200904,0.9918949121337004,47.6083602905273,-14.5110235214233,POINT (47.6083602905273 -14.5110235214233),IO
2893,83,1.793296089385475,0.22779486535685148,0.9675675675675676,0.0005737953934973121,0.08153528187908976,176.0,0.9808925284072875,0.8566418373680944,0.9840322593883926,0.9079578097200904,0.9918949121337004,47.8452568054199,-14.0724840164185,POINT (47.8452568054199 -14.0724840164185),IO
2894,84,1.7988826815642458,0.22779486535685148,0.9728260869565217,0.00035630885475206004,0.08247754730121098,176.5,0.9874807395993837,0.8566418373680944,0.9840322593883926,0.9079578097200904,0.9918949121337004,47.9468269348145,-13.6668510437012,POINT (47.9468269348145 -13.6668510437012),IO
2895,85,1.7430167597765365,0.22779486535685148,0.9226804123711341,0.0003059712096709471,0.07701374252039535,171.5,0.9874807395993837,0.8566418373680944,0.9840322593883926,0.9079578097200904,0.9918949121337004,48.3329277038574,-13.3650178909302,POINT (48.3329277038574 -13.3650178909302),IO
2896,86,1.7486033519553073,0.22779486535685148,0.9226804123711341,0.0003278168155669514,0.07701374252039535,171.5,0.9874807395993837,0.8566418373680944,0.9840322593883926,0.9079578097200904,0.9918949121337004,48.5922393798828,-12.8991441726685,POINT (48.5922393798828 -12.8991441726685),IO
2897,87,1.8659217877094973,0.22779486535685148,0.9944444444444445,0.0009411151163735012,0.08425580937279299,178.5,0.9808925284072875,0.8566418373680944,0.9840322593883926,0.9079578097200904,0.9918949121337004,46.5279998779297,-12.3301382064819,POINT (46.5279998779297 -12.3301382064819),IO
2898,88,1.782122905027933,0.22779486535685148,0.9421052631578948,0.0003864952177912009,0.0792088844589455,173.5,0.9874807395993837,0.8566418373680944,0.9840322593883926,0.9079578097200904,0.9918949121337004,48.8000030517578,-12.4529800415039,POINT (48.8000030517578 -12.4529800415039),IO
2899,89,1.776536312849162,0.22779486535685148,0.927461139896373,0.00042108862284948235,0.07756447841325875,172.0,0.9874807395993837,0.8566418373680944,0.9840322593883926,0.9079578097200904,0.9918949121337004,49.0082168579102,-12.2066173553467,POINT (49.0082168579102 -12.2066173553467),IO
2900,90,1.681564245810056,0.22779486535685148,0.8403755868544601,0.0016818817346079314,0.06582332812065761,162.0,0.9737618479693679,0.8566418373680944,0.9840322593883926,0.9079578097200904,0.9918949121337004,49.3329200744629,-12.136830329895,POINT (49.3329200744629 -12.136830329895),IO
2901,91,1.6201117318435754,0.22779486535685148,0.8099547511312217,0.0012718230869739717,0.06159473847643825,158.0,0.9737618479693679,0.8566418373680944,0.9840322593883926,0.9079578097200904,0.9918949121337004,49.6011772155762,-12.5545778274536,POINT (49.6011772155762 -12.5545778274536),IO
2902,92,1.6201117318435754,0.22779486535685148,0.8099547511312217,0.001560514223403204,0.06166005900642852,158.0,0.9737618479693679,0.8566418373680944,0.9840322593883926,0.9079578097200904,0.9918949121337004,49.8547515869141,-12.9221792221069,POINT (49.8547515869141 -12.9221792221069),IO
2903,93,1.6256983240223464,0.22779486535685148,0.8026905829596412,0.0024630846707136052,0.060571299792114563,157.0,0.9737618479693679,0.8566418373680944,0.9840322593883926,0.9079578097200904,0.9918949121337004,50.4162864685059,-15.2146463394165,POINT (50.4162864685059 -15.2146463394165),IO
2904,94,1.5754189944134078,0.22779486535685148,0.7782608695652173,0.0019237456527733804,0.05682069701188465,153.5,0.9737618479693679,0.8566418373680944,0.9840322593883926,0.9079578097200904,0.9918949121337004,50.1515731811523,-15.8320055007935,POINT (50.1515731811523 -15.8320055007935),IO
2905,95,1.4748603351955307,0.22779486535685148,0.7396694214876033,0.0017257705325012605,0.05024462138325587,147.5,0.976502311248074,0.8566418373680944,0.9840322593883926,0.9079578097200904,0.9918949121337004,49.8285675048828,-16.434591293335,POINT (49.8285675048828 -16.434591293335),IO
2906,96,1.5307262569832403,0.22779486535685148,0.7552742616033755,0.0018335179264242585,0.05298178838510575,150.0,0.9737618479693679,0.8566418373680944,0.9840322593883926,0.9079578097200904,0.9918949121337004,49.8976821899414,-16.9797611236572,POINT (49.8976821899414 -16.9797611236572),IO
2907,97,1.217877094972067,0.22779486535685148,0.6172413793103448,0.0009022820360489864,0.02611063628555807,124.49999999999999,0.9748853896751046,0.8566418373680944,0.9840322593883926,0.9079578097200904,0.9918949121337004,49.4914970397949,-17.8282833099365,POINT (49.4914970397949 -17.8282833099365),IO
2908,98,0.4916201117318436,0.22779486535685148,0.6047297297297297,0.00015005928044353932,0.023092997433565066,121.49999999999999,0.9592846270928462,0.8566418373680944,0.9840322593883926,0.9079578097200904,0.9918949121337004,48.9314270019531,-19.5032234191895,POINT (48.9314270019531 -19.5032234191895),IO
2909,99,0.4245810055865922,0.22779486535685148,0.5986622073578596,8.18693997015557e-05,0.021692245246998663,119.99999999999999,0.9587519830777367,0.8566418373680944,0.9840322593883926,0.9079578097200904,0.9918949121337004,48.0333366394043,-22.148307800293,POINT (48.0333366394043 -22.148307800293),IO
2910,100,1.5363128491620113,0.22779486535685148,0.927461139896373,0.00010331442579487365,0.08080839318727266,172.0,0.9921655580192166,0.8566418373680944,0.9840322593883926,0.9079578097200904,0.9918949121337004,40.3600044250488,-22.3483390808105,POINT (40.3600044250488 -22.3483390808105),IO
2911,101,1.6089385474860336,0.22779486535685148,0.9728260869565217,0.00014268434053100725,0.08311991704692803,176.5,0.9899010032555976,0.8566418373680944,0.9840322593883926,0.9079578097200904,0.9918949121337004,39.6782836914062,-21.4802646636963,POINT (39.6782836914062 -21.4802646636963),IO
2912,102,1.8100558659217878,0.22779486535685148,0.988950276243094,0.0004255281321647616,0.08410531383875108,178.0,0.9874807395993837,0.8566418373680944,0.9840322593883926,0.9079578097200904,0.9918949121337004,42.7200012207031,-17.0510330200195,POINT (42.7200012207031 -17.0510330200195),IO
2913,103,1.8659217877094973,0.22779486535685148,0.988950276243094,0.0009811643042307242,0.08371118376519211,178.0,0.9808925284072875,0.8566418373680944,0.9840322593883926,0.9079578097200904,0.9918949121337004,47.3514213562012,-11.5232629776001,POINT (47.3514213562012 -11.5232629776001),IO
2914,104,1.1675977653631284,0.22779486535685148,0.5774193548387097,0.0001443558348652806,0.020257153925657953,116.16666666666666,0.9750256805341551,0.8566418373680944,0.9840322593883926,0.9079578097200904,0.9918949121337004,54.523998260498,-15.8888444900513,POINT (54.523998260498 -15.8888444900513),IO
2915,105,1.8547486033519553,0.22779486535685148,0.988950276243094,0.0006871968886292364,0.08410531383875108,178.0,0.9874807395993837,0.8566418373680944,0.9840322593883926,0.9079578097200904,0.9918949121337004,45.0874557495117,-12.9576416015625,POINT (45.0874557495117 -12.9576416015625),IO
2916,106,1.8379888268156426,0.22779486535685148,0.9944444444444445,0.0008391393425125916,0.08425580937279299,178.5,0.9808925284072875,0.8566418373680944,0.9840322593883926,0.9079578097200904,0.9918949121337004,45.2376098632813,-12.7748775482178,POINT (45.2376098632813 -12.7748775482178),IO
2917,107,1.8770949720670391,0.22779486535685148,0.9944444444444445,0.0011856109856263643,0.08425580937279299,178.5,0.9808925284072875,0.8566418373680944,0.9840322593883926,0.9079578097200904,0.9918949121337004,45.0275268554688,-12.6648578643799,POINT (45.0275268554688 -12.6648578643799),IO
2918,108,0.9497206703910615,0.22779486535685148,0.549079754601227,0.000652808781777843,0.009718930601000356,107.49999999999999,0.9739410915881505,0.8566418373680944,0.9840322593883926,0.9079578097200904,0.9918949121337004,55.3328971862793,-21.1952304840088,POINT (55.3328971862793 -21.1952304840088),IO
2919,109,1.8938547486033521,0.22779486535685148,0.9944444444444445,0.001394239432035988,0.08425580937279299,178.5,0.9808925284072875,0.8566418373680944,0.9840322593883926,0.9079578097200904,0.9918949121337004,44.3950691223145,-12.2110795974731,POINT (44.3950691223145 -12.2110795974731),IO
2920,110,1.8603351955307263,0.22779486535685148,0.9944444444444445,0.0008982687640228455,0.08425580937279299,178.5,0.9808925284072875,0.8566418373680944,0.9840322593883926,0.9079578097200904,0.9918949121337004,43.7444458007812,-12.3534717559815,POINT (43.7444458007812 -12.3534717559815),IO
2921,111,1.8882681564245811,0.22779486535685148,0.988950276243094,0.0010450220377438398,0.08410531383875108,178.0,0.9874807395993837,0.8566418373680944,0.9840322593883926,0.9079578097200904,0.9918949121337004,43.480770111084,-11.8554544448853,POINT (43.480770111084 -11.8554544448853),IO
2922,112,1.8547486033519553,0.22779486535685148,0.988950276243094,0.0006306961456482267,0.08410531383875108,178.0,0.9874807395993837,0.8566418373680944,0.9840322593883926,0.9079578097200904,0.9918949121337004,43.1964302062988,-11.7678985595703,POINT (43.1964302062988 -11.7678985595703),IO
2923,113,1.8826815642458101,0.22779486535685148,0.988950276243094,0.0008849149161390061,0.08410531383875108,178.0,0.9874807395993837,0.8566418373680944,0.9840322593883926,0.9079578097200904,0.9918949121337004,43.3432579040527,-11.4803686141968,POINT (43.3432579040527 -11.4803686141968),IO
2924,114,1.3798882681564246,0.22779486535685148,0.9623655913978495,1.0279590467544787e-05,0.08262909660244976,175.5,0.9902760777913777,0.8566418373680944,0.9840322593883926,0.9079578097200904,0.9918949121337004,35.5,-23.2713375091553,POINT (35.5 -23.2713375091553),IO
2925,115,1.4916201117318437,0.22779486535685148,0.9623655913978495,4.602444771992244e-05,0.08262909660244976,175.5,0.9902760777913777,0.8566418373680944,0.9840322593883926,0.9079578097200904,0.9918949121337004,35.5400047302246,-22.1993980407715,POINT (35.5400047302246 -22.1993980407715),IO
2926,116,1.5251396648044693,0.22779486535685148,0.9623655913978495,6.41393497460936e-05,0.08227525569435115,175.5,0.9900040799673603,0.8566418373680944,0.9840322593883926,0.9079578097200904,0.9918949121337004,35.4079971313477,-21.5686664581299,POINT (35.4079971313477 -21.5686664581299),IO
2927,117,1.782122905027933,0.22779486535685148,0.988950276243094,0.00035698117675911,0.08410531383875108,178.0,0.9874807395993837,0.8566418373680944,0.9840322593883926,0.9079578097200904,0.9918949121337004,38.9851455688477,-17.1755275726318,POINT (38.9851455688477 -17.1755275726318),IO
2928,118,1.793296089385475,0.22779486535685148,0.988950276243094,0.0003686543042950882,0.08410531383875108,178.0,0.9874807395993837,0.8566418373680944,0.9840322593883926,0.9079578097200904,0.9918949121337004,39.7773284912109,-16.6024227142334,POINT (39.7773284912109 -16.6024227142334),IO
2929,119,1.782122905027933,0.22779486535685148,0.988950276243094,0.00035865613131929875,0.08410531383875108,178.0,0.9874807395993837,0.8566418373680944,0.9840322593883926,0.9079578097200904,0.9918949121337004,40.2094993591309,-16.121395111084,POINT (40.2094993591309 -16.121395111084),IO
2930,120,1.793296089385475,0.22779486535685148,0.988950276243094,0.0003688380861149425,0.08410531383875108,178.0,0.9874807395993837,0.8566418373680944,0.9840322593883926,0.9079578097200904,0.9918949121337004,40.4669227600098,-15.6568231582642,POINT (40.4669227600098 -15.6568231582642),IO
2931,121,1.8044692737430168,0.22779486535685148,0.988950276243094,0.0003853035025995544,0.08410531383875108,178.0,0.9874807395993837,0.8566418373680944,0.9840322593883926,0.9079578097200904,0.9918949121337004,40.7169227600098,-15.112099647522,POINT (40.7169227600098 -15.112099647522),IO
2932,122,1.8100558659217878,0.22779486535685148,0.988950276243094,0.0003951843825112522,0.08410531383875108,178.0,0.9874807395993837,0.8566418373680944,0.9840322593883926,0.9079578097200904,0.9918949121337004,40.7920761108398,-14.5524778366089,POINT (40.7920761108398 -14.5524778366089),IO
2933,123,1.8100558659217878,0.22779486535685148,0.988950276243094,0.0003951843825112522,0.08410531383875108,178.0,0.9874807395993837,0.8566418373680944,0.9840322593883926,0.9079578097200904,0.9918949121337004,40.6751899719238,-14.152045249939,POINT (40.6751899719238 -14.152045249939),IO
2934,124,1.8044692737430168,0.22779486535685148,0.988950276243094,0.0003841028047129032,0.08410531383875108,178.0,0.9874807395993837,0.8566418373680944,0.9840322593883926,0.9079578097200904,0.9918949121337004,40.5924110412598,-13.660737991333,POINT (40.5924110412598 -13.660737991333),IO
2935,125,1.8044692737430168,0.22779486535685148,0.988950276243094,0.0003841028047129032,0.08410531383875108,178.0,0.9874807395993837,0.8566418373680944,0.9840322593883926,0.9079578097200904,0.9918949121337004,40.5843467712402,-13.0807933807373,POINT (40.5843467712402 -13.0807933807373),IO
2936,126,1.8044692737430168,0.22779486535685148,0.988950276243094,0.0003841028047129032,0.08410531383875108,178.0,0.9874807395993837,0.8566418373680944,0.9840322593883926,0.9079578097200904,0.9918949121337004,40.6167221069336,-12.5467653274536,POINT (40.6167221069336 -12.5467653274536),IO
2937,127,1.8659217877094973,0.22779486535685148,0.988950276243094,0.0007077432333659925,0.08410531383875108,178.0,0.9874807395993837,0.8566418373680944,0.9840322593883926,0.9079578097200904,0.9918949121337004,41.4016227722168,-12.1955089569092,POINT (41.4016227722168 -12.1955089569092),IO
2938,128,1.8156424581005588,0.22779486535685148,0.988950276243094,0.0004079200533454961,0.08410531383875108,178.0,0.9874807395993837,0.8566418373680944,0.9840322593883926,0.9079578097200904,0.9918949121337004,40.5714797973633,-12.0993566513062,POINT (40.5714797973633 -12.0993566513062),IO
2939,129,1.8156424581005588,0.22779486535685148,0.988950276243094,0.0004079200533454961,0.08410531383875108,178.0,0.9874807395993837,0.8566418373680944,0.9840322593883926,0.9079578097200904,0.9918949121337004,40.5871887207031,-11.7296104431152,POINT (40.5871887207031 -11.7296104431152),IO
2940,130,1.8156424581005588,0.22779486535685148,0.988950276243094,0.0004079200533454961,0.08410531383875108,178.0,0.9874807395993837,0.8566418373680944,0.9840322593883926,0.9079578097200904,0.9918949121337004,40.5517578125,-11.3900604248047,POINT (40.5517578125 -11.3900604248047),IO
2941,131,1.8547486033519553,0.22779486535685148,0.988950276243094,0.0006274023838216254,0.08410531383875108,178.0,0.9874807395993837,0.8566418373680944,0.9840322593883926,0.9079578097200904,0.9918949121337004,40.6420440673828,-11.053035736084,POINT (40.6420440673828 -11.053035736084),IO
2942,132,1.8770949720670391,0.22779486535685148,0.988950276243094,0.0008580076309078159,0.08410531383875108,178.0,0.9874807395993837,0.8566418373680944,0.9840322593883926,0.9079578097200904,0.9918949121337004,40.5971870422363,-10.6831502914429,POINT (40.5971870422363 -10.6831502914429),IO
2943,133,1.8826815642458101,0.22779486535685148,0.988950276243094,0.0009328582847470818,0.08410531383875108,178.0,0.9874807395993837,0.8566418373680944,0.9840322593883926,0.9079578097200904,0.9918949121337004,40.3539161682129,-10.2843542098999,POINT (40.3539161682129 -10.2843542098999),IO
2944,134,1.8435754189944136,0.22779486535685148,0.9835164835164835,0.000572057726615253,0.08356679851641274,177.5,0.9874807395993837,0.8566418373680944,0.9840322593883926,0.9079578097200904,0.9918949121337004,40.1761283874512,-10.1989526748657,POINT (40.1761283874512 -10.1989526748657),IO
2945,135,1.8212290502793296,0.22779486535685148,0.988950276243094,0.0004602164231440869,0.08410531383875108,178.0,0.9874807395993837,0.8566418373680944,0.9840322593883926,0.9079578097200904,0.9918949121337004,39.8887825012207,-10.0264263153076,POINT (39.8887825012207 -10.0264263153076),IO
2946,136,1.8715083798882681,0.22779486535685148,0.988950276243094,0.000854054789447127,0.08410531383875108,178.0,0.9874807395993837,0.8566418373680944,0.9840322593883926,0.9079578097200904,0.9918949121337004,39.7582321166992,-9.71188545227051,POINT (39.7582321166992 -9.71188545227051),IO
2947,137,1.8268156424581006,0.22779486535685148,0.988950276243094,0.00046218837228406473,0.08410531383875108,178.0,0.9874807395993837,0.8566418373680944,0.9840322593883926,0.9079578097200904,0.9918949121337004,39.6556510925293,-9.37960529327393,POINT (39.6556510925293 -9.37960529327393),IO
2948,138,1.8603351955307263,0.22779486535685148,0.988950276243094,0.0007256921805162385,0.08410531383875108,178.0,0.9874807395993837,0.8566418373680944,0.9840322593883926,0.9079578097200904,0.9918949121337004,39.5909957885742,-9.05581474304199,POINT (39.5909957885742 -9.05581474304199),IO
2949,139,1.9385474860335197,0.22779486535685148,0.988950276243094,0.0015535863402237893,0.08410531383875108,178.0,0.9874807395993837,0.8566418373680944,0.9840322593883926,0.9079578097200904,0.9918949121337004,39.5418853759766,-8.82572746276856,POINT (39.5418853759766 -8.82572746276856),IO
2950,140,1.9385474860335197,0.22779486535685148,0.988950276243094,0.0015535863402237893,0.08410531383875108,178.0,0.9874807395993837,0.8566418373680944,0.9840322593883926,0.9079578097200904,0.9918949121337004,39.4873313903809,-8.55892086029053,POINT (39.4873313903809 -8.55892086029053),IO
2951,141,1.9217877094972067,0.22779486535685148,0.988950276243094,0.001437261677901966,0.08410531383875108,178.0,0.9874807395993837,0.8566418373680944,0.9840322593883926,0.9079578097200904,0.9918949121337004,39.3827438354492,-8.34731674194336,POINT (39.3827438354492 -8.34731674194336),IO
2952,142,1.9329608938547487,0.22779486535685148,0.988950276243094,0.0015285713557338754,0.08410531383875108,178.0,0.9874807395993837,0.8566418373680944,0.9840322593883926,0.9079578097200904,0.9918949121337004,39.554759979248,-8.33635139465332,POINT (39.554759979248 -8.33635139465332),IO
2953,143,1.9329608938547487,0.22779486535685148,0.988950276243094,0.0015285713557338754,0.08410531383875108,178.0,0.9874807395993837,0.8566418373680944,0.9840322593883926,0.9079578097200904,0.9918949121337004,39.7322311401367,-8.01682186126709,POINT (39.7322311401367 -8.01682186126709),IO
2954,144,1.905027932960894,0.22779486535685148,0.988950276243094,0.0014100500637665408,0.08410531383875108,178.0,0.9874807395993837,0.8566418373680944,0.9840322593883926,0.9079578097200904,0.9918949121337004,39.7540588378906,-7.69152545928955,POINT (39.7540588378906 -7.69152545928955),IO
2955,145,1.8882681564245811,0.22779486535685148,0.988950276243094,0.0010634972593547014,0.08410531383875108,178.0,0.9874807395993837,0.8566418373680944,0.9840322593883926,0.9079578097200904,0.9918949121337004,39.5583915710449,-7.94768905639648,POINT (39.5583915710449 -7.94768905639648),IO
2956,146,1.8826815642458101,0.22779486535685148,0.988950276243094,0.0010932755539367978,0.08410531383875108,178.0,0.9874807395993837,0.8566418373680944,0.9840322593883926,0.9079578097200904,0.9918949121337004,39.4744186401367,-7.4896993637085,POINT (39.4744186401367 -7.4896993637085),IO
2957,147,1.8659217877094973,0.22779486535685148,0.988950276243094,0.0009089952715368696,0.08410531383875108,178.0,0.9874807395993837,0.8566418373680944,0.9840322593883926,0.9079578097200904,0.9918949121337004,39.5092887878418,-7.235915184021,POINT (39.5092887878418 -7.235915184021),IO
2958,148,1.905027932960894,0.22779486535685148,0.988950276243094,0.0014518519897017668,0.08410531383875108,178.0,0.9874807395993837,0.8566418373680944,0.9840322593883926,0.9079578097200904,0.9918949121337004,39.9375,-6.89461374282837,POINT (39.9375 -6.89461374282837),IO
2959,149,1.8324022346368716,0.22779486535685148,0.988950276243094,0.0007401900708995326,0.08410531383875108,178.0,0.9874807395993837,0.8566418373680944,0.9840322593883926,0.9079578097200904,0.9918949121337004,39.431999206543,-6.86603212356567,POINT (39.431999206543 -6.86603212356567),IO
2960,150,1.8379888268156426,0.22779486535685148,0.988950276243094,0.0008703539046836696,0.08410531383875108,178.0,0.9874807395993837,0.8566418373680944,0.9840322593883926,0.9079578097200904,0.9918949121337004,39.2371444702148,-6.63434982299805,POINT (39.2371444702148 -6.63434982299805),IO
2961,151,1.7374301675977655,0.22779486535685148,0.9835164835164835,0.0006338700375094473,0.08356679851641274,177.5,0.9874807395993837,0.8566418373680944,0.9840322593883926,0.9079578097200904,0.9918949121337004,39.0300025939941,-6.45777082443237,POINT (39.0300025939941 -6.45777082443237),IO
2962,152,1.770949720670391,0.22779486535685148,0.988950276243094,0.0005486720251275125,0.08410531383875108,178.0,0.9874807395993837,0.8566418373680944,0.9840322593883926,0.9079578097200904,0.9918949121337004,38.9177742004395,-6.18345165252686,POINT (38.9177742004395 -6.18345165252686),IO
2963,153,1.8268156424581006,0.22779486535685148,0.988950276243094,0.0005960693785892771,0.08410531383875108,178.0,0.9874807395993837,0.8566418373680944,0.9840322593883926,0.9079578097200904,0.9918949121337004,39.133731842041,-6.16138982772827,POINT (39.133731842041 -6.16138982772827),IO
2964,154,1.8659217877094973,0.22779486535685148,0.988950276243094,0.0010014836282003603,0.08410531383875108,178.0,0.9874807395993837,0.8566418373680944,0.9840322593883926,0.9079578097200904,0.9918949121337004,39.3039398193359,-6.36267280578613,POINT (39.3039398193359 -6.36267280578613),IO
2965,155,1.8603351955307263,0.22779486535685148,0.988950276243094,0.0009209399825193696,0.08410531383875108,178.0,0.9874807395993837,0.8566418373680944,0.9840322593883926,0.9079578097200904,0.9918949121337004,39.542781829834,-6.37120246887207,POINT (39.542781829834 -6.37120246887207),IO
2966,156,1.787709497206704,0.22779486535685148,0.988950276243094,0.0003468979834585528,0.08410531383875108,178.0,0.9874807395993837,0.8566418373680944,0.9840322593883926,0.9079578097200904,0.9918949121337004,39.468334197998,-6.0890007019043,POINT (39.468334197998 -6.0890007019043),IO
2967,157,1.8659217877094973,0.22779486535685148,0.988950276243094,0.0009782376185909778,0.08410531383875108,178.0,0.9874807395993837,0.8566418373680944,0.9840322593883926,0.9079578097200904,0.9918949121337004,39.3019180297852,-5.82561635971069,POINT (39.3019180297852 -5.82561635971069),IO
2968,158,1.7039106145251397,0.22779486535685148,0.988950276243094,0.0002327163552824066,0.08410531383875108,178.0,0.9874807395993837,0.8566418373680944,0.9840322593883926,0.9079578097200904,0.9918949121337004,38.8845481872559,-5.79438543319702,POINT (38.8845481872559 -5.79438543319702),IO
2969,159,1.787709497206704,0.22779486535685148,0.988950276243094,0.00046797294948620373,0.08410531383875108,178.0,0.9874807395993837,0.8566418373680944,0.9840322593883926,0.9079578097200904,0.9918949121337004,39.0173950195312,-5.54667282104492,POINT (39.0173950195312 -5.54667282104492),IO
2970,160,1.7374301675977655,0.22779486535685148,0.988950276243094,0.0003372026568401346,0.08410531383875108,178.0,0.9874807395993837,0.8566418373680944,0.9840322593883926,0.9079578097200904,0.9918949121337004,39.1063995361328,-5.28294134140015,POINT (39.1063995361328 -5.28294134140015),IO
2971,161,1.8715083798882681,0.22779486535685148,0.988950276243094,0.0010403756990793585,0.08410531383875108,178.0,0.9874807395993837,0.8566418373680944,0.9840322593883926,0.9079578097200904,0.9918949121337004,39.2000007629395,-5.02995681762695,POINT (39.2000007629395 -5.02995681762695),IO
2972,162,1.8882681564245811,0.22779486535685148,0.988950276243094,0.0012164733670920417,0.08410531383875108,178.0,0.9874807395993837,0.8566418373680944,0.9840322593883926,0.9079578097200904,0.9918949121337004,39.2635688781738,-4.80961894989014,POINT (39.2635688781738 -4.80961894989014),IO
2973,163,1.905027932960894,0.22779486535685148,0.988950276243094,0.0014518519897017668,0.08410531383875108,178.0,0.9874807395993837,0.8566418373680944,0.9840322593883926,0.9079578097200904,0.9918949121337004,39.6333312988281,-5.42941427230835,POINT (39.6333312988281 -5.42941427230835),IO
2974,164,1.905027932960894,0.22779486535685148,0.988950276243094,0.0014518519897017668,0.08410531383875108,178.0,0.9874807395993837,0.8566418373680944,0.9840322593883926,0.9079578097200904,0.9918949121337004,39.845516204834,-5.24905920028687,POINT (39.845516204834 -5.24905920028687),IO
2975,165,1.905027932960894,0.22779486535685148,0.988950276243094,0.0014518519897017668,0.08410531383875108,178.0,0.9874807395993837,0.8566418373680944,0.9840322593883926,0.9079578097200904,0.9918949121337004,39.7731513977051,-4.86327362060547,POINT (39.7731513977051 -4.86327362060547),IO
2976,166,1.905027932960894,0.22779486535685148,0.9835164835164835,0.0014078439917324826,0.08356679851641274,177.5,0.9874807395993837,0.8566418373680944,0.9840322593883926,0.9079578097200904,0.9918949121337004,39.6449279785156,-5.17221212387085,POINT (39.6449279785156 -5.17221212387085),IO
2977,167,1.8882681564245811,0.22779486535685148,0.988950276243094,0.0012164733670920417,0.08410531383875108,178.0,0.9874807395993837,0.8566418373680944,0.9840322593883926,0.9079578097200904,0.9918949121337004,39.3688354492187,-4.68640804290772,POINT (39.3688354492187 -4.68640804290772),IO
2978,168,1.7988826815642458,0.22779486535685148,0.9835164835164835,0.0005571048680091596,0.08356679851641274,177.5,0.9874807395993837,0.8566418373680944,0.9840322593883926,0.9079578097200904,0.9918949121337004,39.5388259887695,-4.43031644821167,POINT (39.5388259887695 -4.43031644821167),IO
2979,169,1.782122905027933,0.22779486535685148,0.9835164835164835,0.0003868861044941608,0.08356679851641274,177.5,0.9874807395993837,0.8566418373680944,0.9840322593883926,0.9079578097200904,0.9918949121337004,39.6770362854004,-4.12676477432251,POINT (39.6770362854004 -4.12676477432251),IO
2980,170,1.7430167597765365,0.22779486535685148,0.9835164835164835,0.0003503479354881429,0.08356679851641274,177.5,0.9874807395993837,0.8566418373680944,0.9840322593883926,0.9079578097200904,0.9918949121337004,39.8950004577637,-3.63475346565247,POINT (39.8950004577637 -3.63475346565247),IO
2981,171,1.7597765363128492,0.22779486535685148,0.9835164835164835,0.00035991158287821854,0.08356679851641274,177.5,0.9874807395993837,0.8566418373680944,0.9840322593883926,0.9079578097200904,0.9918949121337004,40.0515785217285,-3.35852289199829,POINT (40.0515785217285 -3.35852289199829),IO
2982,172,1.7150837988826817,0.22779486535685148,0.9835164835164835,0.00021279700546621605,0.08356679851641274,177.5,0.9874807395993837,0.8566418373680944,0.9840322593883926,0.9079578097200904,0.9918949121337004,40.2366676330566,-2.85103106498718,POINT (40.2366676330566 -2.85103106498718),IO
2983,173,1.7430167597765365,0.22779486535685148,0.9835164835164835,0.00032807632593822943,0.08356679851641274,177.5,0.9874807395993837,0.8566418373680944,0.9840322593883926,0.9079578097200904,0.9918949121337004,40.6730041503906,-2.55003237724304,POINT (40.6730041503906 -2.55003237724304),IO
2984,174,1.7318435754189945,0.22779486535685148,0.9835164835164835,0.00038595703993539736,0.08356679851641274,177.5,0.9874807395993837,0.8566418373680944,0.9840322593883926,0.9079578097200904,0.9918949121337004,40.982105255127,-2.24830102920532,POINT (40.982105255127 -2.24830102920532),IO
2985,175,1.776536312849162,0.22779486535685148,0.988950276243094,0.0003804497446982734,0.08410531383875108,178.0,0.9874807395993837,0.8566418373680944,0.9840322593883926,0.9079578097200904,0.9918949121337004,41.1943740844727,-2.108402967453,POINT (41.1943740844727 -2.108402967453),IO
2986,176,1.7597765363128492,0.22779486535685148,0.988950276243094,0.000411879832705036,0.08410531383875108,178.0,0.9874807395993837,0.8566418373680944,0.9840322593883926,0.9079578097200904,0.9918949121337004,41.4799919128418,-1.80715346336365,POINT (41.4799919128418 -1.80715346336365),IO
2987,177,1.692737430167598,0.22779486535685148,0.9835164835164835,0.00020459919001618939,0.08356679851641274,177.5,0.9874807395993837,0.8566418373680944,0.9840322593883926,0.9079578097200904,0.9918949121337004,41.7581825256348,-1.39419829845429,POINT (41.7581825256348 -1.39419829845429),IO
2988,178,1.7318435754189945,0.22779486535685148,0.988950276243094,0.00024142516577919888,0.08410531383875108,178.0,0.9874807395993837,0.8566418373680944,0.9840322593883926,0.9079578097200904,0.9918949121337004,41.9824981689453,-1.09465157985687,POINT (41.9824981689453 -1.09465157985687),IO
2989,179,1.7318435754189945,0.22779486535685148,0.988950276243094,0.00025071415911796205,0.08410531383875108,178.0,0.9874807395993837,0.8566418373680944,0.9840322593883926,0.9079578097200904,0.9918949121337004,42.1856231689453,-0.837605595588684,POINT (42.1856231689453 -0.837605595588684),IO
2990,0,0.1137440758293839,0.4801082955274622,0.3841905223584259,0.0,0.029986948626493527,185.08333333333385,0.7169082125603865,0.1295642723493888,0.5436497465507204,0.5086554398436453,0.8661475060133024,-64.83095663,32.16952509,POINT (-64.83095663 32.16952509),Caribbean
2991,1,0.037914691943127965,0.4801082955274622,0.285715897733501,3.236069255196825e-05,0.0002829965215040665,130.01666666666623,0.8444444444444444,0.1295642723493888,0.5436497465507204,0.5086554398436453,0.8661475060133024,-94.29569795,28.00484033,POINT (-94.29569795 28.00484033),Caribbean
2992,2,0.05687203791469195,0.4801082955274622,0.32967218969250117,0.0025926025985395255,0.002247595279399598,154.71666666666704,0.6274509803921569,0.1295642723493888,0.5436497465507204,0.5086554398436453,0.8661475060133024,-92.55296629,27.8143213,POINT (-92.55296629 27.8143213),Caribbean
2993,3,0.05924170616113744,0.4801082955274622,0.3260887963262783,0.0016530950718527749,0.0013776211374585412,152.63333333333367,0.6023391812865497,0.1295642723493888,0.5436497465507204,0.5086554398436453,0.8661475060133024,-93.57704572,27.75074048,POINT (-93.57704572 27.75074048),Caribbean
2994,4,0.06635071090047394,0.4801082955274622,0.3320176835322107,0.0026456851392910445,0.001884827119427773,157.21666666666704,0.5974025974025974,0.1295642723493888,0.5436497465507204,0.5086554398436453,0.8661475060133024,-93.77467508,27.68712252,POINT (-93.77467508 27.68712252),Caribbean
2995,5,0.06635071090047394,0.4801082955274622,0.33071052729783185,0.0037015017907961224,0.0024247821432710993,156.38333333333375,0.5714285714285714,0.1295642723493888,0.5436497465507204,0.5086554398436453,0.8661475060133024,-93.07398916,27.68712252,POINT (-93.07398916 27.68712252),Caribbean
2996,6,0.06398104265402844,0.4801082955274622,0.3986879407825016,0.0,0.028385882681917413,181.08333333333408,0.9904761904761905,0.1295642723493888,0.5436497465507204,0.5086554398436453,0.8661475060133024,-78.91654028,27.08091026,POINT (-78.91654028 27.08091026),Caribbean
2997,7,0.2796208530805687,0.4801082955274622,0.48380726698262244,0.0004803951546466781,0.09272872665684054,231.50000000000045,0.6501679731243001,0.1295642723493888,0.5436497465507204,0.5086554398436453,0.8661475060133024,-78.32365219,27.08091026,POINT (-78.32365219 27.08091026),Caribbean
2998,8,0.06872037914691943,0.4801082955274622,0.40465907353615654,0.0,0.03151056258587679,183.9166666666675,0.9644268774703557,0.1295642723493888,0.5436497465507204,0.5086554398436453,0.8661475060133024,-78.95247289,27.01690575,POINT (-78.95247289 27.01690575),Caribbean
2999,9,0.16113744075829384,0.4801082955274622,0.4181477093206951,0.0001649556907551821,0.06085195863751161,197.25000000000102,0.8384353741496599,0.1295642723493888,0.5436497465507204,0.5086554398436453,0.8661475060133024,-78.19788805,26.85673503,POINT (-78.19788805 26.85673503),Caribbean
3000,10,0.13033175355450238,0.4801082955274622,0.4137150480911471,3.320689803824082e-06,0.04842288364839452,192.41666666666757,0.9352226720647774,0.1295642723493888,0.5436497465507204,0.5086554398436453,0.8661475060133024,-78.84467506,26.76052355,POINT (-78.84467506 26.76052355),Caribbean
3001,11,0.35545023696682465,0.4801082955274622,0.46095023074722297,0.0012964166813534009,0.10673631890871284,229.2500000000009,0.607906558849955,0.1295642723493888,0.5436497465507204,0.5086554398436453,0.8661475060133024,-77.73076411,26.72843493,POINT (-77.73076411 26.72843493),Caribbean
3002,12,0.05213270142180095,0.4801082955274622,0.3662607672882001,0.0,0.021858550158535914,166.08333333333388,1.0,0.1295642723493888,0.5436497465507204,0.5086554398436453,0.8661475060133024,-77.51516844,26.53571336,POINT (-77.51516844 26.53571336),Caribbean
3003,13,0.3317535545023697,0.4801082955274622,0.5321879936808848,0.00012771370197504057,0.1059734125254466,254.83333333333354,0.481315228369431,0.1295642723493888,0.5436497465507204,0.5086554398436453,0.8661475060133024,-80.03045123,26.59998999,POINT (-80.03045123 26.59998999),Caribbean
3004,14,0.537914691943128,0.4801082955274622,0.5540127379012364,0.009244394026241193,0.129598245081093,267.5000000000001,0.42634329577004737,0.1295642723493888,0.5436497465507204,0.5086554398436453,0.8661475060133024,-78.41348372,26.43923087,POINT (-78.41348372 26.43923087),Caribbean
3005,15,0.3222748815165877,0.4801082955274622,0.45734905706951035,0.0011442336216619965,0.10283185116095363,222.5833333333341,0.6817661862274079,0.1295642723493888,0.5436497465507204,0.5086554398436453,0.8661475060133024,-77.01211188,26.40705207,POINT (-77.01211188 26.40705207),Caribbean
3006,16,0.11848341232227488,0.4801082955274622,0.4108117845957706,1.41459718546204e-06,0.04671892086828406,189.41666666666757,0.9554367201426025,0.1295642723493888,0.5436497465507204,0.5086554398436453,0.8661475060133024,-77.51516844,26.18154951,POINT (-77.51516844 26.18154951),Caribbean
3007,17,0.4241706161137441,0.4801082955274622,0.4677018319965165,0.0014983904407379252,0.11492215804257316,234.7500000000009,0.5462184873949579,0.1295642723493888,0.5436497465507204,0.5086554398436453,0.8661475060133024,-77.53313474,25.95560975,POINT (-77.53313474 25.95560975),Caribbean
3008,18,0.4407582938388626,0.4801082955274622,0.5354330424228413,0.0018153977072617564,0.11769287004456536,256.83333333333354,0.49095580678314493,0.1295642723493888,0.5436497465507204,0.5086554398436453,0.8661475060133024,-79.07823703,25.8909756,POINT (-79.07823703 25.8909756),Caribbean
3009,19,0.13981042654028436,0.4801082955274622,0.4231856335293782,1.971344646352648e-06,0.05541874020855348,197.25000000000082,0.9111111111111111,0.1295642723493888,0.5436497465507204,0.5086554398436453,0.8661475060133024,-79.09620334,25.66447764,POINT (-79.09620334 25.66447764),Caribbean
3010,20,0.49289099526066354,0.4801082955274622,0.4905643517170166,0.003952979804538219,0.12258264265815659,244.58333333333402,0.49629886652787414,0.1295642723493888,0.5436497465507204,0.5086554398436453,0.8661475060133024,-77.19504154,25.91448303,POINT (-77.19504154 25.91448303),Caribbean
3011,21,0.40284360189573465,0.4801082955274622,0.4677018319965165,0.0012658769954802245,0.11099439530247744,232.4166666666675,0.593078381795196,0.1295642723493888,0.5436497465507204,0.5086554398436453,0.8661475060133024,-77.92839347,25.63208554,POINT (-77.92839347 25.63208554),Caribbean
3012,22,0.13507109004739337,0.4801082955274622,0.3959910663239954,4.748208572701933e-06,0.05074009919247568,184.0833333333343,0.9670731707317073,0.1295642723493888,0.5436497465507204,0.5086554398436453,0.8661475060133024,-78.018225,25.50242932,POINT (-78.018225 25.50242932),Caribbean
3013,23,0.33886255924170616,0.4801082955274622,0.5188243365278935,0.0010479398076481746,0.08751798211841728,247.00000000000023,0.508258064516129,0.1295642723493888,0.5436497465507204,0.5086554398436453,0.8661475060133024,-80.03045123,26.18154951,POINT (-80.03045123 26.18154951),Caribbean
3014,24,0.05687203791469195,0.4801082955274622,0.3809588674939088,0.0,0.02402628419738565,172.00000000000077,1.0,0.1295642723493888,0.5436497465507204,0.5086554398436453,0.8661475060133024,-78.09009022,25.46999335,POINT (-78.09009022 25.46999335),Caribbean
3015,25,0.28672985781990523,0.4801082955274622,0.4423728914727757,0.00026037847352395927,0.08570956519032503,214.9166666666676,0.7568627450980392,0.1295642723493888,0.5436497465507204,0.5086554398436453,0.8661475060133024,-79.00637181,25.40509518,POINT (-79.00637181 25.40509518),Caribbean
3016,26,0.46919431279620855,0.4801082955274622,0.49193848155375897,0.0023857193497657386,0.12555203748381635,241.91666666666725,0.5468387096774193,0.1295642723493888,0.5436497465507204,0.5086554398436453,0.8661475060133024,-77.91042716,25.2751941,POINT (-77.91042716 25.2751941),Caribbean
3017,27,0.08530805687203792,0.4801082955274622,0.40512580833838974,1.8315499397554082e-07,0.03312489448594685,184.0833333333342,0.9933333333333333,0.1295642723493888,0.5436497465507204,0.5086554398436453,0.8661475060133024,-79.02433812,25.14515382,POINT (-79.02433812 25.14515382),Caribbean
3018,28,0.08293838862559243,0.4801082955274622,0.4041934129221909,0.0,0.03267775154317226,183.08333333333414,1.0,0.1295642723493888,0.5436497465507204,0.5086554398436453,0.8661475060133024,-78.44941633,25.11262205,POINT (-78.44941633 25.11262205),Caribbean
3019,29,0.5924170616113744,0.4801082955274622,0.5593058532315031,0.008519334393329943,0.1274444993130685,270.8333333333335,0.39504085657931814,0.1295642723493888,0.5436497465507204,0.5086554398436453,0.8661475060133024,-79.18603487,25.21019133,POINT (-79.18603487 25.21019133),Caribbean
3020,30,0.14691943127962087,0.4801082955274622,0.41274274480538653,2.2618208366645897e-05,0.04679991528106567,191.08333333333422,0.9895470383275261,0.1295642723493888,0.5436497465507204,0.5086554398436453,0.8661475060133024,-78.80874245,24.88465771,POINT (-78.80874245 24.88465771),Caribbean
3021,31,0.08530805687203792,0.4801082955274622,0.34811107614408715,5.305450973265666e-07,0.022881318069056054,161.00000000000023,0.9943019943019943,0.1295642723493888,0.5436497465507204,0.5086554398436453,0.8661475060133024,-78.30568589,24.8194475,POINT (-78.30568589 24.8194475),Caribbean
3022,32,0.0971563981042654,0.4801082955274622,0.4055936210500969,1.5715914851853636e-07,0.03269624028020598,184.5833333333342,0.9947089947089947,0.1295642723493888,0.5436497465507204,0.5086554398436453,0.8661475060133024,-78.73687722,24.7215678,POINT (-78.73687722 24.7215678),Caribbean
3023,33,0.3293838862559242,0.4801082955274622,0.44574121298145164,0.000574760961435625,0.08908320381545899,216.58333333333422,0.717948717948718,0.1295642723493888,0.5436497465507204,0.5086554398436453,0.8661475060133024,-78.5687126,24.98371131,POINT (-78.5687126 24.98371131),Caribbean
3024,34,0.15165876777251186,0.4801082955274622,0.41715448435793817,3.661977026389839e-06,0.06199598515862836,195.250000000001,0.970048309178744,0.1295642723493888,0.5436497465507204,0.5086554398436453,0.8661475060133024,-77.4073706,24.75420294,POINT (-77.4073706 24.75420294),Caribbean
3025,35,0.580568720379147,0.4801082955274622,0.5010614491146703,0.00665231927573478,0.12993812020209702,247.08333333333388,0.4596930846930847,0.1295642723493888,0.5436497465507204,0.5086554398436453,0.8661475060133024,-77.02593211,25.08383674,POINT (-77.02593211 25.08383674),Caribbean
3026,36,0.28909952606635075,0.4801082955274622,0.44126140179570844,0.00019154850734300183,0.08051796691859356,213.58333333333425,0.8041139240506329,0.1295642723493888,0.5436497465507204,0.5086554398436453,0.8661475060133024,-79.15010226,24.75420294,POINT (-79.15010226 24.75420294),Caribbean
3027,37,0.3767772511848341,0.4801082955274622,0.5112723083397146,0.0016631557753133668,0.0741978007057668,242.66666666666688,0.5331612903225806,0.1295642723493888,0.5436497465507204,0.5086554398436453,0.8661475060133024,-80.42570996,24.88465771,POINT (-80.42570996 24.88465771),Caribbean
3028,38,0.0971563981042654,0.4801082955274622,0.3933304320597804,5.190024499310198e-07,0.041514069109491354,181.0833333333343,0.9973544973544973,0.1295642723493888,0.5436497465507204,0.5086554398436453,0.8661475060133024,-77.17380863,24.62361107,POINT (-77.17380863 24.62361107),Caribbean
3029,39,0.4099526066350711,0.4801082955274622,0.47020625947708683,0.0013457213153615756,0.11191110678207432,229.083333333334,0.6295246038365304,0.1295642723493888,0.5436497465507204,0.5086554398436453,0.8661475060133024,-76.4371901,24.75420294,POINT (-76.4371901 24.75420294),Caribbean
3030,40,0.1943127962085308,0.4801082955274622,0.4186460975320428,6.220856798841846e-05,0.06429151053003569,197.08333333333434,0.9326599326599326,0.1295642723493888,0.5436497465507204,0.5086554398436453,0.8661475060133024,-78.56008878,24.62361107,POINT (-78.56008878 24.62361107),Caribbean
3031,41,0.10189573459715641,0.4801082955274622,0.3937713854589506,2.503980341257394e-07,0.04266527873816222,181.5833333333343,0.9950738916256158,0.1295642723493888,0.5436497465507204,0.5086554398436453,0.8661475060133024,-77.01211188,24.59094174,POINT (-77.01211188 24.59094174),Caribbean
3032,42,0.14454976303317538,0.4801082955274622,0.40096355688285834,2.7503186678123437e-05,0.020787098836807218,186.25000000000054,0.9534883720930233,0.1295642723493888,0.5436497465507204,0.5086554398436453,0.8661475060133024,-82.4559025,24.49288263,POINT (-82.4559025 24.49288263),Caribbean
3033,43,0.11848341232227488,0.4801082955274622,0.4098530639782776,1.099888302197699e-06,0.048284319310350626,188.7500000000009,0.9946524064171123,0.1295642723493888,0.5436497465507204,0.5086554398436453,0.8661475060133024,-77.17380863,24.49288263,POINT (-77.17380863 24.49288263),Caribbean
3034,44,0.3270142180094787,0.4801082955274622,0.4423728914727757,0.0020205269805069867,0.02640822102284137,204.83333333333343,0.5818972209284272,0.1295642723493888,0.5436497465507204,0.5086554398436453,0.8661475060133024,-82.83319492,24.52557751,POINT (-82.83319492 24.52557751),Caribbean
3035,45,0.2085308056872038,0.4801082955274622,0.42166155561750773,0.00028334202569210747,0.021958343915109663,194.33333333333354,0.8407960199004975,0.1295642723493888,0.5436497465507204,0.5086554398436453,0.8661475060133024,-82.58166664,24.42746737,POINT (-82.58166664 24.42746737),Caribbean
3036,46,0.15876777251184834,0.4801082955274622,0.4226763848729048,7.13038279551621e-05,0.02231715988233593,195.33333333333354,0.8840816326530613,0.1295642723493888,0.5436497465507204,0.5086554398436453,0.8661475060133024,-82.11454269,24.46017925,POINT (-82.11454269 24.46017925),Caribbean
3037,47,0.30568720379146924,0.4801082955274622,0.4791870065885183,0.0010671480276323011,0.04061724858668498,224.3333333333334,0.6124702684335712,0.1295642723493888,0.5436497465507204,0.5086554398436453,0.8661475060133024,-81.21622741,24.46017925,POINT (-81.21622741 24.46017925),Caribbean
3038,48,0.4620853080568721,0.4801082955274622,0.4733747652687115,0.003397278128806176,0.1162986546378245,231.25000000000065,0.5552093212301856,0.1295642723493888,0.5436497465507204,0.5086554398436453,0.8661475060133024,-76.36296864,24.96371898,POINT (-76.36296864 24.96371898),Caribbean
3039,49,0.33886255924170616,0.4801082955274622,0.4491612222882147,0.000700734306436614,0.08797061573513461,220.58333333333425,0.689585666293393,0.1295642723493888,0.5436497465507204,0.5086554398436453,0.8661475060133024,-78.90020728,24.50477266,POINT (-78.90020728 24.50477266),Caribbean
3040,50,0.06872037914691943,0.4801082955274622,0.37566211318650683,1.737442572584642e-07,0.017780941518778015,169.41666666666737,0.9904761904761905,0.1295642723493888,0.5436497465507204,0.5086554398436453,0.8661475060133024,-78.48534895,24.36201817,POINT (-78.48534895 24.36201817),Caribbean
3041,51,0.09004739336492892,0.4801082955274622,0.3885443316696725,0.0,0.037072155219875294,178.00000000000088,1.0,0.1295642723493888,0.5436497465507204,0.5086554398436453,0.8661475060133024,-77.15584232,24.29653509,POINT (-77.15584232 24.29653509),Caribbean
3042,52,0.31042654028436023,0.4801082955274622,0.4664595960549587,0.0015504769057442477,0.03347865001387244,216.3333333333334,0.6038056405028882,0.1295642723493888,0.5436497465507204,0.5086554398436453,0.8661475060133024,-82.65353186,24.29653509,POINT (-82.65353186 24.29653509),Caribbean
3043,53,0.2511848341232228,0.4801082955274622,0.46338268579074393,0.0005811489353526754,0.030956155334880622,213.8333333333334,0.7059609730018711,0.1295642723493888,0.5436497465507204,0.5086554398436453,0.8661475060133024,-82.22234053,24.29653509,POINT (-82.22234053 24.29653509),Caribbean
3044,54,0.3649289099526067,0.4801082955274622,0.48115626825943,0.002802241810061901,0.04146488560622729,225.8333333333334,0.5390019379844961,0.1295642723493888,0.5436497465507204,0.5086554398436453,0.8661475060133024,-81.52165461,24.39474701,POINT (-81.52165461 24.39474701),Caribbean
3045,55,0.0971563981042654,0.4801082955274622,0.4028028392538806,2.039149012520144e-06,0.027965603982841918,182.58333333333414,0.9978494623655914,0.1295642723493888,0.5436497465507204,0.5086554398436453,0.8661475060133024,-79.09620334,24.23101821,POINT (-79.09620334 24.23101821),Caribbean
3046,56,0.047393364928909956,0.4801082955274622,0.3744606352125628,1.737442572584642e-07,0.013527805422833918,168.25000000000068,0.9833333333333333,0.1295642723493888,0.5436497465507204,0.5086554398436453,0.8661475060133024,-78.25435359,24.1654676,POINT (-78.25435359 24.1654676),Caribbean
3047,57,0.5876777251184835,0.4801082955274622,0.5120176032498307,0.006806535592893225,0.13697833973916704,254.58333333333388,0.4493523436771969,0.1295642723493888,0.5436497465507204,0.5086554398436453,0.8661475060133024,-77.84475722,24.68892411,POINT (-77.84475722 24.68892411),Caribbean
3048,58,0.2227488151658768,0.4801082955274622,0.4231856335293782,6.603787683597582e-05,0.07496530069733888,200.9166666666677,0.8948412698412699,0.1295642723493888,0.5436497465507204,0.5086554398436453,0.8661475060133024,-76.97894332,24.30157345,POINT (-76.97894332 24.30157345),Caribbean
3049,59,0.11611374407582939,0.4801082955274622,0.39157645019998205,2.9180984903206938e-06,0.0393639088403548,179.75000000000094,0.9924242424242424,0.1295642723493888,0.5436497465507204,0.5086554398436453,0.8661475060133024,-76.7605836,24.1654676,POINT (-76.7605836 24.1654676),Caribbean
3050,60,0.28199052132701424,0.4801082955274622,0.4368707410813233,0.00012899943602932943,0.07646017288848915,209.58333333333425,0.8533333333333334,0.1295642723493888,0.5436497465507204,0.5086554398436453,0.8661475060133024,-79.16806856,24.09988332,POINT (-79.16806856 24.09988332),Caribbean
3051,61,0.0971563981042654,0.4801082955274622,0.38471421229943475,9.513694810547587e-07,0.03068808747438714,175.8333333333341,0.989247311827957,0.1295642723493888,0.5436497465507204,0.5086554398436453,0.8661475060133024,-78.44941633,24.09988332,POINT (-78.44941633 24.09988332),Caribbean
3052,62,0.1113744075829384,0.4801082955274622,0.39114039624652996,3.4905389007348447e-06,0.03774065179275724,179.25000000000094,0.9913978494623656,0.1295642723493888,0.5436497465507204,0.5086554398436453,0.8661475060133024,-76.86838143,24.09988332,POINT (-76.86838143 24.09988332),Caribbean
3053,63,0.10189573459715641,0.4801082955274622,0.4132283245051575,2.7986502114731788e-06,0.03861387171458135,187.9166666666675,0.9810606060606061,0.1295642723493888,0.5436497465507204,0.5086554398436453,0.8661475060133024,-75.53887481,24.09988332,POINT (-75.53887481 24.09988332),Caribbean
3054,64,0.33886255924170616,0.4801082955274622,0.44574121298145164,0.0007994239271610123,0.08445914047922497,218.25000000000094,0.6398656215005599,0.1295642723493888,0.5436497465507204,0.5086554398436453,0.8661475060133024,-78.77280984,24.03426544,POINT (-78.77280984 24.03426544),Caribbean
3055,65,0.17535545023696683,0.4801082955274622,0.4088988077175598,5.8771071191015265e-05,0.042998578148197374,189.08333333333422,0.909288824383164,0.1295642723493888,0.5436497465507204,0.5086554398436453,0.8661475060133024,-78.09009022,24.00144392,POINT (-78.09009022 24.00144392),Caribbean
3056,66,0.4336492890995261,0.4801082955274622,0.47465415652619447,0.0050075135092408655,0.1159163474806893,231.58333333333397,0.5660182729148246,0.1295642723493888,0.5436497465507204,0.5086554398436453,0.8661475060133024,-75.64667265,24.42746737,POINT (-75.64667265 24.42746737),Caribbean
3057,67,0.08530805687203792,0.4801082955274622,0.3868326826314801,4.1935522602250584e-07,0.028864005437636536,176.3333333333341,0.9852216748768473,0.1295642723493888,0.5436497465507204,0.5086554398436453,0.8661475060133024,-78.77280984,23.90292916,POINT (-78.77280984 23.90292916),Caribbean
3058,68,0.03554502369668247,0.4801082955274622,0.37287056882100206,1.737442572584642e-07,0.009861938987575456,166.58333333333397,0.9743589743589743,0.1295642723493888,0.5436497465507204,0.5086554398436453,0.8661475060133024,-78.55721417,23.90292916,POINT (-78.55721417 23.90292916),Caribbean
3059,69,0.20379146919431282,0.4801082955274622,0.41420291961012257,7.1872828301461e-05,0.0550798763919024,193.91666666666765,0.9231699939503932,0.1295642723493888,0.5436497465507204,0.5086554398436453,0.8661475060133024,-78.41348372,23.93577578,POINT (-78.41348372 23.93577578),Caribbean
3060,70,0.29383886255924174,0.4801082955274622,0.45734905706951035,0.0002523197350474571,0.0971748833227314,218.25000000000065,0.7802726543704892,0.1295642723493888,0.5436497465507204,0.5086554398436453,0.8661475060133024,-77.11990971,24.00144392,POINT (-77.11990971 24.00144392),Caribbean
3061,71,0.504739336492891,0.4801082955274622,0.4798416336466993,0.004073884753156148,0.1222394848988993,235.583333333334,0.49773355444997236,0.1295642723493888,0.5436497465507204,0.5086554398436453,0.8661475060133024,-76.61031995,24.23101821,POINT (-76.61031995 24.23101821),Caribbean
3062,72,0.08293838862559243,0.4801082955274622,0.3868326826314801,5.502544276159156e-07,0.029989609392464464,176.3333333333341,0.9867724867724867,0.1295642723493888,0.5436497465507204,0.5086554398436453,0.8661475060133024,-78.73687722,23.8372109,POINT (-78.73687722 23.8372109),Caribbean
3063,73,0.07819905213270142,0.4801082955274622,0.3801342812006319,5.600718677354214e-07,0.024282744807253755,172.00000000000077,0.9886039886039886,0.1295642723493888,0.5436497465507204,0.5086554398436453,0.8661475060133024,-78.48534895,23.80433927,POINT (-78.48534895 23.80433927),Caribbean
3064,74,0.03554502369668247,0.4801082955274622,0.37366391045679137,6.781524901827254e-08,0.011433094963946355,167.25000000000065,0.9871794871794872,0.1295642723493888,0.5436497465507204,0.5086554398436453,0.8661475060133024,-78.05415761,23.8372109,POINT (-78.05415761 23.8372109),Caribbean
3065,75,0.40758293838862564,0.4801082955274622,0.4989262440758294,0.002672988443318059,0.07846304642946214,232.83333333333354,0.6152969662441248,0.1295642723493888,0.5436497465507204,0.5086554398436453,0.8661475060133024,-80.46164257,23.80433927,POINT (-80.46164257 23.80433927),Caribbean
3066,76,0.29383886255924174,0.4801082955274622,0.4579453400643858,0.0004932068492691906,0.06569671790055934,215.0000000000006,0.8224602401817591,0.1295642723493888,0.5436497465507204,0.5086554398436453,0.8661475060133024,-79.95858601,23.77145932,POINT (-79.95858601 23.77145932),Caribbean
3067,77,0.07109004739336494,0.4801082955274622,0.3817870389449825,4.1935522602250584e-07,0.022981720139853844,172.6666666666674,0.9855072463768116,0.1295642723493888,0.5436497465507204,0.5086554398436453,0.8661475060133024,-78.59314678,23.77145932,POINT (-78.59314678 23.77145932),Caribbean
3068,78,0.13270142180094788,0.4801082955274622,0.4070035641128435,4.007145531113465e-06,0.040124930773461895,187.08333333333422,0.9841463414634146,0.1295642723493888,0.5436497465507204,0.5086554398436453,0.8661475060133024,-78.26975328,23.8372109,POINT (-78.26975328 23.8372109),Caribbean
3069,79,0.06398104265402844,0.4801082955274622,0.384293299594512,4.1935522602250584e-07,0.022086117196532293,173.66666666666742,0.9826839826839827,0.1295642723493888,0.5436497465507204,0.5086554398436453,0.8661475060133024,-78.09009022,23.77145932,POINT (-78.09009022 23.77145932),Caribbean
3070,80,0.36729857819905215,0.4801082955274622,0.4639948161550646,0.0007680639405176614,0.1059722929448024,223.75000000000065,0.6798679867986799,0.1295642723493888,0.5436497465507204,0.5086554398436453,0.8661475060133024,-76.83244882,23.8700742,POINT (-76.83244882 23.8700742),Caribbean
3071,81,0.37203791469194314,0.4801082955274622,0.48380726698262244,0.002821416814614616,0.0976302103440773,230.2500000000004,0.5906588824020017,0.1295642723493888,0.5436497465507204,0.5086554398436453,0.8661475060133024,-74.49682908,23.90292916,POINT (-74.49682908 23.90292916),Caribbean
3072,82,0.2132701421800948,0.4801082955274622,0.4146919431279621,4.314989799613591e-05,0.056407787764114786,194.41666666666768,0.940772078265468,0.1295642723493888,0.5436497465507204,0.5086554398436453,0.8661475060133024,-78.59314678,23.70567449,POINT (-78.59314678 23.70567449),Caribbean
3073,83,0.06161137440758294,0.4801082955274622,0.4000502002612573,4.1935522602250584e-07,0.021209194724909,179.58333333333408,0.9809523809523809,0.1295642723493888,0.5436497465507204,0.5086554398436453,0.8661475060133024,-78.09009022,23.70567449,POINT (-78.09009022 23.70567449),Caribbean
3074,84,0.05450236966824645,0.4801082955274622,0.37566211318650683,2.841102507587901e-07,0.019622959706590212,169.7500000000007,0.9779411764705882,0.1295642723493888,0.5436497465507204,0.5086554398436453,0.8661475060133024,-78.30568589,23.63985648,POINT (-78.30568589 23.63985648),Caribbean
3075,85,0.05924170616113744,0.4801082955274622,0.384293299594512,4.1935522602250584e-07,0.022251641812592562,173.66666666666742,0.9789473684210527,0.1295642723493888,0.5436497465507204,0.5086554398436453,0.8661475060133024,-78.23382067,23.63985648,POINT (-78.23382067 23.63985648),Caribbean
3076,86,0.13507109004739337,0.4801082955274622,0.40465907353615654,5.454020969784063e-06,0.03474815835550075,184.5833333333342,0.96723044397463,0.1295642723493888,0.5436497465507204,0.5086554398436453,0.8661475060133024,-77.94635977,23.73857106,POINT (-77.94635977 23.73857106),Caribbean
3077,87,0.27251184834123227,0.4801082955274622,0.4390550947867299,0.0005689569652123675,0.07334076331988451,207.25000000000077,0.7235087719298245,0.1295642723493888,0.5436497465507204,0.5086554398436453,0.8661475060133024,-75.10768348,23.67276963,POINT (-75.10768348 23.67276963),Caribbean
3078,88,0.05924170616113744,0.4801082955274622,0.4000502002612573,1.737442572584642e-07,0.0201295160577423,179.58333333333408,0.9883040935672515,0.1295642723493888,0.5436497465507204,0.5086554398436453,0.8661475060133024,-79.02433812,23.57400535,POINT (-79.02433812 23.57400535),Caribbean
3079,89,0.4146919431279621,0.4801082955274622,0.48049805175018323,0.0015711493607365435,0.09605272934401608,233.66666666666725,0.5789473684210527,0.1295642723493888,0.5436497465507204,0.5086554398436453,0.8661475060133024,-78.88060767,23.67276963,POINT (-78.88060767 23.67276963),Caribbean
3080,90,0.4431279620853081,0.4801082955274622,0.5032150083515529,0.005711638424066419,0.08276593638015754,235.83333333333354,0.5756899588960658,0.1295642723493888,0.5436497465507204,0.5086554398436453,0.8661475060133024,-80.42570996,23.57400535,POINT (-80.42570996 23.57400535),Caribbean
3081,91,0.08767772511848342,0.4801082955274622,0.4037288227923953,3.071831266499565e-06,0.03068750618513922,182.9166666666675,0.9857549857549858,0.1295642723493888,0.5436497465507204,0.5086554398436453,0.8661475060133024,-78.23382067,23.50812118,POINT (-78.23382067 23.50812118),Caribbean
3082,92,0.18009478672985785,0.4801082955274622,0.42523495863121535,2.547660404568994e-05,0.055208207481255066,195.91666666666745,0.9387755102040817,0.1295642723493888,0.5436497465507204,0.5086554398436453,0.8661475060133024,-76.16769551,23.50812118,POINT (-76.16769551 23.50812118),Caribbean
3083,93,0.3341232227488152,0.4801082955274622,0.46216325767024197,0.001508697443564853,0.0818408118948909,217.91666666666723,0.6236559139784946,0.1295642723493888,0.5436497465507204,0.5086554398436453,0.8661475060133024,-74.80225628,23.54106739,POINT (-74.80225628 23.54106739),Caribbean
3084,94,0.09478672985781991,0.4801082955274622,0.4028028392538806,6.591644790117364e-06,0.027807711355418277,181.9166666666675,0.9729064039408867,0.1295642723493888,0.5436497465507204,0.5086554398436453,0.8661475060133024,-78.3416185,23.44220405,POINT (-78.3416185 23.44220405),Caribbean
3085,95,0.7369668246445498,0.4801082955274622,0.5593058532315031,0.04257318327119567,0.125118437522287,270.8333333333335,0.3620120806050454,0.1295642723493888,0.5436497465507204,0.5086554398436453,0.8661475060133024,-79.74299034,23.73857106,POINT (-79.74299034 23.73857106),Caribbean
3086,96,0.1966824644549763,0.4801082955274622,0.4357866945773994,3.55676016356144e-05,0.060388762482552504,201.58333333333402,0.9218855218855219,0.1295642723493888,0.5436497465507204,0.5086554398436453,0.8661475060133024,-76.34735857,23.40923313,POINT (-76.34735857 23.40923313),Caribbean
3087,97,0.49526066350710907,0.4801082955274622,0.4759404821536367,0.004719573381182352,0.11454232031856591,231.58333333333394,0.49264787175234936,0.1295642723493888,0.5436497465507204,0.5086554398436453,0.8661475060133024,-75.93413354,23.47516673,POINT (-75.93413354 23.47516673),Caribbean
3088,98,0.08767772511848342,0.4801082955274622,0.38112737719441603,0.002733580931815287,0.006010207460524685,175.83333333333354,0.7310606060606061,0.1295642723493888,0.5436497465507204,0.5086554398436453,0.8661475060133024,-88.72614318,23.34326667,POINT (-88.72614318 23.34326667),Caribbean
3089,99,0.16113744075829384,0.4801082955274622,0.4079489847031172,8.772890207064196e-05,0.03906920874490261,187.41666666666757,0.9013605442176871,0.1295642723493888,0.5436497465507204,0.5086554398436453,0.8661475060133024,-78.88060767,23.31027114,POINT (-78.88060767 23.31027114),Caribbean
3090,100,0.13270142180094788,0.4801082955274622,0.42115596622228285,6.126320686460373e-06,0.043565601517750276,191.91666666666742,0.9743954480796586,0.1295642723493888,0.5436497465507204,0.5086554398436453,0.8661475060133024,-76.25752704,23.31027114,POINT (-76.25752704 23.31027114),Caribbean
3091,101,0.1279620853080569,0.4801082955274622,0.39114039624652996,6.432898707700565e-06,0.03832296480723852,182.0000000000008,0.9714714714714715,0.1295642723493888,0.5436497465507204,0.5086554398436453,0.8661475060133024,-76.07786398,23.27726742,POINT (-76.07786398 23.27726742),Caribbean
3092,102,0.04502369668246446,0.4801082955274622,0.3772761287104016,0.0,0.018335426034621415,170.41666666666737,1.0,0.1295642723493888,0.5436497465507204,0.5086554398436453,0.8661475060133024,-77.87449455,23.24425552,POINT (-77.87449455 23.24425552),Caribbean
3093,103,0.1066350710900474,0.4801082955274622,0.3964380088367764,1.3754798879745707e-06,0.037084009059329855,184.0000000000007,0.9943181818181818,0.1295642723493888,0.5436497465507204,0.5086554398436453,0.8661475060133024,-75.86226832,23.21123544,POINT (-75.86226832 23.21123544),Caribbean
3094,104,0.06398104265402844,0.4801082955274622,0.3647394349214786,5.497232193981028e-07,0.01137030100570423,165.33333333333368,0.9927536231884058,0.1295642723493888,0.5436497465507204,0.5086554398436453,0.8661475060133024,-75.28734653,23.17820721,POINT (-75.28734653 23.17820721),Caribbean
3095,105,0.20142180094786732,0.4801082955274622,0.4132283245051575,0.0001968607944064365,0.05354144540258388,192.58333333333425,0.9026013309134906,0.1295642723493888,0.5436497465507204,0.5086554398436453,0.8661475060133024,-78.52128156,23.11212628,POINT (-78.52128156 23.11212628),Caribbean
3096,106,0.5023696682464456,0.4801082955274622,0.4871623797911011,0.005846834381868307,0.11178773513885794,237.08333333333388,0.5404554263565892,0.1295642723493888,0.5436497465507204,0.5086554398436453,0.8661475060133024,-78.3416185,23.21123544,POINT (-78.3416185 23.21123544),Caribbean
3097,107,0.6919431279620853,0.4801082955274622,0.5329955627153018,0.026043595974780936,0.14245095629327142,263.99999999999994,0.4094925155166119,0.1295642723493888,0.5436497465507204,0.5086554398436453,0.8661475060133024,-77.51516844,23.24425552,POINT (-77.51516844 23.24425552),Caribbean
3098,108,0.3578199052132702,0.4801082955274622,0.45321816236049534,0.002279945608093232,0.056418759036799424,211.00000000000054,0.6617180984153461,0.1295642723493888,0.5436497465507204,0.5086554398436453,0.8661475060133024,-80.2280806,23.0129439,POINT (-80.2280806 23.0129439),Caribbean
3099,109,0.12085308056872039,0.4801082955274622,0.4079489847031172,7.131889707368484e-06,0.04111958236132905,187.08333333333422,0.9910873440285205,0.1295642723493888,0.5436497465507204,0.5086554398436453,0.8661475060133024,-77.87449455,22.97986688,POINT (-77.87449455 22.97986688),Caribbean
3100,110,0.1113744075829384,0.4801082955274622,0.40747572602016696,7.2726063490813995e-06,0.03882367774412217,186.25000000000088,0.9870967741935484,0.1295642723493888,0.5436497465507204,0.5086554398436453,0.8661475060133024,-77.58703366,22.97986688,POINT (-77.58703366 22.97986688),Caribbean
3101,111,0.4146919431279621,0.4801082955274622,0.4798416336466993,0.0023233019502384507,0.10908726278715565,231.2500000000005,0.6748009691934925,0.1295642723493888,0.5436497465507204,0.5086554398436453,0.8661475060133024,-77.26364016,23.0129439,POINT (-77.26364016 23.0129439),Caribbean
3102,112,0.5260663507109005,0.4801082955274622,0.4878389942074776,0.009275783545522215,0.0755698579173173,228.83333333333366,0.4349614024962124,0.1295642723493888,0.5436497465507204,0.5086554398436453,0.8661475060133024,-80.89283391,23.14517082,POINT (-80.89283391 23.14517082),Caribbean
3103,113,0.3981042654028436,0.4801082955274622,0.4791870065885183,0.0021009092368134462,0.0981560672606382,229.66666666666717,0.6842793129200896,0.1295642723493888,0.5436497465507204,0.5086554398436453,0.8661475060133024,-78.46738264,23.0129439,POINT (-78.46738264 23.0129439),Caribbean
3104,114,0.3341232227488152,0.4801082955274622,0.46338268579074393,0.0012498157216383518,0.08440774129376667,218.58333333333385,0.7698476343223737,0.1295642723493888,0.5436497465507204,0.5086554398436453,0.8661475060133024,-78.16195544,22.91368854,POINT (-78.16195544 22.91368854),Caribbean
3105,115,0.05450236966824645,0.4801082955274622,0.37768180196707946,6.781524901827254e-08,0.01851770895040005,170.58333333333402,0.9904761904761905,0.1295642723493888,0.5436497465507204,0.5086554398436453,0.8661475060133024,-78.018225,22.91368854,POINT (-78.018225 22.91368854),Caribbean
3106,116,0.3080568720379147,0.4801082955274622,0.4585431799339216,0.0006245740869462918,0.0806816713331199,215.91666666666723,0.7155840684309008,0.1295642723493888,0.5436497465507204,0.5086554398436453,0.8661475060133024,-75.37612122,23.04601282,POINT (-75.37612122 23.04601282),Caribbean
3107,117,0.3981042654028436,0.4801082955274622,0.4844745873508743,0.0021208721045636396,0.09377724284161214,231.41666666666708,0.5804722584383601,0.1295642723493888,0.5436497465507204,0.5086554398436453,0.8661475060133024,-73.61648011,22.94678175,POINT (-73.61648011 22.94678175),Caribbean
3108,118,0.4502369668246446,0.4801082955274622,0.4683254344391785,0.0103572213113976,0.03643076439954191,216.16666666666674,0.4578457129209458,0.1295642723493888,0.5436497465507204,0.5086554398436453,0.8661475060133024,-81.88098072,23.0129439,POINT (-81.88098072 23.0129439),Caribbean
3109,119,0.3151658767772512,0.4801082955274622,0.4474446825852024,0.0009685255886746931,0.04914815003282202,206.33333333333383,0.7247807017543859,0.1295642723493888,0.5436497465507204,0.5086554398436453,0.8661475060133024,-79.90468709,22.84747788,POINT (-79.90468709 22.84747788),Caribbean
3110,120,0.2180094786729858,0.4801082955274622,0.44405066476533994,0.00030735555123848047,0.06251073977503953,205.08333333333394,0.8954802259887006,0.1295642723493888,0.5436497465507204,0.5086554398436453,0.8661475060133024,-77.58703366,22.84747788,POINT (-77.58703366 22.84747788),Caribbean
3111,121,0.4502369668246446,0.4801082955274622,0.4798416336466993,0.00262622770039886,0.1061017313585868,230.2500000000005,0.5611612903225807,0.1295642723493888,0.5436497465507204,0.5086554398436453,0.8661475060133024,-76.22159443,23.0129439,POINT (-76.22159443 23.0129439),Caribbean
3112,122,0.27251184834123227,0.4801082955274622,0.4407077488448983,0.0004840371286399202,0.04358235899012194,200.3333333333338,0.7971887550200804,0.1295642723493888,0.5436497465507204,0.5086554398436453,0.8661475060133024,-79.72502404,22.78123496,POINT (-79.72502404 22.78123496),Caribbean
3113,123,0.5071090047393365,0.4801082955274622,0.4871623797911011,0.006819486152827993,0.10530520252385668,232.75000000000043,0.4758199546931941,0.1295642723493888,0.5436497465507204,0.5086554398436453,0.8661475060133024,-75.28734653,23.44220405,POINT (-75.28734653 23.44220405),Caribbean
3114,124,0.1066350710900474,0.4801082955274622,0.3825158193699877,0.001799942615284175,0.00768355320814975,179.75000000000014,0.7207317073170731,0.1295642723493888,0.5436497465507204,0.5086554398436453,0.8661475060133024,-88.40274968,22.64865266,POINT (-88.40274968 22.64865266),Caribbean
3115,125,0.3341232227488152,0.4801082955274622,0.4434899947340706,0.0008446681488570443,0.04769088820390646,203.50000000000048,0.6809185959671397,0.1295642723493888,0.5436497465507204,0.5086554398436453,0.8661475060133024,-79.50942837,22.64865266,POINT (-79.50942837 22.64865266),Caribbean
3116,126,0.49526066350710907,0.4801082955274622,0.4740135976105046,0.01586704464877841,0.03799311970490951,222.66666666666674,0.4196103896103896,0.1295642723493888,0.5436497465507204,0.5086554398436453,0.8661475060133024,-83.62371237,22.74810143,POINT (-83.62371237 22.74810143),Caribbean
3117,127,0.23696682464454977,0.4801082955274622,0.4347080146403266,0.000163125368078187,0.052401851589259925,199.583333333334,0.835820895522388,0.1295642723493888,0.5436497465507204,0.5086554398436453,0.8661475060133024,-76.72465099,22.58231343,POINT (-76.72465099 22.58231343),Caribbean
3118,128,0.2251184834123223,0.4801082955274622,0.4434899947340706,0.00011921051995207722,0.056718215803325304,204.58333333333385,0.8314310798946444,0.1295642723493888,0.5436497465507204,0.5086554398436453,0.8661475060133024,-74.35309864,22.44953914,POINT (-74.35309864 22.44953914),Caribbean
3119,129,0.38151658767772517,0.4801082955274622,0.48314178243381556,0.0013152993491170007,0.09387220399541084,229.7500000000004,0.6412253374870197,0.1295642723493888,0.5436497465507204,0.5086554398436453,0.8661475060133024,-73.5985138,22.48274467,POINT (-73.5985138 22.48274467),Caribbean
3120,130,0.37440758293838866,0.4801082955274622,0.4555694887540647,0.0010826413665569873,0.08368594525130456,216.41666666666728,0.6091728091728091,0.1295642723493888,0.5436497465507204,0.5086554398436453,0.8661475060133024,-76.09583029,22.5512059,POINT (-76.09583029 22.5512059),Caribbean
3121,131,0.4431279620853081,0.4801082955274622,0.48648763965288633,0.0030328391207527228,0.09813498589316975,232.2500000000004,0.5531734496124031,0.1295642723493888,0.5436497465507204,0.5086554398436453,0.8661475060133024,-74.10157036,22.61548704,POINT (-74.10157036 22.61548704),Caribbean
3122,132,0.16350710900473936,0.4801082955274622,0.406191846874513,0.00566166944672266,0.010420713577384071,194.91666666666703,0.6356902356902356,0.1295642723493888,0.5436497465507204,0.5086554398436453,0.8661475060133024,-89.69632369,22.34987489,POINT (-89.69632369 22.34987489),Caribbean
3123,133,0.11611374407582939,0.4801082955274622,0.3863867246258017,0.0009302057593444025,0.008978023669514862,185.98333333333335,0.7494949494949495,0.1295642723493888,0.5436497465507204,0.5086554398436453,0.8661475060133024,-88.58241274,22.21687831,POINT (-88.58241274 22.21687831),Caribbean
3124,134,0.6635071090047394,0.4801082955274622,0.5090493852599767,0.032551397825233655,0.11668937125571632,248.1666666666671,0.41461886529759834,0.1295642723493888,0.5436497465507204,0.5086554398436453,0.8661475060133024,-78.09009022,22.34987489,POINT (-78.09009022 22.34987489),Caribbean
3125,135,0.5829383886255924,0.4801082955274622,0.5017772511848342,0.017328627440660722,0.11815730038119127,242.83333333333377,0.486848635235732,0.1295642723493888,0.5436497465507204,0.5086554398436453,0.8661475060133024,-77.31753908,22.21687831,POINT (-77.31753908 22.21687831),Caribbean
3126,136,0.4549763033175356,0.4801082955274622,0.49821854727572185,0.004515086611564944,0.09893939567299963,240.0833333333337,0.5404554263565892,0.1295642723493888,0.5436497465507204,0.5086554398436453,0.8661475060133024,-72.91579418,22.28339241,POINT (-72.91579418 22.28339241),Caribbean
3127,137,0.11611374407582939,0.4801082955274622,0.3502938862954516,0.00023224254137081823,0.005801664633388832,170.68333333333382,0.7777777777777778,0.1295642723493888,0.5436497465507204,0.5086554398436453,0.8661475060133024,-91.13362815,22.05045517,POINT (-91.13362815 22.05045517),Caribbean
3128,138,0.590047393364929,0.4801082955274622,0.4905643517170166,0.010609471380533237,0.11062777632247858,235.91666666666708,0.4302708364506958,0.1295642723493888,0.5436497465507204,0.5086554398436453,0.8661475060133024,-76.63481946,22.21687831,POINT (-76.63481946 22.21687831),Caribbean
3129,139,0.12322274881516589,0.4801082955274622,0.3502938862954516,0.0012134823443008392,0.005801664633388832,170.68333333333382,0.7012820512820512,0.1295642723493888,0.5436497465507204,0.5086554398436453,0.8661475060133024,-91.42108904,21.98383095,POINT (-91.42108904 21.98383095),Caribbean
3130,140,0.4454976303317536,0.4801082955274622,0.48919787719969904,0.0035213385896148614,0.09896883094513248,234.2500000000004,0.6004842615012107,0.1295642723493888,0.5436497465507204,0.5086554398436453,0.8661475060133024,-74.01173883,22.18360942,POINT (-74.01173883 22.18360942),Caribbean
3131,141,0.12085308056872039,0.4801082955274622,0.39179325528754333,0.0003569038619799843,0.008193791578350417,185.50000000000009,0.7636363636363637,0.1295642723493888,0.5436497465507204,0.5086554398436453,0.8661475060133024,-89.51666063,21.85048874,POINT (-89.51666063 21.85048874),Caribbean
3132,142,0.1113744075829384,0.4801082955274622,0.3642691844477419,0.0007072208923747988,0.008360723074501352,178.51428571428573,0.7441860465116279,0.1295642723493888,0.5436497465507204,0.5086554398436453,0.8661475060133024,-88.58241274,21.85048874,POINT (-88.58241274 21.85048874),Caribbean
3133,143,0.14454976303317538,0.4801082955274622,0.40747572602016696,5.016393182116564e-05,0.02258529821810208,193.25000000000003,0.8289007092198581,0.1295642723493888,0.5436497465507204,0.5086554398436453,0.8661475060133024,-83.58777976,21.85048874,POINT (-83.58777976 21.85048874),Caribbean
3134,144,0.1137440758293839,0.4801082955274622,0.3849700913549463,0.0002861797761249734,0.00780039672315818,181.33333333333354,0.7932636469221835,0.1295642723493888,0.5436497465507204,0.5086554398436453,0.8661475060133024,-89.58852586,21.78377088,POINT (-89.58852586 21.78377088),Caribbean
3135,145,0.0971563981042654,0.4801082955274622,0.3633238491939848,0.00026390061737412596,0.006539898382035185,172.40000000000023,0.8191632928475033,0.1295642723493888,0.5436497465507204,0.5086554398436453,0.8661475060133024,-89.30106497,21.78377088,POINT (-89.30106497 21.78377088),Caribbean
3136,146,0.6350710900473934,0.4801082955274622,0.5135147307447133,0.03989845062964103,0.04435146362616183,243.50000000000003,0.35386430678466074,0.1295642723493888,0.5436497465507204,0.5086554398436453,0.8661475060133024,-84.37829721,22.34987489,POINT (-84.37829721 22.34987489),Caribbean
3137,147,0.604265402843602,0.4801082955274622,0.49401417134934444,0.015162677974740996,0.10348710961322252,236.41666666666703,0.4068221371388792,0.1295642723493888,0.5436497465507204,0.5086554398436453,0.8661475060133024,-75.39514437,21.95050711,POINT (-75.39514437 21.95050711),Caribbean
3138,148,0.08767772511848342,0.4801082955274622,0.34854968437198874,0.0004444550882678953,0.002903076145945725,166.35000000000045,0.7948717948717948,0.1295642723493888,0.5436497465507204,0.5086554398436453,0.8661475060133024,-92.06787604,21.71702197,POINT (-92.06787604 21.71702197),Caribbean
3139,149,0.28672985781990523,0.4801082955274622,0.42834643393827304,0.0009626773431462012,0.029282248056926218,205.75000000000006,0.7867088607594936,0.1295642723493888,0.5436497465507204,0.5086554398436453,0.8661475060133024,-80.31791212,21.8171337,POINT (-80.31791212 21.8171337),Caribbean
3140,150,0.09004739336492892,0.4801082955274622,0.34739650096629154,0.0004258406027553564,0.0038355916325410683,166.0166666666671,0.7816091954022989,0.1295642723493888,0.5436497465507204,0.5086554398436453,0.8661475060133024,-91.96007821,21.65024207,POINT (-91.96007821 21.65024207),Caribbean
3141,151,0.5071090047393365,0.4801082955274622,0.46895070204190104,0.012986910191822174,0.03782271600615945,228.3333333333334,0.4243093922651934,0.1295642723493888,0.5436497465507204,0.5086554398436453,0.8661475060133024,-84.21660046,21.78377088,POINT (-84.21660046 21.78377088),Caribbean
3142,152,0.29857819905213273,0.4801082955274622,0.4390550947867299,0.0014088245305555363,0.03140771513509771,212.08333333333337,0.7184873949579832,0.1295642723493888,0.5436497465507204,0.5086554398436453,0.8661475060133024,-81.23419371,21.88383599,POINT (-81.23419371 21.88383599),Caribbean
3143,153,0.15876777251184834,0.4801082955274622,0.42834643393827304,2.7451943176747883e-05,0.03987734080471815,194.58333333333402,0.9178743961352657,0.1295642723493888,0.5436497465507204,0.5086554398436453,0.8661475060133024,-75.71853787,21.61684052,POINT (-75.71853787 21.61684052),Caribbean
3144,154,0.1090047393364929,0.4801082955274622,0.37366391045679137,2.9875721032513207e-06,0.012531311879047049,172.66666666666686,0.9973544973544973,0.1295642723493888,0.5436497465507204,0.5086554398436453,0.8661475060133024,-81.68335136,21.58343125,POINT (-81.68335136 21.58343125),Caribbean
3145,155,0.5758293838862559,0.4801082955274622,0.48648763965288633,0.022008552345152695,0.09982444044680203,233.50000000000045,0.4582802818096936,0.1295642723493888,0.5436497465507204,0.5086554398436453,0.8661475060133024,-77.37143799,21.65024207,POINT (-77.37143799 21.65024207),Caribbean
3146,156,0.4502369668246446,0.4801082955274622,0.4905643517170166,0.004285000416748036,0.09871391780905418,235.2500000000004,0.6236460717009916,0.1295642723493888,0.5436497465507204,0.5086554398436453,0.8661475060133024,-73.81410947,21.55001428,POINT (-73.81410947 21.55001428),Caribbean
3147,157,0.11848341232227488,0.4801082955274622,0.37964633338429393,0.0007265780639405513,0.009417128008505572,178.41666666666666,0.7136524822695035,0.1295642723493888,0.5436497465507204,0.5086554398436453,0.8661475060133024,-88.29495185,21.44971721,POINT (-88.29495185 21.44971721),Caribbean
3148,158,0.1090047393364929,0.4801082955274622,0.3500019747235387,0.0005198241513394474,0.007633450666872011,174.5392857142858,0.7389006342494715,0.1295642723493888,0.5436497465507204,0.5086554398436453,0.8661475060133024,-88.79800841,21.38281412,POINT (-88.79800841 21.38281412),Caribbean
3149,159,0.48578199052132703,0.4801082955274622,0.46522394149587276,0.009757196447295044,0.03553100030679331,233.25000000000003,0.5004026845637584,0.1295642723493888,0.5436497465507204,0.5086554398436453,0.8661475060133024,-81.21622741,21.55001428,POINT (-81.21622741 21.55001428),Caribbean
3150,160,0.566350710900474,0.4801082955274622,0.5338055863668448,0.010773962370232565,0.10601454754466694,262.4999999999999,0.4446484428124575,0.1295642723493888,0.5436497465507204,0.5086554398436453,0.8661475060133024,-71.98154629,21.85048874,POINT (-71.98154629 21.85048874),Caribbean
3151,161,0.10189573459715641,0.4801082955274622,0.35479199578725645,5.0620267440778495e-06,0.019158407238555976,165.16666666666686,0.9715909090909091,0.1295642723493888,0.5436497465507204,0.5086554398436453,0.8661475060133024,-71.6940854,21.38281412,POINT (-71.6940854 21.38281412),Caribbean
3152,162,0.05213270142180095,0.4801082955274622,0.2522536754764243,0.00012908304128908884,0.0001308209487507333,117.61666666666652,0.725,0.1295642723493888,0.5436497465507204,0.5086554398436453,0.8661475060133024,-97.24217208,21.38281412,POINT (-97.24217208 21.38281412),Caribbean
3153,163,0.09478672985781991,0.4801082955274622,0.3428590772802012,4.042335304207078e-05,0.005739254291332684,163.76666666666708,0.8492063492063492,0.1295642723493888,0.5436497465507204,0.5086554398436453,0.8661475060133024,-90.52277375,21.31588044,POINT (-90.52277375 21.31588044),Caribbean
3154,164,0.11848341232227488,0.4801082955274622,0.385677107133376,0.00027865722698268154,0.007585771512473861,182.33333333333354,0.7796234772978959,0.1295642723493888,0.5436497465507204,0.5086554398436453,0.8661475060133024,-90.30717808,21.31588044,POINT (-90.30717808 21.31588044),Caribbean
3155,165,0.4336492890995261,0.4801082955274622,0.46277216841816066,0.00541085421928209,0.0358922883799477,230.91666666666669,0.5011990407673861,0.1295642723493888,0.5436497465507204,0.5086554398436453,0.8661475060133024,-83.06675689,21.31588044,POINT (-83.06675689 21.31588044),Caribbean
3156,166,0.48815165876777256,0.4801082955274622,0.47146855816024685,0.011150437285559426,0.036505828188494294,237.91666666666669,0.47452440033085197,0.1295642723493888,0.5436497465507204,0.5086554398436453,0.8661475060133024,-82.22234053,21.3493511,POINT (-82.22234053 21.3493511),Caribbean
3157,167,0.4407582938388626,0.4801082955274622,0.49193848155375897,0.0026734551485965772,0.09637868034296453,235.5833333333337,0.6088455772113943,0.1295642723493888,0.5436497465507204,0.5086554398436453,0.8661475060133024,-72.98765941,21.36369333,POINT (-72.98765941 21.36369333),Caribbean
3158,168,0.3649289099526067,0.4801082955274622,0.491250455705432,0.0014227612311499824,0.07743377025613123,236.33333333333374,0.6021357742181541,0.1295642723493888,0.5436497465507204,0.5086554398436453,0.8661475060133024,-71.51442234,21.38281412,POINT (-71.51442234 21.38281412),Caribbean
3159,169,0.12085308056872039,0.4801082955274622,0.39179325528754333,0.00036618928358362913,0.008150318588289393,185.50000000000006,0.7626262626262627,0.1295642723493888,0.5436497465507204,0.5086554398436453,0.8661475060133024,-90.16344764,21.18192157,POINT (-90.16344764 21.18192157),Caribbean
3160,170,0.5639810426540285,0.4801082955274622,0.4844745873508743,0.020448068433605606,0.10643898788163321,233.75000000000048,0.49002407980736157,0.1295642723493888,0.5436497465507204,0.5086554398436453,0.8661475060133024,-77.0839771,21.48315725,POINT (-77.0839771 21.48315725),Caribbean
3161,171,0.46445497630331756,0.4801082955274622,0.5180591088928965,0.007656822464894509,0.09324246698562136,252.50000000000037,0.5058242475072221,0.1295642723493888,0.5436497465507204,0.5086554398436453,0.8661475060133024,-72.03287859,21.24891623,POINT (-72.03287859 21.24891623),Caribbean
3162,172,0.3933649289099526,0.4801082955274622,0.5024951013295906,0.0020328352836028853,0.08082966392241261,243.66666666666706,0.5692698412698413,0.1295642723493888,0.5436497465507204,0.5086554398436453,0.8661475060133024,-71.17306253,21.28240215,POINT (-71.17306253 21.28240215),Caribbean
3163,173,0.2914691943127962,0.4801082955274622,0.45734905706951035,0.0007534778088856798,0.06250495303910499,217.91666666666717,0.6724137931034483,0.1295642723493888,0.5436497465507204,0.5086554398436453,0.8661475060133024,-71.62222017,21.18192157,POINT (-71.62222017 21.18192157),Caribbean
3164,174,0.1137440758293839,0.4801082955274622,0.35235098126530745,0.0004567922248226429,0.0057128917304451535,172.51666666666713,0.7112375533428165,0.1295642723493888,0.5436497465507204,0.5086554398436453,0.8661475060133024,-91.78041515,21.04784123,POINT (-91.78041515 21.04784123),Caribbean
3165,175,0.4502369668246446,0.4801082955274622,0.450890983092919,0.004230996645031427,0.034870737871994316,219.91666666666674,0.5399782135076253,0.1295642723493888,0.5436497465507204,0.5086554398436453,0.8661475060133024,-79.9226534,21.51658961,POINT (-79.9226534 21.51658961),Caribbean
3166,176,0.3578199052132702,0.4801082955274622,0.48851749072236983,0.002194905501276198,0.07629178421913267,235.33333333333374,0.6177606177606177,0.1295642723493888,0.5436497465507204,0.5086554398436453,0.8661475060133024,-71.26289406,21.08137267,POINT (-71.26289406 21.08137267),Caribbean
3167,177,0.047393364928909956,0.4801082955274622,0.25195103159462895,6.65790739075966e-05,9.506598842221927e-05,116.61666666666652,0.8021978021978022,0.1295642723493888,0.5436497465507204,0.5086554398436453,0.8661475060133024,-97.27810469,21.01430224,POINT (-97.27810469 21.01430224),Caribbean
3168,178,0.3199052132701422,0.4801082955274622,0.411292828840028,0.008747877391555503,0.02218987866950394,202.0,0.46001476377952755,0.1295642723493888,0.5436497465507204,0.5086554398436453,0.8661475060133024,-86.83968109,21.38281412,POINT (-86.83968109 21.38281412),Caribbean
3169,179,0.35545023696682465,0.4801082955274622,0.44630759317583724,0.0031035810016343405,0.06689640623107918,208.75000000000063,0.6328689825427615,0.1295642723493888,0.5436497465507204,0.5086554398436453,0.8661475060133024,-76.4371901,21.14841285,POINT (-76.4371901 21.14841285),Caribbean
3170,180,0.04976303317535545,0.4801082955274622,0.2522536754764243,0.00012001703987211497,0.0001308209487507333,117.61666666666652,0.7333333333333333,0.1295642723493888,0.5436497465507204,0.5086554398436453,0.8661475060133024,-97.20623947,20.91364003,POINT (-97.20623947 20.91364003),Caribbean
3171,181,0.4431279620853081,0.4801082955274622,0.44293073875079936,0.0029809032598519243,0.035873002649023586,214.9166666666668,0.549096622152396,0.1295642723493888,0.5436497465507204,0.5086554398436453,0.8661475060133024,-79.32914578,21.10796119,POINT (-79.32914578 21.10796119),Caribbean
3172,182,0.35545023696682465,0.4801082955274622,0.4585431799339216,0.00238096973444977,0.07481336415817913,214.58333333333385,0.6756435643564357,0.1295642723493888,0.5436497465507204,0.5086554398436453,0.8661475060133024,-75.86226832,20.9807557,POINT (-75.86226832 20.9807557),Caribbean
3173,183,0.09004739336492892,0.4801082955274622,0.34883917746532095,0.00048413974271333367,0.002314088063507432,166.85000000000045,0.7292307692307692,0.1295642723493888,0.5436497465507204,0.5086554398436453,0.8661475060133024,-92.31940432,20.84649431,POINT (-92.31940432 20.84649431),Caribbean
3174,184,0.1137440758293839,0.4801082955274622,0.3514664181324238,0.0009095568789684331,0.004427164876635018,171.35000000000045,0.6890756302521008,0.1295642723493888,0.5436497465507204,0.5086554398436453,0.8661475060133024,-92.2475391,20.77931861,POINT (-92.2475391 20.77931861),Caribbean
3175,185,0.613744075829384,0.4801082955274622,0.5412081291670013,0.014862687008848683,0.11008475536299317,266.33333333333314,0.452926715832835,0.1295642723493888,0.5436497465507204,0.5086554398436453,0.8661475060133024,-73.34698552,20.77931861,POINT (-73.34698552 20.77931861),Caribbean
3176,186,0.3483412322274882,0.4801082955274622,0.41420291961012257,0.008968489673635999,0.02464671260141405,205.0,0.442081117714524,0.1295642723493888,0.5436497465507204,0.5086554398436453,0.8661475060133024,-86.82171478,20.8129102,POINT (-86.82171478 20.8129102),Caribbean
3177,187,0.4052132701421801,0.4801082955274622,0.4347080146403266,0.0028388593764732233,0.04502424393572364,207.83333333333374,0.5986164736164736,0.1295642723493888,0.5436497465507204,0.5086554398436453,0.8661475060133024,-78.88060767,21.14841285,POINT (-78.88060767 21.14841285),Caribbean
3178,188,0.26540284360189575,0.4801082955274622,0.42834643393827304,0.00042267678464673575,0.03983719013441629,202.16666666666708,0.8240615106286748,0.1295642723493888,0.5436497465507204,0.5086554398436453,0.8661475060133024,-78.55721417,20.67849902,POINT (-78.55721417 20.67849902),Caribbean
3179,189,0.06398104265402844,0.4801082955274622,0.32224227140310446,0.0,0.00426922696961432,145.33333333333337,1.0,0.1295642723493888,0.5436497465507204,0.5086554398436453,0.8661475060133024,-77.37143799,20.57761243,POINT (-77.37143799 20.57761243),Caribbean
3180,190,0.3578199052132702,0.4801082955274622,0.4639948161550646,0.0025997452294095414,0.08257580177664403,218.7500000000005,0.7003865979381443,0.1295642723493888,0.5436497465507204,0.5086554398436453,0.8661475060133024,-75.57480742,20.77931861,POINT (-75.57480742 20.77931861),Caribbean
3181,191,0.08293838862559243,0.4801082955274622,0.3425794206103152,3.1723242381695994e-05,0.005326151142934176,162.93333333333374,0.865530303030303,0.1295642723493888,0.5436497465507204,0.5086554398436453,0.8661475060133024,-90.81023464,20.51031762,POINT (-90.81023464 20.51031762),Caribbean
3182,192,0.37440758293838866,0.4801082955274622,0.4336346615177579,0.0015701194635051447,0.034220988689786166,208.75000000000014,0.6058896138247223,0.1295642723493888,0.5436497465507204,0.5086554398436453,0.8661475060133024,-79.00637181,20.72471633,POINT (-79.00637181 20.72471633),Caribbean
3183,193,0.18483412322274884,0.4801082955274622,0.3964380088367764,0.0002803731517313443,0.018852341419839182,181.50000000000054,0.8868686868686869,0.1295642723493888,0.5436497465507204,0.5086554398436453,0.8661475060133024,-77.44330322,20.51031762,POINT (-77.44330322 20.51031762),Caribbean
3184,194,0.3649289099526067,0.4801082955274622,0.4396046005374016,0.0017027571492679479,0.0391006788402303,208.33333333333368,0.6269306930693069,0.1295642723493888,0.5436497465507204,0.5086554398436453,0.8661475060133024,-78.62907939,20.51031762,POINT (-78.62907939 20.51031762),Caribbean
3185,195,0.3341232227488152,0.4801082955274622,0.450890983092919,0.0028194110550338104,0.05690433422156134,214.0000000000005,0.7228464419475655,0.1295642723493888,0.5436497465507204,0.5086554398436453,0.8661475060133024,-77.87449455,20.51031762,POINT (-77.87449455 20.51031762),Caribbean
3186,196,0.17535545023696683,0.4801082955274622,0.3450334733098074,5.483921304451884e-05,0.009471560306584753,159.0833333333334,0.9045454545454545,0.1295642723493888,0.5436497465507204,0.5086554398436453,0.8661475060133024,-77.37143799,20.44299322,POINT (-77.37143799 20.44299322),Caribbean
3187,197,0.12322274881516589,0.4801082955274622,0.35235098126530745,0.003980200924735453,0.005162561370918753,172.85000000000045,0.650472334682861,0.1295642723493888,0.5436497465507204,0.5086554398436453,0.8661475060133024,-91.85228037,20.37563932,POINT (-91.85228037 20.37563932),Caribbean
3188,198,0.3270142180094787,0.4801082955274622,0.40842334398765573,0.004575284682867391,0.022813052277673693,201.66666666666666,0.47227191413237923,0.1295642723493888,0.5436497465507204,0.5086554398436453,0.8661475060133024,-87.21697351,20.37563932,POINT (-87.21697351 20.37563932),Caribbean
3189,199,0.0995260663507109,0.4801082955274622,0.33019054219201766,0.0002993467366368939,0.0022484238516735735,160.63333333333378,0.6625615763546798,0.1295642723493888,0.5436497465507204,0.5086554398436453,0.8661475060133024,-92.21160649,20.34195133,POINT (-92.21160649 20.34195133),Caribbean
3190,200,0.5592417061611374,0.4801082955274622,0.5127650742034802,0.026837925659807638,0.1022509923078631,249.75000000000037,0.5107180202161031,0.1295642723493888,0.5436497465507204,0.5086554398436453,0.8661475060133024,-74.89208781,20.54396873,POINT (-74.89208781 20.54396873),Caribbean
3191,201,0.4407582938388626,0.4801082955274622,0.4844745873508743,0.007161870854004457,0.06212544296209176,229.3333333333335,0.6061814556331007,0.1295642723493888,0.5436497465507204,0.5086554398436453,0.8661475060133024,-78.16195544,20.51031762,POINT (-78.16195544 20.51031762),Caribbean
3192,202,0.1943127962085308,0.4801082955274622,0.4181477093206951,0.000133498877058644,0.04719658250308946,195.16666666666737,0.9224318658280922,0.1295642723493888,0.5436497465507204,0.5086554398436453,0.8661475060133024,-74.49682908,20.24084334,POINT (-74.49682908 20.24084334),Caribbean
3193,203,0.41943127962085314,0.4801082955274622,0.4683254344391785,0.004190333749023115,0.0517103524286995,222.16666666666683,0.580952380952381,0.1295642723493888,0.5436497465507204,0.5086554398436453,0.8661475060133024,-78.23382067,20.24084334,POINT (-78.23382067 20.24084334),Caribbean
3194,204,0.16350710900473936,0.4801082955274622,0.33871174139767013,4.165920607467289e-05,0.008472293578123744,156.16666666666669,0.9281567489114659,0.1295642723493888,0.5436497465507204,0.5086554398436453,0.8661475060133024,-77.15584232,20.24084334,POINT (-77.15584232 20.24084334),Caribbean
3195,205,0.3364928909952607,0.4801082955274622,0.40747572602016696,0.004009214716727904,0.02215139618252965,200.66666666666666,0.4934026389444222,0.1295642723493888,0.5436497465507204,0.5086554398436453,0.8661475060133024,-87.39663656,20.10593032,POINT (-87.39663656 20.10593032),Caribbean
3196,206,0.38388625592417064,0.4801082955274622,0.4161659666224928,0.009771010764379345,0.029161660207323383,208.66666666666674,0.4272930648769575,0.1295642723493888,0.5436497465507204,0.5086554398436453,0.8661475060133024,-86.94747892,20.20712603,POINT (-86.94747892 20.20712603),Caribbean
3197,207,0.10189573459715641,0.4801082955274622,0.33600189573459716,0.00041476570168870583,0.003105778694337613,164.38333333333378,0.6774193548387096,0.1295642723493888,0.5436497465507204,0.5086554398436453,0.8661475060133024,-91.96007821,20.07218385,POINT (-91.96007821 20.07218385),Caribbean
3198,208,0.18720379146919433,0.4801082955274622,0.36436107451180905,7.801713891559793e-05,0.014290025098147634,167.83333333333357,0.9117845117845118,0.1295642723493888,0.5436497465507204,0.5086554398436453,0.8661475060133024,-77.42533691,20.03843012,POINT (-77.42533691 20.03843012),Caribbean
3199,209,0.580568720379147,0.4801082955274622,0.5289820419117227,0.024590889848227396,0.09921786054265491,258.83333333333354,0.4920851321669318,0.1295642723493888,0.5436497465507204,0.5086554398436453,0.8661475060133024,-74.35309864,19.97090091,POINT (-74.35309864 19.97090091),Caribbean
3200,210,0.49289099526066354,0.4801082955274622,0.4878389942074776,0.011849086054958553,0.06387969524075846,231.50000000000017,0.5436346574913982,0.1295642723493888,0.5436497465507204,0.5086554398436453,0.8661475060133024,-77.66183216,20.17202475,POINT (-77.66183216 20.17202475),Caribbean
3201,211,0.4549763033175356,0.4801082955274622,0.4791870065885183,0.003960648802920985,0.07174717483565522,234.33333333333377,0.628099173553719,0.1295642723493888,0.5436497465507204,0.5086554398436453,0.8661475060133024,-76.15486244,19.84058436,POINT (-76.15486244 19.84058436),Caribbean
3202,212,0.542654028436019,0.4801082955274622,0.516535405631447,0.022121983996343457,0.08617331531999187,250.83333333333368,0.5402106047898612,0.1295642723493888,0.5436497465507204,0.5086554398436453,0.8661475060133024,-75.41311067,19.76813999,POINT (-75.41311067 19.76813999),Caribbean
3203,213,0.49763033175355453,0.4801082955274622,0.4871623797911011,0.008350828365802329,0.07162617790027948,240.00000000000045,0.5530270502361528,0.1295642723493888,0.5436497465507204,0.5086554398436453,0.8661475060133024,-72.88242819,19.85265521,POINT (-72.88242819 19.85265521),Caribbean
3204,214,0.537914691943128,0.4801082955274622,0.49262843734836453,0.01351506220586271,0.06398412696866333,235.00000000000017,0.5056639944231439,0.1295642723493888,0.5436497465507204,0.5086554398436453,0.8661475060133024,-77.83856194,19.80195146,POINT (-77.83856194 19.80195146),Caribbean
3205,215,0.4241706161137441,0.4801082955274622,0.47146855816024685,0.004050032078429822,0.06321560140313742,227.0000000000004,0.6426020804222947,0.1295642723493888,0.5436497465507204,0.5086554398436453,0.8661475060133024,-77.1220234,19.76813999,POINT (-77.1220234 19.76813999),Caribbean
3206,216,0.3222748815165877,0.4801082955274622,0.411292828840028,0.0019969419719553976,0.04566466224292558,199.75000000000043,0.7115995115995116,0.1295642723493888,0.5436497465507204,0.5086554398436453,0.8661475060133024,-71.80188323,19.74559501,POINT (-71.80188323 19.74559501),Caribbean
3207,217,0.36729857819905215,0.4801082955274622,0.4418164475841307,0.0030645824890841063,0.053752578024701334,213.3333333333338,0.6592894583576004,0.1295642723493888,0.5436497465507204,0.5086554398436453,0.8661475060133024,-71.53238865,19.80195146,POINT (-71.53238865 19.80195146),Caribbean
3208,218,0.3530805687203792,0.4801082955274622,0.4093753797545267,0.003075552274799903,0.022877349300803245,202.66666666666666,0.49290322580645163,0.1295642723493888,0.5436497465507204,0.5086554398436453,0.8661475060133024,-87.5044344,19.93712545,POINT (-87.5044344 19.93712545),Caribbean
3209,219,0.3601895734597157,0.4801082955274622,0.43097432617102316,0.003128091972145199,0.05356377230587954,210.1666666666671,0.6730486008836525,0.1295642723493888,0.5436497465507204,0.5086554398436453,0.8661475060133024,-72.19714196,19.66666256,POINT (-72.19714196 19.66666256),Caribbean
3210,220,0.3341232227488152,0.4801082955274622,0.4132283245051575,0.0011516568421719125,0.04669650973986547,202.1666666666671,0.6833146696528556,0.1295642723493888,0.5436497465507204,0.5086554398436453,0.8661475060133024,-71.01136578,19.80195146,POINT (-71.01136578 19.80195146),Caribbean
3211,221,0.3981042654028436,0.4801082955274622,0.43796019430097743,0.003974694869634742,0.030828091591820428,211.08333333333337,0.5705739923087879,0.1295642723493888,0.5436497465507204,0.5086554398436453,0.8661475060133024,-79.9226534,19.56512085,POINT (-79.9226534 19.56512085),Caribbean
3212,222,0.3341232227488152,0.4801082955274622,0.4567543248756618,0.0030118941481308103,0.0500915477933748,218.66666666666714,0.6555555555555556,0.1295642723493888,0.5436497465507204,0.5086554398436453,0.8661475060133024,-70.20288203,19.53125939,POINT (-70.20288203 19.53125939),Caribbean
3213,223,0.35545023696682465,0.4801082955274622,0.3995950805795039,0.0032849346810417427,0.021929893001202568,199.41666666666663,0.4794400699912511,0.1295642723493888,0.5436497465507204,0.5086554398436453,0.8661475060133024,-87.39663656,19.46351516,POINT (-87.39663656 19.46351516),Caribbean
3214,224,0.47156398104265407,0.4801082955274622,0.48115626825943,0.00687090999058138,0.06479430565677279,235.50000000000043,0.5624509033778476,0.1295642723493888,0.5436497465507204,0.5086554398436453,0.8661475060133024,-73.32901921,19.49739082,POINT (-73.32901921 19.49739082),Caribbean
3215,225,0.04976303317535545,0.4801082955274622,0.2521022627060303,9.391553441296872e-05,0.0001268217943382761,117.11666666666652,0.7619047619047619,0.1295642723493888,0.5436497465507204,0.5086554398436453,0.8661475060133024,-96.34385679,19.39574261,POINT (-96.34385679 19.39574261),Caribbean
3216,226,0.514218009478673,0.4801082955274622,0.4733747652687115,0.014425976303082951,0.0368746692726142,235.41666666666669,0.40697177074422586,0.1295642723493888,0.5436497465507204,0.5086554398436453,0.8661475060133024,-81.32402524,19.22618789,POINT (-81.32402524 19.22618789),Caribbean
3217,227,0.4289099526066351,0.4801082955274622,0.5039369811038507,0.010556052343343196,0.0770883942300869,245.66666666666706,0.5491000227842333,0.1295642723493888,0.5436497465507204,0.5086554398436453,0.8661475060133024,-69.95135375,19.56512085,POINT (-69.95135375 19.56512085),Caribbean
3218,228,0.007109004739336493,0.4801082955274622,0.26054737572471864,0.0,7.294255815937364e-05,118.09999999999977,1.0,0.1295642723493888,0.5436497465507204,0.5086554398436453,0.8661475060133024,-95.98453068,18.98851729,POINT (-95.98453068 18.98851729),Caribbean
3219,229,0.07582938388625593,0.4801082955274622,0.2649857221881681,0.00045634102578970726,0.0005572290420486482,128.18333333333302,0.695906432748538,0.1295642723493888,0.5436497465507204,0.5086554398436453,0.8661475060133024,-69.12490368,18.92054885,POINT (-69.12490368 18.92054885),Caribbean
3220,230,0.4620853080568721,0.4801082955274622,0.5203615938213095,0.015893278984415917,0.0852410635149776,256.00000000000034,0.49539149888143175,0.1295642723493888,0.5436497465507204,0.5086554398436453,0.8661475060133024,-72.80799635,18.92054885,POINT (-72.80799635 18.92054885),Caribbean
3221,231,0.2156398104265403,0.4801082955274622,0.37687132599719303,8.7298575725427e-05,0.024389648948516817,176.16666666666708,0.8776241679467486,0.1295642723493888,0.5436497465507204,0.5086554398436453,0.8661475060133024,-87.54865915,18.96499288,POINT (-87.54865915 18.96499288),Caribbean
3222,232,0.3767772511848341,0.4801082955274622,0.40096355688285834,0.004221724614965501,0.024139502648361653,200.91666666666663,0.464818763326226,0.1295642723493888,0.5436497465507204,0.5086554398436453,0.8661475060133024,-68.87337541,18.88655425,POINT (-68.87337541 18.88655425),Caribbean
3223,233,0.3080568720379147,0.4801082955274622,0.4491612222882147,0.0020950728497040687,0.03615810155759907,219.83333333333397,0.6105302464525766,0.1295642723493888,0.5436497465507204,0.5086554398436453,0.8661475060133024,-68.46015037,18.61434992,POINT (-68.46015037 18.61434992),Caribbean
3224,234,0.18957345971563982,0.4801082955274622,0.38471421229943475,0.0001935647876411786,0.021529009026262657,186.9166666666672,0.7772657450076805,0.1295642723493888,0.5436497465507204,0.5086554398436453,0.8661475060133024,-73.02359202,18.61434992,POINT (-73.02359202 18.61434992),Caribbean
3225,235,0.3412322274881517,0.4801082955274622,0.43632804450855145,0.0027065963723667693,0.04911099841848697,211.75000000000045,0.7131019036954087,0.1295642723493888,0.5436497465507204,0.5086554398436453,0.8661475060133024,-72.62833329,18.68244211,POINT (-72.62833329 18.68244211),Caribbean
3226,236,0.16350710900473936,0.4801082955274622,0.3701202063534077,1.023257005177517e-05,0.017553798723139894,170.33333333333363,0.976063829787234,0.1295642723493888,0.5436497465507204,0.5086554398436453,0.8661475060133024,-67.09471114,18.40991006,POINT (-67.09471114 18.40991006),Caribbean
3227,237,0.13270142180094788,0.4801082955274622,0.2941742678638056,4.650724702186806e-05,0.0023542723098015773,146.0166666666668,0.8606271777003485,0.1295642723493888,0.5436497465507204,0.5086554398436453,0.8661475060133024,-64.29196746,18.58029359,POINT (-64.29196746 18.58029359),Caribbean
3228,238,0.2180094786729858,0.4801082955274622,0.2974124266125181,0.0007909724397951943,0.00238250864452638,154.9333333333335,0.6576923076923077,0.1295642723493888,0.5436497465507204,0.5086554398436453,0.8661475060133024,-77.55110105,18.37581306,POINT (-77.55110105 18.37581306),Caribbean
3229,239,0.4668246445497631,0.4801082955274622,0.460346102004435,0.011294647261854062,0.05673102159409313,222.33333333333368,0.5300962657357453,0.1295642723493888,0.5436497465507204,0.5086554398436453,0.8661475060133024,-75.84430201,18.37581306,POINT (-75.84430201 18.37581306),Caribbean
3230,240,0.5853080568720379,0.4801082955274622,0.517296135242097,0.01519998141356672,0.06429206508204259,255.00000000000026,0.43962848297213625,0.1295642723493888,0.5436497465507204,0.5086554398436453,0.8661475060133024,-73.5985138,18.44400032,POINT (-73.5985138 18.44400032),Caribbean
3231,241,0.48341232227488157,0.4801082955274622,0.48314178243381556,0.004324560896830661,0.05847724604729022,237.6666666666671,0.5469098277608916,0.1295642723493888,0.5436497465507204,0.5086554398436453,0.8661475060133024,-66.87911547,18.37581306,POINT (-66.87911547 18.37581306),Caribbean
3232,242,0.09241706161137442,0.4801082955274622,0.28861468843827764,3.949622707643904e-06,0.0012603044428415877,138.26666666666677,0.9507692307692308,0.1295642723493888,0.5436497465507204,0.5086554398436453,0.8661475060133024,-66.60962089,18.37581306,POINT (-66.60962089 18.37581306),Caribbean
3233,243,0.13270142180094788,0.4801082955274622,0.29100586232757575,5.516567799365259e-05,0.0023681292805103767,143.26666666666685,0.8939024390243903,0.1295642723493888,0.5436497465507204,0.5086554398436453,0.8661475060133024,-66.10656433,18.34170931,POINT (-66.10656433 18.34170931),Caribbean
3234,244,0.2203791469194313,0.4801082955274622,0.29541133375053313,0.0007809978072416462,0.0032772894770301234,151.93333333333354,0.694824016563147,0.1295642723493888,0.5436497465507204,0.5086554398436453,0.8661475060133024,-87.32477134,18.47808381,POINT (-87.32477134 18.47808381),Caribbean
3235,245,0.46445497630331756,0.4801082955274622,0.44015548349546857,0.01573522741160237,0.031611054506071636,217.75000000000003,0.3968491588252067,0.1295642723493888,0.5436497465507204,0.5086554398436453,0.8661475060133024,-77.03007819,18.30759883,POINT (-77.03007819 18.30759883),Caribbean
3236,246,0.4383886255924171,0.4801082955274622,0.4585431799339216,0.007734990754157826,0.05306356293798384,219.83333333333363,0.5553536821705426,0.1295642723493888,0.5436497465507204,0.5086554398436453,0.8661475060133024,-74.99988564,18.27348163,POINT (-74.99988564 18.27348163),Caribbean
3237,247,0.40758293838862564,0.4801082955274622,0.46095023074722297,0.0011303298820076022,0.052683758402069826,226.16666666666708,0.6400299850074963,0.1295642723493888,0.5436497465507204,0.5086554398436453,0.8661475060133024,-69.43033088,18.30759883,POINT (-69.43033088 18.30759883),Caribbean
3238,248,0.3981042654028436,0.4801082955274622,0.3977849103390531,0.004694820082417644,0.02315295523530526,201.9166666666672,0.5894603174603175,0.1295642723493888,0.5436497465507204,0.5086554398436453,0.8661475060133024,-67.48996987,18.27348163,POINT (-67.48996987 18.27348163),Caribbean
3239,249,0.1090047393364929,0.4801082955274622,0.2944208514915204,2.9392101799492e-05,0.0023574313053051446,146.5166666666668,0.9142857142857143,0.1295642723493888,0.5436497465507204,0.5086554398436453,0.8661475060133024,-64.38778775,18.36444589,POINT (-64.38778775 18.36444589),Caribbean
3240,250,0.20142180094786732,0.4801082955274622,0.29690961608570066,0.000484713821287538,0.002382374613336274,153.9333333333335,0.6836065573770492,0.1295642723493888,0.5436497465507204,0.5086554398436453,0.8661475060133024,-87.77392898,18.30759883,POINT (-87.77392898 18.30759883),Caribbean
3241,251,0.3459715639810427,0.4801082955274622,0.3973349274088053,0.002549996758025686,0.020854045696457137,197.5833333333333,0.4912258064516129,0.1295642723493888,0.5436497465507204,0.5086554398436453,0.8661475060133024,-78.0361913,18.34170931,POINT (-78.0361913 18.34170931),Caribbean
3242,252,0.5118483412322276,0.4801082955274622,0.46095023074722297,0.010680770237484727,0.04798811141942972,226.50000000000034,0.4767320065838695,0.1295642723493888,0.5436497465507204,0.5086554398436453,0.8661475060133024,-68.99913955,18.27348163,POINT (-68.99913955 18.27348163),Caribbean
3243,253,0.38388625592417064,0.4801082955274622,0.3986879407825016,0.004099021746561497,0.02463841543574702,202.9166666666672,0.5950719270759152,0.1295642723493888,0.5436497465507204,0.5086554398436453,0.8661475060133024,-67.20250898,18.27348163,POINT (-67.20250898 18.27348163),Caribbean
3244,254,0.2132701421800948,0.4801082955274622,0.2996963104346279,0.0003601065295140366,0.0035298018322012428,157.01666666666688,0.685848252344416,0.1295642723493888,0.5436497465507204,0.5086554398436453,0.8661475060133024,-72.19714196,18.13694585,POINT (-72.19714196 18.13694585),Caribbean
3245,255,0.10189573459715641,0.4801082955274622,0.349844697041219,1.5031879886133992e-05,0.006748629929046245,167.0833333333336,0.9637096774193549,0.1295642723493888,0.5436497465507204,0.5086554398436453,0.8661475060133024,-70.54424183,18.13694585,POINT (-70.54424183 18.13694585),Caribbean
3246,256,0.16587677725118485,0.4801082955274622,0.33936625683998445,4.419957470545181e-05,0.0035635739263221665,164.66666666666688,0.8909090909090909,0.1295642723493888,0.5436497465507204,0.5086554398436453,0.8661475060133024,-70.09867745,18.191573,POINT (-70.09867745 18.191573),Caribbean
3247,257,0.3601895734597157,0.4801082955274622,0.3859825009114109,0.002955434343879892,0.016721616455505628,195.2500000000005,0.6232383808095951,0.1295642723493888,0.5436497465507204,0.5086554398436453,0.8661475060133024,-64.95672077,18.20522712,POINT (-64.95672077 18.20522712),Caribbean
3248,258,0.22985781990521328,0.4801082955274622,0.2996963104346279,0.0010553957862528011,0.0027371454172864895,157.3500000000002,0.6381074168797954,0.1295642723493888,0.5436497465507204,0.5086554398436453,0.8661475060133024,-76.79651621,18.17108983,POINT (-76.79651621 18.17108983),Caribbean
3249,259,0.44786729857819907,0.4801082955274622,0.4791870065885183,0.005002981540612429,0.056169002860954345,233.0000000000002,0.5960634920634921,0.1295642723493888,0.5436497465507204,0.5086554398436453,0.8661475060133024,-73.22122138,18.06863792,POINT (-73.22122138 18.06863792),Caribbean
3250,260,0.4454976303317536,0.4801082955274622,0.41715448435793817,0.006061260881649576,0.022734540120900416,209.50000000000026,0.49409541804440243,0.1295642723493888,0.5436497465507204,0.5086554398436453,0.8661475060133024,-72.52053546,18.10279522,POINT (-72.52053546 18.10279522),Caribbean
3251,261,0.33886255924170616,0.4801082955274622,0.3813725036149663,0.0014700096614039143,0.012175516803716497,189.25000000000043,0.5929306098797624,0.1295642723493888,0.5436497465507204,0.5086554398436453,0.8661475060133024,-72.05341151,18.10279522,POINT (-72.05341151 18.10279522),Caribbean
3252,262,0.18483412322274884,0.4801082955274622,0.3526546946078151,0.00014245083669357618,0.006806157225208281,171.08333333333366,0.8166922683051715,0.1295642723493888,0.5436497465507204,0.5086554398436453,0.8661475060133024,-70.47237661,18.06863792,POINT (-70.47237661 18.06863792),Caribbean
3253,263,0.07582938388625593,0.4801082955274622,0.3338822013587299,4.660391077977948e-06,0.002785700140852656,156.16666666666683,0.9723320158102767,0.1295642723493888,0.5436497465507204,0.5086554398436453,0.8661475060133024,-78.28771958,18.10279522,POINT (-78.28771958 18.10279522),Caribbean
3254,264,0.4786729857819906,0.4801082955274622,0.4538037155418396,0.010197302787701715,0.035940204474484296,230.08333333333357,0.4368773477053732,0.1295642723493888,0.5436497465507204,0.5086554398436453,0.8661475060133024,-72.80799635,18.03447398,POINT (-72.80799635 18.03447398),Caribbean
3255,265,0.3601895734597157,0.4801082955274622,0.3876866179132273,0.0019441057730192972,0.016262703658333027,192.25000000000045,0.5836134453781513,0.1295642723493888,0.5436497465507204,0.5086554398436453,0.8661475060133024,-70.86763534,18.20522712,POINT (-70.86763534 18.20522712),Caribbean
3256,266,0.3459715639810427,0.4801082955274622,0.3793132568351878,0.0029037360359930155,0.006375326124665227,191.50000000000045,0.572908471020194,0.1295642723493888,0.5436497465507204,0.5086554398436453,0.8661475060133024,-68.54138932,18.22006734,POINT (-68.54138932 18.22006734),Caribbean
3257,267,0.49289099526066354,0.4801082955274622,0.4137150480911471,0.022610763894464234,0.03500385611378381,213.66666666666725,0.5137917637917638,0.1295642723493888,0.5436497465507204,0.5086554398436453,0.8661475060133024,-87.97155835,17.96612622,POINT (-87.97155835 17.96612622),Caribbean
3258,268,0.2203791469194313,0.4801082955274622,0.3937713854589506,0.0003120396399926219,0.01651982157703324,193.5833333333333,0.7175273865414711,0.1295642723493888,0.5436497465507204,0.5086554398436453,0.8661475060133024,-73.65241272,18.03447398,POINT (-73.65241272 18.03447398),Caribbean
3259,269,0.5971563981042655,0.4801082955274622,0.4968091595889447,0.04121632614817329,0.05187522776437352,247.00000000000023,0.4136374435732953,0.1295642723493888,0.5436497465507204,0.5086554398436453,0.8661475060133024,-67.9211612,17.96612622,POINT (-67.9211612 17.96612622),Caribbean
3260,270,0.27488151658767773,0.4801082955274622,0.29995224238205287,0.0008420053853200305,0.0034557718551584513,157.51666666666685,0.6591169068862961,0.1295642723493888,0.5436497465507204,0.5086554398436453,0.8661475060133024,-65.3879121,18.06863792,POINT (-65.3879121 18.06863792),Caribbean
3261,271,0.28909952606635075,0.4801082955274622,0.30098035632337955,0.0017879018671559535,0.0033006423899210537,159.8500000000002,0.6165733482642777,0.1295642723493888,0.5436497465507204,0.5086554398436453,0.8661475060133024,-76.25752704,17.863555,POINT (-76.25752704 17.863555),Caribbean
3262,272,0.5118483412322276,0.4801082955274622,0.4905643517170166,0.007771599468713423,0.055816082816638815,241.5000000000002,0.5084524224468456,0.1295642723493888,0.5436497465507204,0.5086554398436453,0.8661475060133024,-67.20250898,17.93194241,POINT (-67.20250898 17.93194241),Caribbean
3263,273,0.3483412322274882,0.4801082955274622,0.36099082819052813,0.0034468483625045196,0.005700334439975029,184.3333333333336,0.592020592020592,0.1295642723493888,0.5436497465507204,0.5086554398436453,0.8661475060133024,-87.97155835,17.79514128,POINT (-87.97155835 17.79514128),Caribbean
3264,274,0.29857819905213273,0.4801082955274622,0.3959910663239954,0.001579180203712448,0.01914055627476118,196.0833333333333,0.5483516483516484,0.1295642723493888,0.5436497465507204,0.5086554398436453,0.8661475060133024,-77.91330177,17.93194241,POINT (-77.91330177 17.93194241),Caribbean
3265,275,0.3317535545023697,0.4801082955274622,0.4236961107712713,0.0010638526472156332,0.03150266044206091,211.5833333333337,0.625315472723743,0.1295642723493888,0.5436497465507204,0.5086554398436453,0.8661475060133024,-76.36532487,17.76092457,POINT (-76.36532487 17.76092457),Caribbean
3266,276,0.4620853080568721,0.4801082955274622,0.48380726698262244,0.004305296109872846,0.04951393973242595,236.5000000000002,0.5458995105384078,0.1295642723493888,0.5436497465507204,0.5086554398436453,0.8661475060133024,-66.19639586,17.79514128,POINT (-66.19639586 17.79514128),Caribbean
3267,277,0.29857819905213273,0.4801082955274622,0.3249251395276447,0.001955569675617584,0.004281843568882856,167.58333333333354,0.6486254295532646,0.1295642723493888,0.5436497465507204,0.5086554398436453,0.8661475060133024,-63.02234852,18.00315121,POINT (-63.02234852 18.00315121),Caribbean
3268,278,0.23459715639810427,0.4801082955274622,0.3894058490347937,0.011366785996920526,0.024785088797723707,191.08333333333377,0.724223602484472,0.1295642723493888,0.5436497465507204,0.5086554398436453,0.8661475060133024,-77.51516844,17.69247154,POINT (-77.51516844 17.69247154),Caribbean
3269,279,0.3246445497630332,0.4801082955274622,0.4247207688384328,0.0007508749304197073,0.0318617515720457,212.91666666666706,0.6443564356435644,0.1295642723493888,0.5436497465507204,0.5086554398436453,0.8661475060133024,-71.65815279,17.65823523,POINT (-71.65815279 17.65823523),Caribbean
3270,280,0.27251184834123227,0.4801082955274622,0.34469487323786446,0.000503600989985573,0.005195487593283669,168.7500000000002,0.6817982456140351,0.1295642723493888,0.5436497465507204,0.5086554398436453,0.8661475060133024,-77.0839771,17.69247154,POINT (-77.0839771 17.69247154),Caribbean
3271,281,0.49289099526066354,0.4801082955274622,0.4579453400643858,0.010272925623344642,0.03631394071050565,231.25000000000009,0.4482018250134192,0.1295642723493888,0.5436497465507204,0.5086554398436453,0.8661475060133024,-71.3886582,17.55548726,POINT (-71.3886582 17.55548726),Caribbean
3272,282,0.33886255924170616,0.4801082955274622,0.357682358278395,0.0018514875795832444,0.005417823383163253,182.3333333333337,0.5983193277310924,0.1295642723493888,0.5436497465507204,0.5086554398436453,0.8661475060133024,-64.68722618,17.6239924,POINT (-64.68722618 17.6239924),Caribbean
3273,283,0.2180094786729858,0.4801082955274622,0.2976644710418508,0.0007947867499055272,0.002267888910506547,153.35000000000016,0.7076923076923077,0.1295642723493888,0.5436497465507204,0.5086554398436453,0.8661475060133024,-71.51442234,17.45268097,POINT (-71.51442234 17.45268097),Caribbean
3274,284,0.24407582938388628,0.4801082955274622,0.3400233067080193,0.000372649427707995,0.0036169511819551777,165.66666666666688,0.714782143811815,0.1295642723493888,0.5436497465507204,0.5086554398436453,0.8661475060133024,-62.96246084,17.38411118,POINT (-62.96246084 17.38411118),Caribbean
3275,285,0.16350710900473936,0.4801082955274622,0.2874337772744549,0.00016460400359802062,0.0016249224904706968,143.75000000000014,0.9111111111111111,0.1295642723493888,0.5436497465507204,0.5086554398436453,0.8661475060133024,-61.78321786,17.50253371,POINT (-61.78321786 17.50253371),Caribbean
3276,286,0.2227488151658768,0.4801082955274622,0.39114039624652996,0.01429789900167005,0.02648661446552775,192.75000000000048,0.6990622335890878,0.1295642723493888,0.5436497465507204,0.5086554398436453,0.8661475060133024,-83.94710587,17.31551569,POINT (-83.94710587 17.31551569),Caribbean
3277,287,0.38151658767772517,0.4801082955274622,0.4166596391807638,0.006201020587712304,0.02881174982996937,205.41666666666669,0.4484864121087031,0.1295642723493888,0.5436497465507204,0.5086554398436453,0.8661475060133024,-88.04065952,17.43685945,POINT (-88.04065952 17.43685945),Caribbean
3278,288,0.24881516587677727,0.4801082955274622,0.3813725036149663,0.000745715389905942,0.012250089208606228,187.41666666666663,0.6598765432098765,0.1295642723493888,0.5436497465507204,0.5086554398436453,0.8661475060133024,-75.93413354,17.31551569,POINT (-75.93413354 17.31551569),Caribbean
3279,289,0.5023696682464456,0.4801082955274622,0.48851749072236983,0.01625984919369472,0.05048484463309902,240.0000000000002,0.48987424465131474,0.1295642723493888,0.5436497465507204,0.5086554398436453,0.8661475060133024,-88.1512214,17.34981664,POINT (-88.1512214 17.34981664),Caribbean
3280,290,0.20379146919431282,0.4801082955274622,0.3805461276591375,0.0003519073219894569,0.011263548719516698,186.41666666666663,0.7921734531993654,0.1295642723493888,0.5436497465507204,0.5086554398436453,0.8661475060133024,-87.75596268,17.45268097,POINT (-87.75596268 17.45268097),Caribbean
3281,291,0.3033175355450237,0.4801082955274622,0.382618818986257,0.0017820100582110244,0.01296274996446864,188.91666666666663,0.5571321882001493,0.1295642723493888,0.5436497465507204,0.5086554398436453,0.8661475060133024,-87.61510684,17.07523037,POINT (-87.61510684 17.07523037),Caribbean
3282,292,0.35071090047393366,0.4801082955274622,0.3838733069173595,0.0035048475228385096,0.013108694573500033,190.0833333333333,0.5085457271364318,0.1295642723493888,0.5436497465507204,0.5086554398436453,0.8661475060133024,-63.46551739,17.14391512,POINT (-63.46551739 17.14391512),Caribbean
3283,293,0.23222748815165878,0.4801082955274622,0.3830360696067436,0.07249266003827459,0.0142390092926188,185.58333333333377,0.6947996589940324,0.1295642723493888,0.5436497465507204,0.5086554398436453,0.8661475060133024,-62.78279778,17.24689459,POINT (-62.78279778 17.24689459),Caribbean
3284,294,0.19194312796208532,0.4801082955274622,0.2874337772744549,0.002761332038123942,0.0016249224904706968,143.75000000000014,0.7928571428571428,0.1295642723493888,0.5436497465507204,0.5086554398436453,0.8661475060133024,-61.77668466,16.98688426,POINT (-61.77668466 16.98688426),Caribbean
3285,295,0.16587677725118485,0.4801082955274622,0.3621072946694679,0.003471680708663967,0.010077821661385345,175.66666666666697,0.8138297872340425,0.1295642723493888,0.5436497465507204,0.5086554398436453,0.8661475060133024,-88.05369003,16.97215585,POINT (-88.05369003 16.97215585),Caribbean
3286,296,0.1990521327014218,0.4801082955274622,0.3797233252209556,0.00033110442863227874,0.011054766549277112,185.41666666666663,0.8011299435028248,0.1295642723493888,0.5436497465507204,0.5086554398436453,0.8661475060133024,-78.09009022,16.76583724,POINT (-78.09009022 16.76583724),Caribbean
3287,297,0.36255924170616116,0.4801082955274622,0.4407077488448983,0.0026493036025127285,0.030733976361076252,217.91666666666677,0.5546713822575892,0.1295642723493888,0.5436497465507204,0.5086554398436453,0.8661475060133024,-77.70381465,16.89911045,POINT (-77.70381465 16.89911045),Caribbean
3288,298,0.48815165876777256,0.4801082955274622,0.4597435547505025,0.012339485522583534,0.03503134162679913,234.08333333333346,0.402139757593895,0.1295642723493888,0.5436497465507204,0.5086554398436453,0.8661475060133024,-87.8278279,16.73142895,POINT (-87.8278279 16.73142895),Caribbean
3289,299,0.2227488151658768,0.4801082955274622,0.36587924565560825,0.0004974877732229163,0.010191598594887365,180.91666666666666,0.7349896480331263,0.1295642723493888,0.5436497465507204,0.5086554398436453,0.8661475060133024,-62.207876,16.62816686,POINT (-62.207876 16.62816686),Caribbean
3290,300,0.13744075829383887,0.4801082955274622,0.28579664428753776,0.00020040427118966258,0.0015444073194612658,142.25000000000009,0.9761904761904762,0.1295642723493888,0.5436497465507204,0.5086554398436453,0.8661475060133024,-61.05803243,16.21456547,POINT (-61.05803243 16.21456547),Caribbean
3291,301,0.13744075829383887,0.4801082955274622,0.28348997242081025,0.0011831890514928086,0.0014036883006777318,139.91666666666674,0.9226890756302522,0.1295642723493888,0.5436497465507204,0.5086554398436453,0.8661475060133024,-86.16827359,16.30910736,POINT (-86.16827359 16.30910736),Caribbean
3292,302,0.4668246445497631,0.4801082955274622,0.4206515878196215,0.015038443088053896,0.029120746901925208,211.33333333333337,0.41499790532048597,0.1295642723493888,0.5436497465507204,0.5086554398436453,0.8661475060133024,-61.09396504,16.07650401,POINT (-61.09396504 16.07650401),Caribbean
3293,303,0.13270142180094788,0.4801082955274622,0.2832613514753096,0.0007773612182107315,0.0014036576188289408,139.41666666666674,0.9536541889483066,0.1295642723493888,0.5436497465507204,0.5086554398436453,0.8661475060133024,-61.30956071,16.18005914,POINT (-61.30956071 16.18005914),Caribbean
3294,304,0.18483412322274884,0.4801082955274622,0.28510071090047395,0.0017356376206748454,0.0014839586075382023,141.75000000000009,0.8193033381712627,0.1295642723493888,0.5436497465507204,0.5086554398436453,0.8661475060133024,-88.65427796,16.07650401,POINT (-88.65427796 16.07650401),Caribbean
3295,305,0.09478672985781991,0.4801082955274622,0.3396944640516285,3.517916042822888e-07,0.0056137752351482426,164.01666666666668,0.9633333333333334,0.1295642723493888,0.5436497465507204,0.5086554398436453,0.8661475060133024,-88.22308663,16.28355999,POINT (-88.22308663 16.28355999),Caribbean
3296,306,0.17061611374407584,0.4801082955274622,0.36360670375712617,0.0001628780665582841,0.00955272914376288,177.91666666666666,0.87677304964539,0.1295642723493888,0.5436497465507204,0.5086554398436453,0.8661475060133024,-87.07324306,15.80009401,POINT (-87.07324306 15.80009401),Caribbean
3297,307,0.13270142180094788,0.4801082955274622,0.34068290575109983,3.793424736084427e-05,0.005982863156668434,165.51666666666668,0.9378151260504202,0.1295642723493888,0.5436497465507204,0.5086554398436453,0.8661475060133024,-86.92951262,15.93834661,POINT (-86.92951262 15.93834661),Caribbean
3298,308,0.2132701421800948,0.4801082955274622,0.36323068855158624,0.0008562138794521939,0.00918302044415276,177.41666666666666,0.7699453551912568,0.1295642723493888,0.5436497465507204,0.5086554398436453,0.8661475060133024,-86.53425389,15.84618875,POINT (-86.53425389 15.84618875),Caribbean
3299,309,0.2061611374407583,0.4801082955274622,0.3436830487567357,0.0005412344283633314,0.007702900271405933,170.01666666666668,0.7194060419866871,0.1295642723493888,0.5436497465507204,0.5086554398436453,0.8661475060133024,-86.06712994,15.80009401,POINT (-86.06712994 15.80009401),Caribbean
3300,310,0.0995260663507109,0.4801082955274622,0.316151283374783,5.116968789560565e-07,0.003309048990867793,150.18333333333348,0.9802955665024631,0.1295642723493888,0.5436497465507204,0.5086554398436453,0.8661475060133024,-86.96544523,15.73093224,POINT (-86.96544523 15.73093224),Caribbean
3301,311,0.09004739336492892,0.4801082955274622,0.31586697466671215,4.6905547237638505e-07,0.003286587395588023,149.68333333333345,0.9876923076923076,0.1295642723493888,0.5436497465507204,0.5086554398436453,0.8661475060133024,-86.31865822,15.73093224,POINT (-86.31865822 15.73093224),Caribbean
3302,312,0.09241706161137442,0.4801082955274622,0.31586697466671215,5.469511892613003e-07,0.0028864748697749938,149.68333333333345,0.9788359788359788,0.1295642723493888,0.5436497465507204,0.5086554398436453,0.8661475060133024,-83.26438626,15.86923217,POINT (-83.26438626 15.86923217),Caribbean
3303,313,0.4241706161137441,0.4801082955274622,0.40142180094786734,0.0082285987311446,0.01544825619359106,201.41666666666663,0.4484067525721706,0.1295642723493888,0.5436497465507204,0.5086554398436453,0.8661475060133024,-82.33013836,15.73093224,POINT (-82.33013836 15.73093224),Caribbean
3304,314,0.2203791469194313,0.4801082955274622,0.36587924565560825,0.0006018127550982361,0.006207515589019557,176.74999999999986,0.6944634313055366,0.1295642723493888,0.5436497465507204,0.5086554398436453,0.8661475060133024,-61.5970216,15.76551607,POINT (-61.5970216 15.76551607),Caribbean
3305,315,0.15639810426540285,0.4801082955274622,0.2812202368529895,0.0011278898961920778,0.0013313446282858194,137.25,0.8975845410628019,0.1295642723493888,0.5436497465507204,0.5086554398436453,0.8661475060133024,-61.26336164,15.82972755,POINT (-61.26336164 15.82972755),Caribbean
3306,316,0.14691943127962087,0.4801082955274622,0.28348997242081025,0.0011824793579984468,0.0014036883006777318,139.91666666666674,0.9379217273954116,0.1295642723493888,0.5436497465507204,0.5086554398436453,0.8661475060133024,-82.94099275,15.62714551,POINT (-82.94099275 15.62714551),Caribbean
3307,317,0.3293838862559242,0.4801082955274622,0.38513604805853496,0.002818689462383606,0.010181467126595574,191.24999999999997,0.5354627354627355,0.1295642723493888,0.5436497465507204,0.5086554398436453,0.8661475060133024,-82.22234053,15.5579251,POINT (-82.22234053 15.5579251),Caribbean
3308,318,0.2251184834123223,0.4801082955274622,0.36664308541689344,0.0006982541380867262,0.0059305831656984945,177.74999999999986,0.6651234567901234,0.1295642723493888,0.5436497465507204,0.5086554398436453,0.8661475060133024,-63.60924784,15.5579251,POINT (-63.60924784 15.5579251),Caribbean
3309,319,0.28909952606635075,0.4801082955274622,0.2902843601895735,0.0019240461878788325,0.0014153923457722712,146.00000000000009,0.6247252747252747,0.1295642723493888,0.5436497465507204,0.5086554398436453,0.8661475060133024,-82.49183511,15.48868141,POINT (-82.49183511 15.48868141),Caribbean
3310,320,0.3364928909952607,0.4801082955274622,0.3868326826314801,0.003444519282755939,0.010368579888575254,193.0833333333332,0.5135011441647597,0.1295642723493888,0.5436497465507204,0.5086554398436453,0.8661475060133024,-83.04879059,15.41941452,POINT (-83.04879059 15.41941452),Caribbean
3311,321,0.2559241706161138,0.4801082955274622,0.37768180196707946,0.0010082798447123241,0.0077957697368758435,184.0833333333333,0.6535014005602241,0.1295642723493888,0.5436497465507204,0.5086554398436453,0.8661475060133024,-82.36093774,15.29566623,POINT (-82.36093774 15.29566623),Caribbean
3312,322,0.22985781990521328,0.4801082955274622,0.3670262025385412,0.0005412470786317915,0.006666653761760894,178.24999999999986,0.6906848425835768,0.1295642723493888,0.5436497465507204,0.5086554398436453,0.8661475060133024,-61.41735855,15.24614641,POINT (-61.41735855 15.24614641),Caribbean
3313,323,0.16113744075829384,0.4801082955274622,0.27355457619110896,0.00030036520067792927,0.00037215741282106094,129.66666666666654,0.8259958071278826,0.1295642723493888,0.5436497465507204,0.5086554398436453,0.8661475060133024,-61.30956071,15.48868141,POINT (-61.30956071 15.48868141),Caribbean
3314,324,0.16587677725118485,0.4801082955274622,0.2814455735812371,0.0011929635362231351,0.0013313753101346101,137.75000000000003,0.8562925170068028,0.1295642723493888,0.5436497465507204,0.5086554398436453,0.8661475060133024,-82.97692537,15.14211684,POINT (-82.97692537 15.14211684),Caribbean
3315,325,0.31042654028436023,0.4801082955274622,0.384293299594512,0.0021230149130666643,0.008904231858390678,191.74999999999997,0.5970790378006873,0.1295642723493888,0.5436497465507204,0.5086554398436453,0.8661475060133024,-61.34549332,15.10742894,POINT (-61.34549332 15.10742894),Caribbean
3316,326,0.16350710900473936,0.4801082955274622,0.2785440728226677,0.0006967208159094072,0.0007650779028019173,133.5833333333332,0.8265602322206096,0.1295642723493888,0.5436497465507204,0.5086554398436453,0.8661475060133024,-82.36607097,14.96862075,POINT (-82.36607097 14.96862075),Caribbean
3317,327,0.4383886255924171,0.4801082955274622,0.42166155561750773,0.010412566383466304,0.020984841778435685,214.66666666666669,0.457548125633232,0.1295642723493888,0.5436497465507204,0.5086554398436453,0.8661475060133024,-82.90506014,14.79498408,POINT (-82.90506014 14.79498408),Caribbean
3318,328,0.18720379146919433,0.4801082955274622,0.3261319181331327,0.00017330295293809626,0.004258465471364875,160.68333333333325,0.751412429378531,0.1295642723493888,0.5436497465507204,0.5086554398436453,0.8661475060133024,-82.62159176,14.98404834,POINT (-82.62159176 14.98404834),Caribbean
3319,329,0.46919431279620855,0.4801082955274622,0.44405066476533994,0.018542775969058532,0.024398323454139156,222.25000000000003,0.43620309050772627,0.1295642723493888,0.5436497465507204,0.5086554398436453,0.8661475060133024,-82.65353186,14.72549038,POINT (-82.65353186 14.72549038),Caribbean
3320,330,0.3459715639810427,0.4801082955274622,0.39914099526066354,0.0029036798801774055,0.011982029646960574,200.41666666666663,0.5482479784366577,0.1295642723493888,0.5436497465507204,0.5086554398436453,0.8661475060133024,-61.05803243,14.4124959,POINT (-61.05803243 14.4124959),Caribbean
3321,331,0.2085308056872038,0.4801082955274622,0.21939042837563016,0.0006118117701636194,0.00012414248511625017,106.88333333333361,0.7252869307663828,0.1295642723493888,0.5436497465507204,0.5086554398436453,0.8661475060133024,-60.87836938,14.34288151,POINT (-60.87836938 14.34288151),Caribbean
3322,332,0.2180094786729858,0.4801082955274622,0.27398133840045547,0.014748298109363348,0.00038985552426574273,130.66666666666652,0.7226027397260274,0.1295642723493888,0.5436497465507204,0.5086554398436453,0.8661475060133024,-82.65353186,14.4124959,POINT (-82.65353186 14.4124959),Caribbean
3323,333,0.37440758293838866,0.4801082955274622,0.4093753797545267,0.004987502189570642,0.01797299304003794,208.5833333333333,0.5240274599542334,0.1295642723493888,0.5436497465507204,0.5086554398436453,0.8661475060133024,-80.17418168,14.30806619,POINT (-80.17418168 14.30806619),Caribbean
3324,334,0.40758293838862564,0.4801082955274622,0.39289046513353904,0.011456551705930313,0.00995032857658758,196.74999999999991,0.4242796410014171,0.1295642723493888,0.5436497465507204,0.5086554398436453,0.8661475060133024,-82.94666632,14.32822308,POINT (-82.94666632 14.32822308),Caribbean
3325,335,0.3578199052132702,0.4801082955274622,0.4070035641128435,0.003934274071692556,0.01597789889395736,206.0833333333333,0.5302752293577981,0.1295642723493888,0.5436497465507204,0.5086554398436453,0.8661475060133024,-81.14436219,14.20358791,POINT (-81.14436219 14.20358791),Caribbean
3326,336,0.4289099526066351,0.4801082955274622,0.42991930946069024,0.016285816825480755,0.020803799732169097,213.9166666666667,0.44645593869731803,0.1295642723493888,0.5436497465507204,0.5086554398436453,0.8661475060133024,-61.05803243,13.8549804,POINT (-61.05803243 13.8549804),Caribbean
3327,337,0.05450236966824645,0.4801082955274622,0.17712762270770746,1.629250620825092e-05,2.1722615582819654e-06,81.27619047619066,0.8008658008658008,0.1295642723493888,0.5436497465507204,0.5086554398436453,0.8661475060133024,-82.67966467,14.00082616,POINT (-82.67966467 14.00082616),Caribbean
3328,338,0.3649289099526067,0.4801082955274622,0.4098530639782776,0.004385100649046095,0.017370272870888298,209.0833333333333,0.5148239148239149,0.1295642723493888,0.5436497465507204,0.5086554398436453,0.8661475060133024,-82.47386881,13.71539002,POINT (-82.47386881 13.71539002),Caribbean
3329,339,0.28436018957345977,0.4801082955274622,0.3813725036149663,0.0008092326846643573,0.00746442936965999,190.66666666666663,0.6564814814814814,0.1295642723493888,0.5436497465507204,0.5086554398436453,0.8661475060133024,-60.87836938,13.82009063,POINT (-60.87836938 13.82009063),Caribbean
3330,340,0.2511848341232228,0.4801082955274622,0.21952754739336494,0.0036825637372531507,0.00014396854153355827,107.38333333333361,0.6654749744637385,0.1295642723493888,0.5436497465507204,0.5086554398436453,0.8661475060133024,-80.03045123,13.43596088,POINT (-80.03045123 13.43596088),Caribbean
3331,341,0.31042654028436023,0.4801082955274622,0.36895386116531925,0.003645981834555644,0.0034740878227931004,183.5833333333332,0.554597096570587,0.1295642723493888,0.5436497465507204,0.5086554398436453,0.8661475060133024,-82.1504753,13.64556363,POINT (-82.1504753 13.64556363),Caribbean
3332,342,0.35545023696682465,0.4801082955274622,0.4079489847031172,0.00406859330562505,0.016777833411517222,207.41666666666663,0.5419760137064534,0.1295642723493888,0.5436497465507204,0.5086554398436453,0.8661475060133024,-82.65353186,13.22617478,POINT (-82.65353186 13.22617478),Caribbean
3333,343,0.27488151658767773,0.4801082955274622,0.38220247641935134,0.0007141483677075345,0.007487655291447211,191.66666666666663,0.6804511278195489,0.1295642723493888,0.5436497465507204,0.5086554398436453,0.8661475060133024,-81.37792416,13.33109058,POINT (-81.37792416 13.33109058),Caribbean
3334,344,0.3601895734597157,0.4801082955274622,0.3780883485784542,0.00913586774861595,0.007311919536724227,191.58333333333323,0.5231025854879066,0.1295642723493888,0.5436497465507204,0.5086554398436453,0.8661475060133024,-82.61759925,13.08621684,POINT (-82.61759925 13.08621684),Caribbean
3335,345,0.16587677725118485,0.4801082955274622,0.32106405468865074,5.903658013290891e-05,0.004768610307294522,159.26666666666677,0.9446290143964563,0.1295642723493888,0.5436497465507204,0.5086554398436453,0.8661475060133024,-82.47386881,13.016208,POINT (-82.47386881 13.016208),Caribbean
3336,346,0.2914691943127962,0.4801082955274622,0.395100197783334,0.0013059948506657251,0.008739834755511603,196.24999999999997,0.6766917293233082,0.1295642723493888,0.5436497465507204,0.5086554398436453,0.8661475060133024,-59.44106492,13.0512149,POINT (-59.44106492 13.0512149),Caribbean
3337,347,0.10189573459715641,0.4801082955274622,0.21172035914971904,0.004402409373867193,9.825833207006247e-06,98.11666666666694,0.9242424242424242,0.1295642723493888,0.5436497465507204,0.5086554398436453,0.8661475060133024,-83.3567844,12.87613108,POINT (-83.3567844 12.87613108),Caribbean
3338,348,0.16113744075829384,0.4801082955274622,0.3204781713771751,5.1381996068449775e-05,0.00424805864613382,157.93333333333342,0.959830866807611,0.1295642723493888,0.5436497465507204,0.5086554398436453,0.8661475060133024,-61.19277973,12.86737367,POINT (-61.19277973 12.86737367),Caribbean
3339,349,0.2274881516587678,0.4801082955274622,0.21172035914971904,0.00019873713670061062,9.825833207006247e-06,98.11666666666694,0.6784984678243106,0.1295642723493888,0.5436497465507204,0.5086554398436453,0.8661475060133024,-83.37218409,12.66586909,POINT (-83.37218409 12.66586909),Caribbean
3340,350,0.15639810426540285,0.4801082955274622,0.3198944224311329,6.114610678256108e-05,0.004036357012521616,157.26666666666677,0.9804878048780488,0.1295642723493888,0.5436497465507204,0.5086554398436453,0.8661475060133024,-81.71928397,12.45543354,POINT (-81.71928397 12.45543354),Caribbean
3341,351,0.28909952606635075,0.4801082955274622,0.37090187521582246,0.0040911132086058725,0.005766032635299986,184.3333333333332,0.6604998377150276,0.1295642723493888,0.5436497465507204,0.5086554398436453,0.8661475060133024,-83.39374366,12.37823089,POINT (-83.39374366 12.37823089),Caribbean
3342,352,0.18483412322274884,0.4801082955274622,0.32283462851965433,9.914119377808302e-05,0.004705979160142506,161.93333333333342,0.9352836879432624,0.1295642723493888,0.5436497465507204,0.5086554398436453,0.8661475060133024,-81.46775569,12.35015153,POINT (-81.46775569 12.35015153),Caribbean
3343,353,0.25829383886255924,0.4801082955274622,0.3198944224311329,0.000810029213490369,0.0037515565929484504,163.18333333333325,0.7114688128772636,0.1295642723493888,0.5436497465507204,0.5086554398436453,0.8661475060133024,-70.05915158,12.45543354,POINT (-70.05915158 12.45543354),Caribbean
3344,354,0.3341232227488152,0.4801082955274622,0.21939042837563016,0.0037919529077150953,8.497301253214303e-06,112.0833333333336,0.48232521602513745,0.1295642723493888,0.5436497465507204,0.5086554398436453,0.8661475060133024,-61.41735855,12.49051807,POINT (-61.41735855 12.49051807),Caribbean
3345,355,0.2511848341232228,0.4801082955274622,0.21172035914971904,0.0004764023368655441,9.825833207006247e-06,98.11666666666694,0.6446454870608037,0.1295642723493888,0.5436497465507204,0.5086554398436453,0.8661475060133024,-71.83781584,12.24482714,POINT (-71.83781584 12.24482714),Caribbean
3346,356,0.1066350710900474,0.4801082955274622,0.2173540073201633,1.6790677203033037e-05,4.146597726720235e-06,102.91666666666691,0.826945412311266,0.1295642723493888,0.5436497465507204,0.5086554398436453,0.8661475060133024,-82.97692537,12.20970966,POINT (-82.97692537 12.20970966),Caribbean
3347,357,0.23459715639810427,0.4801082955274622,0.3332486487944819,0.0002804101103867998,0.0055085086529761355,171.8499999999999,0.8772727272727273,0.1295642723493888,0.5436497465507204,0.5086554398436453,0.8661475060133024,-72.19714196,12.1043293,POINT (-72.19714196 12.1043293),Caribbean
3348,358,0.15165876777251186,0.4801082955274622,0.23447535102095052,0.00044788043411753695,8.5477821721491e-06,112.21666666666655,0.7101694915254237,0.1295642723493888,0.5436497465507204,0.5086554398436453,0.8661475060133024,-71.94561368,12.1043293,POINT (-71.94561368 12.1043293),Caribbean
3349,359,0.13744075829383887,0.4801082955274622,0.2237223412926012,9.777819902174217e-05,4.32266643682063e-06,106.2166666666668,0.7449336128581412,0.1295642723493888,0.5436497465507204,0.5086554398436453,0.8661475060133024,-83.12065581,12.1043293,POINT (-83.12065581 12.1043293),Caribbean
3350,360,0.24644549763033177,0.4801082955274622,0.3797233252209556,0.0005973603681696457,0.006754416477862105,188.66666666666663,0.8273224043715847,0.1295642723493888,0.5436497465507204,0.5086554398436453,0.8661475060133024,-81.86301441,12.06919325,POINT (-81.86301441 12.06919325),Caribbean
3351,361,0.2677725118483413,0.4801082955274622,0.371293949079687,0.0037565462438381336,0.006236424165050668,184.8333333333332,0.7404092071611253,0.1295642723493888,0.5436497465507204,0.5086554398436453,0.8661475060133024,-69.08897107,12.20970966,POINT (-69.08897107 12.20970966),Caribbean
3352,362,0.3364928909952607,0.4801082955274622,0.2192534805426866,0.002122108632107734,8.488061524452876e-06,111.5833333333336,0.511913023363405,0.1295642723493888,0.5436497465507204,0.5086554398436453,0.8661475060133024,-68.28048732,12.06919325,POINT (-68.28048732 12.06919325),Caribbean
3353,363,0.2180094786729858,0.4801082955274622,0.21898009715048872,0.0010172690508778726,8.387064286783333e-06,110.91666666666693,0.642570281124498,0.1295642723493888,0.5436497465507204,0.5086554398436453,0.8661475060133024,-61.5970216,12.1043293,POINT (-61.5970216 12.1043293),Caribbean
3354,364,0.25355450236966826,0.4801082955274622,0.2114654279526694,0.002627932149636122,7.933604007260515e-06,97.11666666666694,0.639009900990099,0.1295642723493888,0.5436497465507204,0.5086554398436453,0.8661475060133024,-69.87050537,11.99012033,POINT (-69.87050537 11.99012033),Caribbean
3355,365,0.2085308056872038,0.4801082955274622,0.21898009715048872,0.0011892033244574843,8.484995973014804e-06,110.5833333333336,0.5564588979223125,0.1295642723493888,0.5436497465507204,0.5086554398436453,0.8661475060133024,-67.61573401,11.92860313,POINT (-67.61573401 11.92860313),Caribbean
3356,366,0.2796208530805687,0.4801082955274622,0.21952754739336494,0.0012972110484624358,8.62692978023164e-06,112.5833333333336,0.5882783882783883,0.1295642723493888,0.5436497465507204,0.5086554398436453,0.8661475060133024,-64.57942835,11.75276303,POINT (-64.57942835 11.75276303),Caribbean
3357,367,0.023696682464454978,0.4801082955274622,0.0,0.0,9.619478066499315e-35,0.0,0.9285714285714286,0.1295642723493888,0.5436497465507204,0.5086554398436453,0.8661475060133024,-72.6642659,11.68239544,POINT (-72.6642659 11.68239544),Caribbean
3358,368,0.13033175355450238,0.4801082955274622,0.21695125128436313,3.716610519561007e-05,7.31705118978931e-06,103.75000000000026,0.830204081632653,0.1295642723493888,0.5436497465507204,0.5086554398436453,0.8661475060133024,-71.40662451,11.68239544,POINT (-71.40662451 11.68239544),Caribbean
3359,369,0.18246445497630334,0.4801082955274622,0.25489410437546006,0.0010450835745352426,6.470823960888577e-05,125.33333333333324,0.6684104627766599,0.1295642723493888,0.5436497465507204,0.5086554398436453,0.8661475060133024,-66.66351981,11.78794008,POINT (-66.66351981 11.78794008),Caribbean
3360,370,0.023696682464454978,0.4801082955274622,0.17757536695115464,0.0,6.54168500571759e-07,84.9928571428573,1.0,0.1295642723493888,0.5436497465507204,0.5086554398436453,0.8661475060133024,-66.16046325,11.71758147,POINT (-66.16046325 11.71758147),Caribbean
3361,371,0.3246445497630332,0.4801082955274622,0.2816712717156246,0.031424239843563254,0.0002347333101881454,140.08333333333334,0.5707663334781979,0.1295642723493888,0.5436497465507204,0.5086554398436453,0.8661475060133024,-64.36383268,11.68239544,POINT (-64.36383268 11.68239544),Caribbean
3362,372,0.2156398104265403,0.4801082955274622,0.2805463864451948,0.01916484074223223,0.00023435267229078978,137.91666666666666,0.7122351332877649,0.1295642723493888,0.5436497465507204,0.5086554398436453,0.8661475060133024,-63.10619128,11.29505695,POINT (-63.10619128 11.29505695),Caribbean
3363,373,0.16113744075829384,0.4801082955274622,0.21628329792449746,4.450373818788796e-05,3.903679165186032e-06,102.66666666666691,0.8013312852022529,0.1295642723493888,0.5436497465507204,0.5086554398436453,0.8661475060133024,-74.20936819,11.18932757,POINT (-74.20936819 11.18932757),Caribbean
3364,374,0.17298578199052134,0.4801082955274622,0.17209410868661631,0.0001240617569601524,1.1769655731318092e-07,77.47619047619074,0.7653923541247485,0.1295642723493888,0.5436497465507204,0.5086554398436453,0.8661475060133024,-60.55497587,11.18932757,POINT (-60.55497587 11.18932757),Caribbean
3365,375,0.20142180094786732,0.4801082955274622,0.2510679598494524,0.00123591273592685,0.0005538998658214012,129.51666666666665,0.6738738738738739,0.1295642723493888,0.5436497465507204,0.5086554398436453,0.8661475060133024,-74.42496386,11.04829507,POINT (-74.42496386 11.04829507),Caribbean
3366,376,0.023696682464454978,0.4801082955274622,0.1478922424544774,0.0,5.959739328664571e-09,66.7464285714287,1.0,0.1295642723493888,0.5436497465507204,0.5086554398436453,0.8661475060133024,-63.7889109,10.90719476,POINT (-63.7889109 10.90719476),Caribbean
3367,377,0.24170616113744078,0.4801082955274622,0.17192563672510225,0.00025270412278735735,1.4077240390729735e-07,76.55952380952408,0.6462585034013606,0.1295642723493888,0.5436497465507204,0.5086554398436453,0.8661475060133024,-65.33401319,10.87190918,POINT (-65.33401319 10.87190918),Caribbean
3368,378,0.19194312796208532,0.4801082955274622,0.2588386704711746,0.0011727612887812008,0.0007592903487776963,135.46666666666664,0.6846153846153846,0.1295642723493888,0.5436497465507204,0.5086554398436453,0.8661475060133024,-75.1795487,10.76602745,POINT (-75.1795487 10.76602745),Caribbean
3369,379,0.07819905213270142,0.4801082955274622,0.17597398588646487,2.0638440784560947e-06,2.1703977497831942e-07,81.49285714285729,0.8325123152709359,0.1295642723493888,0.5436497465507204,0.5086554398436453,0.8661475060133024,-66.08859802,10.76602745,POINT (-66.08859802 10.76602745),Caribbean
3370,380,0.15402843601895735,0.4801082955274622,0.21654998509826381,0.0022672863796005093,7.303249337723196e-06,102.91666666666691,0.7663299663299663,0.1295642723493888,0.5436497465507204,0.5086554398436453,0.8661475060133024,-64.22010223,10.73072525,POINT (-64.22010223 10.73072525),Caribbean
3371,381,0.2109004739336493,0.4801082955274622,0.27920832736834966,0.0024067376593389965,0.0012604488186146157,139.71666666666653,0.73006993006993,0.1295642723493888,0.5436497465507204,0.5086554398436453,0.8661475060133024,-63.87874243,10.73072525,POINT (-63.87874243 10.73072525),Caribbean
3372,382,0.047393364928909956,0.4801082955274622,0.2156194449535813,8.280063443949449e-06,3.4910171747245574e-06,99.41666666666691,1.0,0.1295642723493888,0.5436497465507204,0.5086554398436453,0.8661475060133024,-68.23736818,10.75896734,POINT (-68.23736818 10.75896734),Caribbean
3373,383,0.18009478672985785,0.4801082955274622,0.2166835754653818,0.002310909534934508,7.306314889161268e-06,103.41666666666691,0.7571095571095571,0.1295642723493888,0.5436497465507204,0.5086554398436453,0.8661475060133024,-60.91430199,10.76602745,POINT (-60.91430199 10.76602745),Caribbean
3374,384,0.18957345971563982,0.4801082955274622,0.17623887397359955,0.002268902861847522,4.21947124157181e-07,82.65952380952396,0.7382039573820396,0.1295642723493888,0.5436497465507204,0.5086554398436453,0.8661475060133024,-75.39514437,10.62479398,POINT (-75.39514437 10.62479398),Caribbean
3375,385,0.18246445497630334,0.4801082955274622,0.21748859184481975,0.0006300996031567025,7.886962896619e-06,106.41666666666691,0.6892010535557507,0.1295642723493888,0.5436497465507204,0.5086554398436453,0.8661475060133024,-66.51978936,10.55415268,POINT (-66.51978936 10.55415268),Caribbean
3376,386,0.17535545023696683,0.4801082955274622,0.17192563672510225,0.00011133561820679475,1.4077240390729735e-07,76.55952380952408,0.723943661971831,0.1295642723493888,0.5436497465507204,0.5086554398436453,0.8661475060133024,-75.5029422,10.48349516,POINT (-75.5029422 10.48349516),Caribbean
3377,387,0.1990521327014218,0.4801082955274622,0.2787651395471301,0.00247695750496704,0.0014919777003236765,140.13333333333316,0.7794486215538847,0.1295642723493888,0.5436497465507204,0.5086554398436453,0.8661475060133024,-67.16657637,10.48349516,POINT (-67.16657637 10.48349516),Caribbean
3378,388,0.06872037914691943,0.4801082955274622,0.21535504342696743,0.0,3.3630073610900097e-06,98.41666666666691,0.9692307692307692,0.1295642723493888,0.5436497465507204,0.5086554398436453,0.8661475060133024,-66.08859802,10.48349516,POINT (-66.08859802 10.48349516),Caribbean
3379,389,0.18246445497630334,0.4801082955274622,0.2770063689506182,0.0019305893229191783,0.0012956930702464676,137.13333333333316,0.7811688311688312,0.1295642723493888,0.5436497465507204,0.5086554398436453,0.8661475060133024,-67.88522859,10.40104101,POINT (-67.88522859 10.40104101),Caribbean
3380,390,0.1137440758293839,0.4801082955274622,0.21721958925750395,6.629043999787691e-05,7.78251686375993e-06,105.41666666666691,0.9380952380952381,0.1295642723493888,0.5436497465507204,0.5086554398436453,0.8661475060133024,-75.5029422,10.27142625,POINT (-75.5029422 10.27142625),Caribbean
3381,391,0.13507109004739337,0.4801082955274622,0.2158844965146797,2.8923465224295533e-05,3.7990789195970477e-06,100.41666666666691,0.8644897959183674,0.1295642723493888,0.5436497465507204,0.5086554398436453,0.8661475060133024,-64.65129357,10.20070484,POINT (-64.65129357 10.20070484),Caribbean
3382,392,0.1137440758293839,0.4801082955274622,0.2161502005103901,0.00020445977418384902,3.916083978332391e-06,101.41666666666691,0.8315911730545877,0.1295642723493888,0.5436497465507204,0.5086554398436453,0.8661475060133024,-64.4356979,10.30678103,POINT (-64.4356979 10.30678103),Caribbean
3383,393,0.12322274881516589,0.4801082955274622,0.24494008077362894,6.395269912032887e-06,0.000630417084558321,120.08333333333331,0.9587482219061166,0.1295642723493888,0.5436497465507204,0.5086554398436453,0.8661475060133024,-75.86226832,10.059215,POINT (-75.86226832 10.059215),Caribbean
3384,394,0.0971563981042654,0.4801082955274622,0.21628329792449746,0.001054218868009181,7.145824922718817e-06,101.91666666666691,0.9233870967741935,0.1295642723493888,0.5436497465507204,0.5086554398436453,0.8661475060133024,-82.97692537,9.917663148,POINT (-82.97692537 9.917663148),Caribbean
3385,395,0.14691943127962087,0.4801082955274622,0.21681733075887896,0.0011583039471400722,7.361452202198804e-06,103.91666666666691,0.8282352941176471,0.1295642723493888,0.5436497465507204,0.5086554398436453,0.8661475060133024,-82.83319492,9.705220935,POINT (-82.83319492 9.705220935),Caribbean
3386,396,0.31042654028436023,0.4801082955274622,0.3124947293855728,0.010921405664886261,0.0028941564449423596,156.93333333333322,0.5743105209397344,0.1295642723493888,0.5436497465507204,0.5086554398436453,0.8661475060133024,-82.68946448,9.563517728,POINT (-82.68946448 9.563517728),Caribbean
3387,397,0.22985781990521328,0.4801082955274622,0.32582938388625593,0.0011267914615043211,0.005906133585315412,167.26666666666677,0.8681818181818182,0.1295642723493888,0.5436497465507204,0.5086554398436453,0.8661475060133024,-75.8263357,9.705220935,POINT (-75.8263357 9.705220935),Caribbean
3388,398,0.2156398104265403,0.4801082955274622,0.3249251395276447,0.0007567085186710248,0.005804193240090304,165.76666666666677,0.8814814814814815,0.1295642723493888,0.5436497465507204,0.5086554398436453,0.8661475060133024,-79.22196748,9.528082663,POINT (-79.22196748 9.528082663),Caribbean
3389,399,0.22985781990521328,0.4801082955274622,0.32582938388625593,0.0008598521095884109,0.005802534959360789,167.26666666666677,0.8640350877192983,0.1295642723493888,0.5436497465507204,0.5086554398436453,0.8661475060133024,-79.41959684,9.528082663,POINT (-79.41959684 9.528082663),Caribbean
3390,400,0.27488151658767773,0.4801082955274622,0.31361078199052134,0.005954520226393463,0.0039787820434638,158.9333333333333,0.682815734989648,0.1295642723493888,0.5436497465507204,0.5086554398436453,0.8661475060133024,-78.95247289,9.421755449,POINT (-78.95247289 9.421755449),Caribbean
3391,401,0.24407582938388628,0.4801082955274622,0.3181558657874854,0.0008660067645490485,0.005599730840022493,166.26666666666677,0.8101694915254237,0.1295642723493888,0.5436497465507204,0.5086554398436453,0.8661475060133024,-79.95858601,9.279934944,POINT (-79.95858601 9.279934944),Caribbean
3392,402,0.28672985781990523,0.4801082955274622,0.31873328115189103,0.0032619900690515815,0.005734783492555765,167.26666666666677,0.7663690476190477,0.1295642723493888,0.5436497465507204,0.5086554398436453,0.8661475060133024,-76.21132797,9.320460981,POINT (-76.21132797 9.320460981),Caribbean
3393,403,0.28672985781990523,0.4801082955274622,0.3190227755035276,0.003177412960167685,0.005743696427211535,167.76666666666677,0.7757296466973886,0.1295642723493888,0.5436497465507204,0.5086554398436453,0.8661475060133024,-78.23382067,9.279934944,POINT (-78.23382067 9.279934944),Caribbean
3394,404,0.2109004739336493,0.4801082955274622,0.31445306699139114,0.00028666469665412496,0.005342029237965785,159.76666666666677,0.9066666666666666,0.1295642723493888,0.5436497465507204,0.5086554398436453,0.8661475060133024,-76.14972921,9.138057057,POINT (-76.14972921 9.138057057),Caribbean
3395,405,0.2109004739336493,0.4801082955274622,0.3116628889346796,0.0014153246575114723,0.0036046526880415177,156.76666666666657,0.8672699849170438,0.1295642723493888,0.5436497465507204,0.5086554398436453,0.8661475060133024,-81.61148613,9.06709686,POINT (-81.61148613 9.06709686),Caribbean
3396,406,0.2156398104265403,0.4801082955274622,0.31586697466671215,0.002033384078170728,0.00492658046707027,162.26666666666668,0.8729411764705882,0.1295642723493888,0.5436497465507204,0.5086554398436453,0.8661475060133024,-82.24030683,9.173531862,POINT (-82.24030683 9.173531862),Caribbean
3397,407,0.1137440758293839,0.4801082955274622,0.2807706441481886,9.22149172693275e-06,0.0014688664687894442,140.5999999999998,0.9139784946236559,0.1295642723493888,0.5436497465507204,0.5086554398436453,0.8661475060133024,-77.96432608,9.138057057,POINT (-77.96432608 9.138057057),Caribbean
3398,408,0.2156398104265403,0.4801082955274622,0.316151283374783,0.0004023066230776646,0.0055069956699840385,162.76666666666677,0.9056603773584906,0.1295642723493888,0.5436497465507204,0.5086554398436453,0.8661475060133024,-76.34735857,8.960630296,POINT (-76.34735857 8.960630296),Caribbean
3399,409,0.27251184834123227,0.4801082955274622,0.32765305581099247,0.0030518133235524518,0.006061812832840549,170.26666666666677,0.7958751983077736,0.1295642723493888,0.5436497465507204,0.5086554398436453,0.8661475060133024,-76.4371901,8.854132527,POINT (-76.4371901 8.854132527),Caribbean
3400,410,0.20379146919431282,0.4801082955274622,0.3108354653357379,0.001143324584858094,0.003105350789466011,155.59999999999988,0.8847517730496454,0.1295642723493888,0.5436497465507204,0.5086554398436453,0.8661475060133024,-81.53962091,8.783116857,POINT (-81.53962091 8.783116857),Caribbean
3401,411,0.15165876777251186,0.4801082955274622,0.2807706441481886,0.00010452594332609441,0.0014688664687894442,140.5999999999998,0.9051282051282051,0.1295642723493888,0.5436497465507204,0.5086554398436453,0.8661475060133024,-80.98266544,8.783116857,POINT (-80.98266544 8.783116857),Caribbean
3402,412,0.12322274881516589,0.4801082955274622,0.27987575763297523,2.1390035713795203e-05,0.0012846239972677976,138.5999999999998,0.9322638146167558,0.1295642723493888,0.5436497465507204,0.5086554398436453,0.8661475060133024,-77.6948315,8.818626399,POINT (-77.6948315 8.818626399),Caribbean
3403,413,0.09478672985781991,0.4801082955274622,0.3108354653357379,0.0,0.004460374139180846,153.2666666666667,1.0,0.1295642723493888,0.5436497465507204,0.5086554398436453,0.8661475060133024,-76.58092054,8.712087584,POINT (-76.58092054 8.712087584),Caribbean
3404,414,0.18009478672985785,0.4801082955274622,0.3167214389805085,0.0002589726571671903,0.005599500875160871,163.76666666666677,0.9056603773584906,0.1295642723493888,0.5436497465507204,0.5086554398436453,0.8661475060133024,-77.37143799,8.605518404,POINT (-77.37143799 8.605518404),Caribbean
3405,415,0.17772511848341233,0.4801082955274622,0.2812202368529895,0.00017756025223499805,0.0016187355642380337,141.5999999999998,0.8898550724637682,0.1295642723493888,0.5436497465507204,0.5086554398436453,0.8661475060133024,-76.86838143,8.569988658,POINT (-76.86838143 8.569988658),Caribbean
3406,416,0.1042654028436019,0.4801082955274622,0.27766330105089637,6.380176849507822e-06,0.0007872791928497733,133.93333333333314,0.9532019704433498,0.1295642723493888,0.5436497465507204,0.5086554398436453,0.8661475060133024,-77.29957277,8.498919218,POINT (-77.29957277 8.498919218),Caribbean
3407,417,0.08293838862559243,0.4801082955274622,0.23829313149890358,6.254072965018468e-07,0.00040883659374483426,115.13333333333333,0.9920948616600791,0.1295642723493888,0.5436497465507204,0.5086554398436453,0.8661475060133024,-77.87449455,23.44220405,POINT (-77.87449455 23.44220405),Caribbean
3408,418,0.1255924170616114,0.4801082955274622,0.27766330105089637,5.150033329736024e-05,0.0007898837813146934,133.93333333333314,0.9079365079365079,0.1295642723493888,0.5436497465507204,0.5086554398436453,0.8661475060133024,-94.83468712,18.40991006,POINT (-94.83468712 18.40991006),Caribbean
3409,419,0.08530805687203792,0.4801082955274622,0.2381315768334806,5.116968789560565e-07,0.0003880717572339223,114.63333333333333,0.98,0.1295642723493888,0.5436497465507204,0.5086554398436453,0.8661475060133024,-71.83781584,20.9807557,POINT (-71.83781584 20.9807557),Caribbean
3410,420,0.02132701421800948,0.4801082955274622,0.37287056882100206,0.0,0.008803067175764111,166.25000000000065,1.0,0.1295642723493888,0.5436497465507204,0.5086554398436453,0.8661475060133024,-92.10380865,19.02249112,POINT (-92.10380865 19.02249112),Caribbean
3411,421,0.05450236966824645,0.4801082955274622,0.263986404568351,8.22071483231008e-05,0.0003800421781771466,126.26666666666635,0.7428571428571429,0.1295642723493888,0.5436497465507204,0.5086554398436453,0.8661475060133024,-63.71704567,11.11881985,POINT (-63.71704567 11.11881985),Caribbean
3412,422,0.004739336492890996,0.4801082955274622,0.3374102553596387,0.0,0.001497432032562806,151.16666666666663,1.0,0.1295642723493888,0.5436497465507204,0.5086554398436453,0.8661475060133024,-64.50756312,11.82311264,POINT (-64.50756312 11.82311264),Caribbean
