,Region,Metric,Standardised Value
0,GBR,Degree Centrality,-0.46582723835886364
1,GBR,Degree Centrality,-0.46750687805162305
2,GBR,Degree Centrality,-0.4641475986661042
3,GBR,Degree Centrality,-0.4607883192805853
4,GBR,Degree Centrality,-0.4607883192805853
5,GBR,Degree Centrality,-0.4641475986661042
6,GBR,Degree Centrality,-0.4607883192805853
7,GBR,Degree Centrality,-0.4607883192805853
8,GBR,Degree Centrality,-0.4607883192805853
9,GBR,Degree Centrality,-0.4641475986661042
10,GBR,Degree Centrality,-0.45910867958782586
11,GBR,Degree Centrality,-0.46582723835886364
12,GBR,Degree Centrality,-0.45742903989506645
13,GBR,Degree Centrality,-0.46246795897334475
14,GBR,Degree Centrality,-0.46246795897334475
15,GBR,Degree Centrality,-0.4607883192805853
16,GBR,Degree Centrality,-0.4607883192805853
17,GBR,Degree Centrality,-0.4641475986661042
18,GBR,Degree Centrality,-0.46246795897334475
19,GBR,Degree Centrality,-0.4607883192805853
20,GBR,Degree Centrality,-0.46246795897334475
21,GBR,Degree Centrality,-0.46246795897334475
22,GBR,Degree Centrality,-0.46582723835886364
23,GBR,Degree Centrality,-0.4641475986661042
24,GBR,Degree Centrality,-0.4607883192805853
25,GBR,Degree Centrality,-0.46246795897334475
26,GBR,Degree Centrality,-0.4607883192805853
27,GBR,Degree Centrality,-0.4607883192805853
28,GBR,Degree Centrality,-0.4607883192805853
29,GBR,Degree Centrality,-0.45742903989506645
30,GBR,Degree Centrality,-0.46246795897334475
31,GBR,Degree Centrality,-0.46246795897334475
32,GBR,Degree Centrality,-0.45910867958782586
33,GBR,Degree Centrality,-0.46582723835886364
34,GBR,Degree Centrality,-0.45910867958782586
35,GBR,Degree Centrality,-0.4641475986661042
36,GBR,Degree Centrality,-0.45910867958782586
37,GBR,Degree Centrality,-0.4607883192805853
38,GBR,Degree Centrality,-0.46582723835886364
39,GBR,Degree Centrality,-0.46750687805162305
40,GBR,Degree Centrality,-0.46246795897334475
41,GBR,Degree Centrality,-0.45910867958782586
42,GBR,Degree Centrality,-0.45910867958782586
43,GBR,Degree Centrality,-0.4691865177443825
44,GBR,Degree Centrality,-0.45742903989506645
45,GBR,Degree Centrality,-0.4607883192805853
46,GBR,Degree Centrality,-0.45742903989506645
47,GBR,Degree Centrality,-0.4641475986661042
48,GBR,Degree Centrality,-0.46582723835886364
49,GBR,Degree Centrality,-0.46246795897334475
50,GBR,Degree Centrality,-0.4607883192805853
51,GBR,Degree Centrality,-0.45742903989506645
52,GBR,Degree Centrality,-0.4641475986661042
53,GBR,Degree Centrality,-0.455749400202307
54,GBR,Degree Centrality,-0.455749400202307
55,GBR,Degree Centrality,-0.45742903989506645
56,GBR,Degree Centrality,-0.4641475986661042
57,GBR,Degree Centrality,-0.4607883192805853
58,GBR,Degree Centrality,-0.45910867958782586
59,GBR,Degree Centrality,-0.46246795897334475
60,GBR,Degree Centrality,-0.45742903989506645
61,GBR,Degree Centrality,-0.46582723835886364
62,GBR,Degree Centrality,-0.4540697605095475
63,GBR,Degree Centrality,-0.455749400202307
64,GBR,Degree Centrality,-0.4641475986661042
65,GBR,Degree Centrality,-0.45742903989506645
66,GBR,Degree Centrality,-0.45910867958782586
67,GBR,Degree Centrality,-0.45910867958782586
68,GBR,Degree Centrality,-0.4691865177443825
69,GBR,Degree Centrality,-0.4691865177443825
70,GBR,Degree Centrality,-0.4540697605095475
71,GBR,Degree Centrality,-0.4523901208167881
72,GBR,Degree Centrality,-0.45910867958782586
73,GBR,Degree Centrality,-0.4523901208167881
74,GBR,Degree Centrality,-0.45910867958782586
75,GBR,Degree Centrality,-0.4523901208167881
76,GBR,Degree Centrality,-0.4607883192805853
77,GBR,Degree Centrality,-0.46246795897334475
78,GBR,Degree Centrality,-0.45742903989506645
79,GBR,Degree Centrality,-0.4507104811240287
80,GBR,Degree Centrality,-0.45742903989506645
81,GBR,Degree Centrality,-0.4473512017385098
82,GBR,Degree Centrality,-0.4473512017385098
83,GBR,Degree Centrality,-0.4507104811240287
84,GBR,Degree Centrality,-0.4540697605095475
85,GBR,Degree Centrality,-0.45910867958782586
86,GBR,Degree Centrality,-0.4641475986661042
87,GBR,Degree Centrality,-0.45910867958782586
88,GBR,Degree Centrality,-0.4523901208167881
89,GBR,Degree Centrality,-0.4607883192805853
90,GBR,Degree Centrality,-0.4641475986661042
91,GBR,Degree Centrality,-0.45742903989506645
92,GBR,Degree Centrality,-0.4490308414312692
93,GBR,Degree Centrality,-0.4473512017385098
94,GBR,Degree Centrality,-0.4540697605095475
95,GBR,Degree Centrality,-0.4540697605095475
96,GBR,Degree Centrality,-0.45742903989506645
97,GBR,Degree Centrality,-0.46246795897334475
98,GBR,Degree Centrality,-0.4641475986661042
99,GBR,Degree Centrality,-0.4641475986661042
100,GBR,Degree Centrality,-0.45742903989506645
101,GBR,Degree Centrality,-0.4473512017385098
102,GBR,Degree Centrality,-0.46246795897334475
103,GBR,Degree Centrality,-0.4473512017385098
104,GBR,Degree Centrality,-0.4540697605095475
105,GBR,Degree Centrality,-0.4540697605095475
106,GBR,Degree Centrality,-0.4540697605095475
107,GBR,Degree Centrality,-0.45742903989506645
108,GBR,Degree Centrality,-0.4540697605095475
109,GBR,Degree Centrality,-0.4523901208167881
110,GBR,Degree Centrality,-0.4523901208167881
111,GBR,Degree Centrality,-0.45910867958782586
112,GBR,Degree Centrality,-0.46582723835886364
113,GBR,Degree Centrality,-0.45742903989506645
114,GBR,Degree Centrality,-0.4540697605095475
115,GBR,Degree Centrality,-0.4507104811240287
116,GBR,Degree Centrality,-0.44567156204575037
117,GBR,Degree Centrality,-0.4507104811240287
118,GBR,Degree Centrality,-0.45742903989506645
119,GBR,Degree Centrality,-0.4490308414312692
120,GBR,Degree Centrality,-0.4523901208167881
121,GBR,Degree Centrality,-0.4507104811240287
122,GBR,Degree Centrality,-0.455749400202307
123,GBR,Degree Centrality,-0.45742903989506645
124,GBR,Degree Centrality,-0.45910867958782586
125,GBR,Degree Centrality,-0.4523901208167881
126,GBR,Degree Centrality,-0.44567156204575037
127,GBR,Degree Centrality,-0.44567156204575037
128,GBR,Degree Centrality,-0.45910867958782586
129,GBR,Degree Centrality,-0.46750687805162305
130,GBR,Degree Centrality,-0.4641475986661042
131,GBR,Degree Centrality,-0.4490308414312692
132,GBR,Degree Centrality,-0.455749400202307
133,GBR,Degree Centrality,-0.46246795897334475
134,GBR,Degree Centrality,-0.44399192235299095
135,GBR,Degree Centrality,-0.4607883192805853
136,GBR,Degree Centrality,-0.455749400202307
137,GBR,Degree Centrality,-0.4641475986661042
138,GBR,Degree Centrality,-0.4490308414312692
139,GBR,Degree Centrality,-0.46750687805162305
140,GBR,Degree Centrality,-0.4490308414312692
141,GBR,Degree Centrality,-0.4540697605095475
142,GBR,Degree Centrality,-0.4507104811240287
143,GBR,Degree Centrality,-0.4523901208167881
144,GBR,Degree Centrality,-0.4540697605095475
145,GBR,Degree Centrality,-0.46246795897334475
146,GBR,Degree Centrality,-0.4507104811240287
147,GBR,Degree Centrality,-0.4490308414312692
148,GBR,Degree Centrality,-0.46246795897334475
149,GBR,Degree Centrality,-0.4523901208167881
150,GBR,Degree Centrality,-0.4372733635819532
151,GBR,Degree Centrality,-0.46750687805162305
152,GBR,Degree Centrality,-0.4607883192805853
153,GBR,Degree Centrality,-0.45910867958782586
154,GBR,Degree Centrality,-0.4641475986661042
155,GBR,Degree Centrality,-0.4540697605095475
156,GBR,Degree Centrality,-0.44567156204575037
157,GBR,Degree Centrality,-0.4641475986661042
158,GBR,Degree Centrality,-0.4423122826602314
159,GBR,Degree Centrality,-0.4607883192805853
160,GBR,Degree Centrality,-0.455749400202307
161,GBR,Degree Centrality,-0.46246795897334475
162,GBR,Degree Centrality,-0.4507104811240287
163,GBR,Degree Centrality,-0.4490308414312692
164,GBR,Degree Centrality,-0.4641475986661042
165,GBR,Degree Centrality,-0.4607883192805853
166,GBR,Degree Centrality,-0.4389530032747126
167,GBR,Degree Centrality,-0.46246795897334475
168,GBR,Degree Centrality,-0.4641475986661042
169,GBR,Degree Centrality,-0.45742903989506645
170,GBR,Degree Centrality,-0.45910867958782586
171,GBR,Degree Centrality,-0.44399192235299095
172,GBR,Degree Centrality,-0.4507104811240287
173,GBR,Degree Centrality,-0.44399192235299095
174,GBR,Degree Centrality,-0.4389530032747126
175,GBR,Degree Centrality,-0.4641475986661042
176,GBR,Degree Centrality,-0.43391408419643424
177,GBR,Degree Centrality,-0.4020009300340049
178,GBR,Degree Centrality,-0.4523901208167881
179,GBR,Degree Centrality,-0.4490308414312692
180,GBR,Degree Centrality,-0.45742903989506645
181,GBR,Degree Centrality,-0.4540697605095475
182,GBR,Degree Centrality,-0.46246795897334475
183,GBR,Degree Centrality,-0.4507104811240287
184,GBR,Degree Centrality,-0.4641475986661042
185,GBR,Degree Centrality,-0.4507104811240287
186,GBR,Degree Centrality,-0.46246795897334475
187,GBR,Degree Centrality,-0.4607883192805853
188,GBR,Degree Centrality,-0.4389530032747126
189,GBR,Degree Centrality,-0.45910867958782586
190,GBR,Degree Centrality,-0.44399192235299095
191,GBR,Degree Centrality,-0.46582723835886364
192,GBR,Degree Centrality,-0.4355937238891937
193,GBR,Degree Centrality,-0.46582723835886364
194,GBR,Degree Centrality,-0.4641475986661042
195,GBR,Degree Centrality,-0.45742903989506645
196,GBR,Degree Centrality,-0.4507104811240287
197,GBR,Degree Centrality,-0.4523901208167881
198,GBR,Degree Centrality,-0.45742903989506645
199,GBR,Degree Centrality,-0.45910867958782586
200,GBR,Degree Centrality,-0.46246795897334475
201,GBR,Degree Centrality,-0.4473512017385098
202,GBR,Degree Centrality,-0.4389530032747126
203,GBR,Degree Centrality,-0.45910867958782586
204,GBR,Degree Centrality,-0.4691865177443825
205,GBR,Degree Centrality,-0.4641475986661042
206,GBR,Degree Centrality,-0.4540697605095475
207,GBR,Degree Centrality,-0.4523901208167881
208,GBR,Degree Centrality,-0.4423122826602314
209,GBR,Degree Centrality,-0.4389530032747126
210,GBR,Degree Centrality,-0.45742903989506645
211,GBR,Degree Centrality,-0.46246795897334475
212,GBR,Degree Centrality,-0.4423122826602314
213,GBR,Degree Centrality,-0.44399192235299095
214,GBR,Degree Centrality,-0.46246795897334475
215,GBR,Degree Centrality,-0.45910867958782586
216,GBR,Degree Centrality,-0.45742903989506645
217,GBR,Degree Centrality,-0.46246795897334475
218,GBR,Degree Centrality,-0.44399192235299095
219,GBR,Degree Centrality,-0.440632642967472
220,GBR,Degree Centrality,-0.44399192235299095
221,GBR,Degree Centrality,-0.45910867958782586
222,GBR,Degree Centrality,-0.4372733635819532
223,GBR,Degree Centrality,-0.45910867958782586
224,GBR,Degree Centrality,-0.44567156204575037
225,GBR,Degree Centrality,-0.4607883192805853
226,GBR,Degree Centrality,-0.45910867958782586
227,GBR,Degree Centrality,-0.4355937238891937
228,GBR,Degree Centrality,-0.455749400202307
229,GBR,Degree Centrality,-0.4473512017385098
230,GBR,Degree Centrality,-0.45910867958782586
231,GBR,Degree Centrality,-0.4523901208167881
232,GBR,Degree Centrality,-0.4540697605095475
233,GBR,Degree Centrality,-0.4372733635819532
234,GBR,Degree Centrality,-0.45742903989506645
235,GBR,Degree Centrality,-0.4540697605095475
236,GBR,Degree Centrality,-0.4355937238891937
237,GBR,Degree Centrality,-0.4490308414312692
238,GBR,Degree Centrality,-0.4523901208167881
239,GBR,Degree Centrality,-0.455749400202307
240,GBR,Degree Centrality,-0.4490308414312692
241,GBR,Degree Centrality,-0.4507104811240287
242,GBR,Degree Centrality,-0.4523901208167881
243,GBR,Degree Centrality,-0.4473512017385098
244,GBR,Degree Centrality,-0.4490308414312692
245,GBR,Degree Centrality,-0.46246795897334475
246,GBR,Degree Centrality,-0.4507104811240287
247,GBR,Degree Centrality,-0.45742903989506645
248,GBR,Degree Centrality,-0.4490308414312692
249,GBR,Degree Centrality,-0.44567156204575037
250,GBR,Degree Centrality,-0.46246795897334475
251,GBR,Degree Centrality,-0.4490308414312692
252,GBR,Degree Centrality,-0.44567156204575037
253,GBR,Degree Centrality,-0.44399192235299095
254,GBR,Degree Centrality,-0.4607883192805853
255,GBR,Degree Centrality,-0.4322344445036748
256,GBR,Degree Centrality,-0.440632642967472
257,GBR,Degree Centrality,-0.4490308414312692
258,GBR,Degree Centrality,-0.4607883192805853
259,GBR,Degree Centrality,-0.45742903989506645
260,GBR,Degree Centrality,-0.4490308414312692
261,GBR,Degree Centrality,-0.46582723835886364
262,GBR,Degree Centrality,-0.4305548048109154
263,GBR,Degree Centrality,-0.4490308414312692
264,GBR,Degree Centrality,-0.4641475986661042
265,GBR,Degree Centrality,-0.45910867958782586
266,GBR,Degree Centrality,-0.46582723835886364
267,GBR,Degree Centrality,-0.4507104811240287
268,GBR,Degree Centrality,-0.4305548048109154
269,GBR,Degree Centrality,-0.45742903989506645
270,GBR,Degree Centrality,-0.4507104811240287
271,GBR,Degree Centrality,-0.4607883192805853
272,GBR,Degree Centrality,-0.455749400202307
273,GBR,Degree Centrality,-0.4423122826602314
274,GBR,Degree Centrality,-0.455749400202307
275,GBR,Degree Centrality,-0.45910867958782586
276,GBR,Degree Centrality,-0.45742903989506645
277,GBR,Degree Centrality,-0.45910867958782586
278,GBR,Degree Centrality,-0.44567156204575037
279,GBR,Degree Centrality,-0.4540697605095475
280,GBR,Degree Centrality,-0.4507104811240287
281,GBR,Degree Centrality,-0.45742903989506645
282,GBR,Degree Centrality,-0.45910867958782586
283,GBR,Degree Centrality,-0.4540697605095475
284,GBR,Degree Centrality,-0.46246795897334475
285,GBR,Degree Centrality,-0.46246795897334475
286,GBR,Degree Centrality,-0.46582723835886364
287,GBR,Degree Centrality,-0.46582723835886364
288,GBR,Degree Centrality,-0.4691865177443825
289,GBR,Degree Centrality,-0.4423122826602314
290,GBR,Degree Centrality,-0.40703984911228325
291,GBR,Degree Centrality,-0.4540697605095475
292,GBR,Degree Centrality,-0.455749400202307
293,GBR,Degree Centrality,-0.4607883192805853
294,GBR,Degree Centrality,-0.43391408419643424
295,GBR,Degree Centrality,-0.455749400202307
296,GBR,Degree Centrality,-0.4507104811240287
297,GBR,Degree Centrality,-0.455749400202307
298,GBR,Degree Centrality,-0.42887516511815593
299,GBR,Degree Centrality,-0.4473512017385098
300,GBR,Degree Centrality,-0.45910867958782586
301,GBR,Degree Centrality,-0.45742903989506645
302,GBR,Degree Centrality,-0.4355937238891937
303,GBR,Degree Centrality,-0.4607883192805853
304,GBR,Degree Centrality,-0.4355937238891937
305,GBR,Degree Centrality,-0.45910867958782586
306,GBR,Degree Centrality,-0.45742903989506645
307,GBR,Degree Centrality,-0.44399192235299095
308,GBR,Degree Centrality,-0.455749400202307
309,GBR,Degree Centrality,-0.4372733635819532
310,GBR,Degree Centrality,-0.4473512017385098
311,GBR,Degree Centrality,-0.4523901208167881
312,GBR,Degree Centrality,-0.4607883192805853
313,GBR,Degree Centrality,-0.4255158857326371
314,GBR,Degree Centrality,-0.44399192235299095
315,GBR,Degree Centrality,-0.4473512017385098
316,GBR,Degree Centrality,-0.4473512017385098
317,GBR,Degree Centrality,-0.46246795897334475
318,GBR,Degree Centrality,-0.45910867958782586
319,GBR,Degree Centrality,-0.44567156204575037
320,GBR,Degree Centrality,-0.4641475986661042
321,GBR,Degree Centrality,-0.4423122826602314
322,GBR,Degree Centrality,-0.4523901208167881
323,GBR,Degree Centrality,-0.4523901208167881
324,GBR,Degree Centrality,-0.44567156204575037
325,GBR,Degree Centrality,-0.46246795897334475
326,GBR,Degree Centrality,-0.44399192235299095
327,GBR,Degree Centrality,-0.4490308414312692
328,GBR,Degree Centrality,-0.45910867958782586
329,GBR,Degree Centrality,-0.4607883192805853
330,GBR,Degree Centrality,-0.45742903989506645
331,GBR,Degree Centrality,-0.44399192235299095
332,GBR,Degree Centrality,-0.4523901208167881
333,GBR,Degree Centrality,-0.45910867958782586
334,GBR,Degree Centrality,-0.46246795897334475
335,GBR,Degree Centrality,-0.42215660634711816
336,GBR,Degree Centrality,-0.4423122826602314
337,GBR,Degree Centrality,-0.45910867958782586
338,GBR,Degree Centrality,-0.45742903989506645
339,GBR,Degree Centrality,-0.4607883192805853
340,GBR,Degree Centrality,-0.4540697605095475
341,GBR,Degree Centrality,-0.46582723835886364
342,GBR,Degree Centrality,-0.4372733635819532
343,GBR,Degree Centrality,-0.4540697605095475
344,GBR,Degree Centrality,-0.46246795897334475
345,GBR,Degree Centrality,-0.45910867958782586
346,GBR,Degree Centrality,-0.4389530032747126
347,GBR,Degree Centrality,-0.4355937238891937
348,GBR,Degree Centrality,-0.4523901208167881
349,GBR,Degree Centrality,-0.4507104811240287
350,GBR,Degree Centrality,-0.4540697605095475
351,GBR,Degree Centrality,-0.4540697605095475
352,GBR,Degree Centrality,-0.46582723835886364
353,GBR,Degree Centrality,-0.4389530032747126
354,GBR,Degree Centrality,-0.440632642967472
355,GBR,Degree Centrality,-0.4641475986661042
356,GBR,Degree Centrality,-0.44567156204575037
357,GBR,Degree Centrality,-0.41543804757608044
358,GBR,Degree Centrality,-0.4490308414312692
359,GBR,Degree Centrality,-0.42887516511815593
360,GBR,Degree Centrality,-0.44567156204575037
361,GBR,Degree Centrality,-0.4423122826602314
362,GBR,Degree Centrality,-0.4372733635819532
363,GBR,Degree Centrality,-0.4389530032747126
364,GBR,Degree Centrality,-0.45742903989506645
365,GBR,Degree Centrality,-0.44567156204575037
366,GBR,Degree Centrality,-0.46582723835886364
367,GBR,Degree Centrality,-0.4523901208167881
368,GBR,Degree Centrality,-0.4523901208167881
369,GBR,Degree Centrality,-0.4490308414312692
370,GBR,Degree Centrality,-0.45910867958782586
371,GBR,Degree Centrality,-0.455749400202307
372,GBR,Degree Centrality,-0.44567156204575037
373,GBR,Degree Centrality,-0.4641475986661042
374,GBR,Degree Centrality,-0.4607883192805853
375,GBR,Degree Centrality,-0.44399192235299095
376,GBR,Degree Centrality,-0.4540697605095475
377,GBR,Degree Centrality,-0.4473512017385098
378,GBR,Degree Centrality,-0.44399192235299095
379,GBR,Degree Centrality,-0.4540697605095475
380,GBR,Degree Centrality,-0.4473512017385098
381,GBR,Degree Centrality,-0.440632642967472
382,GBR,Degree Centrality,-0.45910867958782586
383,GBR,Degree Centrality,-0.4507104811240287
384,GBR,Degree Centrality,-0.4389530032747126
385,GBR,Degree Centrality,-0.4540697605095475
386,GBR,Degree Centrality,-0.4389530032747126
387,GBR,Degree Centrality,-0.4523901208167881
388,GBR,Degree Centrality,-0.455749400202307
389,GBR,Degree Centrality,-0.40871948880504266
390,GBR,Degree Centrality,-0.44399192235299095
391,GBR,Degree Centrality,-0.455749400202307
392,GBR,Degree Centrality,-0.42047696665435874
393,GBR,Degree Centrality,-0.4423122826602314
394,GBR,Degree Centrality,-0.4607883192805853
395,GBR,Degree Centrality,-0.4322344445036748
396,GBR,Degree Centrality,-0.4641475986661042
397,GBR,Degree Centrality,-0.46246795897334475
398,GBR,Degree Centrality,-0.44567156204575037
399,GBR,Degree Centrality,-0.4540697605095475
400,GBR,Degree Centrality,-0.440632642967472
401,GBR,Degree Centrality,-0.46582723835886364
402,GBR,Degree Centrality,-0.4473512017385098
403,GBR,Degree Centrality,-0.46750687805162305
404,GBR,Degree Centrality,-0.46582723835886364
405,GBR,Degree Centrality,-0.4372733635819532
406,GBR,Degree Centrality,-0.4473512017385098
407,GBR,Degree Centrality,-0.45910867958782586
408,GBR,Degree Centrality,-0.455749400202307
409,GBR,Degree Centrality,-0.46750687805162305
410,GBR,Degree Centrality,-0.4372733635819532
411,GBR,Degree Centrality,-0.4641475986661042
412,GBR,Degree Centrality,-0.45742903989506645
413,GBR,Degree Centrality,-0.4691865177443825
414,GBR,Degree Centrality,-0.46582723835886364
415,GBR,Degree Centrality,-0.45742903989506645
416,GBR,Degree Centrality,-0.4507104811240287
417,GBR,Degree Centrality,-0.44567156204575037
418,GBR,Degree Centrality,-0.45742903989506645
419,GBR,Degree Centrality,-0.4490308414312692
420,GBR,Degree Centrality,-0.44399192235299095
421,GBR,Degree Centrality,-0.4490308414312692
422,GBR,Degree Centrality,-0.4473512017385098
423,GBR,Degree Centrality,-0.4423122826602314
424,GBR,Degree Centrality,-0.4607883192805853
425,GBR,Degree Centrality,-0.4490308414312692
426,GBR,Degree Centrality,-0.4473512017385098
427,GBR,Degree Centrality,-0.4490308414312692
428,GBR,Degree Centrality,-0.46582723835886364
429,GBR,Degree Centrality,-0.4473512017385098
430,GBR,Degree Centrality,-0.4507104811240287
431,GBR,Degree Centrality,-0.46750687805162305
432,GBR,Degree Centrality,-0.42887516511815593
433,GBR,Degree Centrality,-0.4271955254253965
434,GBR,Degree Centrality,-0.4473512017385098
435,GBR,Degree Centrality,-0.45910867958782586
436,GBR,Degree Centrality,-0.44399192235299095
437,GBR,Degree Centrality,-0.4389530032747126
438,GBR,Degree Centrality,-0.4523901208167881
439,GBR,Degree Centrality,-0.455749400202307
440,GBR,Degree Centrality,-0.440632642967472
441,GBR,Degree Centrality,-0.4507104811240287
442,GBR,Degree Centrality,-0.4473512017385098
443,GBR,Degree Centrality,-0.4523901208167881
444,GBR,Degree Centrality,-0.4641475986661042
445,GBR,Degree Centrality,-0.455749400202307
446,GBR,Degree Centrality,-0.46246795897334475
447,GBR,Degree Centrality,-0.4540697605095475
448,GBR,Degree Centrality,-0.4507104811240287
449,GBR,Degree Centrality,-0.45910867958782586
450,GBR,Degree Centrality,-0.45910867958782586
451,GBR,Degree Centrality,-0.4490308414312692
452,GBR,Degree Centrality,-0.4641475986661042
453,GBR,Degree Centrality,-0.4540697605095475
454,GBR,Degree Centrality,-0.44399192235299095
455,GBR,Degree Centrality,-0.4507104811240287
456,GBR,Degree Centrality,-0.4607883192805853
457,GBR,Degree Centrality,-0.46582723835886364
458,GBR,Degree Centrality,-0.45910867958782586
459,GBR,Degree Centrality,-0.4607883192805853
460,GBR,Degree Centrality,-0.4540697605095475
461,GBR,Degree Centrality,-0.46582723835886364
462,GBR,Degree Centrality,-0.4641475986661042
463,GBR,Degree Centrality,-0.4641475986661042
464,GBR,Degree Centrality,-0.46750687805162305
465,GBR,Degree Centrality,-0.44399192235299095
466,GBR,Degree Centrality,-0.4523901208167881
467,GBR,Degree Centrality,-0.4540697605095475
468,GBR,Degree Centrality,-0.42887516511815593
469,GBR,Degree Centrality,-0.4540697605095475
470,GBR,Degree Centrality,-0.46750687805162305
471,GBR,Degree Centrality,-0.45910867958782586
472,GBR,Degree Centrality,-0.46246795897334475
473,GBR,Degree Centrality,-0.45742903989506645
474,GBR,Degree Centrality,-0.4490308414312692
475,GBR,Degree Centrality,-0.44399192235299095
476,GBR,Degree Centrality,-0.46246795897334475
477,GBR,Degree Centrality,-0.46582723835886364
478,GBR,Degree Centrality,-0.4540697605095475
479,GBR,Degree Centrality,-0.455749400202307
480,GBR,Degree Centrality,-0.455749400202307
481,GBR,Degree Centrality,-0.45742903989506645
482,GBR,Degree Centrality,-0.45742903989506645
483,GBR,Degree Centrality,-0.455749400202307
484,GBR,Degree Centrality,-0.46750687805162305
485,GBR,Degree Centrality,-0.455749400202307
486,GBR,Degree Centrality,-0.4389530032747126
487,GBR,Degree Centrality,-0.46246795897334475
488,GBR,Degree Centrality,-0.455749400202307
489,GBR,Degree Centrality,-0.4540697605095475
490,GBR,Degree Centrality,-0.45742903989506645
491,GBR,Degree Centrality,-0.45742903989506645
492,GBR,Degree Centrality,-0.4607883192805853
493,GBR,Degree Centrality,-0.46246795897334475
494,GBR,Degree Centrality,-0.4691865177443825
495,GBR,Degree Centrality,-0.44567156204575037
496,GBR,Degree Centrality,-0.455749400202307
497,GBR,Degree Centrality,-0.46246795897334475
498,GBR,Degree Centrality,-0.45910867958782586
499,GBR,Degree Centrality,-0.44567156204575037
500,GBR,Degree Centrality,-0.4607883192805853
501,GBR,Degree Centrality,-0.45910867958782586
502,GBR,Degree Centrality,-0.4691865177443825
503,GBR,Degree Centrality,-0.4423122826602314
504,GBR,Degree Centrality,-0.4691865177443825
505,GBR,Degree Centrality,-0.4523901208167881
506,GBR,Degree Centrality,-0.45910867958782586
507,GBR,Degree Centrality,-0.4490308414312692
508,GBR,Degree Centrality,-0.45742903989506645
509,GBR,Degree Centrality,-0.44567156204575037
510,GBR,Degree Centrality,-0.4691865177443825
511,GBR,Degree Centrality,-0.440632642967472
512,GBR,Degree Centrality,-0.46750687805162305
513,GBR,Degree Centrality,-0.4540697605095475
514,GBR,Degree Centrality,-0.4691865177443825
515,GBR,Degree Centrality,-0.46246795897334475
516,GBR,Degree Centrality,-0.4540697605095475
517,GBR,Degree Centrality,-0.4507104811240287
518,GBR,Degree Centrality,-0.4691865177443825
519,GBR,Degree Centrality,-0.4691865177443825
520,GBR,Degree Centrality,-0.4641475986661042
521,GBR,Degree Centrality,-0.4691865177443825
522,GBR,Degree Centrality,-0.4691865177443825
523,GBR,Degree Centrality,-0.4691865177443825
524,GBR,Degree Centrality,-0.46582723835886364
525,GBR,Degree Centrality,-0.4691865177443825
526,GBR,Degree Centrality,-0.46582723835886364
527,GBR,Degree Centrality,-0.4607883192805853
528,GBR,Degree Centrality,-0.4691865177443825
529,GBR,Degree Centrality,-0.46750687805162305
530,GBR,Degree Centrality,-0.44399192235299095
531,GBR,Degree Centrality,-0.45910867958782586
532,GBR,Degree Centrality,-0.44399192235299095
533,GBR,Degree Centrality,-0.45910867958782586
534,GBR,Degree Centrality,-0.45742903989506645
535,GBR,Degree Centrality,-0.4523901208167881
536,GBR,Degree Centrality,-0.4540697605095475
537,GBR,Degree Centrality,-0.4523901208167881
538,GBR,Degree Centrality,-0.4423122826602314
539,GBR,Degree Centrality,-0.4523901208167881
540,GBR,Degree Centrality,-0.455749400202307
541,GBR,Degree Centrality,-0.4540697605095475
542,GBR,Degree Centrality,-0.4473512017385098
543,GBR,Degree Centrality,-0.4507104811240287
544,GBR,Degree Centrality,-0.44567156204575037
545,GBR,Degree Centrality,-0.455749400202307
546,GBR,Degree Centrality,-0.455749400202307
547,GBR,Degree Centrality,-0.4540697605095475
548,GBR,Degree Centrality,-0.4423122826602314
549,GBR,Degree Centrality,-0.4523901208167881
550,GBR,Degree Centrality,-0.44399192235299095
551,GBR,Degree Centrality,-0.4473512017385098
552,GBR,Degree Centrality,-0.45910867958782586
553,GBR,Degree Centrality,-0.44567156204575037
554,GBR,Degree Centrality,-0.4423122826602314
555,GBR,Degree Centrality,-0.4507104811240287
556,GBR,Degree Centrality,-0.45742903989506645
557,GBR,Degree Centrality,-0.4507104811240287
558,GBR,Degree Centrality,-0.4507104811240287
559,GBR,Degree Centrality,-0.44399192235299095
560,GBR,Degree Centrality,-0.45910867958782586
561,GBR,Degree Centrality,-0.4523901208167881
562,GBR,Degree Centrality,-0.4540697605095475
563,GBR,Degree Centrality,-0.46246795897334475
564,GBR,Degree Centrality,-0.45742903989506645
565,GBR,Degree Centrality,-0.4423122826602314
566,GBR,Degree Centrality,-0.4523901208167881
567,GBR,Degree Centrality,-0.4523901208167881
568,GBR,Degree Centrality,-0.4523901208167881
569,GBR,Degree Centrality,-0.45910867958782586
570,GBR,Degree Centrality,-0.4523901208167881
571,GBR,Degree Centrality,-0.4540697605095475
572,GBR,Degree Centrality,-0.45742903989506645
573,GBR,Degree Centrality,-0.4607883192805853
574,GBR,Degree Centrality,-0.45742903989506645
575,GBR,Degree Centrality,-0.4523901208167881
576,GBR,Degree Centrality,-0.4490308414312692
577,GBR,Degree Centrality,-0.4523901208167881
578,GBR,Degree Centrality,-0.4540697605095475
579,GBR,Degree Centrality,-0.4473512017385098
580,GBR,Degree Centrality,-0.46750687805162305
581,GBR,Degree Centrality,-0.440632642967472
582,GBR,Degree Centrality,-0.45742903989506645
583,GBR,Degree Centrality,-0.44567156204575037
584,GBR,Degree Centrality,-0.4507104811240287
585,GBR,Degree Centrality,-0.4305548048109154
586,GBR,Degree Centrality,-0.4423122826602314
587,GBR,Degree Centrality,-0.4490308414312692
588,GBR,Degree Centrality,-0.45910867958782586
589,GBR,Degree Centrality,-0.455749400202307
590,GBR,Degree Centrality,-0.42887516511815593
591,GBR,Degree Centrality,-0.4507104811240287
592,GBR,Degree Centrality,-0.44567156204575037
593,GBR,Degree Centrality,-0.4540697605095475
594,GBR,Degree Centrality,-0.4540697605095475
595,GBR,Degree Centrality,-0.46582723835886364
596,GBR,Degree Centrality,-0.4691865177443825
597,GBR,Degree Centrality,-0.46750687805162305
598,GBR,Degree Centrality,-0.4641475986661042
599,GBR,Degree Centrality,-0.4507104811240287
600,GBR,Degree Centrality,-0.4523901208167881
601,GBR,Degree Centrality,-0.4540697605095475
602,GBR,Degree Centrality,-0.4473512017385098
603,GBR,Degree Centrality,-0.4607883192805853
604,GBR,Degree Centrality,-0.4490308414312692
605,GBR,Degree Centrality,-0.4507104811240287
606,GBR,Degree Centrality,-0.4540697605095475
607,GBR,Degree Centrality,-0.4389530032747126
608,GBR,Degree Centrality,-0.4523901208167881
609,GBR,Degree Centrality,-0.4540697605095475
610,GBR,Degree Centrality,-0.45910867958782586
611,GBR,Degree Centrality,-0.4507104811240287
612,GBR,Degree Centrality,-0.4540697605095475
613,GBR,Degree Centrality,-0.4507104811240287
614,GBR,Degree Centrality,-0.4473512017385098
615,GBR,Degree Centrality,-0.44567156204575037
616,GBR,Degree Centrality,-0.45910867958782586
617,GBR,Degree Centrality,-0.44567156204575037
618,GBR,Degree Centrality,-0.4507104811240287
619,GBR,Degree Centrality,-0.44399192235299095
620,GBR,Degree Centrality,-0.440632642967472
621,GBR,Degree Centrality,-0.4507104811240287
622,GBR,Degree Centrality,-0.4473512017385098
623,GBR,Degree Centrality,-0.45742903989506645
624,GBR,Degree Centrality,-0.4389530032747126
625,GBR,Degree Centrality,-0.4523901208167881
626,GBR,Degree Centrality,-0.440632642967472
627,GBR,Degree Centrality,-0.45910867958782586
628,GBR,Degree Centrality,-0.4389530032747126
629,GBR,Degree Centrality,-0.4423122826602314
630,GBR,Degree Centrality,-0.4540697605095475
631,GBR,Degree Centrality,-0.45910867958782586
632,GBR,Degree Centrality,-0.4355937238891937
633,GBR,Degree Centrality,-0.4523901208167881
634,GBR,Degree Centrality,-0.4490308414312692
635,GBR,Degree Centrality,-0.44567156204575037
636,GBR,Degree Centrality,-0.4523901208167881
637,GBR,Degree Centrality,-0.4473512017385098
638,GBR,Degree Centrality,-0.440632642967472
639,GBR,Degree Centrality,-0.4423122826602314
640,GBR,Degree Centrality,-0.45910867958782586
641,GBR,Degree Centrality,-0.46750687805162305
642,GBR,Degree Centrality,-0.4490308414312692
643,GBR,Degree Centrality,-0.4641475986661042
644,GBR,Degree Centrality,-0.46750687805162305
645,GBR,Degree Centrality,-0.4607883192805853
646,GBR,Degree Centrality,-0.4607883192805853
647,GBR,Degree Centrality,-0.4641475986661042
648,GBR,Degree Centrality,-0.46246795897334475
649,GBR,Degree Centrality,-0.46246795897334475
650,GBR,Degree Centrality,-0.46246795897334475
651,GBR,Degree Centrality,-0.46246795897334475
652,GBR,Degree Centrality,-0.4641475986661042
653,GBR,Degree Centrality,-0.46246795897334475
654,GBR,Degree Centrality,-0.4607883192805853
655,GBR,Degree Centrality,-0.46582723835886364
656,GBR,Degree Centrality,-0.45910867958782586
657,GBR,Degree Centrality,-0.455749400202307
658,GBR,Degree Centrality,-0.45910867958782586
659,GBR,Degree Centrality,-0.45910867958782586
660,GBR,Degree Centrality,-0.4641475986661042
661,GBR,Degree Centrality,-0.46246795897334475
662,GBR,Degree Centrality,-0.4607883192805853
663,GBR,Degree Centrality,-0.4507104811240287
664,GBR,Degree Centrality,-0.455749400202307
665,GBR,Degree Centrality,-0.46750687805162305
666,GBR,Degree Centrality,-0.46582723835886364
667,GBR,Degree Centrality,-0.46246795897334475
668,GBR,Degree Centrality,-0.4641475986661042
669,GBR,Degree Centrality,-0.4691865177443825
670,GBR,Degree Centrality,-0.4607883192805853
671,GBR,Degree Centrality,-0.46582723835886364
672,GBR,Degree Centrality,-0.4641475986661042
673,GBR,Degree Centrality,-0.4641475986661042
674,GBR,Degree Centrality,-0.455749400202307
675,GBR,Degree Centrality,-0.46582723835886364
676,GBR,Degree Centrality,-0.46246795897334475
677,GBR,Degree Centrality,-0.4641475986661042
678,GBR,Degree Centrality,-0.46582723835886364
679,GBR,Degree Centrality,-0.45742903989506645
680,GBR,Degree Centrality,-0.455749400202307
681,GBR,Degree Centrality,-0.45910867958782586
682,GBR,Degree Centrality,-0.45910867958782586
683,GBR,Degree Centrality,-0.4473512017385098
684,GBR,Degree Centrality,-0.4490308414312692
685,GBR,Degree Centrality,-0.4423122826602314
686,GBR,Degree Centrality,-0.4507104811240287
687,GBR,Degree Centrality,-0.44567156204575037
688,GBR,Degree Centrality,-0.455749400202307
689,GBR,Degree Centrality,-0.4473512017385098
690,GBR,Degree Centrality,-0.4473512017385098
691,GBR,Degree Centrality,-0.4372733635819532
692,GBR,Degree Centrality,-0.4423122826602314
693,GBR,Degree Centrality,-0.4322344445036748
694,GBR,Degree Centrality,-0.45742903989506645
695,GBR,Degree Centrality,-0.4423122826602314
696,GBR,Degree Centrality,-0.455749400202307
697,GBR,Degree Centrality,-0.4540697605095475
698,GBR,Degree Centrality,-0.45910867958782586
699,GBR,Degree Centrality,-0.46246795897334475
700,GBR,Degree Centrality,-0.4187973269615993
701,GBR,Degree Centrality,-0.4507104811240287
702,GBR,Degree Centrality,-0.4355937238891937
703,GBR,Degree Centrality,-0.4372733635819532
704,GBR,Degree Centrality,-0.42887516511815593
705,GBR,Degree Centrality,-0.4523901208167881
706,GBR,Degree Centrality,-0.44567156204575037
707,GBR,Degree Centrality,-0.4540697605095475
708,GBR,Degree Centrality,-0.440632642967472
709,GBR,Degree Centrality,-0.4607883192805853
710,GBR,Degree Centrality,-0.4423122826602314
711,GBR,Degree Centrality,-0.4372733635819532
712,GBR,Degree Centrality,-0.4305548048109154
713,GBR,Degree Centrality,-0.4372733635819532
714,GBR,Degree Centrality,-0.4507104811240287
715,GBR,Degree Centrality,-0.4523901208167881
716,GBR,Degree Centrality,-0.4607883192805853
717,GBR,Degree Centrality,-0.4103991284978021
718,GBR,Degree Centrality,-0.4372733635819532
719,GBR,Degree Centrality,-0.4490308414312692
720,GBR,Degree Centrality,-0.44567156204575037
721,GBR,Degree Centrality,-0.4355937238891937
722,GBR,Degree Centrality,-0.4322344445036748
723,GBR,Degree Centrality,-0.440632642967472
724,GBR,Degree Centrality,-0.4473512017385098
725,GBR,Degree Centrality,-0.4473512017385098
726,GBR,Degree Centrality,-0.4305548048109154
727,GBR,Degree Centrality,-0.4523901208167881
728,GBR,Degree Centrality,-0.4423122826602314
729,GBR,Degree Centrality,-0.4607883192805853
730,GBR,Degree Centrality,-0.455749400202307
731,GBR,Degree Centrality,-0.44399192235299095
732,GBR,Degree Centrality,-0.45742903989506645
733,GBR,Degree Centrality,-0.42887516511815593
734,GBR,Degree Centrality,-0.4389530032747126
735,GBR,Degree Centrality,-0.4020009300340049
736,GBR,Degree Centrality,-0.4607883192805853
737,GBR,Degree Centrality,-0.4641475986661042
738,GBR,Degree Centrality,-0.4490308414312692
739,GBR,Degree Centrality,-0.41711768726883985
740,GBR,Degree Centrality,-0.46750687805162305
741,GBR,Degree Centrality,-0.4691865177443825
742,GBR,Degree Centrality,-0.42383624603987763
743,GBR,Degree Centrality,-0.40871948880504266
744,GBR,Degree Centrality,-0.45742903989506645
745,GBR,Degree Centrality,-0.440632642967472
746,GBR,Degree Centrality,-0.4255158857326371
747,GBR,Degree Centrality,-0.4423122826602314
748,GBR,Degree Centrality,-0.440632642967472
749,GBR,Degree Centrality,-0.4355937238891937
750,GBR,Degree Centrality,-0.4423122826602314
751,GBR,Degree Centrality,-0.45742903989506645
752,GBR,Degree Centrality,-0.440632642967472
753,GBR,Degree Centrality,-0.4372733635819532
754,GBR,Degree Centrality,-0.4389530032747126
755,GBR,Degree Centrality,-0.45742903989506645
756,GBR,Degree Centrality,-0.4423122826602314
757,GBR,Degree Centrality,-0.4423122826602314
758,GBR,Degree Centrality,-0.4389530032747126
759,GBR,Degree Centrality,-0.4372733635819532
760,GBR,Degree Centrality,-0.4255158857326371
761,GBR,Degree Centrality,-0.4271955254253965
762,GBR,Degree Centrality,-0.45742903989506645
763,GBR,Degree Centrality,-0.45910867958782586
764,GBR,Degree Centrality,-0.4607883192805853
765,GBR,Degree Centrality,-0.4271955254253965
766,GBR,Degree Centrality,-0.4372733635819532
767,GBR,Degree Centrality,-0.4607883192805853
768,GBR,Degree Centrality,-0.4423122826602314
769,GBR,Degree Centrality,-0.4540697605095475
770,GBR,Degree Centrality,-0.45742903989506645
771,GBR,Degree Centrality,-0.4305548048109154
772,GBR,Degree Centrality,-0.4103991284978021
773,GBR,Degree Centrality,-0.4473512017385098
774,GBR,Degree Centrality,-0.41543804757608044
775,GBR,Degree Centrality,-0.44399192235299095
776,GBR,Degree Centrality,-0.398641650648486
777,GBR,Degree Centrality,-0.4473512017385098
778,GBR,Degree Centrality,-0.4372733635819532
779,GBR,Degree Centrality,-0.44567156204575037
780,GBR,Degree Centrality,-0.46750687805162305
781,GBR,Degree Centrality,-0.40703984911228325
782,GBR,Degree Centrality,-0.4473512017385098
783,GBR,Degree Centrality,-0.45910867958782586
784,GBR,Degree Centrality,-0.46582723835886364
785,GBR,Degree Centrality,-0.45910867958782586
786,GBR,Degree Centrality,-0.4691865177443825
787,GBR,Degree Centrality,-0.42047696665435874
788,GBR,Degree Centrality,-0.44399192235299095
789,GBR,Degree Centrality,-0.44399192235299095
790,GBR,Degree Centrality,-0.44567156204575037
791,GBR,Degree Centrality,-0.46246795897334475
792,GBR,Degree Centrality,-0.46582723835886364
793,GBR,Degree Centrality,-0.440632642967472
794,GBR,Degree Centrality,-0.41375840788332097
795,GBR,Degree Centrality,-0.4490308414312692
796,GBR,Degree Centrality,-0.4523901208167881
797,GBR,Degree Centrality,-0.41543804757608044
798,GBR,Degree Centrality,-0.45742903989506645
799,GBR,Degree Centrality,-0.46246795897334475
800,GBR,Degree Centrality,-0.44567156204575037
801,GBR,Degree Centrality,-0.4641475986661042
802,GBR,Degree Centrality,-0.44567156204575037
803,GBR,Degree Centrality,-0.44567156204575037
804,GBR,Degree Centrality,-0.42887516511815593
805,GBR,Degree Centrality,-0.4523901208167881
806,GBR,Degree Centrality,-0.46750687805162305
807,GBR,Degree Centrality,-0.44567156204575037
808,GBR,Degree Centrality,-0.455749400202307
809,GBR,Degree Centrality,-0.4473512017385098
810,GBR,Degree Centrality,-0.4372733635819532
811,GBR,Degree Centrality,-0.440632642967472
812,GBR,Degree Centrality,-0.4607883192805853
813,GBR,Degree Centrality,-0.46750687805162305
814,GBR,Degree Centrality,-0.46750687805162305
815,GBR,Degree Centrality,-0.4607883192805853
816,GBR,Degree Centrality,-0.4423122826602314
817,GBR,Degree Centrality,-0.43391408419643424
818,GBR,Degree Centrality,-0.44399192235299095
819,GBR,Degree Centrality,-0.4641475986661042
820,GBR,Degree Centrality,-0.455749400202307
821,GBR,Degree Centrality,-0.46750687805162305
822,GBR,Degree Centrality,-0.4507104811240287
823,GBR,Degree Centrality,-0.4372733635819532
824,GBR,Degree Centrality,-0.4641475986661042
825,GBR,Degree Centrality,-0.4540697605095475
826,GBR,Degree Centrality,-0.4540697605095475
827,GBR,Degree Centrality,-0.46246795897334475
828,GBR,Degree Centrality,-0.46582723835886364
829,GBR,Degree Centrality,-0.4507104811240287
830,GBR,Degree Centrality,-0.4540697605095475
831,GBR,Degree Centrality,-0.4322344445036748
832,GBR,Degree Centrality,-0.4540697605095475
833,GBR,Degree Centrality,-0.4507104811240287
834,GBR,Degree Centrality,-0.4507104811240287
835,GBR,Degree Centrality,-0.45910867958782586
836,GBR,Degree Centrality,-0.4507104811240287
837,GBR,Degree Centrality,-0.45742903989506645
838,GBR,Degree Centrality,-0.45742903989506645
839,GBR,Degree Centrality,-0.455749400202307
840,GBR,Degree Centrality,-0.4523901208167881
841,GBR,Degree Centrality,-0.4490308414312692
842,GBR,Degree Centrality,-0.46246795897334475
843,GBR,Degree Centrality,-0.4540697605095475
844,GBR,Degree Centrality,-0.4507104811240287
845,GBR,Degree Centrality,-0.455749400202307
846,GBR,Degree Centrality,-0.4507104811240287
847,GBR,Degree Centrality,-0.455749400202307
848,GBR,Degree Centrality,-0.45910867958782586
849,GBR,Degree Centrality,-0.44567156204575037
850,GBR,Degree Centrality,-0.46750687805162305
851,GBR,Degree Centrality,-0.4507104811240287
852,GBR,Degree Centrality,-0.46246795897334475
853,GBR,Degree Centrality,-0.4540697605095475
854,GBR,Degree Centrality,-0.44399192235299095
855,GBR,Degree Centrality,-0.4523901208167881
856,GBR,Degree Centrality,-0.46246795897334475
857,GBR,Degree Centrality,-0.4523901208167881
858,GBR,Degree Centrality,-0.45742903989506645
859,GBR,Degree Centrality,-0.4607883192805853
860,GBR,Degree Centrality,-0.45742903989506645
861,GBR,Degree Centrality,-0.4540697605095475
862,GBR,Degree Centrality,-0.46246795897334475
863,GBR,Degree Centrality,-0.46582723835886364
864,GBR,Degree Centrality,-0.455749400202307
865,GBR,Degree Centrality,-0.4507104811240287
866,GBR,Degree Centrality,-0.45910867958782586
867,GBR,Degree Centrality,-0.46246795897334475
868,GBR,Degree Centrality,-0.4641475986661042
869,GBR,Degree Centrality,-0.4607883192805853
870,GBR,Degree Centrality,-0.45910867958782586
871,GBR,Degree Centrality,-0.4507104811240287
872,GBR,Degree Centrality,-0.4691865177443825
873,GBR,Degree Centrality,-0.4473512017385098
874,GBR,Degree Centrality,-0.455749400202307
875,GBR,Degree Centrality,-0.46246795897334475
876,GBR,Degree Centrality,-0.4607883192805853
877,GBR,Degree Centrality,-0.4507104811240287
878,GBR,Degree Centrality,-0.44399192235299095
879,GBR,Degree Centrality,-0.46582723835886364
880,GBR,Degree Centrality,-0.4523901208167881
881,GBR,Degree Centrality,-0.46750687805162305
882,GBR,Degree Centrality,-0.45742903989506645
883,GBR,Degree Centrality,-0.45742903989506645
884,GBR,Degree Centrality,-0.45910867958782586
885,GBR,Degree Centrality,-0.46582723835886364
886,GBR,Degree Centrality,-0.45910867958782586
887,GBR,Degree Centrality,-0.455749400202307
888,GBR,Degree Centrality,-0.45910867958782586
889,GBR,Degree Centrality,-0.4641475986661042
890,GBR,Degree Centrality,-0.46582723835886364
891,GBR,Degree Centrality,-0.46750687805162305
892,GBR,Degree Centrality,-0.4607883192805853
893,GBR,Degree Centrality,-0.46582723835886364
894,GBR,Degree Centrality,-0.45742903989506645
895,GBR,Degree Centrality,-0.4607883192805853
896,GBR,Degree Centrality,-0.4641475986661042
897,GBR,Degree Centrality,-0.46750687805162305
898,GBR,Degree Centrality,-0.46582723835886364
899,GBR,Degree Centrality,-0.45910867958782586
900,GBR,Degree Centrality,-0.4641475986661042
901,GBR,Degree Centrality,-0.46582723835886364
902,GBR,Degree Centrality,-0.45742903989506645
903,GBR,Degree Centrality,-0.46750687805162305
904,GBR,Degree Centrality,-0.46750687805162305
905,GBR,Degree Centrality,-0.46750687805162305
906,GBR,Degree Centrality,-0.4641475986661042
907,GBR,Degree Centrality,-0.46750687805162305
908,GBR,Degree Centrality,-0.4607883192805853
909,GBR,Degree Centrality,-0.46246795897334475
910,GBR,Degree Centrality,-0.46246795897334475
911,GBR,Degree Centrality,-0.4540697605095475
912,GBR,Degree Centrality,-0.45910867958782586
913,GBR,Degree Centrality,-0.46246795897334475
914,GBR,Degree Centrality,-0.46582723835886364
915,GBR,Degree Centrality,-0.46246795897334475
916,GBR,Degree Centrality,-0.46750687805162305
917,GBR,Degree Centrality,-0.4607883192805853
918,GBR,Degree Centrality,-0.455749400202307
919,GBR,Degree Centrality,-0.4691865177443825
920,GBR,Degree Centrality,-0.4691865177443825
921,GBR,Degree Centrality,-0.46582723835886364
922,GBR,Degree Centrality,-0.46582723835886364
923,GBR,Degree Centrality,-0.45742903989506645
924,GBR,Degree Centrality,-0.45910867958782586
925,GBR,Degree Centrality,-0.455749400202307
926,GBR,Degree Centrality,-0.46246795897334475
927,GBR,Degree Centrality,-0.45910867958782586
928,GBR,Degree Centrality,-0.46582723835886364
929,GBR,Degree Centrality,-0.4641475986661042
930,GBR,Degree Centrality,-0.4607883192805853
931,GBR,Degree Centrality,-0.46246795897334475
932,GBR,Degree Centrality,-0.46246795897334475
933,GBR,Degree Centrality,-0.46246795897334475
934,GBR,Degree Centrality,-0.4607883192805853
935,GBR,Degree Centrality,-0.4691865177443825
936,GBR,Degree Centrality,-0.4641475986661042
937,GBR,Degree Centrality,-0.4691865177443825
938,GBR,Degree Centrality,-0.4540697605095475
939,GBR,Degree Centrality,-0.4540697605095475
940,GBR,Degree Centrality,-0.44399192235299095
941,GBR,Degree Centrality,-0.4507104811240287
942,GBR,Degree Centrality,-0.4389530032747126
943,GBR,Degree Centrality,-0.4389530032747126
944,GBR,Degree Centrality,-0.4540697605095475
945,GBR,Degree Centrality,-0.4523901208167881
946,GBR,Degree Centrality,-0.4641475986661042
947,GBR,Degree Centrality,-0.455749400202307
948,GBR,Degree Centrality,-0.45742903989506645
949,GBR,Degree Centrality,-0.4540697605095475
950,GBR,Degree Centrality,-0.45910867958782586
951,GBR,Degree Centrality,-0.4523901208167881
952,GBR,Degree Centrality,-0.455749400202307
953,GBR,Degree Centrality,-0.4607883192805853
954,GBR,Degree Centrality,-0.4540697605095475
955,GBR,Degree Centrality,-0.455749400202307
956,GBR,Degree Centrality,-0.455749400202307
957,GBR,Degree Centrality,-0.45910867958782586
958,GBR,Degree Centrality,-0.44567156204575037
959,GBR,Degree Centrality,-0.45910867958782586
960,GBR,Degree Centrality,-0.4523901208167881
961,GBR,Degree Centrality,-0.45742903989506645
962,GBR,Degree Centrality,-0.4540697605095475
963,GBR,Degree Centrality,-0.455749400202307
964,GBR,Degree Centrality,-0.45910867958782586
965,GBR,Degree Centrality,-0.4507104811240287
966,GBR,Degree Centrality,-0.455749400202307
967,GBR,Degree Centrality,-0.45910867958782586
968,GBR,Degree Centrality,-0.4641475986661042
969,GBR,Degree Centrality,-0.44399192235299095
970,GBR,Degree Centrality,-0.45910867958782586
971,GBR,Degree Centrality,-0.4523901208167881
972,GBR,Degree Centrality,-0.4607883192805853
973,GBR,Degree Centrality,-0.4507104811240287
974,GBR,Degree Centrality,-0.4523901208167881
975,GBR,Degree Centrality,-0.45910867958782586
976,GBR,Degree Centrality,-0.4523901208167881
977,GBR,Degree Centrality,-0.4540697605095475
978,GBR,Degree Centrality,-0.45742903989506645
979,GBR,Degree Centrality,-0.455749400202307
980,GBR,Degree Centrality,-0.4523901208167881
981,GBR,Degree Centrality,-0.45910867958782586
982,GBR,Degree Centrality,-0.4490308414312692
983,GBR,Degree Centrality,-0.45910867958782586
984,GBR,Degree Centrality,-0.4607883192805853
985,GBR,Degree Centrality,-0.45742903989506645
986,GBR,Degree Centrality,-0.4540697605095475
987,GBR,Degree Centrality,-0.45910867958782586
988,GBR,Degree Centrality,-0.4540697605095475
989,GBR,Degree Centrality,-0.4507104811240287
990,GBR,Degree Centrality,-0.455749400202307
991,GBR,Degree Centrality,-0.45910867958782586
992,GBR,Degree Centrality,-0.4540697605095475
993,GBR,Degree Centrality,-0.45742903989506645
994,GBR,Degree Centrality,-0.4523901208167881
995,GBR,Degree Centrality,-0.4523901208167881
996,GBR,Degree Centrality,-0.4507104811240287
997,GBR,Degree Centrality,-0.4540697605095475
998,GBR,Degree Centrality,-0.4523901208167881
999,GBR,Degree Centrality,-0.46246795897334475
1000,GBR,Degree Centrality,-0.455749400202307
1001,GBR,Degree Centrality,-0.4523901208167881
1002,GBR,Degree Centrality,-0.45742903989506645
1003,GBR,Degree Centrality,-0.455749400202307
1004,GBR,Degree Centrality,-0.4507104811240287
1005,GBR,Degree Centrality,-0.44399192235299095
1006,GBR,Degree Centrality,-0.4523901208167881
1007,GBR,Degree Centrality,-0.46750687805162305
1008,GBR,Degree Centrality,-0.455749400202307
1009,GBR,Degree Centrality,-0.46750687805162305
1010,GBR,Degree Centrality,-0.45742903989506645
1011,GBR,Degree Centrality,-0.4490308414312692
1012,GBR,Degree Centrality,-0.44567156204575037
1013,GBR,Degree Centrality,-0.4641475986661042
1014,GBR,Degree Centrality,-0.44399192235299095
1015,GBR,Degree Centrality,-0.45742903989506645
1016,GBR,Degree Centrality,-0.46246795897334475
1017,GBR,Degree Centrality,-0.4540697605095475
1018,GBR,Degree Centrality,-0.4490308414312692
1019,GBR,Degree Centrality,-0.4540697605095475
1020,GBR,Degree Centrality,-0.4507104811240287
1021,GBR,Degree Centrality,-0.4540697605095475
1022,GBR,Degree Centrality,-0.45742903989506645
1023,GBR,Degree Centrality,-0.4523901208167881
1024,GBR,Degree Centrality,-0.45742903989506645
1025,GBR,Degree Centrality,-0.4507104811240287
1026,GBR,Degree Centrality,-0.4507104811240287
1027,GBR,Degree Centrality,-0.4523901208167881
1028,GBR,Degree Centrality,-0.46246795897334475
1029,GBR,Degree Centrality,-0.4507104811240287
1030,GBR,Degree Centrality,-0.46582723835886364
1031,GBR,Degree Centrality,-0.45910867958782586
1032,GBR,Degree Centrality,-0.4540697605095475
1033,GBR,Degree Centrality,-0.455749400202307
1034,GBR,Degree Centrality,-0.4540697605095475
1035,GBR,Degree Centrality,-0.4540697605095475
1036,GBR,Degree Centrality,-0.4507104811240287
1037,GBR,Degree Centrality,-0.4507104811240287
1038,GBR,Degree Centrality,-0.45910867958782586
1039,GBR,Degree Centrality,-0.45910867958782586
1040,GBR,Degree Centrality,-0.44567156204575037
1041,GBR,Degree Centrality,-0.44567156204575037
1042,GBR,Degree Centrality,-0.440632642967472
1043,GBR,Degree Centrality,-0.455749400202307
1044,GBR,Degree Centrality,-0.455749400202307
1045,GBR,Degree Centrality,-0.455749400202307
1046,GBR,Degree Centrality,-0.46582723835886364
1047,GBR,Degree Centrality,-0.4490308414312692
1048,GBR,Degree Centrality,-0.4540697605095475
1049,GBR,Degree Centrality,-0.45910867958782586
1050,GBR,Degree Centrality,-0.455749400202307
1051,GBR,Degree Centrality,-0.45910867958782586
1052,GBR,Degree Centrality,-0.4473512017385098
1053,GBR,Degree Centrality,-0.4523901208167881
1054,GBR,Degree Centrality,-0.4607883192805853
1055,GBR,Degree Centrality,-0.4607883192805853
1056,GBR,Degree Centrality,-0.46246795897334475
1057,GBR,Degree Centrality,-0.45910867958782586
1058,GBR,Degree Centrality,-0.440632642967472
1059,GBR,Degree Centrality,-0.45910867958782586
1060,GBR,Degree Centrality,-0.455749400202307
1061,GBR,Degree Centrality,-0.45910867958782586
1062,GBR,Degree Centrality,-0.455749400202307
1063,GBR,Degree Centrality,-0.4607883192805853
1064,GBR,Degree Centrality,-0.4490308414312692
1065,GBR,Degree Centrality,-0.4540697605095475
1066,GBR,Degree Centrality,-0.4540697605095475
1067,GBR,Degree Centrality,-0.45910867958782586
1068,GBR,Degree Centrality,-0.46246795897334475
1069,GBR,Degree Centrality,-0.4507104811240287
1070,GBR,Degree Centrality,-0.44567156204575037
1071,GBR,Degree Centrality,-0.4473512017385098
1072,GBR,Degree Centrality,-0.4540697605095475
1073,GBR,Degree Centrality,-0.4540697605095475
1074,GBR,Degree Centrality,-0.4540697605095475
1075,GBR,Degree Centrality,-0.4490308414312692
1076,GBR,Degree Centrality,-0.4641475986661042
1077,GBR,Degree Centrality,-0.455749400202307
1078,GBR,Degree Centrality,-0.4540697605095475
1079,GBR,Degree Centrality,-0.45742903989506645
1080,GBR,Degree Centrality,-0.4473512017385098
1081,GBR,Degree Centrality,-0.44399192235299095
1082,GBR,Degree Centrality,-0.45910867958782586
1083,GBR,Degree Centrality,-0.4507104811240287
1084,GBR,Degree Centrality,-0.4540697605095475
1085,GBR,Degree Centrality,-0.46246795897334475
1086,GBR,Degree Centrality,-0.455749400202307
1087,GBR,Degree Centrality,-0.45910867958782586
1088,GBR,Degree Centrality,-0.455749400202307
1089,GBR,Degree Centrality,-0.455749400202307
1090,GBR,Degree Centrality,-0.4507104811240287
1091,GBR,Degree Centrality,-0.45742903989506645
1092,GBR,Degree Centrality,-0.455749400202307
1093,GBR,Degree Centrality,-0.46582723835886364
1094,GBR,Degree Centrality,-0.46246795897334475
1095,GBR,Degree Centrality,-0.46582723835886364
1096,GBR,Degree Centrality,-0.46582723835886364
1097,GBR,Degree Centrality,-0.4691865177443825
1098,GBR,Degree Centrality,-0.4641475986661042
1099,GBR,Degree Centrality,-0.4641475986661042
1100,GBR,Degree Centrality,-0.46582723835886364
1101,GBR,Degree Centrality,-0.46750687805162305
1102,GBR,Degree Centrality,-0.4641475986661042
1103,GBR,Degree Centrality,-0.4641475986661042
1104,GBR,Degree Centrality,-0.4641475986661042
1105,GBR,Degree Centrality,-0.4691865177443825
1106,GBR,Degree Centrality,-0.46750687805162305
1107,GBR,Degree Centrality,-0.46750687805162305
1108,GBR,Degree Centrality,-0.46246795897334475
1109,GBR,Degree Centrality,-0.46582723835886364
1110,GBR,Degree Centrality,-0.46246795897334475
1111,GBR,Degree Centrality,-0.46246795897334475
1112,GBR,Degree Centrality,-0.4641475986661042
1113,GBR,Degree Centrality,-0.46582723835886364
1114,GBR,Degree Centrality,-0.4607883192805853
1115,GBR,Degree Centrality,-0.46750687805162305
1116,GBR,Degree Centrality,-0.4641475986661042
1117,GBR,Degree Centrality,-0.4691865177443825
1118,GBR,Degree Centrality,-0.46582723835886364
1119,GBR,Degree Centrality,-0.45910867958782586
1120,GBR,Degree Centrality,-0.45742903989506645
1121,GBR,Degree Centrality,-0.4607883192805853
1122,GBR,Degree Centrality,-0.4607883192805853
1123,GBR,Degree Centrality,-0.45742903989506645
1124,GBR,Degree Centrality,-0.4641475986661042
1125,GBR,Degree Centrality,-0.46246795897334475
1126,GBR,Degree Centrality,-0.46750687805162305
1127,GBR,Degree Centrality,-0.45910867958782586
1128,GBR,Degree Centrality,-0.46582723835886364
1129,GBR,Degree Centrality,-0.46582723835886364
1130,GBR,Degree Centrality,-0.46582723835886364
1131,GBR,Degree Centrality,-0.4607883192805853
1132,GBR,Degree Centrality,-0.4607883192805853
1133,GBR,Degree Centrality,-0.46582723835886364
1134,GBR,Degree Centrality,-0.4641475986661042
1135,GBR,Degree Centrality,-0.4641475986661042
1136,GBR,Degree Centrality,-0.46246795897334475
1137,GBR,Degree Centrality,-0.4641475986661042
1138,GBR,Degree Centrality,-0.4641475986661042
1139,GBR,Degree Centrality,-0.46582723835886364
1140,GBR,Degree Centrality,-0.46582723835886364
1141,GBR,Degree Centrality,-0.46582723835886364
1142,GBR,Degree Centrality,-0.46582723835886364
1143,GBR,Degree Centrality,-0.46582723835886364
1144,IO,Degree Centrality,2.8556555623419437
1145,IO,Degree Centrality,2.802029077179261
1146,IO,Degree Centrality,2.7269519979515056
1147,IO,Degree Centrality,2.598248433561067
1148,IO,Degree Centrality,2.6304243246586765
1149,IO,Degree Centrality,2.6733255127888227
1150,IO,Degree Centrality,2.30866541368258
1151,IO,Degree Centrality,2.34084130478019
1152,IO,Degree Centrality,2.576797839495994
1153,IO,Degree Centrality,2.4909954632357016
1154,IO,Degree Centrality,2.34084130478019
1155,IO,Degree Centrality,2.276489522584971
1156,IO,Degree Centrality,2.4695448691706283
1157,IO,Degree Centrality,2.4051930869754092
1158,IO,Degree Centrality,2.415918384007946
1159,IO,Degree Centrality,2.362291898845263
1160,IO,Degree Centrality,2.319390710715117
1161,IO,Degree Centrality,2.2872148196175073
1162,IO,Degree Centrality,2.2872148196175073
1163,IO,Degree Centrality,2.2121377403897515
1164,IO,Degree Centrality,2.2014124433572153
1165,IO,Degree Centrality,2.2550389285198977
1166,IO,Degree Centrality,2.4588195721380917
1167,IO,Degree Centrality,2.4480942751055554
1168,IO,Degree Centrality,2.5553472454309207
1169,IO,Degree Centrality,1.321938086689219
1170,IO,Degree Centrality,1.4828175421772667
1171,IO,Degree Centrality,1.2897621955916094
1172,IO,Degree Centrality,1.3326633837217554
1173,IO,Degree Centrality,1.6651475917303882
1174,IO,Degree Centrality,3.0058097207974552
1175,IO,Degree Centrality,3.0916120970577476
1176,IO,Degree Centrality,3.0916120970577476
1177,IO,Degree Centrality,3.2095903644156496
1178,IO,Degree Centrality,3.1666891762855034
1179,IO,Degree Centrality,3.1774144733180396
1180,IO,Degree Centrality,3.2310409584807225
1181,IO,Degree Centrality,3.14523858222043
1182,IO,Degree Centrality,3.14523858222043
1183,IO,Degree Centrality,3.134513285187894
1184,IO,Degree Centrality,3.080886800025211
1185,IO,Degree Centrality,3.113062691122821
1186,IO,Degree Centrality,3.080886800025211
1187,IO,Degree Centrality,3.14523858222043
1188,IO,Degree Centrality,3.123787988155357
1189,IO,Degree Centrality,3.1023373940902843
1190,IO,Degree Centrality,3.1559638792529667
1191,IO,Degree Centrality,3.1666891762855034
1192,IO,Degree Centrality,3.1881397703505763
1193,IO,Degree Centrality,3.1666891762855034
1194,IO,Degree Centrality,3.1666891762855034
1195,IO,Degree Centrality,3.1666891762855034
1196,IO,Degree Centrality,3.1666891762855034
1197,IO,Degree Centrality,3.1774144733180396
1198,IO,Degree Centrality,3.1666891762855034
1199,IO,Degree Centrality,3.1666891762855034
1200,IO,Degree Centrality,3.1559638792529667
1201,IO,Degree Centrality,3.1666891762855034
1202,IO,Degree Centrality,3.1774144733180396
1203,IO,Degree Centrality,3.14523858222043
1204,IO,Degree Centrality,3.123787988155357
1205,IO,Degree Centrality,3.123787988155357
1206,IO,Degree Centrality,3.134513285187894
1207,IO,Degree Centrality,3.113062691122821
1208,IO,Degree Centrality,3.134513285187894
1209,IO,Degree Centrality,3.134513285187894
1210,IO,Degree Centrality,3.123787988155357
1211,IO,Degree Centrality,3.113062691122821
1212,IO,Degree Centrality,3.134513285187894
1213,IO,Degree Centrality,2.297940116650044
1214,IO,Degree Centrality,2.233588334454825
1215,IO,Degree Centrality,2.3301160077476535
1216,IO,Degree Centrality,2.5875231365285307
1217,IO,Degree Centrality,2.4695448691706283
1218,IO,Degree Centrality,2.4695448691706283
1219,IO,Degree Centrality,2.8663808593744804
1220,IO,Degree Centrality,2.8878314534395533
1221,IO,Degree Centrality,2.8878314534395533
1222,IO,Degree Centrality,2.7269519979515056
1223,IO,Degree Centrality,2.877106156407017
1224,IO,Degree Centrality,2.89855675047209
1225,IO,Degree Centrality,2.941457938602236
1226,IO,Degree Centrality,2.984359126732382
1227,IO,Degree Centrality,2.9736338296998457
1228,IO,Degree Centrality,2.984359126732382
1229,IO,Degree Centrality,2.877106156407017
1230,IO,Degree Centrality,2.8878314534395533
1231,IO,Degree Centrality,3.113062691122821
1232,IO,Degree Centrality,2.952183235634773
1233,IO,Degree Centrality,2.941457938602236
1234,IO,Degree Centrality,2.759127889049115
1235,IO,Degree Centrality,2.6411496216912127
1236,IO,Degree Centrality,2.6411496216912127
1237,IO,Degree Centrality,2.6518749187237494
1238,IO,Degree Centrality,2.5553472454309207
1239,IO,Degree Centrality,2.362291898845263
1240,IO,Degree Centrality,2.4695448691706283
1241,IO,Degree Centrality,1.868928235348582
1242,IO,Degree Centrality,0.4746396211188327
1243,IO,Degree Centrality,0.34593605672839417
1244,IO,Degree Centrality,2.480270166203165
1245,IO,Degree Centrality,2.6196990276261403
1246,IO,Degree Centrality,3.0058097207974552
1247,IO,Degree Centrality,3.113062691122821
1248,IO,Degree Centrality,1.7724005620557532
1249,IO,Degree Centrality,3.0916120970577476
1250,IO,Degree Centrality,3.059436205960138
1251,IO,Degree Centrality,3.134513285187894
1252,IO,Degree Centrality,1.3541139777868285
1253,IO,Degree Centrality,3.1666891762855034
1254,IO,Degree Centrality,3.1023373940902843
1255,IO,Degree Centrality,3.1559638792529667
1256,IO,Degree Centrality,3.0916120970577476
1257,IO,Degree Centrality,3.14523858222043
1258,IO,Degree Centrality,2.179961849292142
1259,IO,Degree Centrality,2.394467789942873
1260,IO,Degree Centrality,2.4588195721380917
1261,IO,Degree Centrality,2.952183235634773
1262,IO,Degree Centrality,2.9736338296998457
1263,IO,Degree Centrality,2.952183235634773
1264,IO,Degree Centrality,2.9736338296998457
1265,IO,Degree Centrality,2.9950844237649186
1266,IO,Degree Centrality,3.0058097207974552
1267,IO,Degree Centrality,3.0058097207974552
1268,IO,Degree Centrality,2.9950844237649186
1269,IO,Degree Centrality,2.9950844237649186
1270,IO,Degree Centrality,2.9950844237649186
1271,IO,Degree Centrality,3.113062691122821
1272,IO,Degree Centrality,3.016535017829992
1273,IO,Degree Centrality,3.016535017829992
1274,IO,Degree Centrality,3.016535017829992
1275,IO,Degree Centrality,3.0916120970577476
1276,IO,Degree Centrality,3.134513285187894
1277,IO,Degree Centrality,3.14523858222043
1278,IO,Degree Centrality,3.0701615029926748
1279,IO,Degree Centrality,3.027260314862528
1280,IO,Degree Centrality,3.123787988155357
1281,IO,Degree Centrality,3.0379856118950648
1282,IO,Degree Centrality,3.1023373940902843
1283,IO,Degree Centrality,3.252491552545796
1284,IO,Degree Centrality,3.252491552545796
1285,IO,Degree Centrality,3.220315661448186
1286,IO,Degree Centrality,3.241766255513259
1287,IO,Degree Centrality,3.241766255513259
1288,IO,Degree Centrality,3.1881397703505763
1289,IO,Degree Centrality,3.1559638792529667
1290,IO,Degree Centrality,3.14523858222043
1291,IO,Degree Centrality,3.113062691122821
1292,IO,Degree Centrality,3.1881397703505763
1293,IO,Degree Centrality,3.0487109089276014
1294,IO,Degree Centrality,3.059436205960138
1295,IO,Degree Centrality,2.8663808593744804
1296,IO,Degree Centrality,2.9307326415696995
1297,IO,Degree Centrality,3.0379856118950648
1298,IO,Degree Centrality,3.113062691122821
1299,IO,Degree Centrality,3.1023373940902843
1300,IO,Degree Centrality,2.9629085326673095
1301,IO,Degree Centrality,3.113062691122821
1302,IO,Degree Centrality,2.802029077179261
1303,IO,Degree Centrality,2.9629085326673095
1304,IO,Degree Centrality,2.8663808593744804
1305,IO,Degree Centrality,3.123787988155357
1306,IO,Degree Centrality,3.1559638792529667
1307,IO,Degree Centrality,3.1881397703505763
1308,IO,Degree Centrality,3.1881397703505763
1309,IO,Degree Centrality,3.1881397703505763
1310,IO,Degree Centrality,3.1881397703505763
1311,IO,Degree Centrality,3.1559638792529667
1312,IO,Degree Centrality,2.984359126732382
1313,IO,Degree Centrality,2.952183235634773
1314,IO,Degree Centrality,2.877106156407017
1315,IO,Degree Centrality,2.9092820475046266
1316,IO,Degree Centrality,2.823479671244334
1317,IO,Degree Centrality,2.877106156407017
1318,IO,Degree Centrality,2.8556555623419437
1319,IO,Degree Centrality,2.941457938602236
1320,IO,Degree Centrality,2.9092820475046266
1321,IO,Degree Centrality,2.7805784831141884
1322,IO,Degree Centrality,2.8556555623419437
1323,IO,Degree Centrality,2.8556555623419437
1324,Caribbean,Degree Centrality,-0.2508174369302737
1325,Caribbean,Degree Centrality,-0.3963968241396796
1326,Caribbean,Degree Centrality,-0.3600019773373281
1327,Caribbean,Degree Centrality,-0.35545262148703416
1328,Caribbean,Degree Centrality,-0.3418045539361524
1329,Caribbean,Degree Centrality,-0.3418045539361524
1330,Caribbean,Degree Centrality,-0.34635390978644626
1331,Caribbean,Degree Centrality,0.06763747259030163
1332,Caribbean,Degree Centrality,-0.3372551980858584
1333,Caribbean,Degree Centrality,-0.15983031992439503
1334,Caribbean,Degree Centrality,-0.21897194597821615
1335,Caribbean,Degree Centrality,0.2132168597997075
1336,Caribbean,Degree Centrality,-0.36910068903791593
1337,Caribbean,Degree Centrality,0.16772330129676824
1338,Caribbean,Degree Centrality,0.5635172602723404
1339,Caribbean,Degree Centrality,0.14952587789559244
1340,Caribbean,Degree Centrality,-0.24171872522968582
1341,Caribbean,Degree Centrality,0.3451481794582317
1342,Caribbean,Degree Centrality,0.3769936704102892
1343,Caribbean,Degree Centrality,-0.20077452257704043
1344,Caribbean,Degree Centrality,0.4770794991167557
1345,Caribbean,Degree Centrality,0.30420397680558625
1346,Caribbean,Degree Centrality,-0.2098732342776283
1347,Caribbean,Degree Centrality,0.18137136884764996
1348,Caribbean,Degree Centrality,-0.3600019773373281
1349,Caribbean,Degree Centrality,0.08128554014118347
1350,Caribbean,Degree Centrality,0.43158594061381633
1351,Caribbean,Degree Centrality,-0.3054097071338009
1352,Caribbean,Degree Centrality,-0.30995906298409487
1353,Caribbean,Degree Centrality,0.6681524448291007
1354,Caribbean,Degree Centrality,-0.1871264550261586
1355,Caribbean,Degree Centrality,-0.3054097071338009
1356,Caribbean,Degree Centrality,-0.2826629278823312
1357,Caribbean,Degree Centrality,0.16317394544647426
1358,Caribbean,Degree Centrality,-0.17802774332557075
1359,Caribbean,Degree Centrality,0.6454056655776312
1360,Caribbean,Degree Centrality,0.08583489599147745
1361,Caribbean,Degree Centrality,0.2541610624523529
1362,Caribbean,Degree Centrality,-0.2826629278823312
1363,Caribbean,Degree Centrality,0.31785204435646797
1364,Caribbean,Degree Centrality,-0.09613933802027995
1365,Caribbean,Degree Centrality,-0.2735642161817433
1366,Caribbean,Degree Centrality,-0.19167581087645252
1367,Caribbean,Degree Centrality,-0.24171872522968582
1368,Caribbean,Degree Centrality,0.1586245895961804
1369,Caribbean,Degree Centrality,-0.06884320291851634
1370,Caribbean,Degree Centrality,-0.16437967577468895
1371,Caribbean,Degree Centrality,0.11768038694353498
1372,Caribbean,Degree Centrality,0.4179378730629346
1373,Caribbean,Degree Centrality,0.18137136884764996
1374,Caribbean,Degree Centrality,-0.3372551980858584
1375,Caribbean,Degree Centrality,-0.296310995433213
1376,Caribbean,Degree Centrality,0.12677909864412285
1377,Caribbean,Degree Centrality,0.013045202386774507
1378,Caribbean,Degree Centrality,0.23141428320088334
1379,Caribbean,Degree Centrality,-0.2826629278823312
1380,Caribbean,Degree Centrality,-0.3781994007385038
1381,Caribbean,Degree Centrality,0.659053733128513
1382,Caribbean,Degree Centrality,-0.04154706781675272
1383,Caribbean,Degree Centrality,-0.24626808107997977
1384,Caribbean,Degree Centrality,0.07218682844059561
1385,Caribbean,Degree Centrality,-0.2826629278823312
1386,Caribbean,Degree Centrality,-0.2553667927805676
1387,Caribbean,Degree Centrality,-0.2735642161817433
1388,Caribbean,Degree Centrality,0.18137136884764996
1389,Caribbean,Degree Centrality,-0.13253418482263143
1390,Caribbean,Degree Centrality,0.36334560285940737
1391,Caribbean,Degree Centrality,-0.3054097071338009
1392,Caribbean,Degree Centrality,-0.4009461799899735
1393,Caribbean,Degree Centrality,-0.0779419146191042
1394,Caribbean,Degree Centrality,0.0949336076920653
1395,Caribbean,Degree Centrality,0.49982627836822535
1396,Caribbean,Degree Centrality,-0.30995906298409487
1397,Caribbean,Degree Centrality,-0.3190577746846827
1398,Caribbean,Degree Centrality,-0.4009461799899735
1399,Caribbean,Degree Centrality,0.3133026885061741
1400,Caribbean,Degree Centrality,0.0949336076920653
1401,Caribbean,Degree Centrality,-0.3327058422355645
1402,Caribbean,Degree Centrality,-0.21442259012792222
1403,Caribbean,Degree Centrality,-0.34635390978644626
1404,Caribbean,Degree Centrality,0.2359636390511772
1405,Caribbean,Degree Centrality,0.24506235075176505
1406,Caribbean,Degree Centrality,-0.059744491217928485
1407,Caribbean,Degree Centrality,-0.35090326563674024
1408,Caribbean,Degree Centrality,-0.364551333187622
1409,Caribbean,Degree Centrality,-0.35545262148703416
1410,Caribbean,Degree Centrality,-0.2098732342776283
1411,Caribbean,Degree Centrality,0.0539894050394199
1412,Caribbean,Degree Centrality,-0.35545262148703416
1413,Caribbean,Degree Centrality,0.32695075605705587
1414,Caribbean,Degree Centrality,0.38154302626058306
1415,Caribbean,Degree Centrality,-0.30086035128350697
1416,Caribbean,Degree Centrality,-0.12343547312204352
1417,Caribbean,Degree Centrality,0.1722726571470621
1418,Caribbean,Degree Centrality,-0.28721228373262514
1419,Caribbean,Degree Centrality,0.9456631516970307
1420,Caribbean,Degree Centrality,-0.09158998216998603
1421,Caribbean,Degree Centrality,0.48162885496704966
1422,Caribbean,Degree Centrality,-0.30086035128350697
1423,Caribbean,Degree Centrality,-0.15983031992439503
1424,Caribbean,Degree Centrality,-0.21442259012792222
1425,Caribbean,Degree Centrality,-0.22352130182851007
1426,Caribbean,Degree Centrality,-0.38274875658879776
1427,Caribbean,Degree Centrality,-0.26446550448115547
1428,Caribbean,Degree Centrality,-0.34635390978644626
1429,Caribbean,Degree Centrality,-0.08249127046939812
1430,Caribbean,Degree Centrality,0.4952769225179315
1431,Caribbean,Degree Centrality,0.8592253905414461
1432,Caribbean,Degree Centrality,0.21776621565000148
1433,Caribbean,Degree Centrality,-0.23716936937939187
1434,Caribbean,Degree Centrality,-0.2553667927805676
1435,Caribbean,Degree Centrality,0.32695075605705587
1436,Caribbean,Degree Centrality,0.5407704810208707
1437,Caribbean,Degree Centrality,0.2951052651049983
1438,Caribbean,Degree Centrality,0.1722726571470621
1439,Caribbean,Degree Centrality,-0.364551333187622
1440,Caribbean,Degree Centrality,0.12222974279382887
1441,Caribbean,Degree Centrality,0.2951052651049983
1442,Caribbean,Degree Centrality,0.3951910938114649
1443,Caribbean,Degree Centrality,0.1358778103447107
1444,Caribbean,Degree Centrality,-0.050645779517340575
1445,Caribbean,Degree Centrality,0.3951910938114649
1446,Caribbean,Degree Centrality,0.0539894050394199
1447,Caribbean,Degree Centrality,0.5043756342185192
1448,Caribbean,Degree Centrality,-0.26446550448115547
1449,Caribbean,Degree Centrality,0.1722726571470621
1450,Caribbean,Degree Centrality,0.48162885496704966
1451,Caribbean,Degree Centrality,-0.01425093271498916
1452,Caribbean,Degree Centrality,-0.0369977119664588
1453,Caribbean,Degree Centrality,0.2632597741529409
1454,Caribbean,Degree Centrality,0.24961170660205903
1455,Caribbean,Degree Centrality,0.38154302626058306
1456,Caribbean,Degree Centrality,-0.15528096407410105
1457,Caribbean,Degree Centrality,-0.24626808107997977
1458,Caribbean,Degree Centrality,0.8046331203379189
1459,Caribbean,Degree Centrality,0.649955021427925
1460,Caribbean,Degree Centrality,0.4042898055120528
1461,Caribbean,Degree Centrality,-0.24626808107997977
1462,Caribbean,Degree Centrality,0.6636030889788069
1463,Caribbean,Degree Centrality,-0.23262001352909795
1464,Caribbean,Degree Centrality,0.38609238211087704
1465,Caribbean,Degree Centrality,-0.23716936937939187
1466,Caribbean,Degree Centrality,-0.2553667927805676
1467,Caribbean,Degree Centrality,-0.19167581087645252
1468,Caribbean,Degree Centrality,-0.2508174369302737
1469,Caribbean,Degree Centrality,-0.2826629278823312
1470,Caribbean,Degree Centrality,0.7500408501343916
1471,Caribbean,Degree Centrality,0.6908992240805706
1472,Caribbean,Degree Centrality,-0.30086035128350697
1473,Caribbean,Degree Centrality,0.08128554014118347
1474,Caribbean,Degree Centrality,-0.296310995433213
1475,Caribbean,Degree Centrality,0.5043756342185192
1476,Caribbean,Degree Centrality,0.10403231939265316
1477,Caribbean,Degree Centrality,-0.16437967577468895
1478,Caribbean,Degree Centrality,-0.25991614863086154
1479,Caribbean,Degree Centrality,0.6363069538770433
1480,Caribbean,Degree Centrality,0.3951910938114649
1481,Caribbean,Degree Centrality,-0.24171872522968582
1482,Caribbean,Degree Centrality,-0.25991614863086154
1483,Caribbean,Degree Centrality,0.46343143156587385
1484,Caribbean,Degree Centrality,0.6181095304758676
1485,Caribbean,Degree Centrality,-0.2735642161817433
1486,Caribbean,Degree Centrality,-0.36910068903791593
1487,Caribbean,Degree Centrality,-0.28721228373262514
1488,Caribbean,Degree Centrality,-0.24171872522968582
1489,Caribbean,Degree Centrality,0.36334560285940737
1490,Caribbean,Degree Centrality,0.46798078741616783
1491,Caribbean,Degree Centrality,0.3769936704102892
1492,Caribbean,Degree Centrality,0.23141428320088334
1493,Caribbean,Degree Centrality,-0.23716936937939187
1494,Caribbean,Degree Centrality,0.6135601746255737
1495,Caribbean,Degree Centrality,0.4224872289132285
1496,Caribbean,Degree Centrality,0.28600655340441045
1497,Caribbean,Degree Centrality,0.09038425184177132
1498,Caribbean,Degree Centrality,-0.2508174369302737
1499,Caribbean,Degree Centrality,0.3951910938114649
1500,Caribbean,Degree Centrality,0.21776621565000148
1501,Caribbean,Degree Centrality,-0.3781994007385038
1502,Caribbean,Degree Centrality,0.14497652204529854
1503,Caribbean,Degree Centrality,0.2132168597997075
1504,Caribbean,Degree Centrality,-0.3736500448882099
1505,Caribbean,Degree Centrality,0.38154302626058306
1506,Caribbean,Degree Centrality,0.2132168597997075
1507,Caribbean,Degree Centrality,-0.296310995433213
1508,Caribbean,Degree Centrality,-0.2508174369302737
1509,Caribbean,Degree Centrality,0.7090966474817463
1510,Caribbean,Degree Centrality,0.1995687922488258
1511,Caribbean,Degree Centrality,0.3087533326558801
1512,Caribbean,Degree Centrality,0.04034133748853807
1513,Caribbean,Degree Centrality,-0.34635390978644626
1514,Caribbean,Degree Centrality,0.21776621565000148
1515,Caribbean,Degree Centrality,-0.30995906298409487
1516,Caribbean,Degree Centrality,0.24961170660205903
1517,Caribbean,Degree Centrality,-0.11433676142145566
1518,Caribbean,Degree Centrality,0.23141428320088334
1519,Caribbean,Degree Centrality,0.1722726571470621
1520,Caribbean,Degree Centrality,-0.13253418482263143
1521,Caribbean,Degree Centrality,-0.23262001352909795
1522,Caribbean,Degree Centrality,0.1586245895961804
1523,Caribbean,Degree Centrality,-0.2781135720320373
1524,Caribbean,Degree Centrality,0.6044614629249857
1525,Caribbean,Degree Centrality,0.3769936704102892
1526,Caribbean,Degree Centrality,-0.09613933802027995
1527,Caribbean,Degree Centrality,0.3360494677576438
1528,Caribbean,Degree Centrality,-0.15528096407410105
1529,Caribbean,Degree Centrality,0.1768220129973561
1530,Caribbean,Degree Centrality,0.26780913000323475
1531,Caribbean,Degree Centrality,-0.2735642161817433
1532,Caribbean,Degree Centrality,-0.10978740557116173
1533,Caribbean,Degree Centrality,0.6454056655776312
1534,Caribbean,Degree Centrality,0.4770794991167557
1535,Caribbean,Degree Centrality,0.4042898055120528
1536,Caribbean,Degree Centrality,0.5726159719729281
1537,Caribbean,Degree Centrality,0.4861782108173435
1538,Caribbean,Degree Centrality,0.5635172602723404
1539,Caribbean,Degree Centrality,0.3451481794582317
1540,Caribbean,Degree Centrality,0.14952587789559244
1541,Caribbean,Degree Centrality,0.2359636390511772
1542,Caribbean,Degree Centrality,0.20866750394941364
1543,Caribbean,Degree Centrality,0.22231557150029546
1544,Caribbean,Degree Centrality,0.1722726571470621
1545,Caribbean,Degree Centrality,0.2951052651049983
1546,Caribbean,Degree Centrality,0.1722726571470621
1547,Caribbean,Degree Centrality,0.2132168597997075
1548,Caribbean,Degree Centrality,0.4361352964641103
1549,Caribbean,Degree Centrality,-0.3736500448882099
1550,Caribbean,Degree Centrality,0.518023701769401
1551,Caribbean,Degree Centrality,0.3542468911588195
1552,Caribbean,Degree Centrality,-0.4555384501935007
1553,Caribbean,Degree Centrality,-0.32360713053497664
1554,Caribbean,Degree Centrality,0.4179378730629346
1555,Caribbean,Degree Centrality,-0.05519513536763456
1556,Caribbean,Degree Centrality,0.2541610624523529
1557,Caribbean,Degree Centrality,0.12222974279382887
1558,Caribbean,Degree Centrality,-0.10523804972086781
1559,Caribbean,Degree Centrality,0.18592072469794393
1560,Caribbean,Degree Centrality,-0.15528096407410105
1561,Caribbean,Degree Centrality,-0.21442259012792222
1562,Caribbean,Degree Centrality,-0.050645779517340575
1563,Caribbean,Degree Centrality,0.42703658476352246
1564,Caribbean,Degree Centrality,0.654504377278219
1565,Caribbean,Degree Centrality,0.45888207571558
1566,Caribbean,Degree Centrality,-0.29176163958291906
1567,Caribbean,Degree Centrality,-0.21442259012792222
1568,Caribbean,Degree Centrality,-0.04609642366704665
1569,Caribbean,Degree Centrality,0.4224872289132285
1570,Caribbean,Degree Centrality,0.3724443145599952
1571,Caribbean,Degree Centrality,0.3133026885061741
1572,Caribbean,Degree Centrality,0.2951052651049983
1573,Caribbean,Degree Centrality,-0.25991614863086154
1574,Caribbean,Degree Centrality,-0.08249127046939812
1575,Caribbean,Degree Centrality,0.1950194363985318
1576,Caribbean,Degree Centrality,0.5134743459191071
1577,Caribbean,Degree Centrality,0.26780913000323475
1578,Caribbean,Degree Centrality,-0.059744491217928485
1579,Caribbean,Degree Centrality,-0.2735642161817433
1580,Caribbean,Degree Centrality,-0.15073160822380713
1581,Caribbean,Degree Centrality,0.22231557150029546
1582,Caribbean,Degree Centrality,-0.027899000265870944
1583,Caribbean,Degree Centrality,0.3906417379611709
1584,Caribbean,Degree Centrality,0.38609238211087704
1585,Caribbean,Degree Centrality,0.18137136884764996
1586,Caribbean,Degree Centrality,-0.11433676142145566
1587,Caribbean,Degree Centrality,-0.32360713053497664
1588,Caribbean,Degree Centrality,0.44978336401499214
1589,Caribbean,Degree Centrality,0.22231557150029546
1590,Caribbean,Degree Centrality,0.1950194363985318
1591,Caribbean,Degree Centrality,0.4770794991167557
1592,Caribbean,Degree Centrality,-0.04609642366704665
1593,Caribbean,Degree Centrality,0.6772511565296888
1594,Caribbean,Degree Centrality,0.05853876088971378
1595,Caribbean,Degree Centrality,0.08583489599147745
1596,Caribbean,Degree Centrality,0.5134743459191071
1597,Caribbean,Degree Centrality,0.1995687922488258
1598,Caribbean,Degree Centrality,0.10403231939265316
1599,Caribbean,Degree Centrality,0.16772330129676824
1600,Caribbean,Degree Centrality,0.4179378730629346
1601,Caribbean,Degree Centrality,0.10403231939265316
1602,Caribbean,Degree Centrality,-0.01880028856528309
1603,Caribbean,Degree Centrality,0.15407523374588641
1604,Caribbean,Degree Centrality,0.0539894050394199
1605,Caribbean,Degree Centrality,0.4770794991167557
1606,Caribbean,Degree Centrality,0.18137136884764996
1607,Caribbean,Degree Centrality,-0.050645779517340575
1608,Caribbean,Degree Centrality,-0.0006028651641073272
1609,Caribbean,Degree Centrality,-0.15528096407410105
1610,Caribbean,Degree Centrality,-0.04154706781675272
1611,Caribbean,Degree Centrality,0.2632597741529409
1612,Caribbean,Degree Centrality,0.008495846536480526
1613,Caribbean,Degree Centrality,0.4952769225179315
1614,Caribbean,Degree Centrality,-0.0779419146191042
1615,Caribbean,Degree Centrality,0.113131031093241
1616,Caribbean,Degree Centrality,0.20411814809911966
1617,Caribbean,Degree Centrality,-0.023349644415577017
1618,Caribbean,Degree Centrality,-0.10068869387057389
1619,Caribbean,Degree Centrality,-0.15073160822380713
1620,Caribbean,Degree Centrality,-0.0870406263196921
1621,Caribbean,Degree Centrality,0.22686492735058936
1622,Caribbean,Degree Centrality,0.46798078741616783
1623,Caribbean,Degree Centrality,-0.04154706781675272
1624,Caribbean,Degree Centrality,-0.20532387842733435
1625,Caribbean,Degree Centrality,-0.20532387842733435
1626,Caribbean,Degree Centrality,0.42703658476352246
1627,Caribbean,Degree Centrality,-0.21442259012792222
1628,Caribbean,Degree Centrality,-0.11433676142145566
1629,Caribbean,Degree Centrality,-0.28721228373262514
1630,Caribbean,Degree Centrality,-0.14163289652321928
1631,Caribbean,Degree Centrality,-0.21442259012792222
1632,Caribbean,Degree Centrality,-0.059744491217928485
1633,Caribbean,Degree Centrality,-0.07339255876881026
1634,Caribbean,Degree Centrality,-0.2781135720320373
1635,Caribbean,Degree Centrality,-0.296310995433213
1636,Caribbean,Degree Centrality,-0.29176163958291906
1637,Caribbean,Degree Centrality,0.3451481794582317
1638,Caribbean,Degree Centrality,-0.04609642366704665
1639,Caribbean,Degree Centrality,-0.1689290316249829
1640,Caribbean,Degree Centrality,-0.1871264550261586
1641,Caribbean,Degree Centrality,0.16317394544647426
1642,Caribbean,Degree Centrality,-0.0369977119664588
1643,Caribbean,Degree Centrality,0.08583489599147745
1644,Caribbean,Degree Centrality,0.1768220129973561
1645,Caribbean,Degree Centrality,0.02214391408736236
1646,Caribbean,Degree Centrality,-0.027899000265870944
1647,Caribbean,Degree Centrality,-0.15983031992439503
1648,Caribbean,Degree Centrality,-0.15073160822380713
1649,Caribbean,Degree Centrality,0.12677909864412285
1650,Caribbean,Degree Centrality,-0.15528096407410105
1651,Caribbean,Degree Centrality,0.3724443145599952
1652,Caribbean,Degree Centrality,-0.10978740557116173
1653,Caribbean,Degree Centrality,0.43158594061381633
1654,Caribbean,Degree Centrality,0.1950194363985318
1655,Caribbean,Degree Centrality,-0.06884320291851634
1656,Caribbean,Degree Centrality,-0.050645779517340575
1657,Caribbean,Degree Centrality,0.24961170660205903
1658,Caribbean,Degree Centrality,0.3133026885061741
1659,Caribbean,Degree Centrality,0.21776621565000148
1660,Caribbean,Degree Centrality,0.3542468911588195
1661,Caribbean,Degree Centrality,-0.364551333187622
1662,Caribbean,Degree Centrality,0.23141428320088334
1663,Caribbean,Degree Centrality,0.07673618429088959
1664,Caribbean,Degree Centrality,0.013045202386774507
1665,Caribbean,Degree Centrality,0.12677909864412285
1666,Caribbean,Degree Centrality,0.2132168597997075
1667,Caribbean,Degree Centrality,0.05853876088971378
1668,Caribbean,Degree Centrality,0.22231557150029546
1669,Caribbean,Degree Centrality,-0.15073160822380713
1670,Caribbean,Degree Centrality,0.09038425184177132
1671,Caribbean,Degree Centrality,-0.2735642161817433
1672,Caribbean,Degree Centrality,-0.15983031992439503
1673,Caribbean,Degree Centrality,-0.03244835611616487
1674,Caribbean,Degree Centrality,-0.1689290316249829
1675,Caribbean,Degree Centrality,0.08583489599147745
1676,Caribbean,Degree Centrality,-0.11433676142145566
1677,Caribbean,Degree Centrality,0.026693269937656236
1678,Caribbean,Degree Centrality,0.1722726571470621
1679,Caribbean,Degree Centrality,0.013045202386774507
1680,Caribbean,Degree Centrality,-0.26446550448115547
1681,Caribbean,Degree Centrality,-0.01880028856528309
1682,Caribbean,Degree Centrality,-0.17802774332557075
1683,Caribbean,Degree Centrality,-0.20532387842733435
1684,Caribbean,Degree Centrality,0.0039464906861866
1685,Caribbean,Degree Centrality,0.04489069333883205
1686,Caribbean,Degree Centrality,0.1768220129973561
1687,Caribbean,Degree Centrality,-0.050645779517340575
1688,Caribbean,Degree Centrality,0.017594558237068382
1689,Caribbean,Degree Centrality,-0.06884320291851634
1690,Caribbean,Degree Centrality,0.06763747259030163
1691,Caribbean,Degree Centrality,-0.4236929592414432
1692,Caribbean,Degree Centrality,-0.21897194597821615
1693,Caribbean,Degree Centrality,-0.1188861172717496
1694,Caribbean,Degree Centrality,-0.4236929592414432
1695,Caribbean,Degree Centrality,0.15407523374588641
1696,Caribbean,Degree Centrality,-0.05519513536763456
1697,Caribbean,Degree Centrality,-0.15983031992439503
1698,Caribbean,Degree Centrality,-0.13708354067292536
1699,Caribbean,Degree Centrality,-0.08249127046939812
1700,Caribbean,Degree Centrality,-0.4236929592414432
1701,Caribbean,Degree Centrality,-0.005152221014401254
1702,Caribbean,Degree Centrality,-0.10068869387057389
1703,Caribbean,Degree Centrality,-0.3190577746846827
1704,Caribbean,Degree Centrality,-0.17347838747527683
1705,Caribbean,Degree Centrality,-0.06429384706822242
1706,Caribbean,Degree Centrality,-0.3781994007385038
1707,Caribbean,Degree Centrality,-0.12343547312204352
1708,Caribbean,Degree Centrality,-0.10523804972086781
1709,Caribbean,Degree Centrality,-0.1188861172717496
1710,Caribbean,Degree Centrality,-0.13253418482263143
1711,Caribbean,Degree Centrality,-0.0870406263196921
1712,Caribbean,Degree Centrality,-0.3372551980858584
1713,Caribbean,Degree Centrality,-0.1188861172717496
1714,Caribbean,Degree Centrality,-0.2508174369302737
1715,Caribbean,Degree Centrality,-0.2098732342776283
1716,Caribbean,Degree Centrality,-0.2508174369302737
1717,Caribbean,Degree Centrality,-0.23262001352909795
1718,Caribbean,Degree Centrality,-0.2826629278823312
1719,Caribbean,Degree Centrality,-0.1871264550261586
1720,Caribbean,Degree Centrality,0.12677909864412285
1721,Caribbean,Degree Centrality,-0.027899000265870944
1722,Caribbean,Degree Centrality,-0.05519513536763456
1723,Caribbean,Degree Centrality,-0.027899000265870944
1724,Caribbean,Degree Centrality,0.05853876088971378
1725,Caribbean,Degree Centrality,-0.0006028651641073272
1726,Caribbean,Degree Centrality,0.08128554014118347
1727,Caribbean,Degree Centrality,0.08128554014118347
1728,Caribbean,Degree Centrality,-0.06429384706822242
1729,Caribbean,Degree Centrality,-0.06429384706822242
1730,Caribbean,Degree Centrality,-0.05519513536763456
1731,Caribbean,Degree Centrality,-0.2508174369302737
1732,Caribbean,Degree Centrality,-0.05519513536763456
1733,Caribbean,Degree Centrality,0.0539894050394199
1734,Caribbean,Degree Centrality,-0.0779419146191042
1735,Caribbean,Degree Centrality,-0.17802774332557075
1736,Caribbean,Degree Centrality,-0.23262001352909795
1737,Caribbean,Degree Centrality,-0.28721228373262514
1738,Caribbean,Degree Centrality,-0.12343547312204352
1739,Caribbean,Degree Centrality,-0.1279848289723375
1740,Caribbean,Degree Centrality,-0.26901486033144945
1741,Caribbean,Degree Centrality,-0.30995906298409487
1742,Caribbean,Degree Centrality,-0.228070657678804
1743,Caribbean,Degree Centrality,-0.3054097071338009
1744,Caribbean,Degree Centrality,-0.4282423150917371
1745,Caribbean,Degree Centrality,-0.364551333187622
1746,Caribbean,Degree Centrality,-0.4600878060437946
1747,GBR,Closeness Centrality,-0.7000824805225089
1748,GBR,Closeness Centrality,-0.7000824805225089
1749,GBR,Closeness Centrality,-0.6930871478689061
1750,GBR,Closeness Centrality,-0.6916073659614133
1751,GBR,Closeness Centrality,-0.6925843583344284
1752,GBR,Closeness Centrality,-0.6912611603012377
1753,GBR,Closeness Centrality,-0.6930871478689061
1754,GBR,Closeness Centrality,-0.6960018698079073
1755,GBR,Closeness Centrality,-0.695491793468582
1756,GBR,Closeness Centrality,-0.6930871478689061
1757,GBR,Closeness Centrality,-0.6890648315930845
1758,GBR,Closeness Centrality,-0.7000824805225089
1759,GBR,Closeness Centrality,-0.6909011064146552
1760,GBR,Closeness Centrality,-0.6970220224865576
1761,GBR,Closeness Centrality,-0.6970220224865576
1762,GBR,Closeness Centrality,-0.6915812082004222
1763,GBR,Closeness Centrality,-0.5940698678707088
1764,GBR,Closeness Centrality,-0.5987994368470964
1765,GBR,Closeness Centrality,-0.6931268940771652
1766,GBR,Closeness Centrality,-0.5889116970630042
1767,GBR,Closeness Centrality,-0.5853676207290001
1768,GBR,Closeness Centrality,-0.7000824805225089
1769,GBR,Closeness Centrality,-0.7000824805225089
1770,GBR,Closeness Centrality,-0.7000824805225089
1771,GBR,Closeness Centrality,-0.6902890148074651
1772,GBR,Closeness Centrality,-0.695185747664987
1773,GBR,Closeness Centrality,-0.5786506570669651
1774,GBR,Closeness Centrality,-0.5789817432455503
1775,GBR,Closeness Centrality,-0.695491793468582
1776,GBR,Closeness Centrality,-0.6931964499416187
1777,GBR,Closeness Centrality,-0.5828602154075173
1778,GBR,Closeness Centrality,-0.6960018698079073
1779,GBR,Closeness Centrality,-0.5764288911051773
1780,GBR,Closeness Centrality,-0.7000824805225089
1781,GBR,Closeness Centrality,-0.5791197677161224
1782,GBR,Closeness Centrality,-0.6960018698079073
1783,GBR,Closeness Centrality,-0.5719978733388018
1784,GBR,Closeness Centrality,-0.5831309040463794
1785,GBR,Closeness Centrality,-0.7000824805225089
1786,GBR,Closeness Centrality,-0.6960018698079073
1787,GBR,Closeness Centrality,-0.588574202971945
1788,GBR,Closeness Centrality,-0.5695532507019964
1789,GBR,Closeness Centrality,-0.6970220224865576
1790,GBR,Closeness Centrality,-0.7000824805225089
1791,GBR,Closeness Centrality,-0.5721199257059026
1792,GBR,Closeness Centrality,-0.6970220224865576
1793,GBR,Closeness Centrality,-0.5693592654841496
1794,GBR,Closeness Centrality,-0.5740390249883554
1795,GBR,Closeness Centrality,-0.7000824805225089
1796,GBR,Closeness Centrality,-0.7000824805225089
1797,GBR,Closeness Centrality,-0.5764391154800257
1798,GBR,Closeness Centrality,-0.5663554283744349
1799,GBR,Closeness Centrality,-0.6970220224865576
1800,GBR,Closeness Centrality,-0.5692219872325998
1801,GBR,Closeness Centrality,-0.5666967530568262
1802,GBR,Closeness Centrality,-0.5682098502378233
1803,GBR,Closeness Centrality,-0.7000824805225089
1804,GBR,Closeness Centrality,-0.554944940862539
1805,GBR,Closeness Centrality,-0.5691990794876037
1806,GBR,Closeness Centrality,-0.7000824805225089
1807,GBR,Closeness Centrality,-0.5685878588692631
1808,GBR,Closeness Centrality,-0.7000824805225089
1809,GBR,Closeness Centrality,-0.5592149936097031
1810,GBR,Closeness Centrality,-0.5666717510460548
1811,GBR,Closeness Centrality,-0.5694564822374863
1812,GBR,Closeness Centrality,-0.5521392030300561
1813,GBR,Closeness Centrality,-0.5663929956706651
1814,GBR,Closeness Centrality,-0.5615307129328361
1815,GBR,Closeness Centrality,-0.7000824805225089
1816,GBR,Closeness Centrality,-0.7000824805225089
1817,GBR,Closeness Centrality,-0.5578043712257807
1818,GBR,Closeness Centrality,-0.5601218385833591
1819,GBR,Closeness Centrality,-0.7000824805225089
1820,GBR,Closeness Centrality,-0.5623646382715181
1821,GBR,Closeness Centrality,-0.5579322425043578
1822,GBR,Closeness Centrality,-0.4876240626458485
1823,GBR,Closeness Centrality,-0.5617247371863114
1824,GBR,Closeness Centrality,-0.5606771183928576
1825,GBR,Closeness Centrality,-0.5616688124719476
1826,GBR,Closeness Centrality,-0.551996109048602
1827,GBR,Closeness Centrality,-0.5620822959394159
1828,GBR,Closeness Centrality,-0.4716099096244453
1829,GBR,Closeness Centrality,-0.5525833888578688
1830,GBR,Closeness Centrality,-0.5533147630323404
1831,GBR,Closeness Centrality,-0.5550994613827677
1832,GBR,Closeness Centrality,-0.5533961403899323
1833,GBR,Closeness Centrality,-0.6970220224865576
1834,GBR,Closeness Centrality,-0.47785324122856504
1835,GBR,Closeness Centrality,-0.5536777369573161
1836,GBR,Closeness Centrality,-0.5505825266736255
1837,GBR,Closeness Centrality,-0.6970220224865576
1838,GBR,Closeness Centrality,-0.5551308940156434
1839,GBR,Closeness Centrality,-0.5447219602505992
1840,GBR,Closeness Centrality,-0.4770218190672701
1841,GBR,Closeness Centrality,-0.5448132764438008
1842,GBR,Closeness Centrality,-0.5456438590594689
1843,GBR,Closeness Centrality,-0.5452480471218888
1844,GBR,Closeness Centrality,-0.7000824805225089
1845,GBR,Closeness Centrality,-0.7000824805225089
1846,GBR,Closeness Centrality,-0.6970220224865576
1847,GBR,Closeness Centrality,-0.7000824805225089
1848,GBR,Closeness Centrality,-0.5448864533960583
1849,GBR,Closeness Centrality,-0.5468469335140065
1850,GBR,Closeness Centrality,-0.4935931541093548
1851,GBR,Closeness Centrality,-0.49554209425050944
1852,GBR,Closeness Centrality,-0.5358480417291644
1853,GBR,Closeness Centrality,-0.5347309087260124
1854,GBR,Closeness Centrality,-0.5393528206518926
1855,GBR,Closeness Centrality,-0.49730172593380145
1856,GBR,Closeness Centrality,-0.5375352289252344
1857,GBR,Closeness Centrality,-0.535984841146189
1858,GBR,Closeness Centrality,-0.5575127094321973
1859,GBR,Closeness Centrality,-0.7000824805225089
1860,GBR,Closeness Centrality,-0.5374559530178703
1861,GBR,Closeness Centrality,-0.5375557863112971
1862,GBR,Closeness Centrality,-0.5224212825278348
1863,GBR,Closeness Centrality,-0.4966508961404533
1864,GBR,Closeness Centrality,-0.5219974845274331
1865,GBR,Closeness Centrality,-0.5250203253724198
1866,GBR,Closeness Centrality,-0.48191262866633444
1867,GBR,Closeness Centrality,-0.5253465053024846
1868,GBR,Closeness Centrality,-0.5144273627976134
1869,GBR,Closeness Centrality,-0.5253659133910438
1870,GBR,Closeness Centrality,-0.5389756787501948
1871,GBR,Closeness Centrality,-0.5465992802143754
1872,GBR,Closeness Centrality,-0.5392102214606259
1873,GBR,Closeness Centrality,-0.5007339988297581
1874,GBR,Closeness Centrality,-0.49905055479789573
1875,GBR,Closeness Centrality,-0.5479868955567738
1876,GBR,Closeness Centrality,-0.6970220224865576
1877,GBR,Closeness Centrality,-0.531982738206001
1878,GBR,Closeness Centrality,-0.5019419439027086
1879,GBR,Closeness Centrality,-0.5187550999228673
1880,GBR,Closeness Centrality,-0.6970220224865576
1881,GBR,Closeness Centrality,-0.5254666978841466
1882,GBR,Closeness Centrality,-0.48739822964475416
1883,GBR,Closeness Centrality,-0.5258741187330144
1884,GBR,Closeness Centrality,-0.5314943465916337
1885,GBR,Closeness Centrality,-0.5165382383845472
1886,GBR,Closeness Centrality,-0.7000824805225089
1887,GBR,Closeness Centrality,-0.5013716404013593
1888,GBR,Closeness Centrality,-0.5176466156418291
1889,GBR,Closeness Centrality,-0.4833640032372881
1890,GBR,Closeness Centrality,-0.517869121865011
1891,GBR,Closeness Centrality,-0.5019749893557806
1892,GBR,Closeness Centrality,-0.5353546318141879
1893,GBR,Closeness Centrality,-0.4914444768285182
1894,GBR,Closeness Centrality,-0.5181191891712098
1895,GBR,Closeness Centrality,-0.6970220224865576
1896,GBR,Closeness Centrality,-0.511044741795936
1897,GBR,Closeness Centrality,-0.5000753442419441
1898,GBR,Closeness Centrality,-0.7000824805225089
1899,GBR,Closeness Centrality,-0.6970220224865576
1900,GBR,Closeness Centrality,-0.5048490789987699
1901,GBR,Closeness Centrality,-0.5196400504699944
1902,GBR,Closeness Centrality,-0.5008006968429896
1903,GBR,Closeness Centrality,-0.5016839807267743
1904,GBR,Closeness Centrality,-0.7000824805225089
1905,GBR,Closeness Centrality,-0.5033204686443284
1906,GBR,Closeness Centrality,-0.5203553635247943
1907,GBR,Closeness Centrality,-0.501404769917885
1908,GBR,Closeness Centrality,-0.6931964499416187
1909,GBR,Closeness Centrality,-0.5054803911207675
1910,GBR,Closeness Centrality,-0.5019164141156565
1911,GBR,Closeness Centrality,-0.5227217392760138
1912,GBR,Closeness Centrality,-0.4940469039721679
1913,GBR,Closeness Centrality,-0.5017990578791038
1914,GBR,Closeness Centrality,-0.5049916048948756
1915,GBR,Closeness Centrality,-0.5223971504556756
1916,GBR,Closeness Centrality,-0.5222886900069853
1917,GBR,Closeness Centrality,-0.5217119059883069
1918,GBR,Closeness Centrality,-0.4855335864471371
1919,GBR,Closeness Centrality,-0.5220494950112566
1920,GBR,Closeness Centrality,-0.5113131277984141
1921,GBR,Closeness Centrality,-0.50271518540186
1922,GBR,Closeness Centrality,-0.5232154131314186
1923,GBR,Closeness Centrality,-0.5049700536928889
1924,GBR,Closeness Centrality,-0.48382379067336584
1925,GBR,Closeness Centrality,-0.5228104358743791
1926,GBR,Closeness Centrality,-0.5027487227502238
1927,GBR,Closeness Centrality,-0.5342995876617097
1928,GBR,Closeness Centrality,-0.5028492664447408
1929,GBR,Closeness Centrality,-0.5310270284514748
1930,GBR,Closeness Centrality,-0.5258186316752219
1931,GBR,Closeness Centrality,-0.6960018698079073
1932,GBR,Closeness Centrality,-0.5308790785487589
1933,GBR,Closeness Centrality,-0.6970220224865576
1934,GBR,Closeness Centrality,-0.6931964499416187
1935,GBR,Closeness Centrality,-0.49131850490198725
1936,GBR,Closeness Centrality,-0.5212901877001465
1937,GBR,Closeness Centrality,-0.5308790785487589
1938,GBR,Closeness Centrality,-0.6931964499416187
1939,GBR,Closeness Centrality,-0.509202697402186
1940,GBR,Closeness Centrality,-0.5366445316103553
1941,GBR,Closeness Centrality,-0.6960018698079073
1942,GBR,Closeness Centrality,-0.5208819124264598
1943,GBR,Closeness Centrality,-0.5190579269482162
1944,GBR,Closeness Centrality,-0.5129218197806571
1945,GBR,Closeness Centrality,-0.6970220224865576
1946,GBR,Closeness Centrality,-0.5365410407451269
1947,GBR,Closeness Centrality,-0.5280761481426524
1948,GBR,Closeness Centrality,-0.5207204451054387
1949,GBR,Closeness Centrality,-0.5117905476311737
1950,GBR,Closeness Centrality,-0.5063164725092293
1951,GBR,Closeness Centrality,-0.7000824805225089
1952,GBR,Closeness Centrality,-0.6970220224865576
1953,GBR,Closeness Centrality,-0.5135663637762263
1954,GBR,Closeness Centrality,-0.521862145420065
1955,GBR,Closeness Centrality,-0.4952966829296409
1956,GBR,Closeness Centrality,-0.5124607204473981
1957,GBR,Closeness Centrality,-0.5280761481426524
1958,GBR,Closeness Centrality,-0.7000824805225089
1959,GBR,Closeness Centrality,-0.5041753754992125
1960,GBR,Closeness Centrality,-0.4994658415516921
1961,GBR,Closeness Centrality,-0.5446539806786171
1962,GBR,Closeness Centrality,-0.5370565612633097
1963,GBR,Closeness Centrality,-0.5300931712638663
1964,GBR,Closeness Centrality,-0.5316036163241517
1965,GBR,Closeness Centrality,-0.5014164623700571
1966,GBR,Closeness Centrality,-0.4965982917747171
1967,GBR,Closeness Centrality,-0.5111322812242199
1968,GBR,Closeness Centrality,-0.533874771142967
1969,GBR,Closeness Centrality,-0.4995736069418399
1970,GBR,Closeness Centrality,-0.5372594740362141
1971,GBR,Closeness Centrality,-0.5026441022168493
1972,GBR,Closeness Centrality,-0.5200619667649509
1973,GBR,Closeness Centrality,-0.5348400618540365
1974,GBR,Closeness Centrality,-0.49947824306308575
1975,GBR,Closeness Centrality,-0.5380734717667782
1976,GBR,Closeness Centrality,-0.5162248636613387
1977,GBR,Closeness Centrality,-0.5348400618540365
1978,GBR,Closeness Centrality,-0.5230688175035745
1979,GBR,Closeness Centrality,-0.538638682068453
1980,GBR,Closeness Centrality,-0.4977808792379039
1981,GBR,Closeness Centrality,-0.5236866714598399
1982,GBR,Closeness Centrality,-0.5353807271200471
1983,GBR,Closeness Centrality,-0.503782831074219
1984,GBR,Closeness Centrality,-0.5235823980751724
1985,GBR,Closeness Centrality,-0.5351177673769546
1986,GBR,Closeness Centrality,-0.522894385435168
1987,GBR,Closeness Centrality,-0.5178533052114463
1988,GBR,Closeness Centrality,-0.519361894686556
1989,GBR,Closeness Centrality,-0.5358037427676153
1990,GBR,Closeness Centrality,-0.5239566539420136
1991,GBR,Closeness Centrality,-0.519162819355166
1992,GBR,Closeness Centrality,-0.6878406483787041
1993,GBR,Closeness Centrality,-0.5245737302140647
1994,GBR,Closeness Centrality,-0.5245737302140647
1995,GBR,Closeness Centrality,-0.5350846219654324
1996,GBR,Closeness Centrality,-0.5225444879330208
1997,GBR,Closeness Centrality,-0.6931964499416187
1998,GBR,Closeness Centrality,-0.49983112973392624
1999,GBR,Closeness Centrality,-0.5251207551111207
2000,GBR,Closeness Centrality,-0.49874682510253354
2001,GBR,Closeness Centrality,-0.6902890148074651
2002,GBR,Closeness Centrality,-0.5065413508952503
2003,GBR,Closeness Centrality,-0.508829869533979
2004,GBR,Closeness Centrality,-0.5193226502607027
2005,GBR,Closeness Centrality,-0.5281199680669432
2006,GBR,Closeness Centrality,-0.5286629129058352
2007,GBR,Closeness Centrality,-0.5219791012478012
2008,GBR,Closeness Centrality,-0.567739764683387
2009,GBR,Closeness Centrality,-0.5092954346956603
2010,GBR,Closeness Centrality,-0.5102232353152006
2011,GBR,Closeness Centrality,-0.7000824805225089
2012,GBR,Closeness Centrality,-0.5212016084207495
2013,GBR,Closeness Centrality,-0.5572068510894539
2014,GBR,Closeness Centrality,-0.5124150852311007
2015,GBR,Closeness Centrality,-0.5196169459351818
2016,GBR,Closeness Centrality,-0.5541234247627752
2017,GBR,Closeness Centrality,-0.5297141421022544
2018,GBR,Closeness Centrality,-0.6960018698079073
2019,GBR,Closeness Centrality,-0.5439968896279181
2020,GBR,Closeness Centrality,-0.5206816058855699
2021,GBR,Closeness Centrality,-0.6970220224865576
2022,GBR,Closeness Centrality,-0.5571118065995599
2023,GBR,Closeness Centrality,-0.5224775864683129
2024,GBR,Closeness Centrality,-0.5439684380072666
2025,GBR,Closeness Centrality,-0.515146196075352
2026,GBR,Closeness Centrality,-0.5320133938201679
2027,GBR,Closeness Centrality,-0.5502963333489637
2028,GBR,Closeness Centrality,-0.544501384042819
2029,GBR,Closeness Centrality,-0.547293438533453
2030,GBR,Closeness Centrality,-0.5508773488534592
2031,GBR,Closeness Centrality,-0.5634655462238999
2032,GBR,Closeness Centrality,-0.5634655462238999
2033,GBR,Closeness Centrality,-0.569336262996381
2034,GBR,Closeness Centrality,-0.7000824805225089
2035,GBR,Closeness Centrality,-0.7000824805225089
2036,GBR,Closeness Centrality,-0.5219210805334966
2037,GBR,Closeness Centrality,-0.502039841959392
2038,GBR,Closeness Centrality,-0.5667881463868447
2039,GBR,Closeness Centrality,-0.5516477206994279
2040,GBR,Closeness Centrality,-0.5523835399230479
2041,GBR,Closeness Centrality,-0.5413067057785472
2042,GBR,Closeness Centrality,-0.5519864019601735
2043,GBR,Closeness Centrality,-0.5332289041397714
2044,GBR,Closeness Centrality,-0.5336084618658468
2045,GBR,Closeness Centrality,-0.5379464650055725
2046,GBR,Closeness Centrality,-0.5159880833228215
2047,GBR,Closeness Centrality,-0.5412165956897144
2048,GBR,Closeness Centrality,-0.5412165956897144
2049,GBR,Closeness Centrality,-0.5540675099887286
2050,GBR,Closeness Centrality,-0.5454703055004919
2051,GBR,Closeness Centrality,-0.5396908514163693
2052,GBR,Closeness Centrality,-0.6715966788032708
2053,GBR,Closeness Centrality,-0.5454703055004919
2054,GBR,Closeness Centrality,-0.5271170617029145
2055,GBR,Closeness Centrality,-0.5454347869672913
2056,GBR,Closeness Centrality,-0.545596709407926
2057,GBR,Closeness Centrality,-0.5302617657523673
2058,GBR,Closeness Centrality,-0.5440593493826115
2059,GBR,Closeness Centrality,-0.5707212245345641
2060,GBR,Closeness Centrality,-0.5289710425062838
2061,GBR,Closeness Centrality,-0.542771891445142
2062,GBR,Closeness Centrality,-0.5568723962823747
2063,GBR,Closeness Centrality,-0.5514651516660053
2064,GBR,Closeness Centrality,-0.680337589967985
2065,GBR,Closeness Centrality,-0.6755988162348994
2066,GBR,Closeness Centrality,-0.553416735686862
2067,GBR,Closeness Centrality,-0.6808548202531634
2068,GBR,Closeness Centrality,-0.542771891445142
2069,GBR,Closeness Centrality,-0.5394076366407908
2070,GBR,Closeness Centrality,-0.6770222850888301
2071,GBR,Closeness Centrality,-0.5441073916100809
2072,GBR,Closeness Centrality,-0.571960489574266
2073,GBR,Closeness Centrality,-0.5369568875096493
2074,GBR,Closeness Centrality,-0.5586557446164433
2075,GBR,Closeness Centrality,-0.5396935694769297
2076,GBR,Closeness Centrality,-0.6858374394824451
2077,GBR,Closeness Centrality,-0.6844092257323345
2078,GBR,Closeness Centrality,-0.5389039537446099
2079,GBR,Closeness Centrality,-0.5542295693297934
2080,GBR,Closeness Centrality,-0.6864714960994627
2081,GBR,Closeness Centrality,-0.6970220224865576
2082,GBR,Closeness Centrality,-0.5244551747420944
2083,GBR,Closeness Centrality,-0.5211746222119843
2084,GBR,Closeness Centrality,-0.6878406483787041
2085,GBR,Closeness Centrality,-0.5443929855474043
2086,GBR,Closeness Centrality,-0.5452197842966459
2087,GBR,Closeness Centrality,-0.5450577092613493
2088,GBR,Closeness Centrality,-0.7000824805225089
2089,GBR,Closeness Centrality,-0.5308692051752796
2090,GBR,Closeness Centrality,-0.5601238373259804
2091,GBR,Closeness Centrality,-0.5457615665647509
2092,GBR,Closeness Centrality,-0.5457615665647509
2093,GBR,Closeness Centrality,-0.5308513929665514
2094,GBR,Closeness Centrality,-0.5222517285949161
2095,GBR,Closeness Centrality,-0.5601893303738027
2096,GBR,Closeness Centrality,-0.6852698636285051
2097,GBR,Closeness Centrality,-0.5457211789923987
2098,GBR,Closeness Centrality,-0.544621397907956
2099,GBR,Closeness Centrality,-0.6932660058060721
2100,GBR,Closeness Centrality,-0.5308513929665514
2101,GBR,Closeness Centrality,-0.5453567373046309
2102,GBR,Closeness Centrality,-0.6893043457002459
2103,GBR,Closeness Centrality,-0.533724336647825
2104,GBR,Closeness Centrality,-0.5266830382753082
2105,GBR,Closeness Centrality,-0.536533595095383
2106,GBR,Closeness Centrality,-0.5280043704846947
2107,GBR,Closeness Centrality,-0.5364851935311844
2108,GBR,Closeness Centrality,-0.5495572400444254
2109,GBR,Closeness Centrality,-0.5450822359157835
2110,GBR,Closeness Centrality,-0.5349324113782092
2111,GBR,Closeness Centrality,-0.5543251760345914
2112,GBR,Closeness Centrality,-0.535185833584877
2113,GBR,Closeness Centrality,-0.7000824805225089
2114,GBR,Closeness Centrality,-0.5529008496982853
2115,GBR,Closeness Centrality,-0.6949817171292569
2116,GBR,Closeness Centrality,-0.5371094639729939
2117,GBR,Closeness Centrality,-0.5514017945405392
2118,GBR,Closeness Centrality,-0.5535036659071458
2119,GBR,Closeness Centrality,-0.5363883044065226
2120,GBR,Closeness Centrality,-0.7000824805225089
2121,GBR,Closeness Centrality,-0.7000824805225089
2122,GBR,Closeness Centrality,-0.5391210024241812
2123,GBR,Closeness Centrality,-0.5533920879786219
2124,GBR,Closeness Centrality,-0.6897735692435154
2125,GBR,Closeness Centrality,-0.5379253304145101
2126,GBR,Closeness Centrality,-0.5419837862330847
2127,GBR,Closeness Centrality,-0.539629535274093
2128,GBR,Closeness Centrality,-0.5268599433919653
2129,GBR,Closeness Centrality,-0.5765278244328562
2130,GBR,Closeness Centrality,-0.5405050901899789
2131,GBR,Closeness Centrality,-0.5361723755478767
2132,GBR,Closeness Centrality,-0.5491529467441278
2133,GBR,Closeness Centrality,-0.5363959909707616
2134,GBR,Closeness Centrality,-0.5638937585076159
2135,GBR,Closeness Centrality,-0.5639306960508801
2136,GBR,Closeness Centrality,-0.5215298432455119
2137,GBR,Closeness Centrality,-0.5648686804243592
2138,GBR,Closeness Centrality,-0.5655022735995545
2139,GBR,Closeness Centrality,-0.5254129204024296
2140,GBR,Closeness Centrality,-0.5459249801986764
2141,GBR,Closeness Centrality,-0.695185747664987
2142,GBR,Closeness Centrality,-0.5500901877340332
2143,GBR,Closeness Centrality,-0.7000824805225089
2144,GBR,Closeness Centrality,-0.6970220224865576
2145,GBR,Closeness Centrality,-0.5454371037275914
2146,GBR,Closeness Centrality,-0.5671288612865022
2147,GBR,Closeness Centrality,-0.535568247716154
2148,GBR,Closeness Centrality,-0.7000824805225089
2149,GBR,Closeness Centrality,-0.5485611755991371
2150,GBR,Closeness Centrality,-0.7000824805225089
2151,GBR,Closeness Centrality,-0.695491793468582
2152,GBR,Closeness Centrality,-0.5527533019677647
2153,GBR,Closeness Centrality,-0.5437100598472705
2154,GBR,Closeness Centrality,-0.5688629243094597
2155,GBR,Closeness Centrality,-0.5682106315693783
2156,GBR,Closeness Centrality,-0.695491793468582
2157,GBR,Closeness Centrality,-0.5544377031868497
2158,GBR,Closeness Centrality,-0.6960018698079073
2159,GBR,Closeness Centrality,-0.5955150772602656
2160,GBR,Closeness Centrality,-0.7000824805225089
2161,GBR,Closeness Centrality,-0.7000824805225089
2162,GBR,Closeness Centrality,-0.5489278016393941
2163,GBR,Closeness Centrality,-0.5370026221466194
2164,GBR,Closeness Centrality,-0.5426796481011817
2165,GBR,Closeness Centrality,-0.5593429726445506
2166,GBR,Closeness Centrality,-0.5480447873412059
2167,GBR,Closeness Centrality,-0.5558957671190404
2168,GBR,Closeness Centrality,-0.5463369873321485
2169,GBR,Closeness Centrality,-0.5586128078106648
2170,GBR,Closeness Centrality,-0.5620767330628461
2171,GBR,Closeness Centrality,-0.5989918866836899
2172,GBR,Closeness Centrality,-0.5920156502181582
2173,GBR,Closeness Centrality,-0.5601063948682843
2174,GBR,Closeness Centrality,-0.554020431229431
2175,GBR,Closeness Centrality,-0.6882778566695542
2176,GBR,Closeness Centrality,-0.5449964310845596
2177,GBR,Closeness Centrality,-0.5915776022902817
2178,GBR,Closeness Centrality,-0.7000824805225089
2179,GBR,Closeness Centrality,-0.5464810644700748
2180,GBR,Closeness Centrality,-0.5333850113787183
2181,GBR,Closeness Centrality,-0.5898254528588986
2182,GBR,Closeness Centrality,-0.5606400981527049
2183,GBR,Closeness Centrality,-0.5919688949043973
2184,GBR,Closeness Centrality,-0.551008765335226
2185,GBR,Closeness Centrality,-0.5951676280355435
2186,GBR,Closeness Centrality,-0.6032090441876979
2187,GBR,Closeness Centrality,-0.582544300709261
2188,GBR,Closeness Centrality,-0.5678077803134318
2189,GBR,Closeness Centrality,-0.5957279826922195
2190,GBR,Closeness Centrality,-0.5644634850026501
2191,GBR,Closeness Centrality,-0.6970220224865576
2192,GBR,Closeness Centrality,-0.5968446311987832
2193,GBR,Closeness Centrality,-0.601565142521516
2194,GBR,Closeness Centrality,-0.5968166761894889
2195,GBR,Closeness Centrality,-0.5829848172910636
2196,GBR,Closeness Centrality,-0.5979005047807139
2197,GBR,Closeness Centrality,-0.6875856102090415
2198,GBR,Closeness Centrality,-0.5973452839669691
2199,GBR,Closeness Centrality,-0.6890648315930845
2200,GBR,Closeness Centrality,-0.5665699987041378
2201,GBR,Closeness Centrality,-0.5878351423775922
2202,GBR,Closeness Centrality,-0.5608512810993288
2203,GBR,Closeness Centrality,-0.6164575834687827
2204,GBR,Closeness Centrality,-0.6970220224865576
2205,GBR,Closeness Centrality,-0.5868574261639569
2206,GBR,Closeness Centrality,-0.6909011064146552
2207,GBR,Closeness Centrality,-0.6164318448116408
2208,GBR,Closeness Centrality,-0.7000824805225089
2209,GBR,Closeness Centrality,-0.7000824805225089
2210,GBR,Closeness Centrality,-0.6970220224865576
2211,GBR,Closeness Centrality,-0.7000824805225089
2212,GBR,Closeness Centrality,-0.5819526158664647
2213,GBR,Closeness Centrality,-0.5828398899940785
2214,GBR,Closeness Centrality,-0.5615519270410655
2215,GBR,Closeness Centrality,-0.5516427829963918
2216,GBR,Closeness Centrality,-0.6169667345578478
2217,GBR,Closeness Centrality,-0.6970220224865576
2218,GBR,Closeness Centrality,-0.5862330284284539
2219,GBR,Closeness Centrality,-0.6970220224865576
2220,GBR,Closeness Centrality,-0.5762695906470647
2221,GBR,Closeness Centrality,-0.5681339051761602
2222,GBR,Closeness Centrality,-0.611019001902721
2223,GBR,Closeness Centrality,-0.5580956923719247
2224,GBR,Closeness Centrality,-0.7000824805225089
2225,GBR,Closeness Centrality,-0.5691756706305278
2226,GBR,Closeness Centrality,-0.5674810483558137
2227,GBR,Closeness Centrality,-0.5758421396715001
2228,GBR,Closeness Centrality,-0.5692315431184196
2229,GBR,Closeness Centrality,-0.6210025330664539
2230,GBR,Closeness Centrality,-0.575955301959219
2231,GBR,Closeness Centrality,-0.7000824805225089
2232,GBR,Closeness Centrality,-0.5693934392948058
2233,GBR,Closeness Centrality,-0.565836139470123
2234,GBR,Closeness Centrality,-0.6200250867982489
2235,GBR,Closeness Centrality,-0.6024688007166974
2236,GBR,Closeness Centrality,-0.5778661695158769
2237,GBR,Closeness Centrality,-0.5703077247684153
2238,GBR,Closeness Centrality,-0.5866583390525839
2239,GBR,Closeness Centrality,-0.5715050985418155
2240,GBR,Closeness Centrality,-0.6111417099606046
2241,GBR,Closeness Centrality,-0.7000824805225089
2242,GBR,Closeness Centrality,-0.5708086816260398
2243,GBR,Closeness Centrality,-0.5657426950848136
2244,GBR,Closeness Centrality,-0.5873253225947646
2245,GBR,Closeness Centrality,-0.5923103965155795
2246,GBR,Closeness Centrality,-0.5549019115733673
2247,GBR,Closeness Centrality,-0.5730837766030458
2248,GBR,Closeness Centrality,-0.6127532985543913
2249,GBR,Closeness Centrality,-0.7000824805225089
2250,GBR,Closeness Centrality,-0.5686603744177651
2251,GBR,Closeness Centrality,-0.7000824805225089
2252,GBR,Closeness Centrality,-0.5871314737971334
2253,GBR,Closeness Centrality,-0.6133269674213687
2254,GBR,Closeness Centrality,-0.5681213135550383
2255,GBR,Closeness Centrality,-0.5792823177566319
2256,GBR,Closeness Centrality,-0.5680563400607166
2257,GBR,Closeness Centrality,-0.7000824805225089
2258,GBR,Closeness Centrality,-0.5681213135550383
2259,GBR,Closeness Centrality,-0.7000824805225089
2260,GBR,Closeness Centrality,-0.5754474488594
2261,GBR,Closeness Centrality,-0.7000824805225089
2262,GBR,Closeness Centrality,-0.5801289231117401
2263,GBR,Closeness Centrality,-0.565232031980964
2264,GBR,Closeness Centrality,-0.5963863862249019
2265,GBR,Closeness Centrality,-0.7000824805225089
2266,GBR,Closeness Centrality,-0.7000824805225089
2267,GBR,Closeness Centrality,-0.6215262736159136
2268,GBR,Closeness Centrality,-0.7000824805225089
2269,GBR,Closeness Centrality,-0.7000824805225089
2270,GBR,Closeness Centrality,-0.7000824805225089
2271,GBR,Closeness Centrality,-0.6970220224865576
2272,GBR,Closeness Centrality,-0.7000824805225089
2273,GBR,Closeness Centrality,-0.7000824805225089
2274,GBR,Closeness Centrality,-0.7000824805225089
2275,GBR,Closeness Centrality,-0.7000824805225089
2276,GBR,Closeness Centrality,-0.6919212590933057
2277,GBR,Closeness Centrality,-0.5698344496040068
2278,GBR,Closeness Centrality,-0.6020591369927878
2279,GBR,Closeness Centrality,-0.5826423420664749
2280,GBR,Closeness Centrality,-0.6020092777132712
2281,GBR,Closeness Centrality,-0.6092512593717658
2282,GBR,Closeness Centrality,-0.5756485348403533
2283,GBR,Closeness Centrality,-0.5824931542127945
2284,GBR,Closeness Centrality,-0.5635361453693385
2285,GBR,Closeness Centrality,-0.566881586504437
2286,GBR,Closeness Centrality,-0.5823500570031199
2287,GBR,Closeness Centrality,-0.5750820261065246
2288,GBR,Closeness Centrality,-0.5861385247951425
2289,GBR,Closeness Centrality,-0.5745975214260242
2290,GBR,Closeness Centrality,-0.5844410800258653
2291,GBR,Closeness Centrality,-0.5709918720095024
2292,GBR,Closeness Centrality,-0.604036624863694
2293,GBR,Closeness Centrality,-0.6046768102555613
2294,GBR,Closeness Centrality,-0.5984190293498225
2295,GBR,Closeness Centrality,-0.5895691091264633
2296,GBR,Closeness Centrality,-0.5903910987957358
2297,GBR,Closeness Centrality,-0.5968679492031775
2298,GBR,Closeness Centrality,-0.5969117027136986
2299,GBR,Closeness Centrality,-0.5915914832611898
2300,GBR,Closeness Centrality,-0.5974338660767126
2301,GBR,Closeness Centrality,-0.5725146211103749
2302,GBR,Closeness Centrality,-0.5914461744267249
2303,GBR,Closeness Centrality,-0.5992002653204195
2304,GBR,Closeness Centrality,-0.5783915771016686
2305,GBR,Closeness Centrality,-0.5973352564825712
2306,GBR,Closeness Centrality,-0.6064744777361305
2307,GBR,Closeness Centrality,-0.5926955797303982
2308,GBR,Closeness Centrality,-0.5837466271910876
2309,GBR,Closeness Centrality,-0.7000824805225089
2310,GBR,Closeness Centrality,-0.6076931010874181
2311,GBR,Closeness Centrality,-0.5826053354293999
2312,GBR,Closeness Centrality,-0.5978983132073613
2313,GBR,Closeness Centrality,-0.5809251932887978
2314,GBR,Closeness Centrality,-0.5974771412092782
2315,GBR,Closeness Centrality,-0.5779723369360861
2316,GBR,Closeness Centrality,-0.5930570498784272
2317,GBR,Closeness Centrality,-0.6058659861647128
2318,GBR,Closeness Centrality,-0.5834495208042122
2319,GBR,Closeness Centrality,-0.5888035479086651
2320,GBR,Closeness Centrality,-0.596970536105213
2321,GBR,Closeness Centrality,-0.6033919858377244
2322,GBR,Closeness Centrality,-0.5825608919419828
2323,GBR,Closeness Centrality,-0.5768413092383967
2324,GBR,Closeness Centrality,-0.6004236216616755
2325,GBR,Closeness Centrality,-0.5919119347338837
2326,GBR,Closeness Centrality,-0.5917970059496664
2327,GBR,Closeness Centrality,-0.7000824805225089
2328,GBR,Closeness Centrality,-0.5763264364127775
2329,GBR,Closeness Centrality,-0.6150086598619557
2330,GBR,Closeness Centrality,-0.5938129916225549
2331,GBR,Closeness Centrality,-0.6003797384125072
2332,GBR,Closeness Centrality,-0.5802174960321839
2333,GBR,Closeness Centrality,-0.5886567897119116
2334,GBR,Closeness Centrality,-0.587377190660979
2335,GBR,Closeness Centrality,-0.5961849241300808
2336,GBR,Closeness Centrality,-0.5976533818292694
2337,GBR,Closeness Centrality,-0.5803562286531216
2338,GBR,Closeness Centrality,-0.5921854929886747
2339,GBR,Closeness Centrality,-0.5827181892265121
2340,GBR,Closeness Centrality,-0.5960047300680235
2341,GBR,Closeness Centrality,-0.5917611789927553
2342,GBR,Closeness Centrality,-0.6907098277874083
2343,GBR,Closeness Centrality,-0.7000824805225089
2344,GBR,Closeness Centrality,-0.6915664233789925
2345,GBR,Closeness Centrality,-0.6970220224865576
2346,GBR,Closeness Centrality,-0.5841834779776115
2347,GBR,Closeness Centrality,-0.6304937808852236
2348,GBR,Closeness Centrality,-0.5785084233702406
2349,GBR,Closeness Centrality,-0.5787999991802779
2350,GBR,Closeness Centrality,-0.5861373439746638
2351,GBR,Closeness Centrality,-0.5752136066142457
2352,GBR,Closeness Centrality,-0.5832828461453354
2353,GBR,Closeness Centrality,-0.5875139090852234
2354,GBR,Closeness Centrality,-0.5803625849157714
2355,GBR,Closeness Centrality,-0.5719179471855819
2356,GBR,Closeness Centrality,-0.5835660481789355
2357,GBR,Closeness Centrality,-0.5773181381969693
2358,GBR,Closeness Centrality,-0.5685426584972505
2359,GBR,Closeness Centrality,-0.5859177642822511
2360,GBR,Closeness Centrality,-0.5728015811183829
2361,GBR,Closeness Centrality,-0.5992074525527636
2362,GBR,Closeness Centrality,-0.5695428833926748
2363,GBR,Closeness Centrality,-0.5872935507967966
2364,GBR,Closeness Centrality,-0.5867034190519924
2365,GBR,Closeness Centrality,-0.5925136263915507
2366,GBR,Closeness Centrality,-0.5965860118727061
2367,GBR,Closeness Centrality,-0.5689504192604667
2368,GBR,Closeness Centrality,-0.5782843045285879
2369,GBR,Closeness Centrality,-0.6015844208699976
2370,GBR,Closeness Centrality,-0.606822254302603
2371,GBR,Closeness Centrality,-0.6088901685875169
2372,GBR,Closeness Centrality,-0.599992073485315
2373,GBR,Closeness Centrality,-0.6012474833797383
2374,GBR,Closeness Centrality,-0.6000498290577544
2375,GBR,Closeness Centrality,-0.5868515301708305
2376,GBR,Closeness Centrality,-0.5864060313497746
2377,GBR,Closeness Centrality,-0.6032574820468394
2378,GBR,Closeness Centrality,-0.5798570705621381
2379,GBR,Closeness Centrality,-0.6005666452823138
2380,GBR,Closeness Centrality,-0.5740049641672945
2381,GBR,Closeness Centrality,-0.6009082328174632
2382,GBR,Closeness Centrality,-0.5890276534959747
2383,GBR,Closeness Centrality,-0.5732671293971103
2384,GBR,Closeness Centrality,-0.5900148075139884
2385,GBR,Closeness Centrality,-0.5888138123656285
2386,GBR,Closeness Centrality,-0.5728949640233015
2387,GBR,Closeness Centrality,-0.5756341065179004
2388,GBR,Closeness Centrality,-0.6922127312872058
2389,GBR,Closeness Centrality,-0.5740965902692969
2390,GBR,Closeness Centrality,-0.6900849842717349
2391,GBR,Closeness Centrality,-0.6897735692435154
2392,GBR,Closeness Centrality,-0.6780471826636603
2393,GBR,Closeness Centrality,-0.6905185491601614
2394,GBR,Closeness Centrality,-0.7000824805225089
2395,GBR,Closeness Centrality,-0.5890905402384236
2396,GBR,Closeness Centrality,-0.695185747664987
2397,GBR,Closeness Centrality,-0.6864495310896354
2398,GBR,Closeness Centrality,-0.6855088708275031
2399,GBR,Closeness Centrality,-0.6930871478689061
2400,GBR,Closeness Centrality,-0.6830799358783356
2401,GBR,Closeness Centrality,-0.6878406483787041
2402,GBR,Closeness Centrality,-0.7000824805225089
2403,GBR,Closeness Centrality,-0.695491793468582
2404,GBR,Closeness Centrality,-0.6810134727600436
2405,GBR,Closeness Centrality,-0.6960018698079073
2406,GBR,Closeness Centrality,-0.6852698636285051
2407,GBR,Closeness Centrality,-0.7000824805225089
2408,GBR,Closeness Centrality,-0.6970220224865576
2409,GBR,Closeness Centrality,-0.685500298115918
2410,GBR,Closeness Centrality,-0.6870245262357838
2411,GBR,Closeness Centrality,-0.6905185491601614
2412,GBR,Closeness Centrality,-0.7000824805225089
2413,GBR,Closeness Centrality,-0.7000824805225089
2414,GBR,Closeness Centrality,-0.6970220224865576
2415,GBR,Closeness Centrality,-0.6930871478689061
2416,GBR,Closeness Centrality,-0.7000824805225089
2417,GBR,Closeness Centrality,-0.6931964499416187
2418,GBR,Closeness Centrality,-0.6915812082004222
2419,GBR,Closeness Centrality,-0.695491793468582
2420,GBR,Closeness Centrality,-0.6930871478689061
2421,GBR,Closeness Centrality,-0.6931964499416187
2422,GBR,Closeness Centrality,-0.6960018698079073
2423,GBR,Closeness Centrality,-0.6970220224865576
2424,GBR,Closeness Centrality,-0.7000824805225089
2425,GBR,Closeness Centrality,-0.7000824805225089
2426,GBR,Closeness Centrality,-0.6206912525799092
2427,GBR,Closeness Centrality,-0.600299670060406
2428,GBR,Closeness Centrality,-0.604069128947132
2429,GBR,Closeness Centrality,-0.6146088860342099
2430,GBR,Closeness Centrality,-0.5983883288983624
2431,GBR,Closeness Centrality,-0.6118363590973104
2432,GBR,Closeness Centrality,-0.5837064001425857
2433,GBR,Closeness Centrality,-0.5989368510064823
2434,GBR,Closeness Centrality,-0.599444743663035
2435,GBR,Closeness Centrality,-0.5994083924028275
2436,GBR,Closeness Centrality,-0.5545269935465058
2437,GBR,Closeness Centrality,-0.5973733632731788
2438,GBR,Closeness Centrality,-0.5752293821085885
2439,GBR,Closeness Centrality,-0.5949993082516006
2440,GBR,Closeness Centrality,-0.5952543644949766
2441,GBR,Closeness Centrality,-0.5999916721717712
2442,GBR,Closeness Centrality,-0.5973733632731788
2443,GBR,Closeness Centrality,-0.5991550175663877
2444,GBR,Closeness Centrality,-0.5997591731976696
2445,GBR,Closeness Centrality,-0.5754599510807288
2446,GBR,Closeness Centrality,-0.5677460509452429
2447,GBR,Closeness Centrality,-0.5926466999171772
2448,GBR,Closeness Centrality,-0.5978595602779093
2449,GBR,Closeness Centrality,-0.5820792460871447
2450,GBR,Closeness Centrality,-0.5946143882066521
2451,GBR,Closeness Centrality,-0.5674595961292704
2452,GBR,Closeness Centrality,-0.599525591574096
2453,GBR,Closeness Centrality,-0.5942266378672556
2454,GBR,Closeness Centrality,-0.5967590742944149
2455,GBR,Closeness Centrality,-0.595126991328479
2456,GBR,Closeness Centrality,-0.5896911779061718
2457,GBR,Closeness Centrality,-0.6061929505152408
2458,GBR,Closeness Centrality,-0.5820792460871447
2459,GBR,Closeness Centrality,-0.6056798929742175
2460,GBR,Closeness Centrality,-0.5914304457971169
2461,GBR,Closeness Centrality,-0.5895999454246706
2462,GBR,Closeness Centrality,-0.6021478233720705
2463,GBR,Closeness Centrality,-0.589963973546904
2464,GBR,Closeness Centrality,-0.5784228078370347
2465,GBR,Closeness Centrality,-0.5970056695360093
2466,GBR,Closeness Centrality,-0.5781081488907713
2467,GBR,Closeness Centrality,-0.5782193378895242
2468,GBR,Closeness Centrality,-0.5984608715734658
2469,GBR,Closeness Centrality,-0.5967590742944149
2470,GBR,Closeness Centrality,-0.605885787385446
2471,GBR,Closeness Centrality,-0.6212701013193277
2472,GBR,Closeness Centrality,-0.6062948935445647
2473,GBR,Closeness Centrality,-0.5824007807858786
2474,GBR,Closeness Centrality,-0.6029189624047512
2475,GBR,Closeness Centrality,-0.6072025153540286
2476,GBR,Closeness Centrality,-0.6008393075362549
2477,GBR,Closeness Centrality,-0.6008393075362549
2478,GBR,Closeness Centrality,-0.6083856996236908
2479,GBR,Closeness Centrality,-0.5991090514869498
2480,GBR,Closeness Centrality,-0.5861268504345318
2481,GBR,Closeness Centrality,-0.6077978997461343
2482,GBR,Closeness Centrality,-0.5961373931498414
2483,GBR,Closeness Centrality,-0.6257465359384412
2484,GBR,Closeness Centrality,-0.7000824805225089
2485,GBR,Closeness Centrality,-0.6076991996597424
2486,GBR,Closeness Centrality,-0.5927801605142025
2487,GBR,Closeness Centrality,-0.6144175412382986
2488,GBR,Closeness Centrality,-0.7000824805225089
2489,GBR,Closeness Centrality,-0.5858253805136642
2490,GBR,Closeness Centrality,-0.5886265223203326
2491,GBR,Closeness Centrality,-0.5998864547344938
2492,GBR,Closeness Centrality,-0.6047421189257245
2493,GBR,Closeness Centrality,-0.6010247195056664
2494,GBR,Closeness Centrality,-0.6147283623340833
2495,GBR,Closeness Centrality,-0.583034705894872
2496,GBR,Closeness Centrality,-0.6011381877313444
2497,GBR,Closeness Centrality,-0.5823443913995177
2498,GBR,Closeness Centrality,-0.5825478687162979
2499,GBR,Closeness Centrality,-0.6055766078674907
2500,GBR,Closeness Centrality,-0.6045311889221918
2501,GBR,Closeness Centrality,-0.6081906000898636
2502,GBR,Closeness Centrality,-0.5804735515079094
2503,GBR,Closeness Centrality,-0.5700912540038254
2504,GBR,Closeness Centrality,-0.6050567735844598
2505,GBR,Closeness Centrality,-0.6056798929742175
2506,GBR,Closeness Centrality,-0.6045311889221918
2507,GBR,Closeness Centrality,-0.6081906000898636
2508,GBR,Closeness Centrality,-0.6053693581467561
2509,GBR,Closeness Centrality,-0.6902890148074651
2510,GBR,Closeness Centrality,-0.6018002889648191
2511,GBR,Closeness Centrality,-0.6939615644506065
2512,GBR,Closeness Centrality,-0.5985802859200569
2513,GBR,Closeness Centrality,-0.6045311889221918
2514,GBR,Closeness Centrality,-0.6939615644506065
2515,GBR,Closeness Centrality,-0.6065993986970905
2516,GBR,Closeness Centrality,-0.6081906000898636
2517,GBR,Closeness Centrality,-0.5846321662198856
2518,GBR,Closeness Centrality,-0.6143045583708836
2519,GBR,Closeness Centrality,-0.5973733632731788
2520,GBR,Closeness Centrality,-0.7000824805225089
2521,GBR,Closeness Centrality,-0.5974953455977029
2522,GBR,Closeness Centrality,-0.5939665498017637
2523,GBR,Closeness Centrality,-0.6015894729892288
2524,GBR,Closeness Centrality,-0.6292805398612904
2525,GBR,Closeness Centrality,-0.6292805398612904
2526,GBR,Closeness Centrality,-0.5943562043821335
2527,GBR,Closeness Centrality,-0.6960018698079073
2528,GBR,Closeness Centrality,-0.6284586267856211
2529,GBR,Closeness Centrality,-0.610848629689155
2530,GBR,Closeness Centrality,-0.6156157105700332
2531,GBR,Closeness Centrality,-0.7000824805225089
2532,GBR,Closeness Centrality,-0.6095096779461464
2533,GBR,Closeness Centrality,-0.7000824805225089
2534,GBR,Closeness Centrality,-0.6082882535228419
2535,GBR,Closeness Centrality,-0.6293964186512433
2536,GBR,Closeness Centrality,-0.6289891738503388
2537,GBR,Closeness Centrality,-0.5945508137427341
2538,GBR,Closeness Centrality,-0.7000824805225089
2539,GBR,Closeness Centrality,-0.6970220224865576
2540,GBR,Closeness Centrality,-0.6290476387406941
2541,GBR,Closeness Centrality,-0.6201764975375998
2542,GBR,Closeness Centrality,-0.610756350629348
2543,GBR,Closeness Centrality,-0.6097536374181814
2544,GBR,Closeness Centrality,-0.6290476387406941
2545,GBR,Closeness Centrality,-0.6131998870906541
2546,GBR,Closeness Centrality,-0.6884167345972361
2547,GBR,Closeness Centrality,-0.6052653920409647
2548,GBR,Closeness Centrality,-0.6209165073411574
2549,GBR,Closeness Centrality,-0.6017429012319293
2550,GBR,Closeness Centrality,-0.6038927615841051
2551,GBR,Closeness Centrality,-0.6213419448737516
2552,GBR,Closeness Centrality,-0.6048472350906603
2553,GBR,Closeness Centrality,-0.7000824805225089
2554,GBR,Closeness Centrality,-0.6062256917407618
2555,GBR,Closeness Centrality,-0.6824542422354299
2556,GBR,Closeness Centrality,-0.6213419448737516
2557,GBR,Closeness Centrality,-0.6286953998558257
2558,GBR,Closeness Centrality,-0.6285772093249207
2559,GBR,Closeness Centrality,-0.6465550519953784
2560,GBR,Closeness Centrality,-0.6895530475178673
2561,GBR,Closeness Centrality,-0.7000824805225089
2562,GBR,Closeness Centrality,-0.6970220224865576
2563,GBR,Closeness Centrality,-0.5979803911529029
2564,GBR,Closeness Centrality,-0.6188234329150897
2565,GBR,Closeness Centrality,-0.6289306126422068
2566,GBR,Closeness Centrality,-0.6475291607132458
2567,GBR,Closeness Centrality,-0.641289062060289
2568,GBR,Closeness Centrality,-0.7000824805225089
2569,GBR,Closeness Centrality,-0.6119412890871143
2570,GBR,Closeness Centrality,-0.6201025105163175
2571,GBR,Closeness Centrality,-0.7000824805225089
2572,GBR,Closeness Centrality,-0.6054730965064228
2573,GBR,Closeness Centrality,-0.6464796323129578
2574,GBR,Closeness Centrality,-0.6478610161222902
2575,GBR,Closeness Centrality,-0.6895530475178673
2576,GBR,Closeness Centrality,-0.6057829525676108
2577,GBR,Closeness Centrality,-0.6061929505152408
2578,GBR,Closeness Centrality,-0.6193550341611196
2579,GBR,Closeness Centrality,-0.6301404824604144
2580,GBR,Closeness Centrality,-0.6387966212830241
2581,GBR,Closeness Centrality,-0.6423100139231684
2582,GBR,Closeness Centrality,-0.6883887901164863
2583,GBR,Closeness Centrality,-0.6428145548200546
2584,GBR,Closeness Centrality,-0.6155635298310347
2585,GBR,Closeness Centrality,-0.6478014025784544
2586,GBR,Closeness Centrality,-0.63562101215931
2587,GBR,Closeness Centrality,-0.6443173345686122
2588,GBR,Closeness Centrality,-0.5989368510064823
2589,GBR,Closeness Centrality,-0.6375347849347561
2590,GBR,Closeness Centrality,-0.6042130381177513
2591,GBR,Closeness Centrality,-0.6050567735844598
2592,GBR,Closeness Centrality,-0.6268183858603489
2593,GBR,Closeness Centrality,-0.642778309297458
2594,GBR,Closeness Centrality,-0.6454811679141067
2595,GBR,Closeness Centrality,-0.6387777483673018
2596,GBR,Closeness Centrality,-0.610756350629348
2597,GBR,Closeness Centrality,-0.6939615644506065
2598,GBR,Closeness Centrality,-0.6089660589964682
2599,GBR,Closeness Centrality,-0.6440322668095877
2600,GBR,Closeness Centrality,-0.6137041129158223
2601,GBR,Closeness Centrality,-0.638734208074578
2602,GBR,Closeness Centrality,-0.646216660205839
2603,GBR,Closeness Centrality,-0.6865804597756653
2604,GBR,Closeness Centrality,-0.6316778113508231
2605,GBR,Closeness Centrality,-0.6224738842900861
2606,GBR,Closeness Centrality,-0.6211981265437997
2607,GBR,Closeness Centrality,-0.6361755171995395
2608,GBR,Closeness Centrality,-0.6528084178049307
2609,GBR,Closeness Centrality,-0.6837600376641024
2610,GBR,Closeness Centrality,-0.6883275394298781
2611,GBR,Closeness Centrality,-0.6398465198483899
2612,GBR,Closeness Centrality,-0.6198051872077444
2613,GBR,Closeness Centrality,-0.6299132135796278
2614,GBR,Closeness Centrality,-0.6858661593232517
2615,GBR,Closeness Centrality,-0.6863104193607285
2616,GBR,Closeness Centrality,-0.683419986771219
2617,GBR,Closeness Centrality,-0.645960696307793
2618,GBR,Closeness Centrality,-0.6486667855185287
2619,GBR,Closeness Centrality,-0.7000824805225089
2620,GBR,Closeness Centrality,-0.6400558178354439
2621,GBR,Closeness Centrality,-0.6285179671781124
2622,GBR,Closeness Centrality,-0.6970220224865576
2623,GBR,Closeness Centrality,-0.7000824805225089
2624,GBR,Closeness Centrality,-0.6805921951356617
2625,GBR,Closeness Centrality,-0.6322283032980889
2626,GBR,Closeness Centrality,-0.6939615644506065
2627,GBR,Closeness Centrality,-0.682448412791552
2628,GBR,Closeness Centrality,-0.7000824805225089
2629,GBR,Closeness Centrality,-0.6438465641119056
2630,GBR,Closeness Centrality,-0.6970220224865576
2631,GBR,Closeness Centrality,-0.682448412791552
2632,GBR,Closeness Centrality,-0.6970220224865576
2633,GBR,Closeness Centrality,-0.7000824805225089
2634,GBR,Closeness Centrality,-0.6931964499416187
2635,GBR,Closeness Centrality,-0.6881368217370218
2636,GBR,Closeness Centrality,-0.6970220224865576
2637,GBR,Closeness Centrality,-0.6970220224865576
2638,GBR,Closeness Centrality,-0.7000824805225089
2639,GBR,Closeness Centrality,-0.7000824805225089
2640,GBR,Closeness Centrality,-0.6939615644506065
2641,GBR,Closeness Centrality,-0.6970220224865576
2642,GBR,Closeness Centrality,-0.6970220224865576
2643,GBR,Closeness Centrality,-0.7000824805225089
2644,GBR,Closeness Centrality,-0.6970220224865576
2645,GBR,Closeness Centrality,-0.7000824805225089
2646,GBR,Closeness Centrality,-0.7000824805225089
2647,GBR,Closeness Centrality,-0.6902890148074651
2648,GBR,Closeness Centrality,-0.6970220224865576
2649,GBR,Closeness Centrality,-0.6902890148074651
2650,GBR,Closeness Centrality,-0.6970220224865576
2651,GBR,Closeness Centrality,-0.6970220224865576
2652,GBR,Closeness Centrality,-0.6970220224865576
2653,GBR,Closeness Centrality,-0.6902890148074651
2654,GBR,Closeness Centrality,-0.7000824805225089
2655,GBR,Closeness Centrality,-0.6970220224865576
2656,GBR,Closeness Centrality,-0.7000824805225089
2657,GBR,Closeness Centrality,-0.7000824805225089
2658,GBR,Closeness Centrality,-0.6778658221874557
2659,GBR,Closeness Centrality,-0.6837600376641024
2660,GBR,Closeness Centrality,-0.7000824805225089
2661,GBR,Closeness Centrality,-0.7000824805225089
2662,GBR,Closeness Centrality,-0.6939615644506065
2663,GBR,Closeness Centrality,-0.7000824805225089
2664,GBR,Closeness Centrality,-0.6960018698079073
2665,GBR,Closeness Centrality,-0.6786592742708505
2666,GBR,Closeness Centrality,-0.7000824805225089
2667,GBR,Closeness Centrality,-0.7000824805225089
2668,GBR,Closeness Centrality,-0.7000824805225089
2669,GBR,Closeness Centrality,-0.7000824805225089
2670,GBR,Closeness Centrality,-0.6873305720393789
2671,GBR,Closeness Centrality,-0.6798294494022437
2672,GBR,Closeness Centrality,-0.6878406483787041
2673,GBR,Closeness Centrality,-0.6970220224865576
2674,GBR,Closeness Centrality,-0.6919212590933057
2675,GBR,Closeness Centrality,-0.7000824805225089
2676,GBR,Closeness Centrality,-0.6790236145132256
2677,GBR,Closeness Centrality,-0.7000824805225089
2678,GBR,Closeness Centrality,-0.6939615644506065
2679,GBR,Closeness Centrality,-0.6939615644506065
2680,GBR,Closeness Centrality,-0.7000824805225089
2681,GBR,Closeness Centrality,-0.7000824805225089
2682,GBR,Closeness Centrality,-0.7000824805225089
2683,GBR,Closeness Centrality,-0.6970220224865576
2684,GBR,Closeness Centrality,-0.7000824805225089
2685,GBR,Closeness Centrality,-0.6939615644506065
2686,GBR,Closeness Centrality,-0.6939615644506065
2687,GBR,Closeness Centrality,-0.6822761792224292
2688,GBR,Closeness Centrality,-0.685086236146348
2689,GBR,Closeness Centrality,-0.6782992203842679
2690,GBR,Closeness Centrality,-0.6817197323068017
2691,GBR,Closeness Centrality,-0.6878406483787041
2692,GBR,Closeness Centrality,-0.6794243887798384
2693,GBR,Closeness Centrality,-0.6939615644506065
2694,GBR,Closeness Centrality,-0.6800503915599192
2695,GBR,Closeness Centrality,-0.6970220224865576
2696,GBR,Closeness Centrality,-0.6810134727600436
2697,GBR,Closeness Centrality,-0.680921351949597
2698,GBR,Closeness Centrality,-0.685086236146348
2699,GBR,Closeness Centrality,-0.7000824805225089
2700,GBR,Closeness Centrality,-0.6970220224865576
2701,GBR,Closeness Centrality,-0.6782992203842679
2702,GBR,Closeness Centrality,-0.6768874301447735
2703,GBR,Closeness Centrality,-0.7000824805225089
2704,GBR,Closeness Centrality,-0.6931964499416187
2705,GBR,Closeness Centrality,-0.7000824805225089
2706,GBR,Closeness Centrality,-0.6970220224865576
2707,GBR,Closeness Centrality,-0.67400205552049
2708,GBR,Closeness Centrality,-0.6790964825617006
2709,GBR,Closeness Centrality,-0.6878406483787041
2710,GBR,Closeness Centrality,-0.678563634957227
2711,GBR,Closeness Centrality,-0.6800874880209611
2712,GBR,Closeness Centrality,-0.6810337675746058
2713,GBR,Closeness Centrality,-0.6835925499108912
2714,GBR,Closeness Centrality,-0.6367087698793051
2715,GBR,Closeness Centrality,-0.6853048402917731
2716,GBR,Closeness Centrality,-0.6778694786486695
2717,GBR,Closeness Centrality,-0.6786592742708505
2718,GBR,Closeness Centrality,-0.6760645381099353
2719,GBR,Closeness Centrality,-0.6855453048517407
2720,GBR,Closeness Centrality,-0.6678671327756541
2721,GBR,Closeness Centrality,-0.6760788880836759
2722,GBR,Closeness Centrality,-0.674811841311369
2723,GBR,Closeness Centrality,-0.678526210877983
2724,GBR,Closeness Centrality,-0.6774037017432808
2725,GBR,Closeness Centrality,-0.6737771150230235
2726,GBR,Closeness Centrality,-0.6721341467602375
2727,GBR,Closeness Centrality,-0.6721689925739195
2728,GBR,Closeness Centrality,-0.6724618467480493
2729,GBR,Closeness Centrality,-0.6697207936579137
2730,GBR,Closeness Centrality,-0.6749728134548183
2731,GBR,Closeness Centrality,-0.677482175026254
2732,GBR,Closeness Centrality,-0.6407566785948395
2733,GBR,Closeness Centrality,-0.6691557466855284
2734,GBR,Closeness Centrality,-0.6691557466855284
2735,GBR,Closeness Centrality,-0.6732140437393529
2736,GBR,Closeness Centrality,-0.6716498381239945
2737,GBR,Closeness Centrality,-0.6687359709421603
2738,GBR,Closeness Centrality,-0.6728742621297232
2739,GBR,Closeness Centrality,-0.6687941808145397
2740,GBR,Closeness Centrality,-0.6666608876526328
2741,GBR,Closeness Centrality,-0.6702041105444091
2742,GBR,Closeness Centrality,-0.6666559193766003
2743,GBR,Closeness Centrality,-0.6620406580541263
2744,GBR,Closeness Centrality,-0.6660182519484433
2745,GBR,Closeness Centrality,-0.6608116526552539
2746,GBR,Closeness Centrality,-0.676191162951535
2747,GBR,Closeness Centrality,-0.6719532706332516
2748,GBR,Closeness Centrality,-0.6602965260551433
2749,GBR,Closeness Centrality,-0.6731418287975864
2750,GBR,Closeness Centrality,-0.6613166787337937
2751,GBR,Closeness Centrality,-0.6612045740438321
2752,GBR,Closeness Centrality,-0.6591630230788651
2753,GBR,Closeness Centrality,-0.6570216410230426
2754,GBR,Closeness Centrality,-0.7000824805225089
2755,GBR,Closeness Centrality,-0.6588714272750439
2756,GBR,Closeness Centrality,-0.7000824805225089
2757,GBR,Closeness Centrality,-0.6681930852328098
2758,GBR,Closeness Centrality,-0.6561827935003258
2759,GBR,Closeness Centrality,-0.6534579853403282
2760,GBR,Closeness Centrality,-0.6752101866430325
2761,GBR,Closeness Centrality,-0.6564386247281344
2762,GBR,Closeness Centrality,-0.6625304370302902
2763,GBR,Closeness Centrality,-0.6671310915345321
2764,GBR,Closeness Centrality,-0.6611049489325643
2765,GBR,Closeness Centrality,-0.6548094326534083
2766,GBR,Closeness Centrality,-0.6610460259823151
2767,GBR,Closeness Centrality,-0.6596625740334106
2768,GBR,Closeness Centrality,-0.6626070705326164
2769,GBR,Closeness Centrality,-0.6661770920195103
2770,GBR,Closeness Centrality,-0.6588468354065349
2771,GBR,Closeness Centrality,-0.6558539256803754
2772,GBR,Closeness Centrality,-0.6473426071405974
2773,GBR,Closeness Centrality,-0.6527940317841543
2774,GBR,Closeness Centrality,-0.6578591552839965
2775,GBR,Closeness Centrality,-0.6652292643013235
2776,GBR,Closeness Centrality,-0.6520532233759337
2777,GBR,Closeness Centrality,-0.7000824805225089
2778,GBR,Closeness Centrality,-0.6671310915345321
2779,GBR,Closeness Centrality,-0.6590313087665378
2780,GBR,Closeness Centrality,-0.6533975274317279
2781,GBR,Closeness Centrality,-0.6491090143830537
2782,GBR,Closeness Centrality,-0.6641220986000823
2783,GBR,Closeness Centrality,-0.6451016203678769
2784,GBR,Closeness Centrality,-0.6536131474252823
2785,GBR,Closeness Centrality,-0.6581864207777243
2786,GBR,Closeness Centrality,-0.6511913911154451
2787,GBR,Closeness Centrality,-0.640371265508845
2788,GBR,Closeness Centrality,-0.649231793155935
2789,GBR,Closeness Centrality,-0.6385886260326987
2790,GBR,Closeness Centrality,-0.6970220224865576
2791,GBR,Closeness Centrality,-0.6575239328839598
2792,GBR,Closeness Centrality,-0.6515643934938514
2793,GBR,Closeness Centrality,-0.7000824805225089
2794,GBR,Closeness Centrality,-0.6357368929510385
2795,GBR,Closeness Centrality,-0.6403939848900982
2796,GBR,Closeness Centrality,-0.6960018698079073
2797,GBR,Closeness Centrality,-0.6442291213663994
2798,GBR,Closeness Centrality,-0.6503593681030456
2799,GBR,Closeness Centrality,-0.6329264097068706
2800,GBR,Closeness Centrality,-0.6566652053803619
2801,GBR,Closeness Centrality,-0.7000824805225089
2802,GBR,Closeness Centrality,-0.6515130114919633
2803,GBR,Closeness Centrality,-0.6577209717599533
2804,GBR,Closeness Centrality,-0.6931964499416187
2805,GBR,Closeness Centrality,-0.6286130045575332
2806,GBR,Closeness Centrality,-0.6557137267796597
2807,GBR,Closeness Centrality,-0.6608531745819721
2808,GBR,Closeness Centrality,-0.6441419564223376
2809,GBR,Closeness Centrality,-0.6272048188484731
2810,GBR,Closeness Centrality,-0.6902890148074651
2811,GBR,Closeness Centrality,-0.6319043249987286
2812,GBR,Closeness Centrality,-0.6639915190572151
2813,GBR,Closeness Centrality,-0.6597798253477749
2814,GBR,Closeness Centrality,-0.6287431323651382
2815,GBR,Closeness Centrality,-0.629802408087587
2816,GBR,Closeness Centrality,-0.6451216254992188
2817,GBR,Closeness Centrality,-0.6352645978947831
2818,GBR,Closeness Centrality,-0.6567039210690307
2819,GBR,Closeness Centrality,-0.6606818675691313
2820,GBR,Closeness Centrality,-0.6343272813415946
2821,GBR,Closeness Centrality,-0.6606244322732809
2822,GBR,Closeness Centrality,-0.6371331291295546
2823,GBR,Closeness Centrality,-0.6321912110000435
2824,GBR,Closeness Centrality,-0.6426737401217233
2825,GBR,Closeness Centrality,-0.6521316902674683
2826,GBR,Closeness Centrality,-0.6244872582249285
2827,GBR,Closeness Centrality,-0.6389113593948922
2828,GBR,Closeness Centrality,-0.6520891807016393
2829,GBR,Closeness Centrality,-0.6391865950355113
2830,GBR,Closeness Centrality,-0.6371331291295546
2831,GBR,Closeness Centrality,-0.6467460842683801
2832,GBR,Closeness Centrality,-0.6446715877917609
2833,GBR,Closeness Centrality,-0.6410460113862594
2834,GBR,Closeness Centrality,-0.6175574161963797
2835,GBR,Closeness Centrality,-0.6372791833091205
2836,GBR,Closeness Centrality,-0.6423677233818471
2837,GBR,Closeness Centrality,-0.6395271760505393
2838,GBR,Closeness Centrality,-0.6257192357451177
2839,GBR,Closeness Centrality,-0.6357109678020085
2840,GBR,Closeness Centrality,-0.7000824805225089
2841,GBR,Closeness Centrality,-0.6970220224865576
2842,GBR,Closeness Centrality,-0.7000824805225089
2843,GBR,Closeness Centrality,-0.7000824805225089
2844,GBR,Closeness Centrality,-0.7000824805225089
2845,GBR,Closeness Centrality,-0.6970220224865576
2846,GBR,Closeness Centrality,-0.7000824805225089
2847,GBR,Closeness Centrality,-0.7000824805225089
2848,GBR,Closeness Centrality,-0.6946416662363734
2849,GBR,Closeness Centrality,-0.6970220224865576
2850,GBR,Closeness Centrality,-0.6945736560577968
2851,GBR,Closeness Centrality,-0.6891522732512545
2852,GBR,Closeness Centrality,-0.7000824805225089
2853,GBR,Closeness Centrality,-0.7000824805225089
2854,GBR,Closeness Centrality,-0.6970220224865576
2855,GBR,Closeness Centrality,-0.6945736560577968
2856,GBR,Closeness Centrality,-0.7000824805225089
2857,GBR,Closeness Centrality,-0.6970220224865576
2858,GBR,Closeness Centrality,-0.6970220224865576
2859,GBR,Closeness Centrality,-0.7000824805225089
2860,GBR,Closeness Centrality,-0.7000824805225089
2861,GBR,Closeness Centrality,-0.6939615644506065
2862,GBR,Closeness Centrality,-0.7000824805225089
2863,GBR,Closeness Centrality,-0.6895020398839348
2864,GBR,Closeness Centrality,-0.7000824805225089
2865,GBR,Closeness Centrality,-0.7000824805225089
2866,GBR,Closeness Centrality,-0.6912611603012377
2867,GBR,Closeness Centrality,-0.6935623742720042
2868,GBR,Closeness Centrality,-0.688546907925462
2869,GBR,Closeness Centrality,-0.6937641155450612
2870,GBR,Closeness Centrality,-0.6908083652620507
2871,GBR,Closeness Centrality,-0.7000824805225089
2872,GBR,Closeness Centrality,-0.6927956756750061
2873,GBR,Closeness Centrality,-0.6970220224865576
2874,GBR,Closeness Centrality,-0.6902890148074651
2875,GBR,Closeness Centrality,-0.7000824805225089
2876,GBR,Closeness Centrality,-0.7000824805225089
2877,GBR,Closeness Centrality,-0.7000824805225089
2878,GBR,Closeness Centrality,-0.6939615644506065
2879,GBR,Closeness Centrality,-0.6902890148074651
2880,GBR,Closeness Centrality,-0.7000824805225089
2881,GBR,Closeness Centrality,-0.7000824805225089
2882,GBR,Closeness Centrality,-0.6931964499416187
2883,GBR,Closeness Centrality,-0.6939615644506065
2884,GBR,Closeness Centrality,-0.6970220224865576
2885,GBR,Closeness Centrality,-0.7000824805225089
2886,GBR,Closeness Centrality,-0.7000824805225089
2887,GBR,Closeness Centrality,-0.7000824805225089
2888,GBR,Closeness Centrality,-0.7000824805225089
2889,GBR,Closeness Centrality,-0.7000824805225089
2890,GBR,Closeness Centrality,-0.7000824805225089
2891,IO,Closeness Centrality,2.2122920905542696
2892,IO,Closeness Centrality,2.1590980344615427
2893,IO,Closeness Centrality,1.898094004048061
2894,IO,Closeness Centrality,1.7651164674361817
2895,IO,Closeness Centrality,1.7945809966946518
2896,IO,Closeness Centrality,1.845285538914513
2897,IO,Closeness Centrality,1.536205136554303
2898,IO,Closeness Centrality,1.5686151020191845
2899,IO,Closeness Centrality,1.7458571006552543
2900,IO,Closeness Centrality,1.671737719407443
2901,IO,Closeness Centrality,1.5686151020191845
2902,IO,Closeness Centrality,1.512498907398012
2903,IO,Closeness Centrality,1.671737719407443
2904,IO,Closeness Centrality,1.6190306038534443
2905,IO,Closeness Centrality,1.6276518420853252
2906,IO,Closeness Centrality,1.6019783017624447
2907,IO,Closeness Centrality,1.5686151020191845
2908,IO,Closeness Centrality,1.536205136554303
2909,IO,Closeness Centrality,1.5442205043574457
2910,IO,Closeness Centrality,1.4816615361377954
2911,IO,Closeness Centrality,1.4590917704482063
2912,IO,Closeness Centrality,1.4969720204652361
2913,IO,Closeness Centrality,1.7175257541551257
2914,IO,Closeness Centrality,1.708227260944827
2915,IO,Closeness Centrality,1.8045596506035202
2916,IO,Closeness Centrality,1.197373679421453
2917,IO,Closeness Centrality,1.197373679421453
2918,IO,Closeness Centrality,1.2031410233726503
2919,IO,Closeness Centrality,1.244515447370371
2920,IO,Closeness Centrality,1.294059343622419
2921,IO,Closeness Centrality,2.267502982896957
2922,IO,Closeness Centrality,2.702963893290031
2923,IO,Closeness Centrality,2.702963893290031
2924,IO,Closeness Centrality,2.702963893290031
2925,IO,Closeness Centrality,2.702963893290031
2926,IO,Closeness Centrality,2.721559775114143
2927,IO,Closeness Centrality,2.702963893290031
2928,IO,Closeness Centrality,2.702963893290031
2929,IO,Closeness Centrality,2.561170294381175
2930,IO,Closeness Centrality,2.561170294381175
2931,IO,Closeness Centrality,2.462344452717428
2932,IO,Closeness Centrality,2.5109971747672724
2933,IO,Closeness Centrality,2.462344452717428
2934,IO,Closeness Centrality,2.527549131753302
2935,IO,Closeness Centrality,2.527549131753302
2936,IO,Closeness Centrality,2.4783973813125533
2937,IO,Closeness Centrality,2.4783973813125533
2938,IO,Closeness Centrality,2.494614115301508
2939,IO,Closeness Centrality,2.527549131753302
2940,IO,Closeness Centrality,2.494614115301508
2941,IO,Closeness Centrality,2.494614115301508
2942,IO,Closeness Centrality,2.494614115301508
2943,IO,Closeness Centrality,2.494614115301508
2944,IO,Closeness Centrality,2.5109971747672724
2945,IO,Closeness Centrality,2.494614115301508
2946,IO,Closeness Centrality,2.5109971747672724
2947,IO,Closeness Centrality,2.5109971747672724
2948,IO,Closeness Centrality,2.462344452717428
2949,IO,Closeness Centrality,2.462344452717428
2950,IO,Closeness Centrality,2.4783973813125533
2951,IO,Closeness Centrality,2.4464528600880806
2952,IO,Closeness Centrality,2.4307201833850276
2953,IO,Closeness Centrality,2.4464528600880806
2954,IO,Closeness Centrality,2.4151440507287716
2955,IO,Closeness Centrality,2.462344452717428
2956,IO,Closeness Centrality,2.4464528600880806
2957,IO,Closeness Centrality,2.4307201833850276
2958,IO,Closeness Centrality,2.4307201833850276
2959,IO,Closeness Centrality,2.462344452717428
2960,IO,Closeness Centrality,2.2816343422465737
2961,IO,Closeness Centrality,2.2122920905542696
2962,IO,Closeness Centrality,2.339531756280925
2963,IO,Closeness Centrality,2.721559775114143
2964,IO,Closeness Centrality,2.5442726116096535
2965,IO,Closeness Centrality,2.5442726116096535
2966,IO,Closeness Centrality,2.7593679768338855
2967,IO,Closeness Centrality,2.721559775114143
2968,IO,Closeness Centrality,2.5954992709591087
2969,IO,Closeness Centrality,2.4783973813125533
2970,IO,Closeness Centrality,2.561170294381175
2971,IO,Closeness Centrality,2.5954992709591087
2972,IO,Closeness Centrality,2.666371996797423
2973,IO,Closeness Centrality,2.721559775114143
2974,IO,Closeness Centrality,2.6845690480261797
2975,IO,Closeness Centrality,2.702963893290031
2976,IO,Closeness Centrality,2.527549131753302
2977,IO,Closeness Centrality,2.527549131753302
2978,IO,Closeness Centrality,2.7785871460414207
2979,IO,Closeness Centrality,2.5954992709591087
2980,IO,Closeness Centrality,2.5442726116096535
2981,IO,Closeness Centrality,2.239638330658277
2982,IO,Closeness Centrality,2.1332230976743567
2983,IO,Closeness Centrality,2.1332230976743567
2984,IO,Closeness Centrality,2.1078122853138472
2985,IO,Closeness Centrality,2.022354618527523
2986,IO,Closeness Centrality,1.8873577375828936
2987,IO,Closeness Centrality,1.9419450839564254
2988,IO,Closeness Centrality,1.4590917704482063
2989,IO,Closeness Centrality,1.4153247248204213
2990,IO,Closeness Centrality,1.3940999033621313
2991,IO,Closeness Centrality,2.5442726116096535
2992,IO,Closeness Centrality,2.702963893290031
2993,IO,Closeness Centrality,2.7593679768338855
2994,IO,Closeness Centrality,2.7593679768338855
2995,IO,Closeness Centrality,1.3197902058694502
2996,IO,Closeness Centrality,2.7593679768338855
2997,IO,Closeness Centrality,2.7785871460414207
2998,IO,Closeness Centrality,2.7785871460414207
2999,IO,Closeness Centrality,1.220655350095612
3000,IO,Closeness Centrality,2.7785871460414207
3001,IO,Closeness Centrality,2.7785871460414207
3002,IO,Closeness Centrality,2.7593679768338855
3003,IO,Closeness Centrality,2.7593679768338855
3004,IO,Closeness Centrality,2.7593679768338855
3005,IO,Closeness Centrality,2.666371996797423
3006,IO,Closeness Centrality,2.666371996797423
3007,IO,Closeness Centrality,2.666371996797423
3008,IO,Closeness Centrality,2.7593679768338855
3009,IO,Closeness Centrality,2.7593679768338855
3010,IO,Closeness Centrality,2.7593679768338855
3011,IO,Closeness Centrality,2.7593679768338855
3012,IO,Closeness Centrality,2.7593679768338855
3013,IO,Closeness Centrality,2.7593679768338855
3014,IO,Closeness Centrality,2.7593679768338855
3015,IO,Closeness Centrality,2.7593679768338855
3016,IO,Closeness Centrality,2.7593679768338855
3017,IO,Closeness Centrality,2.7593679768338855
3018,IO,Closeness Centrality,2.7593679768338855
3019,IO,Closeness Centrality,2.7593679768338855
3020,IO,Closeness Centrality,2.7593679768338855
3021,IO,Closeness Centrality,2.7593679768338855
3022,IO,Closeness Centrality,2.7593679768338855
3023,IO,Closeness Centrality,2.7593679768338855
3024,IO,Closeness Centrality,2.7593679768338855
3025,IO,Closeness Centrality,2.740360007287971
3026,IO,Closeness Centrality,2.7593679768338855
3027,IO,Closeness Centrality,2.7593679768338855
3028,IO,Closeness Centrality,2.7593679768338855
3029,IO,Closeness Centrality,2.7593679768338855
3030,IO,Closeness Centrality,2.7593679768338855
3031,IO,Closeness Centrality,2.7593679768338855
3032,IO,Closeness Centrality,2.7593679768338855
3033,IO,Closeness Centrality,2.7593679768338855
3034,IO,Closeness Centrality,2.7593679768338855
3035,IO,Closeness Centrality,2.7593679768338855
3036,IO,Closeness Centrality,2.7593679768338855
3037,IO,Closeness Centrality,2.7593679768338855
3038,IO,Closeness Centrality,2.7593679768338855
3039,IO,Closeness Centrality,2.7593679768338855
3040,IO,Closeness Centrality,2.7593679768338855
3041,IO,Closeness Centrality,2.7593679768338855
3042,IO,Closeness Centrality,2.740360007287971
3043,IO,Closeness Centrality,2.7593679768338855
3044,IO,Closeness Centrality,2.7593679768338855
3045,IO,Closeness Centrality,2.7593679768338855
3046,IO,Closeness Centrality,2.7593679768338855
3047,IO,Closeness Centrality,2.7593679768338855
3048,IO,Closeness Centrality,2.7593679768338855
3049,IO,Closeness Centrality,2.7593679768338855
3050,IO,Closeness Centrality,2.7593679768338855
3051,IO,Closeness Centrality,2.7593679768338855
3052,IO,Closeness Centrality,2.7593679768338855
3053,IO,Closeness Centrality,2.7593679768338855
3054,IO,Closeness Centrality,2.7593679768338855
3055,IO,Closeness Centrality,2.7593679768338855
3056,IO,Closeness Centrality,2.7593679768338855
3057,IO,Closeness Centrality,2.740360007287971
3058,IO,Closeness Centrality,2.7593679768338855
3059,IO,Closeness Centrality,2.740360007287971
3060,IO,Closeness Centrality,2.740360007287971
3061,IO,Closeness Centrality,2.740360007287971
3062,IO,Closeness Centrality,2.740360007287971
3063,IO,Closeness Centrality,2.740360007287971
3064,IO,Closeness Centrality,2.740360007287971
3065,IO,Closeness Centrality,2.740360007287971
3066,IO,Closeness Centrality,2.7593679768338855
3067,IO,Closeness Centrality,2.7593679768338855
3068,IO,Closeness Centrality,2.740360007287971
3069,IO,Closeness Centrality,2.7593679768338855
3070,IO,Closeness Centrality,2.7593679768338855
3071,Caribbean,Closeness Centrality,0.6438557438884273
3072,Caribbean,Closeness Centrality,0.2993813113710981
3073,Caribbean,Closeness Centrality,0.45314497166242235
3074,Caribbean,Closeness Centrality,0.4406098906604121
3075,Caribbean,Closeness Centrality,0.4613497519546472
3076,Caribbean,Closeness Centrality,0.4567771841102488
3077,Caribbean,Closeness Centrality,0.6945692145273975
3078,Caribbean,Closeness Centrality,0.9923254304127082
3079,Caribbean,Closeness Centrality,0.7154568551214628
3080,Caribbean,Closeness Centrality,0.7626414996429287
3081,Caribbean,Closeness Centrality,0.7471355917259807
3082,Caribbean,Closeness Centrality,0.9123691511559262
3083,Caribbean,Closeness Centrality,0.5811356042939329
3084,Caribbean,Closeness Centrality,1.1615662215062301
3085,Caribbean,Closeness Centrality,1.2379114364159256
3086,Caribbean,Closeness Centrality,0.8997718727834387
3087,Caribbean,Closeness Centrality,0.7369796754294998
3088,Caribbean,Closeness Centrality,0.935986951353613
3089,Caribbean,Closeness Centrality,1.1729177379820148
3090,Caribbean,Closeness Centrality,0.7802646801268497
3091,Caribbean,Closeness Centrality,1.01596241240901
3092,Caribbean,Closeness Centrality,0.935986951353613
3093,Caribbean,Closeness Centrality,0.6851352684503971
3094,Caribbean,Closeness Centrality,1.114818765177591
3095,Caribbean,Closeness Centrality,0.632551080582662
3096,Caribbean,Closeness Centrality,0.8473836949673748
3097,Caribbean,Closeness Centrality,1.020769260848594
3098,Caribbean,Closeness Centrality,0.7170895417831054
3099,Caribbean,Closeness Centrality,0.7138279260815965
3100,Caribbean,Closeness Centrality,1.2564273018643823
3101,Caribbean,Closeness Centrality,0.7437343741648798
3102,Caribbean,Closeness Centrality,0.5176461055418793
3103,Caribbean,Closeness Centrality,0.7187259990836893
3104,Caribbean,Closeness Centrality,0.8591664323442012
3105,Caribbean,Closeness Centrality,0.7591670958895668
3106,Caribbean,Closeness Centrality,1.0526823459239498
3107,Caribbean,Closeness Centrality,0.8434955889988073
3108,Caribbean,Closeness Centrality,1.0884009886754062
3109,Caribbean,Closeness Centrality,0.6758280943251592
3110,Caribbean,Closeness Centrality,0.9447476979767782
3111,Caribbean,Closeness Centrality,0.7643849132068923
3112,Caribbean,Closeness Centrality,0.6773705949696073
3113,Caribbean,Closeness Centrality,0.7025295552525683
3114,Caribbean,Closeness Centrality,0.7336259714482817
3115,Caribbean,Closeness Centrality,0.8473836949673748
3116,Caribbean,Closeness Centrality,0.7749332977955796
3117,Caribbean,Closeness Centrality,0.7784832756013992
3118,Caribbean,Closeness Centrality,0.9761632811950459
3119,Caribbean,Closeness Centrality,0.9558314592874205
3120,Caribbean,Closeness Centrality,0.8711299789902374
3121,Caribbean,Closeness Centrality,0.6140224856154243
3122,Caribbean,Closeness Centrality,0.6590858196312165
3123,Caribbean,Closeness Centrality,0.931641481415031
3124,Caribbean,Closeness Centrality,0.9208781307426198
3125,Caribbean,Closeness Centrality,0.9830519624075836
3126,Caribbean,Closeness Centrality,0.7089635554166741
3127,Caribbean,Closeness Centrality,0.6098195912674352
3128,Caribbean,Closeness Centrality,1.0910081074351696
3129,Caribbean,Closeness Centrality,0.7802646801268497
3130,Caribbean,Closeness Centrality,0.669692484180911
3131,Caribbean,Closeness Centrality,0.828136603232426
3132,Caribbean,Closeness Centrality,0.6456876655223626
3133,Caribbean,Closeness Centrality,0.6681671223048492
3134,Caribbean,Closeness Centrality,0.7454329822292176
3135,Caribbean,Closeness Centrality,0.8591664323442012
3136,Caribbean,Closeness Centrality,0.730287884249281
3137,Caribbean,Closeness Centrality,0.9603069023679879
3138,Caribbean,Closeness Centrality,0.6530982940798783
3139,Caribbean,Closeness Centrality,0.6042573744020853
3140,Caribbean,Closeness Centrality,0.7488422168111795
3141,Caribbean,Closeness Centrality,0.8997718727834387
3142,Caribbean,Closeness Centrality,0.9784532344214358
3143,Caribbean,Closeness Centrality,0.6530982940798783
3144,Caribbean,Closeness Centrality,0.6296665923551616
3145,Caribbean,Closeness Centrality,0.6070325655827757
3146,Caribbean,Closeness Centrality,1.0452131776294338
3147,Caribbean,Closeness Centrality,0.9018577324357279
3148,Caribbean,Closeness Centrality,0.6354481100633255
3149,Caribbean,Closeness Centrality,0.723658125895762
3150,Caribbean,Closeness Centrality,0.644215269301307
3151,Caribbean,Closeness Centrality,0.9230194261339872
3152,Caribbean,Closeness Centrality,0.9923254304127082
3153,Caribbean,Closeness Centrality,0.7505528717076771
3154,Caribbean,Closeness Centrality,0.6993345392257458
3155,Caribbean,Closeness Centrality,0.6140224856154243
3156,Caribbean,Closeness Centrality,0.644215269301307
3157,Caribbean,Closeness Centrality,0.7154568551214628
3158,Caribbean,Closeness Centrality,0.8357776986512007
3159,Caribbean,Closeness Centrality,0.6993345392257458
3160,Caribbean,Closeness Centrality,0.9807494529097315
3161,Caribbean,Closeness Centrality,1.060215719103519
3162,Caribbean,Closeness Centrality,0.7122027417061896
3163,Caribbean,Closeness Centrality,0.7874334315101394
3164,Caribbean,Closeness Centrality,0.916612444923501
3165,Caribbean,Closeness Centrality,0.7089635554166741
3166,Caribbean,Closeness Centrality,1.2564273018643823
3167,Caribbean,Closeness Centrality,0.8243444963248454
3168,Caribbean,Closeness Centrality,0.9648066025926233
3169,Caribbean,Closeness Centrality,0.6331405449617037
3170,Caribbean,Closeness Centrality,0.7269653050047473
3171,Caribbean,Closeness Centrality,0.7731646937448383
3172,Caribbean,Closeness Centrality,0.6681671223048492
3173,Caribbean,Closeness Centrality,0.6196684790252543
3174,Caribbean,Closeness Centrality,0.6866987196343393
3175,Caribbean,Closeness Centrality,0.575813826163854
3176,Caribbean,Closeness Centrality,0.7454329822292176
3177,Caribbean,Closeness Centrality,1.0040619623886806
3178,Caribbean,Closeness Centrality,1.1643911816003554
3179,Caribbean,Closeness Centrality,0.8853215753987396
3180,Caribbean,Closeness Centrality,0.7269653050047473
3181,Caribbean,Closeness Centrality,0.725309797132906
3182,Caribbean,Closeness Centrality,0.9784532344214358
3183,Caribbean,Closeness Centrality,1.0064288296705015
3184,Caribbean,Closeness Centrality,0.9761632811950459
3185,Caribbean,Closeness Centrality,0.9208781307426198
3186,Caribbean,Closeness Centrality,0.6210875660785315
3187,Caribbean,Closeness Centrality,0.9039490381967701
3188,Caribbean,Closeness Centrality,0.994659786151929
3189,Caribbean,Closeness Centrality,0.9381683772627811
3190,Caribbean,Closeness Centrality,0.8651253453870039
3191,Caribbean,Closeness Centrality,0.8532527196531771
3192,Caribbean,Closeness Centrality,0.9784532344214358
3193,Caribbean,Closeness Centrality,0.841558853654364
3194,Caribbean,Closeness Centrality,1.0040619623886806
3195,Caribbean,Closeness Centrality,0.637997459444342
3196,Caribbean,Closeness Centrality,0.8512914378347735
3197,Caribbean,Closeness Centrality,0.9580661609605783
3198,Caribbean,Closeness Centrality,0.820571162223738
3199,Caribbean,Closeness Centrality,0.8512914378347735
3200,Caribbean,Closeness Centrality,0.9899974965599775
3201,Caribbean,Closeness Centrality,0.8935467585682403
3202,Caribbean,Closeness Centrality,1.0017016515259227
3203,Caribbean,Closeness Centrality,0.7208186549548626
3204,Caribbean,Closeness Centrality,0.6515382868037122
3205,Caribbean,Closeness Centrality,1.0806249735919369
3206,Caribbean,Closeness Centrality,1.0551862956760163
3207,Caribbean,Closeness Centrality,1.042737580951204
3208,Caribbean,Closeness Centrality,0.5252818014488025
3209,Caribbean,Closeness Centrality,1.01596241240901
3210,Caribbean,Closeness Centrality,0.5252818014488025
3211,Caribbean,Closeness Centrality,1.011182343069368
3212,Caribbean,Closeness Centrality,0.670450890824135
3213,Caribbean,Closeness Centrality,0.574168841319297
3214,Caribbean,Closeness Centrality,0.725309797132906
3215,Caribbean,Closeness Centrality,0.6465827569510036
3216,Caribbean,Closeness Centrality,0.5708619607262819
3217,Caribbean,Closeness Centrality,1.0962452144175023
3218,Caribbean,Closeness Centrality,1.0280302386602866
3219,Caribbean,Closeness Centrality,0.5191804025344224
3220,Caribbean,Closeness Centrality,0.7983176942811101
3221,Caribbean,Closeness Centrality,0.5151464475863433
3222,Caribbean,Closeness Centrality,0.9403556280742434
3223,Caribbean,Closeness Centrality,0.8357776986512007
3224,Caribbean,Closeness Centrality,0.7983176942811101
3225,Caribbean,Closeness Centrality,0.6070325655827757
3226,Caribbean,Closeness Centrality,1.0017016515259227
3227,Caribbean,Closeness Centrality,1.01596241240901
3228,Caribbean,Closeness Centrality,0.6279597003738892
3229,Caribbean,Closeness Centrality,0.5242606645471597
3230,Caribbean,Closeness Centrality,0.9273190338337397
3231,Caribbean,Closeness Centrality,1.1672247281993264
3232,Caribbean,Closeness Centrality,0.5410166541633169
3233,Caribbean,Closeness Centrality,0.18232699340157657
3234,Caribbean,Closeness Centrality,0.4992740697498196
3235,Caribbean,Closeness Centrality,0.6490559713448946
3236,Caribbean,Closeness Centrality,0.918742477763351
3237,Caribbean,Closeness Centrality,0.9491633494626825
3238,Caribbean,Closeness Centrality,1.020769260848594
3239,Caribbean,Closeness Centrality,1.018362475196327
3240,Caribbean,Closeness Centrality,0.670450890824135
3241,Caribbean,Closeness Centrality,0.994659786151929
3242,Caribbean,Closeness Centrality,1.1121419196824578
3243,Caribbean,Closeness Centrality,1.0576974098050553
3244,Caribbean,Closeness Centrality,0.8997718727834387
3245,Caribbean,Closeness Centrality,0.5324777326348756
3246,Caribbean,Closeness Centrality,0.8771808613760373
3247,Caribbean,Closeness Centrality,1.0088022807277937
3248,Caribbean,Closeness Centrality,0.18126831376879424
3249,Caribbean,Closeness Centrality,0.7386624180008724
3250,Caribbean,Closeness Centrality,0.8611476889043876
3251,Caribbean,Closeness Centrality,0.18232699340157657
3252,Caribbean,Closeness Centrality,0.8493351025026709
3253,Caribbean,Closeness Centrality,0.9039490381967701
3254,Caribbean,Closeness Centrality,0.5201930793475926
3255,Caribbean,Closeness Centrality,0.5293834392127231
3256,Caribbean,Closeness Centrality,1.1931195893372253
3257,Caribbean,Closeness Centrality,0.7488422168111795
3258,Caribbean,Closeness Centrality,0.820571162223738
3259,Caribbean,Closeness Centrality,0.7983176942811101
3260,Caribbean,Closeness Centrality,0.4271543482288374
3261,Caribbean,Closeness Centrality,0.9230194261339872
3262,Caribbean,Closeness Centrality,0.49829580176427923
3263,Caribbean,Closeness Centrality,0.8168164618712783
3264,Caribbean,Closeness Centrality,0.6866987196343393
3265,Caribbean,Closeness Centrality,0.8376999266601788
3266,Caribbean,Closeness Centrality,0.8771808613760373
3267,Caribbean,Closeness Centrality,0.5068803321876755
3268,Caribbean,Closeness Centrality,0.5324777326348756
3269,Caribbean,Closeness Centrality,0.7286246628948954
3270,Caribbean,Closeness Centrality,0.4549582223734049
3271,Caribbean,Closeness Centrality,1.0936228382205095
3272,Caribbean,Closeness Centrality,0.994659786151929
3273,Caribbean,Closeness Centrality,0.7626414996429287
3274,Caribbean,Closeness Centrality,0.9381683772627811
3275,Caribbean,Closeness Centrality,0.4847662594379228
3276,Caribbean,Closeness Centrality,0.725309797132906
3277,Caribbean,Closeness Centrality,0.7557091585047039
3278,Caribbean,Closeness Centrality,0.4752869387443729
3279,Caribbean,Closeness Centrality,0.5744902822772501
3280,Caribbean,Closeness Centrality,1.1503514702891893
3281,Caribbean,Closeness Centrality,1.0064288296705015
3282,Caribbean,Closeness Centrality,0.9761632811950459
3283,Caribbean,Closeness Centrality,1.1068118479171494
3284,Caribbean,Closeness Centrality,1.0040619623886806
3285,Caribbean,Closeness Centrality,1.0231827976527612
3286,Caribbean,Closeness Centrality,0.9491633494626825
3287,Caribbean,Closeness Centrality,0.7386624180008724
3288,Caribbean,Closeness Centrality,0.8454371966334252
3289,Caribbean,Closeness Centrality,0.7319549825765209
3290,Caribbean,Closeness Centrality,0.8075103333903346
3291,Caribbean,Closeness Centrality,0.7454329822292176
3292,Caribbean,Closeness Centrality,0.8319476233914158
3293,Caribbean,Closeness Centrality,0.897691437993704
3294,Caribbean,Closeness Centrality,0.6977424834581141
3295,Caribbean,Closeness Centrality,0.9830519624075836
3296,Caribbean,Closeness Centrality,0.18179733585420327
3297,Caribbean,Closeness Centrality,0.9558314592874205
3298,Caribbean,Closeness Centrality,1.0627412545405723
3299,Caribbean,Closeness Centrality,0.21133921555913024
3300,Caribbean,Closeness Centrality,0.22686501101288695
3301,Caribbean,Closeness Centrality,1.1201962503500358
3302,Caribbean,Closeness Centrality,0.6182524372231645
3303,Caribbean,Closeness Centrality,0.7025295552525683
3304,Caribbean,Closeness Centrality,0.8711299789902374
3305,Caribbean,Closeness Centrality,0.6456876655223626
3306,Caribbean,Closeness Centrality,0.8262381944327304
3307,Caribbean,Closeness Centrality,0.5946363217314085
3308,Caribbean,Closeness Centrality,0.3289695658250352
3309,Caribbean,Closeness Centrality,0.3402969803910961
3310,Caribbean,Closeness Centrality,0.9102558462651288
3311,Caribbean,Closeness Centrality,1.109472958857414
3312,Caribbean,Closeness Centrality,0.9899974965599775
3313,Caribbean,Closeness Centrality,0.3095215813829698
3314,Caribbean,Closeness Centrality,0.31788615521814373
3315,Caribbean,Closeness Centrality,0.33329695037653867
3316,Caribbean,Closeness Centrality,0.8396269722832149
3317,Caribbean,Closeness Centrality,0.9039490381967701
3318,Caribbean,Closeness Centrality,0.9123691511559262
3319,Caribbean,Closeness Centrality,0.6914103205408746
3320,Caribbean,Closeness Centrality,0.3298321408848402
3321,Caribbean,Closeness Centrality,0.3385380971097544
3322,Caribbean,Closeness Centrality,0.6898362336618437
3323,Caribbean,Closeness Centrality,0.9123691511559262
3324,Caribbean,Closeness Centrality,0.6945692145273975
3325,Caribbean,Closeness Centrality,0.34828624246295836
3326,Caribbean,Closeness Centrality,0.523710490930646
3327,Caribbean,Closeness Centrality,0.48705582222045496
3328,Caribbean,Closeness Centrality,0.6501242703994335
3329,Caribbean,Closeness Centrality,0.34828624246295836
3330,Caribbean,Closeness Centrality,0.9761632811950459
3331,Caribbean,Closeness Centrality,0.7591670958895668
3332,Caribbean,Closeness Centrality,0.6339980225599751
3333,Caribbean,Closeness Centrality,0.5335401533519564
3334,Caribbean,Closeness Centrality,0.46787202835483666
3335,Caribbean,Closeness Centrality,0.8873699010523844
3336,Caribbean,Closeness Centrality,0.6560854481076982
3337,Caribbean,Closeness Centrality,0.6267945641200047
3338,Caribbean,Closeness Centrality,0.7471355917259807
3339,Caribbean,Closeness Centrality,0.6773705949696073
3340,Caribbean,Closeness Centrality,1.0378073969017736
3341,Caribbean,Closeness Centrality,0.34918151891298865
3342,Caribbean,Closeness Centrality,0.3527779679256211
3343,Caribbean,Closeness Centrality,1.01596241240901
3344,Caribbean,Closeness Centrality,0.5627008117066458
3345,Caribbean,Closeness Centrality,0.6851352684503971
3346,Caribbean,Closeness Centrality,0.7820503823713
3347,Caribbean,Closeness Centrality,0.9923254304127082
3348,Caribbean,Closeness Centrality,0.4365392986994778
3349,Caribbean,Closeness Centrality,0.6620994965716902
3350,Caribbean,Closeness Centrality,0.7856347423782984
3351,Caribbean,Closeness Centrality,0.5056958740790294
3352,Caribbean,Closeness Centrality,0.9018577324357279
3353,Caribbean,Closeness Centrality,0.5511274414112667
3354,Caribbean,Closeness Centrality,0.3411786579003451
3355,Caribbean,Closeness Centrality,0.48935425068655947
3356,Caribbean,Closeness Centrality,0.3053906318661716
3357,Caribbean,Closeness Centrality,0.6681671223048492
3358,Caribbean,Closeness Centrality,0.7574360762259699
3359,Caribbean,Closeness Centrality,0.6339980225599751
3360,Caribbean,Closeness Centrality,1.0088022807277937
3361,Caribbean,Closeness Centrality,0.6311072739075752
3362,Caribbean,Closeness Centrality,0.6383577627661269
3363,Caribbean,Closeness Centrality,0.642746091432647
3364,Caribbean,Closeness Centrality,0.6398173486366704
3365,Caribbean,Closeness Centrality,0.3053906318661716
3366,Caribbean,Closeness Centrality,0.5666063270434369
3367,Caribbean,Closeness Centrality,0.6282290257898886
3368,Caribbean,Closeness Centrality,0.841558853654364
3369,Caribbean,Closeness Centrality,0.9081480735860874
3370,Caribbean,Closeness Centrality,0.579801002122249
3371,Caribbean,Closeness Centrality,0.29966377117722065
3372,Caribbean,Closeness Centrality,0.2915947941659234
3373,Caribbean,Closeness Centrality,0.7714003258714643
3374,Caribbean,Closeness Centrality,0.2907950544282715
3375,Caribbean,Closeness Centrality,0.29722932413574404
3376,Caribbean,Closeness Centrality,0.48820392502774984
3377,Caribbean,Closeness Centrality,0.5718514152735237
3378,Caribbean,Closeness Centrality,0.491661596430903
3379,Caribbean,Closeness Centrality,0.5705360751537761
3380,Caribbean,Closeness Centrality,0.5021564072847001
3381,Caribbean,Closeness Centrality,0.40584744147476165
3382,Caribbean,Closeness Centrality,0.4048529001780016
3383,Caribbean,Closeness Centrality,0.4048529001780016
3384,Caribbean,Closeness Centrality,0.7041325404363112
3385,Caribbean,Closeness Centrality,0.579801002122249
3386,Caribbean,Closeness Centrality,0.2836550241524052
3387,Caribbean,Closeness Centrality,0.2915947941659234
3388,Caribbean,Closeness Centrality,0.6471632906824993
3389,Caribbean,Closeness Centrality,0.5824729926914448
3390,Caribbean,Closeness Centrality,0.3153622660386214
3391,Caribbean,Closeness Centrality,0.6530982940798783
3392,Caribbean,Closeness Centrality,0.6210875660785315
3393,Caribbean,Closeness Centrality,0.5838131760490352
3394,Caribbean,Closeness Centrality,0.25683974949226335
3395,Caribbean,Closeness Centrality,0.2844432753580742
3396,Caribbean,Closeness Centrality,0.644215269301307
3397,Caribbean,Closeness Centrality,0.2742935252974497
3398,Caribbean,Closeness Centrality,0.7749332977955796
3399,Caribbean,Closeness Centrality,0.44076073520540904
3400,Caribbean,Closeness Centrality,0.8532527196531771
3401,Caribbean,Closeness Centrality,0.6961540459990453
3402,Caribbean,Closeness Centrality,0.06736795254367947
3403,Caribbean,Closeness Centrality,0.25833260788542217
3404,Caribbean,Closeness Centrality,0.7319549825765209
3405,Caribbean,Closeness Centrality,0.6742890444651506
3406,Caribbean,Closeness Centrality,0.723658125895762
3407,Caribbean,Closeness Centrality,0.8038197757063377
3408,Caribbean,Closeness Centrality,-0.08047171736619645
3409,Caribbean,Closeness Centrality,0.7336259714482817
3410,Caribbean,Closeness Centrality,0.6339980225599751
3411,Caribbean,Closeness Centrality,0.06784760906434587
3412,Caribbean,Closeness Centrality,0.5905563255058185
3413,Caribbean,Closeness Centrality,0.7269653050047473
3414,Caribbean,Closeness Centrality,0.6369013533610248
3415,Caribbean,Closeness Centrality,0.6225097082169613
3416,Caribbean,Closeness Centrality,0.42303282417490207
3417,Caribbean,Closeness Centrality,0.682018918059007
3418,Caribbean,Closeness Centrality,0.04053725627011772
3419,Caribbean,Closeness Centrality,0.4209833436918776
3420,Caribbean,Closeness Centrality,0.04053725627011772
3421,Caribbean,Closeness Centrality,0.41894132944012114
3422,Caribbean,Closeness Centrality,0.5973706803422931
3423,Caribbean,Closeness Centrality,0.42922647475227754
3424,Caribbean,Closeness Centrality,0.41894132944012114
3425,Caribbean,Closeness Centrality,0.06736795254367947
3426,Caribbean,Closeness Centrality,0.04053725627011772
3427,Caribbean,Closeness Centrality,0.06024434085061461
3428,Caribbean,Closeness Centrality,0.4656557958901739
3429,Caribbean,Closeness Centrality,0.12013657377586728
3430,Caribbean,Closeness Centrality,0.08252143243224755
3431,Caribbean,Closeness Centrality,0.6282290257898886
3432,Caribbean,Closeness Centrality,0.5987421953114949
3433,Caribbean,Closeness Centrality,0.06688889484513634
3434,Caribbean,Closeness Centrality,0.06593257143445345
3435,Caribbean,Closeness Centrality,0.039645480548513086
3436,Caribbean,Closeness Centrality,0.06593257143445345
3437,Caribbean,Closeness Centrality,0.06784760906434587
3438,Caribbean,Closeness Centrality,-0.7000824805225089
3439,Caribbean,Closeness Centrality,0.058835458538002296
3440,Caribbean,Closeness Centrality,0.19156348706745324
3441,Caribbean,Closeness Centrality,-0.07890546164537668
3442,Caribbean,Closeness Centrality,0.2852327907998388
3443,Caribbean,Closeness Centrality,0.2812978256587751
3444,Caribbean,Closeness Centrality,0.05649888852857949
3445,Caribbean,Closeness Centrality,-0.09807947055731163
3446,Caribbean,Closeness Centrality,0.1781792373752521
3447,Caribbean,Closeness Centrality,-0.18274010437978577
3448,Caribbean,Closeness Centrality,-0.0986688029214479
3449,Caribbean,Closeness Centrality,0.20536198767127717
3450,Caribbean,Closeness Centrality,-0.08450725840879769
3451,Caribbean,Closeness Centrality,0.057431787873895315
3452,Caribbean,Closeness Centrality,0.2766171564719009
3453,Caribbean,Closeness Centrality,0.054176662104236155
3454,Caribbean,Closeness Centrality,0.05789910080936503
3455,Caribbean,Closeness Centrality,-0.08358065245478805
3456,Caribbean,Closeness Centrality,0.06071513145208404
3457,Caribbean,Closeness Centrality,-0.0986688029214479
3458,Caribbean,Closeness Centrality,0.27506683958778294
3459,Caribbean,Closeness Centrality,0.05325175818930442
3460,Caribbean,Closeness Centrality,0.26891447794670836
3461,Caribbean,Closeness Centrality,0.0597741325504457
3462,Caribbean,Closeness Centrality,0.0551038399070962
3463,Caribbean,Closeness Centrality,0.05603329999377891
3464,Caribbean,Closeness Centrality,0.15674328191749642
3465,Caribbean,Closeness Centrality,0.05649888852857949
3466,Caribbean,Closeness Centrality,0.05836699067438473
3467,Caribbean,Closeness Centrality,0.39305643703885
3468,Caribbean,Closeness Centrality,0.43970243908692297
3469,Caribbean,Closeness Centrality,0.4365392986994778
3470,Caribbean,Closeness Centrality,0.43970243908692297
3471,Caribbean,Closeness Centrality,0.3969605046015693
3472,Caribbean,Closeness Centrality,0.41285967829901965
3473,Caribbean,Closeness Centrality,0.4148795370264636
3474,Caribbean,Closeness Centrality,0.4158922182413126
3475,Caribbean,Closeness Centrality,0.3999069047406671
3476,Caribbean,Closeness Centrality,0.39014657301694766
3477,Caribbean,Closeness Centrality,0.4048529001780016
3478,Caribbean,Closeness Centrality,0.28208230232238934
3479,Caribbean,Closeness Centrality,0.40584744147476165
3480,Caribbean,Closeness Centrality,0.4460818322936923
3481,Caribbean,Closeness Centrality,0.3872521596004711
3482,Caribbean,Closeness Centrality,0.28208230232238934
3483,Caribbean,Closeness Centrality,0.27895189664001513
3484,Caribbean,Closeness Centrality,0.3872521596004711
3485,Caribbean,Closeness Centrality,0.4078419048147026
3486,Caribbean,Closeness Centrality,0.2836550241524052
3487,Caribbean,Closeness Centrality,0.271212494449007
3488,Caribbean,Closeness Centrality,0.13349156516200095
3489,Caribbean,Closeness Centrality,0.271212494449007
3490,Caribbean,Closeness Centrality,0.1329264302157742
3491,Caribbean,Closeness Centrality,0.6042573744020853
3492,Caribbean,Closeness Centrality,0.22336929451432466
3493,Caribbean,Closeness Centrality,0.4802135265274119
3494,GBR,Betweenness Centrality,-0.36168624791038945
3495,GBR,Betweenness Centrality,-0.36168624791038945
3496,GBR,Betweenness Centrality,-0.36168624791038945
3497,GBR,Betweenness Centrality,-0.35907104995341954
3498,GBR,Betweenness Centrality,-0.3596522050549684
3499,GBR,Betweenness Centrality,-0.36168624791038945
3500,GBR,Betweenness Centrality,-0.359361627504194
3501,GBR,Betweenness Centrality,-0.35878047240264505
3502,GBR,Betweenness Centrality,-0.3599427826057428
3503,GBR,Betweenness Centrality,-0.36168624791038945
3504,GBR,Betweenness Centrality,-0.3608145152580662
3505,GBR,Betweenness Centrality,-0.36168624791038945
3506,GBR,Betweenness Centrality,-0.35907104995341954
3507,GBR,Betweenness Centrality,-0.36168624791038945
3508,GBR,Betweenness Centrality,-0.3600880713811301
3509,GBR,Betweenness Centrality,-0.36168624791038945
3510,GBR,Betweenness Centrality,-0.26027468269011095
3511,GBR,Betweenness Centrality,-0.36168624791038945
3512,GBR,Betweenness Centrality,-0.36168624791038945
3513,GBR,Betweenness Centrality,-0.16118773787602791
3514,GBR,Betweenness Centrality,-0.061374349185008815
3515,GBR,Betweenness Centrality,-0.36168624791038945
3516,GBR,Betweenness Centrality,-0.36168624791038945
3517,GBR,Betweenness Centrality,-0.36168624791038945
3518,GBR,Betweenness Centrality,-0.36103244842114696
3519,GBR,Betweenness Centrality,-0.36168624791038945
3520,GBR,Betweenness Centrality,-0.3481244171228943
3521,GBR,Betweenness Centrality,-0.36095980403345335
3522,GBR,Betweenness Centrality,-0.3608145152580662
3523,GBR,Betweenness Centrality,-0.36103244842114696
3524,GBR,Betweenness Centrality,-0.3109078209125566
3525,GBR,Betweenness Centrality,-0.3608145152580662
3526,GBR,Betweenness Centrality,-0.05134942368329075
3527,GBR,Betweenness Centrality,-0.36168624791038945
3528,GBR,Betweenness Centrality,0.04189534878464581
3529,GBR,Betweenness Centrality,-0.36168624791038945
3530,GBR,Betweenness Centrality,-0.15515030207801037
3531,GBR,Betweenness Centrality,-0.3042245372447445
3532,GBR,Betweenness Centrality,-0.36168624791038945
3533,GBR,Betweenness Centrality,-0.36168624791038945
3534,GBR,Betweenness Centrality,-0.36168624791038945
3535,GBR,Betweenness Centrality,0.03519271177100765
3536,GBR,Betweenness Centrality,-0.3608145152580662
3537,GBR,Betweenness Centrality,-0.36168624791038945
3538,GBR,Betweenness Centrality,0.16481394807039096
3539,GBR,Betweenness Centrality,-0.36095980403345335
3540,GBR,Betweenness Centrality,-0.3547366014877008
3541,GBR,Betweenness Centrality,-0.35349196097855035
3542,GBR,Betweenness Centrality,-0.36168624791038945
3543,GBR,Betweenness Centrality,-0.36168624791038945
3544,GBR,Betweenness Centrality,-0.3555841193441263
3545,GBR,Betweenness Centrality,0.5132061250246053
3546,GBR,Betweenness Centrality,-0.36168624791038945
3547,GBR,Betweenness Centrality,-0.2546713789193439
3548,GBR,Betweenness Centrality,-0.057708229086071296
3549,GBR,Betweenness Centrality,-0.05386155363120065
3550,GBR,Betweenness Centrality,-0.36168624791038945
3551,GBR,Betweenness Centrality,-0.361395670359615
3552,GBR,Betweenness Centrality,-0.3541070167943562
3553,GBR,Betweenness Centrality,-0.36168624791038945
3554,GBR,Betweenness Centrality,-0.04291180085181966
3555,GBR,Betweenness Centrality,-0.36168624791038945
3556,GBR,Betweenness Centrality,1.0500201379642138
3557,GBR,Betweenness Centrality,-0.35300766506059295
3558,GBR,Betweenness Centrality,-0.36168624791038945
3559,GBR,Betweenness Centrality,-0.3612503815842278
3560,GBR,Betweenness Centrality,-0.262342626259789
3561,GBR,Betweenness Centrality,-0.36141019923715373
3562,GBR,Betweenness Centrality,-0.36168624791038945
3563,GBR,Betweenness Centrality,-0.36168624791038945
3564,GBR,Betweenness Centrality,-0.21204469785964775
3565,GBR,Betweenness Centrality,0.20196537925470257
3566,GBR,Betweenness Centrality,-0.36168624791038945
3567,GBR,Betweenness Centrality,-0.08998278719473045
3568,GBR,Betweenness Centrality,-0.26421200850310456
3569,GBR,Betweenness Centrality,-0.36168624791038945
3570,GBR,Betweenness Centrality,-0.36168624791038945
3571,GBR,Betweenness Centrality,-0.26768441023485906
3572,GBR,Betweenness Centrality,-0.3574424837628148
3573,GBR,Betweenness Centrality,1.634753127526067
3574,GBR,Betweenness Centrality,-0.3553714684744247
3575,GBR,Betweenness Centrality,-0.28896963677259824
3576,GBR,Betweenness Centrality,0.5170420112431976
3577,GBR,Betweenness Centrality,0.06437518781870079
3578,GBR,Betweenness Centrality,-0.3282309572042467
3579,GBR,Betweenness Centrality,-0.36168624791038945
3580,GBR,Betweenness Centrality,-0.36168624791038945
3581,GBR,Betweenness Centrality,-0.36168624791038945
3582,GBR,Betweenness Centrality,-0.3556939507398059
3583,GBR,Betweenness Centrality,-0.17397315011010314
3584,GBR,Betweenness Centrality,-0.36168624791038945
3585,GBR,Betweenness Centrality,-0.338737582502778
3586,GBR,Betweenness Centrality,2.070282733687962
3587,GBR,Betweenness Centrality,-0.3605157348416317
3588,GBR,Betweenness Centrality,0.10993466897956913
3589,GBR,Betweenness Centrality,0.10620102802290414
3590,GBR,Betweenness Centrality,-0.342935182342092
3591,GBR,Betweenness Centrality,-0.36168624791038945
3592,GBR,Betweenness Centrality,-0.36168624791038945
3593,GBR,Betweenness Centrality,-0.36168624791038945
3594,GBR,Betweenness Centrality,-0.36168624791038945
3595,GBR,Betweenness Centrality,0.4016959434079455
3596,GBR,Betweenness Centrality,-0.3601105251009626
3597,GBR,Betweenness Centrality,-0.34146191062107223
3598,GBR,Betweenness Centrality,-0.3506434307408355
3599,GBR,Betweenness Centrality,0.16142541876108987
3600,GBR,Betweenness Centrality,0.4042154496071048
3601,GBR,Betweenness Centrality,-0.03013726247675685
3602,GBR,Betweenness Centrality,-0.34919007164071014
3603,GBR,Betweenness Centrality,-0.016163681961124766
3604,GBR,Betweenness Centrality,2.1888258459371635
3605,GBR,Betweenness Centrality,-0.3176250052946257
3606,GBR,Betweenness Centrality,-0.36168624791038945
3607,GBR,Betweenness Centrality,-0.355211930351453
3608,GBR,Betweenness Centrality,0.16399674174328185
3609,GBR,Betweenness Centrality,1.9445219997208816
3610,GBR,Betweenness Centrality,-0.3181628209416754
3611,GBR,Betweenness Centrality,1.3978171239921735
3612,GBR,Betweenness Centrality,-0.36168624791038945
3613,GBR,Betweenness Centrality,-0.10696942789000671
3614,GBR,Betweenness Centrality,0.45908374196356694
3615,GBR,Betweenness Centrality,-0.3543439511639817
3616,GBR,Betweenness Centrality,-0.26937028982607475
3617,GBR,Betweenness Centrality,-0.3594082391607679
3618,GBR,Betweenness Centrality,-0.2939623067432274
3619,GBR,Betweenness Centrality,-0.3356735472210715
3620,GBR,Betweenness Centrality,-0.21340252794780773
3621,GBR,Betweenness Centrality,-0.31819720056168727
3622,GBR,Betweenness Centrality,-0.3159251266225952
3623,GBR,Betweenness Centrality,-0.36168624791038945
3624,GBR,Betweenness Centrality,-0.36168624791038945
3625,GBR,Betweenness Centrality,-0.34493390398606877
3626,GBR,Betweenness Centrality,0.07202509653277302
3627,GBR,Betweenness Centrality,-0.3504990122055736
3628,GBR,Betweenness Centrality,0.4836872163946592
3629,GBR,Betweenness Centrality,-0.3481435446783683
3630,GBR,Betweenness Centrality,-0.3296049352187206
3631,GBR,Betweenness Centrality,-0.3590071637743721
3632,GBR,Betweenness Centrality,4.243258002454418
3633,GBR,Betweenness Centrality,-0.36168624791038945
3634,GBR,Betweenness Centrality,-0.3372934167130413
3635,GBR,Betweenness Centrality,-0.17741076953236726
3636,GBR,Betweenness Centrality,-0.2492042676834507
3637,GBR,Betweenness Centrality,0.429058198477855
3638,GBR,Betweenness Centrality,-0.3546568542588562
3639,GBR,Betweenness Centrality,-0.0894731983448969
3640,GBR,Betweenness Centrality,-0.04580944227157469
3641,GBR,Betweenness Centrality,0.0898637463343522
3642,GBR,Betweenness Centrality,-0.36168624791038945
3643,GBR,Betweenness Centrality,-0.35324813029904484
3644,GBR,Betweenness Centrality,-0.2720081822727496
3645,GBR,Betweenness Centrality,-0.36168624791038945
3646,GBR,Betweenness Centrality,-0.3615409591350022
3647,GBR,Betweenness Centrality,1.2406995506985612
3648,GBR,Betweenness Centrality,-0.34952109428075656
3649,GBR,Betweenness Centrality,1.3685555441740433
3650,GBR,Betweenness Centrality,0.8169766010612098
3651,GBR,Betweenness Centrality,-0.36168624791038945
3652,GBR,Betweenness Centrality,-0.3383043144365111
3653,GBR,Betweenness Centrality,0.004467703195901501
3654,GBR,Betweenness Centrality,0.13608927541247717
3655,GBR,Betweenness Centrality,-0.36168624791038945
3656,GBR,Betweenness Centrality,1.3580846819122085
3657,GBR,Betweenness Centrality,0.2062326200547928
3658,GBR,Betweenness Centrality,-0.35695132397405216
3659,GBR,Betweenness Centrality,-0.3616378183185937
3660,GBR,Betweenness Centrality,-0.3134463724458917
3661,GBR,Betweenness Centrality,-0.36168624791038945
3662,GBR,Betweenness Centrality,-0.36168624791038945
3663,GBR,Betweenness Centrality,-0.2930234761608736
3664,GBR,Betweenness Centrality,-0.36168624791038945
3665,GBR,Betweenness Centrality,-0.1857967167441118
3666,GBR,Betweenness Centrality,-0.3391494556473469
3667,GBR,Betweenness Centrality,-0.2026681005387456
3668,GBR,Betweenness Centrality,-0.19923394119859078
3669,GBR,Betweenness Centrality,-0.36168624791038945
3670,GBR,Betweenness Centrality,0.39163506952349564
3671,GBR,Betweenness Centrality,8.421747663041387
3672,GBR,Betweenness Centrality,-0.3370104336528706
3673,GBR,Betweenness Centrality,-0.3594264939932421
3674,GBR,Betweenness Centrality,-0.3456445542455387
3675,GBR,Betweenness Centrality,-0.35987137443388567
3676,GBR,Betweenness Centrality,-0.3474980744078191
3677,GBR,Betweenness Centrality,-0.35868725194058376
3678,GBR,Betweenness Centrality,-0.36168624791038945
3679,GBR,Betweenness Centrality,-0.28923627157897125
3680,GBR,Betweenness Centrality,-0.34912280463871137
3681,GBR,Betweenness Centrality,-0.32623578671590814
3682,GBR,Betweenness Centrality,0.13102647114657426
3683,GBR,Betweenness Centrality,-0.3532706736808458
3684,GBR,Betweenness Centrality,-0.23144590970374784
3685,GBR,Betweenness Centrality,-0.36168624791038945
3686,GBR,Betweenness Centrality,0.0877829329870465
3687,GBR,Betweenness Centrality,-0.36168624791038945
3688,GBR,Betweenness Centrality,-0.36168624791038945
3689,GBR,Betweenness Centrality,-0.2981380437666569
3690,GBR,Betweenness Centrality,-0.14413327914745355
3691,GBR,Betweenness Centrality,-0.3444091691453396
3692,GBR,Betweenness Centrality,-0.36110509280884057
3693,GBR,Betweenness Centrality,-0.3615350155032819
3694,GBR,Betweenness Centrality,-0.3388839901507496
3695,GBR,Betweenness Centrality,-0.15261682139037927
3696,GBR,Betweenness Centrality,-0.07340764650497907
3697,GBR,Betweenness Centrality,-0.2666049473358453
3698,GBR,Betweenness Centrality,-0.36168624791038945
3699,GBR,Betweenness Centrality,-0.3588874210845273
3700,GBR,Betweenness Centrality,-0.29886564321977604
3701,GBR,Betweenness Centrality,-0.10434951655696544
3702,GBR,Betweenness Centrality,-0.20846902788658836
3703,GBR,Betweenness Centrality,0.2829537745886554
3704,GBR,Betweenness Centrality,-0.34154911009985794
3705,GBR,Betweenness Centrality,-0.36168624791038945
3706,GBR,Betweenness Centrality,0.6446368267422605
3707,GBR,Betweenness Centrality,-0.1658924919550708
3708,GBR,Betweenness Centrality,-0.36168624791038945
3709,GBR,Betweenness Centrality,-0.352041788679793
3710,GBR,Betweenness Centrality,-0.3219504954199406
3711,GBR,Betweenness Centrality,-0.36168624791038945
3712,GBR,Betweenness Centrality,-0.04036316171293547
3713,GBR,Betweenness Centrality,7.559572385405465
3714,GBR,Betweenness Centrality,0.3119338333517157
3715,GBR,Betweenness Centrality,-0.3482467936610866
3716,GBR,Betweenness Centrality,0.10876368998171064
3717,GBR,Betweenness Centrality,-0.36046739831785146
3718,GBR,Betweenness Centrality,-0.2845737824616041
3719,GBR,Betweenness Centrality,-0.3581424821359052
3720,GBR,Betweenness Centrality,-0.3473024166210696
3721,GBR,Betweenness Centrality,0.16829492637970037
3722,GBR,Betweenness Centrality,-0.3461402004244984
3723,GBR,Betweenness Centrality,-0.3445146698775631
3724,GBR,Betweenness Centrality,-0.35978098374224343
3725,GBR,Betweenness Centrality,-0.0755900599739712
3726,GBR,Betweenness Centrality,-0.3455656029704538
3727,GBR,Betweenness Centrality,8.12455755508041
3728,GBR,Betweenness Centrality,-0.2794862900420582
3729,GBR,Betweenness Centrality,-0.3452518636775363
3730,GBR,Betweenness Centrality,0.8722026478909443
3731,GBR,Betweenness Centrality,-0.20599339737112882
3732,GBR,Betweenness Centrality,-0.3418405967175404
3733,GBR,Betweenness Centrality,-0.3333299436669655
3734,GBR,Betweenness Centrality,-0.2698523446350527
3735,GBR,Betweenness Centrality,-0.3579234518516509
3736,GBR,Betweenness Centrality,-0.3564558519964496
3737,GBR,Betweenness Centrality,-0.2887687160796258
3738,GBR,Betweenness Centrality,-0.3562085657268283
3739,GBR,Betweenness Centrality,-0.3612624889821767
3740,GBR,Betweenness Centrality,-0.15310679730187626
3741,GBR,Betweenness Centrality,-0.36018692110596956
3742,GBR,Betweenness Centrality,-0.35374818035546157
3743,GBR,Betweenness Centrality,0.3800655340627382
3744,GBR,Betweenness Centrality,-0.36060868949293423
3745,GBR,Betweenness Centrality,0.249753093645898
3746,GBR,Betweenness Centrality,-0.2896706874000068
3747,GBR,Betweenness Centrality,-0.06586648666442631
3748,GBR,Betweenness Centrality,-0.360463400717547
3749,GBR,Betweenness Centrality,0.19861300820907196
3750,GBR,Betweenness Centrality,0.16398896593749518
3751,GBR,Betweenness Centrality,-0.34254691815673893
3752,GBR,Betweenness Centrality,-0.36051701919417806
3753,GBR,Betweenness Centrality,-0.36140673686760166
3754,GBR,Betweenness Centrality,-0.3276072370033012
3755,GBR,Betweenness Centrality,-0.36168624791038945
3756,GBR,Betweenness Centrality,0.6891093665334885
3757,GBR,Betweenness Centrality,-0.3046617996576436
3758,GBR,Betweenness Centrality,-0.36168624791038945
3759,GBR,Betweenness Centrality,-0.31773378913210376
3760,GBR,Betweenness Centrality,-0.36168624791038945
3761,GBR,Betweenness Centrality,-0.3018055705164748
3762,GBR,Betweenness Centrality,0.16140867397659062
3763,GBR,Betweenness Centrality,-0.33340336630167755
3764,GBR,Betweenness Centrality,-0.11772329174799596
3765,GBR,Betweenness Centrality,-0.36168624791038945
3766,GBR,Betweenness Centrality,-0.19556253562770773
3767,GBR,Betweenness Centrality,-0.32147934457611116
3768,GBR,Betweenness Centrality,-0.36092348183960654
3769,GBR,Betweenness Centrality,-0.24583055693703165
3770,GBR,Betweenness Centrality,-0.3459546232083131
3771,GBR,Betweenness Centrality,-0.2863254286561166
3772,GBR,Betweenness Centrality,-0.0022179884725307404
3773,GBR,Betweenness Centrality,-0.26687704920736155
3774,GBR,Betweenness Centrality,0.23041256556516207
3775,GBR,Betweenness Centrality,-0.25744705396851525
3776,GBR,Betweenness Centrality,-0.36168624791038945
3777,GBR,Betweenness Centrality,-0.32479291458151394
3778,GBR,Betweenness Centrality,-0.35033885259882036
3779,GBR,Betweenness Centrality,-0.2865490993334816
3780,GBR,Betweenness Centrality,-0.36168624791038945
3781,GBR,Betweenness Centrality,-0.36168624791038945
3782,GBR,Betweenness Centrality,-0.36168624791038945
3783,GBR,Betweenness Centrality,-0.32503624240570467
3784,GBR,Betweenness Centrality,3.7272159743089253
3785,GBR,Betweenness Centrality,-0.36100280406222185
3786,GBR,Betweenness Centrality,-0.35855807170703
3787,GBR,Betweenness Centrality,-0.24695846407743166
3788,GBR,Betweenness Centrality,-0.11131187485123868
3789,GBR,Betweenness Centrality,-0.3606035802960478
3790,GBR,Betweenness Centrality,-0.33824104726453386
3791,GBR,Betweenness Centrality,-0.351528808976514
3792,GBR,Betweenness Centrality,0.8456622586194545
3793,GBR,Betweenness Centrality,-0.12612489269848545
3794,GBR,Betweenness Centrality,-0.3595953718523473
3795,GBR,Betweenness Centrality,-0.3560077436574316
3796,GBR,Betweenness Centrality,-0.13165091408749202
3797,GBR,Betweenness Centrality,-0.36094808426294056
3798,GBR,Betweenness Centrality,-0.12111684604167239
3799,GBR,Betweenness Centrality,-0.36168624791038945
3800,GBR,Betweenness Centrality,-0.35713233392642424
3801,GBR,Betweenness Centrality,-0.2779416038892853
3802,GBR,Betweenness Centrality,-0.32250456838684083
3803,GBR,Betweenness Centrality,-0.07301227730791746
3804,GBR,Betweenness Centrality,-0.2861968513736588
3805,GBR,Betweenness Centrality,-0.26544306834948883
3806,GBR,Betweenness Centrality,-0.3604181285452164
3807,GBR,Betweenness Centrality,1.0006911054884742
3808,GBR,Betweenness Centrality,-0.3068135622151829
3809,GBR,Betweenness Centrality,-0.028578861605331574
3810,GBR,Betweenness Centrality,-0.2237957995796022
3811,GBR,Betweenness Centrality,-0.3615409591350022
3812,GBR,Betweenness Centrality,-0.3615409591350022
3813,GBR,Betweenness Centrality,-0.1511274530272077
3814,GBR,Betweenness Centrality,-0.36168624791038945
3815,GBR,Betweenness Centrality,-0.3215201613871195
3816,GBR,Betweenness Centrality,-0.24388692924088232
3817,GBR,Betweenness Centrality,-0.3584777874539217
3818,GBR,Betweenness Centrality,-0.325758729538434
3819,GBR,Betweenness Centrality,-0.36168624791038945
3820,GBR,Betweenness Centrality,-0.32901910270451523
3821,GBR,Betweenness Centrality,-0.2927776020507906
3822,GBR,Betweenness Centrality,-0.34392592594185245
3823,GBR,Betweenness Centrality,-0.3612503815842278
3824,GBR,Betweenness Centrality,-0.2731597074245218
3825,GBR,Betweenness Centrality,-0.17972992187742695
3826,GBR,Betweenness Centrality,-0.35864391831151043
3827,GBR,Betweenness Centrality,-0.3596522050549684
3828,GBR,Betweenness Centrality,-0.3613230259719214
3829,GBR,Betweenness Centrality,12.658249291188
3830,GBR,Betweenness Centrality,-0.0718296116426949
3831,GBR,Betweenness Centrality,-0.3614562073493597
3832,GBR,Betweenness Centrality,-0.3615672533323552
3833,GBR,Betweenness Centrality,-0.33990316274831056
3834,GBR,Betweenness Centrality,-0.3137020830694111
3835,GBR,Betweenness Centrality,-0.36168624791038945
3836,GBR,Betweenness Centrality,-0.17419478014033093
3837,GBR,Betweenness Centrality,-0.35951670285221277
3838,GBR,Betweenness Centrality,-0.3615672533323552
3839,GBR,Betweenness Centrality,-0.3615672533323552
3840,GBR,Betweenness Centrality,-0.29569254765275005
3841,GBR,Betweenness Centrality,0.10493303840313975
3842,GBR,Betweenness Centrality,-0.2808333735432114
3843,GBR,Betweenness Centrality,-0.3225035032481791
3844,GBR,Betweenness Centrality,-0.3615188237405595
3845,GBR,Betweenness Centrality,-0.31052394214110407
3846,GBR,Betweenness Centrality,-0.36168624791038945
3847,GBR,Betweenness Centrality,-0.25419907609489
3848,GBR,Betweenness Centrality,-0.18958640856026407
3849,GBR,Betweenness Centrality,-0.3613077136745154
3850,GBR,Betweenness Centrality,-0.30259580021687843
3851,GBR,Betweenness Centrality,0.3313462630761391
3852,GBR,Betweenness Centrality,-0.3015968886818312
3853,GBR,Betweenness Centrality,-0.16529228081560182
3854,GBR,Betweenness Centrality,-0.2837511727883482
3855,GBR,Betweenness Centrality,-0.044323398541894266
3856,GBR,Betweenness Centrality,0.34726703279878207
3857,GBR,Betweenness Centrality,-0.021010117154547047
3858,GBR,Betweenness Centrality,-0.347320713438092
3859,GBR,Betweenness Centrality,-0.2058791123299671
3860,GBR,Betweenness Centrality,-0.36168624791038945
3861,GBR,Betweenness Centrality,-0.3255549487376488
3862,GBR,Betweenness Centrality,-0.2791827754960489
3863,GBR,Betweenness Centrality,-0.16698222012804795
3864,GBR,Betweenness Centrality,-0.35649840582648384
3865,GBR,Betweenness Centrality,-0.3383485614115724
3866,GBR,Betweenness Centrality,-0.13356153200361415
3867,GBR,Betweenness Centrality,-0.36168624791038945
3868,GBR,Betweenness Centrality,-0.36168624791038945
3869,GBR,Betweenness Centrality,-0.05332236105965818
3870,GBR,Betweenness Centrality,-0.34724368801534927
3871,GBR,Betweenness Centrality,-0.21304177820381243
3872,GBR,Betweenness Centrality,0.3372487229633121
3873,GBR,Betweenness Centrality,-0.35036305818679025
3874,GBR,Betweenness Centrality,0.9588771481511006
3875,GBR,Betweenness Centrality,1.1165592393443757
3876,GBR,Betweenness Centrality,-0.36045052204246597
3877,GBR,Betweenness Centrality,-0.34244463968970834
3878,GBR,Betweenness Centrality,-0.12475694313805913
3879,GBR,Betweenness Centrality,-0.35253084202083157
3880,GBR,Betweenness Centrality,-0.21168775544141488
3881,GBR,Betweenness Centrality,-0.318301674414902
3882,GBR,Betweenness Centrality,-0.3504268752556928
3883,GBR,Betweenness Centrality,6.538870428259456
3884,GBR,Betweenness Centrality,-0.27013859268957247
3885,GBR,Betweenness Centrality,-0.3574165101946214
3886,GBR,Betweenness Centrality,4.020401791183312
3887,GBR,Betweenness Centrality,-0.20178025613589304
3888,GBR,Betweenness Centrality,-0.21000476640613336
3889,GBR,Betweenness Centrality,0.06236045649018665
3890,GBR,Betweenness Centrality,-0.36168624791038945
3891,GBR,Betweenness Centrality,-0.3212959683527427
3892,GBR,Betweenness Centrality,-0.30332744428930253
3893,GBR,Betweenness Centrality,-0.30001347016772417
3894,GBR,Betweenness Centrality,2.0185793033511112
3895,GBR,Betweenness Centrality,-0.36168624791038945
3896,GBR,Betweenness Centrality,-0.30903267686381575
3897,GBR,Betweenness Centrality,-0.36168624791038945
3898,GBR,Betweenness Centrality,-0.2474892704560357
3899,GBR,Betweenness Centrality,-0.3007145582187238
3900,GBR,Betweenness Centrality,-0.21669536120294455
3901,GBR,Betweenness Centrality,-0.3610316088230844
3902,GBR,Betweenness Centrality,-0.32821966139158143
3903,GBR,Betweenness Centrality,-0.36168624791038945
3904,GBR,Betweenness Centrality,-0.12380417908217106
3905,GBR,Betweenness Centrality,-0.2849737745059381
3906,GBR,Betweenness Centrality,-0.3198833769506378
3907,GBR,Betweenness Centrality,-0.36168624791038945
3908,GBR,Betweenness Centrality,-0.36168624791038945
3909,GBR,Betweenness Centrality,-0.3602011615679965
3910,GBR,Betweenness Centrality,0.2195746531185782
3911,GBR,Betweenness Centrality,-0.23089511490170805
3912,GBR,Betweenness Centrality,-0.35976130335639217
3913,GBR,Betweenness Centrality,-0.15359929820046897
3914,GBR,Betweenness Centrality,-0.271445692461924
3915,GBR,Betweenness Centrality,0.3446591129330247
3916,GBR,Betweenness Centrality,-0.3015959807850761
3917,GBR,Betweenness Centrality,5.081284917683571
3918,GBR,Betweenness Centrality,-0.36125905077281323
3919,GBR,Betweenness Centrality,-0.21608322319013754
3920,GBR,Betweenness Centrality,-0.3014734277796414
3921,GBR,Betweenness Centrality,-0.15122427971186636
3922,GBR,Betweenness Centrality,-0.36168624791038945
3923,GBR,Betweenness Centrality,0.9570039663738474
3924,GBR,Betweenness Centrality,-0.3293601182234824
3925,GBR,Betweenness Centrality,-0.36168624791038945
3926,GBR,Betweenness Centrality,0.9020030522449748
3927,GBR,Betweenness Centrality,6.150133111612657
3928,GBR,Betweenness Centrality,-0.24981457004211866
3929,GBR,Betweenness Centrality,-0.3612425993723229
3930,GBR,Betweenness Centrality,-0.28776109204622935
3931,GBR,Betweenness Centrality,0.4256129307506522
3932,GBR,Betweenness Centrality,-0.35649158724476354
3933,GBR,Betweenness Centrality,-0.3604992147813637
3934,GBR,Betweenness Centrality,0.14511684359415508
3935,GBR,Betweenness Centrality,-0.2219471378877069
3936,GBR,Betweenness Centrality,-0.34883897008130527
3937,GBR,Betweenness Centrality,-0.3546006222007887
3938,GBR,Betweenness Centrality,-0.3231120780450829
3939,GBR,Betweenness Centrality,-0.35166286680808573
3940,GBR,Betweenness Centrality,-0.3602135941608359
3941,GBR,Betweenness Centrality,-0.312586305021752
3942,GBR,Betweenness Centrality,-0.16586812485123503
3943,GBR,Betweenness Centrality,-0.34547742200709763
3944,GBR,Betweenness Centrality,-0.3607418708703725
3945,GBR,Betweenness Centrality,-0.310934362200812
3946,GBR,Betweenness Centrality,-0.36110509280884057
3947,GBR,Betweenness Centrality,-0.33653563925123403
3948,GBR,Betweenness Centrality,0.24755803469350113
3949,GBR,Betweenness Centrality,-0.166038971096809
3950,GBR,Betweenness Centrality,-0.33938452891717696
3951,GBR,Betweenness Centrality,-0.3612503815842278
3952,GBR,Betweenness Centrality,-0.32437650972249393
3953,GBR,Betweenness Centrality,-0.3606692264826789
3954,GBR,Betweenness Centrality,-0.25891331389768313
3955,GBR,Betweenness Centrality,-0.36168624791038945
3956,GBR,Betweenness Centrality,-0.36168624791038945
3957,GBR,Betweenness Centrality,-0.36168624791038945
3958,GBR,Betweenness Centrality,-0.36168624791038945
3959,GBR,Betweenness Centrality,0.17388797093922456
3960,GBR,Betweenness Centrality,0.09421585140269276
3961,GBR,Betweenness Centrality,-0.22526115368038874
3962,GBR,Betweenness Centrality,0.9904111368018841
3963,GBR,Betweenness Centrality,-0.3575420949685238
3964,GBR,Betweenness Centrality,-0.36168624791038945
3965,GBR,Betweenness Centrality,-0.04786338997045241
3966,GBR,Betweenness Centrality,-0.3538756396865504
3967,GBR,Betweenness Centrality,-0.19519270674941747
3968,GBR,Betweenness Centrality,-0.2719049279513766
3969,GBR,Betweenness Centrality,0.28383235595528333
3970,GBR,Betweenness Centrality,-0.2460350137374422
3971,GBR,Betweenness Centrality,-0.36168624791038945
3972,GBR,Betweenness Centrality,-0.2643334435866019
3973,GBR,Betweenness Centrality,-0.1305838912450795
3974,GBR,Betweenness Centrality,-0.24768724098858835
3975,GBR,Betweenness Centrality,-0.2435369694649163
3976,GBR,Betweenness Centrality,-0.2875757315589411
3977,GBR,Betweenness Centrality,0.050922511804724416
3978,GBR,Betweenness Centrality,-0.36168624791038945
3979,GBR,Betweenness Centrality,-0.2868236354511272
3980,GBR,Betweenness Centrality,2.8402640998391977
3981,GBR,Betweenness Centrality,-0.36168624791038945
3982,GBR,Betweenness Centrality,-0.23993785797866476
3983,GBR,Betweenness Centrality,-0.2349138360352482
3984,GBR,Betweenness Centrality,-0.11682780683631425
3985,GBR,Betweenness Centrality,-0.29468710386825886
3986,GBR,Betweenness Centrality,-0.26284160841143794
3987,GBR,Betweenness Centrality,-0.3524495996781592
3988,GBR,Betweenness Centrality,-0.36168624791038945
3989,GBR,Betweenness Centrality,0.2910037465415123
3990,GBR,Betweenness Centrality,-0.04446908107802244
3991,GBR,Betweenness Centrality,-0.3590526538500835
3992,GBR,Betweenness Centrality,-0.3574402678093125
3993,GBR,Betweenness Centrality,0.6406596857903841
3994,GBR,Betweenness Centrality,-0.24104815818653064
3995,GBR,Betweenness Centrality,-0.33789893369972523
3996,GBR,Betweenness Centrality,-0.36168624791038945
3997,GBR,Betweenness Centrality,2.1299018231936313
3998,GBR,Betweenness Centrality,-0.36168624791038945
3999,GBR,Betweenness Centrality,-0.2663031864627289
4000,GBR,Betweenness Centrality,-0.33789893369972523
4001,GBR,Betweenness Centrality,-0.24434369682205564
4002,GBR,Betweenness Centrality,-0.10995724605581382
4003,GBR,Betweenness Centrality,-0.2822898318319161
4004,GBR,Betweenness Centrality,-0.36168624791038945
4005,GBR,Betweenness Centrality,3.9415632723348875
4006,GBR,Betweenness Centrality,-0.36168624791038945
4007,GBR,Betweenness Centrality,-0.17176382100023005
4008,GBR,Betweenness Centrality,-0.36168624791038945
4009,GBR,Betweenness Centrality,-0.2878969963796155
4010,GBR,Betweenness Centrality,0.23423995135153755
4011,GBR,Betweenness Centrality,-0.17125460818289412
4012,GBR,Betweenness Centrality,-0.36168624791038945
4013,GBR,Betweenness Centrality,-0.36168624791038945
4014,GBR,Betweenness Centrality,-0.36168624791038945
4015,GBR,Betweenness Centrality,-0.36168624791038945
4016,GBR,Betweenness Centrality,-0.36168624791038945
4017,GBR,Betweenness Centrality,-0.36168624791038945
4018,GBR,Betweenness Centrality,-0.36168624791038945
4019,GBR,Betweenness Centrality,-0.36168624791038945
4020,GBR,Betweenness Centrality,-0.36168624791038945
4021,GBR,Betweenness Centrality,-0.36168624791038945
4022,GBR,Betweenness Centrality,-0.36168624791038945
4023,GBR,Betweenness Centrality,-0.36168624791038945
4024,GBR,Betweenness Centrality,2.3668382866009936
4025,GBR,Betweenness Centrality,-0.3457713348393532
4026,GBR,Betweenness Centrality,1.0235671238934085
4027,GBR,Betweenness Centrality,-0.34568658305371064
4028,GBR,Betweenness Centrality,-0.35578589989145015
4029,GBR,Betweenness Centrality,0.3777262597324253
4030,GBR,Betweenness Centrality,-0.3297092374708063
4031,GBR,Betweenness Centrality,-0.10628930298525095
4032,GBR,Betweenness Centrality,1.303488436394066
4033,GBR,Betweenness Centrality,-0.27976188977823785
4034,GBR,Betweenness Centrality,-0.18911683187135397
4035,GBR,Betweenness Centrality,-0.2963989295051766
4036,GBR,Betweenness Centrality,0.5394423875326207
4037,GBR,Betweenness Centrality,-0.09216910063817739
4038,GBR,Betweenness Centrality,0.9780354261861977
4039,GBR,Betweenness Centrality,-0.3354923748100277
4040,GBR,Betweenness Centrality,-0.33493459605737
4041,GBR,Betweenness Centrality,0.4626230049430511
4042,GBR,Betweenness Centrality,2.472970289372905
4043,GBR,Betweenness Centrality,1.919677392208043
4044,GBR,Betweenness Centrality,-0.2678536093246553
4045,GBR,Betweenness Centrality,-0.27542305916037935
4046,GBR,Betweenness Centrality,-0.36077765596912237
4047,GBR,Betweenness Centrality,0.005897002126208081
4048,GBR,Betweenness Centrality,1.5914652358168306
4049,GBR,Betweenness Centrality,2.557845925251225
4050,GBR,Betweenness Centrality,0.11602846238993211
4051,GBR,Betweenness Centrality,-0.2817002438146044
4052,GBR,Betweenness Centrality,-0.27569673223694335
4053,GBR,Betweenness Centrality,-0.07413117047235339
4054,GBR,Betweenness Centrality,-0.34737062150124587
4055,GBR,Betweenness Centrality,2.6358494453662153
4056,GBR,Betweenness Centrality,-0.36168624791038945
4057,GBR,Betweenness Centrality,-0.35864029551741905
4058,GBR,Betweenness Centrality,-0.3412990043430941
4059,GBR,Betweenness Centrality,0.05700826734994756
4060,GBR,Betweenness Centrality,-0.3156938168614043
4061,GBR,Betweenness Centrality,-0.016429913313226498
4062,GBR,Betweenness Centrality,0.25712288276601414
4063,GBR,Betweenness Centrality,-0.2702346201605225
4064,GBR,Betweenness Centrality,0.3838367484975396
4065,GBR,Betweenness Centrality,-0.24223757874139515
4066,GBR,Betweenness Centrality,-0.11839268138093101
4067,GBR,Betweenness Centrality,0.5179059356784474
4068,GBR,Betweenness Centrality,-0.3615482572950788
4069,GBR,Betweenness Centrality,-0.18708720450893046
4070,GBR,Betweenness Centrality,-0.23420768683272086
4071,GBR,Betweenness Centrality,-0.3386231860179557
4072,GBR,Betweenness Centrality,-0.25676566715085564
4073,GBR,Betweenness Centrality,-0.16346562411373178
4074,GBR,Betweenness Centrality,-0.36168624791038945
4075,GBR,Betweenness Centrality,0.017499304964040615
4076,GBR,Betweenness Centrality,-0.253076825717171
4077,GBR,Betweenness Centrality,-0.204342496702341
4078,GBR,Betweenness Centrality,-0.3123654129118643
4079,GBR,Betweenness Centrality,0.5043641214026509
4080,GBR,Betweenness Centrality,0.44325823531677755
4081,GBR,Betweenness Centrality,-0.3257133981531816
4082,GBR,Betweenness Centrality,-0.3556030348526737
4083,GBR,Betweenness Centrality,-0.3175959014753039
4084,GBR,Betweenness Centrality,0.37249220428560104
4085,GBR,Betweenness Centrality,-0.35828997212755354
4086,GBR,Betweenness Centrality,0.6392606474343839
4087,GBR,Betweenness Centrality,-0.35444416562557324
4088,GBR,Betweenness Centrality,-0.3569149585201932
4089,GBR,Betweenness Centrality,-0.3606692264826789
4090,GBR,Betweenness Centrality,-0.36168624791038945
4091,GBR,Betweenness Centrality,-0.36168624791038945
4092,GBR,Betweenness Centrality,-0.36168624791038945
4093,GBR,Betweenness Centrality,3.947668975233135
4094,GBR,Betweenness Centrality,2.9583856871232093
4095,GBR,Betweenness Centrality,1.3253054905779769
4096,GBR,Betweenness Centrality,-0.19566494840824522
4097,GBR,Betweenness Centrality,-0.3614354123588034
4098,GBR,Betweenness Centrality,1.2415009314760408
4099,GBR,Betweenness Centrality,-0.3546892299280967
4100,GBR,Betweenness Centrality,-0.26485216871605743
4101,GBR,Betweenness Centrality,0.09216200175235309
4102,GBR,Betweenness Centrality,3.17282306852275
4103,GBR,Betweenness Centrality,-0.24324744445556168
4104,GBR,Betweenness Centrality,-0.3182928528863725
4105,GBR,Betweenness Centrality,0.7989397508873806
4106,GBR,Betweenness Centrality,-0.35901355674991436
4107,GBR,Betweenness Centrality,-0.2855356736333556
4108,GBR,Betweenness Centrality,-0.20674765360319283
4109,GBR,Betweenness Centrality,-0.16858631826657502
4110,GBR,Betweenness Centrality,-0.33629799371049873
4111,GBR,Betweenness Centrality,-0.2561798768956545
4112,GBR,Betweenness Centrality,-0.3000893083710544
4113,GBR,Betweenness Centrality,-0.2590846102410126
4114,GBR,Betweenness Centrality,0.055699706835783076
4115,GBR,Betweenness Centrality,0.15016818618772954
4116,GBR,Betweenness Centrality,-0.33048079910166095
4117,GBR,Betweenness Centrality,-0.24261862681164884
4118,GBR,Betweenness Centrality,-0.31261828528557434
4119,GBR,Betweenness Centrality,-0.3615288517370533
4120,GBR,Betweenness Centrality,-0.35508251415800873
4121,GBR,Betweenness Centrality,-0.36168624791038945
4122,GBR,Betweenness Centrality,-0.2131149085705341
4123,GBR,Betweenness Centrality,1.4550846321811282
4124,GBR,Betweenness Centrality,0.5116169833069979
4125,GBR,Betweenness Centrality,-0.36168624791038945
4126,GBR,Betweenness Centrality,-0.09429621135670122
4127,GBR,Betweenness Centrality,0.3432481638724865
4128,GBR,Betweenness Centrality,-0.3587306591082266
4129,GBR,Betweenness Centrality,-0.19392039532638822
4130,GBR,Betweenness Centrality,-0.2863434310253315
4131,GBR,Betweenness Centrality,-0.35138675231830946
4132,GBR,Betweenness Centrality,-0.31974081419198247
4133,GBR,Betweenness Centrality,-0.27308036921091816
4134,GBR,Betweenness Centrality,-0.3527682437277934
4135,GBR,Betweenness Centrality,-0.36168624791038945
4136,GBR,Betweenness Centrality,-0.11962102712333927
4137,GBR,Betweenness Centrality,-0.3606692264826789
4138,GBR,Betweenness Centrality,-0.36168624791038945
4139,GBR,Betweenness Centrality,-0.36168624791038945
4140,GBR,Betweenness Centrality,-0.3596522050549684
4141,GBR,Betweenness Centrality,-0.36168624791038945
4142,GBR,Betweenness Centrality,1.393507451037036
4143,GBR,Betweenness Centrality,-0.3615409591350022
4144,GBR,Betweenness Centrality,-0.3606692264826789
4145,GBR,Betweenness Centrality,-0.3616014961247469
4146,GBR,Betweenness Centrality,-0.36168624791038945
4147,GBR,Betweenness Centrality,-0.36168624791038945
4148,GBR,Betweenness Centrality,-0.3596522050549684
4149,GBR,Betweenness Centrality,-0.36168624791038945
4150,GBR,Betweenness Centrality,-0.3612503815842278
4151,GBR,Betweenness Centrality,-0.3600275343913854
4152,GBR,Betweenness Centrality,-0.3596522050549684
4153,GBR,Betweenness Centrality,-0.36168624791038945
4154,GBR,Betweenness Centrality,-0.36168624791038945
4155,GBR,Betweenness Centrality,-0.3605239377072917
4156,GBR,Betweenness Centrality,-0.36132786893110097
4157,GBR,Betweenness Centrality,-0.3596836842896356
4158,GBR,Betweenness Centrality,-0.3594318504122978
4159,GBR,Betweenness Centrality,-0.36168624791038945
4160,GBR,Betweenness Centrality,-0.36168624791038945
4161,GBR,Betweenness Centrality,-0.3616378183185937
4162,GBR,Betweenness Centrality,-0.36141019923715373
4163,GBR,Betweenness Centrality,-0.36168624791038945
4164,GBR,Betweenness Centrality,-0.36103729138032653
4165,GBR,Betweenness Centrality,-0.36168624791038945
4166,GBR,Betweenness Centrality,-0.36168624791038945
4167,GBR,Betweenness Centrality,-0.36161360352269584
4168,GBR,Betweenness Centrality,-0.36008322842195045
4169,GBR,Betweenness Centrality,-0.361395670359615
4170,GBR,Betweenness Centrality,-0.361395670359615
4171,GBR,Betweenness Centrality,-0.36168624791038945
4172,GBR,Betweenness Centrality,-0.36168624791038945
4173,GBR,Betweenness Centrality,6.766417502879996
4174,GBR,Betweenness Centrality,0.37400392866416626
4175,GBR,Betweenness Centrality,-0.35648707227331305
4176,GBR,Betweenness Centrality,-0.3613425276315548
4177,GBR,Betweenness Centrality,0.2539594832849256
4178,GBR,Betweenness Centrality,-0.270982524972802
4179,GBR,Betweenness Centrality,1.6489305116835233
4180,GBR,Betweenness Centrality,-0.24102184477370941
4181,GBR,Betweenness Centrality,0.014175634165560124
4182,GBR,Betweenness Centrality,-0.29398167196197594
4183,GBR,Betweenness Centrality,-0.22162126822310693
4184,GBR,Betweenness Centrality,-0.2675266552806292
4185,GBR,Betweenness Centrality,3.89642921133057
4186,GBR,Betweenness Centrality,-0.21072891465766067
4187,GBR,Betweenness Centrality,-0.2265806407254139
4188,GBR,Betweenness Centrality,-0.29641306171019594
4189,GBR,Betweenness Centrality,-0.30584879677146276
4190,GBR,Betweenness Centrality,-0.33228271933874715
4191,GBR,Betweenness Centrality,-0.2397176799736453
4192,GBR,Betweenness Centrality,-0.36168624791038945
4193,GBR,Betweenness Centrality,-0.36168624791038945
4194,GBR,Betweenness Centrality,-0.18180690536018276
4195,GBR,Betweenness Centrality,-0.31140243760124614
4196,GBR,Betweenness Centrality,-0.09333808226735468
4197,GBR,Betweenness Centrality,-0.3605602906372747
4198,GBR,Betweenness Centrality,3.2056373369981492
4199,GBR,Betweenness Centrality,-0.3436739554868546
4200,GBR,Betweenness Centrality,-0.36061041548155504
4201,GBR,Betweenness Centrality,-0.36105074545353855
4202,GBR,Betweenness Centrality,-0.338701643769598
4203,GBR,Betweenness Centrality,-0.36168624791038945
4204,GBR,Betweenness Centrality,-0.36044332494225967
4205,GBR,Betweenness Centrality,-0.28525124145715663
4206,GBR,Betweenness Centrality,1.0098399980934705
4207,GBR,Betweenness Centrality,-0.29795335506166437
4208,GBR,Betweenness Centrality,-0.24622980099354247
4209,GBR,Betweenness Centrality,-0.35470173576286773
4210,GBR,Betweenness Centrality,-0.36168624791038945
4211,GBR,Betweenness Centrality,1.6703949237374403
4212,GBR,Betweenness Centrality,-0.3171243339611037
4213,GBR,Betweenness Centrality,-0.3256631266258031
4214,GBR,Betweenness Centrality,-0.3071349415599296
4215,GBR,Betweenness Centrality,-0.3465821281326183
4216,GBR,Betweenness Centrality,-0.28714759317274907
4217,GBR,Betweenness Centrality,-0.32751494901772366
4218,GBR,Betweenness Centrality,-0.3600699144843229
4219,GBR,Betweenness Centrality,-0.35521612672431574
4220,GBR,Betweenness Centrality,0.11858812386859907
4221,GBR,Betweenness Centrality,-0.3609731665640189
4222,GBR,Betweenness Centrality,-0.33736138475843847
4223,GBR,Betweenness Centrality,-0.3247393123294198
4224,GBR,Betweenness Centrality,-0.29404632785463275
4225,GBR,Betweenness Centrality,7.1069100545439206
4226,GBR,Betweenness Centrality,-0.2778394120498818
4227,GBR,Betweenness Centrality,-0.28737180374840815
4228,GBR,Betweenness Centrality,-0.3049254915301582
4229,GBR,Betweenness Centrality,0.5054638902998992
4230,GBR,Betweenness Centrality,-0.0578999785216793
4231,GBR,Betweenness Centrality,-0.36168624791038945
4232,GBR,Betweenness Centrality,-0.3609809561795565
4233,GBR,Betweenness Centrality,-0.2079225312562349
4234,GBR,Betweenness Centrality,-0.36168624791038945
4235,GBR,Betweenness Centrality,-0.36168624791038945
4236,GBR,Betweenness Centrality,-0.196859484241248
4237,GBR,Betweenness Centrality,1.1320295055531036
4238,GBR,Betweenness Centrality,-0.3610469772986857
4239,GBR,Betweenness Centrality,-0.3404904176800892
4240,GBR,Betweenness Centrality,0.3477263299713585
4241,GBR,Betweenness Centrality,-0.35992028854607444
4242,GBR,Betweenness Centrality,2.263090135943591
4243,GBR,Betweenness Centrality,-0.2981773608742279
4244,GBR,Betweenness Centrality,-0.05782068228875507
4245,GBR,Betweenness Centrality,-0.36104663137303
4246,GBR,Betweenness Centrality,-0.35658774294827095
4247,GBR,Betweenness Centrality,-0.30670445095592413
4248,GBR,Betweenness Centrality,-0.29545363070547115
4249,GBR,Betweenness Centrality,-0.36168624791038945
4250,GBR,Betweenness Centrality,1.268011036264823
4251,GBR,Betweenness Centrality,-0.3578113722752215
4252,GBR,Betweenness Centrality,-0.35069234297265417
4253,GBR,Betweenness Centrality,-0.30836151739615364
4254,GBR,Betweenness Centrality,-0.3186534212285218
4255,GBR,Betweenness Centrality,0.22714465904745382
4256,GBR,Betweenness Centrality,-0.36059658209498535
4257,GBR,Betweenness Centrality,-0.3606275165002281
4258,GBR,Betweenness Centrality,-0.3604512933195981
4259,GBR,Betweenness Centrality,-0.2309045654492863
4260,GBR,Betweenness Centrality,-0.3605488139604259
4261,GBR,Betweenness Centrality,-0.3597974938303556
4262,GBR,Betweenness Centrality,-0.333611152640338
4263,GBR,Betweenness Centrality,-0.35155278925069433
4264,GBR,Betweenness Centrality,-0.36168624791038945
4265,GBR,Betweenness Centrality,0.056096141513737686
4266,GBR,Betweenness Centrality,2.3589052260144734
4267,GBR,Betweenness Centrality,-0.36168624791038945
4268,GBR,Betweenness Centrality,2.164963407726255
4269,GBR,Betweenness Centrality,0.08887535045174226
4270,GBR,Betweenness Centrality,2.051422711859009
4271,GBR,Betweenness Centrality,-0.34692019708066657
4272,GBR,Betweenness Centrality,-0.1294206878340402
4273,GBR,Betweenness Centrality,0.606814655500896
4274,GBR,Betweenness Centrality,-0.36168624791038945
4275,GBR,Betweenness Centrality,1.3400865722296833
4276,GBR,Betweenness Centrality,-0.3609183721908618
4277,GBR,Betweenness Centrality,-0.36062079689088317
4278,GBR,Betweenness Centrality,-0.36168624791038945
4279,GBR,Betweenness Centrality,0.3037691354456802
4280,GBR,Betweenness Centrality,-0.36168624791038945
4281,GBR,Betweenness Centrality,0.5296816192199596
4282,GBR,Betweenness Centrality,-0.3546403277422171
4283,GBR,Betweenness Centrality,-0.3485721957515356
4284,GBR,Betweenness Centrality,-0.13170327483618416
4285,GBR,Betweenness Centrality,-0.36168624791038945
4286,GBR,Betweenness Centrality,-0.3615409591350022
4287,GBR,Betweenness Centrality,-0.3498860588445882
4288,GBR,Betweenness Centrality,-0.27836956269335644
4289,GBR,Betweenness Centrality,-0.3302196301472881
4290,GBR,Betweenness Centrality,-0.3340813805868179
4291,GBR,Betweenness Centrality,0.01364012041266593
4292,GBR,Betweenness Centrality,-0.3570105813859534
4293,GBR,Betweenness Centrality,-0.36168624791038945
4294,GBR,Betweenness Centrality,-0.35817734793411976
4295,GBR,Betweenness Centrality,-0.36168624791038945
4296,GBR,Betweenness Centrality,0.14376912280178789
4297,GBR,Betweenness Centrality,-0.25515812505746405
4298,GBR,Betweenness Centrality,-0.2892251169248183
4299,GBR,Betweenness Centrality,-0.30756538303237624
4300,GBR,Betweenness Centrality,-0.36168624791038945
4301,GBR,Betweenness Centrality,0.2591700607088864
4302,GBR,Betweenness Centrality,-0.3557911008840767
4303,GBR,Betweenness Centrality,-0.3581959451918979
4304,GBR,Betweenness Centrality,-0.3588438010395473
4305,GBR,Betweenness Centrality,-0.3593637636142708
4306,GBR,Betweenness Centrality,-0.3596252270115287
4307,GBR,Betweenness Centrality,-0.36168624791038945
4308,GBR,Betweenness Centrality,-0.36168624791038945
4309,GBR,Betweenness Centrality,-0.36168624791038945
4310,GBR,Betweenness Centrality,4.479556608519576
4311,GBR,Betweenness Centrality,-0.3201095860840219
4312,GBR,Betweenness Centrality,-0.36055239795441846
4313,GBR,Betweenness Centrality,-0.36168624791038945
4314,GBR,Betweenness Centrality,-0.27694571732476597
4315,GBR,Betweenness Centrality,-0.36168624791038945
4316,GBR,Betweenness Centrality,0.4850981286440672
4317,GBR,Betweenness Centrality,-0.010931635485356096
4318,GBR,Betweenness Centrality,-0.36168624791038945
4319,GBR,Betweenness Centrality,-0.3294911462504859
4320,GBR,Betweenness Centrality,-0.309941867304055
4321,GBR,Betweenness Centrality,-0.35868756099776944
4322,GBR,Betweenness Centrality,-0.36168624791038945
4323,GBR,Betweenness Centrality,-0.35607034640286905
4324,GBR,Betweenness Centrality,-0.24549364029618873
4325,GBR,Betweenness Centrality,-0.26467762948519186
4326,GBR,Betweenness Centrality,-0.25265892010426305
4327,GBR,Betweenness Centrality,-0.3443482704320643
4328,GBR,Betweenness Centrality,-0.02716081647916573
4329,GBR,Betweenness Centrality,-0.35471238669180294
4330,GBR,Betweenness Centrality,-0.283152191242699
4331,GBR,Betweenness Centrality,-0.26464400388526704
4332,GBR,Betweenness Centrality,-0.3483776232340745
4333,GBR,Betweenness Centrality,-0.06542032817685155
4334,GBR,Betweenness Centrality,-0.3079817783876302
4335,GBR,Betweenness Centrality,-0.20010984335203877
4336,GBR,Betweenness Centrality,-0.35807152791072544
4337,GBR,Betweenness Centrality,-0.1921058529323554
4338,GBR,Betweenness Centrality,-0.22767979931581012
4339,GBR,Betweenness Centrality,4.6697829787989384
4340,GBR,Betweenness Centrality,-0.1749105284965702
4341,GBR,Betweenness Centrality,-0.3483776232340745
4342,GBR,Betweenness Centrality,-0.15361714816416192
4343,GBR,Betweenness Centrality,0.09003616143785369
4344,GBR,Betweenness Centrality,-0.36168624791038945
4345,GBR,Betweenness Centrality,0.20894732526652182
4346,GBR,Betweenness Centrality,-0.3615409591350022
4347,GBR,Betweenness Centrality,0.032757217400431395
4348,GBR,Betweenness Centrality,0.2643392691552421
4349,GBR,Betweenness Centrality,-0.2795244442595177
4350,GBR,Betweenness Centrality,-0.35296892138715635
4351,GBR,Betweenness Centrality,-0.35518284558353297
4352,GBR,Betweenness Centrality,0.7564525154477774
4353,GBR,Betweenness Centrality,-0.20056265635795856
4354,GBR,Betweenness Centrality,-0.3615409591350022
4355,GBR,Betweenness Centrality,-0.32859344663741163
4356,GBR,Betweenness Centrality,-0.36168624791038945
4357,GBR,Betweenness Centrality,-0.36168624791038945
4358,GBR,Betweenness Centrality,3.4420964787988084
4359,GBR,Betweenness Centrality,0.08755103023948202
4360,GBR,Betweenness Centrality,-0.36168624791038945
4361,GBR,Betweenness Centrality,-0.35296892138715635
4362,GBR,Betweenness Centrality,-0.3600880713811301
4363,GBR,Betweenness Centrality,-0.35151603363328415
4364,GBR,Betweenness Centrality,-0.23074773302626397
4365,GBR,Betweenness Centrality,0.40956451221025203
4366,GBR,Betweenness Centrality,-0.36168624791038945
4367,GBR,Betweenness Centrality,-0.1695765000979162
4368,GBR,Betweenness Centrality,0.14676610091677258
4369,GBR,Betweenness Centrality,-0.36168624791038945
4370,GBR,Betweenness Centrality,-0.36168624791038945
4371,GBR,Betweenness Centrality,-0.3497483535327397
4372,GBR,Betweenness Centrality,3.44680490029147
4373,GBR,Betweenness Centrality,-0.36168624791038945
4374,GBR,Betweenness Centrality,-0.35679485913901976
4375,GBR,Betweenness Centrality,-0.36168624791038945
4376,GBR,Betweenness Centrality,0.3068243836746972
4377,GBR,Betweenness Centrality,-0.359361627504194
4378,GBR,Betweenness Centrality,-0.35805402852570895
4379,GBR,Betweenness Centrality,-0.36168624791038945
4380,GBR,Betweenness Centrality,-0.36168624791038945
4381,GBR,Betweenness Centrality,-0.36064501168678104
4382,GBR,Betweenness Centrality,-0.35776345097493456
4383,GBR,Betweenness Centrality,-0.36168624791038945
4384,GBR,Betweenness Centrality,-0.36168624791038945
4385,GBR,Betweenness Centrality,-0.36168624791038945
4386,GBR,Betweenness Centrality,-0.36168624791038945
4387,GBR,Betweenness Centrality,-0.36168624791038945
4388,GBR,Betweenness Centrality,-0.3606692264826789
4389,GBR,Betweenness Centrality,-0.3605239377072917
4390,GBR,Betweenness Centrality,-0.36168624791038945
4391,GBR,Betweenness Centrality,-0.36168624791038945
4392,GBR,Betweenness Centrality,-0.36168624791038945
4393,GBR,Betweenness Centrality,-0.36168624791038945
4394,GBR,Betweenness Centrality,-0.36168624791038945
4395,GBR,Betweenness Centrality,-0.36161360352269584
4396,GBR,Betweenness Centrality,-0.3608145152580662
4397,GBR,Betweenness Centrality,-0.36168624791038945
4398,GBR,Betweenness Centrality,-0.36168624791038945
4399,GBR,Betweenness Centrality,-0.36168624791038945
4400,GBR,Betweenness Centrality,-0.36168624791038945
4401,GBR,Betweenness Centrality,-0.36168624791038945
4402,GBR,Betweenness Centrality,-0.36161360352269584
4403,GBR,Betweenness Centrality,-0.36168624791038945
4404,GBR,Betweenness Centrality,-0.36168624791038945
4405,GBR,Betweenness Centrality,-0.3592889831165003
4406,GBR,Betweenness Centrality,-0.36103244842114696
4407,GBR,Betweenness Centrality,-0.36168624791038945
4408,GBR,Betweenness Centrality,-0.36168624791038945
4409,GBR,Betweenness Centrality,-0.36168624791038945
4410,GBR,Betweenness Centrality,-0.36168624791038945
4411,GBR,Betweenness Centrality,-0.36040286372780234
4412,GBR,Betweenness Centrality,-0.35987013821804925
4413,GBR,Betweenness Centrality,-0.36168624791038945
4414,GBR,Betweenness Centrality,-0.36168624791038945
4415,GBR,Betweenness Centrality,-0.36168624791038945
4416,GBR,Betweenness Centrality,-0.36168624791038945
4417,GBR,Betweenness Centrality,-0.3597732790344577
4418,GBR,Betweenness Centrality,-0.3611777371965342
4419,GBR,Betweenness Centrality,-0.36127459638012566
4420,GBR,Betweenness Centrality,-0.36079030046216826
4421,GBR,Betweenness Centrality,-0.36168624791038945
4422,GBR,Betweenness Centrality,-0.36168624791038945
4423,GBR,Betweenness Centrality,-0.36168624791038945
4424,GBR,Betweenness Centrality,-0.36168624791038945
4425,GBR,Betweenness Centrality,-0.36168624791038945
4426,GBR,Betweenness Centrality,-0.36168624791038945
4427,GBR,Betweenness Centrality,-0.36168624791038945
4428,GBR,Betweenness Centrality,-0.36168624791038945
4429,GBR,Betweenness Centrality,-0.36168624791038945
4430,GBR,Betweenness Centrality,-0.36168624791038945
4431,GBR,Betweenness Centrality,-0.36168624791038945
4432,GBR,Betweenness Centrality,-0.3068424371159407
4433,GBR,Betweenness Centrality,-0.31522362470843235
4434,GBR,Betweenness Centrality,-0.20004604705983323
4435,GBR,Betweenness Centrality,-0.34973614965578026
4436,GBR,Betweenness Centrality,-0.2988128790608189
4437,GBR,Betweenness Centrality,0.04999182478530935
4438,GBR,Betweenness Centrality,-0.3592571423890767
4439,GBR,Betweenness Centrality,-0.3508581317342231
4440,GBR,Betweenness Centrality,-0.36168624791038945
4441,GBR,Betweenness Centrality,-0.3514660002512508
4442,GBR,Betweenness Centrality,-0.36168624791038945
4443,GBR,Betweenness Centrality,-0.3202151905087487
4444,GBR,Betweenness Centrality,-0.35790112571605237
4445,GBR,Betweenness Centrality,-0.33567751644728505
4446,GBR,Betweenness Centrality,-0.36168624791038945
4447,GBR,Betweenness Centrality,-0.36129770232973046
4448,GBR,Betweenness Centrality,-0.3050953204239597
4449,GBR,Betweenness Centrality,-0.3153623698587721
4450,GBR,Betweenness Centrality,-0.36168624791038945
4451,GBR,Betweenness Centrality,-0.32624046842948745
4452,GBR,Betweenness Centrality,-0.36168624791038945
4453,GBR,Betweenness Centrality,-0.36139456151332194
4454,GBR,Betweenness Centrality,-0.14897608440267865
4455,GBR,Betweenness Centrality,-0.326390524492234
4456,GBR,Betweenness Centrality,-0.34751909935747505
4457,GBR,Betweenness Centrality,-0.2557245181416474
4458,GBR,Betweenness Centrality,-0.3558525518125545
4459,GBR,Betweenness Centrality,-0.35076757826865246
4460,GBR,Betweenness Centrality,-0.35473880479590314
4461,GBR,Betweenness Centrality,-0.2376878425287811
4462,GBR,Betweenness Centrality,-0.36126562005285506
4463,GBR,Betweenness Centrality,-0.08443112065913094
4464,GBR,Betweenness Centrality,-0.3476520983669622
4465,GBR,Betweenness Centrality,-0.3498490472811397
4466,GBR,Betweenness Centrality,-0.36168624791038945
4467,GBR,Betweenness Centrality,0.3884560498851776
4468,GBR,Betweenness Centrality,-0.32884368964209953
4469,GBR,Betweenness Centrality,-0.19955818480268298
4470,GBR,Betweenness Centrality,-0.3364714084828283
4471,GBR,Betweenness Centrality,-0.21614595643491613
4472,GBR,Betweenness Centrality,-0.09450854891941735
4473,GBR,Betweenness Centrality,-0.3457104732793466
4474,GBR,Betweenness Centrality,-0.3476030804644337
4475,GBR,Betweenness Centrality,0.10736272705025152
4476,GBR,Betweenness Centrality,-0.3402501088682907
4477,GBR,Betweenness Centrality,-0.29136528482811525
4478,GBR,Betweenness Centrality,-0.3614824400449157
4479,GBR,Betweenness Centrality,-0.34751054085750077
4480,GBR,Betweenness Centrality,-0.3171895581900256
4481,GBR,Betweenness Centrality,0.6924303029363066
4482,GBR,Betweenness Centrality,-0.3333643772429265
4483,GBR,Betweenness Centrality,-0.3281632201921659
4484,GBR,Betweenness Centrality,-0.3409793063539494
4485,GBR,Betweenness Centrality,-0.3525059226757413
4486,GBR,Betweenness Centrality,0.8622886958327833
4487,GBR,Betweenness Centrality,-0.34361704886350297
4488,GBR,Betweenness Centrality,0.13535805359543535
4489,GBR,Betweenness Centrality,-0.32794895758135084
4490,GBR,Betweenness Centrality,-0.33381437525598917
4491,GBR,Betweenness Centrality,-0.31692079197391104
4492,GBR,Betweenness Centrality,-0.34933888901139337
4493,GBR,Betweenness Centrality,-0.33040323191664955
4494,GBR,Betweenness Centrality,-0.3331403182128365
4495,GBR,Betweenness Centrality,-0.33009153610597924
4496,GBR,Betweenness Centrality,0.7431530736771539
4497,GBR,Betweenness Centrality,-0.3507024975626101
4498,GBR,Betweenness Centrality,-0.24101250148555536
4499,GBR,Betweenness Centrality,-0.28297976393313057
4500,GBR,Betweenness Centrality,-0.3265236683379289
4501,GBR,Betweenness Centrality,-0.36168624791038945
4502,GBR,Betweenness Centrality,-0.05770265029306259
4503,GBR,Betweenness Centrality,-0.36168624791038945
4504,GBR,Betweenness Centrality,-0.344797327326468
4505,GBR,Betweenness Centrality,-0.3096963520799022
4506,GBR,Betweenness Centrality,-0.31491908440971933
4507,GBR,Betweenness Centrality,-0.3615355396330632
4508,GBR,Betweenness Centrality,-0.2981085523281885
4509,GBR,Betweenness Centrality,-0.3556780005643481
4510,GBR,Betweenness Centrality,-0.3052173941469475
4511,GBR,Betweenness Centrality,-0.1836514897169269
4512,GBR,Betweenness Centrality,-0.33027350073851525
4513,GBR,Betweenness Centrality,0.08544018554966362
4514,GBR,Betweenness Centrality,1.1661340282909298
4515,GBR,Betweenness Centrality,-0.30940747083542186
4516,GBR,Betweenness Centrality,-0.31578108910407937
4517,GBR,Betweenness Centrality,-0.35161599367523544
4518,GBR,Betweenness Centrality,-0.35553362776508646
4519,GBR,Betweenness Centrality,-0.30836701447575193
4520,GBR,Betweenness Centrality,-0.326225260160166
4521,GBR,Betweenness Centrality,-0.2974841840750402
4522,GBR,Betweenness Centrality,-0.17612315776580018
4523,GBR,Betweenness Centrality,-0.2769862961758594
4524,GBR,Betweenness Centrality,-0.36168624791038945
4525,GBR,Betweenness Centrality,-0.3052173941469475
4526,GBR,Betweenness Centrality,-0.3587252264987666
4527,GBR,Betweenness Centrality,-0.35856761964506584
4528,GBR,Betweenness Centrality,-0.32959172050267205
4529,GBR,Betweenness Centrality,1.5145720549055193
4530,GBR,Betweenness Centrality,-0.3397627521408197
4531,GBR,Betweenness Centrality,-0.2578350517350636
4532,GBR,Betweenness Centrality,-0.3590877293294233
4533,GBR,Betweenness Centrality,-0.30310912602695606
4534,GBR,Betweenness Centrality,-0.32559522630684573
4535,GBR,Betweenness Centrality,-0.23188930859674692
4536,GBR,Betweenness Centrality,-0.27493103259323654
4537,GBR,Betweenness Centrality,-0.3571103277547667
4538,GBR,Betweenness Centrality,-0.3591543200181424
4539,GBR,Betweenness Centrality,-0.36168624791038945
4540,GBR,Betweenness Centrality,-0.36168624791038945
4541,GBR,Betweenness Centrality,-0.31918154861107445
4542,GBR,Betweenness Centrality,-0.35046197010459224
4543,GBR,Betweenness Centrality,-0.3581545362900337
4544,GBR,Betweenness Centrality,-0.35652305470748263
4545,GBR,Betweenness Centrality,-0.36157001689007967
4546,GBR,Betweenness Centrality,-0.3234234721511254
4547,GBR,Betweenness Centrality,-0.2754283260701241
4548,GBR,Betweenness Centrality,-0.36168624791038945
4549,GBR,Betweenness Centrality,-0.35940713650803147
4550,GBR,Betweenness Centrality,-0.3578049894021759
4551,GBR,Betweenness Centrality,-0.3597474475814978
4552,GBR,Betweenness Centrality,-0.2450025508009731
4553,GBR,Betweenness Centrality,-0.3572146542841058
4554,GBR,Betweenness Centrality,-0.31940721427270885
4555,GBR,Betweenness Centrality,-0.35855734945606965
4556,GBR,Betweenness Centrality,-0.29074378432774695
4557,GBR,Betweenness Centrality,-0.3602362818259065
4558,GBR,Betweenness Centrality,-0.3519119394999347
4559,GBR,Betweenness Centrality,-0.34950568668527743
4560,GBR,Betweenness Centrality,-0.3593226695750022
4561,GBR,Betweenness Centrality,-0.35789496841603113
4562,GBR,Betweenness Centrality,-0.36168624791038945
4563,GBR,Betweenness Centrality,-0.2785908585475118
4564,GBR,Betweenness Centrality,-0.25393042059018006
4565,GBR,Betweenness Centrality,-0.2620511262405994
4566,GBR,Betweenness Centrality,-0.3603408277268831
4567,GBR,Betweenness Centrality,-0.30371347648849273
4568,GBR,Betweenness Centrality,-0.35827167341741006
4569,GBR,Betweenness Centrality,-0.2941362629318554
4570,GBR,Betweenness Centrality,-0.36168624791038945
4571,GBR,Betweenness Centrality,-0.32647351768023486
4572,GBR,Betweenness Centrality,-0.24864673769995388
4573,GBR,Betweenness Centrality,-0.28506931882835723
4574,GBR,Betweenness Centrality,-0.274977926296897
4575,GBR,Betweenness Centrality,-0.3324314881720338
4576,GBR,Betweenness Centrality,-0.31681355416263035
4577,GBR,Betweenness Centrality,-0.3438588634519432
4578,GBR,Betweenness Centrality,-0.19511266692894344
4579,GBR,Betweenness Centrality,-0.3615990746451571
4580,GBR,Betweenness Centrality,-0.3445757878518987
4581,GBR,Betweenness Centrality,-0.2462567288671366
4582,GBR,Betweenness Centrality,-0.3258498182473933
4583,GBR,Betweenness Centrality,-0.3070382814932117
4584,GBR,Betweenness Centrality,-0.23354763735810544
4585,GBR,Betweenness Centrality,-0.25784913030348344
4586,GBR,Betweenness Centrality,-0.23285935965725577
4587,GBR,Betweenness Centrality,-0.36168624791038945
4588,GBR,Betweenness Centrality,-0.36168624791038945
4589,GBR,Betweenness Centrality,-0.36168624791038945
4590,GBR,Betweenness Centrality,-0.36168624791038945
4591,GBR,Betweenness Centrality,-0.36168624791038945
4592,GBR,Betweenness Centrality,-0.36168624791038945
4593,GBR,Betweenness Centrality,-0.36168624791038945
4594,GBR,Betweenness Centrality,-0.36168624791038945
4595,GBR,Betweenness Centrality,-0.36168624791038945
4596,GBR,Betweenness Centrality,-0.36168624791038945
4597,GBR,Betweenness Centrality,-0.3612503815842278
4598,GBR,Betweenness Centrality,-0.36168624791038945
4599,GBR,Betweenness Centrality,-0.36168624791038945
4600,GBR,Betweenness Centrality,-0.36168624791038945
4601,GBR,Betweenness Centrality,-0.36168624791038945
4602,GBR,Betweenness Centrality,-0.36168624791038945
4603,GBR,Betweenness Centrality,-0.36168624791038945
4604,GBR,Betweenness Centrality,-0.36168624791038945
4605,GBR,Betweenness Centrality,-0.36168624791038945
4606,GBR,Betweenness Centrality,-0.36168624791038945
4607,GBR,Betweenness Centrality,-0.36168624791038945
4608,GBR,Betweenness Centrality,-0.3605239377072917
4609,GBR,Betweenness Centrality,-0.36168624791038945
4610,GBR,Betweenness Centrality,-0.36168624791038945
4611,GBR,Betweenness Centrality,-0.36168624791038945
4612,GBR,Betweenness Centrality,-0.36168624791038945
4613,GBR,Betweenness Centrality,-0.3571822958733857
4614,GBR,Betweenness Centrality,-0.35761816219954734
4615,GBR,Betweenness Centrality,-0.3573275846487729
4616,GBR,Betweenness Centrality,-0.36168624791038945
4617,GBR,Betweenness Centrality,-0.36023336015651725
4618,GBR,Betweenness Centrality,-0.36168624791038945
4619,GBR,Betweenness Centrality,-0.36168624791038945
4620,GBR,Betweenness Centrality,-0.36168624791038945
4621,GBR,Betweenness Centrality,-0.35761816219954734
4622,GBR,Betweenness Centrality,-0.36168624791038945
4623,GBR,Betweenness Centrality,-0.36168624791038945
4624,GBR,Betweenness Centrality,-0.36168624791038945
4625,GBR,Betweenness Centrality,-0.3605239377072917
4626,GBR,Betweenness Centrality,-0.36168624791038945
4627,GBR,Betweenness Centrality,-0.36168624791038945
4628,GBR,Betweenness Centrality,-0.36168624791038945
4629,GBR,Betweenness Centrality,-0.3616378183185937
4630,GBR,Betweenness Centrality,-0.3614925295432065
4631,GBR,Betweenness Centrality,-0.3616378183185937
4632,GBR,Betweenness Centrality,-0.36168624791038945
4633,GBR,Betweenness Centrality,-0.36168624791038945
4634,GBR,Betweenness Centrality,-0.36168624791038945
4635,GBR,Betweenness Centrality,-0.36168624791038945
4636,GBR,Betweenness Centrality,-0.36168624791038945
4637,GBR,Betweenness Centrality,-0.36168624791038945
4638,IO,Betweenness Centrality,-0.2057679245764286
4639,IO,Betweenness Centrality,-0.21736554272531655
4640,IO,Betweenness Centrality,-0.08464829065025145
4641,IO,Betweenness Centrality,-0.14288629013730503
4642,IO,Betweenness Centrality,-0.12398320955951105
4643,IO,Betweenness Centrality,-0.10856955409860089
4644,IO,Betweenness Centrality,-0.24573200644629645
4645,IO,Betweenness Centrality,-0.24765025373124033
4646,IO,Betweenness Centrality,-0.14377375050994232
4647,IO,Betweenness Centrality,-0.20171407743947503
4648,IO,Betweenness Centrality,-0.249150291586802
4649,IO,Betweenness Centrality,-0.278151939312555
4650,IO,Betweenness Centrality,-0.1976098342949648
4651,IO,Betweenness Centrality,-0.2272447169636916
4652,IO,Betweenness Centrality,-0.22448614758244023
4653,IO,Betweenness Centrality,-0.2286188271540061
4654,IO,Betweenness Centrality,-0.2519860400328605
4655,IO,Betweenness Centrality,-0.2655570399540213
4656,IO,Betweenness Centrality,-0.26383128040856474
4657,IO,Betweenness Centrality,-0.28197294667015554
4658,IO,Betweenness Centrality,-0.29811985755640574
4659,IO,Betweenness Centrality,-0.28230040983231847
4660,IO,Betweenness Centrality,-0.17708566988885127
4661,IO,Betweenness Centrality,-0.1721219208398593
4662,IO,Betweenness Centrality,-0.12431852143598239
4663,IO,Betweenness Centrality,-0.24481430823239156
4664,IO,Betweenness Centrality,-0.3095178977400219
4665,IO,Betweenness Centrality,-0.24884148915499743
4666,IO,Betweenness Centrality,-0.3512365500950025
4667,IO,Betweenness Centrality,-0.3381106924796711
4668,IO,Betweenness Centrality,-0.040812380850147295
4669,IO,Betweenness Centrality,-0.22320415469679003
4670,IO,Betweenness Centrality,-0.2194020751525388
4671,IO,Betweenness Centrality,-0.11757073768363388
4672,IO,Betweenness Centrality,-0.1707138727740602
4673,IO,Betweenness Centrality,-0.15458665760654053
4674,IO,Betweenness Centrality,-0.09730122150593885
4675,IO,Betweenness Centrality,-0.18406767460868415
4676,IO,Betweenness Centrality,-0.15280215396167582
4677,IO,Betweenness Centrality,-0.15606809781860284
4678,IO,Betweenness Centrality,-0.16947465132597103
4679,IO,Betweenness Centrality,-0.16162571813083115
4680,IO,Betweenness Centrality,-0.1682741541301709
4681,IO,Betweenness Centrality,-0.1283035917865195
4682,IO,Betweenness Centrality,-0.16354132684390119
4683,IO,Betweenness Centrality,-0.15852287785364222
4684,IO,Betweenness Centrality,-0.05407510909596341
4685,IO,Betweenness Centrality,-0.05092175747439242
4686,IO,Betweenness Centrality,0.01833288624271606
4687,IO,Betweenness Centrality,-0.05092175747439242
4688,IO,Betweenness Centrality,-0.05092175747439242
4689,IO,Betweenness Centrality,-0.05092175747439242
4690,IO,Betweenness Centrality,-0.05092175747439242
4691,IO,Betweenness Centrality,-0.031979078613022724
4692,IO,Betweenness Centrality,-0.05092175747439242
4693,IO,Betweenness Centrality,-0.07135847113518204
4694,IO,Betweenness Centrality,-0.09105789480499918
4695,IO,Betweenness Centrality,0.11011382186469597
4696,IO,Betweenness Centrality,0.21924143931947596
4697,IO,Betweenness Centrality,-0.08914856218096663
4698,IO,Betweenness Centrality,-0.09669037687400919
4699,IO,Betweenness Centrality,-0.0671590194383866
4700,IO,Betweenness Centrality,-0.06240388411656226
4701,IO,Betweenness Centrality,-0.0721846613726028
4702,IO,Betweenness Centrality,-0.09217615659590814
4703,IO,Betweenness Centrality,-0.06212834544512116
4704,IO,Betweenness Centrality,-0.06688348076694538
4705,IO,Betweenness Centrality,-0.0992976832117471
4706,IO,Betweenness Centrality,-0.09199470736524616
4707,IO,Betweenness Centrality,-0.34971078729937793
4708,IO,Betweenness Centrality,-0.3531116163322625
4709,IO,Betweenness Centrality,-0.35395251881862533
4710,IO,Betweenness Centrality,-0.3429063023014262
4711,IO,Betweenness Centrality,-0.3504206862907656
4712,IO,Betweenness Centrality,-0.349637871439718
4713,IO,Betweenness Centrality,-0.31362311300674317
4714,IO,Betweenness Centrality,-0.31139092409412855
4715,IO,Betweenness Centrality,-0.30524540064364986
4716,IO,Betweenness Centrality,-0.3215525919592886
4717,IO,Betweenness Centrality,-0.3057302221497182
4718,IO,Betweenness Centrality,-0.30400852749697804
4719,IO,Betweenness Centrality,-0.2944463450117462
4720,IO,Betweenness Centrality,-0.2528611033811273
4721,IO,Betweenness Centrality,-0.25286806869770856
4722,IO,Betweenness Centrality,-0.2941135882988299
4723,IO,Betweenness Centrality,-0.30365993695491494
4724,IO,Betweenness Centrality,-0.29951699840165846
4725,IO,Betweenness Centrality,-0.1832072385738072
4726,IO,Betweenness Centrality,-0.288388855928723
4727,IO,Betweenness Centrality,-0.28182834430058884
4728,IO,Betweenness Centrality,-0.04272358267254492
4729,IO,Betweenness Centrality,-0.12048969218062136
4730,IO,Betweenness Centrality,-0.06574048335621162
4731,IO,Betweenness Centrality,0.10542867171291645
4732,IO,Betweenness Centrality,0.003145016989073481
4733,IO,Betweenness Centrality,-0.0344002340909607
4734,IO,Betweenness Centrality,-0.013966338394886167
4735,IO,Betweenness Centrality,-0.19057178897282198
4736,IO,Betweenness Centrality,-0.3332280590561642
4737,IO,Betweenness Centrality,-0.3461600183349681
4738,IO,Betweenness Centrality,-0.34209304826325
4739,IO,Betweenness Centrality,-0.33462668919885885
4740,IO,Betweenness Centrality,-0.2809864077396452
4741,IO,Betweenness Centrality,-0.1756120578683524
4742,IO,Betweenness Centrality,-0.3343096964657675
4743,IO,Betweenness Centrality,-0.23136189356960607
4744,IO,Betweenness Centrality,-0.20254656782096722
4745,IO,Betweenness Centrality,-0.13683949909971385
4746,IO,Betweenness Centrality,-0.2378834711503039
4747,IO,Betweenness Centrality,-0.09727388402585918
4748,IO,Betweenness Centrality,-0.19133289120459146
4749,IO,Betweenness Centrality,-0.16350167432694399
4750,IO,Betweenness Centrality,-0.24207705100208893
4751,IO,Betweenness Centrality,-0.19386539918334245
4752,IO,Betweenness Centrality,-0.3597367615073839
4753,IO,Betweenness Centrality,-0.3529578812192152
4754,IO,Betweenness Centrality,-0.34952245688949146
4755,IO,Betweenness Centrality,-0.29398608491089595
4756,IO,Betweenness Centrality,-0.2917723193446715
4757,IO,Betweenness Centrality,-0.29366843595872716
4758,IO,Betweenness Centrality,-0.2917374658006459
4759,IO,Betweenness Centrality,-0.28861486031768235
4760,IO,Betweenness Centrality,-0.28674098790044916
4761,IO,Betweenness Centrality,-0.28674098790044916
4762,IO,Betweenness Centrality,-0.2888425682416055
4763,IO,Betweenness Centrality,-0.2888425682416055
4764,IO,Betweenness Centrality,-0.2888425682416055
4765,IO,Betweenness Centrality,-0.22746535510124638
4766,IO,Betweenness Centrality,-0.28432571491823244
4767,IO,Betweenness Centrality,-0.28432571491823244
4768,IO,Betweenness Centrality,-0.28432571491823244
4769,IO,Betweenness Centrality,-0.24270170077933156
4770,IO,Betweenness Centrality,-0.19896826654616326
4771,IO,Betweenness Centrality,-0.18477311622607673
4772,IO,Betweenness Centrality,-0.25319761081032705
4773,IO,Betweenness Centrality,-0.27440790134669085
4774,IO,Betweenness Centrality,-0.19971790834416872
4775,IO,Betweenness Centrality,-0.2740339284683021
4776,IO,Betweenness Centrality,-0.22406140350140918
4777,IO,Betweenness Centrality,-0.06705433083900009
4778,IO,Betweenness Centrality,-0.06705433083900009
4779,IO,Betweenness Centrality,-0.08911487383889793
4780,IO,Betweenness Centrality,-0.07179833034836289
4781,IO,Betweenness Centrality,-0.07179833034836289
4782,IO,Betweenness Centrality,-0.09427545605550801
4783,IO,Betweenness Centrality,-0.15999791671747451
4784,IO,Betweenness Centrality,-0.15435057302457372
4785,IO,Betweenness Centrality,-0.1892986486327352
4786,IO,Betweenness Centrality,-0.08634787504073302
4787,IO,Betweenness Centrality,-0.22131193208387243
4788,IO,Betweenness Centrality,-0.19662684127929078
4789,IO,Betweenness Centrality,-0.2414751341214899
4790,IO,Betweenness Centrality,-0.2576326228099818
4791,IO,Betweenness Centrality,-0.2486438896105522
4792,IO,Betweenness Centrality,-0.17175857305082617
4793,IO,Betweenness Centrality,-0.1870333782679541
4794,IO,Betweenness Centrality,-0.2958983253158397
4795,IO,Betweenness Centrality,-0.17616709300117908
4796,IO,Betweenness Centrality,-0.31755244979727953
4797,IO,Betweenness Centrality,-0.2729369047455857
4798,IO,Betweenness Centrality,-0.2977370082356485
4799,IO,Betweenness Centrality,-0.16438283531081427
4800,IO,Betweenness Centrality,-0.13098656232935627
4801,IO,Betweenness Centrality,-0.08634787504073302
4802,IO,Betweenness Centrality,-0.08634787504073302
4803,IO,Betweenness Centrality,-0.08634787504073302
4804,IO,Betweenness Centrality,-0.09469382947690314
4805,IO,Betweenness Centrality,-0.13098656232935627
4806,IO,Betweenness Centrality,-0.2560333652725967
4807,IO,Betweenness Centrality,-0.2883147257077826
4808,IO,Betweenness Centrality,-0.29524405464290365
4809,IO,Betweenness Centrality,-0.29343034420288594
4810,IO,Betweenness Centrality,-0.3213300809924112
4811,IO,Betweenness Centrality,-0.29946778321727513
4812,IO,Betweenness Centrality,-0.28849091937333204
4813,IO,Betweenness Centrality,-0.2895353575944857
4814,IO,Betweenness Centrality,-0.28357475737330906
4815,IO,Betweenness Centrality,-0.3228847664445831
4816,IO,Betweenness Centrality,-0.31590085601993484
4817,IO,Betweenness Centrality,-0.31413923270734256
4818,Caribbean,Betweenness Centrality,-0.36168624791038945
4819,Caribbean,Betweenness Centrality,-0.3555491619709168
4820,Caribbean,Betweenness Centrality,0.12999126883575668
4821,Caribbean,Betweenness Centrality,-0.04818286704834447
4822,Caribbean,Betweenness Centrality,0.14005817682774335
4823,Caribbean,Betweenness Centrality,0.3402899090815339
4824,Caribbean,Betweenness Centrality,-0.36168624791038945
4825,Caribbean,Betweenness Centrality,-0.270581079371788
4826,Caribbean,Betweenness Centrality,-0.36168624791038945
4827,Caribbean,Betweenness Centrality,-0.3304030098046568
4828,Caribbean,Betweenness Centrality,-0.36105649134162404
4829,Caribbean,Betweenness Centrality,-0.11582560775088596
4830,Caribbean,Betweenness Centrality,-0.36168624791038945
4831,Caribbean,Betweenness Centrality,-0.33746581556301825
4832,Caribbean,Betweenness Centrality,1.391478969622614
4833,Caribbean,Betweenness Centrality,-0.14468656350324496
4834,Caribbean,Betweenness Centrality,-0.36141797477368276
4835,Caribbean,Betweenness Centrality,-0.07752202951718061
4836,Caribbean,Betweenness Centrality,-0.017402771099896103
4837,Caribbean,Betweenness Centrality,-0.36131238967198626
4838,Caribbean,Betweenness Centrality,0.3879817864956119
4839,Caribbean,Betweenness Centrality,-0.1216173464927932
4840,Caribbean,Betweenness Centrality,-0.36078576767430004
4841,Caribbean,Betweenness Centrality,-0.16294833003044126
4842,Caribbean,Betweenness Centrality,-0.36168624791038945
4843,Caribbean,Betweenness Centrality,-0.3123064311391919
4844,Caribbean,Betweenness Centrality,0.0907566240541878
4845,Caribbean,Betweenness Centrality,-0.36165151324157896
4846,Caribbean,Betweenness Centrality,-0.36168624791038945
4847,Caribbean,Betweenness Centrality,1.2539740855329746
4848,Caribbean,Betweenness Centrality,-0.35739678814928916
4849,Caribbean,Betweenness Centrality,-0.3615856319902626
4850,Caribbean,Betweenness Centrality,-0.3616564432577516
4851,Caribbean,Betweenness Centrality,-0.2526849523009161
4852,Caribbean,Betweenness Centrality,-0.36099176747913053
4853,Caribbean,Betweenness Centrality,0.8999015573083181
4854,Caribbean,Betweenness Centrality,-0.3253597802597391
4855,Caribbean,Betweenness Centrality,-0.04627489175856818
4856,Caribbean,Betweenness Centrality,-0.36158782101075165
4857,Caribbean,Betweenness Centrality,-0.10647516583322646
4858,Caribbean,Betweenness Centrality,-0.34988862252572406
4859,Caribbean,Betweenness Centrality,-0.36163876084712476
4860,Caribbean,Betweenness Centrality,-0.3564703700368877
4861,Caribbean,Betweenness Centrality,-0.36147765815219535
4862,Caribbean,Betweenness Centrality,0.021499238694420976
4863,Caribbean,Betweenness Centrality,-0.3079514782003705
4864,Caribbean,Betweenness Centrality,-0.3481637400323067
4865,Caribbean,Betweenness Centrality,-0.15930556198406606
4866,Caribbean,Betweenness Centrality,0.2825950140957394
4867,Caribbean,Betweenness Centrality,-0.22879457223218397
4868,Caribbean,Betweenness Centrality,-0.361653297953074
4869,Caribbean,Betweenness Centrality,-0.36168624791038945
4870,Caribbean,Betweenness Centrality,-0.06764402361499557
4871,Caribbean,Betweenness Centrality,-0.25147349661760243
4872,Caribbean,Betweenness Centrality,0.16974857178376965
4873,Caribbean,Betweenness Centrality,-0.3612995308241241
4874,Caribbean,Betweenness Centrality,-0.361653297953074
4875,Caribbean,Betweenness Centrality,0.9291481128370807
4876,Caribbean,Betweenness Centrality,-0.349162408231994
4877,Caribbean,Betweenness Centrality,-0.3611328412987669
4878,Caribbean,Betweenness Centrality,-0.3372219808436653
4879,Caribbean,Betweenness Centrality,-0.36150582419862715
4880,Caribbean,Betweenness Centrality,-0.36102428008709636
4881,Caribbean,Betweenness Centrality,-0.3611554942241155
4882,Caribbean,Betweenness Centrality,-0.21007844980226525
4883,Caribbean,Betweenness Centrality,-0.3505405311098326
4884,Caribbean,Betweenness Centrality,0.58797021262208
4885,Caribbean,Betweenness Centrality,-0.3616067187390921
4886,Caribbean,Betweenness Centrality,-0.361653297953074
4887,Caribbean,Betweenness Centrality,-0.3480558312161027
4888,Caribbean,Betweenness Centrality,-0.3138347411564947
4889,Caribbean,Betweenness Centrality,0.4109109638914347
4890,Caribbean,Betweenness Centrality,-0.3615818941884958
4891,Caribbean,Betweenness Centrality,-0.3615800323472011
4892,Caribbean,Betweenness Centrality,-0.3616733869986347
4893,Caribbean,Betweenness Centrality,0.14523614769398022
4894,Caribbean,Betweenness Centrality,-0.26815138875863526
4895,Caribbean,Betweenness Centrality,-0.3616067187390921
4896,Caribbean,Betweenness Centrality,-0.3609263075457967
4897,Caribbean,Betweenness Centrality,-0.3616067187390921
4898,Caribbean,Betweenness Centrality,-0.2160257555585277
4899,Caribbean,Betweenness Centrality,0.17338504064613444
4900,Caribbean,Betweenness Centrality,-0.3535030289679488
4901,Caribbean,Betweenness Centrality,-0.3616067187390921
4902,Caribbean,Betweenness Centrality,-0.3616323674496301
4903,Caribbean,Betweenness Centrality,-0.3616067187390921
4904,Caribbean,Betweenness Centrality,-0.36065191295746785
4905,Caribbean,Betweenness Centrality,-0.25378565876933623
4906,Caribbean,Betweenness Centrality,-0.361653297953074
4907,Caribbean,Betweenness Centrality,-0.06372356880198866
4908,Caribbean,Betweenness Centrality,0.7215049046707356
4909,Caribbean,Betweenness Centrality,-0.3611036864450008
4910,Caribbean,Betweenness Centrality,-0.35685470395553653
4911,Caribbean,Betweenness Centrality,-0.07556734446136287
4912,Caribbean,Betweenness Centrality,-0.36043616679749413
4913,Caribbean,Betweenness Centrality,7.712160874881088
4914,Caribbean,Betweenness Centrality,-0.3549409834959102
4915,Caribbean,Betweenness Centrality,0.5333634297641405
4916,Caribbean,Betweenness Centrality,0.15672728956607776
4917,Caribbean,Betweenness Centrality,-0.34504878533079564
4918,Caribbean,Betweenness Centrality,-0.360524413796821
4919,Caribbean,Betweenness Centrality,-0.3604662724062904
4920,Caribbean,Betweenness Centrality,-0.36168624791038945
4921,Caribbean,Betweenness Centrality,-0.3614253932248181
4922,Caribbean,Betweenness Centrality,-0.3615819949301743
4923,Caribbean,Betweenness Centrality,-0.32435232461919333
4924,Caribbean,Betweenness Centrality,0.747144319227982
4925,Caribbean,Betweenness Centrality,4.577385634233679
4926,Caribbean,Betweenness Centrality,0.07069702422512683
4927,Caribbean,Betweenness Centrality,-0.36033371134230857
4928,Caribbean,Betweenness Centrality,-0.3603070249504175
4929,Caribbean,Betweenness Centrality,0.0789193945387129
4930,Caribbean,Betweenness Centrality,1.3974318761346427
4931,Caribbean,Betweenness Centrality,0.03674343701215622
4932,Caribbean,Betweenness Centrality,-0.12466330781474835
4933,Caribbean,Betweenness Centrality,-0.3616733869986347
4934,Caribbean,Betweenness Centrality,-0.24323807684601773
4935,Caribbean,Betweenness Centrality,0.04052932122290105
4936,Caribbean,Betweenness Centrality,1.6025225581931424
4937,Caribbean,Betweenness Centrality,-0.17800894363979725
4938,Caribbean,Betweenness Centrality,-0.3033974016845127
4939,Caribbean,Betweenness Centrality,0.13636814533501157
4940,Caribbean,Betweenness Centrality,-0.2698903924419592
4941,Caribbean,Betweenness Centrality,0.9316041387443238
4942,Caribbean,Betweenness Centrality,-0.020333772267950596
4943,Caribbean,Betweenness Centrality,-0.20149805009767938
4944,Caribbean,Betweenness Centrality,2.6474402242324477
4945,Caribbean,Betweenness Centrality,-0.33075012374690776
4946,Caribbean,Betweenness Centrality,-0.3390784126590199
4947,Caribbean,Betweenness Centrality,-0.11224457948192593
4948,Caribbean,Betweenness Centrality,-0.156367307423615
4949,Caribbean,Betweenness Centrality,0.21348050090883966
4950,Caribbean,Betweenness Centrality,0.7120284724907463
4951,Caribbean,Betweenness Centrality,-0.18527615788152757
4952,Caribbean,Betweenness Centrality,5.811566242981451
4953,Caribbean,Betweenness Centrality,2.9246240078313743
4954,Caribbean,Betweenness Centrality,0.4945832684121595
4955,Caribbean,Betweenness Centrality,-0.3176423068573553
4956,Caribbean,Betweenness Centrality,1.6503608530639107
4957,Caribbean,Betweenness Centrality,-0.13155379876556828
4958,Caribbean,Betweenness Centrality,0.3061226227354741
4959,Caribbean,Betweenness Centrality,-0.2940007473734846
4960,Caribbean,Betweenness Centrality,-0.2275644151429163
4961,Caribbean,Betweenness Centrality,-0.3521728433330941
4962,Caribbean,Betweenness Centrality,-0.3074133093013796
4963,Caribbean,Betweenness Centrality,-0.3116384695538536
4964,Caribbean,Betweenness Centrality,7.204907698516815
4965,Caribbean,Betweenness Centrality,2.5138596834412947
4966,Caribbean,Betweenness Centrality,-0.2773969803505057
4967,Caribbean,Betweenness Centrality,-0.17911804182568597
4968,Caribbean,Betweenness Centrality,-0.2809271488450787
4969,Caribbean,Betweenness Centrality,2.1012333514595154
4970,Caribbean,Betweenness Centrality,-0.09450787390705845
4971,Caribbean,Betweenness Centrality,-0.35648008817784765
4972,Caribbean,Betweenness Centrality,-0.3611196658844152
4973,Caribbean,Betweenness Centrality,3.8121544981947157
4974,Caribbean,Betweenness Centrality,0.4509482705266852
4975,Caribbean,Betweenness Centrality,-0.22389339897868052
4976,Caribbean,Betweenness Centrality,-0.2631035156323188
4977,Caribbean,Betweenness Centrality,1.4887300566604815
4978,Caribbean,Betweenness Centrality,1.6815559623290328
4979,Caribbean,Betweenness Centrality,-0.3607262532160106
4980,Caribbean,Betweenness Centrality,-0.3372061254146348
4981,Caribbean,Betweenness Centrality,-0.35402010815820595
4982,Caribbean,Betweenness Centrality,-0.3088399329898564
4983,Caribbean,Betweenness Centrality,0.6644622900532341
4984,Caribbean,Betweenness Centrality,1.7529530409207925
4985,Caribbean,Betweenness Centrality,0.1453246566280233
4986,Caribbean,Betweenness Centrality,-0.09186483006232424
4987,Caribbean,Betweenness Centrality,-0.2922398014272787
4988,Caribbean,Betweenness Centrality,3.516214482172207
4989,Caribbean,Betweenness Centrality,1.0904018807623872
4990,Caribbean,Betweenness Centrality,0.023833462961942494
4991,Caribbean,Betweenness Centrality,-0.21879196160328948
4992,Caribbean,Betweenness Centrality,-0.2750572879239018
4993,Caribbean,Betweenness Centrality,0.44070665448128515
4994,Caribbean,Betweenness Centrality,0.05456948174438566
4995,Caribbean,Betweenness Centrality,-0.3490597722042454
4996,Caribbean,Betweenness Centrality,1.2973164218789162
4997,Caribbean,Betweenness Centrality,0.2268964375978714
4998,Caribbean,Betweenness Centrality,-0.33892545913204514
4999,Caribbean,Betweenness Centrality,0.2036310565195751
5000,Caribbean,Betweenness Centrality,0.08985587703442838
5001,Caribbean,Betweenness Centrality,-0.2698709320615571
5002,Caribbean,Betweenness Centrality,-0.18919214185553265
5003,Caribbean,Betweenness Centrality,2.456967503652808
5004,Caribbean,Betweenness Centrality,1.3391547271703412
5005,Caribbean,Betweenness Centrality,0.17669295814384975
5006,Caribbean,Betweenness Centrality,-0.28152715527566674
5007,Caribbean,Betweenness Centrality,-0.36168624791038945
5008,Caribbean,Betweenness Centrality,0.13134584242570144
5009,Caribbean,Betweenness Centrality,-0.3556700520436743
5010,Caribbean,Betweenness Centrality,-0.06391888501185561
5011,Caribbean,Betweenness Centrality,-0.30851451419261344
5012,Caribbean,Betweenness Centrality,-0.03876463730742613
5013,Caribbean,Betweenness Centrality,0.17300465574239493
5014,Caribbean,Betweenness Centrality,-0.35128619349972473
5015,Caribbean,Betweenness Centrality,0.393144171501769
5016,Caribbean,Betweenness Centrality,0.5059996105185693
5017,Caribbean,Betweenness Centrality,-0.3049162438231446
5018,Caribbean,Betweenness Centrality,4.728027328117534
5019,Caribbean,Betweenness Centrality,0.9965361340069787
5020,Caribbean,Betweenness Centrality,-0.3363686784542882
5021,Caribbean,Betweenness Centrality,0.4329950862894088
5022,Caribbean,Betweenness Centrality,-0.3537857331905671
5023,Caribbean,Betweenness Centrality,0.3986465300993704
5024,Caribbean,Betweenness Centrality,1.4913498909240817
5025,Caribbean,Betweenness Centrality,-0.28302746296870385
5026,Caribbean,Betweenness Centrality,-0.3468905853791288
5027,Caribbean,Betweenness Centrality,4.301885277461639
5028,Caribbean,Betweenness Centrality,1.885449202194958
5029,Caribbean,Betweenness Centrality,0.38943618374218286
5030,Caribbean,Betweenness Centrality,3.8336663923081082
5031,Caribbean,Betweenness Centrality,1.2220175391582209
5032,Caribbean,Betweenness Centrality,2.2013954321710796
5033,Caribbean,Betweenness Centrality,0.4063873921400987
5034,Caribbean,Betweenness Centrality,0.01702642884550144
5035,Caribbean,Betweenness Centrality,0.2195005135876532
5036,Caribbean,Betweenness Centrality,0.2215808929728388
5037,Caribbean,Betweenness Centrality,0.23154485271579414
5038,Caribbean,Betweenness Centrality,-0.1432787771234
5039,Caribbean,Betweenness Centrality,0.3920999684679103
5040,Caribbean,Betweenness Centrality,0.2095083641328991
5041,Caribbean,Betweenness Centrality,0.26128949374694665
5042,Caribbean,Betweenness Centrality,0.9413564798329214
5043,Caribbean,Betweenness Centrality,-0.34387551333422733
5044,Caribbean,Betweenness Centrality,2.3741469296595894
5045,Caribbean,Betweenness Centrality,1.6402301297639472
5046,Caribbean,Betweenness Centrality,-0.36168624791038945
5047,Caribbean,Betweenness Centrality,-0.27514285615568446
5048,Caribbean,Betweenness Centrality,2.6524154691878454
5049,Caribbean,Betweenness Centrality,-0.3451303951343671
5050,Caribbean,Betweenness Centrality,0.43894824819079614
5051,Caribbean,Betweenness Centrality,0.03563658773169786
5052,Caribbean,Betweenness Centrality,-0.324977400140769
5053,Caribbean,Betweenness Centrality,0.15160976743306362
5054,Caribbean,Betweenness Centrality,-0.3597456787557408
5055,Caribbean,Betweenness Centrality,-0.352866320113012
5056,Caribbean,Betweenness Centrality,-0.21168124319727988
5057,Caribbean,Betweenness Centrality,1.7803019308256745
5058,Caribbean,Betweenness Centrality,2.5209341429740655
5059,Caribbean,Betweenness Centrality,0.4584507696058991
5060,Caribbean,Betweenness Centrality,-0.3609372165370226
5061,Caribbean,Betweenness Centrality,-0.35122428062669697
5062,Caribbean,Betweenness Centrality,-0.21357289545711577
5063,Caribbean,Betweenness Centrality,2.6224415715752443
5064,Caribbean,Betweenness Centrality,1.1052262083993853
5065,Caribbean,Betweenness Centrality,-0.14732335642731614
5066,Caribbean,Betweenness Centrality,0.528669057987007
5067,Caribbean,Betweenness Centrality,-0.35611214425375304
5068,Caribbean,Betweenness Centrality,-0.26976206017816823
5069,Caribbean,Betweenness Centrality,0.12191122838739504
5070,Caribbean,Betweenness Centrality,1.6638824182094887
5071,Caribbean,Betweenness Centrality,0.4156781019414268
5072,Caribbean,Betweenness Centrality,-0.29339337329270826
5073,Caribbean,Betweenness Centrality,-0.3588355073539293
5074,Caribbean,Betweenness Centrality,-0.35330396165307626
5075,Caribbean,Betweenness Centrality,0.1988009705795242
5076,Caribbean,Betweenness Centrality,-0.16153433119880378
5077,Caribbean,Betweenness Centrality,0.5871107414935482
5078,Caribbean,Betweenness Centrality,0.7878095137303761
5079,Caribbean,Betweenness Centrality,-0.08290433959977002
5080,Caribbean,Betweenness Centrality,-0.33467097234005583
5081,Caribbean,Betweenness Centrality,-0.36080242193814943
5082,Caribbean,Betweenness Centrality,1.5721946002342957
5083,Caribbean,Betweenness Centrality,0.007006238669868113
5084,Caribbean,Betweenness Centrality,0.1889965772428377
5085,Caribbean,Betweenness Centrality,3.9263616965089283
5086,Caribbean,Betweenness Centrality,-0.3025090815354269
5087,Caribbean,Betweenness Centrality,7.454837927969449
5088,Caribbean,Betweenness Centrality,-0.20200303337753053
5089,Caribbean,Betweenness Centrality,-0.02261725572306429
5090,Caribbean,Betweenness Centrality,1.1121689160376882
5091,Caribbean,Betweenness Centrality,0.29199582601464186
5092,Caribbean,Betweenness Centrality,-0.06220054906344666
5093,Caribbean,Betweenness Centrality,-0.15993051872094272
5094,Caribbean,Betweenness Centrality,0.45479727384168217
5095,Caribbean,Betweenness Centrality,0.009180325498647996
5096,Caribbean,Betweenness Centrality,1.793982775756813
5097,Caribbean,Betweenness Centrality,-0.21928558790037886
5098,Caribbean,Betweenness Centrality,-0.2661801783235999
5099,Caribbean,Betweenness Centrality,1.5865361919842853
5100,Caribbean,Betweenness Centrality,-0.010558459976891497
5101,Caribbean,Betweenness Centrality,-0.21095787335872276
5102,Caribbean,Betweenness Centrality,-0.291014658930438
5103,Caribbean,Betweenness Centrality,-0.33046970597637326
5104,Caribbean,Betweenness Centrality,2.349857542020421
5105,Caribbean,Betweenness Centrality,0.8143144263061806
5106,Caribbean,Betweenness Centrality,-0.22026407572137707
5107,Caribbean,Betweenness Centrality,2.7219341568235236
5108,Caribbean,Betweenness Centrality,-0.29494832274668265
5109,Caribbean,Betweenness Centrality,-0.023734615550142047
5110,Caribbean,Betweenness Centrality,0.30299515276932537
5111,Caribbean,Betweenness Centrality,13.386279248236221
5112,Caribbean,Betweenness Centrality,0.16199018448274724
5113,Caribbean,Betweenness Centrality,0.2967051888385222
5114,Caribbean,Betweenness Centrality,-0.2988935147143039
5115,Caribbean,Betweenness Centrality,0.1407444050264951
5116,Caribbean,Betweenness Centrality,1.978451651776437
5117,Caribbean,Betweenness Centrality,-0.26733952732636923
5118,Caribbean,Betweenness Centrality,-0.3236803173218136
5119,Caribbean,Betweenness Centrality,-0.13729880997180052
5120,Caribbean,Betweenness Centrality,2.4902989955773074
5121,Caribbean,Betweenness Centrality,-0.21426256114870834
5122,Caribbean,Betweenness Centrality,-0.03252897722597243
5123,Caribbean,Betweenness Centrality,-0.36161953193066193
5124,Caribbean,Betweenness Centrality,-0.3307970235676755
5125,Caribbean,Betweenness Centrality,-0.3544921578664619
5126,Caribbean,Betweenness Centrality,-0.19930844489121963
5127,Caribbean,Betweenness Centrality,-0.2590431355934033
5128,Caribbean,Betweenness Centrality,-0.3615892064853312
5129,Caribbean,Betweenness Centrality,-0.3615972932707528
5130,Caribbean,Betweenness Centrality,-0.3615825206354616
5131,Caribbean,Betweenness Centrality,1.1988371399427162
5132,Caribbean,Betweenness Centrality,-0.2475546794472769
5133,Caribbean,Betweenness Centrality,-0.14778609073428192
5134,Caribbean,Betweenness Centrality,-0.13743340072441154
5135,Caribbean,Betweenness Centrality,0.17286780835878332
5136,Caribbean,Betweenness Centrality,-0.22926492700852807
5137,Caribbean,Betweenness Centrality,0.003202012362921739
5138,Caribbean,Betweenness Centrality,0.2915541246340558
5139,Caribbean,Betweenness Centrality,-0.1704696956657021
5140,Caribbean,Betweenness Centrality,-0.2590407365166662
5141,Caribbean,Betweenness Centrality,-0.3047230958756444
5142,Caribbean,Betweenness Centrality,-0.13544511500814224
5143,Caribbean,Betweenness Centrality,0.040935696949062544
5144,Caribbean,Betweenness Centrality,-0.22955571590187437
5145,Caribbean,Betweenness Centrality,1.6130185469012481
5146,Caribbean,Betweenness Centrality,-0.3288199823310146
5147,Caribbean,Betweenness Centrality,3.15488279633213
5148,Caribbean,Betweenness Centrality,0.18898592749960844
5149,Caribbean,Betweenness Centrality,-0.24565840313403692
5150,Caribbean,Betweenness Centrality,2.43527407093236
5151,Caribbean,Betweenness Centrality,0.5841751396834771
5152,Caribbean,Betweenness Centrality,1.8110065112570983
5153,Caribbean,Betweenness Centrality,0.38443431328099226
5154,Caribbean,Betweenness Centrality,2.726858822377561
5155,Caribbean,Betweenness Centrality,-0.3585964342233413
5156,Caribbean,Betweenness Centrality,0.46993191023673836
5157,Caribbean,Betweenness Centrality,-0.20821825513366216
5158,Caribbean,Betweenness Centrality,0.3366983771038759
5159,Caribbean,Betweenness Centrality,0.32976075423553064
5160,Caribbean,Betweenness Centrality,0.4099074603913038
5161,Caribbean,Betweenness Centrality,-0.22625064500674566
5162,Caribbean,Betweenness Centrality,1.3708973615062983
5163,Caribbean,Betweenness Centrality,-0.35049017831866525
5164,Caribbean,Betweenness Centrality,-0.11400914328189614
5165,Caribbean,Betweenness Centrality,0.4732144460341158
5166,Caribbean,Betweenness Centrality,-0.3519418419429546
5167,Caribbean,Betweenness Centrality,-0.3239964832263455
5168,Caribbean,Betweenness Centrality,-0.350090114373194
5169,Caribbean,Betweenness Centrality,0.41417827689870546
5170,Caribbean,Betweenness Centrality,-0.3428844863170331
5171,Caribbean,Betweenness Centrality,-0.2080671963808048
5172,Caribbean,Betweenness Centrality,0.35744362966280946
5173,Caribbean,Betweenness Centrality,-0.27133830253146307
5174,Caribbean,Betweenness Centrality,-0.3585019579323095
5175,Caribbean,Betweenness Centrality,-0.30850750511997466
5176,Caribbean,Betweenness Centrality,-0.2767473761488061
5177,Caribbean,Betweenness Centrality,-0.3431429732434572
5178,Caribbean,Betweenness Centrality,-0.24839905820006977
5179,Caribbean,Betweenness Centrality,0.3507288865004379
5180,Caribbean,Betweenness Centrality,0.04076382410915558
5181,Caribbean,Betweenness Centrality,-0.16876492588436895
5182,Caribbean,Betweenness Centrality,0.1366913878438592
5183,Caribbean,Betweenness Centrality,-0.13615822529523997
5184,Caribbean,Betweenness Centrality,-0.11567495895967703
5185,Caribbean,Betweenness Centrality,-0.36168624791038945
5186,Caribbean,Betweenness Centrality,-0.3546378331938426
5187,Caribbean,Betweenness Centrality,-0.1634900041015101
5188,Caribbean,Betweenness Centrality,-0.36168624791038945
5189,Caribbean,Betweenness Centrality,5.597804890693795
5190,Caribbean,Betweenness Centrality,3.272855085298281
5191,Caribbean,Betweenness Centrality,-0.3532462781709208
5192,Caribbean,Betweenness Centrality,-0.33815839346031157
5193,Caribbean,Betweenness Centrality,-0.12729995775633177
5194,Caribbean,Betweenness Centrality,-0.36168624791038945
5195,Caribbean,Betweenness Centrality,-0.3137618434399189
5196,Caribbean,Betweenness Centrality,-0.13927639669417347
5197,Caribbean,Betweenness Centrality,-0.36129484749598806
5198,Caribbean,Betweenness Centrality,0.06829624825092619
5199,Caribbean,Betweenness Centrality,0.0947426689123557
5200,Caribbean,Betweenness Centrality,-0.36011596442964505
5201,Caribbean,Betweenness Centrality,0.0765692187012892
5202,Caribbean,Betweenness Centrality,0.06860280814464961
5203,Caribbean,Betweenness Centrality,-0.24219018308451118
5204,Caribbean,Betweenness Centrality,-0.3405718587185593
5205,Caribbean,Betweenness Centrality,0.10805960354172899
5206,Caribbean,Betweenness Centrality,-0.36168624791038945
5207,Caribbean,Betweenness Centrality,0.0044428937807619385
5208,Caribbean,Betweenness Centrality,-0.3491145105602355
5209,Caribbean,Betweenness Centrality,-0.35620101945108523
5210,Caribbean,Betweenness Centrality,-0.3229112061427762
5211,Caribbean,Betweenness Centrality,-0.3604734085685478
5212,Caribbean,Betweenness Centrality,-0.16175752940116706
5213,Caribbean,Betweenness Centrality,-0.14201817819237342
5214,Caribbean,Betweenness Centrality,1.7095180391305598
5215,Caribbean,Betweenness Centrality,-0.14799440481986073
5216,Caribbean,Betweenness Centrality,-0.21817926941302448
5217,Caribbean,Betweenness Centrality,-0.19861846797006183
5218,Caribbean,Betweenness Centrality,0.7675665423078578
5219,Caribbean,Betweenness Centrality,-0.19745126036594216
5220,Caribbean,Betweenness Centrality,0.2569381327429959
5221,Caribbean,Betweenness Centrality,0.2408983961119255
5222,Caribbean,Betweenness Centrality,-0.30732134591226373
5223,Caribbean,Betweenness Centrality,-0.0932751488137373
5224,Caribbean,Betweenness Centrality,0.023937539826816723
5225,Caribbean,Betweenness Centrality,-0.3599374260294164
5226,Caribbean,Betweenness Centrality,-0.2853902812563476
5227,Caribbean,Betweenness Centrality,0.21707888845965978
5228,Caribbean,Betweenness Centrality,-0.14485895897898252
5229,Caribbean,Betweenness Centrality,-0.34186328843365615
5230,Caribbean,Betweenness Centrality,-0.3576297065612468
5231,Caribbean,Betweenness Centrality,-0.36168624791038945
5232,Caribbean,Betweenness Centrality,-0.312573039024136
5233,Caribbean,Betweenness Centrality,-0.32801260122774606
5234,Caribbean,Betweenness Centrality,-0.360476270912166
5235,Caribbean,Betweenness Centrality,-0.3615676417242072
5236,Caribbean,Betweenness Centrality,-0.35191939972412706
5237,Caribbean,Betweenness Centrality,-0.3615892064853312
5238,Caribbean,Betweenness Centrality,-0.36168624791038945
5239,Caribbean,Betweenness Centrality,-0.3460959655551016
5240,Caribbean,Betweenness Centrality,-0.36168624791038945
5241,GBR,Eigenvector Centrality,-0.5034909358169785
5242,GBR,Eigenvector Centrality,-0.5034909358169785
5243,GBR,Eigenvector Centrality,-0.5034909358169785
5244,GBR,Eigenvector Centrality,-0.5034909358169785
5245,GBR,Eigenvector Centrality,-0.5034909358169785
5246,GBR,Eigenvector Centrality,-0.5034909358169785
5247,GBR,Eigenvector Centrality,-0.5034909358169785
5248,GBR,Eigenvector Centrality,-0.5034909358169785
5249,GBR,Eigenvector Centrality,-0.5034909358169785
5250,GBR,Eigenvector Centrality,-0.5034909358169785
5251,GBR,Eigenvector Centrality,-0.5034909358169785
5252,GBR,Eigenvector Centrality,-0.5034909358169785
5253,GBR,Eigenvector Centrality,-0.5034909358169785
5254,GBR,Eigenvector Centrality,-0.5034909358169785
5255,GBR,Eigenvector Centrality,-0.5034909358169785
5256,GBR,Eigenvector Centrality,-0.5034909358169785
5257,GBR,Eigenvector Centrality,-0.5034909357101844
5258,GBR,Eigenvector Centrality,-0.5034909358011054
5259,GBR,Eigenvector Centrality,-0.5034909358169785
5260,GBR,Eigenvector Centrality,-0.5034909350985564
5261,GBR,Eigenvector Centrality,-0.5034909309846167
5262,GBR,Eigenvector Centrality,-0.5034909358169785
5263,GBR,Eigenvector Centrality,-0.5034909358169785
5264,GBR,Eigenvector Centrality,-0.5034909358169785
5265,GBR,Eigenvector Centrality,-0.5034909358169785
5266,GBR,Eigenvector Centrality,-0.5034909358169785
5267,GBR,Eigenvector Centrality,-0.5034909248900847
5268,GBR,Eigenvector Centrality,-0.503490922097412
5269,GBR,Eigenvector Centrality,-0.5034909358169785
5270,GBR,Eigenvector Centrality,-0.5034909358169785
5271,GBR,Eigenvector Centrality,-0.5034909348251484
5272,GBR,Eigenvector Centrality,-0.5034909358169785
5273,GBR,Eigenvector Centrality,-0.503490929145315
5274,GBR,Eigenvector Centrality,-0.5034909358169785
5275,GBR,Eigenvector Centrality,-0.5034909033166302
5276,GBR,Eigenvector Centrality,-0.5034909358169785
5277,GBR,Eigenvector Centrality,-0.5034908760462289
5278,GBR,Eigenvector Centrality,-0.5034909348251484
5279,GBR,Eigenvector Centrality,-0.5034909358169785
5280,GBR,Eigenvector Centrality,-0.5034909358169785
5281,GBR,Eigenvector Centrality,-0.5034909355221179
5282,GBR,Eigenvector Centrality,-0.50349090187148
5283,GBR,Eigenvector Centrality,-0.5034909358169785
5284,GBR,Eigenvector Centrality,-0.5034909358169785
5285,GBR,Eigenvector Centrality,-0.5034907172587848
5286,GBR,Eigenvector Centrality,-0.5034909358169785
5287,GBR,Eigenvector Centrality,-0.5034908940473591
5288,GBR,Eigenvector Centrality,-0.5034909116720488
5289,GBR,Eigenvector Centrality,-0.5034909358169785
5290,GBR,Eigenvector Centrality,-0.5034909358169785
5291,GBR,Eigenvector Centrality,-0.5034909291598558
5292,GBR,Eigenvector Centrality,-0.5034907493081597
5293,GBR,Eigenvector Centrality,-0.5034909358169785
5294,GBR,Eigenvector Centrality,-0.5034908920344067
5295,GBR,Eigenvector Centrality,-0.503490732645678
5296,GBR,Eigenvector Centrality,-0.503490213090826
5297,GBR,Eigenvector Centrality,-0.5034909358169785
5298,GBR,Eigenvector Centrality,-0.5034891053586237
5299,GBR,Eigenvector Centrality,-0.5034908863210474
5300,GBR,Eigenvector Centrality,-0.5034909358169785
5301,GBR,Eigenvector Centrality,-0.503490213090826
5302,GBR,Eigenvector Centrality,-0.5034909358169785
5303,GBR,Eigenvector Centrality,-0.5034898849185743
5304,GBR,Eigenvector Centrality,-0.5034906206009899
5305,GBR,Eigenvector Centrality,-0.503490887786575
5306,GBR,Eigenvector Centrality,-0.5034880558956015
5307,GBR,Eigenvector Centrality,-0.5034906534088869
5308,GBR,Eigenvector Centrality,-0.5034901145502283
5309,GBR,Eigenvector Centrality,-0.5034909358169785
5310,GBR,Eigenvector Centrality,-0.5034909358169785
5311,GBR,Eigenvector Centrality,-0.5034900704237862
5312,GBR,Eigenvector Centrality,-0.5034876346280354
5313,GBR,Eigenvector Centrality,-0.5034909358169785
5314,GBR,Eigenvector Centrality,-0.5034893778880182
5315,GBR,Eigenvector Centrality,-0.5034902175651743
5316,GBR,Eigenvector Centrality,-0.5023473992366304
5317,GBR,Eigenvector Centrality,-0.503488708495885
5318,GBR,Eigenvector Centrality,-0.5034906129740159
5319,GBR,Eigenvector Centrality,-0.5034875013741422
5320,GBR,Eigenvector Centrality,-0.5034869724856817
5321,GBR,Eigenvector Centrality,-0.5034880184424488
5322,GBR,Eigenvector Centrality,-0.5006557100823555
5323,GBR,Eigenvector Centrality,-0.5034788801425194
5324,GBR,Eigenvector Centrality,-0.5034833798986772
5325,GBR,Eigenvector Centrality,-0.5034847865782629
5326,GBR,Eigenvector Centrality,-0.5034886658713572
5327,GBR,Eigenvector Centrality,-0.5034909358169785
5328,GBR,Eigenvector Centrality,-0.5014435110013016
5329,GBR,Eigenvector Centrality,-0.5034879813674255
5330,GBR,Eigenvector Centrality,-0.5034887659891448
5331,GBR,Eigenvector Centrality,-0.5034909358169785
5332,GBR,Eigenvector Centrality,-0.5034860534791991
5333,GBR,Eigenvector Centrality,-0.5034786324357194
5334,GBR,Eigenvector Centrality,-0.5002456887791782
5335,GBR,Eigenvector Centrality,-0.5034727028493857
5336,GBR,Eigenvector Centrality,-0.5034733900028208
5337,GBR,Eigenvector Centrality,-0.5034811533286052
5338,GBR,Eigenvector Centrality,-0.5034909358169785
5339,GBR,Eigenvector Centrality,-0.5034909358169785
5340,GBR,Eigenvector Centrality,-0.5034909358169785
5341,GBR,Eigenvector Centrality,-0.5034909358169785
5342,GBR,Eigenvector Centrality,-0.5034642680800097
5343,GBR,Eigenvector Centrality,-0.5034771956882719
5344,GBR,Eigenvector Centrality,-0.5011093731907242
5345,GBR,Eigenvector Centrality,-0.5025468616071217
5346,GBR,Eigenvector Centrality,-0.5034550453001875
5347,GBR,Eigenvector Centrality,-0.5034355712136925
5348,GBR,Eigenvector Centrality,-0.5034763537388733
5349,GBR,Eigenvector Centrality,-0.5020375711823865
5350,GBR,Eigenvector Centrality,-0.5034518550955609
5351,GBR,Eigenvector Centrality,-0.5034402198041757
5352,GBR,Eigenvector Centrality,-0.5034900131118265
5353,GBR,Eigenvector Centrality,-0.5034909358169785
5354,GBR,Eigenvector Centrality,-0.5034502458477382
5355,GBR,Eigenvector Centrality,-0.5034140071395445
5356,GBR,Eigenvector Centrality,-0.5033295149712136
5357,GBR,Eigenvector Centrality,-0.5002092585495485
5358,GBR,Eigenvector Centrality,-0.5033115481100764
5359,GBR,Eigenvector Centrality,-0.5034470701314651
5360,GBR,Eigenvector Centrality,-0.5002901065971662
5361,GBR,Eigenvector Centrality,-0.5033938700385425
5362,GBR,Eigenvector Centrality,-0.5017140805815375
5363,GBR,Eigenvector Centrality,-0.503356324355478
5364,GBR,Eigenvector Centrality,-0.5034290332505702
5365,GBR,Eigenvector Centrality,-0.5034876208284687
5366,GBR,Eigenvector Centrality,-0.5034023013003829
5367,GBR,Eigenvector Centrality,-0.50074211617747
5368,GBR,Eigenvector Centrality,-0.5010154948468912
5369,GBR,Eigenvector Centrality,-0.5034880502338641
5370,GBR,Eigenvector Centrality,-0.5034909358169785
5371,GBR,Eigenvector Centrality,-0.5034241833179014
5372,GBR,Eigenvector Centrality,-0.5016163731517025
5373,GBR,Eigenvector Centrality,-0.5033116432590106
5374,GBR,Eigenvector Centrality,-0.5034909358169785
5375,GBR,Eigenvector Centrality,-0.5031635996886671
5376,GBR,Eigenvector Centrality,-0.5025678883624539
5377,GBR,Eigenvector Centrality,-0.5033197406348813
5378,GBR,Eigenvector Centrality,-0.5034198134444329
5379,GBR,Eigenvector Centrality,-0.5029756839896878
5380,GBR,Eigenvector Centrality,-0.5034909358169785
5381,GBR,Eigenvector Centrality,-0.5013286996345093
5382,GBR,Eigenvector Centrality,-0.5031087925740783
5383,GBR,Eigenvector Centrality,-0.5011022233364486
5384,GBR,Eigenvector Centrality,-0.5031212401802951
5385,GBR,Eigenvector Centrality,-0.5015767185973378
5386,GBR,Eigenvector Centrality,-0.503471546520595
5387,GBR,Eigenvector Centrality,-0.500869787299497
5388,GBR,Eigenvector Centrality,-0.5028184683997734
5389,GBR,Eigenvector Centrality,-0.5034909358169785
5390,GBR,Eigenvector Centrality,-0.5013776522979059
5391,GBR,Eigenvector Centrality,-0.49984436865257115
5392,GBR,Eigenvector Centrality,-0.5034909358169785
5393,GBR,Eigenvector Centrality,-0.5034909358169785
5394,GBR,Eigenvector Centrality,-0.5026091562654544
5395,GBR,Eigenvector Centrality,-0.5033373599490897
5396,GBR,Eigenvector Centrality,-0.5025500118410179
5397,GBR,Eigenvector Centrality,-0.5024593316238544
5398,GBR,Eigenvector Centrality,-0.5034909358169785
5399,GBR,Eigenvector Centrality,-0.5013077406155976
5400,GBR,Eigenvector Centrality,-0.5033412736208688
5401,GBR,Eigenvector Centrality,-0.5026719210679402
5402,GBR,Eigenvector Centrality,-0.5034909358169785
5403,GBR,Eigenvector Centrality,-0.5029066009134124
5404,GBR,Eigenvector Centrality,-0.5024986399192961
5405,GBR,Eigenvector Centrality,-0.5033673978076354
5406,GBR,Eigenvector Centrality,-0.5015764820647796
5407,GBR,Eigenvector Centrality,-0.5007683626203673
5408,GBR,Eigenvector Centrality,-0.5028587740382219
5409,GBR,Eigenvector Centrality,-0.5033143037626016
5410,GBR,Eigenvector Centrality,-0.5033371872291422
5411,GBR,Eigenvector Centrality,-0.5032943847635433
5412,GBR,Eigenvector Centrality,-0.5002115472279592
5413,GBR,Eigenvector Centrality,-0.5032577477743719
5414,GBR,Eigenvector Centrality,-0.5005737382414164
5415,GBR,Eigenvector Centrality,-0.5011954282578903
5416,GBR,Eigenvector Centrality,-0.5033673978076354
5417,GBR,Eigenvector Centrality,-0.5025374586498834
5418,GBR,Eigenvector Centrality,-0.4995656658142933
5419,GBR,Eigenvector Centrality,-0.5033143037626016
5420,GBR,Eigenvector Centrality,-0.501458753768321
5421,GBR,Eigenvector Centrality,-0.5033721344154238
5422,GBR,Eigenvector Centrality,-0.5020848121295919
5423,GBR,Eigenvector Centrality,-0.5033087032254308
5424,GBR,Eigenvector Centrality,-0.502303456785112
5425,GBR,Eigenvector Centrality,-0.5034909358169785
5426,GBR,Eigenvector Centrality,-0.5031871396580583
5427,GBR,Eigenvector Centrality,-0.5034909358169785
5428,GBR,Eigenvector Centrality,-0.5034909358169785
5429,GBR,Eigenvector Centrality,-0.4985933419082904
5430,GBR,Eigenvector Centrality,-0.5031478245875574
5431,GBR,Eigenvector Centrality,-0.5031732236431061
5432,GBR,Eigenvector Centrality,-0.5034909358169785
5433,GBR,Eigenvector Centrality,-0.4997443400353255
5434,GBR,Eigenvector Centrality,-0.5034183951803174
5435,GBR,Eigenvector Centrality,-0.5034909358169785
5436,GBR,Eigenvector Centrality,-0.5031126003823099
5437,GBR,Eigenvector Centrality,-0.502706041307516
5438,GBR,Eigenvector Centrality,-0.5025907221759031
5439,GBR,Eigenvector Centrality,-0.5034909358169785
5440,GBR,Eigenvector Centrality,-0.5032974089861443
5441,GBR,Eigenvector Centrality,-0.5033094434498938
5442,GBR,Eigenvector Centrality,-0.5029311080152252
5443,GBR,Eigenvector Centrality,-0.5012532782568497
5444,GBR,Eigenvector Centrality,-0.502632548154587
5445,GBR,Eigenvector Centrality,-0.5034909358169785
5446,GBR,Eigenvector Centrality,-0.5034909358169785
5447,GBR,Eigenvector Centrality,-0.5015486028056961
5448,GBR,Eigenvector Centrality,-0.5030461863900857
5449,GBR,Eigenvector Centrality,-0.5000146623894296
5450,GBR,Eigenvector Centrality,-0.5012120476783182
5451,GBR,Eigenvector Centrality,-0.5031955075798924
5452,GBR,Eigenvector Centrality,-0.5034909358169785
5453,GBR,Eigenvector Centrality,-0.5018712964754594
5454,GBR,Eigenvector Centrality,-0.5005879255506173
5455,GBR,Eigenvector Centrality,-0.5034365687279627
5456,GBR,Eigenvector Centrality,-0.5030790463056425
5457,GBR,Eigenvector Centrality,-0.5032810352288957
5458,GBR,Eigenvector Centrality,-0.503188747089131
5459,GBR,Eigenvector Centrality,-0.5001839963088908
5460,GBR,Eigenvector Centrality,-0.5007657199159529
5461,GBR,Eigenvector Centrality,-0.5020903896902297
5462,GBR,Eigenvector Centrality,-0.5034117424843988
5463,GBR,Eigenvector Centrality,-0.499539439162984
5464,GBR,Eigenvector Centrality,-0.5030235728696932
5465,GBR,Eigenvector Centrality,-0.5013902705473762
5466,GBR,Eigenvector Centrality,-0.5028420633009383
5467,GBR,Eigenvector Centrality,-0.50342173801812
5468,GBR,Eigenvector Centrality,-0.4995037375801506
5469,GBR,Eigenvector Centrality,-0.5028304000072458
5470,GBR,Eigenvector Centrality,-0.5009081561978223
5471,GBR,Eigenvector Centrality,-0.50342173801812
5472,GBR,Eigenvector Centrality,-0.5024872126724607
5473,GBR,Eigenvector Centrality,-0.5029061757469812
5474,GBR,Eigenvector Centrality,-0.5000094174883959
5475,GBR,Eigenvector Centrality,-0.5026382198578969
5476,GBR,Eigenvector Centrality,-0.5034296763078349
5477,GBR,Eigenvector Centrality,-0.5005021070673271
5478,GBR,Eigenvector Centrality,-0.502325678013016
5479,GBR,Eigenvector Centrality,-0.5021229245246798
5480,GBR,Eigenvector Centrality,-0.502552396755257
5481,GBR,Eigenvector Centrality,-0.5011238971255747
5482,GBR,Eigenvector Centrality,-0.5017068307731486
5483,GBR,Eigenvector Centrality,-0.5034296763078349
5484,GBR,Eigenvector Centrality,-0.5020118091620099
5485,GBR,Eigenvector Centrality,-0.5012027874278849
5486,GBR,Eigenvector Centrality,-0.5034909358169785
5487,GBR,Eigenvector Centrality,-0.5025615246149714
5488,GBR,Eigenvector Centrality,-0.5023511958463108
5489,GBR,Eigenvector Centrality,-0.5017759428604935
5490,GBR,Eigenvector Centrality,-0.5030794838127838
5491,GBR,Eigenvector Centrality,-0.5034909358169785
5492,GBR,Eigenvector Centrality,-0.49978943854568786
5493,GBR,Eigenvector Centrality,-0.5022189699934119
5494,GBR,Eigenvector Centrality,-0.4979017564593417
5495,GBR,Eigenvector Centrality,-0.5034909358169785
5496,GBR,Eigenvector Centrality,-0.500408210832376
5497,GBR,Eigenvector Centrality,-0.501473180046177
5498,GBR,Eigenvector Centrality,-0.501240327331741
5499,GBR,Eigenvector Centrality,-0.5030960198974664
5500,GBR,Eigenvector Centrality,-0.5028655511143745
5501,GBR,Eigenvector Centrality,-0.5008138126601921
5502,GBR,Eigenvector Centrality,-0.5034888888957033
5503,GBR,Eigenvector Centrality,-0.5010691533745919
5504,GBR,Eigenvector Centrality,-0.5017126922326383
5505,GBR,Eigenvector Centrality,-0.5034909358169785
5506,GBR,Eigenvector Centrality,-0.5022575405344483
5507,GBR,Eigenvector Centrality,-0.5034685544511579
5508,GBR,Eigenvector Centrality,-0.501728933640719
5509,GBR,Eigenvector Centrality,-0.5002427274948763
5510,GBR,Eigenvector Centrality,-0.5034341294319737
5511,GBR,Eigenvector Centrality,-0.5027339277872149
5512,GBR,Eigenvector Centrality,-0.5034909358169785
5513,GBR,Eigenvector Centrality,-0.5033182267190223
5514,GBR,Eigenvector Centrality,-0.5015348543846813
5515,GBR,Eigenvector Centrality,-0.5034909358169785
5516,GBR,Eigenvector Centrality,-0.5034751395364001
5517,GBR,Eigenvector Centrality,-0.5023237091882772
5518,GBR,Eigenvector Centrality,-0.5034005363623636
5519,GBR,Eigenvector Centrality,-0.501860963737535
5520,GBR,Eigenvector Centrality,-0.5032050796568341
5521,GBR,Eigenvector Centrality,-0.5032011367285001
5522,GBR,Eigenvector Centrality,-0.5034065984984873
5523,GBR,Eigenvector Centrality,-0.5032276116587066
5524,GBR,Eigenvector Centrality,-0.5032167718007485
5525,GBR,Eigenvector Centrality,-0.5034533785415467
5526,GBR,Eigenvector Centrality,-0.5034533785415467
5527,GBR,Eigenvector Centrality,-0.5034688780527747
5528,GBR,Eigenvector Centrality,-0.5034909358169785
5529,GBR,Eigenvector Centrality,-0.5034909358169785
5530,GBR,Eigenvector Centrality,-0.5015580016397171
5531,GBR,Eigenvector Centrality,-0.49594104804479316
5532,GBR,Eigenvector Centrality,-0.5034401898030572
5533,GBR,Eigenvector Centrality,-0.5032234751887955
5534,GBR,Eigenvector Centrality,-0.5034234649277792
5535,GBR,Eigenvector Centrality,-0.5024270155184236
5536,GBR,Eigenvector Centrality,-0.5032390021049611
5537,GBR,Eigenvector Centrality,-0.501000042812061
5538,GBR,Eigenvector Centrality,-0.5005852590999854
5539,GBR,Eigenvector Centrality,-0.5025888654565795
5540,GBR,Eigenvector Centrality,-0.49771611908414076
5541,GBR,Eigenvector Centrality,-0.5002449914334186
5542,GBR,Eigenvector Centrality,-0.5002449914334186
5543,GBR,Eigenvector Centrality,-0.5030993896063476
5544,GBR,Eigenvector Centrality,-0.5028462875309289
5545,GBR,Eigenvector Centrality,-0.5030901490795858
5546,GBR,Eigenvector Centrality,-0.5034909358169785
5547,GBR,Eigenvector Centrality,-0.5028462875309289
5548,GBR,Eigenvector Centrality,-0.4983819731451409
5549,GBR,Eigenvector Centrality,-0.5027674710780773
5550,GBR,Eigenvector Centrality,-0.5020868864845842
5551,GBR,Eigenvector Centrality,-0.49805645136261323
5552,GBR,Eigenvector Centrality,-0.5032414944384251
5553,GBR,Eigenvector Centrality,-0.5034692957574629
5554,GBR,Eigenvector Centrality,-0.49992142394850575
5555,GBR,Eigenvector Centrality,-0.4984335613603912
5556,GBR,Eigenvector Centrality,-0.5033423921938297
5557,GBR,Eigenvector Centrality,-0.5027460543446094
5558,GBR,Eigenvector Centrality,-0.5034909358169785
5559,GBR,Eigenvector Centrality,-0.5034909358169785
5560,GBR,Eigenvector Centrality,-0.5033711373655357
5561,GBR,Eigenvector Centrality,-0.5034909358169785
5562,GBR,Eigenvector Centrality,-0.49853304920605446
5563,GBR,Eigenvector Centrality,-0.5018737007767606
5564,GBR,Eigenvector Centrality,-0.5034909358169785
5565,GBR,Eigenvector Centrality,-0.5000324257474982
5566,GBR,Eigenvector Centrality,-0.5034862704386185
5567,GBR,Eigenvector Centrality,-0.5009424168089002
5568,GBR,Eigenvector Centrality,-0.5033599715358623
5569,GBR,Eigenvector Centrality,-0.5026764602663989
5570,GBR,Eigenvector Centrality,-0.5034909358169785
5571,GBR,Eigenvector Centrality,-0.5034909358169785
5572,GBR,Eigenvector Centrality,-0.5014084333086247
5573,GBR,Eigenvector Centrality,-0.5031231364727071
5574,GBR,Eigenvector Centrality,-0.5034909358169785
5575,GBR,Eigenvector Centrality,-0.5034909358169785
5576,GBR,Eigenvector Centrality,-0.4966360635506784
5577,GBR,Eigenvector Centrality,-0.5001768881091124
5578,GBR,Eigenvector Centrality,-0.5034909358169785
5579,GBR,Eigenvector Centrality,-0.5022525035747095
5580,GBR,Eigenvector Centrality,-0.5028828664631629
5581,GBR,Eigenvector Centrality,-0.5024670457870145
5582,GBR,Eigenvector Centrality,-0.5034909358169785
5583,GBR,Eigenvector Centrality,-0.4987792838181997
5584,GBR,Eigenvector Centrality,-0.5033791286907904
5585,GBR,Eigenvector Centrality,-0.5027648189351944
5586,GBR,Eigenvector Centrality,-0.5027648189351944
5587,GBR,Eigenvector Centrality,-0.49877226415650583
5588,GBR,Eigenvector Centrality,-0.4995529784937187
5589,GBR,Eigenvector Centrality,-0.5034549410059086
5590,GBR,Eigenvector Centrality,-0.5034909358169785
5591,GBR,Eigenvector Centrality,-0.5025390330710251
5592,GBR,Eigenvector Centrality,-0.5029224242503559
5593,GBR,Eigenvector Centrality,-0.5034909358169785
5594,GBR,Eigenvector Centrality,-0.49811491403020325
5595,GBR,Eigenvector Centrality,-0.5022323021796419
5596,GBR,Eigenvector Centrality,-0.5034909358169785
5597,GBR,Eigenvector Centrality,-0.49896435745595524
5598,GBR,Eigenvector Centrality,-0.5000585373236685
5599,GBR,Eigenvector Centrality,-0.4994886210515808
5600,GBR,Eigenvector Centrality,-0.5013216617946384
5601,GBR,Eigenvector Centrality,-0.4990105350430655
5602,GBR,Eigenvector Centrality,-0.5029060595812072
5603,GBR,Eigenvector Centrality,-0.5032132385918714
5604,GBR,Eigenvector Centrality,-0.5017491530230829
5605,GBR,Eigenvector Centrality,-0.5022170369078708
5606,GBR,Eigenvector Centrality,-0.5020589110776352
5607,GBR,Eigenvector Centrality,-0.5034909358169785
5608,GBR,Eigenvector Centrality,-0.5011897763305949
5609,GBR,Eigenvector Centrality,-0.5034909358169785
5610,GBR,Eigenvector Centrality,-0.5024523677426368
5611,GBR,Eigenvector Centrality,-0.5032207451903914
5612,GBR,Eigenvector Centrality,-0.5014495957654342
5613,GBR,Eigenvector Centrality,-0.502438356873723
5614,GBR,Eigenvector Centrality,-0.5034909358169785
5615,GBR,Eigenvector Centrality,-0.5034909358169785
5616,GBR,Eigenvector Centrality,-0.5017293932424348
5617,GBR,Eigenvector Centrality,-0.5033571902066443
5618,GBR,Eigenvector Centrality,-0.5034909358169785
5619,GBR,Eigenvector Centrality,-0.502615135267856
5620,GBR,Eigenvector Centrality,-0.5014726604612155
5621,GBR,Eigenvector Centrality,-0.5002345778115552
5622,GBR,Eigenvector Centrality,-0.49928290828235283
5623,GBR,Eigenvector Centrality,-0.5034687269133429
5624,GBR,Eigenvector Centrality,-0.5026720015929234
5625,GBR,Eigenvector Centrality,-0.4977990244201737
5626,GBR,Eigenvector Centrality,-0.5027878037478618
5627,GBR,Eigenvector Centrality,-0.4987786432512849
5628,GBR,Eigenvector Centrality,-0.50340547913791
5629,GBR,Eigenvector Centrality,-0.50340547913791
5630,GBR,Eigenvector Centrality,-0.4978330670498149
5631,GBR,Eigenvector Centrality,-0.5034050476077276
5632,GBR,Eigenvector Centrality,-0.5034050476077276
5633,GBR,Eigenvector Centrality,-0.498956475394861
5634,GBR,Eigenvector Centrality,-0.4993565621945639
5635,GBR,Eigenvector Centrality,-0.5034909358169785
5636,GBR,Eigenvector Centrality,-0.5029175465357546
5637,GBR,Eigenvector Centrality,-0.5034909358169785
5638,GBR,Eigenvector Centrality,-0.5034909358169785
5639,GBR,Eigenvector Centrality,-0.5002793124011957
5640,GBR,Eigenvector Centrality,-0.5034017164776428
5641,GBR,Eigenvector Centrality,-0.501472971303709
5642,GBR,Eigenvector Centrality,-0.5034909358169785
5643,GBR,Eigenvector Centrality,-0.49980322525130555
5644,GBR,Eigenvector Centrality,-0.5034909358169785
5645,GBR,Eigenvector Centrality,-0.5034909358169785
5646,GBR,Eigenvector Centrality,-0.502858037278907
5647,GBR,Eigenvector Centrality,-0.5007179834535773
5648,GBR,Eigenvector Centrality,-0.5032944992793374
5649,GBR,Eigenvector Centrality,-0.503374607020831
5650,GBR,Eigenvector Centrality,-0.5034909358169785
5651,GBR,Eigenvector Centrality,-0.5029675643614722
5652,GBR,Eigenvector Centrality,-0.5034909358169785
5653,GBR,Eigenvector Centrality,-0.5034755936900472
5654,GBR,Eigenvector Centrality,-0.5034909358169785
5655,GBR,Eigenvector Centrality,-0.5034909358169785
5656,GBR,Eigenvector Centrality,-0.5008697968032383
5657,GBR,Eigenvector Centrality,-0.4992093140175322
5658,GBR,Eigenvector Centrality,-0.5009971845073872
5659,GBR,Eigenvector Centrality,-0.5029118504290031
5660,GBR,Eigenvector Centrality,-0.5006617124658973
5661,GBR,Eigenvector Centrality,-0.502839683760141
5662,GBR,Eigenvector Centrality,-0.4999576169221967
5663,GBR,Eigenvector Centrality,-0.503150144183022
5664,GBR,Eigenvector Centrality,-0.49646189419724424
5665,GBR,Eigenvector Centrality,-0.5034821971206308
5666,GBR,Eigenvector Centrality,-0.5034663957631133
5667,GBR,Eigenvector Centrality,-0.5029341179687652
5668,GBR,Eigenvector Centrality,-0.5017524467234334
5669,GBR,Eigenvector Centrality,-0.5034909358169785
5670,GBR,Eigenvector Centrality,-0.49813062867338964
5671,GBR,Eigenvector Centrality,-0.5034645176580496
5672,GBR,Eigenvector Centrality,-0.5034909358169785
5673,GBR,Eigenvector Centrality,-0.5016528499984253
5674,GBR,Eigenvector Centrality,-0.49463542080288286
5675,GBR,Eigenvector Centrality,-0.5034559165052584
5676,GBR,Eigenvector Centrality,-0.5030710390451572
5677,GBR,Eigenvector Centrality,-0.5034585207359945
5678,GBR,Eigenvector Centrality,-0.5014452166345019
5679,GBR,Eigenvector Centrality,-0.5034680522566078
5680,GBR,Eigenvector Centrality,-0.5034769185232124
5681,GBR,Eigenvector Centrality,-0.5033423920943112
5682,GBR,Eigenvector Centrality,-0.5015637209695367
5683,GBR,Eigenvector Centrality,-0.5034680522566078
5684,GBR,Eigenvector Centrality,-0.5014621723581935
5685,GBR,Eigenvector Centrality,-0.5034909358169785
5686,GBR,Eigenvector Centrality,-0.5034758579644129
5687,GBR,Eigenvector Centrality,-0.5034799158612234
5688,GBR,Eigenvector Centrality,-0.5034686577596863
5689,GBR,Eigenvector Centrality,-0.5032832512146753
5690,GBR,Eigenvector Centrality,-0.5034724775107149
5691,GBR,Eigenvector Centrality,-0.5034909358169785
5692,GBR,Eigenvector Centrality,-0.5034614575549599
5693,GBR,Eigenvector Centrality,-0.5034909358169785
5694,GBR,Eigenvector Centrality,-0.5015381359734787
5695,GBR,Eigenvector Centrality,-0.503404060555098
5696,GBR,Eigenvector Centrality,-0.5021487127373897
5697,GBR,Eigenvector Centrality,-0.503435372310778
5698,GBR,Eigenvector Centrality,-0.5034909358169785
5699,GBR,Eigenvector Centrality,-0.5032270731842338
5700,GBR,Eigenvector Centrality,-0.5034909358169785
5701,GBR,Eigenvector Centrality,-0.503435372310778
5702,GBR,Eigenvector Centrality,-0.5034909358169785
5703,GBR,Eigenvector Centrality,-0.5034909358169785
5704,GBR,Eigenvector Centrality,-0.5034909358169785
5705,GBR,Eigenvector Centrality,-0.5034909358169785
5706,GBR,Eigenvector Centrality,-0.502707514768324
5707,GBR,Eigenvector Centrality,-0.5033049026087928
5708,GBR,Eigenvector Centrality,-0.5016928792569159
5709,GBR,Eigenvector Centrality,-0.4943672844229601
5710,GBR,Eigenvector Centrality,-0.503435372310778
5711,GBR,Eigenvector Centrality,-0.5034909358169785
5712,GBR,Eigenvector Centrality,-0.5032482169280181
5713,GBR,Eigenvector Centrality,-0.5034909358169785
5714,GBR,Eigenvector Centrality,-0.5017380554166453
5715,GBR,Eigenvector Centrality,-0.49954759070290167
5716,GBR,Eigenvector Centrality,-0.5031562963310754
5717,GBR,Eigenvector Centrality,-0.5002520394113878
5718,GBR,Eigenvector Centrality,-0.5034909358169785
5719,GBR,Eigenvector Centrality,-0.497434675085476
5720,GBR,Eigenvector Centrality,-0.49674029066741854
5721,GBR,Eigenvector Centrality,-0.5023146904138571
5722,GBR,Eigenvector Centrality,-0.49890026841232094
5723,GBR,Eigenvector Centrality,-0.5034523824357918
5724,GBR,Eigenvector Centrality,-0.5026317284674807
5725,GBR,Eigenvector Centrality,-0.5034909358169785
5726,GBR,Eigenvector Centrality,-0.4994017656766556
5727,GBR,Eigenvector Centrality,-0.4902440361143226
5728,GBR,Eigenvector Centrality,-0.5033306118977213
5729,GBR,Eigenvector Centrality,-0.5032495110574234
5730,GBR,Eigenvector Centrality,-0.5026711873741867
5731,GBR,Eigenvector Centrality,-0.5008339312661463
5732,GBR,Eigenvector Centrality,-0.5029679036766426
5733,GBR,Eigenvector Centrality,-0.5003048065524506
5734,GBR,Eigenvector Centrality,-0.5031811517834338
5735,GBR,Eigenvector Centrality,-0.5034909358169785
5736,GBR,Eigenvector Centrality,-0.49652557543101383
5737,GBR,Eigenvector Centrality,-0.5012021568183035
5738,GBR,Eigenvector Centrality,-0.5030029030469356
5739,GBR,Eigenvector Centrality,-0.5032209235930334
5740,GBR,Eigenvector Centrality,-0.48996260683725784
5741,GBR,Eigenvector Centrality,-0.4990053646813104
5742,GBR,Eigenvector Centrality,-0.5029925504918079
5743,GBR,Eigenvector Centrality,-0.5034909358169785
5744,GBR,Eigenvector Centrality,-0.4924455627816859
5745,GBR,Eigenvector Centrality,-0.5034909358169785
5746,GBR,Eigenvector Centrality,-0.5028198711179598
5747,GBR,Eigenvector Centrality,-0.503049730681609
5748,GBR,Eigenvector Centrality,-0.48706579092503455
5749,GBR,Eigenvector Centrality,-0.5014079513621887
5750,GBR,Eigenvector Centrality,-0.4864475351725456
5751,GBR,Eigenvector Centrality,-0.5034909358169785
5752,GBR,Eigenvector Centrality,-0.4905355214462054
5753,GBR,Eigenvector Centrality,-0.5034909358169785
5754,GBR,Eigenvector Centrality,-0.5014480784974071
5755,GBR,Eigenvector Centrality,-0.5034909358169785
5756,GBR,Eigenvector Centrality,-0.49892493331840526
5757,GBR,Eigenvector Centrality,-0.4963646881872784
5758,GBR,Eigenvector Centrality,-0.5024396749132333
5759,GBR,Eigenvector Centrality,-0.5034909358169785
5760,GBR,Eigenvector Centrality,-0.5034909358169785
5761,GBR,Eigenvector Centrality,-0.5034523824357918
5762,GBR,Eigenvector Centrality,-0.5034909358169785
5763,GBR,Eigenvector Centrality,-0.5034909358169785
5764,GBR,Eigenvector Centrality,-0.5034909358169785
5765,GBR,Eigenvector Centrality,-0.5034909358169785
5766,GBR,Eigenvector Centrality,-0.5034909358169785
5767,GBR,Eigenvector Centrality,-0.5034909358169785
5768,GBR,Eigenvector Centrality,-0.5034909358169785
5769,GBR,Eigenvector Centrality,-0.5034909358169785
5770,GBR,Eigenvector Centrality,-0.5034909358169785
5771,GBR,Eigenvector Centrality,-0.4919784982688222
5772,GBR,Eigenvector Centrality,-0.5024888234939953
5773,GBR,Eigenvector Centrality,-0.4987088201996978
5774,GBR,Eigenvector Centrality,-0.5024888234939953
5775,GBR,Eigenvector Centrality,-0.5031070792464842
5776,GBR,Eigenvector Centrality,-0.4881192756737016
5777,GBR,Eigenvector Centrality,-0.49336429116077957
5778,GBR,Eigenvector Centrality,-0.476803014167076
5779,GBR,Eigenvector Centrality,-0.4702161168253593
5780,GBR,Eigenvector Centrality,-0.4778105813227049
5781,GBR,Eigenvector Centrality,-0.49495794756854944
5782,GBR,Eigenvector Centrality,-0.5004753025809862
5783,GBR,Eigenvector Centrality,-0.48375646522466215
5784,GBR,Eigenvector Centrality,-0.49911493576592847
5785,GBR,Eigenvector Centrality,-0.4852478489277948
5786,GBR,Eigenvector Centrality,-0.5010020907610682
5787,GBR,Eigenvector Centrality,-0.5014318976293457
5788,GBR,Eigenvector Centrality,-0.5020115754103784
5789,GBR,Eigenvector Centrality,-0.49872458145810006
5790,GBR,Eigenvector Centrality,-0.49818956218880983
5791,GBR,Eigenvector Centrality,-0.4999080617465106
5792,GBR,Eigenvector Centrality,-0.500174949324844
5793,GBR,Eigenvector Centrality,-0.47581935498305283
5794,GBR,Eigenvector Centrality,-0.5012757799899882
5795,GBR,Eigenvector Centrality,-0.48394831232552543
5796,GBR,Eigenvector Centrality,-0.49788697745054966
5797,GBR,Eigenvector Centrality,-0.5020115754103784
5798,GBR,Eigenvector Centrality,-0.46847747779299137
5799,GBR,Eigenvector Centrality,-0.49842703974523594
5800,GBR,Eigenvector Centrality,-0.5011957381216475
5801,GBR,Eigenvector Centrality,-0.5020164948827437
5802,GBR,Eigenvector Centrality,-0.4816347479416637
5803,GBR,Eigenvector Centrality,-0.5034909358169785
5804,GBR,Eigenvector Centrality,-0.5029769023288492
5805,GBR,Eigenvector Centrality,-0.48556626499529537
5806,GBR,Eigenvector Centrality,-0.4962529880079679
5807,GBR,Eigenvector Centrality,-0.46949438583982595
5808,GBR,Eigenvector Centrality,-0.5017401784713142
5809,GBR,Eigenvector Centrality,-0.4590684123456475
5810,GBR,Eigenvector Centrality,-0.49617132030482786
5811,GBR,Eigenvector Centrality,-0.5026794259588404
5812,GBR,Eigenvector Centrality,-0.46237314479695
5813,GBR,Eigenvector Centrality,-0.49152260549223514
5814,GBR,Eigenvector Centrality,-0.49932499420151083
5815,GBR,Eigenvector Centrality,-0.49927494212999823
5816,GBR,Eigenvector Centrality,-0.45426692247838796
5817,GBR,Eigenvector Centrality,-0.427497705159669
5818,GBR,Eigenvector Centrality,-0.49624144717874846
5819,GBR,Eigenvector Centrality,-0.4813169068452399
5820,GBR,Eigenvector Centrality,-0.4904503585055351
5821,GBR,Eigenvector Centrality,-0.5034909358169785
5822,GBR,Eigenvector Centrality,-0.4084709753632739
5823,GBR,Eigenvector Centrality,-0.5031934594469697
5824,GBR,Eigenvector Centrality,-0.49473710182273023
5825,GBR,Eigenvector Centrality,-0.49547388265069225
5826,GBR,Eigenvector Centrality,-0.455785162272779
5827,GBR,Eigenvector Centrality,-0.4631432664449098
5828,GBR,Eigenvector Centrality,-0.48462866456832987
5829,GBR,Eigenvector Centrality,-0.49756971094904584
5830,GBR,Eigenvector Centrality,-0.4987045398969879
5831,GBR,Eigenvector Centrality,-0.449508889264107
5832,GBR,Eigenvector Centrality,-0.48281221217819215
5833,GBR,Eigenvector Centrality,-0.47135513852088945
5834,GBR,Eigenvector Centrality,-0.48978001250885134
5835,GBR,Eigenvector Centrality,-0.49301722847560436
5836,GBR,Eigenvector Centrality,-0.5034909358169785
5837,GBR,Eigenvector Centrality,-0.5034909358169785
5838,GBR,Eigenvector Centrality,-0.5034909358169785
5839,GBR,Eigenvector Centrality,-0.5034909358169785
5840,GBR,Eigenvector Centrality,-0.49208848060051985
5841,GBR,Eigenvector Centrality,-0.5014844864043214
5842,GBR,Eigenvector Centrality,-0.48566907272662113
5843,GBR,Eigenvector Centrality,-0.41755151522891587
5844,GBR,Eigenvector Centrality,-0.4738781833171556
5845,GBR,Eigenvector Centrality,-0.43104404479854364
5846,GBR,Eigenvector Centrality,-0.41207553473879543
5847,GBR,Eigenvector Centrality,-0.47291682576047656
5848,GBR,Eigenvector Centrality,-0.41145656713248274
5849,GBR,Eigenvector Centrality,-0.3781548982385967
5850,GBR,Eigenvector Centrality,-0.4377392493962778
5851,GBR,Eigenvector Centrality,-0.42258360502520437
5852,GBR,Eigenvector Centrality,-0.38152708701132854
5853,GBR,Eigenvector Centrality,-0.4269295908598166
5854,GBR,Eigenvector Centrality,-0.3896780584915353
5855,GBR,Eigenvector Centrality,-0.492944779696191
5856,GBR,Eigenvector Centrality,-0.38240457116556437
5857,GBR,Eigenvector Centrality,-0.46634996372153614
5858,GBR,Eigenvector Centrality,-0.4581989922413294
5859,GBR,Eigenvector Centrality,-0.49144117638409573
5860,GBR,Eigenvector Centrality,-0.481199686061879
5861,GBR,Eigenvector Centrality,-0.35083268949761215
5862,GBR,Eigenvector Centrality,-0.4091949312257033
5863,GBR,Eigenvector Centrality,-0.49533996433677163
5864,GBR,Eigenvector Centrality,-0.4785791017645387
5865,GBR,Eigenvector Centrality,-0.4989564971923969
5866,GBR,Eigenvector Centrality,-0.492944779696191
5867,GBR,Eigenvector Centrality,-0.4947521374757487
5868,GBR,Eigenvector Centrality,-0.4953652126546431
5869,GBR,Eigenvector Centrality,-0.47156629426353697
5870,GBR,Eigenvector Centrality,-0.46763587276748714
5871,GBR,Eigenvector Centrality,-0.4262356794558741
5872,GBR,Eigenvector Centrality,-0.46449667569414177
5873,GBR,Eigenvector Centrality,-0.481284695136769
5874,GBR,Eigenvector Centrality,-0.25519119318097955
5875,GBR,Eigenvector Centrality,-0.4854889998648963
5876,GBR,Eigenvector Centrality,-0.42576427012632967
5877,GBR,Eigenvector Centrality,-0.27203670877047875
5878,GBR,Eigenvector Centrality,-0.3438594847051998
5879,GBR,Eigenvector Centrality,-0.36884189451884924
5880,GBR,Eigenvector Centrality,-0.20724352012196082
5881,GBR,Eigenvector Centrality,-0.3480558587882162
5882,GBR,Eigenvector Centrality,-0.5034909358169785
5883,GBR,Eigenvector Centrality,-0.3583388348926068
5884,GBR,Eigenvector Centrality,-0.5034909358169785
5885,GBR,Eigenvector Centrality,-0.5034909358169785
5886,GBR,Eigenvector Centrality,-0.5034909358169785
5887,GBR,Eigenvector Centrality,-0.5034909358169785
5888,GBR,Eigenvector Centrality,-0.5034909358169785
5889,GBR,Eigenvector Centrality,-0.3001414370924003
5890,GBR,Eigenvector Centrality,-0.5034909358169785
5891,GBR,Eigenvector Centrality,-0.5034909358169785
5892,GBR,Eigenvector Centrality,-0.5034909358169785
5893,GBR,Eigenvector Centrality,-0.5034909358169785
5894,GBR,Eigenvector Centrality,-0.5034909358169785
5895,GBR,Eigenvector Centrality,-0.5034909358169785
5896,GBR,Eigenvector Centrality,-0.5034909358169785
5897,GBR,Eigenvector Centrality,-0.5034909358169785
5898,GBR,Eigenvector Centrality,-0.5034909358169785
5899,GBR,Eigenvector Centrality,-0.5034909358169785
5900,GBR,Eigenvector Centrality,-0.5034909358169785
5901,GBR,Eigenvector Centrality,-0.5034909358169785
5902,GBR,Eigenvector Centrality,-0.5034909358169785
5903,GBR,Eigenvector Centrality,-0.5034909358169785
5904,GBR,Eigenvector Centrality,-0.5034909358169785
5905,GBR,Eigenvector Centrality,-0.5034909358169785
5906,GBR,Eigenvector Centrality,-0.5034909358169785
5907,GBR,Eigenvector Centrality,-0.5034909358169785
5908,GBR,Eigenvector Centrality,-0.5034909358169785
5909,GBR,Eigenvector Centrality,-0.5034909358169785
5910,GBR,Eigenvector Centrality,-0.5034909358169785
5911,GBR,Eigenvector Centrality,-0.5034909358169785
5912,GBR,Eigenvector Centrality,-0.5034909358169785
5913,GBR,Eigenvector Centrality,-0.5034909358169785
5914,GBR,Eigenvector Centrality,-0.5034909358169785
5915,GBR,Eigenvector Centrality,-0.5034909358169785
5916,GBR,Eigenvector Centrality,-0.5034909358169785
5917,GBR,Eigenvector Centrality,-0.5034909358169785
5918,GBR,Eigenvector Centrality,-0.5034909358169785
5919,GBR,Eigenvector Centrality,-0.5034909358169785
5920,GBR,Eigenvector Centrality,-0.488053304043104
5921,GBR,Eigenvector Centrality,-0.19020758008953934
5922,GBR,Eigenvector Centrality,-0.39774592517248925
5923,GBR,Eigenvector Centrality,-0.4106273580851095
5924,GBR,Eigenvector Centrality,-0.10073845415567573
5925,GBR,Eigenvector Centrality,-0.3556716477371116
5926,GBR,Eigenvector Centrality,0.7172450479179959
5927,GBR,Eigenvector Centrality,0.17195123826044822
5928,GBR,Eigenvector Centrality,0.06478706722144682
5929,GBR,Eigenvector Centrality,0.4816147945024265
5930,GBR,Eigenvector Centrality,0.039974505364229446
5931,GBR,Eigenvector Centrality,4.67481151902287
5932,GBR,Eigenvector Centrality,0.006646547926872687
5933,GBR,Eigenvector Centrality,7.734600873478924
5934,GBR,Eigenvector Centrality,8.745203347640453
5935,GBR,Eigenvector Centrality,0.07547516938422216
5936,GBR,Eigenvector Centrality,4.517583297314819
5937,GBR,Eigenvector Centrality,-0.11248971428872365
5938,GBR,Eigenvector Centrality,0.3445708895944891
5939,GBR,Eigenvector Centrality,0.0570824729429713
5940,GBR,Eigenvector Centrality,-0.19203133314064763
5941,GBR,Eigenvector Centrality,10.413226406813715
5942,GBR,Eigenvector Centrality,0.3593292360434255
5943,GBR,Eigenvector Centrality,0.6972608728860175
5944,GBR,Eigenvector Centrality,8.912607878057974
5945,GBR,Eigenvector Centrality,0.6999469831189788
5946,GBR,Eigenvector Centrality,-0.20959002246365419
5947,GBR,Eigenvector Centrality,5.962293690309746
5948,GBR,Eigenvector Centrality,1.7198654540665648
5949,GBR,Eigenvector Centrality,1.7358228084330225
5950,GBR,Eigenvector Centrality,-0.21211512129058488
5951,GBR,Eigenvector Centrality,7.018586893435408
5952,GBR,Eigenvector Centrality,1.3704476451569023
5953,GBR,Eigenvector Centrality,7.0075031601885645
5954,GBR,Eigenvector Centrality,4.134585460708172
5955,GBR,Eigenvector Centrality,-0.1384278976261066
5956,GBR,Eigenvector Centrality,0.6032151510564278
5957,GBR,Eigenvector Centrality,-0.3001414370924003
5958,GBR,Eigenvector Centrality,1.793117942998956
5959,GBR,Eigenvector Centrality,2.6607519082415996
5960,GBR,Eigenvector Centrality,0.3415472406535118
5961,GBR,Eigenvector Centrality,0.23200242923860606
5962,GBR,Eigenvector Centrality,2.7497615068841985
5963,GBR,Eigenvector Centrality,1.6503271846533603
5964,GBR,Eigenvector Centrality,-0.3550159133592471
5965,GBR,Eigenvector Centrality,-0.3430983316660699
5966,GBR,Eigenvector Centrality,1.220774291970317
5967,GBR,Eigenvector Centrality,1.4275181122587268
5968,GBR,Eigenvector Centrality,2.0685580749172376
5969,GBR,Eigenvector Centrality,0.7337025826764
5970,GBR,Eigenvector Centrality,-0.23932365771019548
5971,GBR,Eigenvector Centrality,-0.23932365771019548
5972,GBR,Eigenvector Centrality,-0.40437621635180465
5973,GBR,Eigenvector Centrality,-0.19487808488153946
5974,GBR,Eigenvector Centrality,1.4062871093242941
5975,GBR,Eigenvector Centrality,-0.37385498669096845
5976,GBR,Eigenvector Centrality,3.7338675849453806
5977,GBR,Eigenvector Centrality,-0.4838264052195077
5978,GBR,Eigenvector Centrality,-0.5034909358169785
5979,GBR,Eigenvector Centrality,-0.37821090432880816
5980,GBR,Eigenvector Centrality,0.07179716292696246
5981,GBR,Eigenvector Centrality,-0.4692458245132301
5982,GBR,Eigenvector Centrality,-0.5034909358169785
5983,GBR,Eigenvector Centrality,1.3085014315089827
5984,GBR,Eigenvector Centrality,3.564677120985637
5985,GBR,Eigenvector Centrality,-0.16063297357779116
5986,GBR,Eigenvector Centrality,-0.34048615507346175
5987,GBR,Eigenvector Centrality,0.4760188366110015
5988,GBR,Eigenvector Centrality,-0.4234820297019262
5989,GBR,Eigenvector Centrality,1.5342079078879403
5990,GBR,Eigenvector Centrality,0.4439757720786294
5991,GBR,Eigenvector Centrality,3.126383652990551
5992,GBR,Eigenvector Centrality,0.579173914934564
5993,GBR,Eigenvector Centrality,-0.23415078035618164
5994,GBR,Eigenvector Centrality,-0.3475451749117309
5995,GBR,Eigenvector Centrality,-0.42273050381304683
5996,GBR,Eigenvector Centrality,0.7889581764149786
5997,GBR,Eigenvector Centrality,1.0804642599089815
5998,GBR,Eigenvector Centrality,-0.036626353297494564
5999,GBR,Eigenvector Centrality,-0.21604667686821324
6000,GBR,Eigenvector Centrality,-0.3406563606254709
6001,GBR,Eigenvector Centrality,-0.4106797689805597
6002,GBR,Eigenvector Centrality,-0.1200129083504219
6003,GBR,Eigenvector Centrality,-0.5034909358169785
6004,GBR,Eigenvector Centrality,-0.5005884801127661
6005,GBR,Eigenvector Centrality,-0.5034909358169785
6006,GBR,Eigenvector Centrality,-0.2567010237535308
6007,GBR,Eigenvector Centrality,0.18560771438577506
6008,GBR,Eigenvector Centrality,-0.5034909358169785
6009,GBR,Eigenvector Centrality,-0.3897030161862102
6010,GBR,Eigenvector Centrality,-0.4195355989450384
6011,GBR,Eigenvector Centrality,-0.2641540779400145
6012,GBR,Eigenvector Centrality,-0.3951255395360136
6013,GBR,Eigenvector Centrality,-0.3260350358294999
6014,GBR,Eigenvector Centrality,-0.5034909358169785
6015,GBR,Eigenvector Centrality,-0.3398111902675866
6016,GBR,Eigenvector Centrality,-0.23991868573539007
6017,GBR,Eigenvector Centrality,-0.2897443809618847
6018,GBR,Eigenvector Centrality,-0.46998363501947354
6019,GBR,Eigenvector Centrality,-0.4605764018267437
6020,GBR,Eigenvector Centrality,-0.35760104134433707
6021,GBR,Eigenvector Centrality,-0.5034909358169785
6022,GBR,Eigenvector Centrality,-0.4470138846989415
6023,GBR,Eigenvector Centrality,-0.37402858348563167
6024,GBR,Eigenvector Centrality,-0.5028434280750774
6025,GBR,Eigenvector Centrality,-0.5034909358169785
6026,GBR,Eigenvector Centrality,-0.5009970495803066
6027,GBR,Eigenvector Centrality,-0.5034909358169785
6028,GBR,Eigenvector Centrality,-0.3377524682843923
6029,GBR,Eigenvector Centrality,-0.46463452667859007
6030,GBR,Eigenvector Centrality,-0.4858702938373298
6031,GBR,Eigenvector Centrality,-0.3894589857223395
6032,GBR,Eigenvector Centrality,-0.5034909358169785
6033,GBR,Eigenvector Centrality,-0.5034909358169785
6034,GBR,Eigenvector Centrality,-0.4623438534589717
6035,GBR,Eigenvector Centrality,-0.4390348201125782
6036,GBR,Eigenvector Centrality,-0.37561568671973694
6037,GBR,Eigenvector Centrality,-0.5028431171353953
6038,GBR,Eigenvector Centrality,-0.4133573289613108
6039,GBR,Eigenvector Centrality,-0.5032039619265242
6040,GBR,Eigenvector Centrality,-0.5034909358169785
6041,GBR,Eigenvector Centrality,-0.3809803216529928
6042,GBR,Eigenvector Centrality,-0.5034068762224673
6043,GBR,Eigenvector Centrality,-0.48648061897146355
6044,GBR,Eigenvector Centrality,-0.3570645214159248
6045,GBR,Eigenvector Centrality,-0.45680180292322253
6046,GBR,Eigenvector Centrality,-0.3974896890905873
6047,GBR,Eigenvector Centrality,-0.5034909358169785
6048,GBR,Eigenvector Centrality,-0.5012824657564879
6049,GBR,Eigenvector Centrality,-0.5034909358169785
6050,GBR,Eigenvector Centrality,-0.4498259161963961
6051,GBR,Eigenvector Centrality,-0.39802736020128043
6052,GBR,Eigenvector Centrality,-0.39802736020128043
6053,GBR,Eigenvector Centrality,-0.5034902420120256
6054,GBR,Eigenvector Centrality,-0.5034909358169785
6055,GBR,Eigenvector Centrality,-0.5034909358169785
6056,GBR,Eigenvector Centrality,-0.5034909358169785
6057,GBR,Eigenvector Centrality,-0.3676318032787513
6058,GBR,Eigenvector Centrality,-0.33759736615153274
6059,GBR,Eigenvector Centrality,-0.3822682535744202
6060,GBR,Eigenvector Centrality,-0.5034899930141804
6061,GBR,Eigenvector Centrality,-0.5034855994548847
6062,GBR,Eigenvector Centrality,-0.5034909358169785
6063,GBR,Eigenvector Centrality,-0.4788677874318711
6064,GBR,Eigenvector Centrality,-0.3855646315588513
6065,GBR,Eigenvector Centrality,-0.5034909358169785
6066,GBR,Eigenvector Centrality,-0.45565532603619646
6067,GBR,Eigenvector Centrality,-0.5034902993529482
6068,GBR,Eigenvector Centrality,-0.5034903113653967
6069,GBR,Eigenvector Centrality,-0.5034909358169785
6070,GBR,Eigenvector Centrality,-0.44162311828267325
6071,GBR,Eigenvector Centrality,-0.46213246774435496
6072,GBR,Eigenvector Centrality,-0.3255701638698162
6073,GBR,Eigenvector Centrality,-0.4858702938373298
6074,GBR,Eigenvector Centrality,-0.503489568897237
6075,GBR,Eigenvector Centrality,-0.5034836842330852
6076,GBR,Eigenvector Centrality,-0.5034909358169785
6077,GBR,Eigenvector Centrality,-0.5034861328729041
6078,GBR,Eigenvector Centrality,-0.49793387172071035
6079,GBR,Eigenvector Centrality,-0.503489686294148
6080,GBR,Eigenvector Centrality,-0.5033303296956043
6081,GBR,Eigenvector Centrality,-0.5034897560910204
6082,GBR,Eigenvector Centrality,-0.42811873218019103
6083,GBR,Eigenvector Centrality,-0.5012002625973601
6084,GBR,Eigenvector Centrality,-0.42277812019422445
6085,GBR,Eigenvector Centrality,-0.415033721187869
6086,GBR,Eigenvector Centrality,-0.5022555343731409
6087,GBR,Eigenvector Centrality,-0.5034861281073337
6088,GBR,Eigenvector Centrality,-0.5034895190686927
6089,GBR,Eigenvector Centrality,-0.5034668753470651
6090,GBR,Eigenvector Centrality,-0.4273493248380448
6091,GBR,Eigenvector Centrality,-0.5034909358169785
6092,GBR,Eigenvector Centrality,-0.4615651927667409
6093,GBR,Eigenvector Centrality,-0.5034877870149427
6094,GBR,Eigenvector Centrality,-0.4723705152817394
6095,GBR,Eigenvector Centrality,-0.503466752733064
6096,GBR,Eigenvector Centrality,-0.5034905477380472
6097,GBR,Eigenvector Centrality,-0.5034909358169785
6098,GBR,Eigenvector Centrality,-0.5034538104239376
6099,GBR,Eigenvector Centrality,-0.4939951219205762
6100,GBR,Eigenvector Centrality,-0.4920624998542083
6101,GBR,Eigenvector Centrality,-0.5034770504633871
6102,GBR,Eigenvector Centrality,-0.5034908991662199
6103,GBR,Eigenvector Centrality,-0.5034909358169785
6104,GBR,Eigenvector Centrality,-0.5034909358169785
6105,GBR,Eigenvector Centrality,-0.5034836825263547
6106,GBR,Eigenvector Centrality,-0.5016485598639214
6107,GBR,Eigenvector Centrality,-0.5032146824955547
6108,GBR,Eigenvector Centrality,-0.5034909358169785
6109,GBR,Eigenvector Centrality,-0.5034909358169785
6110,GBR,Eigenvector Centrality,-0.5034909358169785
6111,GBR,Eigenvector Centrality,-0.5034899927725135
6112,GBR,Eigenvector Centrality,-0.5034906539382177
6113,GBR,Eigenvector Centrality,-0.5034909358169785
6114,GBR,Eigenvector Centrality,-0.5034846255708195
6115,GBR,Eigenvector Centrality,-0.5032146824955547
6116,GBR,Eigenvector Centrality,-0.5034909358169785
6117,GBR,Eigenvector Centrality,-0.5034909358169785
6118,GBR,Eigenvector Centrality,-0.5034909358169785
6119,GBR,Eigenvector Centrality,-0.5034487103549447
6120,GBR,Eigenvector Centrality,-0.5034909358169785
6121,GBR,Eigenvector Centrality,-0.5034909358169785
6122,GBR,Eigenvector Centrality,-0.5034909358169785
6123,GBR,Eigenvector Centrality,-0.5034899927725135
6124,GBR,Eigenvector Centrality,-0.5034909358169785
6125,GBR,Eigenvector Centrality,-0.5034909358169785
6126,GBR,Eigenvector Centrality,-0.5034909358169785
6127,GBR,Eigenvector Centrality,-0.5034909358169785
6128,GBR,Eigenvector Centrality,-0.5034909358169785
6129,GBR,Eigenvector Centrality,-0.5034909358169785
6130,GBR,Eigenvector Centrality,-0.5034909358169785
6131,GBR,Eigenvector Centrality,-0.5034909358169785
6132,GBR,Eigenvector Centrality,-0.5034909358169785
6133,GBR,Eigenvector Centrality,-0.5034909358169785
6134,GBR,Eigenvector Centrality,-0.5034909358169785
6135,GBR,Eigenvector Centrality,-0.5034909358169785
6136,GBR,Eigenvector Centrality,-0.5034909358169785
6137,GBR,Eigenvector Centrality,-0.5034909358169785
6138,GBR,Eigenvector Centrality,-0.5034909358169785
6139,GBR,Eigenvector Centrality,-0.5034909358169785
6140,GBR,Eigenvector Centrality,-0.5034909358169785
6141,GBR,Eigenvector Centrality,-0.5034909358169785
6142,GBR,Eigenvector Centrality,-0.5034909358169785
6143,GBR,Eigenvector Centrality,-0.5034909358169785
6144,GBR,Eigenvector Centrality,-0.5034909358169785
6145,GBR,Eigenvector Centrality,-0.5034909358169785
6146,GBR,Eigenvector Centrality,-0.5034909358169785
6147,GBR,Eigenvector Centrality,-0.5034909358169785
6148,GBR,Eigenvector Centrality,-0.5034909358169785
6149,GBR,Eigenvector Centrality,-0.5034909358169785
6150,GBR,Eigenvector Centrality,-0.5034909358169785
6151,GBR,Eigenvector Centrality,-0.5034909358169785
6152,GBR,Eigenvector Centrality,-0.5034909358169785
6153,GBR,Eigenvector Centrality,-0.5034909358169785
6154,GBR,Eigenvector Centrality,-0.5034909358169785
6155,GBR,Eigenvector Centrality,-0.5034909358169785
6156,GBR,Eigenvector Centrality,-0.5034909358169785
6157,GBR,Eigenvector Centrality,-0.5034909358169785
6158,GBR,Eigenvector Centrality,-0.5034909358169785
6159,GBR,Eigenvector Centrality,-0.5034909358169785
6160,GBR,Eigenvector Centrality,-0.5034909358169785
6161,GBR,Eigenvector Centrality,-0.5034909358169785
6162,GBR,Eigenvector Centrality,-0.5034909358169785
6163,GBR,Eigenvector Centrality,-0.5034909358169785
6164,GBR,Eigenvector Centrality,-0.5034909358169785
6165,GBR,Eigenvector Centrality,-0.5034909358169785
6166,GBR,Eigenvector Centrality,-0.5034909358169785
6167,GBR,Eigenvector Centrality,-0.5034909358169785
6168,GBR,Eigenvector Centrality,-0.5034909358169785
6169,GBR,Eigenvector Centrality,-0.5034909358169785
6170,GBR,Eigenvector Centrality,-0.5034909358169785
6171,GBR,Eigenvector Centrality,-0.5034909358169785
6172,GBR,Eigenvector Centrality,-0.5034909358169785
6173,GBR,Eigenvector Centrality,-0.5034909358169785
6174,GBR,Eigenvector Centrality,-0.5034909358169785
6175,GBR,Eigenvector Centrality,-0.5034909358169785
6176,GBR,Eigenvector Centrality,-0.5034909358169785
6177,GBR,Eigenvector Centrality,-0.5034909358169785
6178,GBR,Eigenvector Centrality,-0.5034909358169785
6179,GBR,Eigenvector Centrality,-0.5034909358169785
6180,GBR,Eigenvector Centrality,-0.5034909358169785
6181,GBR,Eigenvector Centrality,-0.5034909358169785
6182,GBR,Eigenvector Centrality,-0.5034909358169785
6183,GBR,Eigenvector Centrality,-0.5034909358169785
6184,GBR,Eigenvector Centrality,-0.5034909358169785
6185,GBR,Eigenvector Centrality,-0.5034909358169785
6186,GBR,Eigenvector Centrality,-0.5034909358169785
6187,GBR,Eigenvector Centrality,-0.5034909358169785
6188,GBR,Eigenvector Centrality,-0.5034909358169785
6189,GBR,Eigenvector Centrality,-0.5034909358169785
6190,GBR,Eigenvector Centrality,-0.5034909358169785
6191,GBR,Eigenvector Centrality,-0.5034909358169785
6192,GBR,Eigenvector Centrality,-0.5034909358169785
6193,GBR,Eigenvector Centrality,-0.5034909358169785
6194,GBR,Eigenvector Centrality,-0.5034909358169785
6195,GBR,Eigenvector Centrality,-0.5034909358169785
6196,GBR,Eigenvector Centrality,-0.5034909358169785
6197,GBR,Eigenvector Centrality,-0.5034909358169785
6198,GBR,Eigenvector Centrality,-0.5034909358169785
6199,GBR,Eigenvector Centrality,-0.5034909358169785
6200,GBR,Eigenvector Centrality,-0.5034909358169785
6201,GBR,Eigenvector Centrality,-0.5034909358169785
6202,GBR,Eigenvector Centrality,-0.5034909358169785
6203,GBR,Eigenvector Centrality,-0.5034909358169785
6204,GBR,Eigenvector Centrality,-0.5034909358169785
6205,GBR,Eigenvector Centrality,-0.5034909358169785
6206,GBR,Eigenvector Centrality,-0.5034909358169785
6207,GBR,Eigenvector Centrality,-0.5034909358169785
6208,GBR,Eigenvector Centrality,-0.5012002625973601
6209,GBR,Eigenvector Centrality,-0.5034909358169785
6210,GBR,Eigenvector Centrality,-0.5034909358169785
6211,GBR,Eigenvector Centrality,-0.5034909358169785
6212,GBR,Eigenvector Centrality,-0.5034909358169785
6213,GBR,Eigenvector Centrality,-0.5034909358169785
6214,GBR,Eigenvector Centrality,-0.5034909358169785
6215,GBR,Eigenvector Centrality,-0.5034909358169785
6216,GBR,Eigenvector Centrality,-0.5034909358169785
6217,GBR,Eigenvector Centrality,-0.5034909358169785
6218,GBR,Eigenvector Centrality,-0.5034909358169785
6219,GBR,Eigenvector Centrality,-0.5034909358169785
6220,GBR,Eigenvector Centrality,-0.5034909358169785
6221,GBR,Eigenvector Centrality,-0.5034909358169785
6222,GBR,Eigenvector Centrality,-0.5034909358169785
6223,GBR,Eigenvector Centrality,-0.5034909358169785
6224,GBR,Eigenvector Centrality,-0.5034909358169785
6225,GBR,Eigenvector Centrality,-0.5034909358169785
6226,GBR,Eigenvector Centrality,-0.5031486430189525
6227,GBR,Eigenvector Centrality,-0.5034909358169785
6228,GBR,Eigenvector Centrality,-0.5034909358169785
6229,GBR,Eigenvector Centrality,-0.5034909358169785
6230,GBR,Eigenvector Centrality,-0.5034909358169785
6231,GBR,Eigenvector Centrality,-0.5034909358169785
6232,GBR,Eigenvector Centrality,-0.5034909358169785
6233,GBR,Eigenvector Centrality,-0.5034909358169785
6234,GBR,Eigenvector Centrality,-0.5034909358169785
6235,GBR,Eigenvector Centrality,-0.5034909358169785
6236,GBR,Eigenvector Centrality,-0.5034909358169785
6237,GBR,Eigenvector Centrality,-0.5034909358169785
6238,GBR,Eigenvector Centrality,-0.5034909358169785
6239,GBR,Eigenvector Centrality,-0.5034909358169785
6240,GBR,Eigenvector Centrality,-0.5034909358169785
6241,GBR,Eigenvector Centrality,-0.5034909358169785
6242,GBR,Eigenvector Centrality,-0.5034909358169785
6243,GBR,Eigenvector Centrality,-0.5034909358169785
6244,GBR,Eigenvector Centrality,-0.5034909358169785
6245,GBR,Eigenvector Centrality,-0.5034909358169785
6246,GBR,Eigenvector Centrality,-0.5034909358169785
6247,GBR,Eigenvector Centrality,-0.5034909358169785
6248,GBR,Eigenvector Centrality,-0.5034909358169785
6249,GBR,Eigenvector Centrality,-0.5034909358169785
6250,GBR,Eigenvector Centrality,-0.5034909358169785
6251,GBR,Eigenvector Centrality,-0.5034909358169785
6252,GBR,Eigenvector Centrality,-0.5034909358169785
6253,GBR,Eigenvector Centrality,-0.5034909358169785
6254,GBR,Eigenvector Centrality,-0.5034909358169785
6255,GBR,Eigenvector Centrality,-0.5034909358169785
6256,GBR,Eigenvector Centrality,-0.5034909358169785
6257,GBR,Eigenvector Centrality,-0.5034909358169785
6258,GBR,Eigenvector Centrality,-0.5034909358169785
6259,GBR,Eigenvector Centrality,-0.5034909358169785
6260,GBR,Eigenvector Centrality,-0.5034909358169785
6261,GBR,Eigenvector Centrality,-0.5034909358169785
6262,GBR,Eigenvector Centrality,-0.5034909358169785
6263,GBR,Eigenvector Centrality,-0.5034909358169785
6264,GBR,Eigenvector Centrality,-0.5034909358169785
6265,GBR,Eigenvector Centrality,-0.5034909358169785
6266,GBR,Eigenvector Centrality,-0.5034909358169785
6267,GBR,Eigenvector Centrality,-0.5034909358169785
6268,GBR,Eigenvector Centrality,-0.5034909358169785
6269,GBR,Eigenvector Centrality,-0.5034909358169785
6270,GBR,Eigenvector Centrality,-0.5034909358169785
6271,GBR,Eigenvector Centrality,-0.5034909358169785
6272,GBR,Eigenvector Centrality,-0.5034909358169785
6273,GBR,Eigenvector Centrality,-0.5034909358169785
6274,GBR,Eigenvector Centrality,-0.5034909358169785
6275,GBR,Eigenvector Centrality,-0.5034909358169785
6276,GBR,Eigenvector Centrality,-0.5034909358169785
6277,GBR,Eigenvector Centrality,-0.5034909358169785
6278,GBR,Eigenvector Centrality,-0.5034909358169785
6279,GBR,Eigenvector Centrality,-0.5034909358169785
6280,GBR,Eigenvector Centrality,-0.5034909358169785
6281,GBR,Eigenvector Centrality,-0.5034909358169785
6282,GBR,Eigenvector Centrality,-0.5034909358169785
6283,GBR,Eigenvector Centrality,-0.5034909358169785
6284,GBR,Eigenvector Centrality,-0.5034909358169785
6285,GBR,Eigenvector Centrality,-0.5034909358169785
6286,GBR,Eigenvector Centrality,-0.5034909358169785
6287,GBR,Eigenvector Centrality,-0.5034909358169785
6288,GBR,Eigenvector Centrality,-0.5034909358169785
6289,GBR,Eigenvector Centrality,-0.5034909358169785
6290,GBR,Eigenvector Centrality,-0.5034909358169785
6291,GBR,Eigenvector Centrality,-0.5034909358169785
6292,GBR,Eigenvector Centrality,-0.5034909358169785
6293,GBR,Eigenvector Centrality,-0.5034909358169785
6294,GBR,Eigenvector Centrality,-0.5034909358169785
6295,GBR,Eigenvector Centrality,-0.5034909358169785
6296,GBR,Eigenvector Centrality,-0.5034909358169785
6297,GBR,Eigenvector Centrality,-0.5034909358169785
6298,GBR,Eigenvector Centrality,-0.5034909358169785
6299,GBR,Eigenvector Centrality,-0.5034909358169785
6300,GBR,Eigenvector Centrality,-0.5034909358169785
6301,GBR,Eigenvector Centrality,-0.5034909358169785
6302,GBR,Eigenvector Centrality,-0.5034909358169785
6303,GBR,Eigenvector Centrality,-0.5034909358169785
6304,GBR,Eigenvector Centrality,-0.5034909358169785
6305,GBR,Eigenvector Centrality,-0.5034909358169785
6306,GBR,Eigenvector Centrality,-0.5034909358169785
6307,GBR,Eigenvector Centrality,-0.5034909358169785
6308,GBR,Eigenvector Centrality,-0.5034909358169785
6309,GBR,Eigenvector Centrality,-0.5034909358169785
6310,GBR,Eigenvector Centrality,-0.5034909358169785
6311,GBR,Eigenvector Centrality,-0.5034909358169785
6312,GBR,Eigenvector Centrality,-0.5034909358169785
6313,GBR,Eigenvector Centrality,-0.5034909358169785
6314,GBR,Eigenvector Centrality,-0.5034909358169785
6315,GBR,Eigenvector Centrality,-0.5034909358169785
6316,GBR,Eigenvector Centrality,-0.5034909358169785
6317,GBR,Eigenvector Centrality,-0.5034909358169785
6318,GBR,Eigenvector Centrality,-0.5034909358169785
6319,GBR,Eigenvector Centrality,-0.5034909358169785
6320,GBR,Eigenvector Centrality,-0.5034909358169785
6321,GBR,Eigenvector Centrality,-0.5034909358169785
6322,GBR,Eigenvector Centrality,-0.5034909358169785
6323,GBR,Eigenvector Centrality,-0.5034909358169785
6324,GBR,Eigenvector Centrality,-0.5034909358169785
6325,GBR,Eigenvector Centrality,-0.5034909358169785
6326,GBR,Eigenvector Centrality,-0.5034909358169785
6327,GBR,Eigenvector Centrality,-0.5034909358169785
6328,GBR,Eigenvector Centrality,-0.5034909358169785
6329,GBR,Eigenvector Centrality,-0.5034909358169785
6330,GBR,Eigenvector Centrality,-0.5034909358169785
6331,GBR,Eigenvector Centrality,-0.5034909358169785
6332,GBR,Eigenvector Centrality,-0.5034909358169785
6333,GBR,Eigenvector Centrality,-0.5034909358169785
6334,GBR,Eigenvector Centrality,-0.5034909358169785
6335,GBR,Eigenvector Centrality,-0.5034909358169785
6336,GBR,Eigenvector Centrality,-0.5034909358169785
6337,GBR,Eigenvector Centrality,-0.5034909358169785
6338,GBR,Eigenvector Centrality,-0.5034909358169785
6339,GBR,Eigenvector Centrality,-0.5034909358169785
6340,GBR,Eigenvector Centrality,-0.5034909358169785
6341,GBR,Eigenvector Centrality,-0.5034909358169785
6342,GBR,Eigenvector Centrality,-0.5034909358169785
6343,GBR,Eigenvector Centrality,-0.5034909358169785
6344,GBR,Eigenvector Centrality,-0.5034909358169785
6345,GBR,Eigenvector Centrality,-0.5034909358169785
6346,GBR,Eigenvector Centrality,-0.5034909358169785
6347,GBR,Eigenvector Centrality,-0.5034909358169785
6348,GBR,Eigenvector Centrality,-0.5034909358169785
6349,GBR,Eigenvector Centrality,-0.5034909358169785
6350,GBR,Eigenvector Centrality,-0.5034909358169785
6351,GBR,Eigenvector Centrality,-0.5034909358169785
6352,GBR,Eigenvector Centrality,-0.5034909358169785
6353,GBR,Eigenvector Centrality,-0.5034909358169785
6354,GBR,Eigenvector Centrality,-0.5034909358169785
6355,GBR,Eigenvector Centrality,-0.5034909358169785
6356,GBR,Eigenvector Centrality,-0.5034909358169785
6357,GBR,Eigenvector Centrality,-0.5034909358169785
6358,GBR,Eigenvector Centrality,-0.5034909358169785
6359,GBR,Eigenvector Centrality,-0.5034909358169785
6360,GBR,Eigenvector Centrality,-0.5034909358169785
6361,GBR,Eigenvector Centrality,-0.5034909358169785
6362,GBR,Eigenvector Centrality,-0.5034909358169785
6363,GBR,Eigenvector Centrality,-0.5034909358169785
6364,GBR,Eigenvector Centrality,-0.5034909358169785
6365,GBR,Eigenvector Centrality,-0.5034909358169785
6366,GBR,Eigenvector Centrality,-0.5034909358169785
6367,GBR,Eigenvector Centrality,-0.5034909358169785
6368,GBR,Eigenvector Centrality,-0.5034909358169785
6369,GBR,Eigenvector Centrality,-0.5034909358169785
6370,GBR,Eigenvector Centrality,-0.5034909358169785
6371,GBR,Eigenvector Centrality,-0.5034909358169785
6372,GBR,Eigenvector Centrality,-0.5034909358169785
6373,GBR,Eigenvector Centrality,-0.5034909358169785
6374,GBR,Eigenvector Centrality,-0.5034909358169785
6375,GBR,Eigenvector Centrality,-0.5034909358169785
6376,GBR,Eigenvector Centrality,-0.5034909358169785
6377,GBR,Eigenvector Centrality,-0.5034909358169785
6378,GBR,Eigenvector Centrality,-0.5034909358169785
6379,GBR,Eigenvector Centrality,-0.5034909358169785
6380,GBR,Eigenvector Centrality,-0.5034909358169785
6381,GBR,Eigenvector Centrality,-0.5034909358169785
6382,GBR,Eigenvector Centrality,-0.5034909358169785
6383,GBR,Eigenvector Centrality,-0.5034909358169785
6384,GBR,Eigenvector Centrality,-0.5034909358169785
6385,IO,Eigenvector Centrality,1.3665190955198887
6386,IO,Eigenvector Centrality,1.307129906295702
6387,IO,Eigenvector Centrality,1.0114802559313827
6388,IO,Eigenvector Centrality,0.8509236672492982
6389,IO,Eigenvector Centrality,0.8952468041836913
6390,IO,Eigenvector Centrality,0.9472210905122569
6391,IO,Eigenvector Centrality,0.4890714117210592
6392,IO,Eigenvector Centrality,0.527469933503106
6393,IO,Eigenvector Centrality,0.8227736754542451
6394,IO,Eigenvector Centrality,0.7044624666114219
6395,IO,Eigenvector Centrality,0.527591224351994
6396,IO,Eigenvector Centrality,0.43775555148946266
6397,IO,Eigenvector Centrality,0.7037742410471624
6398,IO,Eigenvector Centrality,0.6148174752441661
6399,IO,Eigenvector Centrality,0.6296499427311848
6400,IO,Eigenvector Centrality,0.5850842240990157
6401,IO,Eigenvector Centrality,0.5259551070164912
6402,IO,Eigenvector Centrality,0.48179468382853297
6403,IO,Eigenvector Centrality,0.48153716657209744
6404,IO,Eigenvector Centrality,0.3790996400875832
6405,IO,Eigenvector Centrality,0.33487130666319087
6406,IO,Eigenvector Centrality,0.40890120740384717
6407,IO,Eigenvector Centrality,0.7574811682848214
6408,IO,Eigenvector Centrality,0.7445938499883138
6409,IO,Eigenvector Centrality,0.8917498338427751
6410,IO,Eigenvector Centrality,-0.2505590783064881
6411,IO,Eigenvector Centrality,-0.2407422777001898
6412,IO,Eigenvector Centrality,-0.23692374962950935
6413,IO,Eigenvector Centrality,-0.09999452796971545
6414,IO,Eigenvector Centrality,0.00813035577516094
6415,IO,Eigenvector Centrality,1.3979727336063705
6416,IO,Eigenvector Centrality,1.7247470639963287
6417,IO,Eigenvector Centrality,1.7247470639963287
6418,IO,Eigenvector Centrality,1.7247470639963287
6419,IO,Eigenvector Centrality,1.7247470639963287
6420,IO,Eigenvector Centrality,1.7392308954412232
6421,IO,Eigenvector Centrality,1.7247470639963287
6422,IO,Eigenvector Centrality,1.7247470639963287
6423,IO,Eigenvector Centrality,1.6145658786993735
6424,IO,Eigenvector Centrality,1.6145658786993735
6425,IO,Eigenvector Centrality,1.528063357695105
6426,IO,Eigenvector Centrality,1.5803575694303091
6427,IO,Eigenvector Centrality,1.5473797636869397
6428,IO,Eigenvector Centrality,1.6011245477698393
6429,IO,Eigenvector Centrality,1.6011245477698393
6430,IO,Eigenvector Centrality,1.5951097142270527
6431,IO,Eigenvector Centrality,1.6051281072649493
6432,IO,Eigenvector Centrality,1.6068403144202472
6433,IO,Eigenvector Centrality,1.6343135301160996
6434,IO,Eigenvector Centrality,1.6068403144202472
6435,IO,Eigenvector Centrality,1.6068403144202472
6436,IO,Eigenvector Centrality,1.6068403144202472
6437,IO,Eigenvector Centrality,1.6068403144202472
6438,IO,Eigenvector Centrality,1.6214728337192454
6439,IO,Eigenvector Centrality,1.6068403144202472
6440,IO,Eigenvector Centrality,1.6214728337192454
6441,IO,Eigenvector Centrality,1.6214728337192454
6442,IO,Eigenvector Centrality,1.5887001330721626
6443,IO,Eigenvector Centrality,1.5917911878537379
6444,IO,Eigenvector Centrality,1.5920343342721164
6445,IO,Eigenvector Centrality,1.575363213660951
6446,IO,Eigenvector Centrality,1.5723737017392827
6447,IO,Eigenvector Centrality,1.5869879259168647
6448,IO,Eigenvector Centrality,1.5590367823280709
6449,IO,Eigenvector Centrality,1.5887001330721626
6450,IO,Eigenvector Centrality,1.5884569866537837
6451,IO,Eigenvector Centrality,1.5738427624762021
6452,IO,Eigenvector Centrality,1.5738427624762021
6453,IO,Eigenvector Centrality,1.5917911878537379
6454,IO,Eigenvector Centrality,1.5366088489421637
6455,IO,Eigenvector Centrality,1.462413899983885
6456,IO,Eigenvector Centrality,1.4975875369554323
6457,IO,Eigenvector Centrality,1.7520399361744243
6458,IO,Eigenvector Centrality,1.6041943005154924
6459,IO,Eigenvector Centrality,1.6042891040254927
6460,IO,Eigenvector Centrality,1.768323152282238
6461,IO,Eigenvector Centrality,1.7389007990059773
6462,IO,Eigenvector Centrality,1.635708396716684
6463,IO,Eigenvector Centrality,1.5429152326227211
6464,IO,Eigenvector Centrality,1.6061912399304226
6465,IO,Eigenvector Centrality,1.635708396716684
6466,IO,Eigenvector Centrality,1.6945776620715844
6467,IO,Eigenvector Centrality,1.7284197867930844
6468,IO,Eigenvector Centrality,1.6989026300068224
6469,IO,Eigenvector Centrality,1.7243546705854698
6470,IO,Eigenvector Centrality,1.5767688866541612
6471,IO,Eigenvector Centrality,1.5767688866541612
6472,IO,Eigenvector Centrality,1.7723882684898526
6473,IO,Eigenvector Centrality,1.6360630519543082
6474,IO,Eigenvector Centrality,1.5916451115099146
6475,IO,Eigenvector Centrality,1.2744985552725638
6476,IO,Eigenvector Centrality,1.160277834986733
6477,IO,Eigenvector Centrality,1.1620422431257778
6478,IO,Eigenvector Centrality,1.1326331795514066
6479,IO,Eigenvector Centrality,1.0313236207840917
6480,IO,Eigenvector Centrality,0.8536936878387441
6481,IO,Eigenvector Centrality,0.9276287850693995
6482,IO,Eigenvector Centrality,0.2017975727841835
6483,IO,Eigenvector Centrality,0.12028649882401941
6484,IO,Eigenvector Centrality,0.08245002445477295
6485,IO,Eigenvector Centrality,1.6792682466940616
6486,IO,Eigenvector Centrality,1.7417060669655675
6487,IO,Eigenvector Centrality,1.768323152282238
6488,IO,Eigenvector Centrality,1.757677091851722
6489,IO,Eigenvector Centrality,0.04368599715702809
6490,IO,Eigenvector Centrality,1.768323152282238
6491,IO,Eigenvector Centrality,1.7723882684898526
6492,IO,Eigenvector Centrality,1.7723882684898526
6493,IO,Eigenvector Centrality,-0.24096764860895745
6494,IO,Eigenvector Centrality,1.7723882684898526
6495,IO,Eigenvector Centrality,1.7723882684898526
6496,IO,Eigenvector Centrality,1.768323152282238
6497,IO,Eigenvector Centrality,1.768323152282238
6498,IO,Eigenvector Centrality,1.768323152282238
6499,IO,Eigenvector Centrality,1.7284482506683634
6500,IO,Eigenvector Centrality,1.7284482506683634
6501,IO,Eigenvector Centrality,1.7188904626609918
6502,IO,Eigenvector Centrality,1.768323152282238
6503,IO,Eigenvector Centrality,1.768323152282238
6504,IO,Eigenvector Centrality,1.768323152282238
6505,IO,Eigenvector Centrality,1.768323152282238
6506,IO,Eigenvector Centrality,1.768323152282238
6507,IO,Eigenvector Centrality,1.768323152282238
6508,IO,Eigenvector Centrality,1.768323152282238
6509,IO,Eigenvector Centrality,1.768323152282238
6510,IO,Eigenvector Centrality,1.768323152282238
6511,IO,Eigenvector Centrality,1.768323152282238
6512,IO,Eigenvector Centrality,1.768323152282238
6513,IO,Eigenvector Centrality,1.768323152282238
6514,IO,Eigenvector Centrality,1.768323152282238
6515,IO,Eigenvector Centrality,1.768323152282238
6516,IO,Eigenvector Centrality,1.768323152282238
6517,IO,Eigenvector Centrality,1.768323152282238
6518,IO,Eigenvector Centrality,1.768323152282238
6519,IO,Eigenvector Centrality,1.7537770238617307
6520,IO,Eigenvector Centrality,1.768323152282238
6521,IO,Eigenvector Centrality,1.768323152282238
6522,IO,Eigenvector Centrality,1.768323152282238
6523,IO,Eigenvector Centrality,1.768323152282238
6524,IO,Eigenvector Centrality,1.768323152282238
6525,IO,Eigenvector Centrality,1.768323152282238
6526,IO,Eigenvector Centrality,1.768323152282238
6527,IO,Eigenvector Centrality,1.768323152282238
6528,IO,Eigenvector Centrality,1.768323152282238
6529,IO,Eigenvector Centrality,1.768323152282238
6530,IO,Eigenvector Centrality,1.768323152282238
6531,IO,Eigenvector Centrality,1.768323152282238
6532,IO,Eigenvector Centrality,1.768323152282238
6533,IO,Eigenvector Centrality,1.768323152282238
6534,IO,Eigenvector Centrality,1.768323152282238
6535,IO,Eigenvector Centrality,1.768323152282238
6536,IO,Eigenvector Centrality,1.7537770238617307
6537,IO,Eigenvector Centrality,1.768323152282238
6538,IO,Eigenvector Centrality,1.768323152282238
6539,IO,Eigenvector Centrality,1.768323152282238
6540,IO,Eigenvector Centrality,1.768323152282238
6541,IO,Eigenvector Centrality,1.768323152282238
6542,IO,Eigenvector Centrality,1.768323152282238
6543,IO,Eigenvector Centrality,1.768323152282238
6544,IO,Eigenvector Centrality,1.768323152282238
6545,IO,Eigenvector Centrality,1.768323152282238
6546,IO,Eigenvector Centrality,1.768323152282238
6547,IO,Eigenvector Centrality,1.768323152282238
6548,IO,Eigenvector Centrality,1.768323152282238
6549,IO,Eigenvector Centrality,1.768323152282238
6550,IO,Eigenvector Centrality,1.768323152282238
6551,IO,Eigenvector Centrality,1.7537770238617307
6552,IO,Eigenvector Centrality,1.768323152282238
6553,IO,Eigenvector Centrality,1.7537770238617307
6554,IO,Eigenvector Centrality,1.7537770238617307
6555,IO,Eigenvector Centrality,1.7537770238617307
6556,IO,Eigenvector Centrality,1.7537770238617307
6557,IO,Eigenvector Centrality,1.7537770238617307
6558,IO,Eigenvector Centrality,1.7537770238617307
6559,IO,Eigenvector Centrality,1.7537770238617307
6560,IO,Eigenvector Centrality,1.768323152282238
6561,IO,Eigenvector Centrality,1.768323152282238
6562,IO,Eigenvector Centrality,1.7537770238617307
6563,IO,Eigenvector Centrality,1.768323152282238
6564,IO,Eigenvector Centrality,1.768323152282238
6565,Caribbean,Eigenvector Centrality,0.30650274043736675
6566,Caribbean,Eigenvector Centrality,-0.49584676382484216
6567,Caribbean,Eigenvector Centrality,-0.4427799249779381
6568,Caribbean,Eigenvector Centrality,-0.466279266716713
6569,Caribbean,Eigenvector Centrality,-0.45257885181052676
6570,Caribbean,Eigenvector Centrality,-0.4379938348345597
6571,Caribbean,Eigenvector Centrality,0.2632554828878917
6572,Caribbean,Eigenvector Centrality,2.001254816566744
6573,Caribbean,Eigenvector Centrality,0.34765790055469
6574,Caribbean,Eigenvector Centrality,1.1402142073107833
6575,Caribbean,Eigenvector Centrality,0.804485745296437
6576,Caribbean,Eigenvector Centrality,2.379621461499122
6577,Caribbean,Eigenvector Centrality,0.08694217630233368
6578,Caribbean,Eigenvector Centrality,2.359014184856317
6579,Caribbean,Eigenvector Centrality,2.9971573054182636
6580,Caribbean,Eigenvector Centrality,2.2741557729352024
6581,Caribbean,Eigenvector Centrality,0.7584590857101783
6582,Caribbean,Eigenvector Centrality,2.6007335865055374
6583,Caribbean,Eigenvector Centrality,2.6755747858649443
6584,Caribbean,Eigenvector Centrality,0.9934546078603587
6585,Caribbean,Eigenvector Centrality,2.8076550766829076
6586,Caribbean,Eigenvector Centrality,2.494638664313483
6587,Caribbean,Eigenvector Centrality,0.8670773067321257
6588,Caribbean,Eigenvector Centrality,1.860504579612967
6589,Caribbean,Eigenvector Centrality,0.14549601201065515
6590,Caribbean,Eigenvector Centrality,1.8116564525817334
6591,Caribbean,Eigenvector Centrality,2.8878630051735636
6592,Caribbean,Eigenvector Centrality,0.3912634919978001
6593,Caribbean,Eigenvector Centrality,0.3791854723052868
6594,Caribbean,Eigenvector Centrality,2.938981314453377
6595,Caribbean,Eigenvector Centrality,0.760646869568489
6596,Caribbean,Eigenvector Centrality,0.11456871310392269
6597,Caribbean,Eigenvector Centrality,0.3796848815738247
6598,Caribbean,Eigenvector Centrality,1.9027836288197195
6599,Caribbean,Eigenvector Centrality,1.1711161259792644
6600,Caribbean,Eigenvector Centrality,3.0063378560024008
6601,Caribbean,Eigenvector Centrality,1.6714233857854601
6602,Caribbean,Eigenvector Centrality,1.500705960380491
6603,Caribbean,Eigenvector Centrality,0.6178680218118447
6604,Caribbean,Eigenvector Centrality,2.5194004535395864
6605,Caribbean,Eigenvector Centrality,1.2331218024380755
6606,Caribbean,Eigenvector Centrality,0.6489639672806902
6607,Caribbean,Eigenvector Centrality,0.05800062556889758
6608,Caribbean,Eigenvector Centrality,0.8007429090723217
6609,Caribbean,Eigenvector Centrality,0.20983579495715654
6610,Caribbean,Eigenvector Centrality,0.08963775939620627
6611,Caribbean,Eigenvector Centrality,0.09932993141452168
6612,Caribbean,Eigenvector Centrality,0.5936435179699805
6613,Caribbean,Eigenvector Centrality,2.637914879988468
6614,Caribbean,Eigenvector Centrality,1.8727309108668662
6615,Caribbean,Eigenvector Centrality,-0.02320031447199998
6616,Caribbean,Eigenvector Centrality,0.49788508503925893
6617,Caribbean,Eigenvector Centrality,0.4008189737551732
6618,Caribbean,Eigenvector Centrality,0.3326825066601708
6619,Caribbean,Eigenvector Centrality,0.616539499623204
6620,Caribbean,Eigenvector Centrality,0.2519031078011251
6621,Caribbean,Eigenvector Centrality,-0.1380840722318721
6622,Caribbean,Eigenvector Centrality,3.1965050309123146
6623,Caribbean,Eigenvector Centrality,1.5214373174599307
6624,Caribbean,Eigenvector Centrality,0.5597888806952582
6625,Caribbean,Eigenvector Centrality,1.561816118141585
6626,Caribbean,Eigenvector Centrality,0.3254415807990142
6627,Caribbean,Eigenvector Centrality,0.5159422072685504
6628,Caribbean,Eigenvector Centrality,0.5395292225219778
6629,Caribbean,Eigenvector Centrality,1.777880554899087
6630,Caribbean,Eigenvector Centrality,0.6579668977819036
6631,Caribbean,Eigenvector Centrality,2.6275881747433503
6632,Caribbean,Eigenvector Centrality,0.2761703150513627
6633,Caribbean,Eigenvector Centrality,-0.2371047717881119
6634,Caribbean,Eigenvector Centrality,0.9843013741646739
6635,Caribbean,Eigenvector Centrality,2.121352357262362
6636,Caribbean,Eigenvector Centrality,2.7983858569827595
6637,Caribbean,Eigenvector Centrality,0.3065746118250593
6638,Caribbean,Eigenvector Centrality,0.1524234081518539
6639,Caribbean,Eigenvector Centrality,-0.19466542855512683
6640,Caribbean,Eigenvector Centrality,1.615916817840385
6641,Caribbean,Eigenvector Centrality,1.2710786181890632
6642,Caribbean,Eigenvector Centrality,0.1172807277020736
6643,Caribbean,Eigenvector Centrality,0.5803452554363344
6644,Caribbean,Eigenvector Centrality,0.09308911255773329
6645,Caribbean,Eigenvector Centrality,2.358983943258442
6646,Caribbean,Eigenvector Centrality,2.133651441524375
6647,Caribbean,Eigenvector Centrality,1.020170305929474
6648,Caribbean,Eigenvector Centrality,0.06940208573058078
6649,Caribbean,Eigenvector Centrality,0.02655543434584283
6650,Caribbean,Eigenvector Centrality,0.09756018742244266
6651,Caribbean,Eigenvector Centrality,0.4351103496960575
6652,Caribbean,Eigenvector Centrality,1.4775560603514868
6653,Caribbean,Eigenvector Centrality,0.04023830172292432
6654,Caribbean,Eigenvector Centrality,2.091041249658035
6655,Caribbean,Eigenvector Centrality,1.7321445038611751
6656,Caribbean,Eigenvector Centrality,0.32542587928097194
6657,Caribbean,Eigenvector Centrality,0.9877677945776749
6658,Caribbean,Eigenvector Centrality,1.707155466391988
6659,Caribbean,Eigenvector Centrality,0.2476381847063045
6660,Caribbean,Eigenvector Centrality,2.8761508022669764
6661,Caribbean,Eigenvector Centrality,1.1277025656277504
6662,Caribbean,Eigenvector Centrality,2.5904735844532816
6663,Caribbean,Eigenvector Centrality,-0.3411459737923798
6664,Caribbean,Eigenvector Centrality,0.551828577141834
6665,Caribbean,Eigenvector Centrality,0.6732830724733326
6666,Caribbean,Eigenvector Centrality,0.5316713788226618
6667,Caribbean,Eigenvector Centrality,-0.008222833534933244
6668,Caribbean,Eigenvector Centrality,0.4982052755033546
6669,Caribbean,Eigenvector Centrality,-0.19636159009915813
6670,Caribbean,Eigenvector Centrality,0.9427459832436795
6671,Caribbean,Eigenvector Centrality,2.516067995406581
6672,Caribbean,Eigenvector Centrality,3.3443288344143833
6673,Caribbean,Eigenvector Centrality,1.0204666569055505
6674,Caribbean,Eigenvector Centrality,0.6072123270508479
6675,Caribbean,Eigenvector Centrality,0.545196406578776
6676,Caribbean,Eigenvector Centrality,2.443124077203246
6677,Caribbean,Eigenvector Centrality,1.5377673392709457
6678,Caribbean,Eigenvector Centrality,2.147855646904999
6679,Caribbean,Eigenvector Centrality,1.7764921837211987
6680,Caribbean,Eigenvector Centrality,-0.003299091179252175
6681,Caribbean,Eigenvector Centrality,1.6758452942027808
6682,Caribbean,Eigenvector Centrality,2.029576853920187
6683,Caribbean,Eigenvector Centrality,0.4805601309417744
6684,Caribbean,Eigenvector Centrality,0.8240763075874966
6685,Caribbean,Eigenvector Centrality,1.1850204411301366
6686,Caribbean,Eigenvector Centrality,2.362480274210139
6687,Caribbean,Eigenvector Centrality,0.6737357176163953
6688,Caribbean,Eigenvector Centrality,2.340964803359076
6689,Caribbean,Eigenvector Centrality,-0.2959463274180266
6690,Caribbean,Eigenvector Centrality,0.7847134207272584
6691,Caribbean,Eigenvector Centrality,0.5227617544938324
6692,Caribbean,Eigenvector Centrality,0.9119637988411141
6693,Caribbean,Eigenvector Centrality,1.0285554454721617
6694,Caribbean,Eigenvector Centrality,2.0321419009686488
6695,Caribbean,Eigenvector Centrality,1.7569953607125652
6696,Caribbean,Eigenvector Centrality,2.1472862066945617
6697,Caribbean,Eigenvector Centrality,-0.22201140934453478
6698,Caribbean,Eigenvector Centrality,-0.260980686169773
6699,Caribbean,Eigenvector Centrality,2.6484687377231046
6700,Caribbean,Eigenvector Centrality,2.6881197646960118
6701,Caribbean,Eigenvector Centrality,2.169014554013091
6702,Caribbean,Eigenvector Centrality,-0.34677903680630057
6703,Caribbean,Eigenvector Centrality,2.4847357208999097
6704,Caribbean,Eigenvector Centrality,-0.34677903680630057
6705,Caribbean,Eigenvector Centrality,2.1698096460574137
6706,Caribbean,Eigenvector Centrality,-0.28216400303442063
6707,Caribbean,Eigenvector Centrality,-0.27765492617121246
6708,Caribbean,Eigenvector Centrality,0.10657276092135784
6709,Caribbean,Eigenvector Centrality,-0.29279020408427264
6710,Caribbean,Eigenvector Centrality,-0.32683820603191555
6711,Caribbean,Eigenvector Centrality,0.6945104186148097
6712,Caribbean,Eigenvector Centrality,2.2918553131338704
6713,Caribbean,Eigenvector Centrality,-0.4250743770270206
6714,Caribbean,Eigenvector Centrality,0.28746769248660425
6715,Caribbean,Eigenvector Centrality,-0.39988569722636447
6716,Caribbean,Eigenvector Centrality,0.5181588880896143
6717,Caribbean,Eigenvector Centrality,0.34487983247622145
6718,Caribbean,Eigenvector Centrality,0.5736574689768191
6719,Caribbean,Eigenvector Centrality,-0.1650008979132462
6720,Caribbean,Eigenvector Centrality,2.192920976734226
6721,Caribbean,Eigenvector Centrality,2.1629240495671076
6722,Caribbean,Eigenvector Centrality,-0.24911980154865213
6723,Caribbean,Eigenvector Centrality,-0.2972996742391629
6724,Caribbean,Eigenvector Centrality,0.45625611674130345
6725,Caribbean,Eigenvector Centrality,2.3601253050925264
6726,Caribbean,Eigenvector Centrality,0.014007156557297444
6727,Caribbean,Eigenvector Centrality,-0.4999572604660936
6728,Caribbean,Eigenvector Centrality,-0.3484648362862013
6729,Caribbean,Eigenvector Centrality,-0.29858756164753814
6730,Caribbean,Eigenvector Centrality,0.4660150641489307
6731,Caribbean,Eigenvector Centrality,0.4825877195145378
6732,Caribbean,Eigenvector Centrality,2.0998456882558245
6733,Caribbean,Eigenvector Centrality,1.5881144828345244
6734,Caribbean,Eigenvector Centrality,-0.2833382754646
6735,Caribbean,Eigenvector Centrality,2.3715900924295816
6736,Caribbean,Eigenvector Centrality,2.0151317342462454
6737,Caribbean,Eigenvector Centrality,1.6798428020170204
6738,Caribbean,Eigenvector Centrality,1.184864132478279
6739,Caribbean,Eigenvector Centrality,-0.3491769296663828
6740,Caribbean,Eigenvector Centrality,0.4384214112660361
6741,Caribbean,Eigenvector Centrality,1.5572676807853705
6742,Caribbean,Eigenvector Centrality,-0.5009230570238412
6743,Caribbean,Eigenvector Centrality,0.09589186978364246
6744,Caribbean,Eigenvector Centrality,1.3034840480746057
6745,Caribbean,Eigenvector Centrality,-0.4999572604660936
6746,Caribbean,Eigenvector Centrality,0.4654941268476718
6747,Caribbean,Eigenvector Centrality,1.5173332774842647
6748,Caribbean,Eigenvector Centrality,-0.4409838524493613
6749,Caribbean,Eigenvector Centrality,-0.38390639260535275
6750,Caribbean,Eigenvector Centrality,2.4700678882792824
6751,Caribbean,Eigenvector Centrality,0.1622547389518679
6752,Caribbean,Eigenvector Centrality,0.7126832511707718
6753,Caribbean,Eigenvector Centrality,0.572572937521253
6754,Caribbean,Eigenvector Centrality,-0.3881725387718416
6755,Caribbean,Eigenvector Centrality,1.7270086753245228
6756,Caribbean,Eigenvector Centrality,-0.3596233886954958
6757,Caribbean,Eigenvector Centrality,0.420870684938548
6758,Caribbean,Eigenvector Centrality,0.005739847309994391
6759,Caribbean,Eigenvector Centrality,0.5526786328952236
6760,Caribbean,Eigenvector Centrality,1.0335827906576756
6761,Caribbean,Eigenvector Centrality,-0.24764950132646896
6762,Caribbean,Eigenvector Centrality,-0.3640422004419938
6763,Caribbean,Eigenvector Centrality,0.11272474891760476
6764,Caribbean,Eigenvector Centrality,-0.44275754396443123
6765,Caribbean,Eigenvector Centrality,2.2584658805203404
6766,Caribbean,Eigenvector Centrality,1.1746129806760606
6767,Caribbean,Eigenvector Centrality,0.7713614622874289
6768,Caribbean,Eigenvector Centrality,0.8932853412839395
6769,Caribbean,Eigenvector Centrality,-0.27464123499788623
6770,Caribbean,Eigenvector Centrality,0.0948523985295324
6771,Caribbean,Eigenvector Centrality,0.28421042890743803
6772,Caribbean,Eigenvector Centrality,-0.41959906893872084
6773,Caribbean,Eigenvector Centrality,-0.1174953446287147
6774,Caribbean,Eigenvector Centrality,2.1765363191079397
6775,Caribbean,Eigenvector Centrality,1.2219980370875487
6776,Caribbean,Eigenvector Centrality,1.4345107805247475
6777,Caribbean,Eigenvector Centrality,1.824183057975001
6778,Caribbean,Eigenvector Centrality,1.4312424669086725
6779,Caribbean,Eigenvector Centrality,1.2248188989317088
6780,Caribbean,Eigenvector Centrality,1.2040598395199154
6781,Caribbean,Eigenvector Centrality,0.7299819361904533
6782,Caribbean,Eigenvector Centrality,0.9484490006095425
6783,Caribbean,Eigenvector Centrality,0.1144615105596647
6784,Caribbean,Eigenvector Centrality,0.9433490672955142
6785,Caribbean,Eigenvector Centrality,0.7578537266080273
6786,Caribbean,Eigenvector Centrality,0.32922330768236713
6787,Caribbean,Eigenvector Centrality,0.8495589343715082
6788,Caribbean,Eigenvector Centrality,0.088869256383931
6789,Caribbean,Eigenvector Centrality,1.2467030733496725
6790,Caribbean,Eigenvector Centrality,-0.5000652837873326
6791,Caribbean,Eigenvector Centrality,0.4925506853834948
6792,Caribbean,Eigenvector Centrality,1.5787853443312956
6793,Caribbean,Eigenvector Centrality,-0.5015206449556167
6794,Caribbean,Eigenvector Centrality,-0.48843932099926063
6795,Caribbean,Eigenvector Centrality,1.7990015006200417
6796,Caribbean,Eigenvector Centrality,0.15531105368948547
6797,Caribbean,Eigenvector Centrality,0.14855421678060798
6798,Caribbean,Eigenvector Centrality,0.4731950875532613
6799,Caribbean,Eigenvector Centrality,0.07804076267296542
6800,Caribbean,Eigenvector Centrality,0.8230727852535356
6801,Caribbean,Eigenvector Centrality,-0.029335791287772448
6802,Caribbean,Eigenvector Centrality,-0.4398984140545208
6803,Caribbean,Eigenvector Centrality,-0.43913570715651107
6804,Caribbean,Eigenvector Centrality,1.0289013496076764
6805,Caribbean,Eigenvector Centrality,1.23313678174205
6806,Caribbean,Eigenvector Centrality,1.0760695620866445
6807,Caribbean,Eigenvector Centrality,-0.46944817136060996
6808,Caribbean,Eigenvector Centrality,-0.43952411592949414
6809,Caribbean,Eigenvector Centrality,-0.4149662984917929
6810,Caribbean,Eigenvector Centrality,0.35037234212346524
6811,Caribbean,Eigenvector Centrality,0.9298376417134949
6812,Caribbean,Eigenvector Centrality,0.9195785361227625
6813,Caribbean,Eigenvector Centrality,0.121906051411933
6814,Caribbean,Eigenvector Centrality,-0.4398130847196466
6815,Caribbean,Eigenvector Centrality,-0.4391393275454262
6816,Caribbean,Eigenvector Centrality,0.059808963377353766
6817,Caribbean,Eigenvector Centrality,0.792741877640581
6818,Caribbean,Eigenvector Centrality,0.16203061972570584
6819,Caribbean,Eigenvector Centrality,-0.4081455507921089
6820,Caribbean,Eigenvector Centrality,-0.321200045403449
6821,Caribbean,Eigenvector Centrality,-0.4072333145051648
6822,Caribbean,Eigenvector Centrality,-0.05181431628445121
6823,Caribbean,Eigenvector Centrality,-0.42955642161863045
6824,Caribbean,Eigenvector Centrality,1.0137203578552614
6825,Caribbean,Eigenvector Centrality,0.11060401461790816
6826,Caribbean,Eigenvector Centrality,-0.17461147098787932
6827,Caribbean,Eigenvector Centrality,-0.31964614451531087
6828,Caribbean,Eigenvector Centrality,-0.4282448837382432
6829,Caribbean,Eigenvector Centrality,0.4673093516754434
6830,Caribbean,Eigenvector Centrality,-0.06421025787530676
6831,Caribbean,Eigenvector Centrality,-0.33128355622132416
6832,Caribbean,Eigenvector Centrality,0.4420171400407979
6833,Caribbean,Eigenvector Centrality,-0.05726510680999127
6834,Caribbean,Eigenvector Centrality,0.8977388780852225
6835,Caribbean,Eigenvector Centrality,-0.4101452145126429
6836,Caribbean,Eigenvector Centrality,-0.41433550034025773
6837,Caribbean,Eigenvector Centrality,1.0041874437972296
6838,Caribbean,Eigenvector Centrality,-0.3495161214260506
6839,Caribbean,Eigenvector Centrality,0.013524974526410301
6840,Caribbean,Eigenvector Centrality,0.347444451477245
6841,Caribbean,Eigenvector Centrality,0.8339568508601254
6842,Caribbean,Eigenvector Centrality,-0.38783174499016554
6843,Caribbean,Eigenvector Centrality,0.16599249317791556
6844,Caribbean,Eigenvector Centrality,0.3571440560655469
6845,Caribbean,Eigenvector Centrality,-0.3631528124542156
6846,Caribbean,Eigenvector Centrality,0.47740454313806996
6847,Caribbean,Eigenvector Centrality,-0.3571471802690066
6848,Caribbean,Eigenvector Centrality,-0.4422317627401056
6849,Caribbean,Eigenvector Centrality,-0.40579151260470897
6850,Caribbean,Eigenvector Centrality,-0.45959927621271046
6851,Caribbean,Eigenvector Centrality,0.21195332260649113
6852,Caribbean,Eigenvector Centrality,0.274758810590324
6853,Caribbean,Eigenvector Centrality,-0.17259715545560822
6854,Caribbean,Eigenvector Centrality,0.8601824878725798
6855,Caribbean,Eigenvector Centrality,-0.19924513379727216
6856,Caribbean,Eigenvector Centrality,-0.15334709061062454
6857,Caribbean,Eigenvector Centrality,-0.14940490189808583
6858,Caribbean,Eigenvector Centrality,-0.1188733601241249
6859,Caribbean,Eigenvector Centrality,-0.45959927621271046
6860,Caribbean,Eigenvector Centrality,-0.23127344820874654
6861,Caribbean,Eigenvector Centrality,-0.20488466183712453
6862,Caribbean,Eigenvector Centrality,0.32668111031872304
6863,Caribbean,Eigenvector Centrality,0.44275956608781974
6864,Caribbean,Eigenvector Centrality,-0.228200157965443
6865,Caribbean,Eigenvector Centrality,-0.4617741150124993
6866,Caribbean,Eigenvector Centrality,-0.4655751524826031
6867,Caribbean,Eigenvector Centrality,0.2831052975031075
6868,Caribbean,Eigenvector Centrality,-0.46557598124660327
6869,Caribbean,Eigenvector Centrality,-0.4634069278406824
6870,Caribbean,Eigenvector Centrality,-0.3518542188898705
6871,Caribbean,Eigenvector Centrality,-0.24545700599651352
6872,Caribbean,Eigenvector Centrality,-0.3418845855624874
6873,Caribbean,Eigenvector Centrality,-0.25544340749639266
6874,Caribbean,Eigenvector Centrality,-0.2954237334359982
6875,Caribbean,Eigenvector Centrality,-0.41410842509860957
6876,Caribbean,Eigenvector Centrality,-0.41471514738842347
6877,Caribbean,Eigenvector Centrality,-0.42552280307008133
6878,Caribbean,Eigenvector Centrality,-0.08620973852601667
6879,Caribbean,Eigenvector Centrality,-0.3358163772954149
6880,Caribbean,Eigenvector Centrality,-0.46752926651682314
6881,Caribbean,Eigenvector Centrality,-0.4655751524826031
6882,Caribbean,Eigenvector Centrality,-0.22847382453117923
6883,Caribbean,Eigenvector Centrality,-0.3432967486540956
6884,Caribbean,Eigenvector Centrality,-0.4652590081949248
6885,Caribbean,Eigenvector Centrality,-0.22341962058939766
6886,Caribbean,Eigenvector Centrality,-0.29291518611147027
6887,Caribbean,Eigenvector Centrality,-0.32341434796326457
6888,Caribbean,Eigenvector Centrality,-0.4934383908011141
6889,Caribbean,Eigenvector Centrality,-0.46752843775282293
6890,Caribbean,Eigenvector Centrality,-0.2629739166619591
6891,Caribbean,Eigenvector Centrality,-0.48282500308636456
6892,Caribbean,Eigenvector Centrality,0.06334196703841541
6893,Caribbean,Eigenvector Centrality,-0.38846322341727335
6894,Caribbean,Eigenvector Centrality,0.15554536544911945
6895,Caribbean,Eigenvector Centrality,-0.17983785715210096
6896,Caribbean,Eigenvector Centrality,-0.5001376560568023
6897,Caribbean,Eigenvector Centrality,-0.49296033754766727
6898,Caribbean,Eigenvector Centrality,-0.01801270703407183
6899,Caribbean,Eigenvector Centrality,-0.2347172328278028
6900,Caribbean,Eigenvector Centrality,-0.07190327329294027
6901,Caribbean,Eigenvector Centrality,0.058451742479771154
6902,Caribbean,Eigenvector Centrality,-0.5034322596859957
6903,Caribbean,Eigenvector Centrality,-0.03429310727228863
6904,Caribbean,Eigenvector Centrality,-0.30186519984829696
6905,Caribbean,Eigenvector Centrality,-0.49960212373161955
6906,Caribbean,Eigenvector Centrality,-0.40965047201171906
6907,Caribbean,Eigenvector Centrality,-0.050295809702310026
6908,Caribbean,Eigenvector Centrality,-0.30123783192209835
6909,Caribbean,Eigenvector Centrality,-0.30598472537199206
6910,Caribbean,Eigenvector Centrality,-0.37468342553841383
6911,Caribbean,Eigenvector Centrality,-0.2674145356587495
6912,Caribbean,Eigenvector Centrality,-0.5032255249257025
6913,Caribbean,Eigenvector Centrality,-0.38874432779811696
6914,Caribbean,Eigenvector Centrality,-0.5032255249257025
6915,Caribbean,Eigenvector Centrality,-0.3944627150409956
6916,Caribbean,Eigenvector Centrality,-0.3477415119645357
6917,Caribbean,Eigenvector Centrality,-0.37637518930409647
6918,Caribbean,Eigenvector Centrality,-0.4021556130988206
6919,Caribbean,Eigenvector Centrality,-0.5032614106203317
6920,Caribbean,Eigenvector Centrality,-0.5032255249257025
6921,Caribbean,Eigenvector Centrality,-0.50337892982469
6922,Caribbean,Eigenvector Centrality,-0.3546976314338525
6923,Caribbean,Eigenvector Centrality,-0.5032600470529471
6924,Caribbean,Eigenvector Centrality,-0.5033741739376024
6925,Caribbean,Eigenvector Centrality,-0.32104374180595513
6926,Caribbean,Eigenvector Centrality,-0.33503551212415733
6927,Caribbean,Eigenvector Centrality,-0.503261660199639
6928,Caribbean,Eigenvector Centrality,-0.5032643882906113
6929,Caribbean,Eigenvector Centrality,-0.503276636951301
6930,Caribbean,Eigenvector Centrality,-0.5032617430049057
6931,Caribbean,Eigenvector Centrality,-0.5032579091541286
6932,Caribbean,Eigenvector Centrality,-0.5034909358169785
6933,Caribbean,Eigenvector Centrality,-0.503293290992679
6934,Caribbean,Eigenvector Centrality,-0.501743066584347
6935,Caribbean,Eigenvector Centrality,-0.5034732657180542
6936,Caribbean,Eigenvector Centrality,-0.49715042751028576
6937,Caribbean,Eigenvector Centrality,-0.4971607091262528
6938,Caribbean,Eigenvector Centrality,-0.5033854914292446
6939,Caribbean,Eigenvector Centrality,-0.5034877566516579
6940,Caribbean,Eigenvector Centrality,-0.48852924717763896
6941,Caribbean,Eigenvector Centrality,-0.5034907748352384
6942,Caribbean,Eigenvector Centrality,-0.5034871333374938
6943,Caribbean,Eigenvector Centrality,-0.48298133383608466
6944,Caribbean,Eigenvector Centrality,-0.503485073238314
6945,Caribbean,Eigenvector Centrality,-0.5032936638019646
6946,Caribbean,Eigenvector Centrality,-0.4694442715485746
6947,Caribbean,Eigenvector Centrality,-0.5033966380652984
6948,Caribbean,Eigenvector Centrality,-0.5032935809966979
6949,Caribbean,Eigenvector Centrality,-0.50347953837516
6950,Caribbean,Eigenvector Centrality,-0.5032778967995484
6951,Caribbean,Eigenvector Centrality,-0.5034871333374938
6952,Caribbean,Eigenvector Centrality,-0.4631903197914128
6953,Caribbean,Eigenvector Centrality,-0.5034000958075594
6954,Caribbean,Eigenvector Centrality,-0.4684922700194528
6955,Caribbean,Eigenvector Centrality,-0.5032807180477913
6956,Caribbean,Eigenvector Centrality,-0.503388316843011
6957,Caribbean,Eigenvector Centrality,-0.5033851563561323
6958,Caribbean,Eigenvector Centrality,-0.4864623992274371
6959,Caribbean,Eigenvector Centrality,-0.5032979160779206
6960,Caribbean,Eigenvector Centrality,-0.5032920916529355
6961,Caribbean,Eigenvector Centrality,-0.4253153118916111
6962,Caribbean,Eigenvector Centrality,-0.343957169483972
6963,Caribbean,Eigenvector Centrality,-0.34671073524406304
6964,Caribbean,Eigenvector Centrality,-0.34675552796109105
6965,Caribbean,Eigenvector Centrality,-0.3960179036474872
6966,Caribbean,Eigenvector Centrality,-0.3522335796371199
6967,Caribbean,Eigenvector Centrality,-0.3485855994482761
6968,Caribbean,Eigenvector Centrality,-0.34834484735315746
6969,Caribbean,Eigenvector Centrality,-0.3591944968890382
6970,Caribbean,Eigenvector Centrality,-0.4061237138707196
6971,Caribbean,Eigenvector Centrality,-0.3704164081753269
6972,Caribbean,Eigenvector Centrality,-0.4638145897572018
6973,Caribbean,Eigenvector Centrality,-0.35473849943516683
6974,Caribbean,Eigenvector Centrality,-0.33975203318984476
6975,Caribbean,Eigenvector Centrality,-0.4196106273084754
6976,Caribbean,Eigenvector Centrality,-0.4638145897572018
6977,Caribbean,Eigenvector Centrality,-0.4687912627321291
6978,Caribbean,Eigenvector Centrality,-0.38300935926627455
6979,Caribbean,Eigenvector Centrality,-0.35223979134228517
6980,Caribbean,Eigenvector Centrality,-0.4597663946209996
6981,Caribbean,Eigenvector Centrality,-0.4822253120418558
6982,Caribbean,Eigenvector Centrality,-0.49244762962135885
6983,Caribbean,Eigenvector Centrality,-0.4821549580951403
6984,Caribbean,Eigenvector Centrality,-0.49300851984302796
6985,Caribbean,Eigenvector Centrality,-0.26570653058038224
6986,Caribbean,Eigenvector Centrality,-0.49322541114263907
6987,Caribbean,Eigenvector Centrality,-0.4630429898754245
6988,GBR,Harmonic Centrality,-1.1568109378936584
6989,GBR,Harmonic Centrality,-1.1568109378936584
6990,GBR,Harmonic Centrality,-1.1162351910211241
6991,GBR,Harmonic Centrality,-1.1088780501046756
6992,GBR,Harmonic Centrality,-1.1151204727004502
6993,GBR,Harmonic Centrality,-1.1111074867460236
6994,GBR,Harmonic Centrality,-1.1189105149907417
6995,GBR,Harmonic Centrality,-1.1367460081215262
6996,GBR,Harmonic Centrality,-1.13228713483883
6997,GBR,Harmonic Centrality,-1.1162351910211241
6998,GBR,Harmonic Centrality,-1.0988455852186094
6999,GBR,Harmonic Centrality,-1.1568109378936584
7000,GBR,Harmonic Centrality,-1.1021897401806315
7001,GBR,Harmonic Centrality,-1.1434343180455702
7002,GBR,Harmonic Centrality,-1.1434343180455702
7003,GBR,Harmonic Centrality,-1.1122222050666977
7004,GBR,Harmonic Centrality,-0.5795385896832809
7005,GBR,Harmonic Centrality,-0.6230699191745444
7006,GBR,Harmonic Centrality,-1.1155663600287198
7007,GBR,Harmonic Centrality,-0.5467054989870845
7008,GBR,Harmonic Centrality,-0.5508140532093476
7009,GBR,Harmonic Centrality,-1.1568109378936584
7010,GBR,Harmonic Centrality,-1.1568109378936584
7011,GBR,Harmonic Centrality,-1.1568109378936584
7012,GBR,Harmonic Centrality,-1.1099927684253497
7013,GBR,Harmonic Centrality,-1.128942979876808
7014,GBR,Harmonic Centrality,-0.4868258281688076
7015,GBR,Harmonic Centrality,-0.4935141380928516
7016,GBR,Harmonic Centrality,-1.13228713483883
7017,GBR,Harmonic Centrality,-1.123369388273438
7018,GBR,Harmonic Centrality,-0.5288798265610082
7019,GBR,Harmonic Centrality,-1.1367460081215262
7020,GBR,Harmonic Centrality,-0.4671319886081892
7021,GBR,Harmonic Centrality,-1.1568109378936584
7022,GBR,Harmonic Centrality,-0.49978636817485667
7023,GBR,Harmonic Centrality,-1.1367460081215262
7024,GBR,Harmonic Centrality,-0.4215585709877971
7025,GBR,Harmonic Centrality,-0.5307907722535922
7026,GBR,Harmonic Centrality,-1.1568109378936584
7027,GBR,Harmonic Centrality,-1.1367460081215262
7028,GBR,Harmonic Centrality,-0.5615458223137493
7029,GBR,Harmonic Centrality,-0.4354924015155935
7030,GBR,Harmonic Centrality,-1.1434343180455702
7031,GBR,Harmonic Centrality,-1.1568109378936584
7032,GBR,Harmonic Centrality,-0.42449833895729755
7033,GBR,Harmonic Centrality,-1.1434343180455702
7034,GBR,Harmonic Centrality,-0.41759369275709984
7035,GBR,Harmonic Centrality,-0.48387696737736874
7036,GBR,Harmonic Centrality,-1.1568109378936584
7037,GBR,Harmonic Centrality,-1.1568109378936584
7038,GBR,Harmonic Centrality,-0.46789636688522296
7039,GBR,Harmonic Centrality,-0.4119653816552883
7040,GBR,Harmonic Centrality,-1.1434343180455702
7041,GBR,Harmonic Centrality,-0.41033209912528024
7042,GBR,Harmonic Centrality,-0.4153095366173104
7043,GBR,Harmonic Centrality,-0.401751473440835
7044,GBR,Harmonic Centrality,-1.1568109378936584
7045,GBR,Harmonic Centrality,-0.36718219893415827
7046,GBR,Harmonic Centrality,-0.4102896336654451
7047,GBR,Harmonic Centrality,-1.1568109378936584
7048,GBR,Harmonic Centrality,-0.4151280932889235
7049,GBR,Harmonic Centrality,-1.1568109378936584
7050,GBR,Harmonic Centrality,-0.3464803769173155
7051,GBR,Harmonic Centrality,-0.406391790051918
7052,GBR,Harmonic Centrality,-0.4842972011920274
7053,GBR,Harmonic Centrality,-0.3159051561831523
7054,GBR,Harmonic Centrality,-0.4088441703574009
7055,GBR,Harmonic Centrality,-0.3955279830269744
7056,GBR,Harmonic Centrality,-1.1568109378936584
7057,GBR,Harmonic Centrality,-1.1568109378936584
7058,GBR,Harmonic Centrality,-0.3344414190540355
7059,GBR,Harmonic Centrality,-0.3264796278969787
7060,GBR,Harmonic Centrality,-1.1568109378936584
7061,GBR,Harmonic Centrality,-0.3999979552366731
7062,GBR,Harmonic Centrality,-0.3556210671468429
7063,GBR,Harmonic Centrality,0.17972077365468966
7064,GBR,Harmonic Centrality,-0.3799861072893341
7065,GBR,Harmonic Centrality,-0.4238098896244004
7066,GBR,Harmonic Centrality,-0.36215061415854893
7067,GBR,Harmonic Centrality,-0.2994073250371762
7068,GBR,Harmonic Centrality,-0.3833302622513563
7069,GBR,Harmonic Centrality,0.2974713630157401
7070,GBR,Harmonic Centrality,-0.27601416485045843
7071,GBR,Harmonic Centrality,-0.3136916440892423
7072,GBR,Harmonic Centrality,-0.33175008088416175
7073,GBR,Harmonic Centrality,-0.3493467058033736
7074,GBR,Harmonic Centrality,-1.1434343180455702
7075,GBR,Harmonic Centrality,0.21342160163691848
7076,GBR,Harmonic Centrality,-0.3462254945054863
7077,GBR,Harmonic Centrality,-0.3427184361178447
7078,GBR,Harmonic Centrality,-1.1434343180455702
7079,GBR,Harmonic Centrality,-0.3451267007322504
7080,GBR,Harmonic Centrality,-0.28114882753928133
7081,GBR,Harmonic Centrality,0.2570867107124639
7082,GBR,Harmonic Centrality,-0.26403524722569466
7083,GBR,Harmonic Centrality,-0.2774118670737837
7084,GBR,Harmonic Centrality,-0.27548499683376115
7085,GBR,Harmonic Centrality,-1.1568109378936584
7086,GBR,Harmonic Centrality,-1.1568109378936584
7087,GBR,Harmonic Centrality,-1.1434343180455702
7088,GBR,Harmonic Centrality,-1.1568109378936584
7089,GBR,Harmonic Centrality,-0.23334864431228178
7090,GBR,Harmonic Centrality,-0.3157050954801769
7091,GBR,Harmonic Centrality,0.17698657711575447
7092,GBR,Harmonic Centrality,0.13809352408919154
7093,GBR,Harmonic Centrality,-0.21023626667531572
7094,GBR,Harmonic Centrality,-0.200315273621317
7095,GBR,Harmonic Centrality,-0.2526274119558054
7096,GBR,Harmonic Centrality,0.11513032668330728
7097,GBR,Harmonic Centrality,-0.21584170737356181
7098,GBR,Harmonic Centrality,-0.2370478963787657
7099,GBR,Harmonic Centrality,-0.4009067324570292
7100,GBR,Harmonic Centrality,-1.1568109378936584
7101,GBR,Harmonic Centrality,-0.24044513316558175
7102,GBR,Harmonic Centrality,-0.21393076168097783
7103,GBR,Harmonic Centrality,-0.09904761835465523
7104,GBR,Harmonic Centrality,0.16436820478273687
7105,GBR,Harmonic Centrality,-0.09637229438503774
7106,GBR,Harmonic Centrality,-0.1182366980176862
7107,GBR,Harmonic Centrality,0.22712371073513107
7108,GBR,Harmonic Centrality,-0.11935141633836016
7109,GBR,Harmonic Centrality,-0.0001957284261819879
7110,GBR,Harmonic Centrality,-0.1469805061436369
7111,GBR,Harmonic Centrality,-0.247372311301199
7112,GBR,Harmonic Centrality,-0.31728107455490034
7113,GBR,Harmonic Centrality,-0.23523780615328999
7114,GBR,Harmonic Centrality,0.08730980229133065
7115,GBR,Harmonic Centrality,0.1318927443737673
7116,GBR,Harmonic Centrality,-0.35072262417512157
7117,GBR,Harmonic Centrality,-1.1434343180455702
7118,GBR,Harmonic Centrality,-0.2210137271838288
7119,GBR,Harmonic Centrality,0.0873040115468075
7120,GBR,Harmonic Centrality,-0.08482359913321133
7121,GBR,Harmonic Centrality,-1.1434343180455702
7122,GBR,Harmonic Centrality,-0.10807683675211456
7123,GBR,Harmonic Centrality,0.0879648814172216
7124,GBR,Harmonic Centrality,-0.13516449194449237
7125,GBR,Harmonic Centrality,-0.19782758611380993
7126,GBR,Harmonic Centrality,-0.05673269745222725
7127,GBR,Harmonic Centrality,-1.1568109378936584
7128,GBR,Harmonic Centrality,0.09399232147085163
7129,GBR,Harmonic Centrality,-0.07902706386570657
7130,GBR,Harmonic Centrality,0.19272620570657448
7131,GBR,Harmonic Centrality,-0.07791234554503261
7132,GBR,Harmonic Centrality,0.08061570162276338
7133,GBR,Harmonic Centrality,-0.2524487838268361
7134,GBR,Harmonic Centrality,0.15266283577639156
7135,GBR,Harmonic Centrality,-0.05584092279568789
7136,GBR,Harmonic Centrality,-1.1434343180455702
7137,GBR,Harmonic Centrality,-0.013740860012170408
7138,GBR,Harmonic Centrality,0.15185633611674756
7139,GBR,Harmonic Centrality,-1.1568109378936584
7140,GBR,Harmonic Centrality,-1.1434343180455702
7141,GBR,Harmonic Centrality,0.03602696879580303
7142,GBR,Harmonic Centrality,-0.09374134569860318
7143,GBR,Harmonic Centrality,0.0850745749054596
7144,GBR,Harmonic Centrality,0.11829318086154464
7145,GBR,Harmonic Centrality,-1.1568109378936584
7146,GBR,Harmonic Centrality,0.0852975185695942
7147,GBR,Harmonic Centrality,-0.11157683882938572
7148,GBR,Harmonic Centrality,0.07169795505737135
7149,GBR,Harmonic Centrality,-1.123369388273438
7150,GBR,Harmonic Centrality,0.01596203902367105
7151,GBR,Harmonic Centrality,0.0971135327687389
7152,GBR,Harmonic Centrality,-0.1318647122656525
7153,GBR,Harmonic Centrality,0.09941114914304931
7154,GBR,Harmonic Centrality,0.1317914063446154
7155,GBR,Harmonic Centrality,0.04003995475022965
7156,GBR,Harmonic Centrality,-0.10488852890534217
7157,GBR,Harmonic Centrality,-0.09151190905725508
7158,GBR,Harmonic Centrality,-0.07144697928512367
7159,GBR,Harmonic Centrality,0.22926773389476507
7160,GBR,Harmonic Centrality,-0.07982859942009611
7161,GBR,Harmonic Centrality,0.00922233739371462
7162,GBR,Harmonic Centrality,0.12560737375611436
7163,GBR,Harmonic Centrality,-0.1363235855483487
7164,GBR,Harmonic Centrality,0.09376937780671683
7165,GBR,Harmonic Centrality,0.3503686089798008
7166,GBR,Harmonic Centrality,-0.09820021898129881
7167,GBR,Harmonic Centrality,0.11891906383207042
7168,GBR,Harmonic Centrality,-0.16312766316455665
7169,GBR,Harmonic Centrality,0.09885413405993844
7170,GBR,Harmonic Centrality,-0.15003510345468304
7171,GBR,Harmonic Centrality,-0.09599862839387735
7172,GBR,Harmonic Centrality,-1.1367460081215262
7173,GBR,Harmonic Centrality,-0.13355319685614644
7174,GBR,Harmonic Centrality,-1.1434343180455702
7175,GBR,Harmonic Centrality,-1.123369388273438
7176,GBR,Harmonic Centrality,0.20611623334395185
7177,GBR,Harmonic Centrality,-0.09931575988145841
7178,GBR,Harmonic Centrality,-0.11036705578612778
7179,GBR,Harmonic Centrality,-1.123369388273438
7180,GBR,Harmonic Centrality,0.09227946864888636
7181,GBR,Harmonic Centrality,-0.2251830428155472
7182,GBR,Harmonic Centrality,-1.1367460081215262
7183,GBR,Harmonic Centrality,-0.06289149426985942
7184,GBR,Harmonic Centrality,-0.024991071366943368
7185,GBR,Harmonic Centrality,-0.02807826088902977
7186,GBR,Harmonic Centrality,-1.1434343180455702
7187,GBR,Harmonic Centrality,-0.20734754968476315
7188,GBR,Harmonic Centrality,-0.1209842433244129
7189,GBR,Harmonic Centrality,-0.0451833975185808
7190,GBR,Harmonic Centrality,0.031192904675951066
7191,GBR,Harmonic Centrality,0.02509380300712091
7192,GBR,Harmonic Centrality,-1.1568109378936584
7193,GBR,Harmonic Centrality,-1.1434343180455702
7194,GBR,Harmonic Centrality,0.006669101621123071
7195,GBR,Harmonic Centrality,-0.06524832729071298
7196,GBR,Harmonic Centrality,0.15846467922637564
7197,GBR,Harmonic Centrality,0.04789244675614351
7198,GBR,Harmonic Centrality,-0.1209842433244129
7199,GBR,Harmonic Centrality,-1.1568109378936584
7200,GBR,Harmonic Centrality,0.14965030488624187
7201,GBR,Harmonic Centrality,0.1242428267816826
7202,GBR,Harmonic Centrality,-0.24366082602633826
7203,GBR,Harmonic Centrality,-0.1824583046183439
7204,GBR,Harmonic Centrality,-0.0981855995753903
7205,GBR,Harmonic Centrality,-0.1400990084327324
7206,GBR,Harmonic Centrality,0.11047340143011915
7207,GBR,Harmonic Centrality,0.17003651703146824
7208,GBR,Harmonic Centrality,0.1001568114483161
7209,GBR,Harmonic Centrality,-0.15169207896774192
7210,GBR,Harmonic Centrality,0.20205016556473163
7211,GBR,Harmonic Centrality,-0.18946510549115156
7212,GBR,Harmonic Centrality,0.090801277161462
7213,GBR,Harmonic Centrality,-0.04908804714249528
7214,GBR,Harmonic Centrality,-0.1628392621744817
7215,GBR,Harmonic Centrality,0.21906819859368876
7216,GBR,Harmonic Centrality,-0.18691717790103954
7217,GBR,Harmonic Centrality,-0.004799089292533269
7218,GBR,Harmonic Centrality,-0.1628392621744817
7219,GBR,Harmonic Centrality,-0.05703439631415698
7220,GBR,Harmonic Centrality,-0.200293797749127
7221,GBR,Harmonic Centrality,0.15658530721548963
7222,GBR,Harmonic Centrality,-0.07041101616224446
7223,GBR,Harmonic Centrality,-0.16952757209852581
7224,GBR,Harmonic Centrality,0.17466525215350565
7225,GBR,Harmonic Centrality,-0.054804959672809066
7226,GBR,Harmonic Centrality,-0.13586090613324492
7227,GBR,Harmonic Centrality,-0.04477249478674288
7228,GBR,Harmonic Centrality,0.04855876099039523
7229,GBR,Harmonic Centrality,-0.03601120227140558
7230,GBR,Harmonic Centrality,-0.15838038889178585
7231,GBR,Harmonic Centrality,-0.052575523031460965
7232,GBR,Harmonic Centrality,-0.01706099081994736
7233,GBR,Harmonic Centrality,-1.0966161485772614
7234,GBR,Harmonic Centrality,-0.06595214287954863
7235,GBR,Harmonic Centrality,-0.06595214287954863
7236,GBR,Harmonic Centrality,-0.12917259620920118
7237,GBR,Harmonic Centrality,-0.018465142418836178
7238,GBR,Harmonic Centrality,-1.123369388273438
7239,GBR,Harmonic Centrality,0.1530182085893328
7240,GBR,Harmonic Centrality,-0.06595214287954863
7241,GBR,Harmonic Centrality,0.20117404004245112
7242,GBR,Harmonic Centrality,-1.1099927684253497
7243,GBR,Harmonic Centrality,0.16974456699510132
7244,GBR,Harmonic Centrality,0.13818211397258762
7245,GBR,Harmonic Centrality,-0.004130258300129085
7246,GBR,Harmonic Centrality,-0.11945862227189893
7247,GBR,Harmonic Centrality,-0.12391749555459494
7248,GBR,Harmonic Centrality,-0.02174280776677817
7249,GBR,Harmonic Centrality,-0.4281285396456932
7250,GBR,Harmonic Centrality,0.14219509992701404
7251,GBR,Harmonic Centrality,0.10919943763506285
7252,GBR,Harmonic Centrality,-1.1568109378936584
7253,GBR,Harmonic Centrality,-0.02501264817408876
7254,GBR,Harmonic Centrality,-0.3567839854068786
7255,GBR,Harmonic Centrality,0.08266914160302097
7256,GBR,Harmonic Centrality,0.05279469060895645
7257,GBR,Harmonic Centrality,-0.28321257624239227
7258,GBR,Harmonic Centrality,-0.10397996216196938
7259,GBR,Harmonic Centrality,-1.1367460081215262
7260,GBR,Harmonic Centrality,-0.2189732918941354
7261,GBR,Harmonic Centrality,0.021359633965949736
7262,GBR,Harmonic Centrality,-1.1434343180455702
7263,GBR,Harmonic Centrality,-0.33894849227609397
7264,GBR,Harmonic Centrality,-0.03950398634285115
7265,GBR,Harmonic Centrality,-0.21228498197009146
7266,GBR,Harmonic Centrality,0.07999381763340328
7267,GBR,Harmonic Centrality,-0.1463392583475803
7268,GBR,Harmonic Centrality,-0.22652466288139675
7269,GBR,Harmonic Centrality,-0.2189732918941354
7270,GBR,Harmonic Centrality,-0.18137857089410045
7271,GBR,Harmonic Centrality,-0.20590237394892807
7272,GBR,Harmonic Centrality,-0.38095778843550904
7273,GBR,Harmonic Centrality,-0.38095778843550904
7274,GBR,Harmonic Centrality,-0.41389288803926144
7275,GBR,Harmonic Centrality,-1.1568109378936584
7276,GBR,Harmonic Centrality,-1.1568109378936584
7277,GBR,Harmonic Centrality,0.009097732438535453
7278,GBR,Harmonic Centrality,0.2725903271203008
7279,GBR,Harmonic Centrality,-0.4002795726605258
7280,GBR,Harmonic Centrality,-0.23377033196577776
7281,GBR,Harmonic Centrality,-0.2685336190233674
7282,GBR,Harmonic Centrality,-0.14763166344822837
7283,GBR,Harmonic Centrality,-0.2532779025775725
7284,GBR,Harmonic Centrality,-0.07257396318951326
7285,GBR,Harmonic Centrality,-0.08505880838106214
7286,GBR,Harmonic Centrality,-0.0969119798575621
7287,GBR,Harmonic Centrality,0.08992515163918303
7288,GBR,Harmonic Centrality,-0.1606051368410607
7289,GBR,Harmonic Centrality,-0.1606051368410607
7290,GBR,Harmonic Centrality,-0.25160582509656165
7291,GBR,Harmonic Centrality,-0.22551331678598371
7292,GBR,Harmonic Centrality,-0.1273544063769206
7293,GBR,Harmonic Centrality,-0.9913867391056339
7294,GBR,Harmonic Centrality,-0.22551331678598371
7295,GBR,Harmonic Centrality,-0.008111670572857915
7296,GBR,Harmonic Centrality,-0.21882500686193979
7297,GBR,Harmonic Centrality,-0.19028821785268593
7298,GBR,Harmonic Centrality,-0.03709434691038212
7299,GBR,Harmonic Centrality,-0.20538468882409966
7300,GBR,Harmonic Centrality,-0.4202627070145416
7301,GBR,Harmonic Centrality,0.018434550006621742
7302,GBR,Harmonic Centrality,-0.14499908035162512
7303,GBR,Harmonic Centrality,-0.2721722407799081
7304,GBR,Harmonic Centrality,-0.20615437528361252
7305,GBR,Harmonic Centrality,-1.0391922305151111
7306,GBR,Harmonic Centrality,-1.0136811055191142
7307,GBR,Harmonic Centrality,-0.25143848001537217
7308,GBR,Harmonic Centrality,-1.047122655139335
7309,GBR,Harmonic Centrality,-0.14499908035162512
7310,GBR,Harmonic Centrality,-0.1378648830993116
7311,GBR,Harmonic Centrality,-1.0114516688777664
7312,GBR,Harmonic Centrality,-0.17175232004780083
7313,GBR,Harmonic Centrality,-0.4367605381605174
7314,GBR,Harmonic Centrality,-0.08881727698965598
7315,GBR,Harmonic Centrality,-0.30561379040012776
7316,GBR,Harmonic Centrality,-0.1688381278666102
7317,GBR,Harmonic Centrality,-1.0726337801353316
7318,GBR,Harmonic Centrality,-1.059384556666749
7319,GBR,Harmonic Centrality,-0.1077674884411142
7320,GBR,Harmonic Centrality,-0.24596574387911083
7321,GBR,Harmonic Centrality,-1.0783347681182074
7322,GBR,Harmonic Centrality,-1.1434343180455702
7323,GBR,Harmonic Centrality,0.07623211687044157
7324,GBR,Harmonic Centrality,0.061071947709275
7325,GBR,Harmonic Centrality,-1.0850230780422516
7326,GBR,Harmonic Centrality,-0.19360079913301037
7327,GBR,Harmonic Centrality,-0.2248129121118823
7328,GBR,Harmonic Centrality,-0.20697741898109842
7329,GBR,Harmonic Centrality,-1.1568109378936584
7330,GBR,Harmonic Centrality,-0.02686340324446706
7331,GBR,Harmonic Centrality,-0.3527504508172009
7332,GBR,Harmonic Centrality,-0.22704234875323023
7333,GBR,Harmonic Centrality,-0.22704234875323023
7334,GBR,Harmonic Centrality,-0.015174785424828006
7335,GBR,Harmonic Centrality,0.06998969427466722
7336,GBR,Harmonic Centrality,-0.35064841055535856
7337,GBR,Harmonic Centrality,-1.0683023032321413
7338,GBR,Harmonic Centrality,-0.22035403882918647
7339,GBR,Harmonic Centrality,-0.2050186996461996
7340,GBR,Harmonic Centrality,-1.110661599417754
7341,GBR,Harmonic Centrality,-0.015174785424828006
7342,GBR,Harmonic Centrality,-0.1907025314992581
7343,GBR,Harmonic Centrality,-1.0950555429283177
7344,GBR,Harmonic Centrality,-0.061992954893136464
7345,GBR,Harmonic Centrality,0.04167584892954682
7346,GBR,Harmonic Centrality,-0.11381143225703928
7347,GBR,Harmonic Centrality,-0.02195864263350146
7348,GBR,Harmonic Centrality,-0.10712312233299535
7349,GBR,Harmonic Centrality,-0.24416123724929506
7350,GBR,Harmonic Centrality,-0.19578246213204345
7351,GBR,Harmonic Centrality,-0.06422239153448438
7352,GBR,Harmonic Centrality,-0.3075494763901785
7353,GBR,Harmonic Centrality,-0.10043481240895143
7354,GBR,Harmonic Centrality,-1.1568109378936584
7355,GBR,Harmonic Centrality,-0.27856680005265466
7356,GBR,Harmonic Centrality,-1.1262676559071902
7357,GBR,Harmonic Centrality,-0.12495861546377866
7358,GBR,Harmonic Centrality,-0.26868504030412266
7359,GBR,Harmonic Centrality,-0.28302567333535045
7360,GBR,Harmonic Centrality,-0.10712312233299535
7361,GBR,Harmonic Centrality,-1.1568109378936584
7362,GBR,Harmonic Centrality,-1.1568109378936584
7363,GBR,Harmonic Centrality,-0.12441718085087974
7364,GBR,Harmonic Centrality,-0.29320884335895087
7365,GBR,Harmonic Centrality,-1.0928261062869697
7366,GBR,Harmonic Centrality,-0.1338763620291707
7367,GBR,Harmonic Centrality,-0.17346478696053594
7368,GBR,Harmonic Centrality,-0.17645896566795102
7369,GBR,Harmonic Centrality,-0.04403042917187965
7370,GBR,Harmonic Centrality,-0.4574490420408895
7371,GBR,Harmonic Centrality,-0.1650884750080428
7372,GBR,Harmonic Centrality,-0.08638972535749115
7373,GBR,Harmonic Centrality,-0.24703619612501915
7374,GBR,Harmonic Centrality,-0.09530747192288355
7375,GBR,Harmonic Centrality,-0.33721753660952647
7376,GBR,Harmonic Centrality,-0.3439058465335706
7377,GBR,Harmonic Centrality,0.10155178350814954
7378,GBR,Harmonic Centrality,-0.34725000149559243
7379,GBR,Harmonic Centrality,-0.3606266213436804
7380,GBR,Harmonic Centrality,0.07680503678918599
7381,GBR,Harmonic Centrality,-0.19228796582152197
7382,GBR,Harmonic Centrality,-1.128942979876808
7383,GBR,Harmonic Centrality,-0.17236599318730034
7384,GBR,Harmonic Centrality,-1.1568109378936584
7385,GBR,Harmonic Centrality,-1.1434343180455702
7386,GBR,Harmonic Centrality,-0.1945174024628699
7387,GBR,Harmonic Centrality,-0.33494032632586357
7388,GBR,Harmonic Centrality,-0.07935107538980696
7389,GBR,Harmonic Centrality,-1.1568109378936584
7390,GBR,Harmonic Centrality,-0.2134676139143277
7391,GBR,Harmonic Centrality,-1.1568109378936584
7392,GBR,Harmonic Centrality,-1.13228713483883
7393,GBR,Harmonic Centrality,-0.20580754280751998
7394,GBR,Harmonic Centrality,-0.1771277966603552
7395,GBR,Harmonic Centrality,-0.3775225661756107
7396,GBR,Harmonic Centrality,-0.3483169461739518
7397,GBR,Harmonic Centrality,-1.13228713483883
7398,GBR,Harmonic Centrality,-0.2080369794488679
7399,GBR,Harmonic Centrality,-1.1367460081215262
7400,GBR,Harmonic Centrality,-0.5189495883371379
7401,GBR,Harmonic Centrality,-1.1568109378936584
7402,GBR,Harmonic Centrality,-1.1568109378936584
7403,GBR,Harmonic Centrality,-0.22649389371877532
7404,GBR,Harmonic Centrality,-0.1676176418638454
7405,GBR,Harmonic Centrality,-0.13508699142350708
7406,GBR,Harmonic Centrality,-0.28864703858103513
7407,GBR,Harmonic Centrality,-0.20187454337931818
7408,GBR,Harmonic Centrality,-0.22622281262329202
7409,GBR,Harmonic Centrality,-0.20774750140810935
7410,GBR,Harmonic Centrality,-0.2730409820915993
7411,GBR,Harmonic Centrality,-0.29324639660380497
7412,GBR,Harmonic Centrality,-0.5702135538751181
7413,GBR,Harmonic Centrality,-0.4609977157379982
7414,GBR,Harmonic Centrality,-0.27304098209159955
7415,GBR,Harmonic Centrality,-0.23808696425378428
7416,GBR,Harmonic Centrality,-1.0932719936152393
7417,GBR,Harmonic Centrality,-0.17397153629168685
7418,GBR,Harmonic Centrality,-0.5110988423601874
7419,GBR,Harmonic Centrality,-1.1568109378936584
7420,GBR,Harmonic Centrality,-0.1121237940176228
7421,GBR,Harmonic Centrality,-0.029058154604065647
7422,GBR,Harmonic Centrality,-0.4620512362505293
7423,GBR,Harmonic Centrality,-0.32312404757377233
7424,GBR,Harmonic Centrality,-0.4932633492294026
7425,GBR,Harmonic Centrality,-0.17521685096777123
7426,GBR,Harmonic Centrality,-0.5295549845193334
7427,GBR,Harmonic Centrality,-0.5822932805886945
7428,GBR,Harmonic Centrality,-0.4053335818713193
7429,GBR,Harmonic Centrality,-0.3685090077726438
7430,GBR,Harmonic Centrality,-0.5429316043674219
7431,GBR,Harmonic Centrality,-0.33060858486972694
7432,GBR,Harmonic Centrality,-1.1434343180455702
7433,GBR,Harmonic Centrality,-0.5696848440635992
7434,GBR,Harmonic Centrality,-0.6014840732378046
7435,GBR,Harmonic Centrality,-0.5629965341395549
7436,GBR,Harmonic Centrality,-0.42512378536002426
7437,GBR,Harmonic Centrality,-0.5830614639116879
7438,GBR,Harmonic Centrality,-1.0921572752945654
7439,GBR,Harmonic Centrality,-0.5696848440635992
7440,GBR,Harmonic Centrality,-1.1033044585013054
7441,GBR,Harmonic Centrality,-0.3446540357102197
7442,GBR,Harmonic Centrality,-0.47289646255053835
7443,GBR,Harmonic Centrality,-0.34600442226656236
7444,GBR,Harmonic Centrality,-0.670545439212744
7445,GBR,Harmonic Centrality,-1.1434343180455702
7446,GBR,Harmonic Centrality,-0.5242507179292103
7447,GBR,Harmonic Centrality,-1.1166810783493937
7448,GBR,Harmonic Centrality,-0.6638571292886998
7449,GBR,Harmonic Centrality,-1.1568109378936584
7450,GBR,Harmonic Centrality,-1.1568109378936584
7451,GBR,Harmonic Centrality,-1.1434343180455702
7452,GBR,Harmonic Centrality,-1.1568109378936584
7453,GBR,Harmonic Centrality,-0.42099595233991766
7454,GBR,Harmonic Centrality,-0.4648999296270365
7455,GBR,Harmonic Centrality,-0.34352019286620383
7456,GBR,Harmonic Centrality,-0.15022803606133092
7457,GBR,Harmonic Centrality,-0.6772337491367884
7458,GBR,Harmonic Centrality,-1.1434343180455702
7459,GBR,Harmonic Centrality,-0.49953103180484454
7460,GBR,Harmonic Centrality,-1.1434343180455702
7461,GBR,Harmonic Centrality,-0.43485067240018577
7462,GBR,Harmonic Centrality,-0.37027343256238004
7463,GBR,Harmonic Centrality,-0.6212123706473808
7464,GBR,Harmonic Centrality,-0.3560109750993666
7465,GBR,Harmonic Centrality,-1.1568109378936584
7466,GBR,Harmonic Centrality,-0.36235893248559464
7467,GBR,Harmonic Centrality,-0.37317763723774683
7468,GBR,Harmonic Centrality,-0.42466957840469627
7469,GBR,Harmonic Centrality,-0.3916819613609357
7470,GBR,Harmonic Centrality,-0.7228788102771508
7471,GBR,Harmonic Centrality,-0.4300414590738492
7472,GBR,Harmonic Centrality,-1.1568109378936584
7473,GBR,Harmonic Centrality,-0.39145308065518675
7474,GBR,Harmonic Centrality,-0.3210088198302026
7475,GBR,Harmonic Centrality,-0.7117316270704103
7476,GBR,Harmonic Centrality,-0.6101723162143158
7477,GBR,Harmonic Centrality,-0.4286294825343289
7478,GBR,Harmonic Centrality,-0.41575394004588023
7479,GBR,Harmonic Centrality,-0.5058157639672871
7480,GBR,Harmonic Centrality,-0.4159768837100151
7481,GBR,Harmonic Centrality,-0.6810462840013419
7482,GBR,Harmonic Centrality,-1.1568109378936584
7483,GBR,Harmonic Centrality,-0.37551260866954816
7484,GBR,Harmonic Centrality,-0.3687128269134366
7485,GBR,Harmonic Centrality,-0.5191923838153754
7486,GBR,Harmonic Centrality,-0.580724835116582
7487,GBR,Harmonic Centrality,-0.24453914303196694
7488,GBR,Harmonic Centrality,-0.4111835949311168
7489,GBR,Harmonic Centrality,-0.6506568588606141
7490,GBR,Harmonic Centrality,-1.1568109378936584
7491,GBR,Harmonic Centrality,-0.3544822185452995
7492,GBR,Harmonic Centrality,-1.1568109378936584
7493,GBR,Harmonic Centrality,-0.5120581865630618
7494,GBR,Harmonic Centrality,-0.6640334787087027
7495,GBR,Harmonic Centrality,-0.3314234738547855
7496,GBR,Harmonic Centrality,-0.4654863016953796
7497,GBR,Harmonic Centrality,-0.32473516393074137
7498,GBR,Harmonic Centrality,-1.1568109378936584
7499,GBR,Harmonic Centrality,-0.3169321356860232
7500,GBR,Harmonic Centrality,-1.1568109378936584
7501,GBR,Harmonic Centrality,-0.43472007604477647
7502,GBR,Harmonic Centrality,-1.1568109378936584
7503,GBR,Harmonic Centrality,-0.4620613437935226
7504,GBR,Harmonic Centrality,-0.3661549118175008
7505,GBR,Harmonic Centrality,-0.538232990262151
7506,GBR,Harmonic Centrality,-1.1568109378936584
7507,GBR,Harmonic Centrality,-1.1568109378936584
7508,GBR,Harmonic Centrality,-0.7362554301252391
7509,GBR,Harmonic Centrality,-1.1568109378936584
7510,GBR,Harmonic Centrality,-1.1568109378936584
7511,GBR,Harmonic Centrality,-1.1568109378936584
7512,GBR,Harmonic Centrality,-1.1434343180455702
7513,GBR,Harmonic Centrality,-1.1568109378936584
7514,GBR,Harmonic Centrality,-1.1568109378936584
7515,GBR,Harmonic Centrality,-1.1568109378936584
7516,GBR,Harmonic Centrality,-1.1568109378936584
7517,GBR,Harmonic Centrality,-1.1133369233873716
7518,GBR,Harmonic Centrality,-0.3503736853062437
7519,GBR,Harmonic Centrality,-0.6330609432466977
7520,GBR,Harmonic Centrality,-0.46706876893337584
7521,GBR,Harmonic Centrality,-0.6263726333226534
7522,GBR,Harmonic Centrality,-0.6850039216178464
7523,GBR,Harmonic Centrality,-0.4402665120696187
7524,GBR,Harmonic Centrality,-0.47206907682897076
7525,GBR,Harmonic Centrality,-0.2713874496342655
7526,GBR,Harmonic Centrality,-0.29107694395295247
7527,GBR,Harmonic Centrality,-0.40626836643582137
7528,GBR,Harmonic Centrality,-0.39976521185588426
7529,GBR,Harmonic Centrality,-0.45294945880598037
7530,GBR,Harmonic Centrality,-0.3637503051543322
7531,GBR,Harmonic Centrality,-0.455007949481044
7532,GBR,Harmonic Centrality,-0.4067834621136507
7533,GBR,Harmonic Centrality,-0.5879054770980902
7534,GBR,Harmonic Centrality,-0.6012820969461788
7535,GBR,Harmonic Centrality,-0.630225130277432
7536,GBR,Harmonic Centrality,-0.5444830238117692
7537,GBR,Harmonic Centrality,-0.5578596436598574
7538,GBR,Harmonic Centrality,-0.5396457389124344
7539,GBR,Harmonic Centrality,-0.5463340488364785
7540,GBR,Harmonic Centrality,-0.5032488603344618
7541,GBR,Harmonic Centrality,-0.5648383729596674
7542,GBR,Harmonic Centrality,-0.39987220852547184
7543,GBR,Harmonic Centrality,-0.5653919545981261
7544,GBR,Harmonic Centrality,-0.6436017501255206
7545,GBR,Harmonic Centrality,-0.40797904669678153
7546,GBR,Harmonic Centrality,-0.5452193305158045
7547,GBR,Harmonic Centrality,-0.6078700339651582
7548,GBR,Harmonic Centrality,-0.5309797412531627
7549,GBR,Harmonic Centrality,-0.4995970327659618
7550,GBR,Harmonic Centrality,-1.1568109378936584
7551,GBR,Harmonic Centrality,-0.6556755253746362
7552,GBR,Harmonic Centrality,-0.4799089839498662
7553,GBR,Harmonic Centrality,-0.5429898938744565
7554,GBR,Harmonic Centrality,-0.42670631448410523
7555,GBR,Harmonic Centrality,-0.5715266828837116
7556,GBR,Harmonic Centrality,-0.4364084285311835
7557,GBR,Harmonic Centrality,-0.5451622691918053
7558,GBR,Harmonic Centrality,-0.6222339757544151
7559,GBR,Harmonic Centrality,-0.4501153992182598
7560,GBR,Harmonic Centrality,-0.5470840332266751
7561,GBR,Harmonic Centrality,-0.5931216978931859
7562,GBR,Harmonic Centrality,-0.6117808949545924
7563,GBR,Harmonic Centrality,-0.43005046944612735
7564,GBR,Harmonic Centrality,-0.42057942837761214
7565,GBR,Harmonic Centrality,-0.5841070753598901
7566,GBR,Harmonic Centrality,-0.5491023860941127
7567,GBR,Harmonic Centrality,-0.5127339513824776
7568,GBR,Harmonic Centrality,-1.1568109378936584
7569,GBR,Harmonic Centrality,-0.38022662516921235
7570,GBR,Harmonic Centrality,-0.6974750283289244
7571,GBR,Harmonic Centrality,-0.552296466444119
7572,GBR,Harmonic Centrality,-0.577418765435846
7573,GBR,Harmonic Centrality,-0.39613166596480515
7574,GBR,Harmonic Centrality,-0.46393790639461757
7575,GBR,Harmonic Centrality,-0.4664631557522188
7576,GBR,Harmonic Centrality,-0.5730567681210531
7577,GBR,Harmonic Centrality,-0.5998100078172302
7578,GBR,Harmonic Centrality,-0.4017052575681753
7579,GBR,Harmonic Centrality,-0.5192279351000488
7580,GBR,Harmonic Centrality,-0.44323647728700105
7581,GBR,Harmonic Centrality,-0.5878945836535686
7582,GBR,Harmonic Centrality,-0.5493576614151673
7583,GBR,Harmonic Centrality,-1.1099927684253497
7584,GBR,Harmonic Centrality,-1.1568109378936584
7585,GBR,Harmonic Centrality,-1.110661599417754
7586,GBR,Harmonic Centrality,-1.1434343180455702
7587,GBR,Harmonic Centrality,-0.5389498189394307
7588,GBR,Harmonic Centrality,-0.7869683719828359
7589,GBR,Harmonic Centrality,-0.4974345237680427
7590,GBR,Harmonic Centrality,-0.410324019827411
7591,GBR,Harmonic Centrality,-0.5296944274241604
7592,GBR,Harmonic Centrality,-0.45354647102836276
7593,GBR,Harmonic Centrality,-0.4691811471589996
7594,GBR,Harmonic Centrality,-0.5434213873158892
7595,GBR,Harmonic Centrality,-0.42526124532444304
7596,GBR,Harmonic Centrality,-0.43416098861359326
7597,GBR,Harmonic Centrality,-0.4749776824265044
7598,GBR,Harmonic Centrality,-0.49195117126682286
7599,GBR,Harmonic Centrality,-0.37788363796699287
7600,GBR,Harmonic Centrality,-0.5048521334205679
7601,GBR,Harmonic Centrality,-0.44084929853763755
7602,GBR,Harmonic Centrality,-0.590283748331342
7603,GBR,Harmonic Centrality,-0.38568666621171116
7604,GBR,Harmonic Centrality,-0.5144387109783646
7605,GBR,Harmonic Centrality,-0.4870166402897836
7606,GBR,Harmonic Centrality,-0.5434655788630331
7607,GBR,Harmonic Centrality,-0.5470645265840667
7608,GBR,Harmonic Centrality,-0.36896589140160074
7609,GBR,Harmonic Centrality,-0.4527819071505431
7610,GBR,Harmonic Centrality,-0.6153166543421498
7611,GBR,Harmonic Centrality,-0.6276652871168596
7612,GBR,Harmonic Centrality,-0.654309117333232
7613,GBR,Harmonic Centrality,-0.6036603681794305
7614,GBR,Harmonic Centrality,-0.6079595134257011
7615,GBR,Harmonic Centrality,-0.6103486781034747
7616,GBR,Harmonic Centrality,-0.4959343868551757
7617,GBR,Harmonic Centrality,-0.5251776466962351
7618,GBR,Harmonic Centrality,-0.6007846510411773
7619,GBR,Harmonic Centrality,-0.49313745725057573
7620,GBR,Harmonic Centrality,-0.57451796380548
7621,GBR,Harmonic Centrality,-0.43371510128532403
7622,GBR,Harmonic Centrality,-0.5823209920501984
7623,GBR,Harmonic Centrality,-0.4918417781635582
7624,GBR,Harmonic Centrality,-0.42011553777310073
7625,GBR,Harmonic Centrality,-0.509008440301938
7626,GBR,Harmonic Centrality,-0.4717768483914259
7627,GBR,Harmonic Centrality,-0.39336229807692413
7628,GBR,Harmonic Centrality,-0.4718384678523758
7629,GBR,Harmonic Centrality,-1.1155663600287198
7630,GBR,Harmonic Centrality,-0.44976704510303006
7631,GBR,Harmonic Centrality,-1.1021897401806315
7632,GBR,Harmonic Centrality,-1.1055338951426537
7633,GBR,Harmonic Centrality,-1.0453391058262564
7634,GBR,Harmonic Centrality,-1.1055338951426537
7635,GBR,Harmonic Centrality,-1.1568109378936584
7636,GBR,Harmonic Centrality,-0.5390135171291843
7637,GBR,Harmonic Centrality,-1.128942979876808
7638,GBR,Harmonic Centrality,-1.0899278386532172
7639,GBR,Harmonic Centrality,-1.0787806554464772
7640,GBR,Harmonic Centrality,-1.1189105149907417
7641,GBR,Harmonic Centrality,-1.072092345522433
7642,GBR,Harmonic Centrality,-1.0966161485772614
7643,GBR,Harmonic Centrality,-1.1568109378936584
7644,GBR,Harmonic Centrality,-1.13228713483883
7645,GBR,Harmonic Centrality,-1.0631745989570407
7646,GBR,Harmonic Centrality,-1.1367460081215262
7647,GBR,Harmonic Centrality,-1.0683023032321413
7648,GBR,Harmonic Centrality,-1.1568109378936584
7649,GBR,Harmonic Centrality,-1.1434343180455702
7650,GBR,Harmonic Centrality,-1.075436500484455
7651,GBR,Harmonic Centrality,-1.082124810408499
7652,GBR,Harmonic Centrality,-1.1055338951426537
7653,GBR,Harmonic Centrality,-1.1568109378936584
7654,GBR,Harmonic Centrality,-1.1568109378936584
7655,GBR,Harmonic Centrality,-1.1434343180455702
7656,GBR,Harmonic Centrality,-1.1189105149907417
7657,GBR,Harmonic Centrality,-1.1568109378936584
7658,GBR,Harmonic Centrality,-1.123369388273438
7659,GBR,Harmonic Centrality,-1.1122222050666977
7660,GBR,Harmonic Centrality,-1.13228713483883
7661,GBR,Harmonic Centrality,-1.1189105149907417
7662,GBR,Harmonic Centrality,-1.123369388273438
7663,GBR,Harmonic Centrality,-1.1367460081215262
7664,GBR,Harmonic Centrality,-1.1434343180455702
7665,GBR,Harmonic Centrality,-1.1568109378936584
7666,GBR,Harmonic Centrality,-1.1568109378936584
7667,GBR,Harmonic Centrality,-0.7080258616724987
7668,GBR,Harmonic Centrality,-0.5506223266108464
7669,GBR,Harmonic Centrality,-0.6052435243238734
7670,GBR,Harmonic Centrality,-0.6772651298051604
7671,GBR,Harmonic Centrality,-0.537245706762758
7672,GBR,Harmonic Centrality,-0.6371352702608953
7673,GBR,Harmonic Centrality,-0.4143901989671038
7674,GBR,Harmonic Centrality,-0.5254296925636133
7675,GBR,Harmonic Centrality,-0.5382330287039263
7676,GBR,Harmonic Centrality,-0.5260985235560177
7677,GBR,Harmonic Centrality,-0.32073555979298607
7678,GBR,Harmonic Centrality,-0.4917651992792579
7679,GBR,Harmonic Centrality,-0.4197225466688393
7680,GBR,Harmonic Centrality,-0.4382587198869045
7681,GBR,Harmonic Centrality,-0.43714400156623057
7682,GBR,Harmonic Centrality,-0.5434881293585326
7683,GBR,Harmonic Centrality,-0.4817327343931916
7684,GBR,Harmonic Centrality,-0.5598585641250025
7685,GBR,Harmonic Centrality,-0.5345703827931404
7686,GBR,Harmonic Centrality,-0.42306670163086146
7687,GBR,Harmonic Centrality,-0.4065849806331103
7688,GBR,Harmonic Centrality,-0.3769492122498334
7689,GBR,Harmonic Centrality,-0.5029123824859981
7690,GBR,Harmonic Centrality,-0.37871921270553494
7691,GBR,Harmonic Centrality,-0.42711153668016427
7692,GBR,Harmonic Centrality,-0.3276202724687677
7693,GBR,Harmonic Centrality,-0.5276591292049615
7694,GBR,Harmonic Centrality,-0.4371440015662304
7695,GBR,Harmonic Centrality,-0.5051418191273462
7696,GBR,Harmonic Centrality,-0.44494702981094847
7697,GBR,Harmonic Centrality,-0.5345546438464883
7698,GBR,Harmonic Centrality,-0.49333660689394626
7699,GBR,Harmonic Centrality,-0.37648977606418677
7700,GBR,Harmonic Centrality,-0.48776301529057603
7701,GBR,Harmonic Centrality,-0.38586695881522526
7702,GBR,Harmonic Centrality,-0.5278663339224441
7703,GBR,Harmonic Centrality,-0.5550811998935422
7704,GBR,Harmonic Centrality,-0.5457018270532286
7705,GBR,Harmonic Centrality,-0.26947681727948075
7706,GBR,Harmonic Centrality,-0.45921542431557594
7707,GBR,Harmonic Centrality,-0.4256730192282471
7708,GBR,Harmonic Centrality,-0.4323613291522912
7709,GBR,Harmonic Centrality,-0.4946634669130099
7710,GBR,Harmonic Centrality,-0.44026521286411746
7711,GBR,Harmonic Centrality,-0.5240572489915098
7712,GBR,Harmonic Centrality,-0.7309149301244577
7713,GBR,Harmonic Centrality,-0.5640944937435637
7714,GBR,Harmonic Centrality,-0.3488447617114711
7715,GBR,Harmonic Centrality,-0.54536722595624
7716,GBR,Harmonic Centrality,-0.6109126632118729
7717,GBR,Harmonic Centrality,-0.6213538581488528
7718,GBR,Harmonic Centrality,-0.6213538581488528
7719,GBR,Harmonic Centrality,-0.5836575218702145
7720,GBR,Harmonic Centrality,-0.6079772383007644
7721,GBR,Harmonic Centrality,-0.38295514232409616
7722,GBR,Harmonic Centrality,-0.5484111902069976
7723,GBR,Harmonic Centrality,-0.39099466309032566
7724,GBR,Harmonic Centrality,-0.7243046096506882
7725,GBR,Harmonic Centrality,-1.1568109378936584
7726,GBR,Harmonic Centrality,-0.5546748455326896
7727,GBR,Harmonic Centrality,-0.4619727467124461
7728,GBR,Harmonic Centrality,-0.7171913481670341
7729,GBR,Harmonic Centrality,-1.1568109378936584
7730,GBR,Harmonic Centrality,-0.3695785224760079
7731,GBR,Harmonic Centrality,-0.41907201591393406
7732,GBR,Harmonic Centrality,-0.6079772383007644
7733,GBR,Harmonic Centrality,-0.5572599304001578
7734,GBR,Harmonic Centrality,-0.5093777487459069
7735,GBR,Harmonic Centrality,-0.6640634943781062
7736,GBR,Harmonic Centrality,-0.4734171881380326
7737,GBR,Harmonic Centrality,-0.5160660586699511
7738,GBR,Harmonic Centrality,-0.3927805880934653
7739,GBR,Harmonic Centrality,-0.4919215122612215
7740,GBR,Harmonic Centrality,-0.5638715500794287
7741,GBR,Harmonic Centrality,-0.5643941276524713
7742,GBR,Harmonic Centrality,-0.6323919452135868
7743,GBR,Harmonic Centrality,-0.47453190645870663
7744,GBR,Harmonic Centrality,-0.37957479520880566
7745,GBR,Harmonic Centrality,-0.5449213386279702
7746,GBR,Harmonic Centrality,-0.5705598600034728
7747,GBR,Harmonic Centrality,-0.5643941276524713
7748,GBR,Harmonic Centrality,-0.6323919452135868
7749,GBR,Harmonic Centrality,-0.5549538035140364
7750,GBR,Harmonic Centrality,-1.1099927684253497
7751,GBR,Harmonic Centrality,-0.599078757096959
7752,GBR,Harmonic Centrality,-1.130057698197482
7753,GBR,Harmonic Centrality,-0.519348891132282
7754,GBR,Harmonic Centrality,-0.5215122538938157
7755,GBR,Harmonic Centrality,-1.130057698197482
7756,GBR,Harmonic Centrality,-0.6288142302224713
7757,GBR,Harmonic Centrality,-0.6602492868654788
7758,GBR,Harmonic Centrality,-0.4916348704073337
7759,GBR,Harmonic Centrality,-0.5897508327945221
7760,GBR,Harmonic Centrality,-0.533782804417858
7761,GBR,Harmonic Centrality,-1.1568109378936584
7762,GBR,Harmonic Centrality,-0.5404711143419021
7763,GBR,Harmonic Centrality,-0.5459544668431224
7764,GBR,Harmonic Centrality,-0.5060794000578686
7765,GBR,Harmonic Centrality,-0.6968933409278515
7766,GBR,Harmonic Centrality,-0.6924344676451554
7767,GBR,Harmonic Centrality,-0.5433587656106957
7768,GBR,Harmonic Centrality,-1.1367460081215262
7769,GBR,Harmonic Centrality,-0.638927988252802
7770,GBR,Harmonic Centrality,-0.6173963297092816
7771,GBR,Harmonic Centrality,-0.6842258645628859
7772,GBR,Harmonic Centrality,-1.1568109378936584
7773,GBR,Harmonic Centrality,-0.6630785481269993
7774,GBR,Harmonic Centrality,-1.1568109378936584
7775,GBR,Harmonic Centrality,-0.5415954839034478
7776,GBR,Harmonic Centrality,-0.7013522142105478
7777,GBR,Harmonic Centrality,-0.6723695378730227
7778,GBR,Harmonic Centrality,-0.5330078097758658
7779,GBR,Harmonic Centrality,-1.1568109378936584
7780,GBR,Harmonic Centrality,-1.1434343180455702
7781,GBR,Harmonic Centrality,-0.6790578477970669
7782,GBR,Harmonic Centrality,-0.6419331990594432
7783,GBR,Harmonic Centrality,-0.6107080197852374
7784,GBR,Harmonic Centrality,-0.6123487307334156
7785,GBR,Harmonic Centrality,-0.6745989745143708
7786,GBR,Harmonic Centrality,-0.6658552101257691
7787,GBR,Harmonic Centrality,-1.0837491142471956
7788,GBR,Harmonic Centrality,-0.6064040489185312
7789,GBR,Harmonic Centrality,-0.7193703756349068
7790,GBR,Harmonic Centrality,-0.6010640173442543
7791,GBR,Harmonic Centrality,-0.5589170484578175
7792,GBR,Harmonic Centrality,-0.6787189036416865
7793,GBR,Harmonic Centrality,-0.5930274290704427
7794,GBR,Harmonic Centrality,-1.1568109378936584
7795,GBR,Harmonic Centrality,-0.6091112219830251
7796,GBR,Harmonic Centrality,-1.069862908881085
7797,GBR,Harmonic Centrality,-0.6787189036416865
7798,GBR,Harmonic Centrality,-0.6478457348181941
7799,GBR,Harmonic Centrality,-0.6478457348181941
7800,GBR,Harmonic Centrality,-0.8558492431470873
7801,GBR,Harmonic Centrality,-1.0971257340952838
7802,GBR,Harmonic Centrality,-1.1568109378936584
7803,GBR,Harmonic Centrality,-1.1434343180455702
7804,GBR,Harmonic Centrality,-0.5446607180042801
7805,GBR,Harmonic Centrality,-0.5661323532536101
7806,GBR,Harmonic Centrality,-0.6612223546662823
7807,GBR,Harmonic Centrality,-0.8665355796022068
7808,GBR,Harmonic Centrality,-0.7960003318130815
7809,GBR,Harmonic Centrality,-1.1568109378936584
7810,GBR,Harmonic Centrality,-0.6359595264017871
7811,GBR,Harmonic Centrality,-0.6229829876079849
7812,GBR,Harmonic Centrality,-1.1568109378936584
7813,GBR,Harmonic Centrality,-0.5917013485746802
7814,GBR,Harmonic Centrality,-0.8027137821967807
7815,GBR,Harmonic Centrality,-0.8702392432866974
7816,GBR,Harmonic Centrality,-1.0971257340952838
7817,GBR,Harmonic Centrality,-0.5972749401780504
7818,GBR,Harmonic Centrality,-0.619569306591531
7819,GBR,Harmonic Centrality,-0.5817384097430459
7820,GBR,Harmonic Centrality,-0.7403673554341387
7821,GBR,Harmonic Centrality,-0.71777521330315
7822,GBR,Harmonic Centrality,-0.816151640191015
7823,GBR,Harmonic Centrality,-1.0928261062869697
7824,GBR,Harmonic Centrality,-0.8214159095244492
7825,GBR,Harmonic Centrality,-0.6904431939323938
7826,GBR,Harmonic Centrality,-0.8613214967213053
7827,GBR,Harmonic Centrality,-0.8153957307686693
7828,GBR,Harmonic Centrality,-0.8051247339359836
7829,GBR,Harmonic Centrality,-0.5367563517304094
7830,GBR,Harmonic Centrality,-0.7935476228850304
7831,GBR,Harmonic Centrality,-0.5665087145274471
7832,GBR,Harmonic Centrality,-0.583898320329962
7833,GBR,Harmonic Centrality,-0.7485229509319296
7834,GBR,Harmonic Centrality,-0.8147275996004051
7835,GBR,Harmonic Centrality,-0.825189663708116
7836,GBR,Harmonic Centrality,-0.8019480814997816
7837,GBR,Harmonic Centrality,-0.5758501505671042
7838,GBR,Harmonic Centrality,-1.125598824914786
7839,GBR,Harmonic Centrality,-0.609190844720216
7840,GBR,Harmonic Centrality,-0.8414808392965816
7841,GBR,Harmonic Centrality,-0.6556639823273643
7842,GBR,Harmonic Centrality,-0.8006210358799315
7843,GBR,Harmonic Centrality,-0.8096795652958845
7844,GBR,Harmonic Centrality,-1.0841313033857123
7845,GBR,Harmonic Centrality,-0.6896375566006343
7846,GBR,Harmonic Centrality,-0.7301704482516826
7847,GBR,Harmonic Centrality,-0.6921305649181707
7848,GBR,Harmonic Centrality,-0.7278287919162769
7849,GBR,Harmonic Centrality,-0.8836101496760391
7850,GBR,Harmonic Centrality,-1.0616139933080972
7851,GBR,Harmonic Centrality,-1.087921345676004
7852,GBR,Harmonic Centrality,-0.7843652783802803
7853,GBR,Harmonic Centrality,-0.6338662093768871
7854,GBR,Harmonic Centrality,-0.7342548533885597
7855,GBR,Harmonic Centrality,-1.0839083597215775
7856,GBR,Harmonic Centrality,-1.0805642047595554
7857,GBR,Harmonic Centrality,-1.0598304439950186
7858,GBR,Harmonic Centrality,-0.8479471412028062
7859,GBR,Harmonic Centrality,-0.8399362054284651
7860,GBR,Harmonic Centrality,-1.1568109378936584
7861,GBR,Harmonic Centrality,-0.7891426426117404
7862,GBR,Harmonic Centrality,-0.7118330905955736
7863,GBR,Harmonic Centrality,-1.1434343180455702
7864,GBR,Harmonic Centrality,-1.1568109378936584
7865,GBR,Harmonic Centrality,-1.0486832607882786
7866,GBR,Harmonic Centrality,-0.6778210598394463
7867,GBR,Harmonic Centrality,-1.130057698197482
7868,GBR,Harmonic Centrality,-1.0576010073536706
7869,GBR,Harmonic Centrality,-1.1568109378936584
7870,GBR,Harmonic Centrality,-0.7850549785434155
7871,GBR,Harmonic Centrality,-1.1434343180455702
7872,GBR,Harmonic Centrality,-1.0676334722397367
7873,GBR,Harmonic Centrality,-1.1434343180455702
7874,GBR,Harmonic Centrality,-1.1568109378936584
7875,GBR,Harmonic Centrality,-1.123369388273438
7876,GBR,Harmonic Centrality,-1.0966161485772614
7877,GBR,Harmonic Centrality,-1.1434343180455702
7878,GBR,Harmonic Centrality,-1.1434343180455702
7879,GBR,Harmonic Centrality,-1.1568109378936584
7880,GBR,Harmonic Centrality,-1.1568109378936584
7881,GBR,Harmonic Centrality,-1.130057698197482
7882,GBR,Harmonic Centrality,-1.1434343180455702
7883,GBR,Harmonic Centrality,-1.1434343180455702
7884,GBR,Harmonic Centrality,-1.1568109378936584
7885,GBR,Harmonic Centrality,-1.1434343180455702
7886,GBR,Harmonic Centrality,-1.1568109378936584
7887,GBR,Harmonic Centrality,-1.1568109378936584
7888,GBR,Harmonic Centrality,-1.1099927684253497
7889,GBR,Harmonic Centrality,-1.1434343180455702
7890,GBR,Harmonic Centrality,-1.1099927684253497
7891,GBR,Harmonic Centrality,-1.1434343180455702
7892,GBR,Harmonic Centrality,-1.1434343180455702
7893,GBR,Harmonic Centrality,-1.1434343180455702
7894,GBR,Harmonic Centrality,-1.1099927684253497
7895,GBR,Harmonic Centrality,-1.1568109378936584
7896,GBR,Harmonic Centrality,-1.1434343180455702
7897,GBR,Harmonic Centrality,-1.1568109378936584
7898,GBR,Harmonic Centrality,-1.1568109378936584
7899,GBR,Harmonic Centrality,-1.0341919226195162
7900,GBR,Harmonic Centrality,-1.072092345522433
7901,GBR,Harmonic Centrality,-1.1568109378936584
7902,GBR,Harmonic Centrality,-1.1568109378936584
7903,GBR,Harmonic Centrality,-1.130057698197482
7904,GBR,Harmonic Centrality,-1.1568109378936584
7905,GBR,Harmonic Centrality,-1.1367460081215262
7906,GBR,Harmonic Centrality,-1.0442243875055823
7907,GBR,Harmonic Centrality,-1.1568109378936584
7908,GBR,Harmonic Centrality,-1.1568109378936584
7909,GBR,Harmonic Centrality,-1.1568109378936584
7910,GBR,Harmonic Centrality,-1.1568109378936584
7911,GBR,Harmonic Centrality,-1.0966161485772614
7912,GBR,Harmonic Centrality,-1.0509126974296263
7913,GBR,Harmonic Centrality,-1.1033044585013054
7914,GBR,Harmonic Centrality,-1.1434343180455702
7915,GBR,Harmonic Centrality,-1.1166810783493937
7916,GBR,Harmonic Centrality,-1.1568109378936584
7917,GBR,Harmonic Centrality,-1.0431096691849084
7918,GBR,Harmonic Centrality,-1.1568109378936584
7919,GBR,Harmonic Centrality,-1.130057698197482
7920,GBR,Harmonic Centrality,-1.130057698197482
7921,GBR,Harmonic Centrality,-1.1568109378936584
7922,GBR,Harmonic Centrality,-1.1568109378936584
7923,GBR,Harmonic Centrality,-1.1568109378936584
7924,GBR,Harmonic Centrality,-1.1434343180455702
7925,GBR,Harmonic Centrality,-1.1568109378936584
7926,GBR,Harmonic Centrality,-1.130057698197482
7927,GBR,Harmonic Centrality,-1.130057698197482
7928,GBR,Harmonic Centrality,-1.069862908881085
7929,GBR,Harmonic Centrality,-1.0832395287291732
7930,GBR,Harmonic Centrality,-1.0497979791089525
7931,GBR,Harmonic Centrality,-1.076551218805129
7932,GBR,Harmonic Centrality,-1.1033044585013054
7933,GBR,Harmonic Centrality,-1.0564862890329967
7934,GBR,Harmonic Centrality,-1.130057698197482
7935,GBR,Harmonic Centrality,-1.0497979791089525
7936,GBR,Harmonic Centrality,-1.1434343180455702
7937,GBR,Harmonic Centrality,-1.0631745989570407
7938,GBR,Harmonic Centrality,-1.0564862890329967
7939,GBR,Harmonic Centrality,-1.0832395287291732
7940,GBR,Harmonic Centrality,-1.1568109378936584
7941,GBR,Harmonic Centrality,-1.1434343180455702
7942,GBR,Harmonic Centrality,-1.0497979791089525
7943,GBR,Harmonic Centrality,-1.0431096691849084
7944,GBR,Harmonic Centrality,-1.1568109378936584
7945,GBR,Harmonic Centrality,-1.123369388273438
7946,GBR,Harmonic Centrality,-1.1568109378936584
7947,GBR,Harmonic Centrality,-1.1434343180455702
7948,GBR,Harmonic Centrality,-1.0252741760541242
7949,GBR,Harmonic Centrality,-1.0520274157503007
7950,GBR,Harmonic Centrality,-1.1033044585013054
7951,GBR,Harmonic Centrality,-1.0431096691849084
7952,GBR,Harmonic Centrality,-1.0542568523916485
7953,GBR,Harmonic Centrality,-1.0337460352912466
7954,GBR,Harmonic Centrality,-1.0388737395663472
7955,GBR,Harmonic Centrality,-0.7624368479353101
7956,GBR,Harmonic Centrality,-1.082124810408499
7957,GBR,Harmonic Centrality,-1.0364213592608642
7958,GBR,Harmonic Centrality,-1.0497979791089525
7959,GBR,Harmonic Centrality,-1.0141269928473837
7960,GBR,Harmonic Centrality,-1.0745447258279157
7961,GBR,Harmonic Centrality,-0.9918326264339035
7962,GBR,Harmonic Centrality,-1.023044739412776
7963,GBR,Harmonic Centrality,-1.0319624859781682
7964,GBR,Harmonic Centrality,-1.0397655142228863
7965,GBR,Harmonic Centrality,-1.0408802325435602
7966,GBR,Harmonic Centrality,-1.0252741760541242
7967,GBR,Harmonic Centrality,-1.0085534012440138
7968,GBR,Harmonic Centrality,-1.0052092462819917
7969,GBR,Harmonic Centrality,-1.020815302771428
7970,GBR,Harmonic Centrality,-0.9896031897925555
7971,GBR,Harmonic Centrality,-1.028618331016146
7972,GBR,Harmonic Centrality,-1.0364213592608642
7973,GBR,Harmonic Centrality,-0.7881359679674395
7974,GBR,Harmonic Centrality,-0.9951767813959256
7975,GBR,Harmonic Centrality,-1.0018650913199696
7976,GBR,Harmonic Centrality,-1.0040945279613176
7977,GBR,Harmonic Centrality,-1.0096681195646877
7978,GBR,Harmonic Centrality,-0.9918326264339035
7979,GBR,Harmonic Centrality,-1.0014192039917
7980,GBR,Harmonic Centrality,-1.0007503729992955
7981,GBR,Harmonic Centrality,-0.9862590348305333
7982,GBR,Harmonic Centrality,-0.9996356546786216
7983,GBR,Harmonic Centrality,-0.9751118516237932
7984,GBR,Harmonic Centrality,-0.937657316049146
7985,GBR,Harmonic Centrality,-0.9726594713183103
7986,GBR,Harmonic Centrality,-0.932083724445776
7987,GBR,Harmonic Centrality,-1.0364213592608642
7988,GBR,Harmonic Centrality,-1.011897556206036
7989,GBR,Harmonic Centrality,-0.9387720343698202
7990,GBR,Harmonic Centrality,-1.021930021092102
7991,GBR,Harmonic Centrality,-0.9432309076525162
7992,GBR,Harmonic Centrality,-0.9461291752862686
7993,GBR,Harmonic Centrality,-0.9307460624609672
7994,GBR,Harmonic Centrality,-0.9133564566584524
7995,GBR,Harmonic Centrality,-1.1568109378936584
7996,GBR,Harmonic Centrality,-0.9392179216980897
7997,GBR,Harmonic Centrality,-1.1568109378936584
7998,GBR,Harmonic Centrality,-0.9837270317878595
7999,GBR,Harmonic Centrality,-0.9146941186432611
8000,GBR,Harmonic Centrality,-0.8814755126871755
8001,GBR,Harmonic Centrality,-1.0341919226195162
8002,GBR,Harmonic Centrality,-0.9233889215445186
8003,GBR,Harmonic Centrality,-0.9519257105537736
8004,GBR,Harmonic Centrality,-0.980749141416916
8005,GBR,Harmonic Centrality,-0.9425620766601118
8006,GBR,Harmonic Centrality,-0.9064452030702735
8007,GBR,Harmonic Centrality,-0.9308097606507199
8008,GBR,Harmonic Centrality,-0.9401096963546289
8009,GBR,Harmonic Centrality,-0.9608434571191656
8010,GBR,Harmonic Centrality,-0.9776279301190287
8011,GBR,Harmonic Centrality,-0.9271789638348102
8012,GBR,Harmonic Centrality,-0.9192485392105865
8013,GBR,Harmonic Centrality,-0.8698824421521656
8014,GBR,Harmonic Centrality,-0.8964127381842073
8015,GBR,Harmonic Centrality,-0.9294084004761584
8016,GBR,Harmonic Centrality,-0.975334795287928
8017,GBR,Harmonic Centrality,-0.8593032344707212
8018,GBR,Harmonic Centrality,-1.1568109378936584
8019,GBR,Harmonic Centrality,-0.980749141416916
8020,GBR,Harmonic Centrality,-0.9349819920795285
8021,GBR,Harmonic Centrality,-0.89391258423641
8022,GBR,Harmonic Centrality,-0.8828131746719843
8023,GBR,Harmonic Centrality,-0.9610664007833004
8024,GBR,Harmonic Centrality,-0.8469192447462808
8025,GBR,Harmonic Centrality,-0.8962853418047017
8026,GBR,Harmonic Centrality,-0.9260642455141362
8027,GBR,Harmonic Centrality,-0.893610017835084
8028,GBR,Harmonic Centrality,-0.8123629768053863
8029,GBR,Harmonic Centrality,-0.8725418415743451
8030,GBR,Harmonic Centrality,-0.7908329886689394
8031,GBR,Harmonic Centrality,-1.1434343180455702
8032,GBR,Harmonic Centrality,-0.9142482313149916
8033,GBR,Harmonic Centrality,-0.895823529928994
8034,GBR,Harmonic Centrality,-1.1568109378936584
8035,GBR,Harmonic Centrality,-0.7983175259648935
8036,GBR,Harmonic Centrality,-0.8191149849191832
8037,GBR,Harmonic Centrality,-1.1367460081215262
8038,GBR,Harmonic Centrality,-0.8407564448876972
8039,GBR,Harmonic Centrality,-0.8824469100809057
8040,GBR,Harmonic Centrality,-0.7545887186995955
8041,GBR,Harmonic Centrality,-0.9229218014863313
8042,GBR,Harmonic Centrality,-1.1568109378936584
8043,GBR,Harmonic Centrality,-0.8956802090020501
8044,GBR,Harmonic Centrality,-0.9362984213344195
8045,GBR,Harmonic Centrality,-1.123369388273438
8046,GBR,Harmonic Centrality,-0.7284087627111943
8047,GBR,Harmonic Centrality,-0.9162334915622872
8048,GBR,Harmonic Centrality,-0.9319416099239414
8049,GBR,Harmonic Centrality,-0.85480189572819
8050,GBR,Harmonic Centrality,-0.7587927992232805
8051,GBR,Harmonic Centrality,-1.1099927684253497
8052,GBR,Harmonic Centrality,-0.7475182196370346
8053,GBR,Harmonic Centrality,-0.9347442396562101
8054,GBR,Harmonic Centrality,-0.9201137729547286
8055,GBR,Harmonic Centrality,-0.7588405728655951
8056,GBR,Harmonic Centrality,-0.777520067010604
8057,GBR,Harmonic Centrality,-0.7958729245158823
8058,GBR,Harmonic Centrality,-0.7763416505001771
8059,GBR,Harmonic Centrality,-0.8744658906824205
8060,GBR,Harmonic Centrality,-0.9078636941973823
8061,GBR,Harmonic Centrality,-0.7763416505001771
8062,GBR,Harmonic Centrality,-0.9045195392353605
8063,GBR,Harmonic Centrality,-0.7261196947208453
8064,GBR,Harmonic Centrality,-0.7838580368910077
8065,GBR,Harmonic Centrality,-0.8013844140962594
8066,GBR,Harmonic Centrality,-0.853108845358362
8067,GBR,Harmonic Centrality,-0.7192043742919146
8068,GBR,Harmonic Centrality,-0.7686091134339793
8069,GBR,Harmonic Centrality,-0.8464205354343178
8070,GBR,Harmonic Centrality,-0.7514760862952524
8071,GBR,Harmonic Centrality,-0.7536264343044579
8072,GBR,Harmonic Centrality,-0.8246553168617037
8073,GBR,Harmonic Centrality,-0.8191193650977328
8074,GBR,Harmonic Centrality,-0.7825643251723221
8075,GBR,Harmonic Centrality,-0.682339046972481
8076,GBR,Harmonic Centrality,-0.7659838831165012
8077,GBR,Harmonic Centrality,-0.8014758945401369
8078,GBR,Harmonic Centrality,-0.7663690233075153
8079,GBR,Harmonic Centrality,-0.7054667980352273
8080,GBR,Harmonic Centrality,-0.7720671159181297
8081,GBR,Harmonic Centrality,-1.1568109378936584
8082,GBR,Harmonic Centrality,-1.1434343180455702
8083,GBR,Harmonic Centrality,-1.1568109378936584
8084,GBR,Harmonic Centrality,-1.1568109378936584
8085,GBR,Harmonic Centrality,-1.1568109378936584
8086,GBR,Harmonic Centrality,-1.1434343180455702
8087,GBR,Harmonic Centrality,-1.1568109378936584
8088,GBR,Harmonic Centrality,-1.1568109378936584
8089,GBR,Harmonic Centrality,-1.127828261556134
8090,GBR,Harmonic Centrality,-1.1434343180455702
8091,GBR,Harmonic Centrality,-1.130057698197482
8092,GBR,Harmonic Centrality,-1.1033044585013054
8093,GBR,Harmonic Centrality,-1.1568109378936584
8094,GBR,Harmonic Centrality,-1.1568109378936584
8095,GBR,Harmonic Centrality,-1.1434343180455702
8096,GBR,Harmonic Centrality,-1.130057698197482
8097,GBR,Harmonic Centrality,-1.1568109378936584
8098,GBR,Harmonic Centrality,-1.1434343180455702
8099,GBR,Harmonic Centrality,-1.1434343180455702
8100,GBR,Harmonic Centrality,-1.1568109378936584
8101,GBR,Harmonic Centrality,-1.1568109378936584
8102,GBR,Harmonic Centrality,-1.130057698197482
8103,GBR,Harmonic Centrality,-1.1568109378936584
8104,GBR,Harmonic Centrality,-1.0852460217063864
8105,GBR,Harmonic Centrality,-1.1568109378936584
8106,GBR,Harmonic Centrality,-1.1568109378936584
8107,GBR,Harmonic Centrality,-1.1066486134633275
8108,GBR,Harmonic Centrality,-1.1195793459831462
8109,GBR,Harmonic Centrality,-1.0988455852186094
8110,GBR,Harmonic Centrality,-1.118687571326607
8111,GBR,Harmonic Centrality,-1.0919343316304304
8112,GBR,Harmonic Centrality,-1.1568109378936584
8113,GBR,Harmonic Centrality,-1.1109800903665181
8114,GBR,Harmonic Centrality,-1.1434343180455702
8115,GBR,Harmonic Centrality,-1.1099927684253497
8116,GBR,Harmonic Centrality,-1.1568109378936584
8117,GBR,Harmonic Centrality,-1.1568109378936584
8118,GBR,Harmonic Centrality,-1.1568109378936584
8119,GBR,Harmonic Centrality,-1.130057698197482
8120,GBR,Harmonic Centrality,-1.1099927684253497
8121,GBR,Harmonic Centrality,-1.1568109378936584
8122,GBR,Harmonic Centrality,-1.1568109378936584
8123,GBR,Harmonic Centrality,-1.123369388273438
8124,GBR,Harmonic Centrality,-1.130057698197482
8125,GBR,Harmonic Centrality,-1.1434343180455702
8126,GBR,Harmonic Centrality,-1.1568109378936584
8127,GBR,Harmonic Centrality,-1.1568109378936584
8128,GBR,Harmonic Centrality,-1.1568109378936584
8129,GBR,Harmonic Centrality,-1.1568109378936584
8130,GBR,Harmonic Centrality,-1.1568109378936584
8131,GBR,Harmonic Centrality,-1.1568109378936584
8132,IO,Harmonic Centrality,0.9968248576485482
8133,IO,Harmonic Centrality,0.9700716179523717
8134,IO,Harmonic Centrality,0.8229287996234012
8135,IO,Harmonic Centrality,0.7404396438935233
8136,IO,Harmonic Centrality,0.7605045736656557
8137,IO,Harmonic Centrality,0.7894872500031805
8138,IO,Harmonic Centrality,0.5710024591510725
8139,IO,Harmonic Centrality,0.5932968255645528
8140,IO,Harmonic Centrality,0.7270630240454351
8141,IO,Harmonic Centrality,0.6735565446530821
8142,IO,Harmonic Centrality,0.5932968255645528
8143,IO,Harmonic Centrality,0.5509375293789401
8144,IO,Harmonic Centrality,0.6735565446530821
8145,IO,Harmonic Centrality,0.6334266851088175
8146,IO,Harmonic Centrality,0.6401149950328616
8147,IO,Harmonic Centrality,0.6200500652607293
8148,IO,Harmonic Centrality,0.5932968255645528
8149,IO,Harmonic Centrality,0.5710024591510725
8150,IO,Harmonic Centrality,0.5732318957924204
8151,IO,Harmonic Centrality,0.5241842896827636
8152,IO,Harmonic Centrality,0.5041193599106313
8153,IO,Harmonic Centrality,0.5375609095308519
8154,IO,Harmonic Centrality,0.702539220990607
8155,IO,Harmonic Centrality,0.6958509110665628
8156,IO,Harmonic Centrality,0.762734010307004
8157,IO,Harmonic Centrality,0.26779907592773916
8158,IO,Harmonic Centrality,0.26779907592773916
8159,IO,Harmonic Centrality,0.2744873858517833
8160,IO,Harmonic Centrality,0.3168466820373959
8161,IO,Harmonic Centrality,0.3703531614297489
8162,IO,Harmonic Centrality,1.0235780973447246
8163,IO,Harmonic Centrality,1.204162465293916
8164,IO,Harmonic Centrality,1.204162465293916
8165,IO,Harmonic Centrality,1.204162465293916
8166,IO,Harmonic Centrality,1.204162465293916
8167,IO,Harmonic Centrality,1.21085077521796
8168,IO,Harmonic Centrality,1.204162465293916
8169,IO,Harmonic Centrality,1.204162465293916
8170,IO,Harmonic Centrality,1.150655985901563
8171,IO,Harmonic Centrality,1.150655985901563
8172,IO,Harmonic Centrality,1.1105261263572983
8173,IO,Harmonic Centrality,1.1305910561294306
8174,IO,Harmonic Centrality,1.1105261263572983
8175,IO,Harmonic Centrality,1.1372793660534748
8176,IO,Harmonic Centrality,1.1372793660534748
8177,IO,Harmonic Centrality,1.1172144362813423
8178,IO,Harmonic Centrality,1.1172144362813423
8179,IO,Harmonic Centrality,1.1239027462053865
8180,IO,Harmonic Centrality,1.1372793660534748
8181,IO,Harmonic Centrality,1.1239027462053865
8182,IO,Harmonic Centrality,1.1239027462053865
8183,IO,Harmonic Centrality,1.1239027462053865
8184,IO,Harmonic Centrality,1.1239027462053865
8185,IO,Harmonic Centrality,1.1305910561294306
8186,IO,Harmonic Centrality,1.1239027462053865
8187,IO,Harmonic Centrality,1.1305910561294306
8188,IO,Harmonic Centrality,1.1305910561294306
8189,IO,Harmonic Centrality,1.1105261263572983
8190,IO,Harmonic Centrality,1.1105261263572983
8191,IO,Harmonic Centrality,1.1172144362813423
8192,IO,Harmonic Centrality,1.103837816433254
8193,IO,Harmonic Centrality,1.09714950650921
8194,IO,Harmonic Centrality,1.103837816433254
8195,IO,Harmonic Centrality,1.0904611965851658
8196,IO,Harmonic Centrality,1.1105261263572983
8197,IO,Harmonic Centrality,1.103837816433254
8198,IO,Harmonic Centrality,1.09714950650921
8199,IO,Harmonic Centrality,1.09714950650921
8200,IO,Harmonic Centrality,1.1105261263572983
8201,IO,Harmonic Centrality,1.0302664072687688
8202,IO,Harmonic Centrality,0.9968248576485482
8203,IO,Harmonic Centrality,1.0570196469649453
8204,IO,Harmonic Centrality,1.21085077521796
8205,IO,Harmonic Centrality,1.1439676759775188
8206,IO,Harmonic Centrality,1.1439676759775188
8207,IO,Harmonic Centrality,1.2242273950660483
8208,IO,Harmonic Centrality,1.21085077521796
8209,IO,Harmonic Centrality,1.1640326057496513
8210,IO,Harmonic Centrality,1.1172144362813423
8211,IO,Harmonic Centrality,1.150655985901563
8212,IO,Harmonic Centrality,1.1640326057496513
8213,IO,Harmonic Centrality,1.1907858454458278
8214,IO,Harmonic Centrality,1.21085077521796
8215,IO,Harmonic Centrality,1.1974741553698718
8216,IO,Harmonic Centrality,1.204162465293916
8217,IO,Harmonic Centrality,1.1372793660534748
8218,IO,Harmonic Centrality,1.1372793660534748
8219,IO,Harmonic Centrality,1.2309157049900925
8220,IO,Harmonic Centrality,1.1640326057496513
8221,IO,Harmonic Centrality,1.1439676759775188
8222,IO,Harmonic Centrality,1.0102014774966364
8223,IO,Harmonic Centrality,0.9566949981042835
8224,IO,Harmonic Centrality,0.9566949981042835
8225,IO,Harmonic Centrality,0.9433183782561952
8226,IO,Harmonic Centrality,0.8965002087878864
8227,IO,Harmonic Centrality,0.816240489699357
8228,IO,Harmonic Centrality,0.8496820393195775
8229,IO,Harmonic Centrality,0.5085782331933273
8230,IO,Harmonic Centrality,0.46844837364906255
8231,IO,Harmonic Centrality,0.4483834438769302
8232,IO,Harmonic Centrality,1.1439676759775188
8233,IO,Harmonic Centrality,1.204162465293916
8234,IO,Harmonic Centrality,1.2242273950660483
8235,IO,Harmonic Centrality,1.2242273950660483
8236,IO,Harmonic Centrality,0.3971064011259253
8237,IO,Harmonic Centrality,1.2242273950660483
8238,IO,Harmonic Centrality,1.2309157049900925
8239,IO,Harmonic Centrality,1.2309157049900925
8240,IO,Harmonic Centrality,0.2811756957758272
8241,IO,Harmonic Centrality,1.2309157049900925
8242,IO,Harmonic Centrality,1.2309157049900925
8243,IO,Harmonic Centrality,1.2242273950660483
8244,IO,Harmonic Centrality,1.2242273950660483
8245,IO,Harmonic Centrality,1.2242273950660483
8246,IO,Harmonic Centrality,1.1907858454458278
8247,IO,Harmonic Centrality,1.1907858454458278
8248,IO,Harmonic Centrality,1.1907858454458278
8249,IO,Harmonic Centrality,1.2242273950660483
8250,IO,Harmonic Centrality,1.2242273950660483
8251,IO,Harmonic Centrality,1.2242273950660483
8252,IO,Harmonic Centrality,1.2242273950660483
8253,IO,Harmonic Centrality,1.2242273950660483
8254,IO,Harmonic Centrality,1.2242273950660483
8255,IO,Harmonic Centrality,1.2242273950660483
8256,IO,Harmonic Centrality,1.2242273950660483
8257,IO,Harmonic Centrality,1.2242273950660483
8258,IO,Harmonic Centrality,1.2242273950660483
8259,IO,Harmonic Centrality,1.2242273950660483
8260,IO,Harmonic Centrality,1.2242273950660483
8261,IO,Harmonic Centrality,1.2242273950660483
8262,IO,Harmonic Centrality,1.2242273950660483
8263,IO,Harmonic Centrality,1.2242273950660483
8264,IO,Harmonic Centrality,1.2242273950660483
8265,IO,Harmonic Centrality,1.2242273950660483
8266,IO,Harmonic Centrality,1.2175390851420043
8267,IO,Harmonic Centrality,1.2242273950660483
8268,IO,Harmonic Centrality,1.2242273950660483
8269,IO,Harmonic Centrality,1.2242273950660483
8270,IO,Harmonic Centrality,1.2242273950660483
8271,IO,Harmonic Centrality,1.2242273950660483
8272,IO,Harmonic Centrality,1.2242273950660483
8273,IO,Harmonic Centrality,1.2242273950660483
8274,IO,Harmonic Centrality,1.2242273950660483
8275,IO,Harmonic Centrality,1.2242273950660483
8276,IO,Harmonic Centrality,1.2242273950660483
8277,IO,Harmonic Centrality,1.2242273950660483
8278,IO,Harmonic Centrality,1.2242273950660483
8279,IO,Harmonic Centrality,1.2242273950660483
8280,IO,Harmonic Centrality,1.2242273950660483
8281,IO,Harmonic Centrality,1.2242273950660483
8282,IO,Harmonic Centrality,1.2242273950660483
8283,IO,Harmonic Centrality,1.2175390851420043
8284,IO,Harmonic Centrality,1.2242273950660483
8285,IO,Harmonic Centrality,1.2242273950660483
8286,IO,Harmonic Centrality,1.2242273950660483
8287,IO,Harmonic Centrality,1.2242273950660483
8288,IO,Harmonic Centrality,1.2242273950660483
8289,IO,Harmonic Centrality,1.2242273950660483
8290,IO,Harmonic Centrality,1.2242273950660483
8291,IO,Harmonic Centrality,1.2242273950660483
8292,IO,Harmonic Centrality,1.2242273950660483
8293,IO,Harmonic Centrality,1.2242273950660483
8294,IO,Harmonic Centrality,1.2242273950660483
8295,IO,Harmonic Centrality,1.2242273950660483
8296,IO,Harmonic Centrality,1.2242273950660483
8297,IO,Harmonic Centrality,1.2242273950660483
8298,IO,Harmonic Centrality,1.2175390851420043
8299,IO,Harmonic Centrality,1.2242273950660483
8300,IO,Harmonic Centrality,1.2175390851420043
8301,IO,Harmonic Centrality,1.2175390851420043
8302,IO,Harmonic Centrality,1.2175390851420043
8303,IO,Harmonic Centrality,1.2175390851420043
8304,IO,Harmonic Centrality,1.2175390851420043
8305,IO,Harmonic Centrality,1.2175390851420043
8306,IO,Harmonic Centrality,1.2175390851420043
8307,IO,Harmonic Centrality,1.2242273950660483
8308,IO,Harmonic Centrality,1.2242273950660483
8309,IO,Harmonic Centrality,1.2175390851420043
8310,IO,Harmonic Centrality,1.2242273950660483
8311,IO,Harmonic Centrality,1.2242273950660483
8312,Caribbean,Harmonic Centrality,1.318978452323347
8313,Caribbean,Harmonic Centrality,0.5823725860219416
8314,Caribbean,Harmonic Centrality,0.9127750962697321
8315,Caribbean,Harmonic Centrality,0.884907138252881
8316,Caribbean,Harmonic Centrality,0.9462166458899527
8317,Caribbean,Harmonic Centrality,0.9350694626832131
8318,Caribbean,Harmonic Centrality,1.2654719729309971
8319,Caribbean,Harmonic Centrality,1.939876556938775
8320,Caribbean,Harmonic Centrality,1.303372395833915
8321,Caribbean,Harmonic Centrality,1.4817273271417606
8322,Caribbean,Harmonic Centrality,1.4170736645426658
8323,Caribbean,Harmonic Centrality,1.9097791622805826
8324,Caribbean,Harmonic Centrality,1.0648226752096708
8325,Caribbean,Harmonic Centrality,2.2519976867274973
8326,Caribbean,Harmonic Centrality,2.421434871469947
8327,Caribbean,Harmonic Centrality,1.8206016966266592
8328,Caribbean,Harmonic Centrality,1.376943804998401
8329,Caribbean,Harmonic Centrality,1.9833505714450679
8330,Caribbean,Harmonic Centrality,2.278750926423674
8331,Caribbean,Harmonic Centrality,1.481727327141758
8332,Caribbean,Harmonic Centrality,2.1148873332846
8333,Caribbean,Harmonic Centrality,1.952138458466195
8334,Caribbean,Harmonic Centrality,1.3056018324752647
8335,Caribbean,Harmonic Centrality,2.1472141645841396
8336,Caribbean,Harmonic Centrality,1.143967675977529
8337,Caribbean,Harmonic Centrality,1.7180476111246514
8338,Caribbean,Harmonic Centrality,2.079216347023029
8339,Caribbean,Harmonic Centrality,1.3056018324752634
8340,Caribbean,Harmonic Centrality,1.2922252126271743
8341,Caribbean,Harmonic Centrality,2.4660236042969084
8342,Caribbean,Harmonic Centrality,1.3992381714118813
8343,Caribbean,Harmonic Centrality,0.9968248576485512
8344,Caribbean,Harmonic Centrality,1.3122901423993074
8345,Caribbean,Harmonic Centrality,1.7403419775381312
8346,Caribbean,Harmonic Centrality,1.4549740874455837
8347,Caribbean,Harmonic Centrality,2.148328882904818
8348,Caribbean,Harmonic Centrality,1.7002121179938672
8349,Caribbean,Harmonic Centrality,2.089248811909091
8350,Caribbean,Harmonic Centrality,1.265471972931
8351,Caribbean,Harmonic Centrality,1.9075497256392313
8352,Caribbean,Harmonic Centrality,1.4794978905004124
8353,Caribbean,Harmonic Centrality,1.2721602828550442
8354,Caribbean,Harmonic Centrality,1.3345845088127835
8355,Caribbean,Harmonic Centrality,1.368026058433009
8356,Caribbean,Harmonic Centrality,1.583166694323084
8357,Caribbean,Harmonic Centrality,1.442712185918159
8358,Caribbean,Harmonic Centrality,1.4560888057662473
8359,Caribbean,Harmonic Centrality,1.8440107813608044
8360,Caribbean,Harmonic Centrality,1.936532401976756
8361,Caribbean,Harmonic Centrality,1.7938484569304851
8362,Caribbean,Harmonic Centrality,1.1094114080366335
8363,Caribbean,Harmonic Centrality,1.22422739506606
8364,Caribbean,Harmonic Centrality,1.7369978225760985
8365,Caribbean,Harmonic Centrality,1.7035562729558777
8366,Caribbean,Harmonic Centrality,1.864075711132937
8367,Caribbean,Harmonic Centrality,1.2855369027031303
8368,Caribbean,Harmonic Centrality,1.093805351547197
8369,Caribbean,Harmonic Centrality,2.2486535317654797
8370,Caribbean,Harmonic Centrality,1.5307749332514178
8371,Caribbean,Harmonic Centrality,1.2476364798002153
8372,Caribbean,Harmonic Centrality,1.6467056386015142
8373,Caribbean,Harmonic Centrality,1.1952447187285342
8374,Caribbean,Harmonic Centrality,1.240948169876171
8375,Caribbean,Harmonic Centrality,1.356878875226268
8376,Caribbean,Harmonic Centrality,1.7626363439516126
8377,Caribbean,Harmonic Centrality,1.3724849317157048
8378,Caribbean,Harmonic Centrality,1.9409912752594518
8379,Caribbean,Harmonic Centrality,1.2019330286525782
8380,Caribbean,Harmonic Centrality,1.0715109851337161
8381,Caribbean,Harmonic Centrality,1.4371385943147994
8382,Caribbean,Harmonic Centrality,1.7626363439516088
8383,Caribbean,Harmonic Centrality,1.9944977546518048
8384,Caribbean,Harmonic Centrality,1.2019330286525782
8385,Caribbean,Harmonic Centrality,1.143967675977529
8386,Caribbean,Harmonic Centrality,1.0804287316991086
8387,Caribbean,Harmonic Centrality,1.957712050069556
8388,Caribbean,Harmonic Centrality,1.7191623294453213
8389,Caribbean,Harmonic Centrality,1.1528854225429208
8390,Caribbean,Harmonic Centrality,1.3457316920195284
8391,Caribbean,Harmonic Centrality,1.1662620423910095
8392,Caribbean,Harmonic Centrality,1.8362077531160943
8393,Caribbean,Harmonic Centrality,1.923155782128664
8394,Caribbean,Harmonic Centrality,1.4438269042388439
8395,Caribbean,Harmonic Centrality,1.2454070431588646
8396,Caribbean,Harmonic Centrality,1.1138702813193297
8397,Caribbean,Harmonic Centrality,1.1662620423910095
8398,Caribbean,Harmonic Centrality,1.3122901423993074
8399,Caribbean,Harmonic Centrality,1.6154935256226395
8400,Caribbean,Harmonic Centrality,1.2454070431588646
8401,Caribbean,Harmonic Centrality,1.9688592332763013
8402,Caribbean,Harmonic Centrality,1.9978419096138207
8403,Caribbean,Harmonic Centrality,1.2899957759858267
8404,Caribbean,Harmonic Centrality,1.4638918340109732
8405,Caribbean,Harmonic Centrality,1.7581774706689115
8406,Caribbean,Harmonic Centrality,1.2766191561377385
8407,Caribbean,Harmonic Centrality,2.4660236042969084
8408,Caribbean,Harmonic Centrality,1.5396926798168051
8409,Caribbean,Harmonic Centrality,1.9409912752594511
8410,Caribbean,Harmonic Centrality,1.1952447187285267
8411,Caribbean,Harmonic Centrality,1.3501905653022246
8412,Caribbean,Harmonic Centrality,1.4103853546186198
8413,Caribbean,Harmonic Centrality,1.277733874458412
8414,Caribbean,Harmonic Centrality,1.1227880278847218
8415,Caribbean,Harmonic Centrality,1.3044871141545873
8416,Caribbean,Harmonic Centrality,1.054790210323602
8417,Caribbean,Harmonic Centrality,1.419303101184014
8418,Caribbean,Harmonic Centrality,2.0145626844239355
8419,Caribbean,Harmonic Centrality,2.374616702001636
8420,Caribbean,Harmonic Centrality,1.6656558500529675
8421,Caribbean,Harmonic Centrality,1.3457316920195284
8422,Caribbean,Harmonic Centrality,1.3345845088127881
8423,Caribbean,Harmonic Centrality,1.9365324019767538
8424,Caribbean,Harmonic Centrality,1.9042055706772045
8425,Caribbean,Harmonic Centrality,1.9153527538839477
8426,Caribbean,Harmonic Centrality,1.7670952172343033
8427,Caribbean,Harmonic Centrality,1.1250174645260698
8428,Caribbean,Harmonic Centrality,1.731424230972735
8429,Caribbean,Harmonic Centrality,1.9387618386181005
8430,Caribbean,Harmonic Centrality,1.7347683859347502
8431,Caribbean,Harmonic Centrality,1.6032316240952218
8432,Caribbean,Harmonic Centrality,1.586510849285113
8433,Caribbean,Harmonic Centrality,1.9231557821286656
8434,Caribbean,Harmonic Centrality,1.5229719050066919
8435,Caribbean,Harmonic Centrality,1.9565973317488854
8436,Caribbean,Harmonic Centrality,1.2476364798002046
8437,Caribbean,Harmonic Centrality,1.5653312011923048
8438,Caribbean,Harmonic Centrality,1.821716414947324
8439,Caribbean,Harmonic Centrality,1.5129394401206284
8440,Caribbean,Harmonic Centrality,1.5798225393610676
8441,Caribbean,Harmonic Centrality,1.9164674722046198
8442,Caribbean,Harmonic Centrality,1.73811254089678
8443,Caribbean,Harmonic Centrality,1.9499090218248405
8444,Caribbean,Harmonic Centrality,1.4505152141628792
8445,Caribbean,Harmonic Centrality,1.3310174101866197
8446,Caribbean,Harmonic Centrality,2.1628202210735794
8447,Caribbean,Harmonic Centrality,2.0914782485504415
8448,Caribbean,Harmonic Centrality,2.0546925439681982
8449,Caribbean,Harmonic Centrality,1.1263551265108758
8450,Caribbean,Harmonic Centrality,1.9989566279344977
8451,Caribbean,Harmonic Centrality,1.1263551265108758
8452,Caribbean,Harmonic Centrality,1.976662261521017
8453,Caribbean,Harmonic Centrality,1.3245520439267113
8454,Caribbean,Harmonic Centrality,1.231106799559351
8455,Caribbean,Harmonic Centrality,1.4282208477493943
8456,Caribbean,Harmonic Centrality,1.268816127893012
8457,Caribbean,Harmonic Centrality,1.1493183239167573
8458,Caribbean,Harmonic Centrality,2.1003959951158286
8459,Caribbean,Harmonic Centrality,2.005644937858541
8460,Caribbean,Harmonic Centrality,1.0683897738358263
8461,Caribbean,Harmonic Centrality,1.5954285958504977
8462,Caribbean,Harmonic Centrality,1.06393090055313
8463,Caribbean,Harmonic Centrality,1.8975172607531574
8464,Caribbean,Harmonic Centrality,1.680147188221723
8465,Caribbean,Harmonic Centrality,1.4460563408801876
8466,Caribbean,Harmonic Centrality,1.1528854225429135
8467,Caribbean,Harmonic Centrality,1.9666297966349515
8468,Caribbean,Harmonic Centrality,1.9900388813691052
8469,Caribbean,Harmonic Centrality,1.2298009866694182
8470,Caribbean,Harmonic Centrality,1.1779347356632013
8471,Caribbean,Harmonic Centrality,1.963285641672924
8472,Caribbean,Harmonic Centrality,2.354551772229503
8473,Caribbean,Harmonic Centrality,1.0525607736822518
8474,Caribbean,Harmonic Centrality,0.4165024999056514
8475,Caribbean,Harmonic Centrality,1.0338335058949313
8476,Caribbean,Harmonic Centrality,1.2821927477411001
8477,Caribbean,Harmonic Centrality,1.9320735286940511
8478,Caribbean,Harmonic Centrality,2.0257098676306686
8479,Caribbean,Harmonic Centrality,1.994497754651801
8480,Caribbean,Harmonic Centrality,2.004530219537868
8481,Caribbean,Harmonic Centrality,1.3245520439267109
8482,Caribbean,Harmonic Centrality,1.9699739515969743
8483,Caribbean,Harmonic Centrality,2.2207855737486275
8484,Caribbean,Harmonic Centrality,2.1026254317571813
8485,Caribbean,Harmonic Centrality,1.7581774706689108
8486,Caribbean,Harmonic Centrality,1.150878929565704
8487,Caribbean,Harmonic Centrality,1.784930710365081
8488,Caribbean,Harmonic Centrality,1.9911535996897798
8489,Caribbean,Harmonic Centrality,0.40312588005756317
8490,Caribbean,Harmonic Centrality,1.5452662714201661
8491,Caribbean,Harmonic Centrality,1.63555845539477
8492,Caribbean,Harmonic Centrality,0.4165024999056514
8493,Caribbean,Harmonic Centrality,1.7180476111246408
8494,Caribbean,Harmonic Centrality,1.7135887378419503
8495,Caribbean,Harmonic Centrality,1.0750780837598704
8496,Caribbean,Harmonic Centrality,1.1352728730762676
8497,Caribbean,Harmonic Centrality,2.4058288149805067
8498,Caribbean,Harmonic Centrality,1.5853961309644309
8499,Caribbean,Harmonic Centrality,1.623296553867353
8500,Caribbean,Harmonic Centrality,1.5474957080615197
8501,Caribbean,Harmonic Centrality,0.787257813361833
8502,Caribbean,Harmonic Centrality,1.7693246538756506
8503,Caribbean,Harmonic Centrality,1.0226863226881908
8504,Caribbean,Harmonic Centrality,1.6355584553947635
8505,Caribbean,Harmonic Centrality,1.2710455645343643
8506,Caribbean,Harmonic Centrality,1.6299848637913963
8507,Caribbean,Harmonic Centrality,1.7057857095972317
8508,Caribbean,Harmonic Centrality,0.9711863362730466
8509,Caribbean,Harmonic Centrality,1.1553378028483998
8510,Caribbean,Harmonic Centrality,1.54080739813747
8511,Caribbean,Harmonic Centrality,0.9919200970375885
8512,Caribbean,Harmonic Centrality,2.1839998691663847
8513,Caribbean,Harmonic Centrality,1.9108938806012472
8514,Caribbean,Harmonic Centrality,1.4538593691249058
8515,Caribbean,Harmonic Centrality,1.8150281050232813
8516,Caribbean,Harmonic Centrality,0.9321711950494553
8517,Caribbean,Harmonic Centrality,1.5274307782893817
8518,Caribbean,Harmonic Centrality,1.6344437370740887
8519,Caribbean,Harmonic Centrality,1.0420824214679194
8520,Caribbean,Harmonic Centrality,1.088231759943821
8521,Caribbean,Harmonic Centrality,2.3055041661198503
8522,Caribbean,Harmonic Centrality,1.9398765569387713
8523,Caribbean,Harmonic Centrality,1.9777769798416915
8524,Caribbean,Harmonic Centrality,2.1984912073351466
8525,Caribbean,Harmonic Centrality,2.0535778256475252
8526,Caribbean,Harmonic Centrality,1.98669472640708
8527,Caribbean,Harmonic Centrality,1.8796817676223772
8528,Caribbean,Harmonic Centrality,1.5151688767619733
8529,Caribbean,Harmonic Centrality,1.696867963031839
8530,Caribbean,Harmonic Centrality,1.5541840179855582
8531,Caribbean,Harmonic Centrality,1.6545086668462259
8532,Caribbean,Harmonic Centrality,1.5474957080615201
8533,Caribbean,Harmonic Centrality,1.6667705683736347
8534,Caribbean,Harmonic Centrality,1.7682099355549763
8535,Caribbean,Harmonic Centrality,1.5107100034792709
8536,Caribbean,Harmonic Centrality,1.993383036331128
8537,Caribbean,Harmonic Centrality,0.4098141899816073
8538,Caribbean,Harmonic Centrality,1.9922683180104481
8539,Caribbean,Harmonic Centrality,2.129378671453358
8540,Caribbean,Harmonic Centrality,0.4229678661655596
8541,Caribbean,Harmonic Centrality,0.557848782967115
8542,Caribbean,Harmonic Centrality,2.2676037432169354
8543,Caribbean,Harmonic Centrality,1.1997035920112253
8544,Caribbean,Harmonic Centrality,1.5307749332514033
8545,Caribbean,Harmonic Centrality,1.783815992044415
8546,Caribbean,Harmonic Centrality,1.3435022553781755
8547,Caribbean,Harmonic Centrality,1.6756883149390325
8548,Caribbean,Harmonic Centrality,1.1216733095640423
8549,Caribbean,Harmonic Centrality,0.7963985035913611
8550,Caribbean,Harmonic Centrality,0.9156733639034819
8551,Caribbean,Harmonic Centrality,1.8172575416646317
8552,Caribbean,Harmonic Centrality,2.2542271233688465
8553,Caribbean,Harmonic Centrality,2.0223657126686527
8554,Caribbean,Harmonic Centrality,0.6927296997686769
8555,Caribbean,Harmonic Centrality,0.7596127990091193
8556,Caribbean,Harmonic Centrality,0.8755435043592176
8557,Caribbean,Harmonic Centrality,1.7559480340275564
8558,Caribbean,Harmonic Centrality,1.7838159920444105
8559,Caribbean,Harmonic Centrality,1.8685345844156374
8560,Caribbean,Harmonic Centrality,1.5441515530994991
8561,Caribbean,Harmonic Centrality,0.8030868135154052
8562,Caribbean,Harmonic Centrality,0.9022967440553936
8563,Caribbean,Harmonic Centrality,1.4861862004244424
8564,Caribbean,Harmonic Centrality,1.8729934576983323
8565,Caribbean,Harmonic Centrality,1.5575281729475874
8566,Caribbean,Harmonic Centrality,0.9435413219203329
8567,Caribbean,Harmonic Centrality,1.0781992950577552
8568,Caribbean,Harmonic Centrality,1.045872463758208
8569,Caribbean,Harmonic Centrality,1.4549740874455772
8570,Caribbean,Harmonic Centrality,0.9480001952030287
8571,Caribbean,Harmonic Centrality,1.9599414867109044
8572,Caribbean,Harmonic Centrality,1.6455909202808312
8573,Caribbean,Harmonic Centrality,1.3747143683570466
8574,Caribbean,Harmonic Centrality,1.131705774450109
8575,Caribbean,Harmonic Centrality,0.9321711950494572
8576,Caribbean,Harmonic Centrality,1.9209263454873142
8577,Caribbean,Harmonic Centrality,1.4148442279013118
8578,Caribbean,Harmonic Centrality,1.4048117630152457
8579,Caribbean,Harmonic Centrality,1.7013268363145366
8580,Caribbean,Harmonic Centrality,1.4326797210320894
8581,Caribbean,Harmonic Centrality,2.1472141645841396
8582,Caribbean,Harmonic Centrality,0.9502296318443767
8583,Caribbean,Harmonic Centrality,0.9814417448232493
8584,Caribbean,Harmonic Centrality,2.0736427554196544
8585,Caribbean,Harmonic Centrality,1.3089459874372773
8586,Caribbean,Harmonic Centrality,1.46612127065231
8587,Caribbean,Harmonic Centrality,1.6734588782976834
8588,Caribbean,Harmonic Centrality,2.0067596561792134
8589,Caribbean,Harmonic Centrality,1.0848876049817986
8590,Caribbean,Harmonic Centrality,1.3992381714118753
8591,Caribbean,Harmonic Centrality,1.6912943714284678
8592,Caribbean,Harmonic Centrality,1.1004936614712348
8593,Caribbean,Harmonic Centrality,1.9365324019767485
8594,Caribbean,Harmonic Centrality,1.2821927477411024
8595,Caribbean,Harmonic Centrality,0.8944937158106754
8596,Caribbean,Harmonic Centrality,1.0592490836062962
8597,Caribbean,Harmonic Centrality,0.7660781652690279
8598,Caribbean,Harmonic Centrality,1.4215325378253563
8599,Caribbean,Harmonic Centrality,1.5909697225678012
8600,Caribbean,Harmonic Centrality,1.3501905653022122
8601,Caribbean,Harmonic Centrality,2.053577825647522
8602,Caribbean,Harmonic Centrality,1.336813945454124
8603,Caribbean,Harmonic Centrality,1.3702554950743444
8604,Caribbean,Harmonic Centrality,1.3858615515637807
8605,Caribbean,Harmonic Centrality,1.3256667622473899
8606,Caribbean,Harmonic Centrality,0.7660781652690279
8607,Caribbean,Harmonic Centrality,1.1930152820871798
8608,Caribbean,Harmonic Centrality,1.3234373256060357
8609,Caribbean,Harmonic Centrality,1.7581774706689055
8610,Caribbean,Harmonic Centrality,1.9744328248796656
8611,Caribbean,Harmonic Centrality,1.263242536289639
8612,Caribbean,Harmonic Centrality,0.7460132354968949
8613,Caribbean,Harmonic Centrality,0.7148011225180222
8614,Caribbean,Harmonic Centrality,1.6701147233356568
8615,Caribbean,Harmonic Centrality,0.7081128125939781
8616,Caribbean,Harmonic Centrality,0.7393249255728508
8617,Caribbean,Harmonic Centrality,1.0371776608569478
8618,Caribbean,Harmonic Centrality,1.2231126767453742
8619,Caribbean,Harmonic Centrality,1.0572425906290803
8620,Caribbean,Harmonic Centrality,1.21642436682133
8621,Caribbean,Harmonic Centrality,1.1174373799454773
8622,Caribbean,Harmonic Centrality,0.8521344196250624
8623,Caribbean,Harmonic Centrality,0.8454461097010179
8624,Caribbean,Harmonic Centrality,0.8454461097010179
8625,Caribbean,Harmonic Centrality,1.5374632431754474
8626,Caribbean,Harmonic Centrality,1.2075066202559361
8627,Caribbean,Harmonic Centrality,0.6791301362564526
8628,Caribbean,Harmonic Centrality,0.7148011225180222
8629,Caribbean,Harmonic Centrality,1.4014676080532171
8630,Caribbean,Harmonic Centrality,1.2208832401040244
8631,Caribbean,Harmonic Centrality,0.7961755599272258
8632,Caribbean,Harmonic Centrality,1.425991411108044
8633,Caribbean,Harmonic Centrality,1.3056018324752512
8634,Caribbean,Harmonic Centrality,1.2275715500280684
8635,Caribbean,Harmonic Centrality,0.5776907690751151
8636,Caribbean,Harmonic Centrality,0.685818446180497
8637,Caribbean,Harmonic Centrality,1.4081559179772611
8638,Caribbean,Harmonic Centrality,0.6300825301467938
8639,Caribbean,Harmonic Centrality,1.714703456162617
8640,Caribbean,Harmonic Centrality,0.9925889280299859
8641,Caribbean,Harmonic Centrality,1.8161428233439534
8642,Caribbean,Harmonic Centrality,1.5240866233273591
8643,Caribbean,Harmonic Centrality,0.27292678020284333
8644,Caribbean,Harmonic Centrality,0.5910673889232029
8645,Caribbean,Harmonic Centrality,1.633329018753413
8646,Caribbean,Harmonic Centrality,1.4750390172177017
8647,Caribbean,Harmonic Centrality,1.5998874691331924
8648,Caribbean,Harmonic Centrality,1.7046709912765516
8649,Caribbean,Harmonic Centrality,-0.069610235192846
8650,Caribbean,Harmonic Centrality,1.640017328677457
8651,Caribbean,Harmonic Centrality,1.3936645798084988
8652,Caribbean,Harmonic Centrality,0.27961509012688746
8653,Caribbean,Harmonic Centrality,1.2989135225512058
8654,Caribbean,Harmonic Centrality,1.6177229622639768
8655,Caribbean,Harmonic Centrality,1.407041199656587
8656,Caribbean,Harmonic Centrality,1.4059264813359122
8657,Caribbean,Harmonic Centrality,0.97363871657853
8658,Caribbean,Harmonic Centrality,1.4683507072936584
8659,Caribbean,Harmonic Centrality,0.15565841286793644
8660,Caribbean,Harmonic Centrality,0.9558032234477455
8661,Caribbean,Harmonic Centrality,0.15565841286793644
8662,Caribbean,Harmonic Centrality,0.9468854768823535
8663,Caribbean,Harmonic Centrality,1.308945987437272
8664,Caribbean,Harmonic Centrality,1.0093097028400984
8665,Caribbean,Harmonic Centrality,1.0260304776502065
8666,Caribbean,Harmonic Centrality,0.34248520341290206
8667,Caribbean,Harmonic Centrality,0.15565841286793644
8668,Caribbean,Harmonic Centrality,0.21986618813875958
8669,Caribbean,Harmonic Centrality,1.1419611830003045
8670,Caribbean,Harmonic Centrality,0.3442687527259754
8671,Caribbean,Harmonic Centrality,0.2640090336374492
8672,Caribbean,Harmonic Centrality,1.3669113401123223
8673,Caribbean,Harmonic Centrality,1.3156342973613162
8674,Caribbean,Harmonic Centrality,0.33579689348885794
8675,Caribbean,Harmonic Centrality,0.3268791469234657
8676,Caribbean,Harmonic Centrality,0.14228179301984822
8677,Caribbean,Harmonic Centrality,0.3224202736407697
8678,Caribbean,Harmonic Centrality,0.3491735133369462
8679,Caribbean,Harmonic Centrality,-1.1568109378936584
8680,Caribbean,Harmonic Centrality,0.2310133713454999
8681,Caribbean,Harmonic Centrality,0.5197254164000664
8682,Caribbean,Harmonic Centrality,-0.01989379809078506
8683,Caribbean,Harmonic Centrality,0.7170305591593693
8684,Caribbean,Harmonic Centrality,0.6880478828218446
8685,Caribbean,Harmonic Centrality,0.21652203317673752
8686,Caribbean,Harmonic Centrality,-0.12044139061558032
8687,Caribbean,Harmonic Centrality,0.5756842760979033
8688,Caribbean,Harmonic Centrality,-0.26396933667608136
8689,Caribbean,Harmonic Centrality,-0.13270329214299442
8690,Caribbean,Harmonic Centrality,0.6552751641940281
8691,Caribbean,Harmonic Centrality,-0.06671196755909409
8692,Caribbean,Harmonic Centrality,0.21986618813875958
8693,Caribbean,Harmonic Centrality,0.7121257985484016
8694,Caribbean,Harmonic Centrality,0.17304801867045075
8695,Caribbean,Harmonic Centrality,0.2265544980628037
8696,Caribbean,Harmonic Centrality,-0.05110591106965775
8697,Caribbean,Harmonic Centrality,0.26668435760706843
8698,Caribbean,Harmonic Centrality,-0.13270329214299442
8699,Caribbean,Harmonic Centrality,0.7176993901517712
8700,Caribbean,Harmonic Centrality,0.1596713988223625
8701,Caribbean,Harmonic Centrality,0.6775695306075065
8702,Caribbean,Harmonic Centrality,0.2533077377589802
8703,Caribbean,Harmonic Centrality,0.186424638518539
8704,Caribbean,Harmonic Centrality,0.19980125836662724
8705,Caribbean,Harmonic Centrality,0.44949816219760413
8706,Caribbean,Harmonic Centrality,0.20648956829067133
8707,Caribbean,Harmonic Centrality,0.23324280798684782
8708,Caribbean,Harmonic Centrality,0.9424266035996546
8709,Caribbean,Harmonic Centrality,1.0806516753632358
8710,Caribbean,Harmonic Centrality,1.0605867455911036
8711,Caribbean,Harmonic Centrality,1.0806516753632358
8712,Caribbean,Harmonic Centrality,0.9691798432958322
8713,Caribbean,Harmonic Centrality,1.0672750555151476
8714,Caribbean,Harmonic Centrality,1.0806516753632358
8715,Caribbean,Harmonic Centrality,1.08733998528728
8716,Caribbean,Harmonic Centrality,0.9803270265025741
8717,Caribbean,Harmonic Centrality,0.9401971669583067
8718,Caribbean,Harmonic Centrality,1.0137685761227935
8719,Caribbean,Harmonic Centrality,0.7239418127475454
8720,Caribbean,Harmonic Centrality,1.0204568860468388
8721,Caribbean,Harmonic Centrality,1.1207815349075005
8722,Caribbean,Harmonic Centrality,0.9245911104688701
8723,Caribbean,Harmonic Centrality,0.7239418127475454
8724,Caribbean,Harmonic Centrality,0.6971885730513689
8725,Caribbean,Harmonic Centrality,0.8933789974899997
8726,Caribbean,Harmonic Centrality,1.033833505894927
8727,Caribbean,Harmonic Centrality,0.7373184325956337
8728,Caribbean,Harmonic Centrality,0.634764347093624
8729,Caribbean,Harmonic Centrality,0.3832838939495675
8730,Caribbean,Harmonic Centrality,0.634764347093624
8731,Caribbean,Harmonic Centrality,0.3765955840255234
8732,Caribbean,Harmonic Centrality,1.0670521118510203
8733,Caribbean,Harmonic Centrality,0.5322102615916124
8734,Caribbean,Harmonic Centrality,0.8652880958090133
8735,GBR,Clustering Coefficient,-1.6677242588736374
8736,GBR,Clustering Coefficient,-1.6677242588736374
8737,GBR,Clustering Coefficient,-1.6677242588736374
8738,GBR,Clustering Coefficient,-1.6677242588736374
8739,GBR,Clustering Coefficient,-1.6677242588736374
8740,GBR,Clustering Coefficient,-1.6677242588736374
8741,GBR,Clustering Coefficient,-0.6049405802980978
8742,GBR,Clustering Coefficient,-0.6049405802980978
8743,GBR,Clustering Coefficient,-0.6049405802980978
8744,GBR,Clustering Coefficient,-1.6677242588736374
8745,GBR,Clustering Coefficient,-0.07354874101032803
8746,GBR,Clustering Coefficient,-1.6677242588736374
8747,GBR,Clustering Coefficient,-1.0300540517283137
8748,GBR,Clustering Coefficient,1.5206267768529813
8749,GBR,Clustering Coefficient,-1.6677242588736374
8750,GBR,Clustering Coefficient,1.5206267768529813
8751,GBR,Clustering Coefficient,-0.6049405802980978
8752,GBR,Clustering Coefficient,-1.6677242588736374
8753,GBR,Clustering Coefficient,1.5206267768529813
8754,GBR,Clustering Coefficient,-0.6049405802980978
8755,GBR,Clustering Coefficient,-1.6677242588736374
8756,GBR,Clustering Coefficient,1.5206267768529813
8757,GBR,Clustering Coefficient,-1.6677242588736374
8758,GBR,Clustering Coefficient,-1.6677242588736374
8759,GBR,Clustering Coefficient,0.24528636256233377
8760,GBR,Clustering Coefficient,1.5206267768529813
8761,GBR,Clustering Coefficient,-0.6049405802980978
8762,GBR,Clustering Coefficient,0.45784309827744163
8763,GBR,Clustering Coefficient,-0.6049405802980978
8764,GBR,Clustering Coefficient,0.24528636256233377
8765,GBR,Clustering Coefficient,-1.6677242588736374
8766,GBR,Clustering Coefficient,-1.6677242588736374
8767,GBR,Clustering Coefficient,-1.6677242588736374
8768,GBR,Clustering Coefficient,-1.6677242588736374
8769,GBR,Clustering Coefficient,-0.6049405802980978
8770,GBR,Clustering Coefficient,1.5206267768529813
8771,GBR,Clustering Coefficient,-0.6049405802980978
8772,GBR,Clustering Coefficient,-1.6677242588736374
8773,GBR,Clustering Coefficient,-1.6677242588736374
8774,GBR,Clustering Coefficient,-1.6677242588736374
8775,GBR,Clustering Coefficient,-1.6677242588736374
8776,GBR,Clustering Coefficient,-1.6677242588736374
8777,GBR,Clustering Coefficient,-0.07354874101032803
8778,GBR,Clustering Coefficient,-1.6677242588736374
8779,GBR,Clustering Coefficient,-1.0300540517283137
8780,GBR,Clustering Coefficient,-1.6677242588736374
8781,GBR,Clustering Coefficient,-0.6049405802980978
8782,GBR,Clustering Coefficient,0.45784309827744163
8783,GBR,Clustering Coefficient,-1.6677242588736374
8784,GBR,Clustering Coefficient,-1.6677242588736374
8785,GBR,Clustering Coefficient,-0.6049405802980978
8786,GBR,Clustering Coefficient,-1.0300540517283137
8787,GBR,Clustering Coefficient,-1.6677242588736374
8788,GBR,Clustering Coefficient,-0.6049405802980978
8789,GBR,Clustering Coefficient,-0.7112189481556518
8790,GBR,Clustering Coefficient,-1.0300540517283137
8791,GBR,Clustering Coefficient,-1.6677242588736374
8792,GBR,Clustering Coefficient,-0.6049405802980978
8793,GBR,Clustering Coefficient,-0.6049405802980978
8794,GBR,Clustering Coefficient,-1.6677242588736374
8795,GBR,Clustering Coefficient,-0.7112189481556518
8796,GBR,Clustering Coefficient,-1.6677242588736374
8797,GBR,Clustering Coefficient,-0.7567668200946035
8798,GBR,Clustering Coefficient,-0.6049405802980978
8799,GBR,Clustering Coefficient,-1.6677242588736374
8800,GBR,Clustering Coefficient,0.24528636256233377
8801,GBR,Clustering Coefficient,-0.6049405802980978
8802,GBR,Clustering Coefficient,0.45784309827744163
8803,GBR,Clustering Coefficient,-1.6677242588736374
8804,GBR,Clustering Coefficient,-1.6677242588736374
8805,GBR,Clustering Coefficient,-0.39238384458298986
8806,GBR,Clustering Coefficient,-0.5290274603998449
8807,GBR,Clustering Coefficient,-0.07354874101032803
8808,GBR,Clustering Coefficient,-0.6428971402472241
8809,GBR,Clustering Coefficient,0.45784309827744163
8810,GBR,Clustering Coefficient,-0.41515778055246577
8811,GBR,Clustering Coefficient,1.5206267768529813
8812,GBR,Clustering Coefficient,-1.6677242588736374
8813,GBR,Clustering Coefficient,-0.07354874101032803
8814,GBR,Clustering Coefficient,-0.7820711933940211
8815,GBR,Clustering Coefficient,0.24528636256233377
8816,GBR,Clustering Coefficient,-0.566293901077169
8817,GBR,Clustering Coefficient,-0.6757928255364671
8818,GBR,Clustering Coefficient,-0.6049405802980978
8819,GBR,Clustering Coefficient,0.0327296268472259
8820,GBR,Clustering Coefficient,0.9892349375652116
8821,GBR,Clustering Coefficient,-1.6677242588736374
8822,GBR,Clustering Coefficient,-0.17982710886788197
8823,GBR,Clustering Coefficient,-0.14946186090858093
8824,GBR,Clustering Coefficient,-1.6677242588736374
8825,GBR,Clustering Coefficient,-1.6677242588736374
8826,GBR,Clustering Coefficient,0.9892349375652116
8827,GBR,Clustering Coefficient,-0.7466450707748366
8828,GBR,Clustering Coefficient,-0.21847378808881074
8829,GBR,Clustering Coefficient,-0.4531143405015922
8830,GBR,Clustering Coefficient,0.0327296268472259
8831,GBR,Clustering Coefficient,0.9892349375652116
8832,GBR,Clustering Coefficient,-1.6677242588736374
8833,GBR,Clustering Coefficient,-1.6677242588736374
8834,GBR,Clustering Coefficient,-1.6677242588736374
8835,GBR,Clustering Coefficient,-0.07354874101032803
8836,GBR,Clustering Coefficient,-0.6049405802980978
8837,GBR,Clustering Coefficient,0.45784309827744163
8838,GBR,Clustering Coefficient,-0.5231879896384409
8839,GBR,Clustering Coefficient,-0.8706364999419827
8840,GBR,Clustering Coefficient,-0.6049405802980978
8841,GBR,Clustering Coefficient,-0.6049405802980978
8842,GBR,Clustering Coefficient,-0.6049405802980978
8843,GBR,Clustering Coefficient,-0.6049405802980978
8844,GBR,Clustering Coefficient,-0.6049405802980978
8845,GBR,Clustering Coefficient,-0.41515778055246577
8846,GBR,Clustering Coefficient,-0.07354874101032803
8847,GBR,Clustering Coefficient,-1.6677242588736374
8848,GBR,Clustering Coefficient,-0.39238384458298986
8849,GBR,Clustering Coefficient,-0.39238384458298986
8850,GBR,Clustering Coefficient,-0.4278099672021745
8851,GBR,Clustering Coefficient,-0.5115090481156328
8852,GBR,Clustering Coefficient,-0.5163752737501363
8853,GBR,Clustering Coefficient,-0.39238384458298986
8854,GBR,Clustering Coefficient,-0.6049405802980978
8855,GBR,Clustering Coefficient,-1.0300540517283137
8856,GBR,Clustering Coefficient,-0.10253375042602458
8857,GBR,Clustering Coefficient,0.24528636256233377
8858,GBR,Clustering Coefficient,0.24528636256233377
8859,GBR,Clustering Coefficient,-0.6049405802980978
8860,GBR,Clustering Coefficient,-0.39238384458298986
8861,GBR,Clustering Coefficient,-0.5815826972524816
8862,GBR,Clustering Coefficient,-0.12185709003648888
8863,GBR,Clustering Coefficient,-0.07354874101032803
8864,GBR,Clustering Coefficient,-1.6677242588736374
8865,GBR,Clustering Coefficient,1.5206267768529813
8866,GBR,Clustering Coefficient,0.0327296268472259
8867,GBR,Clustering Coefficient,-1.2426107874434216
8868,GBR,Clustering Coefficient,-1.6677242588736374
8869,GBR,Clustering Coefficient,-0.6242639199085622
8870,GBR,Clustering Coefficient,0.8829565697076577
8871,GBR,Clustering Coefficient,-0.07354874101032803
8872,GBR,Clustering Coefficient,-0.6049405802980978
8873,GBR,Clustering Coefficient,-0.4632360898213592
8874,GBR,Clustering Coefficient,-1.6677242588736374
8875,GBR,Clustering Coefficient,0.2646097021727982
8876,GBR,Clustering Coefficient,0.15419061868443035
8877,GBR,Clustering Coefficient,-0.10253375042602458
8878,GBR,Clustering Coefficient,-0.6428971402472241
8879,GBR,Clustering Coefficient,0.45784309827744163
8880,GBR,Clustering Coefficient,-1.1363324195858677
8881,GBR,Clustering Coefficient,-0.25067935410625136
8882,GBR,Clustering Coefficient,-0.39238384458298986
8883,GBR,Clustering Coefficient,-1.6677242588736374
8884,GBR,Clustering Coefficient,0.3819299783791891
8885,GBR,Clustering Coefficient,-0.12043625624160186
8886,GBR,Clustering Coefficient,-1.6677242588736374
8887,GBR,Clustering Coefficient,-1.6677242588736374
8888,GBR,Clustering Coefficient,0.45784309827744163
8889,GBR,Clustering Coefficient,0.45784309827744163
8890,GBR,Clustering Coefficient,0.3060168584809362
8891,GBR,Clustering Coefficient,-0.7466450707748366
8892,GBR,Clustering Coefficient,-1.6677242588736374
8893,GBR,Clustering Coefficient,-0.020409557081550893
8894,GBR,Clustering Coefficient,-0.6049405802980978
8895,GBR,Clustering Coefficient,0.45784309827744163
8896,GBR,Clustering Coefficient,-1.6677242588736374
8897,GBR,Clustering Coefficient,-0.1621140475582897
8898,GBR,Clustering Coefficient,-0.25067935410625136
8899,GBR,Clustering Coefficient,0.45784309827744163
8900,GBR,Clustering Coefficient,0.8829565697076577
8901,GBR,Clustering Coefficient,-0.06312929318115612
8902,GBR,Clustering Coefficient,1.5206267768529813
8903,GBR,Clustering Coefficient,1.5206267768529813
8904,GBR,Clustering Coefficient,-0.6049405802980978
8905,GBR,Clustering Coefficient,0.24528636256233377
8906,GBR,Clustering Coefficient,-0.27092285274578537
8907,GBR,Clustering Coefficient,0.0023643788879248737
8908,GBR,Clustering Coefficient,-0.39238384458298986
8909,GBR,Clustering Coefficient,-0.09699249862596486
8910,GBR,Clustering Coefficient,1.5206267768529813
8911,GBR,Clustering Coefficient,-0.9644115304045303
8912,GBR,Clustering Coefficient,-1.0368740539437715
8913,GBR,Clustering Coefficient,-0.3012881007050866
8914,GBR,Clustering Coefficient,0.8249865508762646
8915,GBR,Clustering Coefficient,0.5641214661349956
8916,GBR,Clustering Coefficient,0.951278377616085
8917,GBR,Clustering Coefficient,0.45784309827744163
8918,GBR,Clustering Coefficient,0.8249865508762646
8919,GBR,Clustering Coefficient,-1.6677242588736374
8920,GBR,Clustering Coefficient,-0.07354874101032803
8921,GBR,Clustering Coefficient,-0.6049405802980978
8922,GBR,Clustering Coefficient,-0.7112189481556518
8923,GBR,Clustering Coefficient,-0.2861054767254359
8924,GBR,Clustering Coefficient,0.24528636256233377
8925,GBR,Clustering Coefficient,-0.8947906744550631
8926,GBR,Clustering Coefficient,1.5206267768529813
8927,GBR,Clustering Coefficient,-0.3084798699586052
8928,GBR,Clustering Coefficient,1.5206267768529813
8929,GBR,Clustering Coefficient,0.45784309827744163
8930,GBR,Clustering Coefficient,-0.14946186090858093
8931,GBR,Clustering Coefficient,-0.45035386341438294
8932,GBR,Clustering Coefficient,0.24528636256233377
8933,GBR,Clustering Coefficient,-1.0300540517283137
8934,GBR,Clustering Coefficient,0.45784309827744163
8935,GBR,Clustering Coefficient,-0.6049405802980978
8936,GBR,Clustering Coefficient,-0.45035386341438294
8937,GBR,Clustering Coefficient,-0.35487383239797093
8938,GBR,Clustering Coefficient,0.45784309827744163
8939,GBR,Clustering Coefficient,-1.6677242588736374
8940,GBR,Clustering Coefficient,0.45784309827744163
8941,GBR,Clustering Coefficient,-0.25067935410625136
8942,GBR,Clustering Coefficient,-0.5340883350597284
8943,GBR,Clustering Coefficient,-0.20639670083227055
8944,GBR,Clustering Coefficient,-0.5783709883337093
8945,GBR,Clustering Coefficient,-1.0604192996876147
8946,GBR,Clustering Coefficient,-1.1363324195858677
8947,GBR,Clustering Coefficient,-0.8174973160132057
8948,GBR,Clustering Coefficient,-0.058366117030677525
8949,GBR,Clustering Coefficient,1.5206267768529813
8950,GBR,Clustering Coefficient,-1.0300540517283137
8951,GBR,Clustering Coefficient,0.15419061868443035
8952,GBR,Clustering Coefficient,-0.6049405802980978
8953,GBR,Clustering Coefficient,-0.08873136498997855
8954,GBR,Clustering Coefficient,-0.8471927423263459
8955,GBR,Clustering Coefficient,-0.9996888037690124
8956,GBR,Clustering Coefficient,0.8829565697076577
8957,GBR,Clustering Coefficient,-0.8473298403240981
8958,GBR,Clustering Coefficient,-0.39238384458298986
8959,GBR,Clustering Coefficient,-0.37136174984193526
8960,GBR,Clustering Coefficient,-0.39238384458298986
8961,GBR,Clustering Coefficient,0.6703998339925495
8962,GBR,Clustering Coefficient,-0.7112189481556518
8963,GBR,Clustering Coefficient,0.15419061868443035
8964,GBR,Clustering Coefficient,-0.19617762699981328
8965,GBR,Clustering Coefficient,0.24528636256233377
8966,GBR,Clustering Coefficient,-0.7466450707748366
8967,GBR,Clustering Coefficient,-0.07354874101032803
8968,GBR,Clustering Coefficient,-0.4557779587436362
8969,GBR,Clustering Coefficient,-0.7567668200946035
8970,GBR,Clustering Coefficient,-0.1621140475582897
8971,GBR,Clustering Coefficient,-0.7951229227800364
8972,GBR,Clustering Coefficient,-0.31509048614113244
8973,GBR,Clustering Coefficient,-0.8174973160132057
8974,GBR,Clustering Coefficient,0.2680602985318095
8975,GBR,Clustering Coefficient,-0.2667821371149716
8976,GBR,Clustering Coefficient,-0.04456373159463167
8977,GBR,Clustering Coefficient,-0.6428971402472241
8978,GBR,Clustering Coefficient,-0.10253375042602458
8979,GBR,Clustering Coefficient,-0.31509048614113244
8980,GBR,Clustering Coefficient,0.45784309827744163
8981,GBR,Clustering Coefficient,-0.6822339387399553
8982,GBR,Clustering Coefficient,0.9133218176669587
8983,GBR,Clustering Coefficient,-0.508323882245776
8984,GBR,Clustering Coefficient,-1.0370614166419987
8985,GBR,Clustering Coefficient,-0.07354874101032803
8986,GBR,Clustering Coefficient,-0.943099023481224
8987,GBR,Clustering Coefficient,-0.2667821371149716
8988,GBR,Clustering Coefficient,-0.5745753323387967
8989,GBR,Clustering Coefficient,-0.39238384458298986
8990,GBR,Clustering Coefficient,-0.6776573583058978
8991,GBR,Clustering Coefficient,-0.5893114085543398
8992,GBR,Clustering Coefficient,-0.07354874101032803
8993,GBR,Clustering Coefficient,0.24528636256233377
8994,GBR,Clustering Coefficient,0.5641214661349956
8995,GBR,Clustering Coefficient,-0.5566322312719368
8996,GBR,Clustering Coefficient,-1.6677242588736374
8997,GBR,Clustering Coefficient,-0.7567668200946035
8998,GBR,Clustering Coefficient,-0.12185709003648888
8999,GBR,Clustering Coefficient,0.45784309827744163
9000,GBR,Clustering Coefficient,0.24528636256233377
9001,GBR,Clustering Coefficient,1.5206267768529813
9002,GBR,Clustering Coefficient,-0.07354874101032803
9003,GBR,Clustering Coefficient,-0.7981739764027415
9004,GBR,Clustering Coefficient,-0.3012881007050866
9005,GBR,Clustering Coefficient,-0.3012881007050866
9006,GBR,Clustering Coefficient,0.45784309827744163
9007,GBR,Clustering Coefficient,-0.7567668200946035
9008,GBR,Clustering Coefficient,-0.7112189481556518
9009,GBR,Clustering Coefficient,-0.8174973160132057
9010,GBR,Clustering Coefficient,-0.8174973160132057
9011,GBR,Clustering Coefficient,-0.4531143405015922
9012,GBR,Clustering Coefficient,0.0327296268472259
9013,GBR,Clustering Coefficient,-0.8947906744550631
9014,GBR,Clustering Coefficient,-0.4531143405015922
9015,GBR,Clustering Coefficient,-0.9141140140655276
9016,GBR,Clustering Coefficient,0.0023643788879248737
9017,GBR,Clustering Coefficient,0.45784309827744163
9018,GBR,Clustering Coefficient,-0.4278099672021745
9019,GBR,Clustering Coefficient,0.9892349375652116
9020,GBR,Clustering Coefficient,0.45784309827744163
9021,GBR,Clustering Coefficient,-1.6677242588736374
9022,GBR,Clustering Coefficient,-1.6677242588736374
9023,GBR,Clustering Coefficient,-1.6677242588736374
9024,GBR,Clustering Coefficient,-0.5252318044049323
9025,GBR,Clustering Coefficient,-1.1219704779834954
9026,GBR,Clustering Coefficient,-0.5163752737501363
9027,GBR,Clustering Coefficient,-0.1874184208577072
9028,GBR,Clustering Coefficient,-0.39238384458298986
9029,GBR,Clustering Coefficient,-0.9996888037690124
9030,GBR,Clustering Coefficient,0.2680602985318095
9031,GBR,Clustering Coefficient,-0.566293901077169
9032,GBR,Clustering Coefficient,-0.7567668200946035
9033,GBR,Clustering Coefficient,-1.182540405610891
9034,GBR,Clustering Coefficient,-0.6458168756279262
9035,GBR,Clustering Coefficient,0.0327296268472259
9036,GBR,Clustering Coefficient,-0.14946186090858093
9037,GBR,Clustering Coefficient,-0.929369282179052
9038,GBR,Clustering Coefficient,0.5641214661349956
9039,GBR,Clustering Coefficient,-0.9964924618785598
9040,GBR,Clustering Coefficient,0.24528636256233377
9041,GBR,Clustering Coefficient,0.6096693380739474
9042,GBR,Clustering Coefficient,-0.7264015721353023
9043,GBR,Clustering Coefficient,-0.07354874101032803
9044,GBR,Clustering Coefficient,-0.6795218910753287
9045,GBR,Clustering Coefficient,-1.095456124256039
9046,GBR,Clustering Coefficient,-0.7466450707748366
9047,GBR,Clustering Coefficient,-1.0300540517283137
9048,GBR,Clustering Coefficient,-0.9613818755742017
9049,GBR,Clustering Coefficient,-0.878227811931808
9050,GBR,Clustering Coefficient,-0.8093220569472401
9051,GBR,Clustering Coefficient,-0.8093220569472401
9052,GBR,Clustering Coefficient,-0.07354874101032803
9053,GBR,Clustering Coefficient,0.45784309827744163
9054,GBR,Clustering Coefficient,-0.616619521820906
9055,GBR,Clustering Coefficient,0.45784309827744163
9056,GBR,Clustering Coefficient,-0.7909277240488172
9057,GBR,Clustering Coefficient,-0.25067935410625136
9058,GBR,Clustering Coefficient,-0.4632360898213592
9059,GBR,Clustering Coefficient,-1.2472823640525448
9060,GBR,Clustering Coefficient,0.45784309827744163
9061,GBR,Clustering Coefficient,-0.032672445680499734
9062,GBR,Clustering Coefficient,-0.36339883516729327
9063,GBR,Clustering Coefficient,0.0327296268472259
9064,GBR,Clustering Coefficient,-0.7112189481556518
9065,GBR,Clustering Coefficient,-0.6049405802980978
9066,GBR,Clustering Coefficient,-0.3620185966236888
9067,GBR,Clustering Coefficient,-0.17982710886788197
9068,GBR,Clustering Coefficient,0.24528636256233377
9069,GBR,Clustering Coefficient,-0.07354874101032803
9070,GBR,Clustering Coefficient,-0.9760713886895561
9071,GBR,Clustering Coefficient,-0.2861054767254359
9072,GBR,Clustering Coefficient,0.6703998339925495
9073,GBR,Clustering Coefficient,0.9133218176669587
9074,GBR,Clustering Coefficient,-0.07354874101032803
9075,GBR,Clustering Coefficient,0.1035818720855953
9076,GBR,Clustering Coefficient,1.5206267768529813
9077,GBR,Clustering Coefficient,-1.2015910665159446
9078,GBR,Clustering Coefficient,0.28071248518151865
9079,GBR,Clustering Coefficient,0.9892349375652116
9080,GBR,Clustering Coefficient,0.8829565697076577
9081,GBR,Clustering Coefficient,-1.1050740760983515
9082,GBR,Clustering Coefficient,-0.5937533836815132
9083,GBR,Clustering Coefficient,-0.10897486362951274
9084,GBR,Clustering Coefficient,-0.6242639199085622
9085,GBR,Clustering Coefficient,0.5464084048254033
9086,GBR,Clustering Coefficient,-0.6049405802980978
9087,GBR,Clustering Coefficient,-1.6677242588736374
9088,GBR,Clustering Coefficient,-1.0425573891233202
9089,GBR,Clustering Coefficient,-0.542423893323066
9090,GBR,Clustering Coefficient,0.45784309827744163
9091,GBR,Clustering Coefficient,-1.2122455394841205
9092,GBR,Clustering Coefficient,-0.6782360064067556
9093,GBR,Clustering Coefficient,-1.1363324195858677
9094,GBR,Clustering Coefficient,-0.5897579563184472
9095,GBR,Clustering Coefficient,-0.8618772937998767
9096,GBR,Clustering Coefficient,-0.5115090481156328
9097,GBR,Clustering Coefficient,-0.5893114085543398
9098,GBR,Clustering Coefficient,-0.41739051937300264
9099,GBR,Clustering Coefficient,-0.6049405802980978
9100,GBR,Clustering Coefficient,0.11968465509431535
9101,GBR,Clustering Coefficient,-1.6677242588736374
9102,GBR,Clustering Coefficient,-0.7466450707748366
9103,GBR,Clustering Coefficient,-1.1717585422050523
9104,GBR,Clustering Coefficient,-0.07354874101032803
9105,GBR,Clustering Coefficient,0.45784309827744163
9106,GBR,Clustering Coefficient,-0.8706364999419827
9107,GBR,Clustering Coefficient,-0.4063985744103597
9108,GBR,Clustering Coefficient,-0.6049405802980978
9109,GBR,Clustering Coefficient,1.2017916732803196
9110,GBR,Clustering Coefficient,-0.27092285274578537
9111,GBR,Clustering Coefficient,-0.4531143405015922
9112,GBR,Clustering Coefficient,-0.8910746476068968
9113,GBR,Clustering Coefficient,-0.27092285274578537
9114,GBR,Clustering Coefficient,-0.8706364999419827
9115,GBR,Clustering Coefficient,-0.8501983522770685
9116,GBR,Clustering Coefficient,-1.058186560867078
9117,GBR,Clustering Coefficient,0.0327296268472259
9118,GBR,Clustering Coefficient,0.24528636256233377
9119,GBR,Clustering Coefficient,-1.1884296587317273
9120,GBR,Clustering Coefficient,-0.8706364999419827
9121,GBR,Clustering Coefficient,-1.3343019283401347
9122,GBR,Clustering Coefficient,-0.5340883350597284
9123,GBR,Clustering Coefficient,-0.1874184208577072
9124,GBR,Clustering Coefficient,-1.2021237901643533
9125,GBR,Clustering Coefficient,-0.39238384458298986
9126,GBR,Clustering Coefficient,0.2680602985318095
9127,GBR,Clustering Coefficient,-1.1415678071650575
9128,GBR,Clustering Coefficient,-1.216041195479033
9129,GBR,Clustering Coefficient,-0.7112189481556518
9130,GBR,Clustering Coefficient,-0.7291620492225115
9131,GBR,Clustering Coefficient,-1.6677242588736374
9132,GBR,Clustering Coefficient,-0.6049405802980978
9133,GBR,Clustering Coefficient,-1.072098241210423
9134,GBR,Clustering Coefficient,-0.5163752737501363
9135,GBR,Clustering Coefficient,-0.6830864390168875
9136,GBR,Clustering Coefficient,1.5206267768529813
9137,GBR,Clustering Coefficient,-1.0137035335963822
9138,GBR,Clustering Coefficient,-1.6677242588736374
9139,GBR,Clustering Coefficient,-1.6677242588736374
9140,GBR,Clustering Coefficient,-0.3079863171666971
9141,GBR,Clustering Coefficient,-0.6866931709577546
9142,GBR,Clustering Coefficient,0.8829565697076577
9143,GBR,Clustering Coefficient,-0.1874184208577072
9144,GBR,Clustering Coefficient,-1.6677242588736374
9145,GBR,Clustering Coefficient,-0.33143007478233394
9146,GBR,Clustering Coefficient,-1.6677242588736374
9147,GBR,Clustering Coefficient,-0.6049405802980978
9148,GBR,Clustering Coefficient,-1.6677242588736374
9149,GBR,Clustering Coefficient,-1.6677242588736374
9150,GBR,Clustering Coefficient,-1.0604192996876147
9151,GBR,Clustering Coefficient,-1.2039641082224928
9152,GBR,Clustering Coefficient,-1.002024592073574
9153,GBR,Clustering Coefficient,0.15419061868443035
9154,GBR,Clustering Coefficient,-1.1846407686120286
9155,GBR,Clustering Coefficient,-0.028000869071376503
9156,GBR,Clustering Coefficient,-1.1846407686120286
9157,GBR,Clustering Coefficient,-0.10253375042602458
9158,GBR,Clustering Coefficient,-1.1363324195858677
9159,GBR,Clustering Coefficient,0.24528636256233377
9160,GBR,Clustering Coefficient,-0.7015572783504196
9161,GBR,Clustering Coefficient,-0.27793021765947024
9162,GBR,Clustering Coefficient,-1.1363324195858677
9163,GBR,Clustering Coefficient,-1.6677242588736374
9164,GBR,Clustering Coefficient,-1.258961305575353
9165,GBR,Clustering Coefficient,-0.21847378808881074
9166,GBR,Clustering Coefficient,-1.6677242588736374
9167,GBR,Clustering Coefficient,-0.9977084615107973
9168,GBR,Clustering Coefficient,-1.3701448288724862
9169,GBR,Clustering Coefficient,-0.6049405802980978
9170,GBR,Clustering Coefficient,-1.0300540517283137
9171,GBR,Clustering Coefficient,-0.5138448364201944
9172,GBR,Clustering Coefficient,-1.3343019283401347
9173,GBR,Clustering Coefficient,-0.17982710886788197
9174,GBR,Clustering Coefficient,-0.41515778055246577
9175,GBR,Clustering Coefficient,-0.6361989237856136
9176,GBR,Clustering Coefficient,-1.261934127053886
9177,GBR,Clustering Coefficient,0.18731634373094067
9178,GBR,Clustering Coefficient,-1.4551675231585295
9179,GBR,Clustering Coefficient,-1.6677242588736374
9180,GBR,Clustering Coefficient,0.3819299783791891
9181,GBR,Clustering Coefficient,-0.07354874101032803
9182,GBR,Clustering Coefficient,0.015016565537633633
9183,GBR,Clustering Coefficient,-0.8561439952341345
9184,GBR,Clustering Coefficient,-0.17982710886788197
9185,GBR,Clustering Coefficient,-0.6049405802980978
9186,GBR,Clustering Coefficient,-0.3215315993446206
9187,GBR,Clustering Coefficient,-0.6049405802980978
9188,GBR,Clustering Coefficient,-0.8706364999419827
9189,GBR,Clustering Coefficient,-0.7264015721353023
9190,GBR,Clustering Coefficient,-1.6097542400422442
9191,GBR,Clustering Coefficient,-0.7112189481556518
9192,GBR,Clustering Coefficient,-1.6677242588736374
9193,GBR,Clustering Coefficient,-1.6677242588736374
9194,GBR,Clustering Coefficient,-1.0300540517283137
9195,GBR,Clustering Coefficient,-0.6049405802980978
9196,GBR,Clustering Coefficient,1.5206267768529813
9197,GBR,Clustering Coefficient,-0.6049405802980978
9198,GBR,Clustering Coefficient,-1.6677242588736374
9199,GBR,Clustering Coefficient,-1.6677242588736374
9200,GBR,Clustering Coefficient,-1.364071779280626
9201,GBR,Clustering Coefficient,-1.0300540517283137
9202,GBR,Clustering Coefficient,-1.5791589523256757
9203,GBR,Clustering Coefficient,-1.4135803357360084
9204,GBR,Clustering Coefficient,-0.14946186090858093
9205,GBR,Clustering Coefficient,-1.6677242588736374
9206,GBR,Clustering Coefficient,-1.2426107874434216
9207,GBR,Clustering Coefficient,-0.07354874101032803
9208,GBR,Clustering Coefficient,-1.6677242588736374
9209,GBR,Clustering Coefficient,-1.2812574666643501
9210,GBR,Clustering Coefficient,-0.9728272382665538
9211,GBR,Clustering Coefficient,-1.1363324195858677
9212,GBR,Clustering Coefficient,-1.6677242588736374
9213,GBR,Clustering Coefficient,-0.9592018064899444
9214,GBR,Clustering Coefficient,-0.984506179789362
9215,GBR,Clustering Coefficient,-1.5538545790262581
9216,GBR,Clustering Coefficient,-0.7567668200946035
9217,GBR,Clustering Coefficient,-0.9085930598911092
9218,GBR,Clustering Coefficient,-1.2122455394841205
9219,GBR,Clustering Coefficient,-1.6677242588736374
9220,GBR,Clustering Coefficient,-0.984506179789362
9221,GBR,Clustering Coefficient,-1.0425573891233202
9222,GBR,Clustering Coefficient,1.5206267768529813
9223,GBR,Clustering Coefficient,-1.439984899178879
9224,GBR,Clustering Coefficient,-0.9592018064899444
9225,GBR,Clustering Coefficient,-1.2122455394841205
9226,GBR,Clustering Coefficient,-0.4531143405015922
9227,GBR,Clustering Coefficient,-1.3488891553009756
9228,GBR,Clustering Coefficient,-1.6677242588736374
9229,GBR,Clustering Coefficient,-1.6677242588736374
9230,GBR,Clustering Coefficient,-1.3173560131893935
9231,GBR,Clustering Coefficient,-1.3261152193314996
9232,GBR,Clustering Coefficient,0.45784309827744163
9233,GBR,Clustering Coefficient,-1.2426107874434216
9234,GBR,Clustering Coefficient,-1.1421718903472717
9235,GBR,Clustering Coefficient,-1.6677242588736374
9236,GBR,Clustering Coefficient,0.6703998339925495
9237,GBR,Clustering Coefficient,-1.6677242588736374
9238,GBR,Clustering Coefficient,-1.1629020115502562
9239,GBR,Clustering Coefficient,-1.6677242588736374
9240,GBR,Clustering Coefficient,-0.6049405802980978
9241,GBR,Clustering Coefficient,0.6703998339925495
9242,GBR,Clustering Coefficient,-1.0880240705597066
9243,GBR,Clustering Coefficient,-1.364071779280626
9244,GBR,Clustering Coefficient,-1.002024592073574
9245,GBR,Clustering Coefficient,-1.6677242588736374
9246,GBR,Clustering Coefficient,-1.1519615913296255
9247,GBR,Clustering Coefficient,-1.6677242588736374
9248,GBR,Clustering Coefficient,-0.8706364999419827
9249,GBR,Clustering Coefficient,-1.6677242588736374
9250,GBR,Clustering Coefficient,-1.1363324195858677
9251,GBR,Clustering Coefficient,-1.2248977261338292
9252,GBR,Clustering Coefficient,-0.8561439952341345
9253,GBR,Clustering Coefficient,-1.6677242588736374
9254,GBR,Clustering Coefficient,-1.6677242588736374
9255,GBR,Clustering Coefficient,0.45784309827744163
9256,GBR,Clustering Coefficient,-1.6677242588736374
9257,GBR,Clustering Coefficient,-1.6677242588736374
9258,GBR,Clustering Coefficient,-1.6677242588736374
9259,GBR,Clustering Coefficient,1.5206267768529813
9260,GBR,Clustering Coefficient,-1.6677242588736374
9261,GBR,Clustering Coefficient,-1.6677242588736374
9262,GBR,Clustering Coefficient,-1.0300540517283137
9263,GBR,Clustering Coefficient,-1.6677242588736374
9264,GBR,Clustering Coefficient,-1.6677242588736374
9265,GBR,Clustering Coefficient,-1.1818802915248192
9266,GBR,Clustering Coefficient,-1.0300540517283137
9267,GBR,Clustering Coefficient,-0.878227811931808
9268,GBR,Clustering Coefficient,-0.39238384458298986
9269,GBR,Clustering Coefficient,-0.7567668200946035
9270,GBR,Clustering Coefficient,-0.8883495612515749
9271,GBR,Clustering Coefficient,-0.8706364999419827
9272,GBR,Clustering Coefficient,-0.8883495612515749
9273,GBR,Clustering Coefficient,-1.1363324195858677
9274,GBR,Clustering Coefficient,-0.5340883350597284
9275,GBR,Clustering Coefficient,-0.7567668200946035
9276,GBR,Clustering Coefficient,-0.5163752737501363
9277,GBR,Clustering Coefficient,-1.2180850102455245
9278,GBR,Clustering Coefficient,-0.9720840328969207
9279,GBR,Clustering Coefficient,-0.8618772937998767
9280,GBR,Clustering Coefficient,-0.1874184208577072
9281,GBR,Clustering Coefficient,-0.14946186090858093
9282,GBR,Clustering Coefficient,-0.7820711933940211
9283,GBR,Clustering Coefficient,-0.8972060919063711
9284,GBR,Clustering Coefficient,-0.7466450707748366
9285,GBR,Clustering Coefficient,-0.10897486362951274
9286,GBR,Clustering Coefficient,-0.1621140475582897
9287,GBR,Clustering Coefficient,0.45784309827744163
9288,GBR,Clustering Coefficient,-0.3392446606542129
9289,GBR,Clustering Coefficient,-0.9237756838707597
9290,GBR,Clustering Coefficient,-1.0300540517283137
9291,GBR,Clustering Coefficient,-0.7567668200946035
9292,GBR,Clustering Coefficient,-0.7981739764027415
9293,GBR,Clustering Coefficient,-0.508323882245776
9294,GBR,Clustering Coefficient,-0.6458168756279262
9295,GBR,Clustering Coefficient,-0.17982710886788197
9296,GBR,Clustering Coefficient,-0.8883495612515749
9297,GBR,Clustering Coefficient,-0.5163752737501363
9298,GBR,Clustering Coefficient,-0.6049405802980978
9299,GBR,Clustering Coefficient,-0.7567668200946035
9300,GBR,Clustering Coefficient,-0.6866931709577546
9301,GBR,Clustering Coefficient,-0.8883495612515749
9302,GBR,Clustering Coefficient,-0.14946186090858093
9303,GBR,Clustering Coefficient,-1.1717585422050523
9304,GBR,Clustering Coefficient,0.0327296268472259
9305,GBR,Clustering Coefficient,-0.8883495612515749
9306,GBR,Clustering Coefficient,-0.7820711933940211
9307,GBR,Clustering Coefficient,-0.3012881007050866
9308,GBR,Clustering Coefficient,-0.07354874101032803
9309,GBR,Clustering Coefficient,1.2017916732803196
9310,GBR,Clustering Coefficient,-0.6049405802980978
9311,GBR,Clustering Coefficient,-0.6049405802980978
9312,GBR,Clustering Coefficient,0.6096693380739474
9313,GBR,Clustering Coefficient,-0.7820711933940211
9314,GBR,Clustering Coefficient,-0.17982710886788197
9315,GBR,Clustering Coefficient,-1.6677242588736374
9316,GBR,Clustering Coefficient,-0.9175240151732565
9317,GBR,Clustering Coefficient,-0.3012881007050866
9318,GBR,Clustering Coefficient,-0.508323882245776
9319,GBR,Clustering Coefficient,0.6096693380739474
9320,GBR,Clustering Coefficient,-0.7615613329302826
9321,GBR,Clustering Coefficient,-0.6580797642268749
9322,GBR,Clustering Coefficient,0.15419061868443035
9323,GBR,Clustering Coefficient,0.6703998339925495
9324,GBR,Clustering Coefficient,0.8829565697076577
9325,GBR,Clustering Coefficient,-0.7567668200946035
9326,GBR,Clustering Coefficient,0.8374086977687059
9327,GBR,Clustering Coefficient,-0.33441382575159695
9328,GBR,Clustering Coefficient,0.9133218176669587
9329,GBR,Clustering Coefficient,0.8374086977687059
9330,GBR,Clustering Coefficient,-1.6677242588736374
9331,GBR,Clustering Coefficient,-1.6677242588736374
9332,GBR,Clustering Coefficient,-1.6677242588736374
9333,GBR,Clustering Coefficient,-1.6677242588736374
9334,GBR,Clustering Coefficient,-1.2039641082224928
9335,GBR,Clustering Coefficient,-0.8174973160132057
9336,GBR,Clustering Coefficient,-1.1363324195858677
9337,GBR,Clustering Coefficient,-0.6458168756279262
9338,GBR,Clustering Coefficient,-0.07354874101032803
9339,GBR,Clustering Coefficient,-1.0397157215335457
9340,GBR,Clustering Coefficient,-0.508323882245776
9341,GBR,Clustering Coefficient,-0.7820711933940211
9342,GBR,Clustering Coefficient,-0.7377885401200402
9343,GBR,Clustering Coefficient,-0.9592018064899444
9344,GBR,Clustering Coefficient,-0.6935058868460594
9345,GBR,Clustering Coefficient,-0.6049405802980978
9346,GBR,Clustering Coefficient,-1.261934127053886
9347,GBR,Clustering Coefficient,-0.25067935410625136
9348,GBR,Clustering Coefficient,-0.566293901077169
9349,GBR,Clustering Coefficient,-0.11442503634015651
9350,GBR,Clustering Coefficient,-0.5465458726840571
9351,GBR,Clustering Coefficient,0.0327296268472259
9352,GBR,Clustering Coefficient,-0.1261039778629646
9353,GBR,Clustering Coefficient,0.013406287236761415
9354,GBR,Clustering Coefficient,-0.07354874101032803
9355,GBR,Clustering Coefficient,-0.7112189481556518
9356,GBR,Clustering Coefficient,-0.566293901077169
9357,GBR,Clustering Coefficient,0.013406287236761415
9358,GBR,Clustering Coefficient,-0.14946186090858093
9359,GBR,Clustering Coefficient,-0.3316533486643876
9360,GBR,Clustering Coefficient,1.0955133054227655
9361,GBR,Clustering Coefficient,0.08995644030898586
9362,GBR,Clustering Coefficient,1.5206267768529813
9363,GBR,Clustering Coefficient,0.419196419056513
9364,GBR,Clustering Coefficient,-0.2667821371149716
9365,GBR,Clustering Coefficient,-0.14946186090858093
9366,GBR,Clustering Coefficient,0.45784309827744163
9367,GBR,Clustering Coefficient,0.08995644030898586
9368,GBR,Clustering Coefficient,-0.6757928255364671
9369,GBR,Clustering Coefficient,1.406757097005602
9370,GBR,Clustering Coefficient,0.528695343515811
9371,GBR,Clustering Coefficient,0.3819299783791891
9372,GBR,Clustering Coefficient,0.49579965822656824
9373,GBR,Clustering Coefficient,0.2646097021727982
9374,GBR,Clustering Coefficient,0.1035818720855953
9375,GBR,Clustering Coefficient,0.8829565697076577
9376,GBR,Clustering Coefficient,-1.6677242588736374
9377,GBR,Clustering Coefficient,-0.07354874101032803
9378,GBR,Clustering Coefficient,-1.6677242588736374
9379,GBR,Clustering Coefficient,-1.6677242588736374
9380,GBR,Clustering Coefficient,0.5641214661349956
9381,GBR,Clustering Coefficient,-0.7112189481556518
9382,GBR,Clustering Coefficient,-1.6677242588736374
9383,GBR,Clustering Coefficient,-0.6049405802980978
9384,GBR,Clustering Coefficient,-1.6677242588736374
9385,GBR,Clustering Coefficient,-0.07354874101032803
9386,GBR,Clustering Coefficient,0.45784309827744163
9387,GBR,Clustering Coefficient,1.5206267768529813
9388,GBR,Clustering Coefficient,1.5206267768529813
9389,GBR,Clustering Coefficient,-0.7112189481556518
9390,GBR,Clustering Coefficient,-1.6677242588736374
9391,GBR,Clustering Coefficient,-0.07354874101032803
9392,GBR,Clustering Coefficient,0.04032093883705115
9393,GBR,Clustering Coefficient,-0.07354874101032803
9394,GBR,Clustering Coefficient,-0.07354874101032803
9395,GBR,Clustering Coefficient,-1.6677242588736374
9396,GBR,Clustering Coefficient,-1.6677242588736374
9397,GBR,Clustering Coefficient,0.5641214661349956
9398,GBR,Clustering Coefficient,-0.3392446606542129
9399,GBR,Clustering Coefficient,-0.1874184208577072
9400,GBR,Clustering Coefficient,-1.6677242588736374
9401,GBR,Clustering Coefficient,-1.6677242588736374
9402,GBR,Clustering Coefficient,0.9892349375652116
9403,GBR,Clustering Coefficient,0.45784309827744163
9404,GBR,Clustering Coefficient,-1.6677242588736374
9405,GBR,Clustering Coefficient,0.5641214661349956
9406,GBR,Clustering Coefficient,1.5206267768529813
9407,GBR,Clustering Coefficient,-1.6677242588736374
9408,GBR,Clustering Coefficient,0.45784309827744163
9409,GBR,Clustering Coefficient,-0.6049405802980978
9410,GBR,Clustering Coefficient,-1.6677242588736374
9411,GBR,Clustering Coefficient,-1.6677242588736374
9412,GBR,Clustering Coefficient,-1.6677242588736374
9413,GBR,Clustering Coefficient,-1.6677242588736374
9414,GBR,Clustering Coefficient,-1.2122455394841205
9415,GBR,Clustering Coefficient,-0.41515778055246577
9416,GBR,Clustering Coefficient,0.24528636256233377
9417,GBR,Clustering Coefficient,0.5641214661349956
9418,GBR,Clustering Coefficient,-0.03812261839114351
9419,GBR,Clustering Coefficient,-0.3215315993446206
9420,GBR,Clustering Coefficient,-0.7643581320844288
9421,GBR,Clustering Coefficient,-0.6822339387399553
9422,GBR,Clustering Coefficient,-0.616619521820906
9423,GBR,Clustering Coefficient,-0.7567668200946035
9424,GBR,Clustering Coefficient,-0.17982710886788197
9425,GBR,Clustering Coefficient,0.24528636256233377
9426,GBR,Clustering Coefficient,-0.8846204957127135
9427,GBR,Clustering Coefficient,0.08995644030898586
9428,GBR,Clustering Coefficient,-0.020993504157691297
9429,GBR,Clustering Coefficient,-0.9085930598911092
9430,GBR,Clustering Coefficient,-0.19617762699981328
9431,GBR,Clustering Coefficient,0.3819299783791891
9432,GBR,Clustering Coefficient,-0.8706364999419827
9433,GBR,Clustering Coefficient,0.24528636256233377
9434,GBR,Clustering Coefficient,0.45784309827744163
9435,GBR,Clustering Coefficient,-0.3340349367396269
9436,GBR,Clustering Coefficient,-0.566293901077169
9437,GBR,Clustering Coefficient,-0.627314973531267
9438,GBR,Clustering Coefficient,0.0934601227658283
9439,GBR,Clustering Coefficient,-0.8659751680184058
9440,GBR,Clustering Coefficient,-0.9592018064899444
9441,GBR,Clustering Coefficient,0.11968465509431535
9442,GBR,Clustering Coefficient,-0.07354874101032803
9443,GBR,Clustering Coefficient,-0.7299739542481612
9444,GBR,Clustering Coefficient,1.5206267768529813
9445,GBR,Clustering Coefficient,0.11968465509431535
9446,GBR,Clustering Coefficient,-1.0710737726557906
9447,GBR,Clustering Coefficient,-0.15325751690349357
9448,GBR,Clustering Coefficient,-0.29235714542293906
9449,GBR,Clustering Coefficient,0.45784309827744163
9450,GBR,Clustering Coefficient,-0.3215315993446206
9451,GBR,Clustering Coefficient,1.5206267768529813
9452,GBR,Clustering Coefficient,-0.8853725761575258
9453,GBR,Clustering Coefficient,0.15419061868443035
9454,GBR,Clustering Coefficient,0.19214717863355696
9455,GBR,Clustering Coefficient,0.19214717863355696
9456,GBR,Clustering Coefficient,-0.21019235682718318
9457,GBR,Clustering Coefficient,-0.14067192070983583
9458,GBR,Clustering Coefficient,-0.2845425595510601
9459,GBR,Clustering Coefficient,0.21258532629847113
9460,GBR,Clustering Coefficient,0.0327296268472259
9461,GBR,Clustering Coefficient,-0.7981739764027415
9462,GBR,Clustering Coefficient,1.1790177373108437
9463,GBR,Clustering Coefficient,0.2163013531466374
9464,GBR,Clustering Coefficient,0.24528636256233377
9465,GBR,Clustering Coefficient,-0.6428971402472241
9466,GBR,Clustering Coefficient,-0.6960363241760011
9467,GBR,Clustering Coefficient,0.3060168584809362
9468,GBR,Clustering Coefficient,-0.37390065017298046
9469,GBR,Clustering Coefficient,-0.56326278898141
9470,GBR,Clustering Coefficient,-0.42066760377088736
9471,GBR,Clustering Coefficient,-0.7112189481556518
9472,GBR,Clustering Coefficient,-0.6049405802980978
9473,GBR,Clustering Coefficient,0.5544597963297637
9474,GBR,Clustering Coefficient,-0.19617762699981328
9475,GBR,Clustering Coefficient,-1.6677242588736374
9476,GBR,Clustering Coefficient,-1.6677242588736374
9477,GBR,Clustering Coefficient,-0.33243194476590815
9478,GBR,Clustering Coefficient,-0.5627666247990685
9479,GBR,Clustering Coefficient,-0.39238384458298986
9480,GBR,Clustering Coefficient,0.44221392653368374
9481,GBR,Clustering Coefficient,0.3060168584809362
9482,GBR,Clustering Coefficient,0.6438302420281611
9483,GBR,Clustering Coefficient,-0.6866931709577546
9484,GBR,Clustering Coefficient,0.5109822822062188
9485,GBR,Clustering Coefficient,-0.3126750686898245
9486,GBR,Clustering Coefficient,0.5641214661349956
9487,GBR,Clustering Coefficient,0.3015513808398625
9488,GBR,Clustering Coefficient,0.02900056130836446
9489,GBR,Clustering Coefficient,0.06190408076890727
9490,GBR,Clustering Coefficient,0.5641214661349956
9491,GBR,Clustering Coefficient,-0.6049405802980978
9492,GBR,Clustering Coefficient,0.45784309827744163
9493,GBR,Clustering Coefficient,0.1035818720855953
9494,GBR,Clustering Coefficient,-0.12016206024609741
9495,GBR,Clustering Coefficient,-0.061996744504072124
9496,GBR,Clustering Coefficient,-0.14067192070983583
9497,GBR,Clustering Coefficient,-0.39238384458298986
9498,GBR,Clustering Coefficient,0.24528636256233377
9499,GBR,Clustering Coefficient,-0.39238384458298986
9500,GBR,Clustering Coefficient,-0.05284516285625925
9501,GBR,Clustering Coefficient,0.7938702907682375
9502,GBR,Clustering Coefficient,-0.39238384458298986
9503,GBR,Clustering Coefficient,0.3363821064402372
9504,GBR,Clustering Coefficient,0.7235390179213267
9505,GBR,Clustering Coefficient,0.24528636256233377
9506,GBR,Clustering Coefficient,-0.5713347722798989
9507,GBR,Clustering Coefficient,-0.7259344144743899
9508,GBR,Clustering Coefficient,-0.6242639199085622
9509,GBR,Clustering Coefficient,-0.6858045558418889
9510,GBR,Clustering Coefficient,-0.17016543906264972
9511,GBR,Clustering Coefficient,-0.7356458310906541
9512,GBR,Clustering Coefficient,0.6510764943820854
9513,GBR,Clustering Coefficient,-0.06422607716317427
9514,GBR,Clustering Coefficient,-0.33441382575159695
9515,GBR,Clustering Coefficient,-1.6677242588736374
9516,GBR,Clustering Coefficient,-0.7163614498261786
9517,GBR,Clustering Coefficient,0.6703998339925495
9518,GBR,Clustering Coefficient,0.0327296268472259
9519,GBR,Clustering Coefficient,-1.6677242588736374
9520,GBR,Clustering Coefficient,-0.17982710886788197
9521,GBR,Clustering Coefficient,-1.6677242588736374
9522,GBR,Clustering Coefficient,-0.42550956962950015
9523,GBR,Clustering Coefficient,0.29433791695812805
9524,GBR,Clustering Coefficient,-0.3620185966236888
9525,GBR,Clustering Coefficient,-0.6049405802980978
9526,GBR,Clustering Coefficient,1.5206267768529813
9527,GBR,Clustering Coefficient,-1.6677242588736374
9528,GBR,Clustering Coefficient,0.5804719842669273
9529,GBR,Clustering Coefficient,-0.3392446606542129
9530,GBR,Clustering Coefficient,0.2680602985318095
9531,GBR,Clustering Coefficient,-0.6757928255364671
9532,GBR,Clustering Coefficient,-0.11765636403421399
9533,GBR,Clustering Coefficient,0.15419061868443035
9534,GBR,Clustering Coefficient,1.5206267768529813
9535,GBR,Clustering Coefficient,0.9133218176669587
9536,GBR,Clustering Coefficient,1.5206267768529813
9537,GBR,Clustering Coefficient,-0.6532489293242587
9538,GBR,Clustering Coefficient,0.17443411732396435
9539,GBR,Clustering Coefficient,-0.10711033086008184
9540,GBR,Clustering Coefficient,0.19214717863355696
9541,GBR,Clustering Coefficient,-1.6677242588736374
9542,GBR,Clustering Coefficient,-0.7217299955261791
9543,GBR,Clustering Coefficient,-0.6428971402472241
9544,GBR,Clustering Coefficient,-0.03812261839114351
9545,GBR,Clustering Coefficient,0.7439771655862408
9546,GBR,Clustering Coefficient,0.9409265885390508
9547,GBR,Clustering Coefficient,0.24528636256233377
9548,GBR,Clustering Coefficient,-1.6677242588736374
9549,GBR,Clustering Coefficient,-1.6677242588736374
9550,GBR,Clustering Coefficient,1.5206267768529813
9551,GBR,Clustering Coefficient,-0.21847378808881074
9552,GBR,Clustering Coefficient,0.6096693380739474
9553,GBR,Clustering Coefficient,1.288746701527409
9554,GBR,Clustering Coefficient,1.5206267768529813
9555,GBR,Clustering Coefficient,-0.6428971402472241
9556,GBR,Clustering Coefficient,-1.6677242588736374
9557,GBR,Clustering Coefficient,-0.45035386341438294
9558,GBR,Clustering Coefficient,0.45784309827744163
9559,GBR,Clustering Coefficient,1.5206267768529813
9560,GBR,Clustering Coefficient,-0.3392446606542129
9561,GBR,Clustering Coefficient,-0.07354874101032803
9562,GBR,Clustering Coefficient,-1.1363324195858677
9563,GBR,Clustering Coefficient,1.5206267768529813
9564,GBR,Clustering Coefficient,-0.1621140475582897
9565,GBR,Clustering Coefficient,-0.14946186090858093
9566,GBR,Clustering Coefficient,0.06190408076890727
9567,GBR,Clustering Coefficient,-0.39238384458298986
9568,GBR,Clustering Coefficient,-0.8561439952341345
9569,GBR,Clustering Coefficient,-0.4278099672021745
9570,GBR,Clustering Coefficient,-1.1363324195858677
9571,GBR,Clustering Coefficient,-0.5290274603998449
9572,GBR,Clustering Coefficient,-0.3012881007050866
9573,GBR,Clustering Coefficient,0.3060168584809362
9574,GBR,Clustering Coefficient,-0.3012881007050866
9575,GBR,Clustering Coefficient,0.3819299783791891
9576,GBR,Clustering Coefficient,-0.21847378808881074
9577,GBR,Clustering Coefficient,-0.6049405802980978
9578,GBR,Clustering Coefficient,0.1035818720855953
9579,GBR,Clustering Coefficient,0.36927779172947994
9580,GBR,Clustering Coefficient,-0.8706364999419827
9581,GBR,Clustering Coefficient,-0.3012881007050866
9582,GBR,Clustering Coefficient,0.3819299783791891
9583,GBR,Clustering Coefficient,0.45784309827744163
9584,GBR,Clustering Coefficient,-0.6757928255364671
9585,GBR,Clustering Coefficient,-1.6677242588736374
9586,GBR,Clustering Coefficient,0.0327296268472259
9587,GBR,Clustering Coefficient,0.45784309827744163
9588,GBR,Clustering Coefficient,0.45784309827744163
9589,GBR,Clustering Coefficient,-0.6866931709577546
9590,GBR,Clustering Coefficient,0.1035818720855953
9591,GBR,Clustering Coefficient,-1.6677242588736374
9592,GBR,Clustering Coefficient,-0.4531143405015922
9593,GBR,Clustering Coefficient,-0.07354874101032803
9594,GBR,Clustering Coefficient,-0.6049405802980978
9595,GBR,Clustering Coefficient,0.9892349375652116
9596,GBR,Clustering Coefficient,-0.25067935410625136
9597,GBR,Clustering Coefficient,0.9892349375652116
9598,GBR,Clustering Coefficient,1.5206267768529813
9599,GBR,Clustering Coefficient,-0.8174973160132057
9600,GBR,Clustering Coefficient,-0.6049405802980978
9601,GBR,Clustering Coefficient,1.5206267768529813
9602,GBR,Clustering Coefficient,-1.6677242588736374
9603,GBR,Clustering Coefficient,0.45784309827744163
9604,GBR,Clustering Coefficient,-1.0300540517283137
9605,GBR,Clustering Coefficient,0.45784309827744163
9606,GBR,Clustering Coefficient,-0.8706364999419827
9607,GBR,Clustering Coefficient,-1.6677242588736374
9608,GBR,Clustering Coefficient,-0.7466450707748366
9609,GBR,Clustering Coefficient,0.5641214661349956
9610,GBR,Clustering Coefficient,1.5206267768529813
9611,GBR,Clustering Coefficient,0.45784309827744163
9612,GBR,Clustering Coefficient,-0.7820711933940211
9613,GBR,Clustering Coefficient,-0.7498656273765805
9614,GBR,Clustering Coefficient,1.5206267768529813
9615,GBR,Clustering Coefficient,-0.6428971402472241
9616,GBR,Clustering Coefficient,-1.6677242588736374
9617,GBR,Clustering Coefficient,-1.6677242588736374
9618,GBR,Clustering Coefficient,-0.07354874101032803
9619,GBR,Clustering Coefficient,-0.6049405802980978
9620,GBR,Clustering Coefficient,1.5206267768529813
9621,GBR,Clustering Coefficient,-0.6049405802980978
9622,GBR,Clustering Coefficient,-0.39238384458298986
9623,GBR,Clustering Coefficient,0.45784309827744163
9624,GBR,Clustering Coefficient,-1.6677242588736374
9625,GBR,Clustering Coefficient,1.5206267768529813
9626,GBR,Clustering Coefficient,-1.6677242588736374
9627,GBR,Clustering Coefficient,1.5206267768529813
9628,GBR,Clustering Coefficient,1.5206267768529813
9629,GBR,Clustering Coefficient,-1.1363324195858677
9630,GBR,Clustering Coefficient,-0.6049405802980978
9631,GBR,Clustering Coefficient,0.45784309827744163
9632,GBR,Clustering Coefficient,-1.6677242588736374
9633,GBR,Clustering Coefficient,1.5206267768529813
9634,GBR,Clustering Coefficient,-1.0300540517283137
9635,GBR,Clustering Coefficient,-1.6677242588736374
9636,GBR,Clustering Coefficient,-1.6677242588736374
9637,GBR,Clustering Coefficient,-0.07354874101032803
9638,GBR,Clustering Coefficient,-1.6677242588736374
9639,GBR,Clustering Coefficient,-1.6677242588736374
9640,GBR,Clustering Coefficient,-1.6677242588736374
9641,GBR,Clustering Coefficient,-0.6049405802980978
9642,GBR,Clustering Coefficient,-1.6677242588736374
9643,GBR,Clustering Coefficient,-0.6049405802980978
9644,GBR,Clustering Coefficient,-0.6049405802980978
9645,GBR,Clustering Coefficient,-1.6677242588736374
9646,GBR,Clustering Coefficient,-0.8706364999419827
9647,GBR,Clustering Coefficient,-1.0300540517283137
9648,GBR,Clustering Coefficient,-1.6677242588736374
9649,GBR,Clustering Coefficient,-1.6677242588736374
9650,GBR,Clustering Coefficient,-1.6677242588736374
9651,GBR,Clustering Coefficient,-1.6677242588736374
9652,GBR,Clustering Coefficient,-0.7112189481556518
9653,GBR,Clustering Coefficient,-0.39238384458298986
9654,GBR,Clustering Coefficient,-1.6677242588736374
9655,GBR,Clustering Coefficient,-1.6677242588736374
9656,GBR,Clustering Coefficient,1.5206267768529813
9657,GBR,Clustering Coefficient,-1.6677242588736374
9658,GBR,Clustering Coefficient,-0.39238384458298986
9659,GBR,Clustering Coefficient,0.45784309827744163
9660,GBR,Clustering Coefficient,-0.07354874101032803
9661,GBR,Clustering Coefficient,-0.6049405802980978
9662,GBR,Clustering Coefficient,1.5206267768529813
9663,GBR,Clustering Coefficient,-1.6677242588736374
9664,GBR,Clustering Coefficient,-0.6049405802980978
9665,GBR,Clustering Coefficient,1.5206267768529813
9666,GBR,Clustering Coefficient,-1.6677242588736374
9667,GBR,Clustering Coefficient,1.5206267768529813
9668,GBR,Clustering Coefficient,-1.6677242588736374
9669,GBR,Clustering Coefficient,-0.6049405802980978
9670,GBR,Clustering Coefficient,-1.6677242588736374
9671,GBR,Clustering Coefficient,-1.6677242588736374
9672,GBR,Clustering Coefficient,-1.6677242588736374
9673,GBR,Clustering Coefficient,-0.9592018064899444
9674,GBR,Clustering Coefficient,-0.6049405802980978
9675,GBR,Clustering Coefficient,-0.6656710762167001
9676,GBR,Clustering Coefficient,-0.2764438069202038
9677,GBR,Clustering Coefficient,-0.5783709883337093
9678,GBR,Clustering Coefficient,-0.7299739542481612
9679,GBR,Clustering Coefficient,0.1035818720855953
9680,GBR,Clustering Coefficient,-0.39238384458298986
9681,GBR,Clustering Coefficient,0.45784309827744163
9682,GBR,Clustering Coefficient,-0.5290274603998449
9683,GBR,Clustering Coefficient,0.15419061868443035
9684,GBR,Clustering Coefficient,-0.9592018064899444
9685,GBR,Clustering Coefficient,-0.6049405802980978
9686,GBR,Clustering Coefficient,-1.1009062969666827
9687,GBR,Clustering Coefficient,-0.7567668200946035
9688,GBR,Clustering Coefficient,-0.07354874101032803
9689,GBR,Clustering Coefficient,-0.8706364999419827
9690,GBR,Clustering Coefficient,-0.8706364999419827
9691,GBR,Clustering Coefficient,-0.1874184208577072
9692,GBR,Clustering Coefficient,-0.8174973160132057
9693,GBR,Clustering Coefficient,-0.8947906744550631
9694,GBR,Clustering Coefficient,0.45784309827744163
9695,GBR,Clustering Coefficient,-0.9592018064899444
9696,GBR,Clustering Coefficient,-1.2122455394841205
9697,GBR,Clustering Coefficient,-0.5163752737501363
9698,GBR,Clustering Coefficient,-0.984506179789362
9699,GBR,Clustering Coefficient,-0.8174973160132057
9700,GBR,Clustering Coefficient,0.0327296268472259
9701,GBR,Clustering Coefficient,0.0023643788879248737
9702,GBR,Clustering Coefficient,-1.0300540517283137
9703,GBR,Clustering Coefficient,-1.6677242588736374
9704,GBR,Clustering Coefficient,-0.8501983522770685
9705,GBR,Clustering Coefficient,-1.4551675231585295
9706,GBR,Clustering Coefficient,-0.25067935410625136
9707,GBR,Clustering Coefficient,1.5206267768529813
9708,GBR,Clustering Coefficient,-0.9720840328969207
9709,GBR,Clustering Coefficient,-0.5290274603998449
9710,GBR,Clustering Coefficient,-1.4551675231585295
9711,GBR,Clustering Coefficient,-0.6049405802980978
9712,GBR,Clustering Coefficient,-0.8706364999419827
9713,GBR,Clustering Coefficient,-1.2122455394841205
9714,GBR,Clustering Coefficient,-0.8706364999419827
9715,GBR,Clustering Coefficient,-0.10897486362951274
9716,GBR,Clustering Coefficient,-1.0300540517283137
9717,GBR,Clustering Coefficient,-0.17982710886788197
9718,GBR,Clustering Coefficient,-1.2426107874434216
9719,GBR,Clustering Coefficient,0.5641214661349956
9720,GBR,Clustering Coefficient,-1.0300540517283137
9721,GBR,Clustering Coefficient,-0.6049405802980978
9722,GBR,Clustering Coefficient,-1.0300540517283137
9723,GBR,Clustering Coefficient,-0.1621140475582897
9724,GBR,Clustering Coefficient,-0.7981739764027415
9725,GBR,Clustering Coefficient,-0.41515778055246577
9726,GBR,Clustering Coefficient,-0.17982710886788197
9727,GBR,Clustering Coefficient,-0.8706364999419827
9728,GBR,Clustering Coefficient,-0.3012881007050866
9729,GBR,Clustering Coefficient,-0.6428971402472241
9730,GBR,Clustering Coefficient,-0.5340883350597284
9731,GBR,Clustering Coefficient,-0.21847378808881074
9732,GBR,Clustering Coefficient,-0.6935058868460594
9733,GBR,Clustering Coefficient,-0.10897486362951274
9734,GBR,Clustering Coefficient,-1.1363324195858677
9735,GBR,Clustering Coefficient,-0.39238384458298986
9736,GBR,Clustering Coefficient,-0.8174973160132057
9737,GBR,Clustering Coefficient,-0.3012881007050866
9738,GBR,Clustering Coefficient,0.04032093883705115
9739,GBR,Clustering Coefficient,-0.7402039575713484
9740,GBR,Clustering Coefficient,-0.7684457616174116
9741,GBR,Clustering Coefficient,-0.14946186090858093
9742,GBR,Clustering Coefficient,-1.6677242588736374
9743,GBR,Clustering Coefficient,-0.8706364999419827
9744,GBR,Clustering Coefficient,-1.6677242588736374
9745,GBR,Clustering Coefficient,-0.14946186090858093
9746,GBR,Clustering Coefficient,-0.5566322312719368
9747,GBR,Clustering Coefficient,-0.33441382575159695
9748,GBR,Clustering Coefficient,0.45784309827744163
9749,GBR,Clustering Coefficient,-0.6458168756279262
9750,GBR,Clustering Coefficient,-0.3012881007050866
9751,GBR,Clustering Coefficient,-0.6049405802980978
9752,GBR,Clustering Coefficient,-0.3012881007050866
9753,GBR,Clustering Coefficient,-0.4117071841934543
9754,GBR,Clustering Coefficient,-0.8706364999419827
9755,GBR,Clustering Coefficient,-0.7820711933940211
9756,GBR,Clustering Coefficient,-0.3012881007050866
9757,GBR,Clustering Coefficient,-0.3012881007050866
9758,GBR,Clustering Coefficient,-0.07354874101032803
9759,GBR,Clustering Coefficient,-0.14946186090858093
9760,GBR,Clustering Coefficient,-0.45035386341438294
9761,GBR,Clustering Coefficient,-0.566293901077169
9762,GBR,Clustering Coefficient,-0.6428971402472241
9763,GBR,Clustering Coefficient,-0.07354874101032803
9764,GBR,Clustering Coefficient,-0.7820711933940211
9765,GBR,Clustering Coefficient,1.5206267768529813
9766,GBR,Clustering Coefficient,-0.6049405802980978
9767,GBR,Clustering Coefficient,-0.14946186090858093
9768,GBR,Clustering Coefficient,0.45784309827744163
9769,GBR,Clustering Coefficient,-0.5163752737501363
9770,GBR,Clustering Coefficient,-0.7567668200946035
9771,GBR,Clustering Coefficient,-0.10253375042602458
9772,GBR,Clustering Coefficient,-0.8561439952341345
9773,GBR,Clustering Coefficient,0.24528636256233377
9774,GBR,Clustering Coefficient,-0.8174973160132057
9775,GBR,Clustering Coefficient,-0.4764722235472084
9776,GBR,Clustering Coefficient,-0.45035386341438294
9777,GBR,Clustering Coefficient,-0.441435398978784
9778,GBR,Clustering Coefficient,-0.6049405802980978
9779,GBR,Clustering Coefficient,-0.17982710886788197
9780,GBR,Clustering Coefficient,1.5206267768529813
9781,GBR,Clustering Coefficient,-1.6677242588736374
9782,GBR,Clustering Coefficient,-0.46001553321961514
9783,GBR,Clustering Coefficient,-0.8706364999419827
9784,GBR,Clustering Coefficient,-0.17982710886788197
9785,GBR,Clustering Coefficient,-0.39238384458298986
9786,GBR,Clustering Coefficient,1.0955133054227655
9787,GBR,Clustering Coefficient,-0.19617762699981328
9788,GBR,Clustering Coefficient,-0.39238384458298986
9789,GBR,Clustering Coefficient,0.24528636256233377
9790,GBR,Clustering Coefficient,-0.39238384458298986
9791,GBR,Clustering Coefficient,-0.07354874101032803
9792,GBR,Clustering Coefficient,0.0327296268472259
9793,GBR,Clustering Coefficient,-0.6830864390168875
9794,GBR,Clustering Coefficient,0.45784309827744163
9795,GBR,Clustering Coefficient,0.24528636256233377
9796,GBR,Clustering Coefficient,-0.07354874101032803
9797,GBR,Clustering Coefficient,-1.2122455394841205
9798,GBR,Clustering Coefficient,0.5641214661349956
9799,GBR,Clustering Coefficient,-0.2667821371149716
9800,GBR,Clustering Coefficient,-0.4278099672021745
9801,GBR,Clustering Coefficient,-0.3012881007050866
9802,GBR,Clustering Coefficient,-0.6049405802980978
9803,GBR,Clustering Coefficient,-0.6049405802980978
9804,GBR,Clustering Coefficient,-0.6822339387399553
9805,GBR,Clustering Coefficient,-0.4117071841934543
9806,GBR,Clustering Coefficient,-0.07354874101032803
9807,GBR,Clustering Coefficient,0.0327296268472259
9808,GBR,Clustering Coefficient,-0.25067935410625136
9809,GBR,Clustering Coefficient,-0.4278099672021745
9810,GBR,Clustering Coefficient,-0.6049405802980978
9811,GBR,Clustering Coefficient,-0.6049405802980978
9812,GBR,Clustering Coefficient,-0.1874184208577072
9813,GBR,Clustering Coefficient,0.45784309827744163
9814,GBR,Clustering Coefficient,-0.3012881007050866
9815,GBR,Clustering Coefficient,-0.39238384458298986
9816,GBR,Clustering Coefficient,-0.566293901077169
9817,GBR,Clustering Coefficient,-0.39238384458298986
9818,GBR,Clustering Coefficient,-0.3392446606542129
9819,GBR,Clustering Coefficient,0.45784309827744163
9820,GBR,Clustering Coefficient,0.9892349375652116
9821,GBR,Clustering Coefficient,-0.07354874101032803
9822,GBR,Clustering Coefficient,-0.39238384458298986
9823,GBR,Clustering Coefficient,-0.17982710886788197
9824,GBR,Clustering Coefficient,0.45784309827744163
9825,GBR,Clustering Coefficient,-0.14946186090858093
9826,GBR,Clustering Coefficient,-0.14946186090858093
9827,GBR,Clustering Coefficient,-0.39238384458298986
9828,GBR,Clustering Coefficient,-1.6677242588736374
9829,GBR,Clustering Coefficient,1.5206267768529813
9830,GBR,Clustering Coefficient,1.5206267768529813
9831,GBR,Clustering Coefficient,-1.6677242588736374
9832,GBR,Clustering Coefficient,-1.6677242588736374
9833,GBR,Clustering Coefficient,-1.6677242588736374
9834,GBR,Clustering Coefficient,-1.6677242588736374
9835,GBR,Clustering Coefficient,-1.6677242588736374
9836,GBR,Clustering Coefficient,-1.6677242588736374
9837,GBR,Clustering Coefficient,-1.6677242588736374
9838,GBR,Clustering Coefficient,-0.6049405802980978
9839,GBR,Clustering Coefficient,0.45784309827744163
9840,GBR,Clustering Coefficient,-1.6677242588736374
9841,GBR,Clustering Coefficient,-1.6677242588736374
9842,GBR,Clustering Coefficient,-1.6677242588736374
9843,GBR,Clustering Coefficient,1.5206267768529813
9844,GBR,Clustering Coefficient,-1.6677242588736374
9845,GBR,Clustering Coefficient,-1.6677242588736374
9846,GBR,Clustering Coefficient,-1.6677242588736374
9847,GBR,Clustering Coefficient,-1.6677242588736374
9848,GBR,Clustering Coefficient,-1.6677242588736374
9849,GBR,Clustering Coefficient,-1.0300540517283137
9850,GBR,Clustering Coefficient,-1.6677242588736374
9851,GBR,Clustering Coefficient,1.5206267768529813
9852,GBR,Clustering Coefficient,-1.6677242588736374
9853,GBR,Clustering Coefficient,-1.6677242588736374
9854,GBR,Clustering Coefficient,-1.6677242588736374
9855,GBR,Clustering Coefficient,-0.07354874101032803
9856,GBR,Clustering Coefficient,-1.6677242588736374
9857,GBR,Clustering Coefficient,1.5206267768529813
9858,GBR,Clustering Coefficient,-0.07354874101032803
9859,GBR,Clustering Coefficient,-1.6677242588736374
9860,GBR,Clustering Coefficient,-1.6677242588736374
9861,GBR,Clustering Coefficient,-1.6677242588736374
9862,GBR,Clustering Coefficient,-1.1363324195858677
9863,GBR,Clustering Coefficient,-1.6677242588736374
9864,GBR,Clustering Coefficient,-1.6677242588736374
9865,GBR,Clustering Coefficient,-1.6677242588736374
9866,GBR,Clustering Coefficient,-0.6049405802980978
9867,GBR,Clustering Coefficient,0.45784309827744163
9868,GBR,Clustering Coefficient,1.5206267768529813
9869,GBR,Clustering Coefficient,-1.6677242588736374
9870,GBR,Clustering Coefficient,0.45784309827744163
9871,GBR,Clustering Coefficient,0.45784309827744163
9872,GBR,Clustering Coefficient,0.45784309827744163
9873,GBR,Clustering Coefficient,0.45784309827744163
9874,GBR,Clustering Coefficient,-1.6677242588736374
9875,GBR,Clustering Coefficient,-1.6677242588736374
9876,GBR,Clustering Coefficient,-1.6677242588736374
9877,GBR,Clustering Coefficient,-1.6677242588736374
9878,GBR,Clustering Coefficient,-1.6677242588736374
9879,IO,Clustering Coefficient,1.4944695732339381
9880,IO,Clustering Coefficient,1.4939100840502446
9881,IO,Clustering Coefficient,1.4369703376505631
9882,IO,Clustering Coefficient,1.4369703376505631
9883,IO,Clustering Coefficient,1.4369703376505631
9884,IO,Clustering Coefficient,1.4369703376505631
9885,IO,Clustering Coefficient,1.445707896583596
9886,IO,Clustering Coefficient,1.445707896583596
9887,IO,Clustering Coefficient,1.4369703376505631
9888,IO,Clustering Coefficient,1.4369703376505631
9889,IO,Clustering Coefficient,1.445707896583596
9890,IO,Clustering Coefficient,1.445707896583596
9891,IO,Clustering Coefficient,1.445707896583596
9892,IO,Clustering Coefficient,1.445707896583596
9893,IO,Clustering Coefficient,1.445707896583596
9894,IO,Clustering Coefficient,1.4498443367823346
9895,IO,Clustering Coefficient,1.4498443367823346
9896,IO,Clustering Coefficient,1.4498443367823346
9897,IO,Clustering Coefficient,1.4498443367823346
9898,IO,Clustering Coefficient,1.4498443367823346
9899,IO,Clustering Coefficient,1.445707896583596
9900,IO,Clustering Coefficient,1.445707896583596
9901,IO,Clustering Coefficient,1.451899231747219
9902,IO,Clustering Coefficient,1.451899231747219
9903,IO,Clustering Coefficient,1.451899231747219
9904,IO,Clustering Coefficient,1.450058533294724
9905,IO,Clustering Coefficient,1.4500096664014934
9906,IO,Clustering Coefficient,1.4529617902431473
9907,IO,Clustering Coefficient,1.4555230251141535
9908,IO,Clustering Coefficient,1.4409998795174872
9909,IO,Clustering Coefficient,1.4396682029755836
9910,IO,Clustering Coefficient,1.4807109799881448
9911,IO,Clustering Coefficient,1.4807109799881448
9912,IO,Clustering Coefficient,1.4807109799881448
9913,IO,Clustering Coefficient,1.4807109799881448
9914,IO,Clustering Coefficient,1.4807109799881448
9915,IO,Clustering Coefficient,1.4807109799881448
9916,IO,Clustering Coefficient,1.4807109799881448
9917,IO,Clustering Coefficient,1.4807109799881448
9918,IO,Clustering Coefficient,1.4807109799881448
9919,IO,Clustering Coefficient,1.4807109799881448
9920,IO,Clustering Coefficient,1.4807109799881448
9921,IO,Clustering Coefficient,1.4807109799881448
9922,IO,Clustering Coefficient,1.4807109799881448
9923,IO,Clustering Coefficient,1.4812899783602504
9924,IO,Clustering Coefficient,1.4959823105867787
9925,IO,Clustering Coefficient,1.4527761538266808
9926,IO,Clustering Coefficient,1.4510627542553096
9927,IO,Clustering Coefficient,1.4510627542553096
9928,IO,Clustering Coefficient,1.4510627542553096
9929,IO,Clustering Coefficient,1.4510627542553096
9930,IO,Clustering Coefficient,1.4510627542553096
9931,IO,Clustering Coefficient,1.4510627542553096
9932,IO,Clustering Coefficient,1.4510627542553096
9933,IO,Clustering Coefficient,1.4510627542553096
9934,IO,Clustering Coefficient,1.4540326468456863
9935,IO,Clustering Coefficient,1.4780476420326338
9936,IO,Clustering Coefficient,1.445707896583596
9937,IO,Clustering Coefficient,1.4410849780184378
9938,IO,Clustering Coefficient,1.4540326468456863
9939,IO,Clustering Coefficient,1.4540326468456863
9940,IO,Clustering Coefficient,1.4527761538266808
9941,IO,Clustering Coefficient,1.4527761538266808
9942,IO,Clustering Coefficient,1.4527761538266808
9943,IO,Clustering Coefficient,1.4540326468456863
9944,IO,Clustering Coefficient,1.4527761538266808
9945,IO,Clustering Coefficient,1.4527761538266808
9946,IO,Clustering Coefficient,1.4558048104100643
9947,IO,Clustering Coefficient,1.4558048104100643
9948,IO,Clustering Coefficient,1.5129492889788545
9949,IO,Clustering Coefficient,1.5129492889788545
9950,IO,Clustering Coefficient,1.4994182333780817
9951,IO,Clustering Coefficient,1.4864658728987676
9952,IO,Clustering Coefficient,1.4864658728987676
9953,IO,Clustering Coefficient,1.4864658728987676
9954,IO,Clustering Coefficient,1.4807109799881448
9955,IO,Clustering Coefficient,1.4807109799881448
9956,IO,Clustering Coefficient,1.4807109799881448
9957,IO,Clustering Coefficient,1.4812899783602504
9958,IO,Clustering Coefficient,1.4807109799881448
9959,IO,Clustering Coefficient,1.4807109799881448
9960,IO,Clustering Coefficient,1.4807109799881448
9961,IO,Clustering Coefficient,1.4597054500102393
9962,IO,Clustering Coefficient,1.4597054500102393
9963,IO,Clustering Coefficient,1.4807109799881448
9964,IO,Clustering Coefficient,1.4807109799881448
9965,IO,Clustering Coefficient,1.4807109799881448
9966,IO,Clustering Coefficient,1.4597054500102393
9967,IO,Clustering Coefficient,1.4807109799881448
9968,IO,Clustering Coefficient,1.4807109799881448
9969,IO,Clustering Coefficient,1.4369703376505631
9970,IO,Clustering Coefficient,1.4369703376505631
9971,IO,Clustering Coefficient,1.4369703376505631
9972,IO,Clustering Coefficient,1.4369703376505631
9973,IO,Clustering Coefficient,1.4369703376505631
9974,IO,Clustering Coefficient,1.445707896583596
9975,IO,Clustering Coefficient,1.4369703376505631
9976,IO,Clustering Coefficient,1.4405525830117307
9977,IO,Clustering Coefficient,1.390811875474462
9978,IO,Clustering Coefficient,1.389113619377214
9979,IO,Clustering Coefficient,1.4956478256492103
9980,IO,Clustering Coefficient,1.4884276301231663
9981,IO,Clustering Coefficient,1.4807109799881448
9982,IO,Clustering Coefficient,1.4597054500102393
9983,IO,Clustering Coefficient,1.4409998795174872
9984,IO,Clustering Coefficient,1.4807109799881448
9985,IO,Clustering Coefficient,1.4597054500102393
9986,IO,Clustering Coefficient,1.4597054500102393
9987,IO,Clustering Coefficient,1.4375418292281557
9988,IO,Clustering Coefficient,1.4597054500102393
9989,IO,Clustering Coefficient,1.4597054500102393
9990,IO,Clustering Coefficient,1.4807109799881448
9991,IO,Clustering Coefficient,1.4807109799881448
9992,IO,Clustering Coefficient,1.4807109799881448
9993,IO,Clustering Coefficient,1.4896234994077955
9994,IO,Clustering Coefficient,1.4896234994077955
9995,IO,Clustering Coefficient,1.488756274863874
9996,IO,Clustering Coefficient,1.4807109799881448
9997,IO,Clustering Coefficient,1.4807109799881448
9998,IO,Clustering Coefficient,1.4807109799881448
9999,IO,Clustering Coefficient,1.4807109799881448
10000,IO,Clustering Coefficient,1.4807109799881448
10001,IO,Clustering Coefficient,1.4807109799881448
10002,IO,Clustering Coefficient,1.4807109799881448
10003,IO,Clustering Coefficient,1.4807109799881448
10004,IO,Clustering Coefficient,1.4807109799881448
10005,IO,Clustering Coefficient,1.4807109799881448
10006,IO,Clustering Coefficient,1.4807109799881448
10007,IO,Clustering Coefficient,1.4807109799881448
10008,IO,Clustering Coefficient,1.4807109799881448
10009,IO,Clustering Coefficient,1.4807109799881448
10010,IO,Clustering Coefficient,1.4807109799881448
10011,IO,Clustering Coefficient,1.4807109799881448
10012,IO,Clustering Coefficient,1.4807109799881448
10013,IO,Clustering Coefficient,1.4807109799881448
10014,IO,Clustering Coefficient,1.4807109799881448
10015,IO,Clustering Coefficient,1.4807109799881448
10016,IO,Clustering Coefficient,1.4807109799881448
10017,IO,Clustering Coefficient,1.4807109799881448
10018,IO,Clustering Coefficient,1.4807109799881448
10019,IO,Clustering Coefficient,1.4807109799881448
10020,IO,Clustering Coefficient,1.4807109799881448
10021,IO,Clustering Coefficient,1.4807109799881448
10022,IO,Clustering Coefficient,1.4807109799881448
10023,IO,Clustering Coefficient,1.4807109799881448
10024,IO,Clustering Coefficient,1.4807109799881448
10025,IO,Clustering Coefficient,1.4807109799881448
10026,IO,Clustering Coefficient,1.4807109799881448
10027,IO,Clustering Coefficient,1.4807109799881448
10028,IO,Clustering Coefficient,1.4807109799881448
10029,IO,Clustering Coefficient,1.4807109799881448
10030,IO,Clustering Coefficient,1.4807109799881448
10031,IO,Clustering Coefficient,1.4807109799881448
10032,IO,Clustering Coefficient,1.4807109799881448
10033,IO,Clustering Coefficient,1.4807109799881448
10034,IO,Clustering Coefficient,1.4807109799881448
10035,IO,Clustering Coefficient,1.4807109799881448
10036,IO,Clustering Coefficient,1.4807109799881448
10037,IO,Clustering Coefficient,1.4807109799881448
10038,IO,Clustering Coefficient,1.4807109799881448
10039,IO,Clustering Coefficient,1.4807109799881448
10040,IO,Clustering Coefficient,1.4807109799881448
10041,IO,Clustering Coefficient,1.4807109799881448
10042,IO,Clustering Coefficient,1.4807109799881448
10043,IO,Clustering Coefficient,1.4807109799881448
10044,IO,Clustering Coefficient,1.4807109799881448
10045,IO,Clustering Coefficient,1.4807109799881448
10046,IO,Clustering Coefficient,1.4807109799881448
10047,IO,Clustering Coefficient,1.4807109799881448
10048,IO,Clustering Coefficient,1.4807109799881448
10049,IO,Clustering Coefficient,1.4807109799881448
10050,IO,Clustering Coefficient,1.4807109799881448
10051,IO,Clustering Coefficient,1.4807109799881448
10052,IO,Clustering Coefficient,1.4807109799881448
10053,IO,Clustering Coefficient,1.4807109799881448
10054,IO,Clustering Coefficient,1.4807109799881448
10055,IO,Clustering Coefficient,1.4807109799881448
10056,IO,Clustering Coefficient,1.4807109799881448
10057,IO,Clustering Coefficient,1.4807109799881448
10058,IO,Clustering Coefficient,1.4807109799881448
10059,Caribbean,Clustering Coefficient,0.6180307831641898
10060,Caribbean,Clustering Coefficient,1.0246610601843962
10061,Caribbean,Clustering Coefficient,0.33280972432737826
10062,Caribbean,Clustering Coefficient,0.25274449364005697
10063,Caribbean,Clustering Coefficient,0.23700493130070618
10064,Caribbean,Clustering Coefficient,0.15419061868443035
10065,Caribbean,Clustering Coefficient,1.4902615288936802
10066,Caribbean,Clustering Coefficient,0.40523947163350116
10067,Caribbean,Clustering Coefficient,1.40720717479156
10068,Caribbean,Clustering Coefficient,1.0055020346862658
10069,Caribbean,Clustering Coefficient,1.3140939162391114
10070,Caribbean,Clustering Coefficient,0.27049524766062144
10071,Caribbean,Clustering Coefficient,1.5206267768529813
10072,Caribbean,Clustering Coefficient,-0.13312235199096797
10073,Caribbean,Clustering Coefficient,-0.30839217023010673
10074,Caribbean,Clustering Coefficient,0.5059856671079055
10075,Caribbean,Clustering Coefficient,1.378543397364273
10076,Caribbean,Clustering Coefficient,0.07381202114510375
10077,Caribbean,Clustering Coefficient,-0.10238480382059956
10078,Caribbean,Clustering Coefficient,1.237217795899504
10079,Caribbean,Clustering Coefficient,-0.08534925374954298
10080,Caribbean,Clustering Coefficient,0.22321781399014282
10081,Caribbean,Clustering Coefficient,1.4156444866522266
10082,Caribbean,Clustering Coefficient,-0.04721913245723096
10083,Caribbean,Clustering Coefficient,1.5206267768529813
10084,Caribbean,Clustering Coefficient,0.7454198583625876
10085,Caribbean,Clustering Coefficient,0.07578950750177026
10086,Caribbean,Clustering Coefficient,1.4993711032814703
10087,Caribbean,Clustering Coefficient,1.5206267768529813
10088,Caribbean,Clustering Coefficient,-0.40819533464463775
10089,Caribbean,Clustering Coefficient,1.4872990656781384
10090,Caribbean,Clustering Coefficient,1.5024595344841687
10091,Caribbean,Clustering Coefficient,1.5037571946533694
10092,Caribbean,Clustering Coefficient,0.6213482795967555
10093,Caribbean,Clustering Coefficient,1.4251302724012662
10094,Caribbean,Clustering Coefficient,-0.2020613361760766
10095,Caribbean,Clustering Coefficient,0.8960732037153936
10096,Caribbean,Clustering Coefficient,0.03218109333570304
10097,Caribbean,Clustering Coefficient,1.5121919857531754
10098,Caribbean,Clustering Coefficient,0.3394211637839537
10099,Caribbean,Clustering Coefficient,1.3059230034033773
10100,Caribbean,Clustering Coefficient,1.5049206141154117
10101,Caribbean,Clustering Coefficient,1.372331379842441
10102,Caribbean,Clustering Coefficient,1.5035767713143362
10103,Caribbean,Clustering Coefficient,0.1875683481599546
10104,Caribbean,Clustering Coefficient,1.0130286020109325
10105,Caribbean,Clustering Coefficient,1.1510383302626306
10106,Caribbean,Clustering Coefficient,0.28504595583829956
10107,Caribbean,Clustering Coefficient,0.1024779555156979
10108,Caribbean,Clustering Coefficient,0.5309169144751327
10109,Caribbean,Clustering Coefficient,1.4902615288936802
10110,Caribbean,Clustering Coefficient,1.5206267768529813
10111,Caribbean,Clustering Coefficient,0.25742008040132064
10112,Caribbean,Clustering Coefficient,0.5831271405794498
10113,Caribbean,Clustering Coefficient,0.05080312835788558
10114,Caribbean,Clustering Coefficient,1.5137701079589454
10115,Caribbean,Clustering Coefficient,1.4674875929242042
10116,Caribbean,Clustering Coefficient,-0.23503124850426313
10117,Caribbean,Clustering Coefficient,1.185343830635698
10118,Caribbean,Clustering Coefficient,1.4964726023399009
10119,Caribbean,Clustering Coefficient,1.053001958279744
10120,Caribbean,Clustering Coefficient,1.4863434323828026
10121,Caribbean,Clustering Coefficient,1.4932001012768386
10122,Caribbean,Clustering Coefficient,1.4602413405702803
10123,Caribbean,Clustering Coefficient,0.37239195816352944
10124,Caribbean,Clustering Coefficient,1.2314077061230633
10125,Caribbean,Clustering Coefficient,0.13694068781453572
10126,Caribbean,Clustering Coefficient,1.4735082886402726
10127,Caribbean,Clustering Coefficient,1.4388741861933243
10128,Caribbean,Clustering Coefficient,1.2756657474898352
10129,Caribbean,Clustering Coefficient,0.8200588668376698
10130,Caribbean,Clustering Coefficient,-0.08077496502717665
10131,Caribbean,Clustering Coefficient,1.4784528213539518
10132,Caribbean,Clustering Coefficient,1.4842922921153558
10133,Caribbean,Clustering Coefficient,1.479750481523153
10134,Caribbean,Clustering Coefficient,0.2940584607302642
10135,Caribbean,Clustering Coefficient,0.9545676997538378
10136,Caribbean,Clustering Coefficient,1.474418790827958
10137,Caribbean,Clustering Coefficient,1.4700797482378032
10138,Caribbean,Clustering Coefficient,1.4654172351087975
10139,Caribbean,Clustering Coefficient,0.4999335409933047
10140,Caribbean,Clustering Coefficient,0.21550360059391183
10141,Caribbean,Clustering Coefficient,1.3317873712467512
10142,Caribbean,Clustering Coefficient,1.459896280934379
10143,Caribbean,Clustering Coefficient,1.4502955040060705
10144,Caribbean,Clustering Coefficient,1.4535035971534738
10145,Caribbean,Clustering Coefficient,1.4161459289591913
10146,Caribbean,Clustering Coefficient,0.6390756834661127
10147,Caribbean,Clustering Coefficient,1.4833361214643659
10148,Caribbean,Clustering Coefficient,0.17816318286282615
10149,Caribbean,Clustering Coefficient,0.1677774178300485
10150,Caribbean,Clustering Coefficient,1.4752086709309498
10151,Caribbean,Clustering Coefficient,1.3254216114003312
10152,Caribbean,Clustering Coefficient,0.32070972039672696
10153,Caribbean,Clustering Coefficient,1.4342428817963486
10154,Caribbean,Clustering Coefficient,-0.5135026667309927
10155,Caribbean,Clustering Coefficient,1.2715703996514407
10156,Caribbean,Clustering Coefficient,-0.09698990672351987
10157,Caribbean,Clustering Coefficient,0.6631535816386256
10158,Caribbean,Clustering Coefficient,1.206129565845934
10159,Caribbean,Clustering Coefficient,1.4389904772184448
10160,Caribbean,Clustering Coefficient,1.429667813371291
10161,Caribbean,Clustering Coefficient,1.5206267768529813
10162,Caribbean,Clustering Coefficient,1.5025111459681708
10163,Caribbean,Clustering Coefficient,1.4975227838404694
10164,Caribbean,Clustering Coefficient,1.2100856293926148
10165,Caribbean,Clustering Coefficient,0.05543735951446497
10166,Caribbean,Clustering Coefficient,-0.36211837290394927
10167,Caribbean,Clustering Coefficient,0.44206532556798
10168,Caribbean,Clustering Coefficient,1.4922101009552395
10169,Caribbean,Clustering Coefficient,1.4794867634887667
10170,Caribbean,Clustering Coefficient,0.48377811016376066
10171,Caribbean,Clustering Coefficient,-0.2809146207237359
10172,Caribbean,Clustering Coefficient,0.5139983972014293
10173,Caribbean,Clustering Coefficient,0.78682024336979
10174,Caribbean,Clustering Coefficient,1.4902615288936802
10175,Caribbean,Clustering Coefficient,0.6138089468574929
10176,Caribbean,Clustering Coefficient,0.18302506752887765
10177,Caribbean,Clustering Coefficient,-0.2079514058791478
10178,Caribbean,Clustering Coefficient,0.6431310422396245
10179,Caribbean,Clustering Coefficient,1.1873810471301427
10180,Caribbean,Clustering Coefficient,0.12145492233604845
10181,Caribbean,Clustering Coefficient,0.8739933338642495
10182,Caribbean,Clustering Coefficient,-0.15064321350819918
10183,Caribbean,Clustering Coefficient,0.630221426631767
10184,Caribbean,Clustering Coefficient,0.5032832518237074
10185,Caribbean,Clustering Coefficient,-0.3298590385577017
10186,Caribbean,Clustering Coefficient,0.9971661590471185
10187,Caribbean,Clustering Coefficient,0.9831698858437531
10188,Caribbean,Clustering Coefficient,0.3767272100372525
10189,Caribbean,Clustering Coefficient,0.27453249818898245
10190,Caribbean,Clustering Coefficient,0.0959868821345346
10191,Caribbean,Clustering Coefficient,0.3590793624906238
10192,Caribbean,Clustering Coefficient,0.7219287396204548
10193,Caribbean,Clustering Coefficient,-0.3457737702702443
10194,Caribbean,Clustering Coefficient,-0.11547990847770041
10195,Caribbean,Clustering Coefficient,0.05543735951446497
10196,Caribbean,Clustering Coefficient,0.8121043244692883
10197,Caribbean,Clustering Coefficient,-0.29586979183310286
10198,Caribbean,Clustering Coefficient,0.5682090956679784
10199,Caribbean,Clustering Coefficient,0.2468303582212815
10200,Caribbean,Clustering Coefficient,0.7670165320448715
10201,Caribbean,Clustering Coefficient,0.7050020932950091
10202,Caribbean,Clustering Coefficient,0.9751021758820261
10203,Caribbean,Clustering Coefficient,0.8614787113949812
10204,Caribbean,Clustering Coefficient,0.9440558743059273
10205,Caribbean,Clustering Coefficient,-0.5394806298300824
10206,Caribbean,Clustering Coefficient,-0.37063247657037535
10207,Caribbean,Clustering Coefficient,0.866606051575726
10208,Caribbean,Clustering Coefficient,0.8405797521442024
10209,Caribbean,Clustering Coefficient,0.8243202288207314
10210,Caribbean,Clustering Coefficient,-0.314876968576376
10211,Caribbean,Clustering Coefficient,0.6230657709971685
10212,Caribbean,Clustering Coefficient,1.2587815227111816
10213,Caribbean,Clustering Coefficient,1.5121919857531754
10214,Caribbean,Clustering Coefficient,-0.2065658477126141
10215,Caribbean,Clustering Coefficient,0.32067833976105636
10216,Caribbean,Clustering Coefficient,0.6076503721192065
10217,Caribbean,Clustering Coefficient,0.6881503436347205
10218,Caribbean,Clustering Coefficient,-0.07226484126439794
10219,Caribbean,Clustering Coefficient,-0.25002893569831025
10220,Caribbean,Clustering Coefficient,1.4300486224289295
10221,Caribbean,Clustering Coefficient,0.6438302420281611
10222,Caribbean,Clustering Coefficient,1.0398436841640466
10223,Caribbean,Clustering Coefficient,0.8179890624458971
10224,Caribbean,Clustering Coefficient,-0.06972577813775417
10225,Caribbean,Clustering Coefficient,-0.15477389560121285
10226,Caribbean,Clustering Coefficient,0.2734891678258827
10227,Caribbean,Clustering Coefficient,0.2520959605028637
10228,Caribbean,Clustering Coefficient,0.7637959754431275
10229,Caribbean,Clustering Coefficient,-0.10535547648885286
10230,Caribbean,Clustering Coefficient,-0.05497899543834827
10231,Caribbean,Clustering Coefficient,0.1473078291469888
10232,Caribbean,Clustering Coefficient,0.47616695480460625
10233,Caribbean,Clustering Coefficient,0.5999507309745977
10234,Caribbean,Clustering Coefficient,0.05391583743320903
10235,Caribbean,Clustering Coefficient,0.301913446594544
10236,Caribbean,Clustering Coefficient,0.8899639346213426
10237,Caribbean,Clustering Coefficient,-0.2010357103276449
10238,Caribbean,Clustering Coefficient,0.35008421709582754
10239,Caribbean,Clustering Coefficient,0.6703998339925495
10240,Caribbean,Clustering Coefficient,0.08298852507994209
10241,Caribbean,Clustering Coefficient,0.4864645993242287
10242,Caribbean,Clustering Coefficient,0.6573194194870046
10243,Caribbean,Clustering Coefficient,0.5292907405346209
10244,Caribbean,Clustering Coefficient,-0.223634895339762
10245,Caribbean,Clustering Coefficient,-0.2582144693333535
10246,Caribbean,Clustering Coefficient,0.24087519478446243
10247,Caribbean,Clustering Coefficient,0.95967311204174
10248,Caribbean,Clustering Coefficient,1.5206267768529813
10249,Caribbean,Clustering Coefficient,0.5653540760714878
10250,Caribbean,Clustering Coefficient,1.0918901792458033
10251,Caribbean,Clustering Coefficient,0.26406451890041693
10252,Caribbean,Clustering Coefficient,1.1599244374576467
10253,Caribbean,Clustering Coefficient,0.33115086570269425
10254,Caribbean,Clustering Coefficient,0.6369639429811843
10255,Caribbean,Clustering Coefficient,1.2162841779881677
10256,Caribbean,Clustering Coefficient,0.4062098831239743
10257,Caribbean,Clustering Coefficient,-0.16195561230507333
10258,Caribbean,Clustering Coefficient,0.4447546293294672
10259,Caribbean,Clustering Coefficient,-0.03937593015337679
10260,Caribbean,Clustering Coefficient,0.26499501303242845
10261,Caribbean,Clustering Coefficient,1.2733123359265979
10262,Caribbean,Clustering Coefficient,0.18455586664373172
10263,Caribbean,Clustering Coefficient,1.291565272834886
10264,Caribbean,Clustering Coefficient,-0.09458344396494194
10265,Caribbean,Clustering Coefficient,-0.30536397291438866
10266,Caribbean,Clustering Coefficient,0.4921264427476203
10267,Caribbean,Clustering Coefficient,1.2393648336340002
10268,Caribbean,Clustering Coefficient,-0.09878411806353038
10269,Caribbean,Clustering Coefficient,0.06557386439594756
10270,Caribbean,Clustering Coefficient,0.3348763916653959
10271,Caribbean,Clustering Coefficient,0.05465678241861953
10272,Caribbean,Clustering Coefficient,0.09552010953163731
10273,Caribbean,Clustering Coefficient,-0.055489938524947345
10274,Caribbean,Clustering Coefficient,0.3811167498008659
10275,Caribbean,Clustering Coefficient,0.6011047809572215
10276,Caribbean,Clustering Coefficient,0.4343219685244594
10277,Caribbean,Clustering Coefficient,-0.09617574836064592
10278,Caribbean,Clustering Coefficient,0.4781909448481076
10279,Caribbean,Clustering Coefficient,0.510922775841237
10280,Caribbean,Clustering Coefficient,0.15146592046275834
10281,Caribbean,Clustering Coefficient,0.4224169756582571
10282,Caribbean,Clustering Coefficient,-0.13910101514818937
10283,Caribbean,Clustering Coefficient,0.12556666145649548
10284,Caribbean,Clustering Coefficient,0.761495577870453
10285,Caribbean,Clustering Coefficient,-0.37015539210978887
10286,Caribbean,Clustering Coefficient,0.08299936748798281
10287,Caribbean,Clustering Coefficient,1.5206267768529813
10288,Caribbean,Clustering Coefficient,0.5510697367489804
10289,Caribbean,Clustering Coefficient,-0.0882422603248624
10290,Caribbean,Clustering Coefficient,1.1304496659780905
10291,Caribbean,Clustering Coefficient,-0.18571887339729862
10292,Caribbean,Clustering Coefficient,0.27886048474586295
10293,Caribbean,Clustering Coefficient,0.8104717842564227
10294,Caribbean,Clustering Coefficient,0.6058949343522425
10295,Caribbean,Clustering Coefficient,1.4443098637637803
10296,Caribbean,Clustering Coefficient,1.0762572945217455
10297,Caribbean,Clustering Coefficient,0.4292296915465618
10298,Caribbean,Clustering Coefficient,0.022408719019739065
10299,Caribbean,Clustering Coefficient,-0.26603432985450465
10300,Caribbean,Clustering Coefficient,0.07601625691686795
10301,Caribbean,Clustering Coefficient,1.3636618027864402
10302,Caribbean,Clustering Coefficient,1.182350508428328
10303,Caribbean,Clustering Coefficient,0.5476186139832014
10304,Caribbean,Clustering Coefficient,-0.40242983230605217
10305,Caribbean,Clustering Coefficient,0.10293822886940351
10306,Caribbean,Clustering Coefficient,0.3729160067211057
10307,Caribbean,Clustering Coefficient,0.21168215482070726
10308,Caribbean,Clustering Coefficient,1.247339545219271
10309,Caribbean,Clustering Coefficient,0.5118534163689857
10310,Caribbean,Clustering Coefficient,-0.10152395009799386
10311,Caribbean,Clustering Coefficient,-0.14773527191792787
10312,Caribbean,Clustering Coefficient,0.22957393615069163
10313,Caribbean,Clustering Coefficient,0.5190007268399729
10314,Caribbean,Clustering Coefficient,1.4049204892661282
10315,Caribbean,Clustering Coefficient,1.1728066638646228
10316,Caribbean,Clustering Coefficient,0.31937847808521613
10317,Caribbean,Clustering Coefficient,0.36678618463989565
10318,Caribbean,Clustering Coefficient,0.23273539340582272
10319,Caribbean,Clustering Coefficient,-0.09237462100399024
10320,Caribbean,Clustering Coefficient,0.22274666525051884
10321,Caribbean,Clustering Coefficient,0.9361773806470777
10322,Caribbean,Clustering Coefficient,1.4324115308052094
10323,Caribbean,Clustering Coefficient,-0.2748059148317127
10324,Caribbean,Clustering Coefficient,0.19304027416177172
10325,Caribbean,Clustering Coefficient,0.1589090580801518
10326,Caribbean,Clustering Coefficient,-0.02957575664036094
10327,Caribbean,Clustering Coefficient,0.6200049271680758
10328,Caribbean,Clustering Coefficient,-0.34890288724141055
10329,Caribbean,Clustering Coefficient,0.4337718138622101
10330,Caribbean,Clustering Coefficient,0.29812801466620154
10331,Caribbean,Clustering Coefficient,-0.04659945114752885
10332,Caribbean,Clustering Coefficient,0.21984520886670303
10333,Caribbean,Clustering Coefficient,0.0806132870907394
10334,Caribbean,Clustering Coefficient,0.3260009762409888
10335,Caribbean,Clustering Coefficient,0.07279501095414931
10336,Caribbean,Clustering Coefficient,0.40032130124113685
10337,Caribbean,Clustering Coefficient,0.641354814205392
10338,Caribbean,Clustering Coefficient,0.38671025008763343
10339,Caribbean,Clustering Coefficient,0.5060878836864631
10340,Caribbean,Clustering Coefficient,-0.23869950587754155
10341,Caribbean,Clustering Coefficient,0.23992778939304535
10342,Caribbean,Clustering Coefficient,0.5886472433328929
10343,Caribbean,Clustering Coefficient,0.611252129667656
10344,Caribbean,Clustering Coefficient,1.237217795899504
10345,Caribbean,Clustering Coefficient,0.5611315376274942
10346,Caribbean,Clustering Coefficient,-0.2377921423175387
10347,Caribbean,Clustering Coefficient,0.4361938011212733
10348,Caribbean,Clustering Coefficient,-0.10583320356382304
10349,Caribbean,Clustering Coefficient,0.8580027911096914
10350,Caribbean,Clustering Coefficient,0.10860873041094612
10351,Caribbean,Clustering Coefficient,-0.04630196304384877
10352,Caribbean,Clustering Coefficient,0.5475409535024873
10353,Caribbean,Clustering Coefficient,0.8601826337381816
10354,Caribbean,Clustering Coefficient,0.9270507861591959
10355,Caribbean,Clustering Coefficient,0.8865592262452018
10356,Caribbean,Clustering Coefficient,0.10076281723526226
10357,Caribbean,Clustering Coefficient,-0.38556154624229094
10358,Caribbean,Clustering Coefficient,0.6756807466811237
10359,Caribbean,Clustering Coefficient,1.4447136569547283
10360,Caribbean,Clustering Coefficient,1.2741324110657135
10361,Caribbean,Clustering Coefficient,-0.3445652576206887
10362,Caribbean,Clustering Coefficient,1.3728600621847245
10363,Caribbean,Clustering Coefficient,0.944502387958984
10364,Caribbean,Clustering Coefficient,1.4037205722096722
10365,Caribbean,Clustering Coefficient,1.1277360020604281
10366,Caribbean,Clustering Coefficient,1.3223595695893091
10367,Caribbean,Clustering Coefficient,0.7871318118033057
10368,Caribbean,Clustering Coefficient,0.6259947402026038
10369,Caribbean,Clustering Coefficient,1.4578021259027032
10370,Caribbean,Clustering Coefficient,1.481385533336346
10371,Caribbean,Clustering Coefficient,1.4531484480545342
10372,Caribbean,Clustering Coefficient,-0.2380461248833476
10373,Caribbean,Clustering Coefficient,0.5464689416036316
10374,Caribbean,Clustering Coefficient,1.1940903422761489
10375,Caribbean,Clustering Coefficient,1.3226994520980224
10376,Caribbean,Clustering Coefficient,0.03951890833198374
10377,Caribbean,Clustering Coefficient,0.45292280346922154
10378,Caribbean,Clustering Coefficient,0.32411921784128866
10379,Caribbean,Clustering Coefficient,-0.030502354029122145
10380,Caribbean,Clustering Coefficient,0.415867608451349
10381,Caribbean,Clustering Coefficient,0.5344214743383862
10382,Caribbean,Clustering Coefficient,0.9658403282883914
10383,Caribbean,Clustering Coefficient,1.0624368746099555
10384,Caribbean,Clustering Coefficient,0.2359733097088368
10385,Caribbean,Clustering Coefficient,0.9676399136173777
10386,Caribbean,Clustering Coefficient,-0.2089002186161491
10387,Caribbean,Clustering Coefficient,0.7280423385932567
10388,Caribbean,Clustering Coefficient,-0.27695568346617633
10389,Caribbean,Clustering Coefficient,0.08028275100990521
10390,Caribbean,Clustering Coefficient,0.6447450780343398
10391,Caribbean,Clustering Coefficient,0.6361869347507344
10392,Caribbean,Clustering Coefficient,0.0030592358206318394
10393,Caribbean,Clustering Coefficient,-0.3149718260490513
10394,Caribbean,Clustering Coefficient,0.022979317869468593
10395,Caribbean,Clustering Coefficient,-0.24426600432174364
10396,Caribbean,Clustering Coefficient,0.8857170467948666
10397,Caribbean,Clustering Coefficient,-0.02628489682797587
10398,Caribbean,Clustering Coefficient,0.425369152543189
10399,Caribbean,Clustering Coefficient,0.45404356520796835
10400,Caribbean,Clustering Coefficient,0.10052596838816917
10401,Caribbean,Clustering Coefficient,0.0602855257663175
10402,Caribbean,Clustering Coefficient,0.501792799271167
10403,Caribbean,Clustering Coefficient,0.00011041135800158569
10404,Caribbean,Clustering Coefficient,1.344084637554719
10405,Caribbean,Clustering Coefficient,0.4898065171819691
10406,Caribbean,Clustering Coefficient,1.2790850317221767
10407,Caribbean,Clustering Coefficient,1.3925534794347874
10408,Caribbean,Clustering Coefficient,0.49556703375292704
10409,Caribbean,Clustering Coefficient,1.4584150493266081
10410,Caribbean,Clustering Coefficient,0.43818108280233453
10411,Caribbean,Clustering Coefficient,1.3142884562784751
10412,Caribbean,Clustering Coefficient,0.6006880675507739
10413,Caribbean,Clustering Coefficient,-0.1299021568028253
10414,Caribbean,Clustering Coefficient,0.3876318474731667
10415,Caribbean,Clustering Coefficient,0.9688680029583632
10416,Caribbean,Clustering Coefficient,1.1293291497410782
10417,Caribbean,Clustering Coefficient,0.5965453749728936
10418,Caribbean,Clustering Coefficient,0.7073855972301891
10419,Caribbean,Clustering Coefficient,0.970069985984341
10420,Caribbean,Clustering Coefficient,0.6929602036400612
10421,Caribbean,Clustering Coefficient,-0.03556584063098014
10422,Caribbean,Clustering Coefficient,0.38101536247680035
10423,Caribbean,Clustering Coefficient,0.3696636207877089
10424,Caribbean,Clustering Coefficient,0.1064620446562605
10425,Caribbean,Clustering Coefficient,0.2079137496893479
10426,Caribbean,Clustering Coefficient,1.292887417158223
10427,Caribbean,Clustering Coefficient,0.9792577846642981
10428,Caribbean,Clustering Coefficient,0.46340293241083486
10429,Caribbean,Clustering Coefficient,1.5206267768529813
10430,Caribbean,Clustering Coefficient,0.15207917162945966
10431,Caribbean,Clustering Coefficient,0.6031313660252942
10432,Caribbean,Clustering Coefficient,0.8872011742611082
10433,Caribbean,Clustering Coefficient,0.7726152461372393
10434,Caribbean,Clustering Coefficient,0.4808222048412372
10435,Caribbean,Clustering Coefficient,1.5206267768529813
10436,Caribbean,Clustering Coefficient,0.3927747097932252
10437,Caribbean,Clustering Coefficient,0.5150699117392016
10438,Caribbean,Clustering Coefficient,0.9866172437756165
10439,Caribbean,Clustering Coefficient,0.7756046829828556
10440,Caribbean,Clustering Coefficient,0.6599949588176841
10441,Caribbean,Clustering Coefficient,1.5206267768529813
10442,Caribbean,Clustering Coefficient,0.7462067816951404
10443,Caribbean,Clustering Coefficient,0.6859290932228772
10444,Caribbean,Clustering Coefficient,0.5296906340547171
10445,Caribbean,Clustering Coefficient,0.6404622655819712
10446,Caribbean,Clustering Coefficient,0.8174315609533762
10447,Caribbean,Clustering Coefficient,1.422523668061393
10448,Caribbean,Clustering Coefficient,0.8229161930608576
10449,Caribbean,Clustering Coefficient,1.323252665117524
10450,Caribbean,Clustering Coefficient,1.0885726773177824
10451,Caribbean,Clustering Coefficient,0.9836803190360712
10452,Caribbean,Clustering Coefficient,1.3891016274417836
10453,Caribbean,Clustering Coefficient,1.276357947502958
10454,Caribbean,Clustering Coefficient,0.9729805989517033
10455,Caribbean,Clustering Coefficient,0.16337928539325888
10456,Caribbean,Clustering Coefficient,1.1003441403253815
10457,Caribbean,Clustering Coefficient,1.1427481355816784
10458,Caribbean,Clustering Coefficient,1.087122907960327
10459,Caribbean,Clustering Coefficient,0.5093319969910391
10460,Caribbean,Clustering Coefficient,0.9153804785455554
10461,Caribbean,Clustering Coefficient,0.7757292878513756
10462,Caribbean,Clustering Coefficient,0.8055741636178256
10463,Caribbean,Clustering Coefficient,1.2230473468518301
10464,Caribbean,Clustering Coefficient,1.0974368957912282
10465,Caribbean,Clustering Coefficient,1.1155186452547756
10466,Caribbean,Clustering Coefficient,1.2463600210915515
10467,Caribbean,Clustering Coefficient,1.2198389432938663
10468,Caribbean,Clustering Coefficient,0.8698052539600808
10469,Caribbean,Clustering Coefficient,1.1531749730901617
10470,Caribbean,Clustering Coefficient,1.2181421914122508
10471,Caribbean,Clustering Coefficient,1.3046600400301442
10472,Caribbean,Clustering Coefficient,1.5206267768529813
10473,Caribbean,Clustering Coefficient,1.2198389432938663
10474,Caribbean,Clustering Coefficient,1.169446083062803
10475,Caribbean,Clustering Coefficient,1.3714182308460705
10476,Caribbean,Clustering Coefficient,1.4954224208393323
10477,Caribbean,Clustering Coefficient,1.227096046579737
10478,Caribbean,Clustering Coefficient,1.4568597561384489
10479,Caribbean,Clustering Coefficient,1.5206267768529813
10480,Caribbean,Clustering Coefficient,0.7007650819518508
10481,Caribbean,Clustering Coefficient,1.5206267768529813
