,Node,Degree Centrality,Network Centralisation,Closeness Centrality,Betweenness Centrality,Eigenvector Centrality,Harmonic Centrality,Clustering Coefficient,Graph Density,Rich Club Coefficient,Transitivity,Local Efficiency,Lon,Lat,geometry,Region
0,0,0.0017497812773403325,0.028975581204713684,0.0,0.0,2.231553398729358e-87,0.0,0.0,0.003910241114965524,0.09534275281278452,0.2496425410226731,0.6180124821421374,,,POINT (NaN NaN),GBR
1,1,0.0008748906386701663,0.028975581204713684,0.0,0.0,4.098716271507244e-127,0.0,0.0,0.003910241114965524,0.09534275281278452,0.2496425410226731,0.6180124821421374,,,POINT (NaN NaN),GBR
2,2,0.0026246719160104987,0.028975581204713684,0.001999750031246094,0.0,2.5578154421581224e-78,3.033333333333333,0.0,0.003910241114965524,0.09534275281278452,0.2496425410226731,0.6180124821421374,,,POINT (NaN NaN),GBR
3,3,0.004374453193350831,0.028975581204713684,0.0024227740763173833,1.3789869961526262e-05,2.515994363796699e-80,3.5833333333333335,0.0,0.003910241114965524,0.09534275281278452,0.2496425410226731,0.6180124821421374,,,POINT (NaN NaN),GBR
4,4,0.004374453193350831,0.028975581204713684,0.002143482064741907,1.0725454414520426e-05,2.750159169992726e-79,3.116666666666667,0.0,0.003910241114965524,0.09534275281278452,0.2496425410226731,0.6180124821421374,,,POINT (NaN NaN),GBR
5,5,0.0026246719160104987,0.028975581204713684,0.0025217436055787142,0.0,9.703575862936408e-80,3.416666666666667,0.0,0.003910241114965524,0.09534275281278452,0.2496425410226731,0.6180124821421374,,,POINT (NaN NaN),GBR
6,6,0.004374453193350831,0.028975581204713684,0.001999750031246094,1.2257662188023344e-05,1.9041734968408581e-81,2.8333333333333335,0.3333333333333333,0.003910241114965524,0.09534275281278452,0.2496425410226731,0.6180124821421374,,,POINT (NaN NaN),GBR
7,7,0.004374453193350831,0.028975581204713684,0.0011665208515602215,1.532207773502918e-05,4.973016749068381e-84,1.5,0.3333333333333333,0.003910241114965524,0.09534275281278452,0.2496425410226731,0.6180124821421374,,,POINT (NaN NaN),GBR
8,8,0.004374453193350831,0.028975581204713684,0.0013123359580052493,9.193246641017509e-06,1.0948224129506117e-82,1.8333333333333333,0.3333333333333333,0.003910241114965524,0.09534275281278452,0.2496425410226731,0.6180124821421374,,,POINT (NaN NaN),GBR
9,9,0.0026246719160104987,0.028975581204713684,0.001999750031246094,0.0,2.5578154421581224e-78,3.033333333333333,0.0,0.003910241114965524,0.09534275281278452,0.2496425410226731,0.6180124821421374,,,POINT (NaN NaN),GBR
10,10,0.005249343832020997,0.028975581204713684,0.0031496062992125984,4.596623320508754e-06,7.3972854256469545e-81,4.333333333333333,0.5,0.003910241114965524,0.09534275281278452,0.2496425410226731,0.6180124821421374,,,POINT (NaN NaN),GBR
11,11,0.0017497812773403325,0.028975581204713684,0.0,0.0,2.231553398729358e-87,0.0,0.0,0.003910241114965524,0.09534275281278452,0.2496425410226731,0.6180124821421374,,,POINT (NaN NaN),GBR
12,12,0.006124234470691164,0.028975581204713684,0.0026246719160104987,1.3789869961526262e-05,1.7998115548191803e-81,4.083333333333334,0.2,0.003910241114965524,0.09534275281278452,0.2496425410226731,0.6180124821421374,,,POINT (NaN NaN),GBR
13,13,0.003499562554680665,0.028975581204713684,0.0008748906386701663,0.0,1.495140777148672e-85,1.0,1.0,0.003910241114965524,0.09534275281278452,0.2496425410226731,0.6180124821421374,,,POINT (NaN NaN),GBR
14,14,0.003499562554680665,0.028975581204713684,0.0008748906386701663,8.427142754266049e-06,1.495140777148672e-85,1.0,0.0,0.003910241114965524,0.09534275281278452,0.2496425410226731,0.6180124821421374,,,POINT (NaN NaN),GBR
15,15,0.004374453193350831,0.028975581204713684,0.0024302517740837954,0.0,4.2827080207054375e-82,3.3333333333333335,1.0,0.003910241114965524,0.09534275281278452,0.2496425410226731,0.6180124821421374,,,POINT (NaN NaN),GBR
16,16,0.004374453193350831,0.028975581204713684,0.03030573897779308,0.0005347405129525184,3.95364316011896e-12,43.15532285182494,0.3333333333333333,0.003910241114965524,0.09534275281278452,0.2496425410226731,0.6180124821421374,,,POINT (NaN NaN),GBR
17,17,0.0026246719160104987,0.028975581204713684,0.02895370095806569,0.0,5.876378467180519e-13,39.90103813822557,0.0,0.003910241114965524,0.09534275281278452,0.2496425410226731,0.6180124821421374,,,POINT (NaN NaN),GBR
18,18,0.003499562554680665,0.028975581204713684,0.001988387815159469,0.0,2.5160088688937903e-80,3.0833333333333335,1.0,0.003910241114965524,0.09534275281278452,0.2496425410226731,0.6180124821421374,,,POINT (NaN NaN),GBR
19,19,0.004374453193350831,0.028975581204713684,0.03178030105291721,0.0010572233637170135,2.6596855103911506e-11,45.609836104729325,0.3333333333333333,0.003910241114965524,0.09534275281278452,0.2496425410226731,0.6180124821421374,,,POINT (NaN NaN),GBR
20,20,0.003499562554680665,0.028975581204713684,0.03279344325938729,0.0015835367339152658,1.7889989527902908e-10,45.30269167893851,0.0,0.003910241114965524,0.09534275281278452,0.2496425410226731,0.6180124821421374,,,POINT (NaN NaN),GBR
21,21,0.003499562554680665,0.028975581204713684,0.0,0.0,2.231553398729358e-87,0.0,1.0,0.003910241114965524,0.09534275281278452,0.2496425410226731,0.6180124821421374,,,POINT (NaN NaN),GBR
22,22,0.0017497812773403325,0.028975581204713684,0.0,0.0,2.231553398729358e-87,0.0,0.0,0.003910241114965524,0.09534275281278452,0.2496425410226731,0.6180124821421374,,,POINT (NaN NaN),GBR
23,23,0.0026246719160104987,0.028975581204713684,0.0,0.0,2.231553398729358e-87,0.0,0.0,0.003910241114965524,0.09534275281278452,0.2496425410226731,0.6180124821421374,,,POINT (NaN NaN),GBR
24,24,0.004374453193350831,0.028975581204713684,0.002799650043744532,3.4474674903815655e-06,9.79875097382062e-84,3.5,0.6,0.003910241114965524,0.09534275281278452,0.2496425410226731,0.6180124821421374,,,POINT (NaN NaN),GBR
25,25,0.003499562554680665,0.028975581204713684,0.001399825021872266,0.0,1.7946934870991947e-81,2.083333333333333,1.0,0.003910241114965524,0.09534275281278452,0.2496425410226731,0.6180124821421374,,,POINT (NaN NaN),GBR
26,26,0.004374453193350831,0.028975581204713684,0.034713616174411634,7.151117662100997e-05,4.0452686493518403e-10,50.08627869622861,0.3333333333333333,0.003910241114965524,0.09534275281278452,0.2496425410226731,0.6180124821421374,,,POINT (NaN NaN),GBR
27,27,0.004374453193350831,0.028975581204713684,0.03461896883900151,3.830519433757295e-06,5.079149946323087e-10,49.58627869622862,0.6666666666666666,0.003910241114965524,0.09534275281278452,0.2496425410226731,0.6180124821421374,,,POINT (NaN NaN),GBR
28,28,0.004374453193350831,0.028975581204713684,0.0013123359580052493,4.596623320508754e-06,1.0948224129506118e-82,1.8333333333333333,0.3333333333333333,0.003910241114965524,0.09534275281278452,0.2496425410226731,0.6180124821421374,,,POINT (NaN NaN),GBR
29,29,0.006124234470691164,0.028975581204713684,0.001968503937007874,3.4474674903815655e-06,9.79875097382062e-84,2.5,0.6,0.003910241114965524,0.09534275281278452,0.2496425410226731,0.6180124821421374,,,POINT (NaN NaN),GBR
30,30,0.003499562554680665,0.028975581204713684,0.03351023317035734,0.0002677533084196349,3.6718748210937956e-11,46.94243526868209,0.0,0.003910241114965524,0.09534275281278452,0.2496425410226731,0.6180124821421374,,,POINT (NaN NaN),GBR
31,31,0.003499562554680665,0.028975581204713684,0.0011665208515602215,4.596623320508754e-06,4.973016749068381e-84,1.5,0.0,0.003910241114965524,0.09534275281278452,0.2496425410226731,0.6180124821421374,,,POINT (NaN NaN),GBR
32,32,0.005249343832020997,0.028975581204713684,0.03534875059496253,0.0016363979021011164,2.4699307042166433e-10,51.55853699348694,0.0,0.003910241114965524,0.09534275281278452,0.2496425410226731,0.6180124821421374,,,POINT (NaN NaN),GBR
33,33,0.0017497812773403325,0.028975581204713684,0.0,0.0,2.231553398729358e-87,0.0,0.0,0.003910241114965524,0.09534275281278452,0.2496425410226731,0.6180124821421374,,,POINT (NaN NaN),GBR
34,34,0.005249343832020997,0.028975581204713684,0.0345795118963503,0.0021280751319253414,1.2032023254873087e-09,49.11738370233362,0.3333333333333333,0.003910241114965524,0.09534275281278452,0.2496425410226731,0.6180124821421374,,,POINT (NaN NaN),GBR
35,35,0.0026246719160104987,0.028975581204713684,0.0011665208515602215,0.0,1.4728252431613784e-85,1.5,1.0,0.003910241114965524,0.09534275281278452,0.2496425410226731,0.6180124821421374,,,POINT (NaN NaN),GBR
36,36,0.005249343832020997,0.028975581204713684,0.03661544202416821,0.0010890586036971595,2.2127856657128967e-09,54.965482704581916,0.3333333333333333,0.003910241114965524,0.09534275281278452,0.2496425410226731,0.6180124821421374,,,POINT (NaN NaN),GBR
37,37,0.004374453193350831,0.028975581204713684,0.03343285163028952,0.00030299408721020207,3.671874821093796e-11,46.79957812582495,0.0,0.003910241114965524,0.09534275281278452,0.2496425410226731,0.6180124821421374,,,POINT (NaN NaN),GBR
38,38,0.0017497812773403325,0.028975581204713684,0.0,0.0,2.231553398729358e-87,0.0,0.0,0.003910241114965524,0.09534275281278452,0.2496425410226731,0.6180124821421374,,,POINT (NaN NaN),GBR
39,39,0.0008748906386701663,0.028975581204713684,0.0011665208515602215,0.0,1.4728252431613784e-85,1.5,0.0,0.003910241114965524,0.09534275281278452,0.2496425410226731,0.6180124821421374,,,POINT (NaN NaN),GBR
40,40,0.003499562554680665,0.028975581204713684,0.03187678021303169,0.0,1.0916095815549523e-11,44.500413582806814,0.0,0.003910241114965524,0.09534275281278452,0.2496425410226731,0.6180124821421374,,,POINT (NaN NaN),GBR
41,41,0.005249343832020997,0.028975581204713684,0.037314284300356305,0.0020927323034518617,1.256703534699218e-09,53.92382713792635,0.0,0.003910241114965524,0.09534275281278452,0.2496425410226731,0.6180124821421374,,,POINT (NaN NaN),GBR
42,42,0.005249343832020997,0.028975581204713684,0.0008748906386701663,4.596623320508754e-06,1.495140777148672e-85,1.0,0.5,0.003910241114965524,0.09534275281278452,0.2496425410226731,0.6180124821421374,,,POINT (NaN NaN),GBR
43,43,0.0,0.028975581204713684,0.0,0.0,4.098716271507244e-127,0.0,0.0,0.003910241114965524,0.09534275281278452,0.2496425410226731,0.6180124821421374,,,POINT (NaN NaN),GBR
44,44,0.006124234470691164,0.028975581204713684,0.036580551013688845,0.002776221669163887,8.09128949695321e-09,54.7457135848128,0.2,0.003910241114965524,0.09534275281278452,0.2496425410226731,0.6180124821421374,,,POINT (NaN NaN),GBR
45,45,0.004374453193350831,0.028975581204713684,0.0008748906386701663,3.830519433757295e-06,1.495140777148672e-85,1.0,0.0,0.003910241114965524,0.09534275281278452,0.2496425410226731,0.6180124821421374,,,POINT (NaN NaN),GBR
46,46,0.006124234470691164,0.028975581204713684,0.037369738696116955,3.664530258294479e-05,1.5463619822708746e-09,55.26188630098552,0.3333333333333333,0.003910241114965524,0.09534275281278452,0.2496425410226731,0.6180124821421374,,,POINT (NaN NaN),GBR
47,47,0.0026246719160104987,0.028975581204713684,0.036031939669513145,4.3208259212782285e-05,8.938745849475364e-10,50.3067275708268,0.6666666666666666,0.003910241114965524,0.09534275281278452,0.2496425410226731,0.6180124821421374,,,POINT (NaN NaN),GBR
48,48,0.0017497812773403325,0.028975581204713684,0.0,0.0,2.231553398729358e-87,0.0,0.0,0.003910241114965524,0.09534275281278452,0.2496425410226731,0.6180124821421374,,,POINT (NaN NaN),GBR
49,49,0.003499562554680665,0.028975581204713684,0.0,0.0,2.231553398729358e-87,0.0,0.0,0.003910241114965524,0.09534275281278452,0.2496425410226731,0.6180124821421374,,,POINT (NaN NaN),GBR
50,50,0.004374453193350831,0.028975581204713684,0.03534582776127682,3.217636324356128e-05,2.4645475587945274e-10,51.501394136344075,0.3333333333333333,0.003910241114965524,0.09534275281278452,0.2496425410226731,0.6180124821421374,,,POINT (NaN NaN),GBR
51,51,0.006124234470691164,0.028975581204713684,0.038228443156857174,0.004613284444089761,6.9047827527262895e-09,55.682643649682696,0.2,0.003910241114965524,0.09534275281278452,0.2496425410226731,0.6180124821421374,,,POINT (NaN NaN),GBR
52,52,0.0026246719160104987,0.028975581204713684,0.0008748906386701663,0.0,1.495140777148672e-85,1.0,0.0,0.003910241114965524,0.09534275281278452,0.2496425410226731,0.6180124821421374,,,POINT (NaN NaN),GBR
53,53,0.00699912510936133,0.028975581204713684,0.03740898231774585,0.0005642865861848997,1.620883925511592e-09,55.80474344384269,0.3333333333333333,0.003910241114965524,0.09534275281278452,0.2496425410226731,0.6180124821421374,,,POINT (NaN NaN),GBR
54,54,0.00699912510936133,0.028975581204713684,0.038130868948727734,0.0016028680886576278,7.521648039168641e-09,55.43264364968269,0.3,0.003910241114965524,0.09534275281278452,0.2496425410226731,0.6180124821421374,,,POINT (NaN NaN),GBR
55,55,0.006124234470691164,0.028975581204713684,0.03769832109363481,0.0016231515070372908,2.675619901571482e-08,56.44620786324693,0.2,0.003910241114965524,0.09534275281278452,0.2496425410226731,0.6180124821421374,,,POINT (NaN NaN),GBR
56,56,0.0026246719160104987,0.028975581204713684,0.0,0.0,2.231553398729358e-87,0.0,0.0,0.003910241114965524,0.09534275281278452,0.2496425410226731,0.6180124821421374,,,POINT (NaN NaN),GBR
57,57,0.004374453193350831,0.028975581204713684,0.04149034990073374,1.532207773502918e-06,6.776578911199078e-08,59.03051353233697,0.3333333333333333,0.003910241114965524,0.09534275281278452,0.2496425410226731,0.6180124821421374,,,POINT (NaN NaN),GBR
58,58,0.005249343832020997,0.028975581204713684,0.03741553093609469,3.996508609220111e-05,1.8323994164338878e-09,55.80791804701729,0.3333333333333333,0.003910241114965524,0.09534275281278452,0.2496425410226731,0.6180124821421374,,,POINT (NaN NaN),GBR
59,59,0.003499562554680665,0.028975581204713684,0.0,0.0,2.231553398729358e-87,0.0,0.0,0.003910241114965524,0.09534275281278452,0.2496425410226731,0.6180124821421374,,,POINT (NaN NaN),GBR
60,60,0.006124234470691164,0.028975581204713684,0.03759026007495777,0.001680889265104934,2.675619901571482e-08,55.44620786324691,0.3,0.003910241114965524,0.09534275281278452,0.2496425410226731,0.6180124821421374,,,POINT (NaN NaN),GBR
61,61,0.0017497812773403325,0.028975581204713684,0.0,0.0,2.231553398729358e-87,0.0,0.0,0.003910241114965524,0.09534275281278452,0.2496425410226731,0.6180124821421374,,,POINT (NaN NaN),GBR
62,62,0.007874015748031496,0.028975581204713684,0.040269673410078775,0.007443890598485508,3.890553393404829e-08,60.57812587775332,0.2857142857142857,0.003910241114965524,0.09534275281278452,0.2496425410226731,0.6180124821421374,,,POINT (NaN NaN),GBR
63,63,0.00699912510936133,0.028975581204713684,0.038138016253123,4.576193883528715e-05,1.1669678331656655e-08,56.099310316349374,0.3333333333333333,0.003910241114965524,0.09534275281278452,0.2496425410226731,0.6180124821421374,,,POINT (NaN NaN),GBR
64,64,0.0026246719160104987,0.028975581204713684,0.0373419474222563,0.0,1.7781438062363576e-09,50.2753120249392,0.0,0.003910241114965524,0.09534275281278452,0.2496425410226731,0.6180124821421374,,,POINT (NaN NaN),GBR
65,65,0.006124234470691164,0.028975581204713684,0.04229242388291758,2.298311660254377e-06,1.0661818346382985e-07,62.86384686567038,0.6,0.003910241114965524,0.09534275281278452,0.2496425410226731,0.6180124821421374,,,POINT (NaN NaN),GBR
66,66,0.005249343832020997,0.028975581204713684,0.03821770382457226,0.0005238363009644226,1.0455090183145466e-08,55.91597698301604,0.3333333333333333,0.003910241114965524,0.09534275281278452,0.2496425410226731,0.6180124821421374,,,POINT (NaN NaN),GBR
67,67,0.005249343832020997,0.028975581204713684,0.03960768061887001,1.455597384827772e-06,3.040429149593952e-08,56.9114592110865,0.6666666666666666,0.003910241114965524,0.09534275281278452,0.2496425410226731,0.6180124821421374,,,POINT (NaN NaN),GBR
68,68,0.0,0.028975581204713684,0.0,0.0,4.098716271507244e-127,0.0,0.0,0.003910241114965524,0.09534275281278452,0.2496425410226731,0.6180124821421374,,,POINT (NaN NaN),GBR
69,69,0.0,0.028975581204713684,0.0,0.0,4.098716271507244e-127,0.0,0.0,0.003910241114965524,0.09534275281278452,0.2496425410226731,0.6180124821421374,,,POINT (NaN NaN),GBR
70,70,0.007874015748031496,0.028975581204713684,0.040672926878642914,0.0007890559529313201,3.2037905920122763e-08,61.478125877753364,0.4,0.003910241114965524,0.09534275281278452,0.2496425410226731,0.6180124821421374,,,POINT (NaN NaN),GBR
71,71,0.008748906386701663,0.028975581204713684,0.040010434378255216,0.002972120187496256,1.2221401986709995e-07,62.0733278979554,0.35714285714285715,0.003910241114965524,0.09534275281278452,0.2496425410226731,0.6180124821421374,,,POINT (NaN NaN),GBR
72,72,0.005249343832020997,0.028975581204713684,0.0,0.0,2.231553398729358e-87,0.0,0.5,0.003910241114965524,0.09534275281278452,0.2496425410226731,0.6180124821421374,,,POINT (NaN NaN),GBR
73,73,0.008748906386701663,0.028975581204713684,0.039369287063528886,0.0014326851936312802,5.7676420277494354e-08,56.57729615192343,0.32142857142857145,0.003910241114965524,0.09534275281278452,0.2496425410226731,0.6180124821421374,,,POINT (NaN NaN),GBR
74,74,0.005249343832020997,0.028975581204713684,0.04063637242069327,0.0005139790976215539,2.6590553215367788e-08,59.89479254441996,0.6666666666666666,0.003910241114965524,0.09534275281278452,0.2496425410226731,0.6180124821421374,,,POINT (NaN NaN),GBR
75,75,0.008748906386701663,0.028975581204713684,0.060735314362574844,0.0,4.233511160973963e-05,99.91550382134561,0.39285714285714285,0.003910241114965524,0.09534275281278452,0.2496425410226731,0.6180124821421374,,,POINT (NaN NaN),GBR
76,76,0.004374453193350831,0.028975581204713684,0.03955221506402609,0.0,8.245812919113353e-08,58.073327897955224,1.0,0.003910241114965524,0.09534275281278452,0.2496425410226731,0.6180124821421374,,,POINT (NaN NaN),GBR
77,77,0.003499562554680665,0.028975581204713684,0.03985169699271813,0.000495669214728194,1.1952038163853265e-08,54.79718019900349,0.0,0.003910241114965524,0.09534275281278452,0.2496425410226731,0.6180124821421374,,,POINT (NaN NaN),GBR
78,78,0.006124234470691164,0.028975581204713684,0.039568202216436775,2.2377256599820232e-05,1.2714724066199213e-07,59.406661231288616,0.5,0.003910241114965524,0.09534275281278452,0.2496425410226731,0.6180124821421374,,,POINT (NaN NaN),GBR
79,79,0.00962379702537183,0.028975581204713684,0.04233333004250342,0.01052717225476785,1.4672733314853594e-07,64.09718019900376,0.2777777777777778,0.003910241114965524,0.09534275281278452,0.2496425410226731,0.6180124821421374,,,POINT (NaN NaN),GBR
80,80,0.006124234470691164,0.028975581204713684,0.039450000035363406,3.3297665679797394e-05,1.0800474461374204e-07,57.82332789795521,0.6,0.003910241114965524,0.09534275281278452,0.2496425410226731,0.6180124821421374,,,POINT (NaN NaN),GBR
81,81,0.011373578302712161,0.028975581204713684,0.06531326720495148,0.000383432775695053,0.00010496349655691916,108.71822010530124,0.34545454545454546,0.003910241114965524,0.09534275281278452,0.2496425410226731,0.6180124821421374,,,POINT (NaN NaN),GBR
82,82,0.011373578302712161,0.028975581204713684,0.042165444843173173,0.004633510971110639,4.4631569512181773e-07,65.8459897228134,0.3111111111111111,0.003910241114965524,0.09534275281278452,0.2496425410226731,0.6180124821421374,,,POINT (NaN NaN),GBR
83,83,0.00962379702537183,0.028975581204713684,0.04195636750537152,0.002246610731194022,2.797292627930159e-07,63.02932305614658,0.3333333333333333,0.003910241114965524,0.09534275281278452,0.2496425410226731,0.6180124821421374,,,POINT (NaN NaN),GBR
84,84,0.007874015748031496,0.028975581204713684,0.04144617724584274,0.0001764088669208418,2.2765227786478933e-07,61.67932305614656,0.5333333333333333,0.003910241114965524,0.09534275281278452,0.2496425410226731,0.6180124821421374,,,POINT (NaN NaN),GBR
85,85,0.005249343832020997,0.028975581204713684,0.04193310422663333,0.0,8.403614092788484e-08,60.363846865670325,0.8333333333333334,0.003910241114965524,0.09534275281278452,0.2496425410226731,0.6180124821421374,,,POINT (NaN NaN),GBR
86,86,0.0026246719160104987,0.028975581204713684,0.0008748906386701663,0.0,1.495140777148672e-85,1.0,0.0,0.003910241114965524,0.09534275281278452,0.2496425410226731,0.6180124821421374,,,POINT (NaN NaN),GBR
87,87,0.005249343832020997,0.028975581204713684,0.06352849109941659,0.0,7.579815073152653e-05,102.43488677196787,0.4666666666666667,0.003910241114965524,0.09534275281278452,0.2496425410226731,0.6180124821421374,,,POINT (NaN NaN),GBR
88,88,0.008748906386701663,0.028975581204713684,0.04185260444594963,3.159722518631463e-05,1.093773069620422e-07,60.59718019900367,0.47619047619047616,0.003910241114965524,0.09534275281278452,0.2496425410226731,0.6180124821421374,,,POINT (NaN NaN),GBR
89,89,0.004374453193350831,0.028975581204713684,0.042737429681292176,0.0009898062216828851,8.032965895832202e-08,60.859358419471135,0.0,0.003910241114965524,0.09534275281278452,0.2496425410226731,0.6180124821421374,,,POINT (NaN NaN),GBR
90,90,0.0026246719160104987,0.028975581204713684,0.0008748906386701663,0.0,1.495140777148672e-85,1.0,0.0,0.003910241114965524,0.09534275281278452,0.2496425410226731,0.6180124821421374,,,POINT (NaN NaN),GBR
91,91,0.006124234470691164,0.028975581204713684,0.04143719162475964,0.00012100770839091627,1.8075006812942863e-07,60.67932305614653,0.8333333333333334,0.003910241114965524,0.09534275281278452,0.2496425410226731,0.6180124821421374,,,POINT (NaN NaN),GBR
92,92,0.010498687664041995,0.028975581204713684,0.044412785017186186,0.012823708399330284,4.5548610138943176e-07,65.46213619724904,0.28888888888888886,0.003910241114965524,0.09534275281278452,0.2496425410226731,0.6180124821421374,,,POINT (NaN NaN),GBR
93,93,0.011373578302712161,0.028975581204713684,0.06376616907348291,6.172084588632083e-06,0.00012014298266229949,105.6991724862536,0.45454545454545453,0.003910241114965524,0.09534275281278452,0.2496425410226731,0.6180124821421374,,,POINT (NaN NaN),GBR
94,94,0.007874015748031496,0.028975581204713684,0.044386680531631174,0.0024868446756449824,6.75006581582115e-07,66.74150127661417,0.38095238095238093,0.003910241114965524,0.09534275281278452,0.2496425410226731,0.6180124821421374,,,POINT (NaN NaN),GBR
95,95,0.007874015748031496,0.028975581204713684,0.04414924255778741,0.002467157285197839,6.495673277210942e-07,65.74150127661412,0.5333333333333333,0.003910241114965524,0.09534275281278452,0.2496425410226731,0.6180124821421374,,,POINT (NaN NaN),GBR
96,96,0.006124234470691164,0.028975581204713684,0.04426239299304735,9.887387497291754e-05,3.6215958826104824e-07,65.88554889566176,0.8333333333333334,0.003910241114965524,0.09534275281278452,0.2496425410226731,0.6180124821421374,,,POINT (NaN NaN),GBR
97,97,0.003499562554680665,0.028975581204713684,0.0,0.0,2.231553398729358e-87,0.0,0.0,0.003910241114965524,0.09534275281278452,0.2496425410226731,0.6180124821421374,,,POINT (NaN NaN),GBR
98,98,0.0026246719160104987,0.028975581204713684,0.0,0.0,2.231553398729358e-87,0.0,0.0,0.003910241114965524,0.09534275281278452,0.2496425410226731,0.6180124821421374,,,POINT (NaN NaN),GBR
99,99,0.0026246719160104987,0.028975581204713684,0.0008748906386701663,0.0,1.4951407771486707e-85,1.0,0.0,0.003910241114965524,0.09534275281278452,0.2496425410226731,0.6180124821421374,,,POINT (NaN NaN),GBR
100,100,0.006124234470691164,0.028975581204713684,0.0,0.0,2.231553398729358e-87,0.0,0.5,0.003910241114965524,0.09534275281278452,0.2496425410226731,0.6180124821421374,,,POINT (NaN NaN),GBR
101,101,0.011373578302712161,0.028975581204713684,0.04436576149606708,0.004025294192804323,9.872719774373963e-07,69.03554889566186,0.3333333333333333,0.003910241114965524,0.09534275281278452,0.2496425410226731,0.6180124821421374,,,POINT (NaN NaN),GBR
102,102,0.003499562554680665,0.028975581204713684,0.04380532064625201,8.308744880859007e-06,5.086762350428053e-07,62.87880286391563,0.6666666666666666,0.003910241114965524,0.09534275281278452,0.2496425410226731,0.6180124821421374,,,POINT (NaN NaN),GBR
103,103,0.011373578302712161,0.028975581204713684,0.05902893506201225,0.0001066423979624336,8.816833787457596e-05,99.71110266694441,0.358974358974359,0.003910241114965524,0.09534275281278452,0.2496425410226731,0.6180124821421374,,,POINT (NaN NaN),GBR
104,104,0.007874015748031496,0.028975581204713684,0.058471793135936215,5.8228484146375916e-05,3.495077265477653e-05,96.80356298440485,0.25,0.003910241114965524,0.09534275281278452,0.2496425410226731,0.6180124821421374,,,POINT (NaN NaN),GBR
105,105,0.007874015748031496,0.028975581204713684,0.046949564855865454,0.0027583540433455253,1.3287104760673473e-06,70.76336787380747,0.3333333333333333,0.003910241114965524,0.09534275281278452,0.2496425410226731,0.6180124821421374,,,POINT (NaN NaN),GBR
106,106,0.007874015748031496,0.028975581204713684,0.047268918754898255,0.004038579482646749,2.049664785208713e-06,71.50503454047413,0.3333333333333333,0.003910241114965524,0.09534275281278452,0.2496425410226731,0.6180124821421374,,,POINT (NaN NaN),GBR
107,107,0.006124234470691164,0.028975581204713684,0.045947656568255044,0.0017482490695668294,5.398462232774291e-07,67.59432025475981,0.3333333333333333,0.003910241114965524,0.09534275281278452,0.2496425410226731,0.6180124821421374,,,POINT (NaN NaN),GBR
108,108,0.007874015748031496,0.028975581204713684,0.05796876866406459,6.589200841027162e-05,5.380532207931132e-05,95.08689631773822,0.3333333333333333,0.003910241114965524,0.09534275281278452,0.2496425410226731,0.6180124821421374,,,POINT (NaN NaN),GBR
109,109,0.008748906386701663,0.028975581204713684,0.04646725003037661,0.0018219313916617678,1.4468157218881594e-06,70.34432025475988,0.3333333333333333,0.003910241114965524,0.09534275281278452,0.2496425410226731,0.6180124821421374,,,POINT (NaN NaN),GBR
110,110,0.008748906386701663,0.028975581204713684,0.04691045811827113,0.013448783108644108,1.8775683255767013e-06,68.75900279444238,0.39285714285714285,0.003910241114965524,0.09534275281278452,0.2496425410226731,0.6180124821421374,,,POINT (NaN NaN),GBR
111,111,0.005249343832020997,0.028975581204713684,0.040756303997318076,0.00023233377205549247,3.415966420497787e-08,56.509358419471084,0.5,0.003910241114965524,0.09534275281278452,0.2496425410226731,0.6180124821421374,,,POINT (NaN NaN),GBR
112,112,0.0017497812773403325,0.028975581204713684,0.0,0.0,2.231553398729358e-87,0.0,0.0,0.003910241114965524,0.09534275281278452,0.2496425410226731,0.6180124821421374,,,POINT (NaN NaN),GBR
113,113,0.006124234470691164,0.028975581204713684,0.046489912569254846,3.413890600113601e-05,1.5063920287149265e-06,68.50503454047413,0.4,0.003910241114965524,0.09534275281278452,0.2496425410226731,0.6180124821421374,,,POINT (NaN NaN),GBR
114,114,0.007874015748031496,0.028975581204713684,0.04646137330721607,0.0027719125617204,2.8479929729585343e-06,70.48717739761702,0.4,0.003910241114965524,0.09534275281278452,0.2496425410226731,0.6180124821421374,,,POINT (NaN NaN),GBR
115,115,0.00962379702537183,0.028975581204713684,0.05078786154052196,0.012160575360758518,5.975995555395246e-06,79.07553115446999,0.3888888888888889,0.003910241114965524,0.09534275281278452,0.2496425410226731,0.6180124821421374,,,POINT (NaN NaN),GBR
116,116,0.012248468941382328,0.028975581204713684,0.058154820845430596,0.0002294978843108098,0.00012149167396246757,98.76778720486817,0.3626373626373626,0.003910241114965524,0.09534275281278452,0.2496425410226731,0.6180124821421374,,,POINT (NaN NaN),GBR
117,117,0.00962379702537183,0.028975581204713684,0.050909012328699085,0.009277814947330307,6.641150553137227e-06,79.27553115446997,0.3611111111111111,0.003910241114965524,0.09534275281278452,0.2496425410226731,0.6180124821421374,,,POINT (NaN NaN),GBR
118,118,0.006124234470691164,0.028975581204713684,0.05004487528568073,0.0,1.6239608981099079e-06,77.6410073449462,0.4,0.003910241114965524,0.09534275281278452,0.2496425410226731,0.6180124821421374,,,POINT (NaN NaN),GBR
119,119,0.010498687664041995,0.028975581204713684,0.06236803732866725,0.0013431150845514945,0.00011849858115009237,103.45921946990059,0.3333333333333333,0.003910241114965524,0.09534275281278452,0.2496425410226731,0.6180124821421374,,,POINT (NaN NaN),GBR
120,120,0.008748906386701663,0.028975581204713684,0.04995163049552726,0.004327898543404687,3.5934928835585366e-06,77.55767401161287,0.2,0.003910241114965524,0.09534275281278452,0.2496425410226731,0.6180124821421374,,,POINT (NaN NaN),GBR
121,121,0.00962379702537183,0.028975581204713684,0.053073076843622086,3.8715737400319515e-05,6.578133660039816e-05,86.46543167127363,0.4909090909090909,0.003910241114965524,0.09534275281278452,0.2496425410226731,0.6180124821421374,,,POINT (NaN NaN),GBR
122,122,0.00699912510936133,0.028975581204713684,0.04994608232110521,0.0004867796160377027,4.983479623223696e-06,75.49219782113674,0.6,0.003910241114965524,0.09534275281278452,0.2496425410226731,0.6180124821421374,,,POINT (NaN NaN),GBR
123,123,0.006124234470691164,0.028975581204713684,0.04605546981560875,1.201188015032583e-05,2.291708112233179e-06,67.98717739761697,0.6,0.003910241114965524,0.09534275281278452,0.2496425410226731,0.6180124821421374,,,POINT (NaN NaN),GBR
124,124,0.005249343832020997,0.028975581204713684,0.04387611709271128,0.00035710655841108006,1.22724896568821e-07,62.760986921426344,0.3333333333333333,0.003910241114965524,0.09534275281278452,0.2496425410226731,0.6180124821421374,,,POINT (NaN NaN),GBR
125,125,0.008748906386701663,0.028975581204713684,0.04598842128257415,0.00013716428574661954,3.2813573409320974e-06,68.89432025475986,0.4,0.003910241114965524,0.09534275281278452,0.2496425410226731,0.6180124821421374,,,POINT (NaN NaN),GBR
126,126,0.012248468941382328,0.028975581204713684,0.056987587615097667,0.0007818961506319681,0.00010176463808286749,93.00710899419006,0.34065934065934067,0.003910241114965524,0.09534275281278452,0.2496425410226731,0.6180124821421374,,,POINT (NaN NaN),GBR
127,127,0.012248468941382328,0.028975581204713684,0.057468832385292275,0.00022931660147980034,9.16438280619504e-05,96.34000942709041,0.48484848484848486,0.003910241114965524,0.09534275281278452,0.2496425410226731,0.6180124821421374,,,POINT (NaN NaN),GBR
128,128,0.005249343832020997,0.028975581204713684,0.04347944062831329,0.00024129718753048457,1.0682778784898241e-07,60.260986921426294,0.5,0.003910241114965524,0.09534275281278452,0.2496425410226731,0.6180124821421374,,,POINT (NaN NaN),GBR
129,129,0.0008748906386701663,0.028975581204713684,0.0008748906386701663,0.0,5.451292641104643e-125,1.0,0.0,0.003910241114965524,0.09534275281278452,0.2496425410226731,0.6180124821421374,,,POINT (NaN NaN),GBR
130,130,0.0026246719160104987,0.028975581204713684,0.04805453601649222,0.0,2.471258503857115e-06,69.95767401161302,1.0,0.003910241114965524,0.09534275281278452,0.2496425410226731,0.6180124821421374,,,POINT (NaN NaN),GBR
131,131,0.010498687664041995,0.028975581204713684,0.05664227334385537,8.833466837623534e-05,6.939858419724588e-05,93.00667609375715,0.5333333333333333,0.003910241114965524,0.09534275281278452,0.2496425410226731,0.6180124821421374,,,POINT (NaN NaN),GBR
132,132,0.00699912510936133,0.028975581204713684,0.05183591016692457,0.0022869484983995413,6.637628024153426e-06,80.13888044472262,0.13333333333333333,0.003910241114965524,0.09534275281278452,0.2496425410226731,0.6180124821421374,,,POINT (NaN NaN),GBR
133,133,0.003499562554680665,0.028975581204713684,0.0008748906386701663,5.898999927986234e-05,4.463106797458722e-87,1.0,0.0,0.003910241114965524,0.09534275281278452,0.2496425410226731,0.6180124821421374,,,POINT (NaN NaN),GBR
134,134,0.013123359580052493,0.028975581204713684,0.04991727114039208,0.004457632016200605,1.2118380613362115e-05,78.40053115447,0.32727272727272727,0.003910241114965524,0.09534275281278452,0.2496425410226731,0.6180124821421374,,,POINT (NaN NaN),GBR
135,135,0.004374453193350831,0.028975581204713684,0.06079987305811627,7.141031752467841e-05,3.417233666148854e-05,93.05608094176205,0.8,0.003910241114965524,0.09534275281278452,0.2496425410226731,0.6180124821421374,,,POINT (NaN NaN),GBR
136,136,0.00699912510936133,0.028975581204713684,0.0498008020751455,0.00016916391703125736,6.337853345213862e-06,76.37553115447007,0.5,0.003910241114965524,0.09534275281278452,0.2496425410226731,0.6180124821421374,,,POINT (NaN NaN),GBR
137,137,0.0026246719160104987,0.028975581204713684,0.04819415212832763,1.4126740101339155e-05,2.6330365214472756e-06,71.6910073449463,0.3333333333333333,0.003910241114965524,0.09534275281278452,0.2496425410226731,0.6180124821421374,,,POINT (NaN NaN),GBR
138,138,0.010498687664041995,0.028975581204713684,0.052469642563945144,0.024281749770936677,1.907524777985819e-05,82.23888044472253,0.37777777777777777,0.003910241114965524,0.09534275281278452,0.2496425410226731,0.6180124821421374,,,POINT (NaN NaN),GBR
139,139,0.0008748906386701663,0.028975581204713684,0.0,0.0,4.098716271507244e-127,0.0,0.0,0.003910241114965524,0.09534275281278452,0.2496425410226731,0.6180124821421374,,,POINT (NaN NaN),GBR
140,140,0.010498687664041995,0.028975581204713684,0.05680530553990906,0.00012862275657121865,8.004860682601854e-05,93.50667609375715,0.6060606060606061,0.003910241114965524,0.09534275281278452,0.2496425410226731,0.6180124821421374,,,POINT (NaN NaN),GBR
141,141,0.007874015748031496,0.028975581204713684,0.052152791662831745,0.0009716797449915513,1.4147406490628196e-05,80.57221377805594,0.5714285714285714,0.003910241114965524,0.09534275281278452,0.2496425410226731,0.6180124821421374,,,POINT (NaN NaN),GBR
142,142,0.00962379702537183,0.028975581204713684,0.06195313406568668,0.0005931145197672265,8.843303415447823e-05,100.88775482343591,0.4909090909090909,0.003910241114965524,0.09534275281278452,0.2496425410226731,0.6180124821421374,,,POINT (NaN NaN),GBR
143,143,0.008748906386701663,0.028975581204713684,0.05208918399057455,0.004169574643262209,1.3686581006318132e-05,80.65554711138927,0.32142857142857145,0.003910241114965524,0.09534275281278452,0.2496425410226731,0.6180124821421374,,,POINT (NaN NaN),GBR
144,144,0.007874015748031496,0.028975581204713684,0.056632826667180274,3.706580762067192e-05,7.086664391104435e-05,92.50667609375715,0.6666666666666666,0.003910241114965524,0.09534275281278452,0.2496425410226731,0.6180124821421374,,,POINT (NaN NaN),GBR
145,145,0.003499562554680665,0.028975581204713684,0.04709061554519663,0.0014353722422175334,7.178152763413371e-07,67.60767401161303,0.16666666666666666,0.003910241114965524,0.09534275281278452,0.2496425410226731,0.6180124821421374,,,POINT (NaN NaN),GBR
146,146,0.00962379702537183,0.028975581204713684,0.05964317568104525,0.001665610078201679,9.70380982473753e-05,97.89272540754736,0.4444444444444444,0.003910241114965524,0.09534275281278452,0.2496425410226731,0.6180124821421374,,,POINT (NaN NaN),GBR
147,147,0.010498687664041995,0.028975581204713684,0.05201769745402975,0.002381011229061047,2.4895559661613932e-05,82.3055471113892,0.4,0.003910241114965524,0.09534275281278452,0.2496425410226731,0.6180124821421374,,,POINT (NaN NaN),GBR
148,148,0.003499562554680665,0.028975581204713684,0.0008748906386701663,0.0,3.914294331200929e-64,1.0,0.0,0.003910241114965524,0.09534275281278452,0.2496425410226731,0.6180124821421374,,,POINT (NaN NaN),GBR
149,149,0.008748906386701663,0.028975581204713684,0.054040063946131714,4.449397196506168e-05,7.823631983485123e-05,85.45283418851537,0.6428571428571429,0.003910241114965524,0.09534275281278452,0.2496425410226731,0.6180124821421374,,,POINT (NaN NaN),GBR
150,150,0.01662292213473316,0.028975581204713684,0.05717587666406563,0.000472870078629573,0.00013500034065426988,97.83243366951466,0.4852941176470588,0.003910241114965524,0.09534275281278452,0.2496425410226731,0.6180124821421374,,,POINT (NaN NaN),GBR
151,151,0.0008748906386701663,0.028975581204713684,0.0,0.0,4.098716271507244e-127,0.0,0.0,0.003910241114965524,0.09534275281278452,0.2496425410226731,0.6180124821421374,,,POINT (NaN NaN),GBR
152,152,0.004374453193350831,0.028975581204713684,0.0008748906386701663,7.66103886751459e-07,3.914294331200929e-64,1.0,0.0,0.003910241114965524,0.09534275281278452,0.2496425410226731,0.6180124821421374,,,POINT (NaN NaN),GBR
153,153,0.005249343832020997,0.028975581204713684,0.05581121300876307,0.008449338120704216,3.264454882378592e-05,89.17334276042385,0.6666666666666666,0.003910241114965524,0.09534275281278452,0.2496425410226731,0.6180124821421374,,,POINT (NaN NaN),GBR
154,154,0.0026246719160104987,0.028975581204713684,0.05158293007692738,6.414653474607148e-05,5.685564956437476e-06,79.47221377805597,0.6666666666666666,0.003910241114965524,0.09534275281278452,0.2496425410226731,0.6180124821421374,,,POINT (NaN NaN),GBR
155,155,0.007874015748031496,0.028975581204713684,0.056968520708540374,0.009123519407489658,3.483414717389069e-05,92.8400094270905,0.6190476190476191,0.003910241114965524,0.09534275281278452,0.2496425410226731,0.6180124821421374,,,POINT (NaN NaN),GBR
156,156,0.012248468941382328,0.028975581204713684,0.056716017066231326,0.006215058165092965,3.8191238831810917e-05,95.32334276042377,0.28888888888888886,0.003910241114965524,0.09534275281278452,0.2496425410226731,0.6180124821421374,,,POINT (NaN NaN),GBR
157,157,0.0026246719160104987,0.028975581204713684,0.0,0.0,2.231553398729358e-87,0.0,0.0,0.003910241114965524,0.09534275281278452,0.2496425410226731,0.6180124821421374,,,POINT (NaN NaN),GBR
158,158,0.01399825021872266,0.028975581204713684,0.05624819560207591,0.00012329231949516516,8.082453513483511e-05,92.85667609375714,0.5166666666666667,0.003910241114965524,0.09534275281278452,0.2496425410226731,0.6180124821421374,,,POINT (NaN NaN),GBR
159,159,0.004374453193350831,0.028975581204713684,0.051378444118286064,0.001930720142311907,5.540676078882656e-06,78.13888044472277,0.3333333333333333,0.003910241114965524,0.09534275281278452,0.2496425410226731,0.6180124821421374,,,POINT (NaN NaN),GBR
160,160,0.00699912510936133,0.028975581204713684,0.056795834832083135,0.002624757226640772,3.032091968584207e-05,91.8400094270905,0.6666666666666666,0.003910241114965524,0.09534275281278452,0.2496425410226731,0.6180124821421374,,,POINT (NaN NaN),GBR
161,161,0.003499562554680665,0.028975581204713684,0.001968503937007874,0.0,3.914294331200929e-64,2.5,0.0,0.003910241114965524,0.09534275281278452,0.2496425410226731,0.6180124821421374,,,POINT (NaN NaN),GBR
162,162,0.00962379702537183,0.028975581204713684,0.055630740328162176,0.009068306826510492,2.1632787079190308e-05,87.67334276042388,0.4722222222222222,0.003910241114965524,0.09534275281278452,0.2496425410226731,0.6180124821421374,,,POINT (NaN NaN),GBR
163,163,0.010498687664041995,0.028975581204713684,0.05664957152322487,0.002994621235866584,3.673599804344125e-05,93.74000942709048,0.4444444444444444,0.003910241114965524,0.09534275281278452,0.2496425410226731,0.6180124821421374,,,POINT (NaN NaN),GBR
164,164,0.0026246719160104987,0.028975581204713684,0.05070197021536108,2.496712923233601e-05,4.573526989392489e-06,76.62221377805614,0.6666666666666666,0.003910241114965524,0.09534275281278452,0.2496425410226731,0.6180124821421374,,,POINT (NaN NaN),GBR
165,165,0.004374453193350831,0.028975581204713684,0.058899221959394996,2.5536796225048634e-07,7.087540063332337e-05,93.91177302659494,0.8,0.003910241114965524,0.09534275281278452,0.2496425410226731,0.6180124821421374,,,POINT (NaN NaN),GBR
166,166,0.015748031496062992,0.028975581204713684,0.056683120054700636,0.00025436759303161765,0.00010079296292309293,96.33243366951467,0.5032679738562091,0.003910241114965524,0.09534275281278452,0.2496425410226731,0.6180124821421374,,,POINT (NaN NaN),GBR
167,167,0.003499562554680665,0.028975581204713684,0.05577046924727176,0.0,2.340339602509703e-05,89.47334276042386,1.0,0.003910241114965524,0.09534275281278452,0.2496425410226731,0.6180124821421374,,,POINT (NaN NaN),GBR
168,168,0.0026246719160104987,0.028975581204713684,0.05079476015627679,0.0,6.5391329533399315e-06,78.63888044472273,1.0,0.003910241114965524,0.09534275281278452,0.2496425410226731,0.6180124821421374,,,POINT (NaN NaN),GBR
169,169,0.006124234470691164,0.028975581204713684,0.05082576565614328,0.00036205698734976074,5.69195925844425e-06,79.63888044472264,0.3333333333333333,0.003910241114965524,0.09534275281278452,0.2496425410226731,0.6180124821421374,,,POINT (NaN NaN),GBR
170,170,0.005249343832020997,0.028975581204713684,0.05099065043239197,0.0,7.276558465368259e-06,81.13888044472257,0.6,0.003910241114965524,0.09534275281278452,0.2496425410226731,0.6180124821421374,,,POINT (NaN NaN),GBR
171,171,0.013123359580052493,0.028975581204713684,0.061332917085804795,0.0009274608661697861,0.0001214069443109441,103.61950085518197,0.4380952380952381,0.003910241114965524,0.09534275281278452,0.2496425410226731,0.6180124821421374,,,POINT (NaN NaN),GBR
172,172,0.00962379702537183,0.028975581204713684,0.05089414413417547,0.00011883591214539212,8.632904254618867e-06,80.5122931431353,0.5238095238095238,0.003910241114965524,0.09534275281278452,0.2496425410226731,0.6180124821421374,,,POINT (NaN NaN),GBR
173,173,0.013123359580052493,0.028975581204713684,0.05396334065884594,0.0008384985036920473,0.00010799819356150018,87.16950085518205,0.4,0.003910241114965524,0.09534275281278452,0.2496425410226731,0.6180124821421374,,,POINT (NaN NaN),GBR
174,174,0.015748031496062992,0.028975581204713684,0.05642122742814864,0.0008566067354615326,8.498247488105841e-05,95.87013208221309,0.49264705882352944,0.003910241114965524,0.09534275281278452,0.2496425410226731,0.6180124821421374,,,POINT (NaN NaN),GBR
175,175,0.0026246719160104987,0.028975581204713684,0.05056084407359528,0.0,4.573526989392489e-06,76.28888044472279,1.0,0.003910241114965524,0.09534275281278452,0.2496425410226731,0.6180124821421374,,,POINT (NaN NaN),GBR
176,176,0.01837270341207349,0.028975581204713684,0.05577663007177867,0.003972243469742951,3.529888153995001e-05,93.49000942709048,0.22058823529411764,0.003910241114965524,0.09534275281278452,0.2496425410226731,0.6180124821421374,,,POINT (NaN NaN),GBR
177,177,0.03499562554680665,0.028975581204713684,0.06182169500693233,0.046314815719733136,0.00014531825786584719,112.67267545835672,0.19786096256684493,0.003910241114965524,0.09534275281278452,0.2496425410226731,0.6180124821421374,,,POINT (NaN NaN),GBR
178,178,0.008748906386701663,0.028975581204713684,0.050676614591242036,0.00013011491879575247,6.5391329533399315e-06,79.13888044472267,0.42857142857142855,0.003910241114965524,0.09534275281278452,0.2496425410226731,0.6180124821421374,,,POINT (NaN NaN),GBR
179,179,0.010498687664041995,0.028975581204713684,0.05641164013376833,1.1915622899390935e-05,7.523384500305158e-05,95.3701320822131,0.7818181818181819,0.003910241114965524,0.09534275281278452,0.2496425410226731,0.6180124821421374,,,POINT (NaN NaN),GBR
180,180,0.006124234470691164,0.028975581204713684,0.04739222015520723,8.458742827148641e-05,4.398172022341734e-06,74.2850799390189,0.7,0.003910241114965524,0.09534275281278452,0.2496425410226731,0.6180124821421374,,,POINT (NaN NaN),GBR
181,181,0.007874015748031496,0.028975581204713684,0.056382897789950176,9.569780050840935e-06,5.205640489829628e-05,93.87013208221313,0.8214285714285714,0.003910241114965524,0.09534275281278452,0.2496425410226731,0.6180124821421374,,,POINT (NaN NaN),GBR
182,182,0.003499562554680665,0.028975581204713684,0.048327743983305894,7.481386526422232e-05,6.746471634300773e-06,75.2638443696867,0.6666666666666666,0.003910241114965524,0.09534275281278452,0.2496425410226731,0.6180124821421374,,,POINT (NaN NaN),GBR
183,183,0.00962379702537183,0.028975581204713684,0.04981666411502963,1.5813626776719365e-05,4.396191447849373e-05,79.30346541554668,0.7818181818181819,0.003910241114965524,0.09534275281278452,0.2496425410226731,0.6180124821421374,,,POINT (NaN NaN),GBR
184,184,0.0026246719160104987,0.028975581204713684,0.0011665208515602215,0.0,2.945650486322757e-85,1.5,0.0,0.003910241114965524,0.09534275281278452,0.2496425410226731,0.6180124821421374,,,POINT (NaN NaN),GBR
185,185,0.00962379702537183,0.028975581204713684,0.04837003830113601,0.00038202681738229845,1.1246902386439654e-05,76.4959872268295,0.5,0.003910241114965524,0.09534275281278452,0.2496425410226731,0.6180124821421374,,,POINT (NaN NaN),GBR
186,186,0.003499562554680665,0.028975581204713684,0.0008748906386701663,6.624670554048033e-05,5.451292641104643e-125,1.0,0.3333333333333333,0.003910241114965524,0.09534275281278452,0.2496425410226731,0.6180124821421374,,,POINT (NaN NaN),GBR
187,187,0.004374453193350831,0.028975581204713684,0.001968503937007874,0.000186929348367356,8.926213594917443e-87,2.5,0.3,0.003910241114965524,0.09534275281278452,0.2496425410226731,0.6180124821421374,,,POINT (NaN NaN),GBR
188,188,0.015748031496062992,0.028975581204713684,0.05967918717277704,0.002598061193064655,0.00018131486854613372,101.8887571535792,0.43333333333333335,0.003910241114965524,0.09534275281278452,0.2496425410226731,0.6180124821421374,,,POINT (NaN NaN),GBR
189,189,0.005249343832020997,0.028975581204713684,0.0511112066949296,4.4375101306456416e-05,1.2702393995717414e-05,79.05548561756692,0.6,0.003910241114965524,0.09534275281278452,0.2496425410226731,0.6180124821421374,,,POINT (NaN NaN),GBR
190,190,0.013123359580052493,0.028975581204713684,0.04837003830113601,0.0006867538737662897,1.1762090143684646e-05,78.22932056016276,0.24242424242424243,0.003910241114965524,0.09534275281278452,0.2496425410226731,0.6180124821421374,,,POINT (NaN NaN),GBR
191,191,0.0017497812773403325,0.028975581204713684,0.001968503937007874,0.0,8.926213594917443e-87,2.5,1.0,0.003910241114965524,0.09534275281278452,0.2496425410226731,0.6180124821421374,,,POINT (NaN NaN),GBR
192,192,0.017497812773403325,0.028975581204713684,0.054566647672219554,0.0023700391550744186,0.00013870352142525278,93.37862783930892,0.4263157894736842,0.003910241114965524,0.09534275281278452,0.2496425410226731,0.6180124821421374,,,POINT (NaN NaN),GBR
193,193,0.0017497812773403325,0.028975581204713684,0.046721872944176554,0.0,2.6855423797184686e-06,69.64598722682977,1.0,0.003910241114965524,0.09534275281278452,0.2496425410226731,0.6180124821421374,,,POINT (NaN NaN),GBR
194,194,0.0026246719160104987,0.028975581204713684,0.0011665208515602215,0.0,4.463106797458722e-87,1.5,0.6666666666666666,0.003910241114965524,0.09534275281278452,0.2496425410226731,0.6180124821421374,,,POINT (NaN NaN),GBR
195,195,0.006124234470691164,0.028975581204713684,0.051227920013901126,0.0003350880070455298,1.4006436810038679e-05,81.77846541554665,0.47619047619047616,0.003910241114965524,0.09534275281278452,0.2496425410226731,0.6180124821421374,,,POINT (NaN NaN),GBR
196,196,0.00962379702537183,0.028975581204713684,0.05174934125256542,0.001147151075500539,2.9057747020087603e-05,84.61179874887993,0.38181818181818183,0.003910241114965524,0.09534275281278452,0.2496425410226731,0.6180124821421374,,,POINT (NaN NaN),GBR
197,197,0.008748906386701663,0.028975581204713684,0.053503465196011624,9.110158137364432e-05,3.33270011842891e-05,84.38100879169,0.6,0.003910241114965524,0.09534275281278452,0.2496425410226731,0.6180124821421374,,,POINT (NaN NaN),GBR
198,198,0.006124234470691164,0.028975581204713684,0.0008748906386701663,3.064415547005836e-06,4.463106797458722e-87,1.0,0.2,0.003910241114965524,0.09534275281278452,0.2496425410226731,0.6180124821421374,,,POINT (NaN NaN),GBR
199,199,0.005249343832020997,0.028975581204713684,0.04675145779327845,7.974445003003824e-07,7.164598075517268e-06,70.97932056016309,0.6666666666666666,0.003910241114965524,0.09534275281278452,0.2496425410226731,0.6180124821421374,,,POINT (NaN NaN),GBR
200,200,0.003499562554680665,0.028975581204713684,0.04917130972663505,0.00012023570471849067,6.719067626594529e-06,77.43560827268959,0.3333333333333333,0.003910241114965524,0.09534275281278452,0.2496425410226731,0.6180124821421374,,,POINT (NaN NaN),GBR
201,201,0.011373578302712161,0.028975581204713684,0.051274078545059915,0.0011024175806493095,2.0725504436633207e-05,83.10227493935616,0.38181818181818183,0.003910241114965524,0.09534275281278452,0.2496425410226731,0.6180124821421374,,,POINT (NaN NaN),GBR
202,202,0.015748031496062992,0.028975581204713684,0.053826861041255954,0.001520085474017895,8.284079773258969e-05,88.81196117264233,0.4117647058823529,0.003910241114965524,0.09534275281278452,0.2496425410226731,0.6180124821421374,,,POINT (NaN NaN),GBR
203,203,0.005249343832020997,0.028975581204713684,0.05539173042463176,0.0005013611941693754,3.177855270769277e-05,88.35600879168999,0.6666666666666666,0.003910241114965524,0.09534275281278452,0.2496425410226731,0.6180124821421374,,,POINT (NaN NaN),GBR
204,204,0.0,0.028975581204713684,0.0,0.0,4.098716271507244e-127,0.0,0.0,0.003910241114965524,0.09534275281278452,0.2496425410226731,0.6180124821421374,,,POINT (NaN NaN),GBR
205,205,0.0026246719160104987,0.028975581204713684,0.0008748906386701663,1.475814015172602e-05,5.451292641104643e-125,1.0,0.6666666666666666,0.003910241114965524,0.09534275281278452,0.2496425410226731,0.6180124821421374,,,POINT (NaN NaN),GBR
206,206,0.007874015748031496,0.028975581204713684,0.05331920993052181,0.00033125139428898895,7.190752462933134e-05,86.97862783930903,0.4444444444444444,0.003910241114965524,0.09534275281278452,0.2496425410226731,0.6180124821421374,,,POINT (NaN NaN),GBR
207,207,0.008748906386701663,0.028975581204713684,0.05094770160876483,0.0013569298080209284,1.6465163379507523e-05,81.60227493935618,0.35555555555555557,0.003910241114965524,0.09534275281278452,0.2496425410226731,0.6180124821421374,,,POINT (NaN NaN),GBR
208,208,0.01399825021872266,0.028975581204713684,0.058541948669758065,0.0008079103665417349,0.0001286958599054792,98.3264555662775,0.4583333333333333,0.003910241114965524,0.09534275281278452,0.2496425410226731,0.6180124821421374,,,POINT (NaN NaN),GBR
209,209,0.015748031496062992,0.028975581204713684,0.05363527928574146,0.003399169863438141,8.436720377317021e-05,90.060373871055,0.3416666666666667,0.003910241114965524,0.09534275281278452,0.2496425410226731,0.6180124821421374,,,POINT (NaN NaN),GBR
210,210,0.006124234470691164,0.028975581204713684,0.04917130972663505,0.00010618259740700614,1.093711176768711e-05,77.43560827268959,0.19047619047619047,0.003910241114965524,0.09534275281278452,0.2496425410226731,0.6180124821421374,,,POINT (NaN NaN),GBR
211,211,0.003499562554680665,0.028975581204713684,0.0,0.0,4.098716271507244e-127,0.0,0.16666666666666666,0.003910241114965524,0.09534275281278452,0.2496425410226731,0.6180124821421374,,,POINT (NaN NaN),GBR
212,212,0.01399825021872266,0.028975581204713684,0.056003804077837754,0.00530631507330398,5.996101346392491e-05,97.66751672819775,0.26666666666666666,0.003910241114965524,0.09534275281278452,0.2496425410226731,0.6180124821421374,,,POINT (NaN NaN),GBR
213,213,0.013123359580052493,0.028975581204713684,0.0573501147002294,0.001032415319347733,0.00010747296216201905,95.76812223294412,0.5047619047619047,0.003910241114965524,0.09534275281278452,0.2496425410226731,0.6180124821421374,,,POINT (NaN NaN),GBR
214,214,0.003499562554680665,0.028975581204713684,0.04443221828189662,0.0,2.012735596682079e-06,68.26463802048062,1.0,0.003910241114965524,0.09534275281278452,0.2496425410226731,0.6180124821421374,,,POINT (NaN NaN),GBR
215,215,0.005249343832020997,0.028975581204713684,0.04660408636387071,5.085497955698188e-05,1.5248649438026689e-05,72.83997335205478,0.2,0.003910241114965524,0.09534275281278452,0.2496425410226731,0.6180124821421374,,,POINT (NaN NaN),GBR
216,216,0.006124234470691164,0.028975581204713684,0.04859470497466598,0.00020952557652712466,7.77077443445605e-06,79.13997335205461,0.5714285714285714,0.003910241114965524,0.09534275281278452,0.2496425410226731,0.6180124821421374,,,POINT (NaN NaN),GBR
217,217,0.003499562554680665,0.028975581204713684,0.048162915279154464,0.0,1.1187393337896438e-05,76.00664001872136,0.3333333333333333,0.003910241114965524,0.09534275281278452,0.2496425410226731,0.6180124821421374,,,POINT (NaN NaN),GBR
218,218,0.013123359580052493,0.028975581204713684,0.05679249232033218,0.0016943281721713765,0.00012242691276124137,94.73875715357907,0.49523809523809526,0.003910241114965524,0.09534275281278452,0.2496425410226731,0.6180124821421374,,,POINT (NaN NaN),GBR
219,219,0.014873140857392827,0.028975581204713684,0.05816985881249149,0.04176858818427822,0.00010089079904680112,99.1915349313569,0.25735294117647056,0.003910241114965524,0.09534275281278452,0.2496425410226731,0.6180124821421374,,,POINT (NaN NaN),GBR
220,220,0.013123359580052493,0.028975581204713684,0.05401503912127852,0.0035519809501686535,5.184991683646381e-05,93.96751672819781,0.20952380952380953,0.003910241114965524,0.09534275281278452,0.2496425410226731,0.6180124821421374,,,POINT (NaN NaN),GBR
221,221,0.005249343832020997,0.028975581204713684,0.04751366210639049,7.086588835764344e-05,2.931833254068667e-06,75.13997335205471,0.8,0.003910241114965524,0.09534275281278452,0.2496425410226731,0.6180124821421374,,,POINT (NaN NaN),GBR
222,222,0.01662292213473316,0.028975581204713684,0.05731930789618066,0.0024806701342244713,0.00014628920031702,101.58478889961097,0.2573099415204678,0.003910241114965524,0.09534275281278452,0.2496425410226731,0.6180124821421374,,,POINT (NaN NaN),GBR
223,223,0.005249343832020997,0.028975581204713684,0.04654607985523858,6.426961805687455e-06,1.7302343340479557e-05,72.3161638282453,0.4,0.003910241114965524,0.09534275281278452,0.2496425410226731,0.6180124821421374,,,POINT (NaN NaN),GBR
224,224,0.012248468941382328,0.028975581204713684,0.056441547920180274,0.0004066119997216189,7.776917693026827e-05,93.26812223294412,0.4065934065934066,0.003910241114965524,0.09534275281278452,0.2496425410226731,0.6180124821421374,,,POINT (NaN NaN),GBR
225,225,0.004374453193350831,0.028975581204713684,0.051462317210348704,1.8686183611456053e-05,2.402204779377902e-05,82.81037387105508,0.4,0.003910241114965524,0.09534275281278452,0.2496425410226731,0.6180124821421374,,,POINT (NaN NaN),GBR
226,226,0.005249343832020997,0.028975581204713684,0.04723771523935642,7.584556362152803e-05,2.5617864685456415e-06,74.30664001872141,0.7333333333333333,0.003910241114965524,0.09534275281278452,0.2496425410226731,0.6180124821421374,,,POINT (NaN NaN),GBR
227,227,0.017497812773403325,0.028975581204713684,0.057346569490298004,0.002794576776124848,0.0001476109162287538,102.85701112183322,0.3,0.003910241114965524,0.09534275281278452,0.2496425410226731,0.6180124821421374,,,POINT (NaN NaN),GBR
228,228,0.00699912510936133,0.028975581204713684,0.046313382988951365,8.19738990216008e-05,2.4453837076861868e-05,72.50664001872148,0.5714285714285714,0.003910241114965524,0.09534275281278452,0.2496425410226731,0.6180124821421374,,,POINT (NaN NaN),GBR
229,229,0.011373578302712161,0.028975581204713684,0.0525592267400751,9.054527879076307e-05,9.561763507999448e-05,86.12129683611876,0.46153846153846156,0.003910241114965524,0.09534275281278452,0.2496425410226731,0.6180124821421374,,,POINT (NaN NaN),GBR
230,230,0.005249343832020997,0.028975581204713684,0.04723771523935642,1.0046407787627088e-05,2.5617864685456415e-06,74.30664001872141,0.6,0.003910241114965524,0.09534275281278452,0.2496425410226731,0.6180124821421374,,,POINT (NaN NaN),GBR
231,231,0.008748906386701663,0.028975581204713684,0.050602751245974145,0.0015085776652650333,3.715904858549212e-05,82.21632625200748,0.28888888888888886,0.003910241114965524,0.09534275281278452,0.2496425410226731,0.6180124821421374,,,POINT (NaN NaN),GBR
232,232,0.007874015748031496,0.028975581204713684,0.04615180678172804,8.500373626599802e-05,2.1648527256310023e-05,71.50664001872154,0.5,0.003910241114965524,0.09534275281278452,0.2496425410226731,0.6180124821421374,,,POINT (NaN NaN),GBR
233,233,0.01662292213473316,0.028975581204713684,0.05783179350043787,0.044747740106312967,0.00012889003250516536,98.18595878665536,0.38011695906432746,0.003910241114965524,0.09534275281278452,0.2496425410226731,0.6180124821421374,,,POINT (NaN NaN),GBR
234,234,0.006124234470691164,0.028975581204713684,0.0504261258402172,0.00043343821328178624,3.156857936992044e-05,81.21632625200753,0.2857142857142857,0.003910241114965524,0.09534275281278452,0.2496425410226731,0.6180124821421374,,,POINT (NaN NaN),GBR
235,235,0.007874015748031496,0.028975581204713684,0.04708315570142773,8.665807529590689e-05,2.267901352103136e-06,73.80664001872141,0.4722222222222222,0.003910241114965524,0.09534275281278452,0.2496425410226731,0.6180124821421374,,,POINT (NaN NaN),GBR
236,236,0.017497812773403325,0.028975581204713684,0.056116020431943824,0.006506263655767778,0.00011065006653340436,99.53756667738868,0.2736842105263158,0.003910241114965524,0.09534275281278452,0.2496425410226731,0.6180124821421374,,,POINT (NaN NaN),GBR
237,237,0.010498687664041995,0.028975581204713684,0.05045593438751191,0.0008209643010593834,4.3139257661403594e-05,82.38299291867413,0.42424242424242425,0.003910241114965524,0.09534275281278452,0.2496425410226731,0.6180124821421374,,,POINT (NaN NaN),GBR
238,238,0.008748906386701663,0.028975581204713684,0.04715832778837559,0.00010464559614763539,5.064543779196209e-05,76.3234691091506,0.26666666666666666,0.003910241114965524,0.09534275281278452,0.2496425410226731,0.6180124821421374,,,POINT (NaN NaN),GBR
239,239,0.00699912510936133,0.028975581204713684,0.05065261599887715,0.00014952204557369488,3.474585475524118e-05,83.13299291867413,0.6071428571428571,0.003910241114965524,0.09534275281278452,0.2496425410226731,0.6180124821421374,,,POINT (NaN NaN),GBR
240,240,0.010498687664041995,0.028975581204713684,0.052093705484408566,0.0004842377537238317,8.763064418512435e-05,90.11018572500755,0.4393939393939394,0.003910241114965524,0.09534275281278452,0.2496425410226731,0.6180124821421374,,,POINT (NaN NaN),GBR
241,241,0.00962379702537183,0.028975581204713684,0.051662446243515334,1.9841124532640448e-05,6.604973330284681e-05,83.78796350278544,0.509090909090909,0.003910241114965524,0.09534275281278452,0.2496425410226731,0.6180124821421374,,,POINT (NaN NaN),GBR
242,242,0.008748906386701663,0.028975581204713684,0.04696222856381598,2.7579739923052524e-05,2.267901352103136e-06,74.63997335205472,0.32142857142857145,0.003910241114965524,0.09534275281278452,0.2496425410226731,0.6180124821421374,,,POINT (NaN NaN),GBR
243,243,0.011373578302712161,0.028975581204713684,0.050348946168585054,0.0003844922252182851,5.475906332963762e-05,82.5496595853408,0.4909090909090909,0.003910241114965524,0.09534275281278452,0.2496425410226731,0.6180124821421374,,,POINT (NaN NaN),GBR
244,244,0.010498687664041995,0.028975581204713684,0.05171935574587656,2.8883673911017083e-05,8.471002947928435e-05,85.2046301694521,0.42424242424242425,0.003910241114965524,0.09534275281278452,0.2496425410226731,0.6180124821421374,,,POINT (NaN NaN),GBR
245,245,0.003499562554680665,0.028975581204713684,0.0034995625546806646,2.2344696696917552e-06,5.846669904670927e-85,4.5,0.6666666666666666,0.003910241114965524,0.09534275281278452,0.2496425410226731,0.6180124821421374,,,POINT (NaN NaN),GBR
246,246,0.00962379702537183,0.028975581204713684,0.05017254307877919,0.0010998339505704407,3.4407930314163804e-05,81.54965958534085,0.3090909090909091,0.003910241114965524,0.09534275281278452,0.2496425410226731,0.6180124821421374,,,POINT (NaN NaN),GBR
247,247,0.006124234470691164,0.028975581204713684,0.05017254307877919,7.905910758180864e-06,4.2194556513101636e-05,81.54965958534085,0.8095238095238095,0.003910241114965524,0.09534275281278452,0.2496425410226731,0.6180124821421374,,,POINT (NaN NaN),GBR
248,248,0.010498687664041995,0.028975581204713684,0.047167803040091154,4.185722118531195e-05,6.349111997852694e-05,76.82346910915057,0.36363636363636365,0.003910241114965524,0.09534275281278452,0.2496425410226731,0.6180124821421374,,,POINT (NaN NaN),GBR
249,249,0.012248468941382328,0.028975581204713684,0.050752640911987106,0.0039112376139170445,1.5232452392848315e-05,85.09965958534079,0.1978021978021978,0.003910241114965524,0.09534275281278452,0.2496425410226731,0.6180124821421374,,,POINT (NaN NaN),GBR
250,250,0.003499562554680665,0.028975581204713684,0.001968503937007874,5.681937160073321e-06,2.945650486322757e-85,2.5,0.5,0.003910241114965524,0.09534275281278452,0.2496425410226731,0.6180124821421374,,,POINT (NaN NaN),GBR
251,251,0.010498687664041995,0.028975581204713684,0.05724569006597554,0.003224103547095033,0.00013703391985549446,97.9192921199887,0.22727272727272727,0.003910241114965524,0.09534275281278452,0.2496425410226731,0.6180124821421374,,,POINT (NaN NaN),GBR
252,252,0.012248468941382328,0.028975581204713684,0.0500161655183187,0.0003797361541973781,4.708971801153638e-05,81.54965958534085,0.4393939393939394,0.003910241114965524,0.09534275281278452,0.2496425410226731,0.6180124821421374,,,POINT (NaN NaN),GBR
253,253,0.013123359580052493,0.028975581204713684,0.05755565934519076,0.0015598498112770122,0.00020691820093800509,101.51929211998875,0.34285714285714286,0.003910241114965524,0.09534275281278452,0.2496425410226731,0.6180124821421374,,,POINT (NaN NaN),GBR
254,254,0.004374453193350831,0.028975581204713684,0.002799650043744532,6.44804104682478e-06,2.945650486322757e-85,3.5,0.4,0.003910241114965524,0.09534275281278452,0.2496425410226731,0.6180124821421374,,,POINT (NaN NaN),GBR
255,255,0.01924759405074366,0.028975581204713684,0.05532744462412152,0.002954443223250079,0.0001141262190716827,99.1697095345315,0.3105263157894737,0.003910241114965524,0.09534275281278452,0.2496425410226731,0.6180124821421374,,,POINT (NaN NaN),GBR
256,256,0.014873140857392827,0.028975581204713684,0.05467322767034336,0.0027718715601012457,7.469976669402093e-05,96.81018572500764,0.3382352941176471,0.003910241114965524,0.09534275281278452,0.2496425410226731,0.6180124821421374,,,POINT (NaN NaN),GBR
257,257,0.010498687664041995,0.028975581204713684,0.051673665015475545,0.0001009211817981875,8.332025669293597e-05,86.17129683611874,0.5,0.003910241114965524,0.09534275281278452,0.2496425410226731,0.6180124821421374,,,POINT (NaN NaN),GBR
258,258,0.004374453193350831,0.028975581204713684,0.049158782960674226,6.1653122314760275e-06,1.462026647535483e-05,77.54965958534105,0.6,0.003910241114965524,0.09534275281278452,0.2496425410226731,0.6180124821421374,,,POINT (NaN NaN),GBR
259,259,0.006124234470691164,0.028975581204713684,0.04900357176310808,1.4738543683019044e-06,2.3152500443584743e-05,77.21632625200772,0.7,0.003910241114965524,0.09534275281278452,0.2496425410226731,0.6180124821421374,,,POINT (NaN NaN),GBR
260,260,0.010498687664041995,0.028975581204713684,0.05091426754183028,0.0001796977271161065,9.911034730614439e-05,84.85463016945211,0.3484848484848485,0.003910241114965524,0.09534275281278452,0.2496425410226731,0.6180124821421374,,,POINT (NaN NaN),GBR
261,261,0.0017497812773403325,0.028975581204713684,0.03783270406707183,0.0,7.577950904897268e-08,54.47432957826839,0.0,0.003910241114965524,0.09534275281278452,0.2496425410226731,0.6180124821421374,,,POINT (NaN NaN),GBR
262,262,0.020122484689413824,0.028975581204713684,0.054540136937890504,0.005540817604535075,8.965732426481929e-05,97.11018572500764,0.2857142857142857,0.003910241114965524,0.09534275281278452,0.2496425410226731,0.6180124821421374,,,POINT (NaN NaN),GBR
263,263,0.010498687664041995,0.028975581204713684,0.054274907332696486,0.00030068841402134414,6.583273496107552e-05,94.64351905834096,0.48484848484848486,0.003910241114965524,0.09534275281278452,0.2496425410226731,0.6180124821421374,,,POINT (NaN NaN),GBR
264,264,0.0026246719160104987,0.028975581204713684,0.0,0.0,4.098716271507244e-127,0.0,0.6666666666666666,0.003910241114965524,0.09534275281278452,0.2496425410226731,0.6180124821421374,,,POINT (NaN NaN),GBR
265,265,0.005249343832020997,0.028975581204713684,0.05113652878117103,0.00023176015774505724,4.566178978633907e-05,84.61018572500765,0.6,0.003910241114965524,0.09534275281278452,0.2496425410226731,0.6180124821421374,,,POINT (NaN NaN),GBR
266,266,0.0017497812773403325,0.028975581204713684,0.040843739471904554,0.0,8.285853170546368e-07,59.80785591369841,1.0,0.003910241114965524,0.09534275281278452,0.2496425410226731,0.6180124821421374,,,POINT (NaN NaN),GBR
267,267,0.00962379702537183,0.028975581204713684,0.05364832498774533,0.000315749235070117,6.523145832890231e-05,92.66018572500761,0.5,0.003910241114965524,0.09534275281278452,0.2496425410226731,0.6180124821421374,,,POINT (NaN NaN),GBR
268,268,0.020122484689413824,0.028975581204713684,0.05158953495142034,0.0027582657485377983,0.00012025261299995574,90.42685239167422,0.2727272727272727,0.003910241114965524,0.09534275281278452,0.2496425410226731,0.6180124821421374,,,POINT (NaN NaN),GBR
269,269,0.006124234470691164,0.028975581204713684,0.04172519603708235,0.00014913488995428403,2.1030412936909313e-06,65.30785591369849,0.42857142857142855,0.003910241114965524,0.09534275281278452,0.2496425410226731,0.6180124821421374,,,POINT (NaN NaN),GBR
270,270,0.00962379702537183,0.028975581204713684,0.048703057731469664,0.0012864102436080393,2.8025355708126162e-05,78.70680244248382,0.42857142857142855,0.003910241114965524,0.09534275281278452,0.2496425410226731,0.6180124821421374,,,POINT (NaN NaN),GBR
271,271,0.004374453193350831,0.028975581204713684,0.0011665208515602215,0.0,2.945650486322757e-85,1.5,0.6666666666666666,0.003910241114965524,0.09534275281278452,0.2496425410226731,0.6180124821421374,,,POINT (NaN NaN),GBR
272,272,0.00699912510936133,0.028975581204713684,0.04462006036378677,0.000875965960358282,6.393900347084412e-06,70.11021144729301,0.2857142857142857,0.003910241114965524,0.09534275281278452,0.2496425410226731,0.6180124821421374,,,POINT (NaN NaN),GBR
273,273,0.01399825021872266,0.028975581204713684,0.05128518148111629,0.00021200994251989948,7.241650785568919e-05,88.07685239167427,0.3,0.003910241114965524,0.09534275281278452,0.2496425410226731,0.6180124821421374,,,POINT (NaN NaN),GBR
274,274,0.00699912510936133,0.028975581204713684,0.0008748906386701663,4.02204540544516e-06,4.463106797458722e-87,1.0,0.26666666666666666,0.003910241114965524,0.09534275281278452,0.2496425410226731,0.6180124821421374,,,POINT (NaN NaN),GBR
275,275,0.005249343832020997,0.028975581204713684,0.040870909762589336,0.0006109040076937259,5.847974719778818e-07,61.14118924703177,0.26666666666666666,0.003910241114965524,0.09534275281278452,0.2496425410226731,0.6180124821421374,,,POINT (NaN NaN),GBR
276,276,0.006124234470691164,0.028975581204713684,0.050771765979051815,8.295244279577143e-05,4.321214594192673e-05,83.52685239167431,0.38095238095238093,0.003910241114965524,0.09534275281278452,0.2496425410226731,0.6180124821421374,,,POINT (NaN NaN),GBR
277,277,0.005249343832020997,0.028975581204713684,0.044628193805340506,0.0003973756154637648,3.346697487727852e-06,70.610211447293,0.5333333333333333,0.003910241114965524,0.09534275281278452,0.2496425410226731,0.6180124821421374,,,POINT (NaN NaN),GBR
278,278,0.012248468941382328,0.028975581204713684,0.05286758456172498,0.001895466666197479,6.0343543958164036e-05,92.4601857250076,0.24242424242424243,0.003910241114965524,0.09534275281278452,0.2496425410226731,0.6180124821421374,,,POINT (NaN NaN),GBR
279,279,0.007874015748031496,0.028975581204713684,0.04804577252111268,0.0004999264081660838,1.0582741865903467e-05,75.54013577581729,0.38095238095238093,0.003910241114965524,0.09534275281278452,0.2496425410226731,0.6180124821421374,,,POINT (NaN NaN),GBR
280,280,0.00962379702537183,0.028975581204713684,0.04281924353322391,0.0031221214518162466,1.0728713856620046e-05,69.54569133137295,0.23636363636363636,0.003910241114965524,0.09534275281278452,0.2496425410226731,0.6180124821421374,,,POINT (NaN NaN),GBR
281,281,0.006124234470691164,0.028975581204713684,0.044475840957517075,0.0005496505247420119,3.122269853491926e-06,70.11021144729301,0.5238095238095238,0.003910241114965524,0.09534275281278452,0.2496425410226731,0.6180124821421374,,,POINT (NaN NaN),GBR
282,282,0.005249343832020997,0.028975581204713684,0.04367767862108974,0.0,9.748579819447074e-06,72.92069133137284,0.6666666666666666,0.003910241114965524,0.09534275281278452,0.2496425410226731,0.6180124821421374,,,POINT (NaN NaN),GBR
283,283,0.007874015748031496,0.028975581204713684,0.04265314910558136,0.00019453757513710298,1.014988451259882e-05,71.08735799803956,0.3888888888888889,0.003910241114965524,0.09534275281278452,0.2496425410226731,0.6180124821421374,,,POINT (NaN NaN),GBR
284,284,0.003499562554680665,0.028975581204713684,0.03905457140650568,5.9834516668816044e-05,1.3904159031598432e-06,58.000687637769175,0.8333333333333334,0.003910241114965524,0.09534275281278452,0.2496425410226731,0.6180124821421374,,,POINT (NaN NaN),GBR
285,285,0.003499562554680665,0.028975581204713684,0.03905457140650568,0.000396196205871902,1.3904159031598432e-06,58.000687637769175,0.6666666666666666,0.003910241114965524,0.09534275281278452,0.2496425410226731,0.6180124821421374,,,POINT (NaN NaN),GBR
286,286,0.0017497812773403325,0.028975581204713684,0.037376314398504806,0.0,8.166051925858831e-07,55.53854847423008,0.0,0.003910241114965524,0.09534275281278452,0.2496425410226731,0.6180124821421374,,,POINT (NaN NaN),GBR
287,287,0.0017497812773403325,0.028975581204713684,0.0,0.0,4.098716271507244e-127,0.0,0.0,0.003910241114965524,0.09534275281278452,0.2496425410226731,0.6180124821421374,,,POINT (NaN NaN),GBR
288,288,0.0,0.028975581204713684,0.0,0.0,4.098716271507244e-127,0.0,0.0,0.003910241114965524,0.09534275281278452,0.2496425410226731,0.6180124821421374,,,POINT (NaN NaN),GBR
289,289,0.01399825021872266,0.028975581204713684,0.050930853876031836,0.00019325451392765636,7.155956839066512e-05,87.1601857250076,0.35833333333333334,0.003910241114965524,0.09534275281278452,0.2496425410226731,0.6180124821421374,,,POINT (NaN NaN),GBR
290,290,0.03237095363079615,0.028975581204713684,0.05661428730636353,0.021560673745375052,0.00027950600529036846,106.8581810088777,0.17117117117117117,0.003910241114965524,0.09534275281278452,0.2496425410226731,0.6180124821421374,,,POINT (NaN NaN),GBR
291,291,0.007874015748031496,0.028975581204713684,0.03810474241213394,3.6037814143736676e-06,1.8786790033883427e-06,56.556243193324704,0.3611111111111111,0.003910241114965524,0.09534275281278452,0.2496425410226731,0.6180124821421374,,,POINT (NaN NaN),GBR
292,292,0.00699912510936133,0.028975581204713684,0.042432923535285744,1.649479074656657e-05,9.901716954162567e-06,69.0040246647063,0.4642857142857143,0.003910241114965524,0.09534275281278452,0.2496425410226731,0.6180124821421374,,,POINT (NaN NaN),GBR
293,293,0.004374453193350831,0.028975581204713684,0.04222257549491521,0.0006049565830433892,2.4978541777703192e-06,66.40521514089689,0.4,0.003910241114965524,0.09534275281278452,0.2496425410226731,0.6180124821421374,,,POINT (NaN NaN),GBR
294,294,0.01837270341207349,0.028975581204713684,0.04538910102321367,0.0013202174760738575,3.9387620262640465e-05,75.44351905834118,0.20952380952380953,0.003910241114965524,0.09534275281278452,0.2496425410226731,0.6180124821421374,,,POINT (NaN NaN),GBR
295,295,0.00699912510936133,0.028975581204713684,0.042336104999942836,5.708877820715988e-06,9.326891679551044e-06,67.545691331373,0.6071428571428571,0.003910241114965524,0.09534275281278452,0.2496425410226731,0.6180124821421374,,,POINT (NaN NaN),GBR
296,296,0.00962379702537183,0.028975581204713684,0.0476982955789897,0.0001236259256269973,9.221588113867522e-05,81.05463016945212,0.34545454545454546,0.003910241114965524,0.09534275281278452,0.2496425410226731,0.6180124821421374,,,POINT (NaN NaN),GBR
297,297,0.00699912510936133,0.028975581204713684,0.047589791721894634,5.355990802416197e-05,0.00010757167739949792,80.1212968361188,0.2857142857142857,0.003910241114965524,0.09534275281278452,0.2496425410226731,0.6180124821421374,,,POINT (NaN NaN),GBR
298,298,0.02099737532808399,0.028975581204713684,0.04634969030802628,0.006366316882022903,3.3395739186323975e-05,79.23518572500772,0.15217391304347827,0.003910241114965524,0.09534275281278452,0.2496425410226731,0.6180124821421374,,,POINT (NaN NaN),GBR
299,299,0.011373578302712161,0.028975581204713684,0.052626914942022755,0.0012421088230340795,0.000213790721794034,93.20262545332201,0.32051282051282054,0.003910241114965524,0.09534275281278452,0.2496425410226731,0.6180124821421374,,,POINT (NaN NaN),GBR
300,300,0.005249343832020997,0.028975581204713684,0.04541486072069801,1.1025134395362044e-05,0.00012016879924837546,74.47365719935395,0.5333333333333333,0.003910241114965524,0.09534275281278452,0.2496425410226731,0.6180124821421374,,,POINT (NaN NaN),GBR
301,301,0.006124234470691164,0.028975581204713684,0.04541486072069801,2.9942603394731304e-05,0.00012016879924837546,74.47365719935395,0.47619047619047616,0.003910241114965524,0.09534275281278452,0.2496425410226731,0.6180124821421374,,,POINT (NaN NaN),GBR
302,302,0.017497812773403325,0.028975581204713684,0.04174118034786266,0.0012129702577656572,1.4495515764248107e-05,67.67069133137299,0.23157894736842105,0.003910241114965524,0.09534275281278452,0.2496425410226731,0.6180124821421374,,,POINT (NaN NaN),GBR
303,303,0.004374453193350831,0.028975581204713684,0.04419885617191742,3.892317475056504e-06,2.3865661674443527e-05,69.62129683611917,0.7,0.003910241114965524,0.09534275281278452,0.2496425410226731,0.6180124821421374,,,POINT (NaN NaN),GBR
304,304,0.017497812773403325,0.028975581204713684,0.045851023989749114,0.0012685161211793887,1.4837611276111743e-05,76.95939207421415,0.21052631578947367,0.003910241114965524,0.09534275281278452,0.2496425410226731,0.6180124821421374,,,POINT (NaN NaN),GBR
305,305,0.005249343832020997,0.028975581204713684,0.008143212867622316,0.0,1.7050049886123668e-110,12.366666666666667,0.6,0.003910241114965524,0.09534275281278452,0.2496425410226731,0.6180124821421374,,,POINT (NaN NaN),GBR
306,306,0.006124234470691164,0.028975581204713684,0.04419885617191742,2.4012668519983264e-05,2.3865661674443527e-05,69.62129683611917,0.7142857142857143,0.003910241114965524,0.09534275281278452,0.2496425410226731,0.6180124821421374,,,POINT (NaN NaN),GBR
307,307,0.013123359580052493,0.028975581204713684,0.04944548298369179,0.00044158330268939227,0.00018913999660283618,85.87365719935372,0.29523809523809524,0.003910241114965524,0.09534275281278452,0.2496425410226731,0.6180124821421374,,,POINT (NaN NaN),GBR
308,308,0.00699912510936133,0.028975581204713684,0.04420900982598862,0.0002066039643629716,2.6783542383725654e-05,70.12129683611916,0.5,0.003910241114965524,0.09534275281278452,0.2496425410226731,0.6180124821421374,,,POINT (NaN NaN),GBR
309,309,0.01662292213473316,0.028975581204713684,0.044162721190157746,0.0015221702453828091,5.197960975975399e-05,72.25463016945241,0.30994152046783624,0.003910241114965524,0.09534275281278452,0.2496425410226731,0.6180124821421374,,,POINT (NaN NaN),GBR
310,310,0.011373578302712161,0.028975581204713684,0.048546509005961885,0.00039805360008836023,0.00020119120793401788,83.70699053268707,0.1794871794871795,0.003910241114965524,0.09534275281278452,0.2496425410226731,0.6180124821421374,,,POINT (NaN NaN),GBR
311,311,0.008748906386701663,0.028975581204713684,0.044602205044735534,0.0005074877514688655,9.23462247086731e-06,71.12605874088099,0.28888888888888886,0.003910241114965524,0.09534275281278452,0.2496425410226731,0.6180124821421374,,,POINT (NaN NaN),GBR
312,312,0.004374453193350831,0.028975581204713684,0.03698039657495002,6.686760019379525e-06,8.011412582478072e-07,55.0623579980396,0.2,0.003910241114965524,0.09534275281278452,0.2496425410226731,0.6180124821421374,,,POINT (NaN NaN),GBR
313,313,0.022747156605424323,0.028975581204713684,0.04891548700593682,0.007183779909214205,0.00013214766011079314,87.85818100887751,0.22153846153846155,0.003910241114965524,0.09534275281278452,0.2496425410226731,0.6180124821421374,,,POINT (NaN NaN),GBR
314,314,0.013123359580052493,0.028975581204713684,0.044970249593604364,0.00028934222671744765,0.00018723013828444095,75.64032386602057,0.24761904761904763,0.003910241114965524,0.09534275281278452,0.2496425410226731,0.6180124821421374,,,POINT (NaN NaN),GBR
315,315,0.011373578302712161,0.028975581204713684,0.040939349794390456,0.001756466476324742,5.49926515074992e-06,66.13320159802412,0.2692307692307692,0.003910241114965524,0.09534275281278452,0.2496425410226731,0.6180124821421374,,,POINT (NaN NaN),GBR
316,316,0.011373578302712161,0.028975581204713684,0.04248511439573089,0.0007270927030018224,2.7576415840738663e-05,71.06851905834132,0.2692307692307692,0.003910241114965524,0.09534275281278452,0.2496425410226731,0.6180124821421374,,,POINT (NaN NaN),GBR
317,317,0.003499562554680665,0.028975581204713684,0.005644455733355911,7.66103886751459e-07,7.103770379033978e-112,8.79285714285714,0.5,0.003910241114965524,0.09534275281278452,0.2496425410226731,0.6180124821421374,,,POINT (NaN NaN),GBR
318,318,0.005249343832020997,0.028975581204713684,0.006999125109361331,7.66103886751459e-07,7.378829764950436e-112,10.7,0.6666666666666666,0.003910241114965524,0.09534275281278452,0.2496425410226731,0.6180124821421374,,,POINT (NaN NaN),GBR
319,319,0.012248468941382328,0.028975581204713684,0.0419272166659242,0.001110270980809022,4.435084018874808e-06,67.68320159802406,0.32967032967032966,0.003910241114965524,0.09534275281278452,0.2496425410226731,0.6180124821421374,,,POINT (NaN NaN),GBR
320,320,0.0026246719160104987,0.028975581204713684,0.005496595534253869,0.0,3.4968982769856597e-112,8.2,0.6666666666666666,0.003910241114965524,0.09534275281278452,0.2496425410226731,0.6180124821421374,,,POINT (NaN NaN),GBR
321,321,0.01399825021872266,0.028975581204713684,0.044970249593604364,0.00021179471655027505,0.0001835469775335291,75.64032386602057,0.275,0.003910241114965524,0.09534275281278452,0.2496425410226731,0.6180124821421374,,,POINT (NaN NaN),GBR
322,322,0.008748906386701663,0.028975581204713684,0.04593198636628755,0.0006211527053542939,5.987200331270942e-05,76.17365719935388,0.4444444444444444,0.003910241114965524,0.09534275281278452,0.2496425410226731,0.6180124821421374,,,POINT (NaN NaN),GBR
323,323,0.008748906386701663,0.028975581204713684,0.00659219923091009,1.691812749909472e-05,3.01310993017836e-113,10.866666666666667,0.37777777777777777,0.003910241114965524,0.09534275281278452,0.2496425410226731,0.6180124821421374,,,POINT (NaN NaN),GBR
324,324,0.012248468941382328,0.028975581204713684,0.0445884712524142,0.0001894448583019091,0.00012803823883823342,73.64032386602062,0.13186813186813187,0.003910241114965524,0.09534275281278452,0.2496425410226731,0.6180124821421374,,,POINT (NaN NaN),GBR
325,325,0.003499562554680665,0.028975581204713684,0.036626128890397514,0.0,1.7271796719422043e-07,53.829024664706246,0.6666666666666666,0.003910241114965524,0.09534275281278452,0.2496425410226731,0.6180124821421374,,,POINT (NaN NaN),GBR
326,326,0.013123359580052493,0.028975581204713684,0.04663258001840679,0.00017225299645203147,9.434926569091735e-05,79.84032386602046,0.5128205128205128,0.003910241114965524,0.09534275281278452,0.2496425410226731,0.6180124821421374,,,POINT (NaN NaN),GBR
327,327,0.010498687664041995,0.028975581204713684,0.04042954546293528,0.0003633534750576658,4.8484565804220594e-06,63.633201598024186,0.4090909090909091,0.003910241114965524,0.09534275281278452,0.2496425410226731,0.6180124821421374,,,POINT (NaN NaN),GBR
328,328,0.005249343832020997,0.028975581204713684,0.04585024697999707,9.364971006046817e-05,3.0152873051685845e-05,73.85818100887776,0.5333333333333333,0.003910241114965524,0.09534275281278452,0.2496425410226731,0.6180124821421374,,,POINT (NaN NaN),GBR
329,329,0.004374453193350831,0.028975581204713684,0.004072218245446592,2.298311660254377e-06,2.5686777989488685e-113,6.292857142857144,0.3,0.003910241114965524,0.09534275281278452,0.2496425410226731,0.6180124821421374,,,POINT (NaN NaN),GBR
330,330,0.006124234470691164,0.028975581204713684,0.004480500543492669,0.00046679811682719975,1.6462958182413827e-115,7.283333333333333,0.3333333333333333,0.003910241114965524,0.09534275281278452,0.2496425410226731,0.6180124821421374,,,POINT (NaN NaN),GBR
331,331,0.013123359580052493,0.028975581204713684,0.046075973784363684,0.0009594509157459075,7.709676947272498e-05,78.4236571993538,0.4095238095238095,0.003910241114965524,0.09534275281278452,0.2496425410226731,0.6180124821421374,,,POINT (NaN NaN),GBR
332,332,0.008748906386701663,0.028975581204713684,0.04169485257641764,1.6042123861725797e-05,1.3616377960536246e-05,68.09232858215103,0.4666666666666667,0.003910241114965524,0.09534275281278452,0.2496425410226731,0.6180124821421374,,,POINT (NaN NaN),GBR
333,333,0.005249343832020997,0.028975581204713684,0.0038909609982962657,1.0725454414520426e-05,1.8191606093537705e-114,5.866666666666666,0.6,0.003910241114965524,0.09534275281278452,0.2496425410226731,0.6180124821421374,,,POINT (NaN NaN),GBR
334,334,0.003499562554680665,0.028975581204713684,0.0008748906386701663,1.9152597168786477e-06,5.451292641104643e-125,1.0,0.5,0.003910241114965524,0.09534275281278452,0.2496425410226731,0.6180124821421374,,,POINT (NaN NaN),GBR
335,335,0.024496937882764656,0.028975581204713684,0.05020643443470422,0.06865377724585203,0.0002537756880291586,92.17897112777142,0.21693121693121692,0.003910241114965524,0.09534275281278452,0.2496425410226731,0.6180124821421374,,,POINT (NaN NaN),GBR
336,336,0.01399825021872266,0.028975581204713684,0.05114424330662588,0.0015284064102925878,0.00012269006694111463,91.0456377944381,0.43333333333333335,0.003910241114965524,0.09534275281278452,0.2496425410226731,0.6180124821421374,,,POINT (NaN NaN),GBR
337,337,0.005249343832020997,0.028975581204713684,0.0034995625546806646,1.21299782068981e-06,1.0787424464477994e-115,5.366666666666667,0.7333333333333333,0.003910241114965524,0.09534275281278452,0.2496425410226731,0.6180124821421374,,,POINT (NaN NaN),GBR
338,338,0.006124234470691164,0.028975581204713684,0.044506828746851315,6.27455276509983e-07,4.5848264147000204e-05,72.00699053268738,0.8095238095238095,0.003910241114965524,0.09534275281278452,0.2496425410226731,0.6180124821421374,,,POINT (NaN NaN),GBR
339,339,0.004374453193350831,0.028975581204713684,0.04427047246381186,0.00011486163444925538,2.2511465223445046e-05,69.6736571993541,0.5,0.003910241114965524,0.09534275281278452,0.2496425410226731,0.6180124821421374,,,POINT (NaN NaN),GBR
340,340,0.007874015748031496,0.028975581204713684,0.0443168047217541,0.00025301923764738517,3.7905651152347486e-05,71.0069905326874,0.5555555555555556,0.003910241114965524,0.09534275281278452,0.2496425410226731,0.6180124821421374,,,POINT (NaN NaN),GBR
341,341,0.0017497812773403325,0.028975581204713684,0.0,0.0,4.098716271507244e-127,0.0,1.0,0.003910241114965524,0.09534275281278452,0.2496425410226731,0.6180124821421374,,,POINT (NaN NaN),GBR
342,342,0.01662292213473316,0.028975581204713684,0.04837286079434704,0.000988637572369641,0.00017443107344572426,84.47182827062856,0.14619883040935672,0.003910241114965524,0.09534275281278452,0.2496425410226731,0.6180124821421374,,,POINT (NaN NaN),GBR
343,343,0.007874015748031496,0.028975581204713684,0.04000986299933482,1.1439953961493636e-05,4.139235462407702e-06,60.10939207421464,0.6111111111111112,0.003910241114965524,0.09534275281278452,0.2496425410226731,0.6180124821421374,,,POINT (NaN NaN),GBR
344,344,0.003499562554680665,0.028975581204713684,0.04411559360940688,6.27455276509983e-07,2.688172793098325e-05,69.50699053268744,0.8333333333333334,0.003910241114965524,0.09534275281278452,0.2496425410226731,0.6180124821421374,,,POINT (NaN NaN),GBR
345,345,0.005249343832020997,0.028975581204713684,0.04411559360940688,6.27455276509983e-07,2.688172793098325e-05,69.50699053268744,0.8,0.003910241114965524,0.09534275281278452,0.2496425410226731,0.6180124821421374,,,POINT (NaN NaN),GBR
346,346,0.015748031496062992,0.028975581204713684,0.048377952755905514,0.0003479830436573151,0.00017469094983829417,85.34563779443809,0.17647058823529413,0.003910241114965524,0.09534275281278452,0.2496425410226731,0.6180124821421374,,,POINT (NaN NaN),GBR
347,347,0.017497812773403325,0.028975581204713684,0.05083633178481799,0.002460471209322583,0.00014578795786651628,91.71230446110476,0.3368421052631579,0.003910241114965524,0.09534275281278452,0.2496425410226731,0.6180124821421374,,,POINT (NaN NaN),GBR
348,348,0.008748906386701663,0.028975581204713684,0.03999114055525464,0.00042633507745273267,1.3325715768111865e-06,60.26653493135749,0.4888888888888889,0.003910241114965524,0.09534275281278452,0.2496425410226731,0.6180124821421374,,,POINT (NaN NaN),GBR
349,349,0.00962379702537183,0.028975581204713684,0.004234470691163604,0.0002066095808110865,5.762903901115426e-117,6.616666666666666,0.32727272727272727,0.003910241114965524,0.09534275281278452,0.2496425410226731,0.6180124821421374,,,POINT (NaN NaN),GBR
350,350,0.007874015748031496,0.028975581204713684,0.044127139171722875,8.828232387604693e-07,3.524059455910747e-05,70.00699053268741,0.6944444444444444,0.003910241114965524,0.09534275281278452,0.2496425410226731,0.6180124821421374,,,POINT (NaN NaN),GBR
351,351,0.007874015748031496,0.028975581204713684,0.04444153269192885,0.0002697774910728879,2.1046987947743462e-05,71.15341910411598,0.3333333333333333,0.003910241114965524,0.09534275281278452,0.2496425410226731,0.6180124821421374,,,POINT (NaN NaN),GBR
352,352,0.0017497812773403325,0.028975581204713684,0.001948620058856279,0.0,2.8154262756791397e-117,3.45,0.0,0.003910241114965524,0.09534275281278452,0.2496425410226731,0.6180124821421374,,,POINT (NaN NaN),GBR
353,353,0.015748031496062992,0.028975581204713684,0.048377952755905514,0.0005667770265411727,0.00019902684904951447,85.34563779443809,0.19607843137254902,0.003910241114965524,0.09534275281278452,0.2496425410226731,0.6180124821421374,,,POINT (NaN NaN),GBR
354,354,0.014873140857392827,0.028975581204713684,0.04423132181929515,0.0009074779210165447,4.6596144301915515e-05,72.22365719935404,0.35294117647058826,0.003910241114965524,0.09534275281278452,0.2496425410226731,0.6180124821421374,,,POINT (NaN NaN),GBR
355,355,0.0026246719160104987,0.028975581204713684,0.0030811365970558027,1.996001057884316e-06,2.9474776258461626e-117,4.616666666666667,0.6666666666666666,0.003910241114965524,0.09534275281278452,0.2496425410226731,0.6180124821421374,,,POINT (NaN NaN),GBR
356,356,0.012248468941382328,0.028975581204713684,0.047556666692627814,0.00031158237466887673,0.00016757942283388203,81.84563779443812,0.14285714285714285,0.003910241114965524,0.09534275281278452,0.2496425410226731,0.6180124821421374,,,POINT (NaN NaN),GBR
357,357,0.02799650043744532,0.028975581204713684,0.049569556906390845,0.00365434218092123,0.00012707155660832465,89.59563779443808,0.3103448275862069,0.003910241114965524,0.09534275281278452,0.2496425410226731,0.6180124821421374,,,POINT (NaN NaN),GBR
358,358,0.010498687664041995,0.028975581204713684,0.046753586275088396,0.000316849608889008,0.0001481705484566609,77.97182827062866,0.16666666666666666,0.003910241114965524,0.09534275281278452,0.2496425410226731,0.6180124821421374,,,POINT (NaN NaN),GBR
359,359,0.02099737532808399,0.028975581204713684,0.04919182874708071,0.001035580216880892,8.030915619675817e-05,84.83849493729522,0.3380952380952381,0.003910241114965524,0.09534275281278452,0.2496425410226731,0.6180124821421374,,,POINT (NaN NaN),GBR
360,360,0.012248468941382328,0.028975581204713684,0.04676742279070695,0.00041094959886705254,0.00016586987253372091,78.47182827062865,0.25274725274725274,0.003910241114965524,0.09534275281278452,0.2496425410226731,0.6180124821421374,,,POINT (NaN NaN),GBR
361,361,0.01399825021872266,0.028975581204713684,0.04303052753243201,0.0016734459476565396,2.1652827854206165e-05,68.22722862792557,0.3626373626373626,0.003910241114965524,0.09534275281278452,0.2496425410226731,0.6180124821421374,,,POINT (NaN NaN),GBR
362,362,0.01662292213473316,0.028975581204713684,0.04430979330708661,0.0037382919804297247,1.0280688191927468e-05,71.84389529459217,0.3382352941176471,0.003910241114965524,0.09534275281278452,0.2496425410226731,0.6180124821421374,,,POINT (NaN NaN),GBR
363,363,0.015748031496062992,0.028975581204713684,0.04721131535632087,0.0017963762665072303,6.448291226245976e-05,81.67897112777146,0.39215686274509803,0.003910241114965524,0.09534275281278452,0.2496425410226731,0.6180124821421374,,,POINT (NaN NaN),GBR
364,364,0.006124234470691164,0.028975581204713684,0.0416675215658175,7.574908498717612e-05,4.716128318360277e-05,63.48849493729574,0.3333333333333333,0.003910241114965524,0.09534275281278452,0.2496425410226731,0.6180124821421374,,,POINT (NaN NaN),GBR
365,365,0.012248468941382328,0.028975581204713684,0.0471388697571196,0.0008215669230719799,5.301529326639559e-05,78.97182827062863,0.5606060606060606,0.003910241114965524,0.09534275281278452,0.2496425410226731,0.6180124821421374,,,POINT (NaN NaN),GBR
366,366,0.0017497812773403325,0.028975581204713684,0.0,0.0,4.098716271507244e-127,0.0,0.0,0.003910241114965524,0.09534275281278452,0.2496425410226731,0.6180124821421374,,,POINT (NaN NaN),GBR
367,367,0.008748906386701663,0.028975581204713684,0.04207469257205488,0.00019051938909832365,8.519171608678148e-05,65.65516160396236,0.28888888888888886,0.003910241114965524,0.09534275281278452,0.2496425410226731,0.6180124821421374,,,POINT (NaN NaN),GBR
368,368,0.008748906386701663,0.028975581204713684,0.0014581510644502771,0.0004350386374904947,1.318907546759421e-118,2.283333333333333,0.15555555555555556,0.003910241114965524,0.09534275281278452,0.2496425410226731,0.6180124821421374,,,POINT (NaN NaN),GBR
369,369,0.010498687664041995,0.028975581204713684,0.04658896310946913,0.0010266692113872567,3.8449050163475056e-05,77.13849493729539,0.5,0.003910241114965524,0.09534275281278452,0.2496425410226731,0.6180124821421374,,,POINT (NaN NaN),GBR
370,370,0.005249343832020997,0.028975581204713684,0.04250322624543188,2.735535469784483e-05,1.0002784807274762e-05,66.3938952945923,0.6666666666666666,0.003910241114965524,0.09534275281278452,0.2496425410226731,0.6180124821421374,,,POINT (NaN NaN),GBR
371,371,0.00699912510936133,0.028975581204713684,0.04190236599486436,0.00012305900636081548,7.557288538094338e-05,65.32182827062904,0.25,0.003910241114965524,0.09534275281278452,0.2496425410226731,0.6180124821421374,,,POINT (NaN NaN),GBR
372,372,0.012248468941382328,0.028975581204713684,0.04679512040562593,0.0012028956198059315,3.896774952946567e-05,78.47182827062865,0.3956043956043956,0.003910241114965524,0.09534275281278452,0.2496425410226731,0.6180124821421374,,,POINT (NaN NaN),GBR
373,373,0.0026246719160104987,0.028975581204713684,0.0,0.0,4.098716271507244e-127,0.0,0.3333333333333333,0.003910241114965524,0.09534275281278452,0.2496425410226731,0.6180124821421374,,,POINT (NaN NaN),GBR
374,374,0.004374453193350831,0.028975581204713684,0.0,0.0,4.098716271507244e-127,0.0,0.9,0.003910241114965524,0.09534275281278452,0.2496425410226731,0.6180124821421374,,,POINT (NaN NaN),GBR
375,375,0.013123359580052493,0.028975581204713684,0.04601392625564022,0.0016259946552685653,6.52144433157703e-05,77.17897112777159,0.4380952380952381,0.003910241114965524,0.09534275281278452,0.2496425410226731,0.6180124821421374,,,POINT (NaN NaN),GBR
376,376,0.007874015748031496,0.028975581204713684,0.04193426268614425,7.615523801300059e-05,4.951424762544025e-06,64.56056196125898,0.38095238095238093,0.003910241114965524,0.09534275281278452,0.2496425410226731,0.6180124821421374,,,POINT (NaN NaN),GBR
377,377,0.011373578302712161,0.028975581204713684,0.0029470000460468755,0.0007837983745324919,1.3189440663214e-118,4.783333333333334,0.24358974358974358,0.003910241114965524,0.09534275281278452,0.2496425410226731,0.6180124821421374,,,POINT (NaN NaN),GBR
378,378,0.013123359580052493,0.028975581204713684,0.046355732036308606,0.003685465696477791,3.242319890080457e-05,76.47182827062873,0.4380952380952381,0.003910241114965524,0.09534275281278452,0.2496425410226731,0.6180124821421374,,,POINT (NaN NaN),GBR
379,379,0.007874015748031496,0.028975581204713684,0.0451955445867774,5.970688124085237e-05,7.471900235968492e-05,73.51230446110497,0.25,0.003910241114965524,0.09534275281278452,0.2496425410226731,0.6180124821421374,,,POINT (NaN NaN),GBR
380,380,0.011373578302712161,0.028975581204713684,0.04586855238525292,0.006963296013254272,0.00012055432416417272,73.28846774140908,0.2564102564102564,0.003910241114965524,0.09534275281278452,0.2496425410226731,0.6180124821421374,,,POINT (NaN NaN),GBR
381,381,0.014873140857392827,0.028975581204713684,0.04951898518520463,0.007794749527899927,0.00015578628475620867,83.18846774140891,0.19117647058823528,0.003910241114965524,0.09534275281278452,0.2496425410226731,0.6180124821421374,,,POINT (NaN NaN),GBR
382,382,0.005249343832020997,0.028975581204713684,0.03532046860539689,6.515949961394938e-06,8.222005577227717e-07,52.28240794723043,0.5333333333333333,0.003910241114965524,0.09534275281278452,0.2496425410226731,0.6180124821421374,,,POINT (NaN NaN),GBR
383,383,0.00962379702537183,0.028975581204713684,0.045618258216683416,0.00010146049346155777,3.0317938553272394e-05,74.13849493729543,0.6,0.003910241114965524,0.09534275281278452,0.2496425410226731,0.6180124821421374,,,POINT (NaN NaN),GBR
384,384,0.015748031496062992,0.028975581204713684,0.04685684781205628,0.0012493219850442175,0.0002107214656685031,80.02180107474234,0.1503267973856209,0.003910241114965524,0.09534275281278452,0.2496425410226731,0.6180124821421374,,,POINT (NaN NaN),GBR
385,385,0.007874015748031496,0.028975581204713684,0.043146102527923634,4.8276214167846574e-05,2.603080227952222e-05,68.01230446110513,0.25,0.003910241114965524,0.09534275281278452,0.2496425410226731,0.6180124821421374,,,POINT (NaN NaN),GBR
386,386,0.015748031496062992,0.028975581204713684,0.04679292305378608,0.0007909381009033562,0.00017445478801008318,79.35513440807566,0.10457516339869281,0.003910241114965524,0.09534275281278452,0.2496425410226731,0.6180124821421374,,,POINT (NaN NaN),GBR
387,387,0.008748906386701663,0.028975581204713684,0.03893215871076343,0.00022876571360289167,3.1637099401379985e-06,61.27059082128783,0.35555555555555557,0.003910241114965524,0.09534275281278452,0.2496425410226731,0.6180124821421374,,,POINT (NaN NaN),GBR
388,388,0.00699912510936133,0.028975581204713684,0.03892159940544453,5.937037551701355e-05,3.1637099401379985e-06,60.77059082128783,0.4642857142857143,0.003910241114965524,0.09534275281278452,0.2496425410226731,0.6180124821421374,,,POINT (NaN NaN),GBR
389,389,0.031496062992125984,0.028975581204713684,0.051042696559948975,0.036386453642223496,0.00020946116621668438,94.07180107474241,0.14603174603174604,0.003910241114965524,0.09534275281278452,0.2496425410226731,0.6180124821421374,,,POINT (NaN NaN),GBR
390,390,0.013123359580052493,0.028975581204713684,0.03865345857883107,0.000482728375270072,3.179685711044309e-06,60.52059082128785,0.4,0.003910241114965524,0.09534275281278452,0.2496425410226731,0.6180124821421374,,,POINT (NaN NaN),GBR
391,391,0.00699912510936133,0.028975581204713684,0.038472333815415934,2.2514214540946364e-05,3.179685711044309e-06,59.52059082128787,0.6071428571428571,0.003910241114965524,0.09534275281278452,0.2496425410226731,0.6180124821421374,,,POINT (NaN NaN),GBR
392,392,0.02537182852143482,0.028975581204713684,0.04993264446516004,0.023106634837339966,0.00016787122629856988,92.22180107474239,0.16502463054187191,0.003910241114965524,0.09534275281278452,0.2496425410226731,0.6180124821421374,,,POINT (NaN NaN),GBR
393,393,0.01399825021872266,0.028975581204713684,0.044068878687368085,0.0008431800838488287,0.00015305952756493416,72.10513440807576,0.14166666666666666,0.003910241114965524,0.09534275281278452,0.2496425410226731,0.6180124821421374,,,POINT (NaN NaN),GBR
394,394,0.004374453193350831,0.028975581204713684,0.001399825021872266,0.0007998124577685232,5.109551515305417e-120,2.083333333333333,0.3,0.003910241114965524,0.09534275281278452,0.2496425410226731,0.6180124821421374,,,POINT (NaN NaN),GBR
395,395,0.01924759405074366,0.028975581204713684,0.04287817421176513,0.0022359871059523546,2.1227566860215575e-05,73.59444731824782,0.2943722943722944,0.003910241114965524,0.09534275281278452,0.2496425410226731,0.6180124821421374,,,POINT (NaN NaN),GBR
396,396,0.0026246719160104987,0.028975581204713684,0.0,0.0,4.098716271507244e-127,0.0,0.0,0.003910241114965524,0.09534275281278452,0.2496425410226731,0.6180124821421374,,,POINT (NaN NaN),GBR
397,397,0.003499562554680665,0.028975581204713684,0.0008748906386701663,0.00021297688051690562,5.451292641104643e-125,1.0,0.3333333333333333,0.003910241114965524,0.09534275281278452,0.2496425410226731,0.6180124821421374,,,POINT (NaN NaN),GBR
398,398,0.012248468941382328,0.028975581204713684,0.0442083475356142,0.0003077244347412471,0.00011889819538106926,71.9384677414091,0.18681318681318682,0.003910241114965524,0.09534275281278452,0.2496425410226731,0.6180124821421374,,,POINT (NaN NaN),GBR
399,399,0.007874015748031496,0.028975581204713684,0.03800734252209654,0.0003251989330179961,3.3030081883118517e-06,61.440828916525945,0.3611111111111111,0.003910241114965524,0.09534275281278452,0.2496425410226731,0.6180124821421374,,,POINT (NaN NaN),GBR
400,400,0.014873140857392827,0.028975581204713684,0.047029549341802944,0.012551077572661967,7.470749459344622e-05,80.54799155093279,0.3088235294117647,0.003910241114965524,0.09534275281278452,0.2496425410226731,0.6180124821421374,,,POINT (NaN NaN),GBR
401,401,0.0017497812773403325,0.028975581204713684,0.0,0.0,4.098716271507244e-127,0.0,1.0,0.003910241114965524,0.09534275281278452,0.2496425410226731,0.6180124821421374,,,POINT (NaN NaN),GBR
402,402,0.011373578302712161,0.028975581204713684,0.04331527166172836,0.0002776408936107867,0.000136523519286692,70.52180107474247,0.20512820512820512,0.003910241114965524,0.09534275281278452,0.2496425410226731,0.6180124821421374,,,POINT (NaN NaN),GBR
403,403,0.0008748906386701663,0.028975581204713684,0.0,0.0,4.098716271507244e-127,0.0,0.0,0.003910241114965524,0.09534275281278452,0.2496425410226731,0.6180124821421374,,,POINT (NaN NaN),GBR
404,404,0.0017497812773403325,0.028975581204713684,0.0013123359580052493,0.0006021576549866468,1.5716076684304674e-121,1.8333333333333333,0.0,0.003910241114965524,0.09534275281278452,0.2496425410226731,0.6180124821421374,,,POINT (NaN NaN),GBR
405,405,0.01662292213473316,0.028975581204713684,0.042116871921248085,0.0003215021141867111,2.3430671748815713e-05,71.09444731824789,0.4264705882352941,0.003910241114965524,0.09534275281278452,0.2496425410226731,0.6180124821421374,,,POINT (NaN NaN),GBR
406,406,0.011373578302712161,0.028975581204713684,0.04470205615887121,0.0007645331275872662,0.00010265806080060173,73.2384677414091,0.3076923076923077,0.003910241114965524,0.09534275281278452,0.2496425410226731,0.6180124821421374,,,POINT (NaN NaN),GBR
407,407,0.005249343832020997,0.028975581204713684,0.03751162734226785,3.451894668856688e-06,7.27231895173022e-06,58.25749558319264,0.8,0.003910241114965524,0.09534275281278452,0.2496425410226731,0.6180124821421374,,,POINT (NaN NaN),GBR
408,408,0.00699912510936133,0.028975581204713684,0.03769809773502145,0.0001764684294435753,4.306633170253331e-06,60.440828916525945,0.4642857142857143,0.003910241114965524,0.09534275281278452,0.2496425410226731,0.6180124821421374,,,POINT (NaN NaN),GBR
409,409,0.0008748906386701663,0.028975581204713684,0.0013123359580052493,0.0,1.5716076684304674e-121,1.8333333333333333,0.0,0.003910241114965524,0.09534275281278452,0.2496425410226731,0.6180124821421374,,,POINT (NaN NaN),GBR
410,410,0.01662292213473316,0.028975581204713684,0.04163535352072407,0.0012543458848219367,1.9375846267609188e-05,70.92778065158123,0.41911764705882354,0.003910241114965524,0.09534275281278452,0.2496425410226731,0.6180124821421374,,,POINT (NaN NaN),GBR
411,411,0.0026246719160104987,0.028975581204713684,0.0011665208515602215,0.00040450285220477035,3.598263014756215e-123,1.5,0.0,0.003910241114965524,0.09534275281278452,0.2496425410226731,0.6180124821421374,,,POINT (NaN NaN),GBR
412,412,0.006124234470691164,0.028975581204713684,0.029892598150182116,0.00022042543778266866,5.679841529558865e-07,47.68479307929816,0.3333333333333333,0.003910241114965524,0.09534275281278452,0.2496425410226731,0.6180124821421374,,,POINT (NaN NaN),GBR
413,413,0.0,0.028975581204713684,0.0,0.0,4.098716271507244e-127,0.0,0.0,0.003910241114965524,0.09534275281278452,0.2496425410226731,0.6180124821421374,,,POINT (NaN NaN),GBR
414,414,0.0017497812773403325,0.028975581204713684,0.0,0.0,4.098716271507244e-127,0.0,0.0,0.003910241114965524,0.09534275281278452,0.2496425410226731,0.6180124821421374,,,POINT (NaN NaN),GBR
415,415,0.006124234470691164,0.028975581204713684,0.04321046457509438,7.830821176904612e-06,9.70377464073486e-05,69.54799155093296,0.19047619047619047,0.003910241114965524,0.09534275281278452,0.2496425410226731,0.6180124821421374,,,POINT (NaN NaN),GBR
416,416,0.00962379702537183,0.028975581204713684,0.04661950589509645,0.00306497342487837,0.00015851083372872134,73.94942124868612,0.14545454545454545,0.003910241114965524,0.09534275281278452,0.2496425410226731,0.6180124821421374,,,POINT (NaN NaN),GBR
417,417,0.012248468941382328,0.028975581204713684,0.04499661912298933,0.0006896582002534569,9.232169904556442e-05,76.38132488426619,0.2087912087912088,0.003910241114965524,0.09534275281278452,0.2496425410226731,0.6180124821421374,,,POINT (NaN NaN),GBR
418,418,0.006124234470691164,0.028975581204713684,0.040233088147932125,1.015018194398056e-05,2.1438443643004403e-05,64.90159017539095,0.5714285714285714,0.003910241114965524,0.09534275281278452,0.2496425410226731,0.6180124821421374,,,POINT (NaN NaN),GBR
419,419,0.010498687664041995,0.028975581204713684,0.04346289115118912,0.0010972370063011062,0.00010474128103575846,71.38846774140912,0.15151515151515152,0.003910241114965524,0.09534275281278452,0.2496425410226731,0.6180124821421374,,,POINT (NaN NaN),GBR
420,420,0.013123359580052493,0.028975581204713684,0.04121853797551115,0.0004758360725901046,2.411014128109257e-05,69.56825684205747,0.5142857142857142,0.003910241114965524,0.09534275281278452,0.2496425410226731,0.6180124821421374,,,POINT (NaN NaN),GBR
421,421,0.010498687664041995,0.028975581204713684,0.04395109854468821,0.0037245404876515096,0.0001308077523133249,70.94942124868618,0.15151515151515152,0.003910241114965524,0.09534275281278452,0.2496425410226731,0.6180124821421374,,,POINT (NaN NaN),GBR
422,422,0.011373578302712161,0.028975581204713684,0.040441819772528434,0.0003168543962046903,1.2616519757353189e-05,66.06825684205758,0.4909090909090909,0.003910241114965524,0.09534275281278452,0.2496425410226731,0.6180124821421374,,,POINT (NaN NaN),GBR
423,423,0.01399825021872266,0.028975581204713684,0.039451590290344146,0.028700643627315548,0.0002602236488057081,64.55775458201964,0.16666666666666666,0.003910241114965524,0.09534275281278452,0.2496425410226731,0.6180124821421374,,,POINT (NaN NaN),GBR
424,424,0.004374453193350831,0.028975581204713684,0.02889868548048964,2.252599257127866e-06,3.235171410829487e-07,43.85243736311873,0.6,0.003910241114965524,0.09534275281278452,0.2496425410226731,0.6180124821421374,,,POINT (NaN NaN),GBR
425,425,0.010498687664041995,0.028975581204713684,0.030892976500051395,0.0007677609152094685,9.08502567513546e-07,52.01711867853555,0.30303030303030304,0.003910241114965524,0.09534275281278452,0.2496425410226731,0.6180124821421374,,,POINT (NaN NaN),GBR
426,426,0.011373578302712161,0.028975581204713684,0.04001484926046775,0.0003175006149751794,2.0614072304734292e-05,66.06825684205756,0.4358974358974359,0.003910241114965524,0.09534275281278452,0.2496425410226731,0.6180124821421374,,,POINT (NaN NaN),GBR
427,427,0.010498687664041995,0.028975581204713684,0.04175463871432474,0.001109760416250538,6.436097547936928e-05,68.68132488426636,0.16666666666666666,0.003910241114965524,0.09534275281278452,0.2496425410226731,0.6180124821421374,,,POINT (NaN NaN),GBR
428,428,0.0017497812773403325,0.028975581204713684,0.003374578177727784,0.0,2.9010194183481614e-86,4.75,0.0,0.003910241114965524,0.09534275281278452,0.2496425410226731,0.6180124821421374,,,POINT (NaN NaN),GBR
429,429,0.011373578302712161,0.028975581204713684,0.044334322264095234,0.006953418775069002,0.0001984450738928336,73.47442124868616,0.1282051282051282,0.003910241114965524,0.09534275281278452,0.2496425410226731,0.6180124821421374,,,POINT (NaN NaN),GBR
430,430,0.00962379702537183,0.028975581204713684,0.0310182009033551,0.00017045483060042308,9.78032295596793e-07,48.27169366151606,0.45454545454545453,0.003910241114965524,0.09534275281278452,0.2496425410226731,0.6180124821421374,,,POINT (NaN NaN),GBR
431,431,0.0008748906386701663,0.028975581204713684,0.0,0.0,4.098716271507244e-127,0.0,0.0,0.003910241114965524,0.09534275281278452,0.2496425410226731,0.6180124821421374,,,POINT (NaN NaN),GBR
432,432,0.02099737532808399,0.028975581204713684,0.04390991133096483,0.006663400403197451,6.804816707573069e-05,78.09799155093282,0.21014492753623187,0.003910241114965524,0.09534275281278452,0.2496425410226731,0.6180124821421374,,,POINT (NaN NaN),GBR
433,433,0.021872265966754158,0.028975581204713684,0.047653669330114896,0.03433665200810053,0.0003278419098489859,84.30775458201938,0.09333333333333334,0.003910241114965524,0.09534275281278452,0.2496425410226731,0.6180124821421374,,,POINT (NaN NaN),GBR
434,434,0.011373578302712161,0.028975581204713684,0.03151908642998572,0.0005898964115009617,1.296457407346042e-06,51.93836032818282,0.3333333333333333,0.003910241114965524,0.09534275281278452,0.2496425410226731,0.6180124821421374,,,POINT (NaN NaN),GBR
435,435,0.005249343832020997,0.028975581204713684,0.039862279938529,2.3393470587012463e-06,1.5545087936069225e-05,62.32418202712361,0.2,0.003910241114965524,0.09534275281278452,0.2496425410226731,0.6180124821421374,,,POINT (NaN NaN),GBR
436,436,0.013123359580052493,0.028975581204713684,0.03090634240340211,0.0003898054002127873,1.2000456258923123e-06,49.605026994849425,0.3619047619047619,0.003910241114965524,0.09534275281278452,0.2496425410226731,0.6180124821421374,,,POINT (NaN NaN),GBR
437,437,0.015748031496062992,0.028975581204713684,0.0426155811832919,0.004151407837260335,7.573500612107468e-05,73.38132488426623,0.10457516339869281,0.003910241114965524,0.09534275281278452,0.2496425410226731,0.6180124821421374,,,POINT (NaN NaN),GBR
438,438,0.008748906386701663,0.028975581204713684,0.02999192317622456,2.7391308899703392e-05,8.471771685855591e-07,46.8919622817846,0.4666666666666667,0.003910241114965524,0.09534275281278452,0.2496425410226731,0.6180124821421374,,,POINT (NaN NaN),GBR
439,439,0.00699912510936133,0.028975581204713684,0.02769313010978592,6.259194431405231e-06,5.189372218144359e-07,42.94938959389452,0.39285714285714285,0.003910241114965524,0.09534275281278452,0.2496425410226731,0.6180124821421374,,,POINT (NaN NaN),GBR
440,440,0.014873140857392827,0.028975581204713684,0.03360054344707932,0.0026723593559412964,5.49926883504642e-06,56.17841910411611,0.3235294117647059,0.003910241114965524,0.09534275281278452,0.2496425410226731,0.6180124821421374,,,POINT (NaN NaN),GBR
441,441,0.00962379702537183,0.028975581204713684,0.03781326049447245,0.0007368406474226831,7.134783186171942e-05,58.931324884266424,0.12727272727272726,0.003910241114965524,0.09534275281278452,0.2496425410226731,0.6180124821421374,,,POINT (NaN NaN),GBR
442,442,0.011373578302712161,0.028975581204713684,0.02983173504827048,6.774335768751411e-05,8.471771685855591e-07,45.89196228178458,0.5818181818181818,0.003910241114965524,0.09534275281278452,0.2496425410226731,0.6180124821421374,,,POINT (NaN NaN),GBR
443,443,0.008748906386701663,0.028975581204713684,0.03876929146303369,3.736231778211254e-05,7.510728465834483e-05,61.76465821759977,0.06666666666666667,0.003910241114965524,0.09534275281278452,0.2496425410226731,0.6180124821421374,,,POINT (NaN NaN),GBR
444,444,0.0026246719160104987,0.028975581204713684,0.0008748906386701663,0.00020340058193251236,5.451292641104643e-125,1.0,0.0,0.003910241114965524,0.09534275281278452,0.2496425410226731,0.6180124821421374,,,POINT (NaN NaN),GBR
445,445,0.00699912510936133,0.028975581204713684,0.02951251965188163,5.285302460840725e-05,5.582003953098883e-07,43.89196228178452,0.6428571428571429,0.003910241114965524,0.09534275281278452,0.2496425410226731,0.6180124821421374,,,POINT (NaN NaN),GBR
446,446,0.003499562554680665,0.028975581204713684,0.02816307093620531,7.765264442247569e-06,4.0797213210346325e-07,41.51473772615434,0.5,0.003910241114965524,0.09534275281278452,0.2496425410226731,0.6180124821421374,,,POINT (NaN NaN),GBR
447,447,0.007874015748031496,0.028975581204713684,0.029520511127552326,0.00025890270591109253,8.247607099912367e-07,44.39196228178454,0.5277777777777778,0.003910241114965524,0.09534275281278452,0.2496425410226731,0.6180124821421374,,,POINT (NaN NaN),GBR
448,448,0.00962379702537183,0.028975581204713684,0.03347461333169439,0.0010325438064446042,7.688735952328901e-06,54.69895689965394,0.2545454545454545,0.003910241114965524,0.09534275281278452,0.2496425410226731,0.6180124821421374,,,POINT (NaN NaN),GBR
449,449,0.005249343832020997,0.028975581204713684,0.02921067793355099,8.54687121637203e-05,6.833488925691217e-07,42.89196228178449,0.4666666666666667,0.003910241114965524,0.09534275281278452,0.2496425410226731,0.6180124821421374,,,POINT (NaN NaN),GBR
450,450,0.005249343832020997,0.028975581204713684,0.003572470107903179,4.979675263884483e-06,2.9010194183481614e-86,4.833333333333333,0.3333333333333333,0.003910241114965524,0.09534275281278452,0.2496425410226731,0.6180124821421374,,,POINT (NaN NaN),GBR
451,451,0.010498687664041995,0.028975581204713684,0.02936939845402012,0.00026761335690557165,1.091321024672585e-06,43.89196228178452,0.4222222222222222,0.003910241114965524,0.09534275281278452,0.2496425410226731,0.6180124821421374,,,POINT (NaN NaN),GBR
452,452,0.0026246719160104987,0.028975581204713684,0.0031496062992125984,3.064415547005836e-06,1.4283616334575593e-122,4.0,0.3333333333333333,0.003910241114965524,0.09534275281278452,0.2496425410226731,0.6180124821421374,,,POINT (NaN NaN),GBR
453,453,0.007874015748031496,0.028975581204713684,0.038167104111986004,0.00013261849717289948,7.22950194569965e-05,60.71465821759976,0.25,0.003910241114965524,0.09534275281278452,0.2496425410226731,0.6180124821421374,,,POINT (NaN NaN),GBR
454,454,0.013123359580052493,0.028975581204713684,0.03208805486140579,0.0032125290590411695,3.2162275969443583e-06,51.127600478297495,0.29523809523809524,0.003910241114965524,0.09534275281278452,0.2496425410226731,0.6180124821421374,,,POINT (NaN NaN),GBR
455,455,0.00962379702537183,0.028975581204713684,0.03980190924209153,0.0010316429386905586,4.9690726869675696e-05,60.61370696297203,0.01818181818181818,0.003910241114965524,0.09534275281278452,0.2496425410226731,0.6180124821421374,,,POINT (NaN NaN),GBR
456,456,0.004374453193350831,0.028975581204713684,0.023905781008143216,0.00011759637698372366,2.05702841242756e-06,36.35189638363017,0.3,0.003910241114965524,0.09534275281278452,0.2496425410226731,0.6180124821421374,,,POINT (NaN NaN),GBR
457,457,0.0017497812773403325,0.028975581204713684,0.0008748906386701663,2.298311660254377e-06,5.451292641104643e-125,1.0,0.0,0.003910241114965524,0.09534275281278452,0.2496425410226731,0.6180124821421374,,,POINT (NaN NaN),GBR
458,458,0.005249343832020997,0.028975581204713684,0.032367553796708054,0.00019673326699359497,9.768514797739075e-06,47.28849493729557,0.0,0.003910241114965524,0.09534275281278452,0.2496425410226731,0.6180124821421374,,,POINT (NaN NaN),GBR
459,459,0.004374453193350831,0.028975581204713684,0.0026246719160104987,5.362727207260213e-06,1.6271903597883716e-124,3.0,0.2,0.003910241114965524,0.09534275281278452,0.2496425410226731,0.6180124821421374,,,POINT (NaN NaN),GBR
460,460,0.007874015748031496,0.028975581204713684,0.023913138897034607,0.0005419189747462905,2.05702841242756e-06,36.85189638363018,0.3333333333333333,0.003910241114965524,0.09534275281278452,0.2496425410226731,0.6180124821421374,,,POINT (NaN NaN),GBR
461,461,0.0017497812773403325,0.028975581204713684,0.0,0.0,4.098716271507244e-127,0.0,1.0,0.003910241114965524,0.09534275281278452,0.2496425410226731,0.6180124821421374,,,POINT (NaN NaN),GBR
462,462,0.0026246719160104987,0.028975581204713684,0.0,0.0,4.098716271507244e-127,0.0,0.3333333333333333,0.003910241114965524,0.09534275281278452,0.2496425410226731,0.6180124821421374,,,POINT (NaN NaN),GBR
463,463,0.0026246719160104987,0.028975581204713684,0.0008748906386701663,0.0,4.463106797458722e-87,1.0,0.0,0.003910241114965524,0.09534275281278452,0.2496425410226731,0.6180124821421374,,,POINT (NaN NaN),GBR
464,464,0.0008748906386701663,0.028975581204713684,0.0,0.0,4.098716271507244e-127,0.0,0.0,0.003910241114965524,0.09534275281278452,0.2496425410226731,0.6180124821421374,,,POINT (NaN NaN),GBR
465,465,0.013123359580052493,0.028975581204713684,0.03376968790974619,0.0028240687528064998,2.9003197713282344e-05,55.00754255634333,0.09523809523809523,0.003910241114965524,0.09534275281278452,0.2496425410226731,0.6180124821421374,,,POINT (NaN NaN),GBR
466,466,0.008748906386701663,0.028975581204713684,0.033516043579693365,0.0024039597644831424,6.887175073365891e-06,51.72539969920042,0.2,0.003910241114965524,0.09534275281278452,0.2496425410226731,0.6180124821421374,,,POINT (NaN NaN),GBR
467,467,0.007874015748031496,0.028975581204713684,0.03960161615908016,0.0007193659294153028,6.656623536057716e-05,60.799421248686265,0.027777777777777776,0.003910241114965524,0.09534275281278452,0.2496425410226731,0.6180124821421374,,,POINT (NaN NaN),GBR
468,468,0.02099737532808399,0.028975581204713684,0.04243433507241913,0.007129573905030534,0.00033776864395241733,75.2494212486861,0.07971014492753623,0.003910241114965524,0.09534275281278452,0.2496425410226731,0.6180124821421374,,,POINT (NaN NaN),GBR
469,469,0.007874015748031496,0.028975581204713684,0.023760230402234205,2.1852009335162106e-05,2.05702841242756e-06,35.85189638363015,0.47619047619047616,0.003910241114965524,0.09534275281278452,0.2496425410226731,0.6180124821421374,,,POINT (NaN NaN),GBR
470,470,0.0008748906386701663,0.028975581204713684,0.0008748906386701663,0.0,5.451292641104643e-125,1.0,0.0,0.003910241114965524,0.09534275281278452,0.2496425410226731,0.6180124821421374,,,POINT (NaN NaN),GBR
471,471,0.005249343832020997,0.028975581204713684,0.032546049867290046,0.0016547796660717625,8.985747750018699e-06,49.13647196027261,0.13333333333333333,0.003910241114965524,0.09534275281278452,0.2496425410226731,0.6180124821421374,,,POINT (NaN NaN),GBR
472,472,0.003499562554680665,0.028975581204713684,0.0008748906386701663,4.118513148884614e-05,5.451292641104643e-125,1.0,0.5,0.003910241114965524,0.09534275281278452,0.2496425410226731,0.6180124821421374,,,POINT (NaN NaN),GBR
473,473,0.006124234470691164,0.028975581204713684,0.0353942896867917,0.0008779160582948637,6.489375911704368e-05,53.97180107474264,0.0,0.003910241114965524,0.09534275281278452,0.2496425410226731,0.6180124821421374,,,POINT (NaN NaN),GBR
474,474,0.010498687664041995,0.028975581204713684,0.03772003144637346,0.0004734145359471935,0.00014598742041934578,58.799421248686286,0.12121212121212122,0.003910241114965524,0.09534275281278452,0.2496425410226731,0.6180124821421374,,,POINT (NaN NaN),GBR
475,475,0.013123359580052493,0.028975581204713684,0.025460503877693254,0.003403802599848832,1.238875977226748e-05,40.03990345310025,0.21794871794871795,0.003910241114965524,0.09534275281278452,0.2496425410226731,0.6180124821421374,,,POINT (NaN NaN),GBR
476,476,0.003499562554680665,0.028975581204713684,0.040589647140572976,0.0006098259123690883,0.00011990787455294073,59.86564407814434,0.16666666666666666,0.003910241114965524,0.09534275281278452,0.2496425410226731,0.6180124821421374,,,POINT (NaN NaN),GBR
477,477,0.0017497812773403325,0.028975581204713684,0.0,0.0,4.098716271507244e-127,0.0,0.0,0.003910241114965524,0.09534275281278452,0.2496425410226731,0.6180124821421374,,,POINT (NaN NaN),GBR
478,478,0.007874015748031496,0.028975581204713684,0.037422222806944454,0.0005133387736240023,0.00022421012008887292,59.39108791535294,0.2222222222222222,0.003910241114965524,0.09534275281278452,0.2496425410226731,0.6180124821421374,,,POINT (NaN NaN),GBR
479,479,0.00699912510936133,0.028975581204713684,0.03790666309229161,0.001218596641115962,0.00024991707371302483,58.58231074481098,0.21428571428571427,0.003910241114965524,0.09534275281278452,0.2496425410226731,0.6180124821421374,,,POINT (NaN NaN),GBR
480,480,0.00699912510936133,0.028975581204713684,0.03551648474799456,0.0006011137615816221,4.3546031913059116e-05,54.73291218585376,0.03571428571428571,0.003910241114965524,0.09534275281278452,0.2496425410226731,0.6180124821421374,,,POINT (NaN NaN),GBR
481,481,0.006124234470691164,0.028975581204713684,0.03740625058447267,0.0006229980340375297,0.00016995207698579043,57.19897741147764,0.2857142857142857,0.003910241114965524,0.09534275281278452,0.2496425410226731,0.6180124821421374,,,POINT (NaN NaN),GBR
482,482,0.006124234470691164,0.028975581204713684,0.0226065199793951,0.00039078280118119116,1.4272929467375998e-06,32.439594796328485,0.23809523809523808,0.003910241114965524,0.09534275281278452,0.2496425410226731,0.6180124821421374,,,POINT (NaN NaN),GBR
483,483,0.00699912510936133,0.028975581204713684,0.035484135137245895,0.002175675124819422,3.1808898518859574e-05,54.33132488426646,0.14285714285714285,0.003910241114965524,0.09534275281278452,0.2496425410226731,0.6180124821421374,,,POINT (NaN NaN),GBR
484,484,0.0008748906386701663,0.028975581204713684,0.0,0.0,4.098716271507244e-127,0.0,0.0,0.003910241114965524,0.09534275281278452,0.2496425410226731,0.6180124821421374,,,POINT (NaN NaN),GBR
485,485,0.00699912510936133,0.028975581204713684,0.037359969456781016,0.0003947485841528712,0.0001513860398143978,57.21608791535293,0.21428571428571427,0.003910241114965524,0.09534275281278452,0.2496425410226731,0.6180124821421374,,,POINT (NaN NaN),GBR
486,486,0.015748031496062992,0.028975581204713684,0.03837689185172924,0.01688379986725351,0.000490416298903449,62.482310744810995,0.19607843137254902,0.003910241114965524,0.09534275281278452,0.2496425410226731,0.6180124821421374,,,POINT (NaN NaN),GBR
487,487,0.003499562554680665,0.028975581204713684,0.02288594174561772,0.0,5.9353860052255055e-06,33.27292812966184,1.0,0.003910241114965524,0.09534275281278452,0.2496425410226731,0.6180124821421374,,,POINT (NaN NaN),GBR
488,488,0.00699912510936133,0.028975581204713684,0.027904742906141047,0.0006419760541297254,8.937837509324537e-06,40.865228128424924,0.07142857142857142,0.003910241114965524,0.09534275281278452,0.2496425410226731,0.6180124821421374,,,POINT (NaN NaN),GBR
489,489,0.007874015748031496,0.028975581204713684,0.03493787698979872,0.0006684675895406202,3.0348081918759866e-05,54.436880439822005,0.2222222222222222,0.003910241114965524,0.09534275281278452,0.2496425410226731,0.6180124821421374,,,POINT (NaN NaN),GBR
490,490,0.006124234470691164,0.028975581204713684,0.03709860341531382,0.0012911321119666807,9.836553210465303e-05,55.399421248686274,0.14285714285714285,0.003910241114965524,0.09534275281278452,0.2496425410226731,0.6180124821421374,,,POINT (NaN NaN),GBR
491,491,0.006124234470691164,0.028975581204713684,0.03242446666660334,0.0003532847222567519,1.936328440832489e-05,48.666642344583806,0.38095238095238093,0.003910241114965524,0.09534275281278452,0.2496425410226731,0.6180124821421374,,,POINT (NaN NaN),GBR
492,492,0.004374453193350831,0.028975581204713684,0.036756311152838346,0.0005212051812183924,0.00011795437097062059,55.3827545820196,0.1,0.003910241114965524,0.09534275281278452,0.2496425410226731,0.6180124821421374,,,POINT (NaN NaN),GBR
493,493,0.003499562554680665,0.028975581204713684,0.025425425425425422,4.8704602901416643e-05,1.1468580769873735e-05,35.566881566146314,0.0,0.003910241114965524,0.09534275281278452,0.2496425410226731,0.6180124821421374,,,POINT (NaN NaN),GBR
494,494,0.0,0.028975581204713684,0.0,0.0,4.098716271507244e-127,0.0,0.0,0.003910241114965524,0.09534275281278452,0.2496425410226731,0.6180124821421374,,,POINT (NaN NaN),GBR
495,495,0.012248468941382328,0.028975581204713684,0.03695539528765293,0.0034416171535669726,0.00025786609226977064,58.4077545820196,0.10989010989010989,0.003910241114965524,0.09534275281278452,0.2496425410226731,0.6180124821421374,,,POINT (NaN NaN),GBR
496,496,0.00699912510936133,0.028975581204713684,0.03840360472182357,0.0016726777674797699,8.473337541108085e-05,58.91608791535294,0.10714285714285714,0.003910241114965524,0.09534275281278452,0.2496425410226731,0.6180124821421374,,,POINT (NaN NaN),GBR
497,497,0.003499562554680665,0.028975581204713684,0.032233796626254446,1.3886872129995421e-05,1.806756525679711e-05,47.6666423445838,0.6666666666666666,0.003910241114965524,0.09534275281278452,0.2496425410226731,0.6180124821421374,,,POINT (NaN NaN),GBR
498,498,0.005249343832020997,0.028975581204713684,0.030808717616783794,2.2388941264285624e-05,9.996180125019311e-06,43.06664234458375,0.13333333333333333,0.003910241114965524,0.09534275281278452,0.2496425410226731,0.6180124821421374,,,POINT (NaN NaN),GBR
499,499,0.012248468941382328,0.028975581204713684,0.04150265064847892,0.005285343713794132,0.0005008351521867923,68.1989774114775,0.16483516483516483,0.003910241114965524,0.09534275281278452,0.2496425410226731,0.6180124821421374,,,POINT (NaN NaN),GBR
500,500,0.004374453193350831,0.028975581204713684,0.03630501574508574,0.0006361214703710006,0.00016606128559887946,55.741087915352935,0.0,0.003910241114965524,0.09534275281278452,0.2496425410226731,0.6180124821421374,,,POINT (NaN NaN),GBR
501,501,0.005249343832020997,0.028975581204713684,0.02496472191061529,0.00012542988144541328,1.845082940794785e-05,37.8387129769097,0.7333333333333333,0.003910241114965524,0.09534275281278452,0.2496425410226731,0.6180124821421374,,,POINT (NaN NaN),GBR
502,502,0.0,0.028975581204713684,0.0,0.0,4.098716271507244e-127,0.0,0.0,0.003910241114965524,0.09534275281278452,0.2496425410226731,0.6180124821421374,,,POINT (NaN NaN),GBR
503,503,0.01399825021872266,0.028975581204713684,0.03756953011434499,0.013138078288354033,0.000408913110657136,59.97992979243005,0.15833333333333333,0.003910241114965524,0.09534275281278452,0.2496425410226731,0.6180124821421374,,,POINT (NaN NaN),GBR
504,504,0.0,0.028975581204713684,0.0,0.0,4.098716271507244e-127,0.0,0.0,0.003910241114965524,0.09534275281278452,0.2496425410226731,0.6180124821421374,,,POINT (NaN NaN),GBR
505,505,0.008748906386701663,0.028975581204713684,0.03228921202367953,0.0005029523713070989,2.484362933249416e-05,48.199975677917124,0.3333333333333333,0.003910241114965524,0.09534275281278452,0.2496425410226731,0.6180124821421374,,,POINT (NaN NaN),GBR
506,506,0.005249343832020997,0.028975581204713684,0.024800727660238643,0.00012542988144541328,1.6333949407174518e-05,36.838712976909676,0.7333333333333333,0.003910241114965524,0.09534275281278452,0.2496425410226731,0.6180124821421374,,,POINT (NaN NaN),GBR
507,507,0.010498687664041995,0.028975581204713684,0.03772363100281756,0.0006187441819267524,0.0006080787918432736,61.70373931623957,0.18181818181818182,0.003910241114965524,0.09534275281278452,0.2496425410226731,0.6180124821421374,,,POINT (NaN NaN),GBR
508,508,0.006124234470691164,0.028975581204713684,0.03453304384905586,0.0013273603980409163,7.711461171450871e-05,51.68156410582914,0.09523809523809523,0.003910241114965524,0.09534275281278452,0.2496425410226731,0.6180124821421374,,,POINT (NaN NaN),GBR
509,509,0.012248468941382328,0.028975581204713684,0.037742204922562916,0.0004186552112490688,0.0006309673699043436,62.20373931623957,0.2087912087912088,0.003910241114965524,0.09534275281278452,0.2496425410226731,0.6180124821421374,,,POINT (NaN NaN),GBR
510,510,0.0,0.028975581204713684,0.0,0.0,4.098716271507244e-127,0.0,0.0,0.003910241114965524,0.09534275281278452,0.2496425410226731,0.6180124821421374,,,POINT (NaN NaN),GBR
511,511,0.014873140857392827,0.028975581204713684,0.03772363100281756,0.02269092140349393,0.0004796251582701429,62.787072649572906,0.16176470588235295,0.003910241114965524,0.09534275281278452,0.2496425410226731,0.6180124821421374,,,POINT (NaN NaN),GBR
512,512,0.0008748906386701663,0.028975581204713684,0.0,0.0,4.098716271507244e-127,0.0,0.0,0.003910241114965524,0.09534275281278452,0.2496425410226731,0.6180124821421374,,,POINT (NaN NaN),GBR
513,513,0.007874015748031496,0.028975581204713684,0.035629314688029406,0.001001455955901347,7.562905648414457e-05,53.98156410582915,0.25,0.003910241114965524,0.09534275281278452,0.2496425410226731,0.6180124821421374,,,POINT (NaN NaN),GBR
514,514,0.0,0.028975581204713684,0.0,0.0,4.098716271507244e-127,0.0,0.0,0.003910241114965524,0.09534275281278452,0.2496425410226731,0.6180124821421374,,,POINT (NaN NaN),GBR
515,515,0.003499562554680665,0.028975581204713684,0.03429102546777719,0.0003890887802415883,0.00016903895223764493,51.937604715546136,0.16666666666666666,0.003910241114965524,0.09534275281278452,0.2496425410226731,0.6180124821421374,,,POINT (NaN NaN),GBR
516,516,0.007874015748031496,0.028975581204713684,0.03854958756616386,0.0031423031562818862,0.0002638223332306421,59.10731074481096,0.1388888888888889,0.003910241114965524,0.09534275281278452,0.2496425410226731,0.6180124821421374,,,POINT (NaN NaN),GBR
517,517,0.00962379702537183,0.028975581204713684,0.02964351776822787,0.0010041410216781424,3.891895410766899e-05,46.243217992018614,0.2545454545454545,0.003910241114965524,0.09534275281278452,0.2496425410226731,0.6180124821421374,,,POINT (NaN NaN),GBR
518,518,0.0,0.028975581204713684,0.0,0.0,4.098716271507244e-127,0.0,0.0,0.003910241114965524,0.09534275281278452,0.2496425410226731,0.6180124821421374,,,POINT (NaN NaN),GBR
519,519,0.0,0.028975581204713684,0.0,0.0,4.098716271507244e-127,0.0,0.0,0.003910241114965524,0.09534275281278452,0.2496425410226731,0.6180124821421374,,,POINT (NaN NaN),GBR
520,520,0.0026246719160104987,0.028975581204713684,0.022456798696361146,0.0,1.4272929467375998e-06,31.439594796328485,0.6666666666666666,0.003910241114965524,0.09534275281278452,0.2496425410226731,0.6180124821421374,,,POINT (NaN NaN),GBR
521,521,0.0,0.028975581204713684,0.0,0.0,4.098716271507244e-127,0.0,0.0,0.003910241114965524,0.09534275281278452,0.2496425410226731,0.6180124821421374,,,POINT (NaN NaN),GBR
522,522,0.0,0.028975581204713684,0.0,0.0,4.098716271507244e-127,0.0,0.0,0.003910241114965524,0.09534275281278452,0.2496425410226731,0.6180124821421374,,,POINT (NaN NaN),GBR
523,523,0.0,0.028975581204713684,0.0,0.0,4.098716271507244e-127,0.0,0.0,0.003910241114965524,0.09534275281278452,0.2496425410226731,0.6180124821421374,,,POINT (NaN NaN),GBR
524,524,0.0017497812773403325,0.028975581204713684,0.0008748906386701663,0.0,5.451292641104643e-125,1.0,1.0,0.003910241114965524,0.09534275281278452,0.2496425410226731,0.6180124821421374,,,POINT (NaN NaN),GBR
525,525,0.0,0.028975581204713684,0.0,0.0,4.098716271507244e-127,0.0,0.0,0.003910241114965524,0.09534275281278452,0.2496425410226731,0.6180124821421374,,,POINT (NaN NaN),GBR
526,526,0.0017497812773403325,0.028975581204713684,0.0,0.0,2.231553398729358e-87,0.0,0.0,0.003910241114965524,0.09534275281278452,0.2496425410226731,0.6180124821421374,,,POINT (NaN NaN),GBR
527,527,0.004374453193350831,0.028975581204713684,0.0,0.0,4.098716271507244e-127,0.0,0.2,0.003910241114965524,0.09534275281278452,0.2496425410226731,0.6180124821421374,,,POINT (NaN NaN),GBR
528,528,0.0,0.028975581204713684,0.0,0.0,4.098716271507244e-127,0.0,0.0,0.003910241114965524,0.09534275281278452,0.2496425410226731,0.6180124821421374,,,POINT (NaN NaN),GBR
529,529,0.0008748906386701663,0.028975581204713684,0.002333041703120443,0.0,2.901019418348165e-85,3.25,0.0,0.003910241114965524,0.09534275281278452,0.2496425410226731,0.6180124821421374,,,POINT (NaN NaN),GBR
530,530,0.013123359580052493,0.028975581204713684,0.03723389819994805,0.014387438020692266,0.0004262044055932535,60.28707264957291,0.1523809523809524,0.003910241114965524,0.09534275281278452,0.2496425410226731,0.6180124821421374,,,POINT (NaN NaN),GBR
531,531,0.005249343832020997,0.028975581204713684,0.02802185314024359,8.391891753879487e-05,3.709941401793606e-05,39.15413614163626,0.2,0.003910241114965524,0.09534275281278452,0.2496425410226731,0.6180124821421374,,,POINT (NaN NaN),GBR
532,532,0.013123359580052493,0.028975581204713684,0.03357251644438189,0.007304404551873006,0.0001770397220932329,51.563263125763356,0.24761904761904763,0.003910241114965524,0.09534275281278452,0.2496425410226731,0.6180124821421374,,,POINT (NaN NaN),GBR
533,533,0.005249343832020997,0.028975581204713684,0.02803610637174931,8.436581147273322e-05,3.709941401793606e-05,39.65413614163628,0.4,0.003910241114965524,0.09534275281278452,0.2496425410226731,0.6180124821421374,,,POINT (NaN NaN),GBR
534,534,0.006124234470691164,0.028975581204713684,0.025965846990960627,3.1112379730976294e-05,1.4210835956866124e-05,35.27101925851931,0.2857142857142857,0.003910241114965524,0.09534275281278452,0.2496425410226731,0.6180124821421374,,,POINT (NaN NaN),GBR
535,535,0.008748906386701663,0.028975581204713684,0.035571830402920064,0.0038989026819730294,0.0005690775082984932,53.56692751692774,0.24444444444444444,0.003910241114965524,0.09534275281278452,0.2496425410226731,0.6180124821421374,,,POINT (NaN NaN),GBR
536,536,0.007874015748031496,0.028975581204713684,0.033615164654242954,0.00016861393400258338,0.00037490067140824883,51.18945360195383,0.25,0.003910241114965524,0.09534275281278452,0.2496425410226731,0.6180124821421374,,,POINT (NaN NaN),GBR
537,537,0.008748906386701663,0.028975581204713684,0.039034389286471086,0.0013467013652646547,0.000988019238822069,66.19187046613543,0.24444444444444444,0.003910241114965524,0.09534275281278452,0.2496425410226731,0.6180124821421374,,,POINT (NaN NaN),GBR
538,538,0.01399825021872266,0.028975581204713684,0.038078030762048444,0.008780422261567248,0.0012318741700203504,64.71993700743727,0.16666666666666666,0.003910241114965524,0.09534275281278452,0.2496425410226731,0.6180124821421374,,,POINT (NaN NaN),GBR
539,539,0.008748906386701663,0.028975581204713684,0.03365607173667751,0.0004319849831302332,0.0009507178802814647,56.108537132802134,0.35555555555555557,0.003910241114965524,0.09534275281278452,0.2496425410226731,0.6180124821421374,,,POINT (NaN NaN),GBR
540,540,0.00699912510936133,0.028975581204713684,0.035733777791882596,0.0009099539865318819,0.0003159015776757296,56.59469541896039,0.2857142857142857,0.003910241114965524,0.09534275281278452,0.2496425410226731,0.6180124821421374,,,POINT (NaN NaN),GBR
541,541,0.007874015748031496,0.028975581204713684,0.0325730655437454,0.0003442583107505066,0.00011164240113851459,52.61878464672617,0.3611111111111111,0.003910241114965524,0.09534275281278452,0.2496425410226731,0.6180124821421374,,,POINT (NaN NaN),GBR
542,542,0.011373578302712161,0.028975581204713684,0.03587228274910866,0.004751627565419356,0.0007305940443379618,59.28707264957289,0.14102564102564102,0.003910241114965524,0.09534275281278452,0.2496425410226731,0.6180124821421374,,,POINT (NaN NaN),GBR
543,543,0.00962379702537183,0.028975581204713684,0.0330583126933077,0.0014211568204158156,0.00016200483110829063,52.464897439162456,0.21818181818181817,0.003910241114965524,0.09534275281278452,0.2496425410226731,0.6180124821421374,,,POINT (NaN NaN),GBR
544,544,0.012248468941382328,0.028975581204713684,0.03690302680237946,0.007064317108841565,0.000675381210214322,56.07002997003015,0.25274725274725274,0.003910241114965524,0.09534275281278452,0.2496425410226731,0.6180124821421374,,,POINT (NaN NaN),GBR
545,545,0.00699912510936133,0.028975581204713684,0.02745655029798391,0.0001381196030992702,9.21400635817416e-05,42.52983692863748,0.4642857142857143,0.003910241114965524,0.09534275281278452,0.2496425410226731,0.6180124821421374,,,POINT (NaN NaN),GBR
546,546,0.00699912510936133,0.028975581204713684,0.027273541022973854,0.00014106075577413813,7.622809185134928e-05,41.529836928637444,0.47619047619047616,0.003910241114965524,0.09534275281278452,0.2496425410226731,0.6180124821421374,,,POINT (NaN NaN),GBR
547,547,0.007874015748031496,0.028975581204713684,0.029062447738559056,0.004346560983896679,5.4767717098634385e-05,39.36613386613398,0.2777777777777778,0.003910241114965524,0.09534275281278452,0.2496425410226731,0.6180124821421374,,,POINT (NaN NaN),GBR
548,548,0.01399825021872266,0.028975581204713684,0.031592367203371566,0.01494706927655204,0.0001764562211847028,45.77598235098248,0.24166666666666667,0.003910241114965524,0.09534275281278452,0.2496425410226731,0.6180124821421374,,,POINT (NaN NaN),GBR
549,549,0.008748906386701663,0.028975581204713684,0.03135738568809435,0.012029570399572271,0.0001962632836504023,44.77598235098248,0.28888888888888886,0.003910241114965524,0.09534275281278452,0.2496425410226731,0.6180124821421374,,,POINT (NaN NaN),GBR
550,550,0.013123359580052493,0.028975581204713684,0.0295058537530137,0.0004947770323831905,0.00013264234504045376,46.13760471554614,0.4888888888888889,0.003910241114965524,0.09534275281278452,0.2496425410226731,0.6180124821421374,,,POINT (NaN NaN),GBR
551,551,0.011373578302712161,0.028975581204713684,0.029493345972702967,0.00045486352272449055,0.0001227618430869826,45.63760471554613,0.4722222222222222,0.003910241114965524,0.09534275281278452,0.2496425410226731,0.6180124821421374,,,POINT (NaN NaN),GBR
552,552,0.005249343832020997,0.028975581204713684,0.031014232761540847,4.7909813804997725e-06,0.001024435495247286,48.858537132802084,0.6666666666666666,0.003910241114965524,0.09534275281278452,0.2496425410226731,0.6180124821421374,,,POINT (NaN NaN),GBR
553,553,0.012248468941382328,0.028975581204713684,0.029344075558669885,0.0019382567979339207,8.200775627139161e-05,44.25427138221279,0.4166666666666667,0.003910241114965524,0.09534275281278452,0.2496425410226731,0.6180124821421374,,,POINT (NaN NaN),GBR
554,554,0.01399825021872266,0.028975581204713684,0.03646771976083635,0.010298916341677955,0.0007234916319039132,56.58669663669681,0.23333333333333334,0.003910241114965524,0.09534275281278452,0.2496425410226731,0.6180124821421374,,,POINT (NaN NaN),GBR
555,555,0.00962379702537183,0.028975581204713684,0.031055772079347562,0.015394616269522309,0.00020746533777424165,44.21288711288725,0.2,0.003910241114965524,0.09534275281278452,0.2496425410226731,0.6180124821421374,,,POINT (NaN NaN),GBR
556,556,0.006124234470691164,0.028975581204713684,0.028839116449830834,0.0025189770878309703,5.4767717098634385e-05,38.36613386613395,0.2857142857142857,0.003910241114965524,0.09534275281278452,0.2496425410226731,0.6180124821421374,,,POINT (NaN NaN),GBR
557,557,0.00962379702537183,0.028975581204713684,0.034787679152450283,0.00042176409333882927,0.0012962406964168614,55.980651293151496,0.2727272727272727,0.003910241114965524,0.09534275281278452,0.2496425410226731,0.6180124821421374,,,POINT (NaN NaN),GBR
558,558,0.00962379702537183,0.028975581204713684,0.02937226500279356,0.0004534204517983564,0.0001874715763898883,45.72093804887947,0.36363636363636365,0.003910241114965524,0.09534275281278452,0.2496425410226731,0.6180124821421374,,,POINT (NaN NaN),GBR
559,559,0.013123359580052493,0.028975581204713684,0.026759643288805812,0.0015162703511903675,8.497100334882317e-05,41.03734053614104,0.32051282051282054,0.003910241114965524,0.09534275281278452,0.2496425410226731,0.6180124821421374,,,POINT (NaN NaN),GBR
560,560,0.005249343832020997,0.028975581204713684,0.030698605605817098,7.54859210843866e-05,5.4585592263085634e-05,46.78545131339277,0.4666666666666667,0.003910241114965524,0.09534275281278452,0.2496425410226731,0.6180124821421374,,,POINT (NaN NaN),GBR
561,561,0.008748906386701663,0.028975581204713684,0.03325683535789182,0.015805926777034834,0.0008091425923456868,49.13153790653805,0.24444444444444444,0.003910241114965524,0.09534275281278452,0.2496425410226731,0.6180124821421374,,,POINT (NaN NaN),GBR
562,562,0.007874015748031496,0.028975581204713684,0.0,0.0,4.098716271507244e-127,0.0,0.3611111111111111,0.003910241114965524,0.09534275281278452,0.2496425410226731,0.6180124821421374,,,POINT (NaN NaN),GBR
563,563,0.003499562554680665,0.028975581204713684,0.02641127642685825,1.6061226759571045e-05,1.9030143385945806e-05,37.463531012331444,0.3333333333333333,0.003910241114965524,0.09534275281278452,0.2496425410226731,0.6180124821421374,,,POINT (NaN NaN),GBR
564,564,0.006124234470691164,0.028975581204713684,0.03358309550149207,0.00010750139847642797,0.0006635930610745096,50.603363303363494,0.2857142857142857,0.003910241114965524,0.09534275281278452,0.2496425410226731,0.6180124821421374,,,POINT (NaN NaN),GBR
565,565,0.01399825021872266,0.028975581204713684,0.02921130443683502,0.002207765153554187,0.00026795760938988635,45.88760471554613,0.3076923076923077,0.003910241114965524,0.09534275281278452,0.2496425410226731,0.6180124821421374,,,POINT (NaN NaN),GBR
566,566,0.008748906386701663,0.028975581204713684,0.03406339636272937,0.00024251687781020256,0.0012585935267509097,54.58065129315148,0.24444444444444444,0.003910241114965524,0.09534275281278452,0.2496425410226731,0.6180124821421374,,,POINT (NaN NaN),GBR
567,567,0.008748906386701663,0.028975581204713684,0.029331704531874492,0.0018205275607527617,6.481516105738098e-05,43.754271382212785,0.47619047619047616,0.003910241114965524,0.09534275281278452,0.2496425410226731,0.6180124821421374,,,POINT (NaN NaN),GBR
568,568,0.008748906386701663,0.028975581204713684,0.034907526996110924,0.003262964251057965,0.001644575714904363,53.85534743034754,0.15555555555555556,0.003910241114965524,0.09534275281278452,0.2496425410226731,0.6180124821421374,,,POINT (NaN NaN),GBR
569,569,0.005249343832020997,0.028975581204713684,0.030595272429882543,0.0004822220249444277,0.0002709810468441516,45.72520379946872,0.5333333333333333,0.003910241114965524,0.09534275281278452,0.2496425410226731,0.6180124821421374,,,POINT (NaN NaN),GBR
570,570,0.008748906386701663,0.028975581204713684,0.026933592277254392,0.003931123128324985,3.0043079519347277e-05,39.96353101233149,0.24444444444444444,0.003910241114965524,0.09534275281278452,0.2496425410226731,0.6180124821421374,,,POINT (NaN NaN),GBR
571,571,0.007874015748031496,0.028975581204713684,0.03334176891800371,0.0006298496871060155,0.0015222305100630394,52.83065129315147,0.2777777777777778,0.003910241114965524,0.09534275281278452,0.2496425410226731,0.6180124821421374,,,POINT (NaN NaN),GBR
572,572,0.006124234470691164,0.028975581204713684,0.03181121756332183,0.0012828805697004996,0.00044308210929820235,45.581537906538045,0.42857142857142855,0.003910241114965524,0.09534275281278452,0.2496425410226731,0.6180124821421374,,,POINT (NaN NaN),GBR
573,573,0.004374453193350831,0.028975581204713684,0.029476527319131383,0.004638066421908132,0.00015422821296788987,42.139886339151204,0.5,0.003910241114965524,0.09534275281278452,0.2496425410226731,0.6180124821421374,,,POINT (NaN NaN),GBR
574,574,0.006124234470691164,0.028975581204713684,0.027640832729736678,7.276208808489424e-07,0.00015608120138137582,40.744975122916465,0.9,0.003910241114965524,0.09534275281278452,0.2496425410226731,0.6180124821421374,,,POINT (NaN NaN),GBR
575,575,0.008748906386701663,0.028975581204713684,0.03359580052493438,0.0009206561581680988,0.0018223326952377886,54.330651293151476,0.3333333333333333,0.003910241114965524,0.09534275281278452,0.2496425410226731,0.6180124821421374,,,POINT (NaN NaN),GBR
576,576,0.010498687664041995,0.028975581204713684,0.03523085296012063,0.0006721910956906362,0.0028133615983520917,55.038680763680894,0.3333333333333333,0.003910241114965524,0.09534275281278452,0.2496425410226731,0.6180124821421374,,,POINT (NaN NaN),GBR
577,577,0.008748906386701663,0.028975581204713684,0.028489396571907383,0.00012161091804300062,0.0002683848648895964,42.81379519173657,0.7142857142857143,0.003910241114965524,0.09534275281278452,0.2496425410226731,0.6180124821421374,,,POINT (NaN NaN),GBR
578,578,0.007874015748031496,0.028975581204713684,0.030922625560816496,0.0005532434594886844,0.0008209094553586434,45.43065129315148,0.2777777777777778,0.003910241114965524,0.09534275281278452,0.2496425410226731,0.6180124821421374,,,POINT (NaN NaN),GBR
579,579,0.011373578302712161,0.028975581204713684,0.03095548015847613,0.0010452121295688034,0.0004827779936584064,48.14945732372226,0.4666666666666667,0.003910241114965524,0.09534275281278452,0.2496425410226731,0.6180124821421374,,,POINT (NaN NaN),GBR
580,580,0.0008748906386701663,0.028975581204713684,0.0,0.0,4.098716271507244e-127,0.0,0.0,0.003910241114965524,0.09534275281278452,0.2496425410226731,0.6180124821421374,,,POINT (NaN NaN),GBR
581,581,0.014873140857392827,0.028975581204713684,0.0353780392341843,0.001999435435276286,0.003517754219752647,58.05534743034758,0.23529411764705882,0.003910241114965524,0.09534275281278452,0.2496425410226731,0.6180124821421374,,,POINT (NaN NaN),GBR
582,582,0.006124234470691164,0.028975581204713684,0.02431998361601104,0.000572694623230851,1.1012936133401475e-05,34.33871297690959,0.42857142857142855,0.003910241114965524,0.09534275281278452,0.2496425410226731,0.6180124821421374,,,POINT (NaN NaN),GBR
583,583,0.012248468941382328,0.028975581204713684,0.030379171981012414,0.0008296694568130066,0.00032407755512889487,45.19187046613539,0.36363636363636365,0.003910241114965524,0.09534275281278452,0.2496425410226731,0.6180124821421374,,,POINT (NaN NaN),GBR
584,584,0.00962379702537183,0.028975581204713684,0.028501941440499154,0.0002600674641898146,0.00029680103497227645,43.31379519173657,0.7142857142857143,0.003910241114965524,0.09534275281278452,0.2496425410226731,0.6180124821421374,,,POINT (NaN NaN),GBR
585,585,0.020122484689413824,0.028975581204713684,0.03426570519936456,0.004566660791826218,0.001766125616032384,56.866329503829625,0.28421052631578947,0.003910241114965524,0.09534275281278452,0.2496425410226731,0.6180124821421374,,,POINT (NaN NaN),GBR
586,586,0.01399825021872266,0.028975581204713684,0.031853171209141974,0.004244451063586621,0.0014937196722990833,51.797317959818145,0.31666666666666665,0.003910241114965524,0.09534275281278452,0.2496425410226731,0.6180124821421374,,,POINT (NaN NaN),GBR
587,587,0.010498687664041995,0.028975581204713684,0.03221896914453637,0.00018968388950264117,0.0006983041664322798,51.608537132802105,0.5714285714285714,0.003910241114965524,0.09534275281278452,0.2496425410226731,0.6180124821421374,,,POINT (NaN NaN),GBR
588,588,0.005249343832020997,0.028975581204713684,0.029701109572701365,3.207662226508984e-05,0.00021921092858613402,43.63988633915124,0.7333333333333333,0.003910241114965524,0.09534275281278452,0.2496425410226731,0.6180124821421374,,,POINT (NaN NaN),GBR
589,589,0.00699912510936133,0.028975581204713684,0.02928132276980736,0.0002324872357283898,0.00017719818409266843,41.6398863391512,0.8,0.003910241114965524,0.09534275281278452,0.2496425410226731,0.6180124821421374,,,POINT (NaN NaN),GBR
590,590,0.02099737532808399,0.028975581204713684,0.03422604581834678,0.0038713036454294434,0.0019984808575538,56.449662837162954,0.2857142857142857,0.003910241114965524,0.09534275281278452,0.2496425410226731,0.6180124821421374,,,POINT (NaN NaN),GBR
591,591,0.00962379702537183,0.028975581204713684,0.03084442368598721,1.7908472769324084e-05,0.0007655514377411333,47.66398462648482,0.7857142857142857,0.003910241114965524,0.09534275281278452,0.2496425410226731,0.6180124821421374,,,POINT (NaN NaN),GBR
592,592,0.012248468941382328,0.028975581204713684,0.03355083407870106,0.005277966621383589,0.0011897062049242891,53.344900932401096,0.41818181818181815,0.003910241114965524,0.09534275281278452,0.2496425410226731,0.6180124821421374,,,POINT (NaN NaN),GBR
593,593,0.007874015748031496,0.028975581204713684,0.029752621502022392,3.8187309183278195e-05,0.0005075950157584878,42.53065129315147,0.8095238095238095,0.003910241114965524,0.09534275281278452,0.2496425410226731,0.6180124821421374,,,POINT (NaN NaN),GBR
594,594,0.007874015748031496,0.028975581204713684,0.030965721981381544,2.5158883312928575e-05,0.0003877493530901239,45.4115675990678,0.7857142857142857,0.003910241114965524,0.09534275281278452,0.2496425410226731,0.6180124821421374,,,POINT (NaN NaN),GBR
595,595,0.0017497812773403325,0.028975581204713684,0.0026793525809273838,5.362727207260213e-06,2.9456504863227516e-85,3.5000000000000004,0.0,0.003910241114965524,0.09534275281278452,0.2496425410226731,0.6180124821421374,,,POINT (NaN NaN),GBR
596,596,0.0,0.028975581204713684,0.0,0.0,4.098716271507244e-127,0.0,0.0,0.003910241114965524,0.09534275281278452,0.2496425410226731,0.6180124821421374,,,POINT (NaN NaN),GBR
597,597,0.0008748906386701663,0.028975581204713684,0.0024344782989082886,0.0,2.0874619957734058e-82,3.4500000000000006,0.0,0.003910241114965524,0.09534275281278452,0.2496425410226731,0.6180124821421374,,,POINT (NaN NaN),GBR
598,598,0.0026246719160104987,0.028975581204713684,0.0008748906386701663,0.0,1.495140777148672e-85,1.0,0.0,0.003910241114965524,0.09534275281278452,0.2496425410226731,0.6180124821421374,,,POINT (NaN NaN),GBR
599,599,0.00962379702537183,0.028975581204713684,0.03313195318040866,0.02272311661409592,0.0004221327262368251,46.189629814629974,0.14545454545454545,0.003910241114965524,0.09534275281278452,0.2496425410226731,0.6180124821421374,,,POINT (NaN NaN),GBR
600,600,0.008748906386701663,0.028975581204713684,0.01989326471877876,0.01750665188652584,7.42811915979834e-05,27.64843212343212,0.26666666666666666,0.003910241114965524,0.09534275281278452,0.2496425410226731,0.6180124821421374,,,POINT (NaN NaN),GBR
601,601,0.007874015748031496,0.028975581204713684,0.034754276405104534,0.008895463013774123,0.0006597869941284965,49.293201243201395,0.16666666666666666,0.003910241114965524,0.09534275281278452,0.2496425410226731,0.6180124821421374,,,POINT (NaN NaN),GBR
602,602,0.011373578302712161,0.028975581204713684,0.034670923866475446,0.0008754259404633265,0.0031815816168861448,55.805347430347574,0.32051282051282054,0.003910241114965524,0.09534275281278452,0.2496425410226731,0.6180124821421374,,,POINT (NaN NaN),GBR
603,603,0.004374453193350831,0.028975581204713684,0.03257340310393105,1.3226492583021005e-06,0.001096300025461452,46.88153790653804,0.5,0.003910241114965524,0.09534275281278452,0.2496425410226731,0.6180124821421374,,,POINT (NaN NaN),GBR
604,604,0.010498687664041995,0.028975581204713684,0.03569616297962754,0.008453563780441238,0.00268207180229492,52.57415362415377,0.19696969696969696,0.003910241114965524,0.09534275281278452,0.2496425410226731,0.6180124821421374,,,POINT (NaN NaN),GBR
605,605,0.00962379702537183,0.028975581204713684,0.03338941606658142,3.689509156930998e-05,0.003384309058409231,51.40534743034755,0.36363636363636365,0.003910241114965524,0.09534275281278452,0.2496425410226731,0.6180124821421374,,,POINT (NaN NaN),GBR
606,606,0.007874015748031496,0.028975581204713684,0.03217988556028197,0.0005106035496758866,0.0011318906485847562,45.85534743034756,0.2777777777777778,0.003910241114965524,0.09534275281278452,0.2496425410226731,0.6180124821421374,,,POINT (NaN NaN),GBR
607,607,0.015748031496062992,0.028975581204713684,0.03422422875873547,0.002393129869360585,0.003407223990162517,54.68868076368089,0.2916666666666667,0.003910241114965524,0.09534275281278452,0.2496425410226731,0.6180124821421374,,,POINT (NaN NaN),GBR
608,608,0.008748906386701663,0.028975581204713684,0.03663829044829807,0.018637374551901443,0.004640092176140655,54.02335997336015,0.2222222222222222,0.003910241114965524,0.09534275281278452,0.2496425410226731,0.6180124821421374,,,POINT (NaN NaN),GBR
609,609,0.007874015748031496,0.028975581204713684,0.033308457332581975,0.0006245246917878423,0.0024342072050741927,50.972014097014224,0.3055555555555556,0.003910241114965524,0.09534275281278452,0.2496425410226731,0.6180124821421374,,,POINT (NaN NaN),GBR
610,610,0.005249343832020997,0.028975581204713684,0.035094542255251805,0.00022881222929053174,0.0029952875474027895,49.703121878122,0.3333333333333333,0.003910241114965524,0.09534275281278452,0.2496425410226731,0.6180124821421374,,,POINT (NaN NaN),GBR
611,611,0.00962379702537183,0.028975581204713684,0.03760318146838116,0.006119950329087762,0.004515249656438077,58.23050283050305,0.12727272727272726,0.003910241114965524,0.09534275281278452,0.2496425410226731,0.6180124821421374,,,POINT (NaN NaN),GBR
612,612,0.007874015748031496,0.028975581204713684,0.03263617417122795,1.4093030109649842e-05,0.002834393879002022,48.738680763680904,0.4444444444444444,0.003910241114965524,0.09534275281278452,0.2496425410226731,0.6180124821421374,,,POINT (NaN NaN),GBR
613,613,0.00962379702537183,0.028975581204713684,0.036385686737762775,0.0004015399729022951,0.004213490803006951,53.52335997336014,0.34545454545454546,0.003910241114965524,0.09534275281278452,0.2496425410226731,0.6180124821421374,,,POINT (NaN NaN),GBR
614,614,0.011373578302712161,0.028975581204713684,0.028837061841591786,0.0008169871278094147,0.00039043149480308756,42.35204378954399,0.48717948717948717,0.003910241114965524,0.09534275281278452,0.2496425410226731,0.6180124821421374,,,POINT (NaN NaN),GBR
615,615,0.012248468941382328,0.028975581204713684,0.037317247994603085,0.001018210844143255,0.0044827641284333275,57.647169497169706,0.3516483516483517,0.003910241114965524,0.09534275281278452,0.2496425410226731,0.6180124821421374,,,POINT (NaN NaN),GBR
616,616,0.005249343832020997,0.028975581204713684,0.032242879204185365,0.000133871595851316,0.0013750038485662588,48.022014097014235,0.5333333333333333,0.003910241114965524,0.09534275281278452,0.2496425410226731,0.6180124821421374,,,POINT (NaN NaN),GBR
617,617,0.012248468941382328,0.028975581204713684,0.032411579683997965,0.0005563323160788419,0.0016767627019973845,50.07201409701424,0.4835164835164835,0.003910241114965524,0.09534275281278452,0.2496425410226731,0.6180124821421374,,,POINT (NaN NaN),GBR
618,618,0.00962379702537183,0.028975581204713684,0.030750620458157015,0.0003247990401688706,0.0004460967136760658,45.85204378954399,0.5272727272727272,0.003910241114965524,0.09534275281278452,0.2496425410226731,0.6180124821421374,,,POINT (NaN NaN),GBR
619,619,0.013123359580052493,0.028975581204713684,0.029586450947362928,0.0005410157336386325,0.0008252491109777554,45.58299617049635,0.5,0.003910241114965524,0.09534275281278452,0.2496425410226731,0.6180124821421374,,,POINT (NaN NaN),GBR
620,620,0.014873140857392827,0.028975581204713684,0.0374866152320975,0.002200865148421106,0.005651593492628671,58.89716949716971,0.3,0.003910241114965524,0.09534275281278452,0.2496425410226731,0.6180124821421374,,,POINT (NaN NaN),GBR
621,621,0.00962379702537183,0.028975581204713684,0.034818345075286646,0.0026989949524210436,0.0034909524953800498,52.63131035631051,0.34545454545454546,0.003910241114965524,0.09534275281278452,0.2496425410226731,0.6180124821421374,,,POINT (NaN NaN),GBR
622,622,0.011373578302712161,0.028975581204713684,0.028157559850473236,0.00016454550984049197,0.00030175885343112607,40.48065129315145,0.5272727272727272,0.003910241114965524,0.09534275281278452,0.2496425410226731,0.6180124821421374,,,POINT (NaN NaN),GBR
623,623,0.006124234470691164,0.028975581204713684,0.026660224685844617,0.0006278404306656434,0.0009222663211109647,39.55750083250091,0.47619047619047616,0.003910241114965524,0.09534275281278452,0.2496425410226731,0.6180124821421374,,,POINT (NaN NaN),GBR
624,624,0.015748031496062992,0.028975581204713684,0.02606907171848127,0.00025873407482208813,0.00016787041932734341,37.56567998994476,0.41904761904761906,0.003910241114965524,0.09534275281278452,0.2496425410226731,0.6180124821421374,,,POINT (NaN NaN),GBR
625,625,0.008748906386701663,0.028975581204713684,0.028612762896554792,8.299458773140805e-07,0.00039043149480308756,41.35204378954397,0.8666666666666667,0.003910241114965524,0.09534275281278452,0.2496425410226731,0.6180124821421374,,,POINT (NaN NaN),GBR
626,626,0.014873140857392827,0.028975581204713684,0.028253879895571776,3.4821314181272304e-05,0.0003235209170120183,41.030651293151465,0.5512820512820513,0.003910241114965524,0.09534275281278452,0.2496425410226731,0.6180124821421374,,,POINT (NaN NaN),GBR
627,627,0.005249343832020997,0.028975581204713684,0.028596252358241717,0.0,0.00030082413007079094,40.85204378954396,1.0,0.003910241114965524,0.09534275281278452,0.2496425410226731,0.6180124821421374,,,POINT (NaN NaN),GBR
628,628,0.015748031496062992,0.028975581204713684,0.032369239279446696,0.0007834127600344982,0.001181888963145016,49.405347430347575,0.6545454545454545,0.003910241114965524,0.09534275281278452,0.2496425410226731,0.6180124821421374,,,POINT (NaN NaN),GBR
629,629,0.01399825021872266,0.028975581204713684,0.03249659366349698,0.009579785009994823,0.001327397935545319,47.21920024420034,0.4393939393939394,0.003910241114965524,0.09534275281278452,0.2496425410226731,0.6180124821421374,,,POINT (NaN NaN),GBR
630,630,0.007874015748031496,0.028975581204713684,0.027679283218561737,0.004604904941659424,0.002860083321069749,41.56702464202474,0.47619047619047616,0.003910241114965524,0.09534275281278452,0.2496425410226731,0.6180124821421374,,,POINT (NaN NaN),GBR
631,631,0.005249343832020997,0.028975581204713684,0.03436873973405744,0.0,0.001443614819857498,49.614438339438465,0.6666666666666666,0.003910241114965524,0.09534275281278452,0.2496425410226731,0.6180124821421374,,,POINT (NaN NaN),GBR
632,632,0.017497812773403325,0.028975581204713684,0.028448510526310505,0.001409940621609895,0.0008221019718873616,43.5306512931515,0.5512820512820513,0.003910241114965524,0.09534275281278452,0.2496425410226731,0.6180124821421374,,,POINT (NaN NaN),GBR
633,633,0.008748906386701663,0.028975581204713684,0.036041676608605744,0.0037171005904095803,0.009192357724110466,54.056693306693454,0.3111111111111111,0.003910241114965524,0.09534275281278452,0.2496425410226731,0.6180124821421374,,,POINT (NaN NaN),GBR
634,634,0.010498687664041995,0.028975581204713684,0.02835086117667786,1.558474192477254e-05,0.0006664535099444451,42.94731795981815,0.9642857142857143,0.003910241114965524,0.09534275281278452,0.2496425410226731,0.6180124821421374,,,POINT (NaN NaN),GBR
635,635,0.012248468941382328,0.028975581204713684,0.031747152682147915,0.00088462492292493,0.002877535466390771,49.71129981129996,0.6888888888888889,0.003910241114965524,0.09534275281278452,0.2496425410226731,0.6180124821421374,,,POINT (NaN NaN),GBR
636,636,0.008748906386701663,0.028975581204713684,0.03625260083162611,0.000397280689444948,0.008568716299025454,55.07335997336014,0.6428571428571429,0.003910241114965524,0.09534275281278452,0.2496425410226731,0.6180124821421374,,,POINT (NaN NaN),GBR
637,637,0.011373578302712161,0.028975581204713684,0.03146495576941771,5.430896904212023e-05,0.0059097499943424284,48.42796647796663,0.6785714285714286,0.003910241114965524,0.09534275281278452,0.2496425410226731,0.6180124821421374,,,POINT (NaN NaN),GBR
638,638,0.014873140857392827,0.028975581204713684,0.03180828327139467,0.00022117716745497634,0.00498487087292485,51.21129981129995,0.6060606060606061,0.003910241114965524,0.09534275281278452,0.2496425410226731,0.6180124821421374,,,POINT (NaN NaN),GBR
639,639,0.01399825021872266,0.028975581204713684,0.03635899144301753,0.00046721646513833167,0.01096743875366806,57.07335997336015,0.5555555555555556,0.003910241114965524,0.09534275281278452,0.2496425410226731,0.6180124821421374,,,POINT (NaN NaN),GBR
640,640,0.005249343832020997,0.028975581204713684,0.03557595501567329,4.7024401218496654e-05,0.005754395134503439,51.20669330669343,0.8,0.003910241114965524,0.09534275281278452,0.2496425410226731,0.6180124821421374,,,POINT (NaN NaN),GBR
641,641,0.0008748906386701663,0.028975581204713684,0.002249718785151856,0.0,1.8437094180301985e-83,3.0833333333333335,0.0,0.003910241114965524,0.09534275281278452,0.2496425410226731,0.6180124821421374,,,POINT (NaN NaN),GBR
642,642,0.010498687664041995,0.028975581204713684,0.03601548352967507,0.0012764035349466065,0.0053737068832127016,52.856693306693444,0.5,0.003910241114965524,0.09534275281278452,0.2496425410226731,0.6180124821421374,,,POINT (NaN NaN),GBR
643,643,0.0026246719160104987,0.028975581204713684,0.0028579760863225428,5.362727207260213e-06,2.1838874181325016e-82,4.083333333333334,0.0,0.003910241114965524,0.09534275281278452,0.2496425410226731,0.6180124821421374,,,POINT (NaN NaN),GBR
644,644,0.0008748906386701663,0.028975581204713684,0.0029470000460468755,0.0,5.846669904670916e-85,3.833333333333334,0.0,0.003910241114965524,0.09534275281278452,0.2496425410226731,0.6180124821421374,,,POINT (NaN NaN),GBR
645,645,0.004374453193350831,0.028975581204713684,0.006299212598425197,0.0,9.586530245601448e-83,8.333333333333334,0.7,0.003910241114965524,0.09534275281278452,0.2496425410226731,0.6180124821421374,,,POINT (NaN NaN),GBR
646,646,0.004374453193350831,0.028975581204713684,0.0027340332458442697,1.0725454414520426e-05,1.9012834957174157e-83,3.8333333333333335,0.3,0.003910241114965524,0.09534275281278452,0.2496425410226731,0.6180124821421374,,,POINT (NaN NaN),GBR
647,647,0.0026246719160104987,0.028975581204713684,0.0,0.0,2.231553398729358e-87,0.0,0.0,0.003910241114965524,0.09534275281278452,0.2496425410226731,0.6180124821421374,,,POINT (NaN NaN),GBR
648,648,0.003499562554680665,0.028975581204713684,0.03172917530045586,0.009255090155323773,0.007528245158252767,46.18486790986801,0.3333333333333333,0.003910241114965524,0.09534275281278452,0.2496425410226731,0.6180124821421374,,,POINT (NaN NaN),GBR
649,649,0.003499562554680665,0.028975581204713684,0.001399825021872266,7.66103886751459e-07,2.0931301414061783e-82,2.083333333333333,0.0,0.003910241114965524,0.09534275281278452,0.2496425410226731,0.6180124821421374,,,POINT (NaN NaN),GBR
650,650,0.003499562554680665,0.028975581204713684,0.003897240117712558,5.362727207260213e-06,5.93593204062009e-85,5.0,0.5,0.003910241114965524,0.09534275281278452,0.2496425410226731,0.6180124821421374,,,POINT (NaN NaN),GBR
651,651,0.003499562554680665,0.028975581204713684,0.004166145898429363,4.46893933938351e-07,1.929624223881276e-83,5.833333333333333,0.6666666666666666,0.003910241114965524,0.09534275281278452,0.2496425410226731,0.6180124821421374,,,POINT (NaN NaN),GBR
652,652,0.0026246719160104987,0.028975581204713684,0.001999750031246094,0.0,9.651468449504488e-84,2.8333333333333335,1.0,0.003910241114965524,0.09534275281278452,0.2496425410226731,0.6180124821421374,,,POINT (NaN NaN),GBR
653,653,0.003499562554680665,0.028975581204713684,0.004860503548167591,0.0,3.9159299040902774e-83,6.333333333333333,1.0,0.003910241114965524,0.09534275281278452,0.2496425410226731,0.6180124821421374,,,POINT (NaN NaN),GBR
654,654,0.004374453193350831,0.028975581204713684,0.0034995625546806646,1.0725454414520426e-05,2.990281554297339e-85,4.5,0.3,0.003910241114965524,0.09534275281278452,0.2496425410226731,0.6180124821421374,,,POINT (NaN NaN),GBR
655,655,0.0017497812773403325,0.028975581204713684,0.0,0.0,2.231553398729358e-87,0.0,0.0,0.003910241114965524,0.09534275281278452,0.2496425410226731,0.6180124821421374,,,POINT (NaN NaN),GBR
656,656,0.005249343832020997,0.028975581204713684,0.0013123359580052493,2.298311660254377e-06,9.651468449504488e-84,1.8333333333333333,0.5,0.003910241114965524,0.09534275281278452,0.2496425410226731,0.6180124821421374,,,POINT (NaN NaN),GBR
657,657,0.00699912510936133,0.028975581204713684,0.005451241671714112,8.746352707079157e-06,1.987867767588112e-83,7.0,0.5357142857142857,0.003910241114965524,0.09534275281278452,0.2496425410226731,0.6180124821421374,,,POINT (NaN NaN),GBR
658,658,0.005249343832020997,0.028975581204713684,0.0011665208515602215,1.0725454414520426e-05,2.945650486322757e-85,1.5,0.5,0.003910241114965524,0.09534275281278452,0.2496425410226731,0.6180124821421374,,,POINT (NaN NaN),GBR
659,659,0.005249343832020997,0.028975581204713684,0.004234470691163604,0.0,8.833269395860347e-82,6.616666666666666,0.5,0.003910241114965524,0.09534275281278452,0.2496425410226731,0.6180124821421374,,,POINT (NaN NaN),GBR
660,660,0.0026246719160104987,0.028975581204713684,0.0,0.0,2.231553398729358e-87,0.0,0.0,0.003910241114965524,0.09534275281278452,0.2496425410226731,0.6180124821421374,,,POINT (NaN NaN),GBR
661,661,0.003499562554680665,0.028975581204713684,0.0008748906386701663,6.128831094011672e-06,4.463106797458722e-87,1.0,0.0,0.003910241114965524,0.09534275281278452,0.2496425410226731,0.6180124821421374,,,POINT (NaN NaN),GBR
662,662,0.004374453193350831,0.028975581204713684,0.0041685965724872626,1.889722920653599e-06,1.987421456908366e-83,6.083333333333333,0.7,0.003910241114965524,0.09534275281278452,0.2496425410226731,0.6180124821421374,,,POINT (NaN NaN),GBR
663,663,0.00962379702537183,0.028975581204713684,0.003732866724992709,1.055946523905761e-05,2.0166548064317203e-83,5.583333333333333,0.4166666666666667,0.003910241114965524,0.09534275281278452,0.2496425410226731,0.6180124821421374,,,POINT (NaN NaN),GBR
664,664,0.00699912510936133,0.028975581204713684,0.0027340332458442697,1.188737864276014e-05,3.0125970882846325e-85,3.8333333333333335,0.4642857142857143,0.003910241114965524,0.09534275281278452,0.2496425410226731,0.6180124821421374,,,POINT (NaN NaN),GBR
665,665,0.0008748906386701663,0.028975581204713684,0.0,0.0,4.098716271507244e-127,0.0,0.0,0.003910241114965524,0.09534275281278452,0.2496425410226731,0.6180124821421374,,,POINT (NaN NaN),GBR
666,666,0.0017497812773403325,0.028975581204713684,0.0,0.0,2.231553398729358e-87,0.0,0.0,0.003910241114965524,0.09534275281278452,0.2496425410226731,0.6180124821421374,,,POINT (NaN NaN),GBR
667,667,0.003499562554680665,0.028975581204713684,0.0008748906386701663,2.5536796225048634e-07,2.231553398729358e-87,1.0,0.8333333333333334,0.003910241114965524,0.09534275281278452,0.2496425410226731,0.6180124821421374,,,POINT (NaN NaN),GBR
668,668,0.0026246719160104987,0.028975581204713684,0.001999750031246094,1.455597384827772e-06,2.967966020310045e-85,2.8333333333333335,0.6666666666666666,0.003910241114965524,0.09534275281278452,0.2496425410226731,0.6180124821421374,,,POINT (NaN NaN),GBR
669,669,0.0,0.028975581204713684,0.0,0.0,4.098716271507244e-127,0.0,0.0,0.003910241114965524,0.09534275281278452,0.2496425410226731,0.6180124821421374,,,POINT (NaN NaN),GBR
670,670,0.004374453193350831,0.028975581204713684,0.001968503937007874,3.421930694156517e-06,4.463106797458716e-87,2.5,0.7,0.003910241114965524,0.09534275281278452,0.2496425410226731,0.6180124821421374,,,POINT (NaN NaN),GBR
671,671,0.0017497812773403325,0.028975581204713684,0.0024302517740837954,0.0,5.86898543865821e-85,3.3333333333333335,1.0,0.003910241114965524,0.09534275281278452,0.2496425410226731,0.6180124821421374,,,POINT (NaN NaN),GBR
672,672,0.0026246719160104987,0.028975581204713684,0.0013123359580052493,0.0,4.82796577815097e-84,1.8333333333333333,0.0,0.003910241114965524,0.09534275281278452,0.2496425410226731,0.6180124821421374,,,POINT (NaN NaN),GBR
673,673,0.0026246719160104987,0.028975581204713684,0.001999750031246094,3.830519433757295e-07,2.967966020310045e-85,2.8333333333333335,0.6666666666666666,0.003910241114965524,0.09534275281278452,0.2496425410226731,0.6180124821421374,,,POINT (NaN NaN),GBR
674,674,0.00699912510936133,0.028975581204713684,0.001968503937007874,8.452679550491097e-06,2.9902815542973385e-85,2.5,0.3333333333333333,0.003910241114965524,0.09534275281278452,0.2496425410226731,0.6180124821421374,,,POINT (NaN NaN),GBR
675,675,0.0017497812773403325,0.028975581204713684,0.0011665208515602215,1.532207773502918e-06,1.4728252431613784e-85,1.5,0.0,0.003910241114965524,0.09534275281278452,0.2496425410226731,0.6180124821421374,,,POINT (NaN NaN),GBR
676,676,0.003499562554680665,0.028975581204713684,0.0008748906386701663,1.532207773502918e-06,1.495140777148672e-85,1.0,0.0,0.003910241114965524,0.09534275281278452,0.2496425410226731,0.6180124821421374,,,POINT (NaN NaN),GBR
677,677,0.0026246719160104987,0.028975581204713684,0.0,0.0,2.231553398729358e-87,0.0,0.0,0.003910241114965524,0.09534275281278452,0.2496425410226731,0.6180124821421374,,,POINT (NaN NaN),GBR
678,678,0.0017497812773403325,0.028975581204713684,0.0,0.0,2.231553398729358e-87,0.0,0.0,0.003910241114965524,0.09534275281278452,0.2496425410226731,0.6180124821421374,,,POINT (NaN NaN),GBR
679,679,0.006124234470691164,0.028975581204713684,0.02269550547780074,0.03758630337473804,0.0005715198581038465,33.549961149961156,0.14285714285714285,0.003910241114965524,0.09534275281278452,0.2496425410226731,0.6180124821421374,,,POINT (NaN NaN),GBR
680,680,0.00699912510936133,0.028975581204713684,0.028524830514907097,0.0038792749282696294,0.011598129922664093,45.31702464202474,0.39285714285714285,0.003910241114965524,0.09534275281278452,0.2496425410226731,0.6180124821421374,,,POINT (NaN NaN),GBR
681,681,0.005249343832020997,0.028975581204713684,0.027447258382203816,2.7415116225269803e-05,0.003914808590071752,41.233691308691405,0.6,0.003910241114965524,0.09534275281278452,0.2496425410226731,0.6180124821421374,,,POINT (NaN NaN),GBR
682,682,0.005249343832020997,0.028975581204713684,0.02443426663357625,1.8124279791658935e-06,0.003437922315141043,35.849550449550506,0.7,0.003910241114965524,0.09534275281278452,0.2496425410226731,0.6180124821421374,,,POINT (NaN NaN),GBR
683,683,0.011373578302712161,0.028975581204713684,0.029071224051539012,0.0032462837288954618,0.01491038551389613,46.317024642024755,0.5111111111111111,0.003910241114965524,0.09534275281278452,0.2496425410226731,0.6180124821421374,,,POINT (NaN NaN),GBR
684,684,0.010498687664041995,0.028975581204713684,0.025226846644169475,0.00047827834256373194,0.005472449387696111,38.849550449550534,0.4222222222222222,0.003910241114965524,0.09534275281278452,0.2496425410226731,0.6180124821421374,,,POINT (NaN NaN),GBR
685,685,0.01399825021872266,0.028975581204713684,0.033268335031385855,0.0106019292280994,0.045193127185943684,55.50137085137094,0.2833333333333333,0.003910241114965524,0.09534275281278452,0.2496425410226731,0.6180124821421374,,,POINT (NaN NaN),GBR
686,686,0.00962379702537183,0.028975581204713684,0.028914418484574673,0.0006362602203039003,0.025005688770176046,47.200357975358095,0.3090909090909091,0.003910241114965524,0.09534275281278452,0.2496425410226731,0.6180124821421374,,,POINT (NaN NaN),GBR
687,687,0.012248468941382328,0.028975581204713684,0.028769227625739986,0.001981909806677573,0.02103834114049131,46.24321511821523,0.32967032967032966,0.003910241114965524,0.09534275281278452,0.2496425410226731,0.6180124821421374,,,POINT (NaN NaN),GBR
688,688,0.00699912510936133,0.028975581204713684,0.02877961933080043,0.0003570044461225599,0.03646980932413658,47.15035797535809,0.2857142857142857,0.003910241114965524,0.09534275281278452,0.2496425410226731,0.6180124821421374,,,POINT (NaN NaN),GBR
689,689,0.011373578302712161,0.028975581204713684,0.04160982815854987,0.0007385589495830467,0.020119749996490292,62.5027389277391,0.4666666666666667,0.003910241114965524,0.09534275281278452,0.2496425410226731,0.6180124821421374,,,POINT (NaN NaN),GBR
690,690,0.011373578302712161,0.028975581204713684,0.029361371445691762,0.0004965010524477133,0.19170703949664922,49.71702464202476,0.6,0.003910241114965524,0.09534275281278452,0.2496425410226731,0.6180124821421374,,,POINT (NaN NaN),GBR
691,691,0.01662292213473316,0.028975581204713684,0.035691653251946655,0.02245293068832594,0.018885908576738074,55.10273892773908,0.24561403508771928,0.003910241114965524,0.09534275281278452,0.2496425410226731,0.6180124821421374,,,POINT (NaN NaN),GBR
692,692,0.01399825021872266,0.028975581204713684,0.030040040615361037,0.000795994043107096,0.3049841537134694,53.71702464202479,0.5512820512820513,0.003910241114965524,0.09534275281278452,0.2496425410226731,0.6180124821421374,,,POINT (NaN NaN),GBR
693,693,0.01924759405074366,0.028975581204713684,0.029967127895420838,0.0007124083089727198,0.3423978834287777,53.80035797535812,0.5164835164835165,0.003910241114965524,0.09534275281278452,0.2496425410226731,0.6180124821421374,,,POINT (NaN NaN),GBR
694,694,0.006124234470691164,0.028975581204713684,0.028612877619729745,0.0003441837920055808,0.021434027649986007,45.85035797535808,0.23809523809523808,0.003910241114965524,0.09534275281278452,0.2496425410226731,0.6180124821421374,,,POINT (NaN NaN),GBR
695,695,0.01399825021872266,0.028975581204713684,0.029361371445691762,0.0002944294094971751,0.18588625997057084,50.46702464202477,0.46153846153846156,0.003910241114965524,0.09534275281278452,0.2496425410226731,0.6180124821421374,,,POINT (NaN NaN),GBR
696,696,0.00699912510936133,0.028975581204713684,0.028852051388313305,0.00015504403188000473,0.014475339606456703,44.62654845154856,0.6428571428571429,0.003910241114965524,0.09534275281278452,0.2496425410226731,0.6180124821421374,,,POINT (NaN NaN),GBR
697,697,0.007874015748031496,0.028975581204713684,0.028679341911529353,0.0006431370469522819,0.031396277694788456,46.51702464202475,0.25,0.003910241114965524,0.09534275281278452,0.2496425410226731,0.6180124821421374,,,POINT (NaN NaN),GBR
698,698,0.005249343832020997,0.028975581204713684,0.03562574068823115,0.0,0.020753107712639125,54.852738927739075,0.6,0.003910241114965524,0.09534275281278452,0.2496425410226731,0.6180124821421374,,,POINT (NaN NaN),GBR
699,699,0.003499562554680665,0.028975581204713684,0.03783090701853033,0.0,0.011530612372028522,56.084867909868045,0.6666666666666666,0.003910241114965524,0.09534275281278452,0.2496425410226731,0.6180124821421374,,,POINT (NaN NaN),GBR
700,700,0.026246719160104987,0.028975581204713684,0.030712578838093,0.0009484990365341994,0.4041501208222074,58.300357975358125,0.41830065359477125,0.003910241114965524,0.09534275281278452,0.2496425410226731,0.6180124821421374,,,POINT (NaN NaN),GBR
701,701,0.00962379702537183,0.028975581204713684,0.02922238270512044,0.00026514520764483443,0.03194264958601453,48.883691308691425,0.34545454545454546,0.003910241114965524,0.09534275281278452,0.2496425410226731,0.6180124821421374,,,POINT (NaN NaN),GBR
702,702,0.017497812773403325,0.028975581204713684,0.03373348823200378,0.001414992811067764,0.04445328878029344,58.16803751803762,0.3263157894736842,0.003910241114965524,0.09534275281278452,0.2496425410226731,0.6180124821421374,,,POINT (NaN NaN),GBR
703,703,0.01662292213473316,0.028975581204713684,0.03015007739417188,5.937143051487091e-06,0.34859540224977176,54.550357975358125,0.5523809523809524,0.003910241114965524,0.09534275281278452,0.2496425410226731,0.6180124821421374,,,POINT (NaN NaN),GBR
704,704,0.02099737532808399,0.028975581204713684,0.03791279562276938,0.018810403325479508,0.04455273184006323,61.988056388056584,0.25146198830409355,0.003910241114965524,0.09534275281278452,0.2496425410226731,0.6180124821421374,,,POINT (NaN NaN),GBR
705,705,0.008748906386701663,0.028975581204713684,0.028746115699449095,9.497834363457557e-05,0.010880568390065109,47.03369130869142,0.2222222222222222,0.003910241114965524,0.09534275281278452,0.2496425410226731,0.6180124821421374,,,POINT (NaN NaN),GBR
706,706,0.012248468941382328,0.028975581204713684,0.030260923266944573,5.672836067526206e-06,0.23937119152613096,53.80035797535813,0.5606060606060606,0.003910241114965524,0.09534275281278452,0.2496425410226731,0.6180124821421374,,,POINT (NaN NaN),GBR
707,707,0.007874015748031496,0.028975581204713684,0.029536977734242548,3.350987720393621e-06,0.08231135105910188,48.717024642024754,0.5,0.003910241114965524,0.09534275281278452,0.2496425410226731,0.6180124821421374,,,POINT (NaN NaN),GBR
708,708,0.014873140857392827,0.028975581204713684,0.030003539958477245,0.00012119721238460576,0.08290211167814092,53.2170246420248,0.29411764705882354,0.003910241114965524,0.09534275281278452,0.2496425410226731,0.6180124821421374,,,POINT (NaN NaN),GBR
709,709,0.004374453193350831,0.028975581204713684,0.03155747150103347,0.0,0.010787086167895003,46.51820124320134,1.0,0.003910241114965524,0.09534275281278452,0.2496425410226731,0.6180124821421374,,,POINT (NaN NaN),GBR
710,710,0.01399825021872266,0.028975581204713684,0.026840123245463882,6.553900081262845e-06,0.278476447462348,49.59955044955057,0.5606060606060606,0.003910241114965524,0.09534275281278452,0.2496425410226731,0.6180124821421374,,,POINT (NaN NaN),GBR
711,711,0.01662292213473316,0.028975581204713684,0.03373348823200378,0.00040303977627748636,0.06937547983920633,58.3347041847043,0.1871345029239766,0.003910241114965524,0.09534275281278452,0.2496425410226731,0.6180124821421374,,,POINT (NaN NaN),GBR
712,712,0.020122484689413824,0.028975581204713684,0.026986790585603028,0.007232021779004071,0.2780661142101184,50.01621711621725,0.475,0.003910241114965524,0.09534275281278452,0.2496425410226731,0.6180124821421374,,,POINT (NaN NaN),GBR
713,713,0.01662292213473316,0.028975581204713684,0.031060268409844997,0.00033606186572357813,0.17170721538408526,57.63369130869148,0.43137254901960786,0.003910241114965524,0.09534275281278452,0.2496425410226731,0.6180124821421374,,,POINT (NaN NaN),GBR
714,714,0.00962379702537183,0.028975581204713684,0.031583552055993,0.000608798804296972,0.013515076589590341,47.01820124320135,0.6666666666666666,0.003910241114965524,0.09534275281278452,0.2496425410226731,0.6180124821421374,,,POINT (NaN NaN),GBR
715,715,0.008748906386701663,0.028975581204713684,0.027996500437445317,3.68291486318763e-05,0.04097160205640863,44.98369130869143,0.4222222222222222,0.003910241114965524,0.09534275281278452,0.2496425410226731,0.6180124821421374,,,POINT (NaN NaN),GBR
716,716,0.004374453193350831,0.028975581204713684,0.03147948763406222,0.0,0.007528245158252767,45.684867909868004,1.0,0.003910241114965524,0.09534275281278452,0.2496425410226731,0.6180124821421374,,,POINT (NaN NaN),GBR
717,717,0.03062117235345582,0.028975581204713684,0.03477875124764334,0.010715110507640884,0.08502324707356984,66.33470418470431,0.2453781512605042,0.003910241114965524,0.09534275281278452,0.2496425410226731,0.6180124821421374,,,POINT (NaN NaN),GBR
718,718,0.01662292213473316,0.028975581204713684,0.029466483753969895,0.0002349737988130583,0.11714410913096969,52.15035797535813,0.5714285714285714,0.003910241114965524,0.09534275281278452,0.2496425410226731,0.6180124821421374,,,POINT (NaN NaN),GBR
719,719,0.010498687664041995,0.028975581204713684,0.034868702543568914,0.00018994896994271602,0.031284338542526276,54.65789765789779,0.5833333333333334,0.003910241114965524,0.09534275281278452,0.2496425410226731,0.6180124821421374,,,POINT (NaN NaN),GBR
720,720,0.012248468941382328,0.028975581204713684,0.034836917035325,0.0002876476018954276,0.027228856717793848,54.15789765789779,0.5833333333333334,0.003910241114965524,0.09534275281278452,0.2496425410226731,0.6180124821421374,,,POINT (NaN NaN),GBR
721,721,0.017497812773403325,0.028975581204713684,0.02905048633626679,7.964362585389395e-05,0.1204393524643538,49.50035797535813,0.45714285714285713,0.003910241114965524,0.09534275281278452,0.2496425410226731,0.6180124821421374,,,POINT (NaN NaN),GBR
722,722,0.01924759405074366,0.028975581204713684,0.029536977734242548,0.000393040363617484,0.07973695995754192,53.56702464202481,0.4789473684210526,0.003910241114965524,0.09534275281278452,0.2496425410226731,0.6180124821421374,,,POINT (NaN NaN),GBR
723,723,0.014873140857392827,0.028975581204713684,0.026927931718458857,0.0001801843592338527,0.005496725469939839,47.30295815295823,0.4338235294117647,0.003910241114965524,0.09534275281278452,0.2496425410226731,0.6180124821421374,,,POINT (NaN NaN),GBR
724,724,0.011373578302712161,0.028975581204713684,0.02253003046152078,8.522883593007566e-06,0.005937928803326266,31.838836163836174,0.5897435897435898,0.003910241114965524,0.09534275281278452,0.2496425410226731,0.6180124821421374,,,POINT (NaN NaN),GBR
725,725,0.011373578302712161,0.028975581204713684,0.026810980874947633,3.411677863753339e-05,0.06383439071179961,44.309881784881895,0.5333333333333333,0.003910241114965524,0.09534275281278452,0.2496425410226731,0.6180124821421374,,,POINT (NaN NaN),GBR
726,726,0.020122484689413824,0.028975581204713684,0.0336415713703362,0.002532474115404838,0.07148829777253426,60.40137085137096,0.2727272727272727,0.003910241114965524,0.09534275281278452,0.2496425410226731,0.6180124821421374,,,POINT (NaN NaN),GBR
727,727,0.008748906386701663,0.028975581204713684,0.027776055552111104,3.7600591619586352e-06,0.0952203749372132,45.70988178488191,0.8928571428571429,0.003910241114965524,0.09534275281278452,0.2496425410226731,0.6180124821421374,,,POINT (NaN NaN),GBR
728,728,0.01399825021872266,0.028975581204713684,0.026551519769706204,0.00012826436285763064,0.04580240508994059,40.80988178488187,0.5909090909090909,0.003910241114965524,0.09534275281278452,0.2496425410226731,0.6180124821421374,,,POINT (NaN NaN),GBR
729,729,0.004374453193350831,0.028975581204713684,0.0283705647905123,0.00019482021840089604,0.00977979313865814,40.029326229326315,0.6,0.003910241114965524,0.09534275281278452,0.2496425410226731,0.6180124821421374,,,POINT (NaN NaN),GBR
730,730,0.00699912510936133,0.028975581204713684,0.0283705647905123,0.0003566635173031534,0.00977979313865814,40.029326229326315,0.32142857142857145,0.003910241114965524,0.09534275281278452,0.2496425410226731,0.6180124821421374,,,POINT (NaN NaN),GBR
731,731,0.013123359580052493,0.028975581204713684,0.026213283849073003,0.039381711633527744,0.0036693471663576337,42.847402597402656,0.3047619047619048,0.003910241114965524,0.09534275281278452,0.2496425410226731,0.6180124821421374,,,POINT (NaN NaN),GBR
732,732,0.006124234470691164,0.028975581204713684,0.028865191673892846,0.0004421221575675664,0.011425222168735504,41.02932622932632,0.6190476190476191,0.003910241114965524,0.09534275281278452,0.2496425410226731,0.6180124821421374,,,POINT (NaN NaN),GBR
733,733,0.02099737532808399,0.028975581204713684,0.03257640288367648,0.0003918581071561338,0.07070230028521085,57.85137085137096,0.4057971014492754,0.003910241114965524,0.09534275281278452,0.2496425410226731,0.6180124821421374,,,POINT (NaN NaN),GBR
734,734,0.015748031496062992,0.028975581204713684,0.026381317719900398,0.00029929797372132955,0.0047992801185372655,45.48232323232331,0.3464052287581699,0.003910241114965524,0.09534275281278452,0.2496425410226731,0.6180124821421374,,,POINT (NaN NaN),GBR
735,735,0.03499562554680665,0.028975581204713684,0.02971469721519467,0.004572459844261375,0.15687215344905456,57.250357975358156,0.3911290322580645,0.003910241114965524,0.09534275281278452,0.2496425410226731,0.6180124821421374,,,POINT (NaN NaN),GBR
736,736,0.004374453193350831,0.028975581204713684,0.021250355753723554,0.001601856998932973,0.0007280047808735001,32.333005883005875,0.3,0.003910241114965524,0.09534275281278452,0.2496425410226731,0.6180124821421374,,,POINT (NaN NaN),GBR
737,737,0.0026246719160104987,0.028975581204713684,0.0,0.0,4.098716271507244e-127,0.0,0.3333333333333333,0.003910241114965524,0.09534275281278452,0.2496425410226731,0.6180124821421374,,,POINT (NaN NaN),GBR
738,738,0.010498687664041995,0.028975581204713684,0.02640953303296981,3.7189847243513475e-06,0.004638018762731173,45.01406926406934,0.696969696969697,0.003910241114965524,0.09534275281278452,0.2496425410226731,0.6180124821421374,,,POINT (NaN NaN),GBR
739,739,0.027121609798775155,0.028975581204713684,0.030674426566244434,0.0008107920288827832,0.02129786338856636,51.94422799422809,0.46153846153846156,0.003910241114965524,0.09534275281278452,0.2496425410226731,0.6180124821421374,,,POINT (NaN NaN),GBR
740,740,0.0008748906386701663,0.028975581204713684,0.024488966214075175,0.0,0.0012677955686305829,32.864774114774136,0.0,0.003910241114965524,0.09534275281278452,0.2496425410226731,0.6180124821421374,,,POINT (NaN NaN),GBR
741,741,0.0,0.028975581204713684,0.0,0.0,4.098716271507244e-127,0.0,0.0,0.003910241114965524,0.09534275281278452,0.2496425410226731,0.6180124821421374,,,POINT (NaN NaN),GBR
742,742,0.023622047244094488,0.028975581204713684,0.032662583843686206,0.0008691271844714179,0.06708215585320194,58.85137085137096,0.4188034188034188,0.003910241114965524,0.09534275281278452,0.2496425410226731,0.6180124821421374,,,POINT (NaN NaN),GBR
743,743,0.031496062992125984,0.028975581204713684,0.031861823723647445,0.007876323834242582,0.15060851720152874,55.151370851370984,0.34656084656084657,0.003910241114965524,0.09534275281278452,0.2496425410226731,0.6180124821421374,,,POINT (NaN NaN),GBR
744,744,0.006124234470691164,0.028975581204713684,0.02864295604257283,3.37085710170642e-06,0.012693017737366086,41.02932622932632,0.4,0.003910241114965524,0.09534275281278452,0.2496425410226731,0.6180124821421374,,,POINT (NaN NaN),GBR
745,745,0.014873140857392827,0.028975581204713684,0.027254871286784516,0.00011176505465807388,0.006034634750029573,44.82081529581536,0.6617647058823529,0.003910241114965524,0.09534275281278452,0.2496425410226731,0.6180124821421374,,,POINT (NaN NaN),GBR
746,746,0.022747156605424323,0.028975581204713684,0.02831756122227841,0.0037407138423261235,0.03626264017365362,48.400357975358126,0.6190476190476191,0.003910241114965524,0.09534275281278452,0.2496425410226731,0.6180124821421374,,,POINT (NaN NaN),GBR
747,747,0.01399825021872266,0.028975581204713684,0.024400112041330805,9.311857225316368e-06,0.002962026775849343,36.83646908646916,0.725,0.003910241114965524,0.09534275281278452,0.2496425410226731,0.6180124821421374,,,POINT (NaN NaN),GBR
748,748,0.014873140857392827,0.028975581204713684,0.03346035171727731,0.01384037675425871,0.07543808344900874,51.088672438672546,0.3076923076923077,0.003910241114965524,0.09534275281278452,0.2496425410226731,0.6180124821421374,,,POINT (NaN NaN),GBR
749,749,0.017497812773403325,0.028975581204713684,0.02828512415329527,0.0003348806889726387,0.035076367048150925,47.90035797535812,0.6833333333333333,0.003910241114965524,0.09534275281278452,0.2496425410226731,0.6180124821421374,,,POINT (NaN NaN),GBR
750,750,0.01399825021872266,0.028975581204713684,0.0336576913581511,0.001602275125881088,0.13438236125315897,57.11684704184719,0.425,0.003910241114965524,0.09534275281278452,0.2496425410226731,0.6180124821421374,,,POINT (NaN NaN),GBR
751,751,0.006124234470691164,0.028975581204713684,0.03359952346382234,3.372681158579637e-06,0.04008156632694776,49.7053391053392,0.7,0.003910241114965524,0.09534275281278452,0.2496425410226731,0.6180124821421374,,,POINT (NaN NaN),GBR
752,752,0.014873140857392827,0.028975581204713684,0.02701631661469012,2.6884282407161294e-05,0.009971299334340163,44.326548451548575,0.6176470588235294,0.003910241114965524,0.09534275281278452,0.2496425410226731,0.6180124821421374,,,POINT (NaN NaN),GBR
753,753,0.01662292213473316,0.028975581204713684,0.027315169674587136,0.0002899175675143106,0.00577330127120238,44.28748196248203,0.5321637426900585,0.003910241114965524,0.09534275281278452,0.2496425410226731,0.6180124821421374,,,POINT (NaN NaN),GBR
754,754,0.015748031496062992,0.028975581204713684,0.026269056793432735,0.00034924284642895626,0.0029898491760506885,39.20414862914868,0.5424836601307189,0.003910241114965524,0.09534275281278452,0.2496425410226731,0.6180124821421374,,,POINT (NaN NaN),GBR
755,755,0.006124234470691164,0.028975581204713684,0.034192506829688864,0.0,0.04784803420945097,51.00533910533921,0.7,0.003910241114965524,0.09534275281278452,0.2496425410226731,0.6180124821421374,,,POINT (NaN NaN),GBR
756,756,0.01399825021872266,0.028975581204713684,0.03716048573595364,0.008593350864906273,0.05863994309257678,58.104076479076575,0.3333333333333333,0.003910241114965524,0.09534275281278452,0.2496425410226731,0.6180124821421374,,,POINT (NaN NaN),GBR
757,757,0.01399825021872266,0.028975581204713684,0.0271649212165311,2.0432117187780252e-05,0.017283893272205048,45.743215118215254,0.6666666666666666,0.003910241114965524,0.09534275281278452,0.2496425410226731,0.6180124821421374,,,POINT (NaN NaN),GBR
758,758,0.015748031496062992,0.028975581204713684,0.026986790585603028,5.7970571235993785e-05,0.01064153521041873,43.826548451548575,0.5555555555555556,0.003910241114965524,0.09534275281278452,0.2496425410226731,0.6180124821421374,,,POINT (NaN NaN),GBR
759,759,0.01662292213473316,0.028975581204713684,0.027315169674587136,0.00028117989981023744,0.006028333533990895,44.28748196248203,0.4853801169590643,0.003910241114965524,0.09534275281278452,0.2496425410226731,0.6180124821421374,,,POINT (NaN NaN),GBR
760,760,0.022747156605424323,0.028975581204713684,0.026269056793432735,0.00022691096191716507,0.0034359820002035223,39.20414862914868,0.5036231884057971,0.003910241114965524,0.09534275281278452,0.2496425410226731,0.6180124821421374,,,POINT (NaN NaN),GBR
761,761,0.021872265966754158,0.028975581204713684,0.027075562923055668,0.003104889866801614,0.014196821834714931,44.99321511821525,0.4789473684210526,0.003910241114965524,0.09534275281278452,0.2496425410226731,0.6180124821421374,,,POINT (NaN NaN),GBR
762,762,0.006124234470691164,0.028975581204713684,0.002799650043744532,5.745779150635942e-06,3.0125970882846325e-85,3.5,0.4,0.003910241114965524,0.09534275281278452,0.2496425410226731,0.6180124821421374,,,POINT (NaN NaN),GBR
763,763,0.005249343832020997,0.028975581204713684,0.02809584981454783,5.582662846381044e-06,0.00010745243159843822,41.69455266955272,0.6,0.003910241114965524,0.09534275281278452,0.2496425410226731,0.6180124821421374,,,POINT (NaN NaN),GBR
764,764,0.004374453193350831,0.028975581204713684,0.0017497812773403325,6.511883037387402e-06,2.231553398729358e-87,2.0,0.4,0.003910241114965524,0.09534275281278452,0.2496425410226731,0.6180124821421374,,,POINT (NaN NaN),GBR
765,765,0.021872265966754158,0.028975581204713684,0.029016349454555546,0.0006896083677649365,0.009136461964500131,47.65494227994236,0.5064935064935064,0.003910241114965524,0.09534275281278452,0.2496425410226731,0.6180124821421374,,,POINT (NaN NaN),GBR
766,766,0.01662292213473316,0.028975581204713684,0.027315169674587136,5.997659266297461e-06,0.02551126808516877,47.49321511821526,0.7720588235294118,0.003910241114965524,0.09534275281278452,0.2496425410226731,0.6180124821421374,,,POINT (NaN NaN),GBR
767,767,0.004374453193350831,0.028975581204713684,0.0017497812773403325,9.959350527768967e-06,2.231553398729358e-87,2.0,0.4,0.003910241114965524,0.09534275281278452,0.2496425410226731,0.6180124821421374,,,POINT (NaN NaN),GBR
768,768,0.01399825021872266,0.028975581204713684,0.02672393223574326,0.00014803923806213065,0.004212566838869954,39.47160894660899,0.6285714285714286,0.003910241114965524,0.09534275281278452,0.2496425410226731,0.6180124821421374,,,POINT (NaN NaN),GBR
769,769,0.007874015748031496,0.028975581204713684,0.026269056793432735,5.343346066987797e-05,0.0031081284305092354,37.12160894660898,0.75,0.003910241114965524,0.09534275281278452,0.2496425410226731,0.6180124821421374,,,POINT (NaN NaN),GBR
770,770,0.006124234470691164,0.028975581204713684,0.033003687039120114,0.0,0.008860540856036589,49.726767676767786,0.6,0.003910241114965524,0.09534275281278452,0.2496425410226731,0.6180124821421374,,,POINT (NaN NaN),GBR
771,771,0.020122484689413824,0.028975581204713684,0.024521264534088157,0.0022029555380387116,0.004011818445538726,42.39188311688318,0.3438735177865613,0.003910241114965524,0.09534275281278452,0.2496425410226731,0.6180124821421374,,,POINT (NaN NaN),GBR
772,772,0.03062117235345582,0.028975581204713684,0.029361371445691762,0.014345607201119518,0.006569632717381536,46.57590187590196,0.2953846153846154,0.003910241114965524,0.09534275281278452,0.2496425410226731,0.6180124821421374,,,POINT (NaN NaN),GBR
773,773,0.011373578302712161,0.028975581204713684,0.0,0.0,2.231553398729358e-87,0.0,0.32727272727272727,0.003910241114965524,0.09534275281278452,0.2496425410226731,0.6180124821421374,,,POINT (NaN NaN),GBR
774,774,0.02799650043744532,0.028975581204713684,0.02932650045822657,0.013322957100323638,0.0060596227660497295,46.07590187590196,0.3079710144927536,0.003910241114965524,0.09534275281278452,0.2496425410226731,0.6180124821421374,,,POINT (NaN NaN),GBR
775,775,0.013123359580052493,0.028975581204713684,0.030335274429762617,0.0023757994435993105,0.009757764479242741,45.66598124098132,0.4696969696969697,0.003910241114965524,0.09534275281278452,0.2496425410226731,0.6180124821421374,,,POINT (NaN NaN),GBR
776,776,0.03674540682414698,0.028975581204713684,0.02815611560527568,0.012724260000864056,0.007913156790519193,48.64693362193373,0.2923387096774194,0.003910241114965524,0.09534275281278452,0.2496425410226731,0.6180124821421374,,,POINT (NaN NaN),GBR
777,777,0.011373578302712161,0.028975581204713684,0.020240092939202273,7.786099719314918e-05,0.0012404809285347243,34.38219835719839,0.7272727272727273,0.003910241114965524,0.09534275281278452,0.2496425410226731,0.6180124821421374,,,POINT (NaN NaN),GBR
778,778,0.01662292213473316,0.028975581204713684,0.020240092939202273,0.0012247301820719288,0.001588748114733416,34.715531690531726,0.5029239766081871,0.003910241114965524,0.09534275281278452,0.2496425410226731,0.6180124821421374,,,POINT (NaN NaN),GBR
779,779,0.012248468941382328,0.028975581204713684,0.03022388419317842,0.005106879760313258,0.005401020895503799,45.86002886002895,0.41818181818181815,0.003910241114965524,0.09534275281278452,0.2496425410226731,0.6180124821421374,,,POINT (NaN NaN),GBR
780,780,0.0008748906386701663,0.028975581204713684,0.0011665208515602215,0.0,3.598263014756215e-123,1.5,0.0,0.003910241114965524,0.09534275281278452,0.2496425410226731,0.6180124821421374,,,POINT (NaN NaN),GBR
781,781,0.03237095363079615,0.028975581204713684,0.020475052558728668,0.008973403268095788,0.002090848953641246,38.71553169053177,0.29838709677419356,0.003910241114965524,0.09534275281278452,0.2496425410226731,0.6180124821421374,,,POINT (NaN NaN),GBR
782,782,0.011373578302712161,0.028975581204713684,0.025509208043209476,4.048988448724873e-06,0.00479285335458108,40.32518037518042,0.7333333333333333,0.003910241114965524,0.09534275281278452,0.2496425410226731,0.6180124821421374,,,POINT (NaN NaN),GBR
783,783,0.005249343832020997,0.028975581204713684,0.024146446525988532,5.6180951695107e-06,2.397152219932268e-05,35.3291847041847,0.5333333333333333,0.003910241114965524,0.09534275281278452,0.2496425410226731,0.6180124821421374,,,POINT (NaN NaN),GBR
784,784,0.0017497812773403325,0.028975581204713684,0.0,0.0,4.098716271507244e-127,0.0,0.0,0.003910241114965524,0.09534275281278452,0.2496425410226731,0.6180124821421374,,,POINT (NaN NaN),GBR
785,785,0.005249343832020997,0.028975581204713684,0.025891973084202796,0.0035089287131097706,9.23266942097913e-05,36.91010101010102,0.4666666666666667,0.003910241114965524,0.09534275281278452,0.2496425410226731,0.6180124821421374,,,POINT (NaN NaN),GBR
786,786,0.0,0.028975581204713684,0.0,0.0,4.098716271507244e-127,0.0,0.0,0.003910241114965524,0.09534275281278452,0.2496425410226731,0.6180124821421374,,,POINT (NaN NaN),GBR
787,787,0.02537182852143482,0.028975581204713684,0.026241140686319633,0.004700159291135395,0.006135839151629135,45.99184704184712,0.38961038961038963,0.003910241114965524,0.09534275281278452,0.2496425410226731,0.6180124821421374,,,POINT (NaN NaN),GBR
788,788,0.013123359580052493,0.028975581204713684,0.020206966764179025,3.715295150771996e-05,0.0014385114091643686,34.04886502386504,0.6153846153846154,0.003910241114965524,0.09534275281278452,0.2496425410226731,0.6180124821421374,,,POINT (NaN NaN),GBR
789,789,0.013123359580052493,0.028975581204713684,0.020323385502738083,6.915005170346524e-05,0.0006523375444768778,36.215531690531755,0.4095238095238095,0.003910241114965524,0.09534275281278452,0.2496425410226731,0.6180124821421374,,,POINT (NaN NaN),GBR
790,790,0.012248468941382328,0.028975581204713684,0.0301682513742386,0.0012126941609166104,0.004221601142714436,46.633838383838444,0.3333333333333333,0.003910241114965524,0.09534275281278452,0.2496425410226731,0.6180124821421374,,,POINT (NaN NaN),GBR
791,791,0.003499562554680665,0.028975581204713684,0.0,0.0,2.231553398729358e-87,0.0,1.0,0.003910241114965524,0.09534275281278452,0.2496425410226731,0.6180124821421374,,,POINT (NaN NaN),GBR
792,792,0.0017497812773403325,0.028975581204713684,0.0008748906386701663,7.66103886751459e-07,5.451292641104643e-125,1.0,0.0,0.003910241114965524,0.09534275281278452,0.2496425410226731,0.6180124821421374,,,POINT (NaN NaN),GBR
793,793,0.014873140857392827,0.028975581204713684,0.020306672192291753,6.222208621153879e-05,0.001523314910932954,35.71553169053175,0.7051282051282052,0.003910241114965524,0.09534275281278452,0.2496425410226731,0.6180124821421374,,,POINT (NaN NaN),GBR
794,794,0.028871391076115485,0.028975581204713684,0.022842658081245856,0.00043932668718489376,0.002386243605294818,38.49087024087034,0.4166666666666667,0.003910241114965524,0.09534275281278452,0.2496425410226731,0.6180124821421374,,,POINT (NaN NaN),GBR
795,795,0.010498687664041995,0.028975581204713684,0.025535587782654367,0.00016592264685958105,0.0047340968672883186,40.82518037518043,0.6071428571428571,0.003910241114965524,0.09534275281278452,0.2496425410226731,0.6180124821421374,,,POINT (NaN NaN),GBR
796,796,0.008748906386701663,0.028975581204713684,0.02582223258922098,0.0001455597384827772,2.3983033563604313e-05,40.70252525252531,0.3111111111111111,0.003910241114965524,0.09534275281278452,0.2496425410226731,0.6180124821421374,,,POINT (NaN NaN),GBR
797,797,0.02799650043744532,0.028975581204713684,0.020306672192291753,0.001979086056760157,0.0033368554811442235,36.04886502386508,0.48616600790513836,0.003910241114965524,0.09534275281278452,0.2496425410226731,0.6180124821421374,,,POINT (NaN NaN),GBR
798,798,0.006124234470691164,0.028975581204713684,0.02483705601056896,2.465466645979641e-05,1.062412159807308e-05,36.70252525252526,0.5714285714285714,0.003910241114965524,0.09534275281278452,0.2496425410226731,0.6180124821421374,,,POINT (NaN NaN),GBR
799,799,0.003499562554680665,0.028975581204713684,0.00333487725798981,0.0,2.8733864891653827e-56,5.461904761904763,1.0,0.003910241114965524,0.09534275281278452,0.2496425410226731,0.6180124821421374,,,POINT (NaN NaN),GBR
800,800,0.012248468941382328,0.028975581204713684,0.02710528362878899,1.850233717558613e-05,0.004535491573371281,41.14693362193367,0.8095238095238095,0.003910241114965524,0.09534275281278452,0.2496425410226731,0.6180124821421374,,,POINT (NaN NaN),GBR
801,801,0.0026246719160104987,0.028975581204713684,0.022631112083211818,0.0,3.11198817480272e-06,32.701875901875894,1.0,0.003910241114965524,0.09534275281278452,0.2496425410226731,0.6180124821421374,,,POINT (NaN NaN),GBR
802,802,0.012248468941382328,0.028975581204713684,0.028112255198869375,0.0026652528596924534,0.000629742567529207,41.54613997114004,0.3181818181818182,0.003910241114965524,0.09534275281278452,0.2496425410226731,0.6180124821421374,,,POINT (NaN NaN),GBR
803,803,0.012248468941382328,0.028975581204713684,0.027497676376199078,0.0005617199866159976,0.005420883514190882,44.696933621933695,0.5777777777777777,0.003910241114965524,0.09534275281278452,0.2496425410226731,0.6180124821421374,,,POINT (NaN NaN),GBR
804,804,0.02099737532808399,0.028975581204713684,0.02250949260330608,0.00038208563557991335,0.0017284883457052477,35.740870240870294,0.48947368421052634,0.003910241114965524,0.09534275281278452,0.2496425410226731,0.6180124821421374,,,POINT (NaN NaN),GBR
805,805,0.008748906386701663,0.028975581204713684,0.02722482181458299,0.00028537789534596085,0.003924294760704317,42.146933621933684,0.5833333333333334,0.003910241114965524,0.09534275281278452,0.2496425410226731,0.6180124821421374,,,POINT (NaN NaN),GBR
806,806,0.0008748906386701663,0.028975581204713684,0.0,0.0,4.098716271507244e-127,0.0,0.0,0.003910241114965524,0.09534275281278452,0.2496425410226731,0.6180124821421374,,,POINT (NaN NaN),GBR
807,807,0.012248468941382328,0.028975581204713684,0.026830763538070287,0.0032737589664427313,8.176024108400775e-05,40.94455266955272,0.2967032967032967,0.003910241114965524,0.09534275281278452,0.2496425410226731,0.6180124821421374,,,POINT (NaN NaN),GBR
808,808,0.00699912510936133,0.028975581204713684,0.005039370078740157,3.1084955033813306e-05,2.285110680298863e-84,6.499999999999999,0.32142857142857145,0.003910241114965524,0.09534275281278452,0.2496425410226731,0.6180124821421374,,,POINT (NaN NaN),GBR
809,809,0.011373578302712161,0.028975581204713684,0.02250949260330608,1.8404274325040597e-05,0.0019867441358848944,35.740870240870294,0.5111111111111111,0.003910241114965524,0.09534275281278452,0.2496425410226731,0.6180124821421374,,,POINT (NaN NaN),GBR
810,810,0.01662292213473316,0.028975581204713684,0.02040736643456758,1.498814750026627e-05,0.0039043895238525155,38.048865023865105,0.7564102564102564,0.003910241114965524,0.09534275281278452,0.2496425410226731,0.6180124821421374,,,POINT (NaN NaN),GBR
811,811,0.014873140857392827,0.028975581204713684,0.020441153465088385,1.2246398535837935e-05,0.0039043895238525155,38.0488650238651,0.8181818181818182,0.003910241114965524,0.09534275281278452,0.2496425410226731,0.6180124821421374,,,POINT (NaN NaN),GBR
812,812,0.004374453193350831,0.028975581204713684,0.01530184226686113,1.0867708927169507e-05,2.5685501119560165e-08,22.499084085848782,0.6,0.003910241114965524,0.09534275281278452,0.2496425410226731,0.6180124821421374,,,POINT (NaN NaN),GBR
813,813,0.0008748906386701663,0.028975581204713684,0.003010040411615215,0.0,1.2151395238538027e-56,4.461904761904761,0.0,0.003910241114965524,0.09534275281278452,0.2496425410226731,0.6180124821421374,,,POINT (NaN NaN),GBR
814,814,0.0008748906386701663,0.028975581204713684,0.0,0.0,4.098716271507244e-127,0.0,0.0,0.003910241114965524,0.09534275281278452,0.2496425410226731,0.6180124821421374,,,POINT (NaN NaN),GBR
815,815,0.004374453193350831,0.028975581204713684,0.0008748906386701663,0.0,4.463106797458722e-87,1.0,1.0,0.003910241114965524,0.09534275281278452,0.2496425410226731,0.6180124821421374,,,POINT (NaN NaN),GBR
816,816,0.01399825021872266,0.028975581204713684,0.02918784088159193,0.025527746098306058,0.0050296699187865265,45.762698412698455,0.45454545454545453,0.003910241114965524,0.09534275281278452,0.2496425410226731,0.6180124821421374,,,POINT (NaN NaN),GBR
817,817,0.01837270341207349,0.028975581204713684,0.023229457559573632,0.0002192326429790619,0.0061415812207665475,44.15753690753699,0.7142857142857143,0.003910241114965524,0.09534275281278452,0.2496425410226731,0.6180124821421374,,,POINT (NaN NaN),GBR
818,818,0.013123359580052493,0.028975581204713684,0.02034012634746851,5.978760960351484e-06,0.004487810771045934,37.0488650238651,0.9272727272727272,0.003910241114965524,0.09534275281278452,0.2496425410226731,0.6180124821421374,,,POINT (NaN NaN),GBR
819,819,0.0026246719160104987,0.028975581204713684,0.015023374603427096,0.0,3.4903703445298535e-08,21.70020241196711,1.0,0.003910241114965524,0.09534275281278452,0.2496425410226731,0.6180124821421374,,,POINT (NaN NaN),GBR
820,820,0.00699912510936133,0.028975581204713684,0.01680722650785403,0.00044683458631958616,1.9755859909559707e-07,26.973227181315405,0.32142857142857145,0.003910241114965524,0.09534275281278452,0.2496425410226731,0.6180124821421374,,,POINT (NaN NaN),GBR
821,821,0.0008748906386701663,0.028975581204713684,0.0,0.0,4.098716271507244e-127,0.0,0.0,0.003910241114965524,0.09534275281278452,0.2496425410226731,0.6180124821421374,,,POINT (NaN NaN),GBR
822,822,0.00962379702537183,0.028975581204713684,0.025196850393700787,0.004465071719338414,0.0009115788274560374,38.937445887445946,0.38181818181818183,0.003910241114965524,0.09534275281278452,0.2496425410226731,0.6180124821421374,,,POINT (NaN NaN),GBR
823,823,0.01662292213473316,0.028975581204713684,0.022863808690580346,0.0018495198349538797,0.004365774858704315,39.90753690753701,0.6666666666666666,0.003910241114965524,0.09534275281278452,0.2496425410226731,0.6180124821421374,,,POINT (NaN NaN),GBR
824,824,0.0026246719160104987,0.028975581204713684,0.0,0.0,4.098716271507244e-127,0.0,1.0,0.003910241114965524,0.09534275281278452,0.2496425410226731,0.6180124821421374,,,POINT (NaN NaN),GBR
825,825,0.007874015748031496,0.028975581204713684,0.027045907322920885,0.00016976392326437283,0.0017709323110355643,42.24606782106786,0.4166666666666667,0.003910241114965524,0.09534275281278452,0.2496425410226731,0.6180124821421374,,,POINT (NaN NaN),GBR
826,826,0.007874015748031496,0.028975581204713684,0.01532340242986487,0.00027284675636096684,2.356267059210784e-08,26.471347748398824,0.5,0.003910241114965524,0.09534275281278452,0.2496425410226731,0.6180124821421374,,,POINT (NaN NaN),GBR
827,827,0.003499562554680665,0.028975581204713684,0.014928507368733983,1.581199712631774e-05,2.311795517550046e-08,21.4233265100912,0.16666666666666666,0.003910241114965524,0.09534275281278452,0.2496425410226731,0.6180124821421374,,,POINT (NaN NaN),GBR
828,828,0.0017497812773403325,0.028975581204713684,0.003010040411615215,0.0,1.2151395238538027e-56,4.461904761904761,1.0,0.003910241114965524,0.09534275281278452,0.2496425410226731,0.6180124821421374,,,POINT (NaN NaN),GBR
829,829,0.00962379702537183,0.028975581204713684,0.026957329023828355,2.9612500766547417e-05,0.0022904216667636377,41.82940115440118,0.4722222222222222,0.003910241114965524,0.09534275281278452,0.2496425410226731,0.6180124821421374,,,POINT (NaN NaN),GBR
830,830,0.007874015748031496,0.028975581204713684,0.026840123245463882,0.0006126805602689202,0.0015311406665535407,40.162734487734504,0.47619047619047616,0.003910241114965524,0.09534275281278452,0.2496425410226731,0.6180124821421374,,,POINT (NaN NaN),GBR
831,831,0.01924759405074366,0.028975581204713684,0.023077489145632495,0.000511523890444128,0.006586842841338793,42.99087024087036,0.5424836601307189,0.003910241114965524,0.09534275281278452,0.2496425410226731,0.6180124821421374,,,POINT (NaN NaN),GBR
832,832,0.007874015748031496,0.028975581204713684,0.01999426185087188,0.000574898228523075,0.0006523375444768778,31.13219835719836,0.4,0.003910241114965524,0.09534275281278452,0.2496425410226731,0.6180124821421374,,,POINT (NaN NaN),GBR
833,833,0.00962379702537183,0.028975581204713684,0.01751973851679298,9.142269868510927e-05,5.060502725713357e-08,32.82112593289063,0.2545454545454545,0.003910241114965524,0.09534275281278452,0.2496425410226731,0.6180124821421374,,,POINT (NaN NaN),GBR
834,834,0.00962379702537183,0.028975581204713684,0.016515367832821294,0.0017639437909338662,2.6846243376984235e-07,25.46676974985797,0.3888888888888889,0.003910241114965524,0.09534275281278452,0.2496425410226731,0.6180124821421374,,,POINT (NaN NaN),GBR
835,835,0.005249343832020997,0.028975581204713684,0.003342865723874068,3.6772986564070034e-05,2.9960130527303694e-56,4.783333333333334,0.16666666666666666,0.003910241114965524,0.09534275281278452,0.2496425410226731,0.6180124821421374,,,POINT (NaN NaN),GBR
836,836,0.00962379702537183,0.028975581204713684,0.01637113513878444,0.0004141080127843784,1.778108168462454e-07,25.073227181315403,0.35714285714285715,0.003910241114965524,0.09534275281278452,0.2496425410226731,0.6180124821421374,,,POINT (NaN NaN),GBR
837,837,0.006124234470691164,0.028975581204713684,0.024161363391219933,0.0005117011973470742,0.00020572925499803116,34.864393939393956,0.42857142857142855,0.003910241114965524,0.09534275281278452,0.2496425410226731,0.6180124821421374,,,POINT (NaN NaN),GBR
838,838,0.006124234470691164,0.028975581204713684,0.014945549043812446,7.017602746439163e-05,4.625885117260624e-08,22.089993176757872,0.6190476190476191,0.003910241114965524,0.09534275281278452,0.2496425410226731,0.6180124821421374,,,POINT (NaN NaN),GBR
839,839,0.00699912510936133,0.028975581204713684,0.0184275473028558,0.0015622023932333761,5.945833469979371e-06,25.523279498279493,0.42857142857142855,0.003910241114965524,0.09534275281278452,0.2496425410226731,0.6180124821421374,,,POINT (NaN NaN),GBR
840,840,0.008748906386701663,0.028975581204713684,0.015941536719674746,0.000283182253602577,4.367488627723718e-08,26.2911115028762,0.6428571428571429,0.003910241114965524,0.09534275281278452,0.2496425410226731,0.6180124821421374,,,POINT (NaN NaN),GBR
841,841,0.010498687664041995,0.028975581204713684,0.028914418484574673,0.0008519881264713883,0.002790370424586171,46.35360750360757,0.45454545454545453,0.003910241114965524,0.09534275281278452,0.2496425410226731,0.6180124821421374,,,POINT (NaN NaN),GBR
842,842,0.003499562554680665,0.028975581204713684,0.017880458642886874,1.9060323372403088e-05,8.480350176858558e-05,27.156585081585074,0.3333333333333333,0.003910241114965524,0.09534275281278452,0.2496425410226731,0.6180124821421374,,,POINT (NaN NaN),GBR
843,843,0.007874015748031496,0.028975581204713684,0.027406119185157347,0.0008941929571866196,0.0029880863598485195,44.12940115440121,0.5555555555555556,0.003910241114965524,0.09534275281278452,0.2496425410226731,0.6180124821421374,,,POINT (NaN NaN),GBR
844,844,0.00962379702537183,0.028975581204713684,0.0271649212165311,0.000706612474669522,0.0032747934070202385,42.8294011544012,0.6388888888888888,0.003910241114965524,0.09534275281278452,0.2496425410226731,0.6180124821421374,,,POINT (NaN NaN),GBR
845,845,0.00699912510936133,0.028975581204713684,0.020943946892134666,0.026530804739589523,4.573606031193215e-05,30.52250804750803,0.25,0.003910241114965524,0.09534275281278452,0.2496425410226731,0.6180124821421374,,,POINT (NaN NaN),GBR
846,846,0.00962379702537183,0.028975581204713684,0.01638149661672038,0.0009848634501348746,1.7798724403909822e-07,25.573227181315403,0.42857142857142855,0.003910241114965524,0.09534275281278452,0.2496425410226731,0.6180124821421374,,,POINT (NaN NaN),GBR
847,847,0.00699912510936133,0.028975581204713684,0.015608832631925723,7.017602746439163e-05,5.2449740421291344e-08,24.7911115028762,0.6428571428571429,0.003910241114965524,0.09534275281278452,0.2496425410226731,0.6180124821421374,,,POINT (NaN NaN),GBR
848,848,0.005249343832020997,0.028975581204713684,0.017525133701793306,0.0010971428839125935,8.907477877548698e-07,26.528589466089457,0.6666666666666666,0.003910241114965524,0.09534275281278452,0.2496425410226731,0.6180124821421374,,,POINT (NaN NaN),GBR
849,849,0.012248468941382328,0.028975581204713684,0.025535587782654367,0.002381920369361632,0.00281885481788228,43.431060606060655,0.3111111111111111,0.003910241114965524,0.09534275281278452,0.2496425410226731,0.6180124821421374,,,POINT (NaN NaN),GBR
850,850,0.0008748906386701663,0.028975581204713684,0.0017497812773403325,0.0,1.9571471656004646e-64,2.333333333333333,0.0,0.003910241114965524,0.09534275281278452,0.2496425410226731,0.6180124821421374,,,POINT (NaN NaN),GBR
851,851,0.00962379702537183,0.028975581204713684,0.026047376989268747,0.0030089358049621468,0.0015521418744758938,40.93860028860035,0.5333333333333333,0.003910241114965524,0.09534275281278452,0.2496425410226731,0.6180124821421374,,,POINT (NaN NaN),GBR
852,852,0.003499562554680665,0.028975581204713684,0.016023028807077188,7.66103886751459e-07,1.1657247167054513e-07,23.573227181315406,0.6666666666666666,0.003910241114965524,0.09534275281278452,0.2496425410226731,0.6180124821421374,,,POINT (NaN NaN),GBR
853,853,0.007874015748031496,0.028975581204713684,0.024692913385826774,0.0020798900057692844,0.0011521157253233326,37.464393939393965,0.6666666666666666,0.003910241114965524,0.09534275281278452,0.2496425410226731,0.6180124821421374,,,POINT (NaN NaN),GBR
854,854,0.013123359580052493,0.028975581204713684,0.017537580529706515,0.003301016066460452,8.952871068405908e-07,26.62779581529581,0.3076923076923077,0.003910241114965524,0.09534275281278452,0.2496425410226731,0.6180124821421374,,,POINT (NaN NaN),GBR
855,855,0.008748906386701663,0.028975581204713684,0.015398578051306804,0.00043323702709783076,1.4367152871543026e-08,25.950604602655673,0.5555555555555556,0.003910241114965524,0.09534275281278452,0.2496425410226731,0.6180124821421374,,,POINT (NaN NaN),GBR
856,856,0.003499562554680665,0.028975581204713684,0.0038598116411919098,4.596623320508754e-05,4.390870540408925e-56,5.433333333333334,0.0,0.003910241114965524,0.09534275281278452,0.2496425410226731,0.6180124821421374,,,POINT (NaN NaN),GBR
857,857,0.008748906386701663,0.028975581204713684,0.019554786896804177,3.429226921649385e-05,1.3744270930647165e-06,34.92462121212121,0.38095238095238093,0.003910241114965524,0.09534275281278452,0.2496425410226731,0.6180124821421374,,,POINT (NaN NaN),GBR
858,858,0.006124234470691164,0.028975581204713684,0.022185906007032137,0.0058959162554240935,0.0003515465513199166,31.89449161949163,0.5,0.003910241114965524,0.09534275281278452,0.2496425410226731,0.6180124821421374,,,POINT (NaN NaN),GBR
859,859,0.004374453193350831,0.028975581204713684,0.022550605831805272,0.0008496004554150233,0.0004230945649866355,34.738250638250655,0.3333333333333333,0.003910241114965524,0.09534275281278452,0.2496425410226731,0.6180124821421374,,,POINT (NaN NaN),GBR
860,860,0.006124234470691164,0.028975581204713684,0.018269031399976734,7.66103886751459e-07,5.140526364701356e-07,32.06954752763575,0.8333333333333334,0.003910241114965524,0.09534275281278452,0.2496425410226731,0.6180124821421374,,,POINT (NaN NaN),GBR
861,861,0.007874015748031496,0.028975581204713684,0.013514197691216126,0.0001744974696851375,1.3568555454655624e-09,20.423753632848033,0.4444444444444444,0.003910241114965524,0.09534275281278452,0.2496425410226731,0.6180124821421374,,,POINT (NaN NaN),GBR
862,862,0.003499562554680665,0.028975581204713684,0.004666083406240886,0.0,1.5037156683483083e-55,7.116666666666667,0.8333333333333334,0.003910241114965524,0.09534275281278452,0.2496425410226731,0.6180124821421374,,,POINT (NaN NaN),GBR
863,863,0.0017497812773403325,0.028975581204713684,0.0033603754076195025,0.0,2.2737165293721763e-56,5.150000000000001,1.0,0.003910241114965524,0.09534275281278452,0.2496425410226731,0.6180124821421374,,,POINT (NaN NaN),GBR
864,864,0.00699912510936133,0.028975581204713684,0.017219604871566787,0.020057246153554826,2.6852561900716497e-07,27.843032376120593,0.26666666666666666,0.003910241114965524,0.09534275281278452,0.2496425410226731,0.6180124821421374,,,POINT (NaN NaN),GBR
865,865,0.00962379702537183,0.028975581204713684,0.02294880426192079,0.002368816337993168,6.82069930601049e-05,39.093936618936624,0.3333333333333333,0.003910241114965524,0.09534275281278452,0.2496425410226731,0.6180124821421374,,,POINT (NaN NaN),GBR
866,866,0.005249343832020997,0.028975581204713684,0.020059231020167972,0.0,1.0227233125744609e-05,31.58915251415249,1.0,0.003910241114965524,0.09534275281278452,0.2496425410226731,0.6180124821421374,,,POINT (NaN NaN),GBR
867,867,0.003499562554680665,0.028975581204713684,0.004064008128016256,4.596623320508754e-05,1.5866280146567403e-55,5.449999999999999,0.0,0.003910241114965524,0.09534275281278452,0.2496425410226731,0.6180124821421374,,,POINT (NaN NaN),GBR
868,868,0.0026246719160104987,0.028975581204713684,0.003937007874015748,8.427142754266049e-06,5.6060100642627265e-56,5.7,0.6666666666666666,0.003910241114965524,0.09534275281278452,0.2496425410226731,0.6180124821421374,,,POINT (NaN NaN),GBR
869,869,0.004374453193350831,0.028975581204713684,0.004763293477204238,5.362727207260213e-05,6.435133546918518e-56,7.249999999999999,0.2,0.003910241114965524,0.09534275281278452,0.2496425410226731,0.6180124821421374,,,POINT (NaN NaN),GBR
870,870,0.005249343832020997,0.028975581204713684,0.015471750241746096,0.0006904353410016908,3.491265024600976e-08,23.089823901588584,0.6666666666666666,0.003910241114965524,0.09534275281278452,0.2496425410226731,0.6180124821421374,,,POINT (NaN NaN),GBR
871,871,0.00962379702537183,0.028975581204713684,0.014698162729658792,0.004066784948897162,1.0435493716907736e-08,23.6886998407509,0.25,0.003910241114965524,0.09534275281278452,0.2496425410226731,0.6180124821421374,,,POINT (NaN NaN),GBR
872,872,0.0,0.028975581204713684,0.0,0.0,4.098716271507244e-127,0.0,0.0,0.003910241114965524,0.09534275281278452,0.2496425410226731,0.6180124821421374,,,POINT (NaN NaN),GBR
873,873,0.011373578302712161,0.028975581204713684,0.017159773026981774,0.0010129896414208877,2.3361296876115522e-07,27.485889518977732,0.28888888888888886,0.003910241114965524,0.09534275281278452,0.2496425410226731,0.6180124821421374,,,POINT (NaN NaN),GBR
874,874,0.00699912510936133,0.028975581204713684,0.020458088969201964,0.0026810558463738377,1.0227233125744609e-05,33.26534299034297,0.7,0.003910241114965524,0.09534275281278452,0.2496425410226731,0.6180124821421374,,,POINT (NaN NaN),GBR
875,875,0.003499562554680665,0.028975581204713684,0.0008748906386701663,0.0,1.495140777148672e-85,1.0,1.0,0.003910241114965524,0.09534275281278452,0.2496425410226731,0.6180124821421374,,,POINT (NaN NaN),GBR
876,876,0.004374453193350831,0.028975581204713684,0.0,0.0,2.231553398729358e-87,0.0,0.6666666666666666,0.003910241114965524,0.09534275281278452,0.2496425410226731,0.6180124821421374,,,POINT (NaN NaN),GBR
877,877,0.00962379702537183,0.028975581204713684,0.005571671962057374,6.294820269474488e-05,2.3253163739706693e-55,8.083333333333332,0.2777777777777778,0.003910241114965524,0.09534275281278452,0.2496425410226731,0.6180124821421374,,,POINT (NaN NaN),GBR
878,878,0.013123359580052493,0.028975581204713684,0.01939741821353242,0.020082073536099546,1.5632378348843758e-06,35.8079906204906,0.2878787878787879,0.003910241114965524,0.09534275281278452,0.2496425410226731,0.6180124821421374,,,POINT (NaN NaN),GBR
879,879,0.0017497812773403325,0.028975581204713684,0.0017497812773403325,0.0,1.495140777148672e-85,2.0,1.0,0.003910241114965524,0.09534275281278452,0.2496425410226731,0.6180124821421374,,,POINT (NaN NaN),GBR
880,880,0.008748906386701663,0.028975581204713684,0.005041036537099529,2.5792164187299125e-05,1.3822017140057812e-55,7.416666666666666,0.32142857142857145,0.003910241114965524,0.09534275281278452,0.2496425410226731,0.6180124821421374,,,POINT (NaN NaN),GBR
881,881,0.0008748906386701663,0.028975581204713684,0.0,0.0,4.098716271507244e-127,0.0,0.0,0.003910241114965524,0.09534275281278452,0.2496425410226731,0.6180124821421374,,,POINT (NaN NaN),GBR
882,882,0.006124234470691164,0.028975581204713684,0.016076115485564306,0.00352503895656803,3.491265024600976e-08,27.79147225323694,0.0,0.003910241114965524,0.09534275281278452,0.2496425410226731,0.6180124821421374,,,POINT (NaN NaN),GBR
883,883,0.006124234470691164,0.028975581204713684,0.0008748906386701663,1.2257662188023344e-05,3.914294331200929e-64,1.0,0.5,0.003910241114965524,0.09534275281278452,0.2496425410226731,0.6180124821421374,,,POINT (NaN NaN),GBR
884,884,0.005249343832020997,0.028975581204713684,0.005041036537099529,1.9152597168786475e-05,2.9688297208339324e-55,6.666666666666666,0.3333333333333333,0.003910241114965524,0.09534275281278452,0.2496425410226731,0.6180124821421374,,,POINT (NaN NaN),GBR
885,885,0.0017497812773403325,0.028975581204713684,0.0008748906386701663,0.0,5.451292641104643e-125,1.0,1.0,0.003910241114965524,0.09534275281278452,0.2496425410226731,0.6180124821421374,,,POINT (NaN NaN),GBR
886,886,0.005249343832020997,0.028975581204713684,0.0,0.0,2.231553398729358e-87,0.0,0.3333333333333333,0.003910241114965524,0.09534275281278452,0.2496425410226731,0.6180124821421374,,,POINT (NaN NaN),GBR
887,887,0.00699912510936133,0.028975581204713684,0.001968503937007874,5.490411188385456e-06,3.914294331200929e-64,2.5,0.4,0.003910241114965524,0.09534275281278452,0.2496425410226731,0.6180124821421374,,,POINT (NaN NaN),GBR
888,888,0.005249343832020997,0.028975581204713684,0.003414895718680326,2.0684804942289395e-05,2.0257150608690438e-55,4.5,0.6666666666666666,0.003910241114965524,0.09534275281278452,0.2496425410226731,0.6180124821421374,,,POINT (NaN NaN),GBR
889,889,0.0026246719160104987,0.028975581204713684,0.0008748906386701663,0.0,4.463106797458722e-87,1.0,0.0,0.003910241114965524,0.09534275281278452,0.2496425410226731,0.6180124821421374,,,POINT (NaN NaN),GBR
890,890,0.0017497812773403325,0.028975581204713684,0.0008748906386701663,0.0,2.231553398729358e-87,1.0,1.0,0.003910241114965524,0.09534275281278452,0.2496425410226731,0.6180124821421374,,,POINT (NaN NaN),GBR
891,891,0.0008748906386701663,0.028975581204713684,0.0,0.0,4.098716271507244e-127,0.0,0.0,0.003910241114965524,0.09534275281278452,0.2496425410226731,0.6180124821421374,,,POINT (NaN NaN),GBR
892,892,0.004374453193350831,0.028975581204713684,0.0,0.0,2.231553398729358e-87,0.0,1.0,0.003910241114965524,0.09534275281278452,0.2496425410226731,0.6180124821421374,,,POINT (NaN NaN),GBR
893,893,0.0017497812773403325,0.028975581204713684,0.0017497812773403325,0.0,4.463106797458716e-87,2.0,1.0,0.003910241114965524,0.09534275281278452,0.2496425410226731,0.6180124821421374,,,POINT (NaN NaN),GBR
894,894,0.006124234470691164,0.028975581204713684,0.0008748906386701663,5.362727207260213e-06,3.914294331200929e-64,1.0,0.16666666666666666,0.003910241114965524,0.09534275281278452,0.2496425410226731,0.6180124821421374,,,POINT (NaN NaN),GBR
895,895,0.004374453193350831,0.028975581204713684,0.0008748906386701663,6.128831094011672e-06,4.463106797458722e-87,1.0,0.3333333333333333,0.003910241114965524,0.09534275281278452,0.2496425410226731,0.6180124821421374,,,POINT (NaN NaN),GBR
896,896,0.0026246719160104987,0.028975581204713684,0.0,0.0,4.098716271507244e-127,0.0,0.6666666666666666,0.003910241114965524,0.09534275281278452,0.2496425410226731,0.6180124821421374,,,POINT (NaN NaN),GBR
897,897,0.0008748906386701663,0.028975581204713684,0.0008748906386701663,0.0,5.451292641104643e-125,1.0,0.0,0.003910241114965524,0.09534275281278452,0.2496425410226731,0.6180124821421374,,,POINT (NaN NaN),GBR
898,898,0.0017497812773403325,0.028975581204713684,0.0,0.0,4.098716271507244e-127,0.0,1.0,0.003910241114965524,0.09534275281278452,0.2496425410226731,0.6180124821421374,,,POINT (NaN NaN),GBR
899,899,0.005249343832020997,0.028975581204713684,0.0,0.0,4.098716271507244e-127,0.0,0.2,0.003910241114965524,0.09534275281278452,0.2496425410226731,0.6180124821421374,,,POINT (NaN NaN),GBR
900,900,0.0026246719160104987,0.028975581204713684,0.002799650043744532,0.0,6.69466019618808e-87,3.5,0.0,0.003910241114965524,0.09534275281278452,0.2496425410226731,0.6180124821421374,,,POINT (NaN NaN),GBR
901,901,0.0017497812773403325,0.028975581204713684,0.0008748906386701663,3.830519433757295e-07,5.451292641104643e-125,1.0,0.0,0.003910241114965524,0.09534275281278452,0.2496425410226731,0.6180124821421374,,,POINT (NaN NaN),GBR
902,902,0.006124234470691164,0.028975581204713684,0.002799650043744532,4.596623320508754e-06,3.914294331200929e-64,3.5,0.5,0.003910241114965524,0.09534275281278452,0.2496425410226731,0.6180124821421374,,,POINT (NaN NaN),GBR
903,903,0.0008748906386701663,0.028975581204713684,0.0008748906386701663,0.0,2.231553398729358e-87,1.0,0.0,0.003910241114965524,0.09534275281278452,0.2496425410226731,0.6180124821421374,,,POINT (NaN NaN),GBR
904,904,0.0008748906386701663,0.028975581204713684,0.0008748906386701663,0.0,5.451292641104643e-125,1.0,0.0,0.003910241114965524,0.09534275281278452,0.2496425410226731,0.6180124821421374,,,POINT (NaN NaN),GBR
905,905,0.0008748906386701663,0.028975581204713684,0.0008748906386701663,0.0,2.231553398729358e-87,1.0,0.0,0.003910241114965524,0.09534275281278452,0.2496425410226731,0.6180124821421374,,,POINT (NaN NaN),GBR
906,906,0.0026246719160104987,0.028975581204713684,0.002799650043744532,0.0,1.9571471656004646e-64,3.5,0.3333333333333333,0.003910241114965524,0.09534275281278452,0.2496425410226731,0.6180124821421374,,,POINT (NaN NaN),GBR
907,907,0.0008748906386701663,0.028975581204713684,0.0,0.0,4.098716271507244e-127,0.0,0.0,0.003910241114965524,0.09534275281278452,0.2496425410226731,0.6180124821421374,,,POINT (NaN NaN),GBR
908,908,0.004374453193350831,0.028975581204713684,0.0008748906386701663,3.830519433757295e-07,4.463106797458722e-87,1.0,0.3333333333333333,0.003910241114965524,0.09534275281278452,0.2496425410226731,0.6180124821421374,,,POINT (NaN NaN),GBR
909,909,0.003499562554680665,0.028975581204713684,0.0,0.0,4.098716271507244e-127,0.0,0.3333333333333333,0.003910241114965524,0.09534275281278452,0.2496425410226731,0.6180124821421374,,,POINT (NaN NaN),GBR
910,910,0.003499562554680665,0.028975581204713684,0.0,0.0,2.231553398729358e-87,0.0,0.0,0.003910241114965524,0.09534275281278452,0.2496425410226731,0.6180124821421374,,,POINT (NaN NaN),GBR
911,911,0.007874015748031496,0.028975581204713684,0.00635105796960565,1.2640714131399073e-05,2.740005967952517e-63,9.166666666666668,0.25,0.003910241114965524,0.09534275281278452,0.2496425410226731,0.6180124821421374,,,POINT (NaN NaN),GBR
912,912,0.005249343832020997,0.028975581204713684,0.004666083406240886,3.4474674903815655e-06,3.914294331200929e-64,6.333333333333333,0.2,0.003910241114965524,0.09534275281278452,0.2496425410226731,0.6180124821421374,,,POINT (NaN NaN),GBR
913,913,0.003499562554680665,0.028975581204713684,0.0,0.0,2.231553398729358e-87,0.0,0.0,0.003910241114965524,0.09534275281278452,0.2496425410226731,0.6180124821421374,,,POINT (NaN NaN),GBR
914,914,0.0017497812773403325,0.028975581204713684,0.0,0.0,2.231553398729358e-87,0.0,0.0,0.003910241114965524,0.09534275281278452,0.2496425410226731,0.6180124821421374,,,POINT (NaN NaN),GBR
915,915,0.003499562554680665,0.028975581204713684,0.0017497812773403325,0.0,1.517456311135964e-85,2.0,0.0,0.003910241114965524,0.09534275281278452,0.2496425410226731,0.6180124821421374,,,POINT (NaN NaN),GBR
916,916,0.0008748906386701663,0.028975581204713684,0.0,0.0,4.098716271507244e-127,0.0,0.0,0.003910241114965524,0.09534275281278452,0.2496425410226731,0.6180124821421374,,,POINT (NaN NaN),GBR
917,917,0.004374453193350831,0.028975581204713684,0.0011665208515602215,6.767250999637887e-06,2.231553398729358e-87,1.5,0.3,0.003910241114965524,0.09534275281278452,0.2496425410226731,0.6180124821421374,,,POINT (NaN NaN),GBR
918,918,0.00699912510936133,0.028975581204713684,0.006124234470691163,9.576298584393238e-06,5.088582527188034e-63,8.416666666666666,0.4,0.003910241114965524,0.09534275281278452,0.2496425410226731,0.6180124821421374,,,POINT (NaN NaN),GBR
919,919,0.0,0.028975581204713684,0.0,0.0,4.098716271507244e-127,0.0,0.0,0.003910241114965524,0.09534275281278452,0.2496425410226731,0.6180124821421374,,,POINT (NaN NaN),GBR
920,920,0.0,0.028975581204713684,0.0,0.0,4.098716271507244e-127,0.0,0.0,0.003910241114965524,0.09534275281278452,0.2496425410226731,0.6180124821421374,,,POINT (NaN NaN),GBR
921,921,0.0017497812773403325,0.028975581204713684,0.0,0.0,4.098716271507244e-127,0.0,1.0,0.003910241114965524,0.09534275281278452,0.2496425410226731,0.6180124821421374,,,POINT (NaN NaN),GBR
922,922,0.0017497812773403325,0.028975581204713684,0.0,0.0,2.231553398729358e-87,0.0,0.0,0.003910241114965524,0.09534275281278452,0.2496425410226731,0.6180124821421374,,,POINT (NaN NaN),GBR
923,923,0.006124234470691164,0.028975581204713684,0.003645377661125693,1.008703450889421e-05,2.3485765987205513e-63,4.5,0.4,0.003910241114965524,0.09534275281278452,0.2496425410226731,0.6180124821421374,,,POINT (NaN NaN),GBR
924,924,0.005249343832020997,0.028975581204713684,0.005789717461787865,2.6813636036301066e-06,7.828588391767391e-63,7.916666666666665,0.6666666666666666,0.003910241114965524,0.09534275281278452,0.2496425410226731,0.6180124821421374,,,POINT (NaN NaN),GBR
925,925,0.00699912510936133,0.028975581204713684,0.003499562554680665,2.1706276791291337e-06,1.1742882993602759e-63,4.0,0.5,0.003910241114965524,0.09534275281278452,0.2496425410226731,0.6180124821421374,,,POINT (NaN NaN),GBR
926,926,0.003499562554680665,0.028975581204713684,0.0008748906386701663,4.7243073016339965e-06,2.231553398729358e-87,1.0,0.3333333333333333,0.003910241114965524,0.09534275281278452,0.2496425410226731,0.6180124821421374,,,POINT (NaN NaN),GBR
927,927,0.005249343832020997,0.028975581204713684,0.002333041703120443,0.0,1.1742882993602759e-63,3.0,1.0,0.003910241114965524,0.09534275281278452,0.2496425410226731,0.6180124821421374,,,POINT (NaN NaN),GBR
928,928,0.0017497812773403325,0.028975581204713684,0.0,0.0,2.231553398729358e-87,0.0,0.0,0.003910241114965524,0.09534275281278452,0.2496425410226731,0.6180124821421374,,,POINT (NaN NaN),GBR
929,929,0.0026246719160104987,0.028975581204713684,0.00602008082323043,0.0,5.480011856934967e-63,8.5,0.3333333333333333,0.003910241114965524,0.09534275281278452,0.2496425410226731,0.6180124821421374,,,POINT (NaN NaN),GBR
930,930,0.004374453193350831,0.028975581204713684,0.0,0.0,2.231553398729358e-87,0.0,1.0,0.003910241114965524,0.09534275281278452,0.2496425410226731,0.6180124821421374,,,POINT (NaN NaN),GBR
931,931,0.003499562554680665,0.028975581204713684,0.0017497812773403325,0.0,2.9679660203100456e-85,2.0,0.0,0.003910241114965524,0.09534275281278452,0.2496425410226731,0.6180124821421374,,,POINT (NaN NaN),GBR
932,932,0.003499562554680665,0.028975581204713684,0.0017497812773403325,0.0,2.967966020310051e-85,2.0,1.0,0.003910241114965524,0.09534275281278452,0.2496425410226731,0.6180124821421374,,,POINT (NaN NaN),GBR
933,933,0.003499562554680665,0.028975581204713684,0.0,0.0,2.231553398729358e-87,0.0,0.0,0.003910241114965524,0.09534275281278452,0.2496425410226731,0.6180124821421374,,,POINT (NaN NaN),GBR
934,934,0.004374453193350831,0.028975581204713684,0.0,0.0,2.231553398729358e-87,0.0,0.3333333333333333,0.003910241114965524,0.09534275281278452,0.2496425410226731,0.6180124821421374,,,POINT (NaN NaN),GBR
935,935,0.0,0.028975581204713684,0.0,0.0,4.098716271507244e-127,0.0,0.0,0.003910241114965524,0.09534275281278452,0.2496425410226731,0.6180124821421374,,,POINT (NaN NaN),GBR
936,936,0.0026246719160104987,0.028975581204713684,0.0008748906386701663,0.0,1.4951407771486707e-85,1.0,0.0,0.003910241114965524,0.09534275281278452,0.2496425410226731,0.6180124821421374,,,POINT (NaN NaN),GBR
937,937,0.0,0.028975581204713684,0.0,0.0,4.098716271507244e-127,0.0,0.0,0.003910241114965524,0.09534275281278452,0.2496425410226731,0.6180124821421374,,,POINT (NaN NaN),GBR
938,938,0.007874015748031496,0.028975581204713684,0.0017497812773403325,0.00028918997012610995,3.652366069540111e-123,2.0,0.2222222222222222,0.003910241114965524,0.09534275281278452,0.2496425410226731,0.6180124821421374,,,POINT (NaN NaN),GBR
939,939,0.007874015748031496,0.028975581204713684,0.0017497812773403325,0.00024499618865133125,3.652366069540111e-123,2.0,0.3333333333333333,0.003910241114965524,0.09534275281278452,0.2496425410226731,0.6180124821421374,,,POINT (NaN NaN),GBR
940,940,0.013123359580052493,0.028975581204713684,0.00509027280680824,0.0008523245226402506,1.7852427189834865e-86,6.5,0.3142857142857143,0.003910241114965524,0.09534275281278452,0.2496425410226731,0.6180124821421374,,,POINT (NaN NaN),GBR
941,941,0.00962379702537183,0.028975581204713684,0.004286964129483814,6.301255341658915e-05,8.926213594917433e-87,5.5,0.43636363636363634,0.003910241114965524,0.09534275281278452,0.2496425410226731,0.6180124821421374,,,POINT (NaN NaN),GBR
942,942,0.015748031496062992,0.028975581204713684,0.006227162781122948,0.0003315296183097404,2.3096577676848863e-84,8.0,0.3416666666666667,0.003910241114965524,0.09534275281278452,0.2496425410226731,0.6180124821421374,,,POINT (NaN NaN),GBR
943,943,0.015748031496062992,0.028975581204713684,0.005249343832020997,0.002170767636673674,6.694660196188075e-87,6.0,0.29411764705882354,0.003910241114965524,0.09534275281278452,0.2496425410226731,0.6180124821421374,,,POINT (NaN NaN),GBR
944,944,0.007874015748031496,0.028975581204713684,0.003499562554680665,1.2808609448647298e-05,2.231553398729358e-87,4.0,0.5555555555555556,0.003910241114965524,0.09534275281278452,0.2496425410226731,0.6180124821421374,,,POINT (NaN NaN),GBR
945,945,0.008748906386701663,0.028975581204713684,0.005905511811023622,5.7096371461928786e-05,3.793640777839909e-86,7.5,0.4,0.003910241114965524,0.09534275281278452,0.2496425410226731,0.6180124821421374,,,POINT (NaN NaN),GBR
946,946,0.0026246719160104987,0.028975581204713684,0.0017497812773403325,0.0,2.231553398729358e-87,2.0,0.6666666666666666,0.003910241114965524,0.09534275281278452,0.2496425410226731,0.6180124821421374,,,POINT (NaN NaN),GBR
947,947,0.00699912510936133,0.028975581204713684,0.00572655690765927,5.3891096778543116e-05,2.302963107488698e-84,7.999999999999999,0.35714285714285715,0.003910241114965524,0.09534275281278452,0.2496425410226731,0.6180124821421374,,,POINT (NaN NaN),GBR
948,948,0.006124234470691164,0.028975581204713684,0.0008748906386701663,0.0,5.451292641104643e-125,1.0,0.5714285714285714,0.003910241114965524,0.09534275281278452,0.2496425410226731,0.6180124821421374,,,POINT (NaN NaN),GBR
949,949,0.007874015748031496,0.028975581204713684,0.005451241671714112,0.00021867579362834147,3.570485437966973e-86,7.0,0.2222222222222222,0.003910241114965524,0.09534275281278452,0.2496425410226731,0.6180124821421374,,,POINT (NaN NaN),GBR
950,950,0.005249343832020997,0.028975581204713684,0.005477576172543649,1.9958849657741382e-05,2.2940368938937806e-84,7.499999999999999,0.3333333333333333,0.003910241114965524,0.09534275281278452,0.2496425410226731,0.6180124821421374,,,POINT (NaN NaN),GBR
951,951,0.008748906386701663,0.028975581204713684,0.004286964129483814,0.00013714335612131614,1.1157766993646792e-86,5.5,0.17777777777777778,0.003910241114965524,0.09534275281278452,0.2496425410226731,0.6180124821421374,,,POINT (NaN NaN),GBR
952,952,0.00699912510936133,0.028975581204713684,0.0,0.0,4.098716271507244e-127,0.0,0.2857142857142857,0.003910241114965524,0.09534275281278452,0.2496425410226731,0.6180124821421374,,,POINT (NaN NaN),GBR
953,953,0.004374453193350831,0.028975581204713684,0.0008748906386701663,2.048790615308161e-06,2.231553398729358e-87,1.0,0.5,0.003910241114965524,0.09534275281278452,0.2496425410226731,0.6180124821421374,,,POINT (NaN NaN),GBR
954,954,0.007874015748031496,0.028975581204713684,0.006227162781122948,0.0002984024704363902,4.909417477204588e-86,8.0,0.25,0.003910241114965524,0.09534275281278452,0.2496425410226731,0.6180124821421374,,,POINT (NaN NaN),GBR
955,955,0.00699912510936133,0.028975581204713684,0.00663075010360547,0.00024426458912714274,1.0934611653773856e-85,8.5,0.25,0.003910241114965524,0.09534275281278452,0.2496425410226731,0.6180124821421374,,,POINT (NaN NaN),GBR
956,956,0.00699912510936133,0.028975581204713684,0.0,0.0,4.098716271507244e-127,0.0,0.4642857142857143,0.003910241114965524,0.09534275281278452,0.2496425410226731,0.6180124821421374,,,POINT (NaN NaN),GBR
957,957,0.005249343832020997,0.028975581204713684,0.001968503937007874,0.0001869046618149351,2.231553398729358e-87,2.5,0.26666666666666666,0.003910241114965524,0.09534275281278452,0.2496425410226731,0.6180124821421374,,,POINT (NaN NaN),GBR
958,958,0.012248468941382328,0.028975581204713684,0.0,0.0,2.231553398729358e-87,0.0,0.24242424242424243,0.003910241114965524,0.09534275281278452,0.2496425410226731,0.6180124821421374,,,POINT (NaN NaN),GBR
959,959,0.005249343832020997,0.028975581204713684,0.0008748906386701663,1.5380546908071882e-06,2.231553398729358e-87,1.0,0.6666666666666666,0.003910241114965524,0.09534275281278452,0.2496425410226731,0.6180124821421374,,,POINT (NaN NaN),GBR
960,960,0.008748906386701663,0.028975581204713684,0.007455589790406634,0.0011216150909145286,4.610389321774855e-84,9.833333333333332,0.2222222222222222,0.003910241114965524,0.09534275281278452,0.2496425410226731,0.6180124821421374,,,POINT (NaN NaN),GBR
961,961,0.006124234470691164,0.028975581204713684,0.005999250093738282,0.0001861134201474742,1.026514563415505e-85,7.833333333333334,0.14285714285714285,0.003910241114965524,0.09534275281278452,0.2496425410226731,0.6180124821421374,,,POINT (NaN NaN),GBR
962,962,0.007874015748031496,0.028975581204713684,0.003499562554680665,7.470300125833283e-05,6.694660196188075e-87,4.0,0.3611111111111111,0.003910241114965524,0.09534275281278452,0.2496425410226731,0.6180124821421374,,,POINT (NaN NaN),GBR
963,963,0.00699912510936133,0.028975581204713684,0.006151574803149606,0.0005587334107978347,9.057875245442466e-84,8.5,0.21428571428571427,0.003910241114965524,0.09534275281278452,0.2496425410226731,0.6180124821421374,,,POINT (NaN NaN),GBR
964,964,0.005249343832020997,0.028975581204713684,0.0057159521726450856,3.076092590612725e-05,6.248349516442204e-86,7.666666666666667,0.26666666666666666,0.003910241114965524,0.09534275281278452,0.2496425410226731,0.6180124821421374,,,POINT (NaN NaN),GBR
965,965,0.00962379702537183,0.028975581204713684,0.005445440009653965,5.757385750135334e-05,4.718423771738903e-51,9.2,0.5333333333333333,0.003910241114965524,0.09534275281278452,0.2496425410226731,0.6180124821421374,,,POINT (NaN NaN),GBR
966,966,0.00699912510936133,0.028975581204713684,0.00471396299343179,3.663368459681347e-05,2.724183234764185e-51,8.816666666666666,0.5238095238095238,0.003910241114965524,0.09534275281278452,0.2496425410226731,0.6180124821421374,,,POINT (NaN NaN),GBR
967,967,0.005249343832020997,0.028975581204713684,0.018116590892022576,0.0006538403263476762,8.480350176858558e-05,29.482342657342652,0.2,0.003910241114965524,0.09534275281278452,0.2496425410226731,0.6180124821421374,,,POINT (NaN NaN),GBR
968,968,0.0026246719160104987,0.028975581204713684,0.004224471941007374,2.217959616454682e-06,2.2694898065077575e-84,5.583333333333333,0.0,0.003910241114965524,0.09534275281278452,0.2496425410226731,0.6180124821421374,,,POINT (NaN NaN),GBR
969,969,0.013123359580052493,0.028975581204713684,0.0063500127000254,0.0014619589850823778,4.15292087503534e-84,9.0,0.2564102564102564,0.003910241114965524,0.09534275281278452,0.2496425410226731,0.6180124821421374,,,POINT (NaN NaN),GBR
970,970,0.005249343832020997,0.028975581204713684,0.006124234470691163,7.400170098354816e-05,9.59567961453624e-86,8.0,0.06666666666666667,0.003910241114965524,0.09534275281278452,0.2496425410226731,0.6180124821421374,,,POINT (NaN NaN),GBR
971,971,0.008748906386701663,0.028975581204713684,0.006865989577389782,6.24172472109834e-05,2.724183234764185e-51,10.666666666666666,0.4444444444444444,0.003910241114965524,0.09534275281278452,0.2496425410226731,0.6180124821421374,,,POINT (NaN NaN),GBR
972,972,0.004374453193350831,0.028975581204713684,0.004155730533683289,0.0,2.724183234764185e-51,6.1499999999999995,1.0,0.003910241114965524,0.09534275281278452,0.2496425410226731,0.6180124821421374,,,POINT (NaN NaN),GBR
973,973,0.00962379702537183,0.028975581204713684,0.009209375143896487,0.003955480582902699,4.3247504867375e-84,12.333333333333332,0.21818181818181817,0.003910241114965524,0.09534275281278452,0.2496425410226731,0.6180124821421374,,,POINT (NaN NaN),GBR
974,974,0.008748906386701663,0.028975581204713684,0.006861887362118951,0.00017317794491102616,5.86979908259012e-51,10.0,0.35714285714285715,0.003910241114965524,0.09534275281278452,0.2496425410226731,0.6180124821421374,,,POINT (NaN NaN),GBR
975,975,0.005249343832020997,0.028975581204713684,0.007224096987876515,0.0008548970074754076,6.7906169923334395e-84,9.333333333333332,0.06666666666666667,0.003910241114965524,0.09534275281278452,0.2496425410226731,0.6180124821421374,,,POINT (NaN NaN),GBR
976,976,0.008748906386701663,0.028975581204713684,0.0061622731941116055,0.00013295718432332452,4.159615535231529e-84,8.75,0.3333333333333333,0.003910241114965524,0.09534275281278452,0.2496425410226731,0.6180124821421374,,,POINT (NaN NaN),GBR
977,977,0.007874015748031496,0.028975581204713684,0.0064831639634789235,0.000767430124461695,3.0795436902465145e-85,8.666666666666666,0.25,0.003910241114965524,0.09534275281278452,0.2496425410226731,0.6180124821421374,,,POINT (NaN NaN),GBR
978,978,0.006124234470691164,0.028975581204713684,0.007519893346664999,0.0014088209712331428,4.755440292692263e-84,9.833333333333332,0.14285714285714285,0.003910241114965524,0.09534275281278452,0.2496425410226731,0.6180124821421374,,,POINT (NaN NaN),GBR
979,979,0.00699912510936133,0.028975581204713684,0.007989567341818122,8.423983894205186e-05,8.511144662753781e-84,11.083333333333332,0.25,0.003910241114965524,0.09534275281278452,0.2496425410226731,0.6180124821421374,,,POINT (NaN NaN),GBR
980,980,0.008748906386701663,0.028975581204713684,0.007979605997526172,7.426017109280057e-05,9.971202684873591e-52,11.333333333333334,0.4888888888888889,0.003910241114965524,0.09534275281278452,0.2496425410226731,0.6180124821421374,,,POINT (NaN NaN),GBR
981,981,0.005249343832020997,0.028975581204713684,0.007895888013998249,0.002473282893578213,1.350312961571135e-83,10.166666666666664,0.2,0.003910241114965524,0.09534275281278452,0.2496425410226731,0.6180124821421374,,,POINT (NaN NaN),GBR
982,982,0.010498687664041995,0.028975581204713684,0.00867947062172784,0.00011303219669467494,5.537425659761001e-51,12.500000000000002,0.4666666666666667,0.003910241114965524,0.09534275281278452,0.2496425410226731,0.6180124821421374,,,POINT (NaN NaN),GBR
983,983,0.005249343832020997,0.028975581204713684,0.0071780800127256815,0.0003708005865825165,1.57034412668585e-83,9.583333333333332,0.13333333333333333,0.003910241114965524,0.09534275281278452,0.2496425410226731,0.6180124821421374,,,POINT (NaN NaN),GBR
984,984,0.004374453193350831,0.028975581204713684,0.006460730870179689,1.0746735078041299e-06,3.649713488947335e-52,9.0,0.7,0.003910241114965524,0.09534275281278452,0.2496425410226731,0.6180124821421374,,,POINT (NaN NaN),GBR
985,985,0.006124234470691164,0.028975581204713684,0.016959418534221685,7.474813000332776e-05,1.2672094672503296e-05,27.561145798645786,0.2,0.003910241114965524,0.09534275281278452,0.2496425410226731,0.6180124821421374,,,POINT (NaN NaN),GBR
986,986,0.007874015748031496,0.028975581204713684,0.008841000138140627,0.00023462987317149193,8.75661553661401e-84,12.083333333333332,0.3333333333333333,0.003910241114965524,0.09534275281278452,0.2496425410226731,0.6180124821421374,,,POINT (NaN NaN),GBR
987,987,0.005249343832020997,0.028975581204713684,0.008841000138140627,0.005558328814737464,4.67287281693928e-84,11.583333333333332,0.2,0.003910241114965524,0.09534275281278452,0.2496425410226731,0.6180124821421374,,,POINT (NaN NaN),GBR
988,988,0.007874015748031496,0.028975581204713684,0.007680858074558862,0.00014934047823438607,4.5403053912736425e-51,11.416666666666668,0.4722222222222222,0.003910241114965524,0.09534275281278452,0.2496425410226731,0.6180124821421374,,,POINT (NaN NaN),GBR
989,989,0.00962379702537183,0.028975581204713684,0.008128016256032511,0.00017676604240183632,1.6745576704065123e-83,11.0,0.2727272727272727,0.003910241114965524,0.09534275281278452,0.2496425410226731,0.6180124821421374,,,POINT (NaN NaN),GBR
990,990,0.00699912510936133,0.028975581204713684,0.008961001086985339,0.0001091871575546337,2.1588047579307835e-83,12.333333333333332,0.39285714285714285,0.003910241114965524,0.09534275281278452,0.2496425410226731,0.6180124821421374,,,POINT (NaN NaN),GBR
991,991,0.005249343832020997,0.028975581204713684,0.00777799116573843,4.8407613218310277e-05,4.673894176622588e-51,11.616666666666667,0.4666666666666667,0.003910241114965524,0.09534275281278452,0.2496425410226731,0.6180124821421374,,,POINT (NaN NaN),GBR
992,992,0.007874015748031496,0.028975581204713684,0.008944360678319465,0.006453987647627559,9.298883012505242e-84,11.666666666666666,0.25,0.003910241114965524,0.09534275281278452,0.2496425410226731,0.6180124821421374,,,POINT (NaN NaN),GBR
993,993,0.006124234470691164,0.028975581204713684,0.009554203451841247,9.527841076099597e-05,1.3628096606040202e-83,12.749999999999998,0.42857142857142855,0.003910241114965524,0.09534275281278452,0.2496425410226731,0.6180124821421374,,,POINT (NaN NaN),GBR
994,994,0.008748906386701663,0.028975581204713684,0.008541305218203657,0.0026209015132546538,1.494326260158134e-81,11.75,0.32142857142857145,0.003910241114965524,0.09534275281278452,0.2496425410226731,0.6180124821421374,,,POINT (NaN NaN),GBR
995,995,0.008748906386701663,0.028975581204713684,0.009555623728852075,0.0001778958435065221,5.509705341462791e-83,13.583333333333332,0.35555555555555557,0.003910241114965524,0.09534275281278452,0.2496425410226731,0.6180124821421374,,,POINT (NaN NaN),GBR
996,996,0.00962379702537183,0.028975581204713684,0.01087498471293239,0.00014696765056122996,6.335761290768187e-51,16.383333333333333,0.45454545454545453,0.003910241114965524,0.09534275281278452,0.2496425410226731,0.6180124821421374,,,POINT (NaN NaN),GBR
997,997,0.007874015748031496,0.028975581204713684,0.009737913195633155,0.00023604707035168747,2.026838463040332e-51,13.766666666666666,0.3055555555555556,0.003910241114965524,0.09534275281278452,0.2496425410226731,0.6180124821421374,,,POINT (NaN NaN),GBR
998,998,0.008748906386701663,0.028975581204713684,0.011226319482341934,6.510729833344207e-05,8.21707929940887e-51,16.799999999999997,0.4888888888888889,0.003910241114965524,0.09534275281278452,0.2496425410226731,0.6180124821421374,,,POINT (NaN NaN),GBR
999,999,0.003499562554680665,0.028975581204713684,0.006829791437360652,0.00016495451956449321,2.2159325249382536e-83,9.0,0.16666666666666666,0.003910241114965524,0.09534275281278452,0.2496425410226731,0.6180124821421374,,,POINT (NaN NaN),GBR
1000,1000,0.00699912510936133,0.028975581204713684,0.008041274252483145,0.000150521935599941,3.334585473478553e-80,10.833333333333332,0.4,0.003910241114965524,0.09534275281278452,0.2496425410226731,0.6180124821421374,,,POINT (NaN NaN),GBR
1001,1001,0.008748906386701663,0.028975581204713684,0.01137357830271216,0.0001665980833663233,2.4037414809857669e-51,16.299999999999997,0.26666666666666666,0.003910241114965524,0.09534275281278452,0.2496425410226731,0.6180124821421374,,,POINT (NaN NaN),GBR
1002,1002,0.006124234470691164,0.028975581204713684,0.007701502100969772,0.005825788649179601,1.4632429528672328e-81,10.083333333333332,0.42857142857142855,0.003910241114965524,0.09534275281278452,0.2496425410226731,0.6180124821421374,,,POINT (NaN NaN),GBR
1003,1003,0.00699912510936133,0.028975581204713684,0.011081948089822104,5.7917026350555176e-05,7.730450834215893e-51,15.966666666666665,0.5357142857142857,0.003910241114965524,0.09534275281278452,0.2496425410226731,0.6180124821421374,,,POINT (NaN NaN),GBR
1004,1004,0.00962379702537183,0.028975581204713684,0.01111399536596387,0.0006363094872163012,4.084412185694348e-83,15.749999999999998,0.2909090909090909,0.003910241114965524,0.09534275281278452,0.2496425410226731,0.6180124821421374,,,POINT (NaN NaN),GBR
1005,1005,0.013123359580052493,0.028975581204713684,0.01169761187259,0.00041501721744723323,4.074783032778832e-81,16.9,0.28205128205128205,0.003910241114965524,0.09534275281278452,0.2496425410226731,0.6180124821421374,,,POINT (NaN NaN),GBR
1006,1006,0.008748906386701663,0.028975581204713684,0.012309767011607624,0.0001854113561551797,4.2483283121881854e-50,18.2,0.47619047619047616,0.003910241114965524,0.09534275281278452,0.2496425410226731,0.6180124821421374,,,POINT (NaN NaN),GBR
1007,1007,0.0008748906386701663,0.028975581204713684,0.0,0.0,4.098716271507244e-127,0.0,0.0,0.003910241114965524,0.09534275281278452,0.2496425410226731,0.6180124821421374,,,POINT (NaN NaN),GBR
1008,1008,0.00699912510936133,0.028975581204713684,0.01178097012682575,0.0016028975054862573,3.190943728532443e-80,16.26666666666667,0.25,0.003910241114965524,0.09534275281278452,0.2496425410226731,0.6180124821421374,,,POINT (NaN NaN),GBR
1009,1009,0.0008748906386701663,0.028975581204713684,0.0,0.0,4.098716271507244e-127,0.0,0.0,0.003910241114965524,0.09534275281278452,0.2496425410226731,0.6180124821421374,,,POINT (NaN NaN),GBR
1010,1010,0.006124234470691164,0.028975581204713684,0.009116195381237722,8.905483350585938e-05,1.2582083952475743e-77,12.939285714285718,0.47619047619047616,0.003910241114965524,0.09534275281278452,0.2496425410226731,0.6180124821421374,,,POINT (NaN NaN),GBR
1011,1011,0.010498687664041995,0.028975581204713684,0.012549567667677902,0.00027414135167281277,7.418743668401685e-52,18.1,0.3484848484848485,0.003910241114965524,0.09534275281278452,0.2496425410226731,0.6180124821421374,,,POINT (NaN NaN),GBR
1012,1012,0.012248468941382328,0.028975581204713684,0.01332850635049929,0.00024660202162703557,4.662601923819515e-50,20.583333333333332,0.41818181818181815,0.003910241114965524,0.09534275281278452,0.2496425410226731,0.6180124821421374,,,POINT (NaN NaN),GBR
1013,1013,0.0026246719160104987,0.028975581204713684,0.007110222333319446,7.946807777652038e-07,9.16945291537894e-84,9.166666666666668,0.6666666666666666,0.003910241114965524,0.09534275281278452,0.2496425410226731,0.6180124821421374,,,POINT (NaN NaN),GBR
1014,1014,0.013123359580052493,0.028975581204713684,0.012476433403571033,0.0003352435146239806,7.021174393441338e-51,17.450000000000003,0.32051282051282054,0.003910241114965524,0.09534275281278452,0.2496425410226731,0.6180124821421374,,,POINT (NaN NaN),GBR
1015,1015,0.006124234470691164,0.028975581204713684,0.010734971997113499,3.168133004149018e-05,4.0189227881018386e-81,15.316666666666666,0.42857142857142855,0.003910241114965524,0.09534275281278452,0.2496425410226731,0.6180124821421374,,,POINT (NaN NaN),GBR
1016,1016,0.003499562554680665,0.028975581204713684,0.00941978665222901,0.000297758778909623,1.8157034960153052e-76,13.161904761904765,0.3333333333333333,0.003910241114965524,0.09534275281278452,0.2496425410226731,0.6180124821421374,,,POINT (NaN NaN),GBR
1017,1017,0.007874015748031496,0.028975581204713684,0.01114247511513891,0.0009387725917942229,1.463504422918974e-77,16.01666666666667,0.42857142857142855,0.003910241114965524,0.09534275281278452,0.2496425410226731,0.6180124821421374,,,POINT (NaN NaN),GBR
1018,1018,0.010498687664041995,0.028975581204713684,0.012942169211097133,0.00016563858865060581,2.7154486467999746e-52,18.71666666666667,0.3939393939393939,0.003910241114965524,0.09534275281278452,0.2496425410226731,0.6180124821421374,,,POINT (NaN NaN),GBR
1019,1019,0.007874015748031496,0.028975581204713684,0.011159319370792935,0.0023576859095282804,1.9514769949553934e-76,16.8952380952381,0.25,0.003910241114965524,0.09534275281278452,0.2496425410226731,0.6180124821421374,,,POINT (NaN NaN),GBR
1020,1020,0.00962379702537183,0.028975581204713684,0.011554805649293839,0.008056156084570372,1.0881843616852643e-78,16.200000000000003,0.2777777777777778,0.003910241114965524,0.09534275281278452,0.2496425410226731,0.6180124821421374,,,POINT (NaN NaN),GBR
1021,1021,0.007874015748031496,0.028975581204713684,0.010713064840404884,0.0002756646148678954,5.133305821001283e-79,14.65,0.42857142857142855,0.003910241114965524,0.09534275281278452,0.2496425410226731,0.6180124821421374,,,POINT (NaN NaN),GBR
1022,1022,0.006124234470691164,0.028975581204713684,0.009692505714272628,0.00024205669357270232,1.357734989400879e-77,13.395238095238101,0.42857142857142855,0.003910241114965524,0.09534275281278452,0.2496425410226731,0.6180124821421374,,,POINT (NaN NaN),GBR
1023,1023,0.008748906386701663,0.028975581204713684,0.011788000184187502,5.3100185403624145e-05,5.688875742233664e-50,17.166666666666664,0.5,0.003910241114965524,0.09534275281278452,0.2496425410226731,0.6180124821421374,,,POINT (NaN NaN),GBR
1024,1024,0.006124234470691164,0.028975581204713684,0.01264358084271724,3.2442604010251624e-05,3.7213035032515446e-51,17.759523809523813,0.47619047619047616,0.003910241114965524,0.09534275281278452,0.2496425410226731,0.6180124821421374,,,POINT (NaN NaN),GBR
1025,1025,0.00962379702537183,0.028975581204713684,0.015076704520845783,0.00028115091385426925,3.8206958219916317e-51,21.450000000000003,0.38181818181818183,0.003910241114965524,0.09534275281278452,0.2496425410226731,0.6180124821421374,,,POINT (NaN NaN),GBR
1026,1026,0.00962379702537183,0.028975581204713684,0.013518310211223598,0.00018698485461859007,3.709371834200843e-52,19.46666666666667,0.34545454545454546,0.003910241114965524,0.09534275281278452,0.2496425410226731,0.6180124821421374,,,POINT (NaN NaN),GBR
1027,1027,0.008748906386701663,0.028975581204713684,0.012070347493988401,0.00033853579198144554,6.529127314080034e-78,17.0,0.32142857142857145,0.003910241114965524,0.09534275281278452,0.2496425410226731,0.6180124821421374,,,POINT (NaN NaN),GBR
1028,1028,0.003499562554680665,0.028975581204713684,0.009963460449796718,0.0009784692879301914,1.0548514968228128e-78,13.566666666666668,0.5,0.003910241114965524,0.09534275281278452,0.2496425410226731,0.6180124821421374,,,POINT (NaN NaN),GBR
1029,1029,0.00962379702537183,0.028975581204713684,0.01373008450572031,0.0004466206151063266,1.2237777063673384e-49,22.240873015873017,0.2777777777777778,0.003910241114965524,0.09534275281278452,0.2496425410226731,0.6180124821421374,,,POINT (NaN NaN),GBR
1030,1030,0.0017497812773403325,0.028975581204713684,0.0,0.0,4.098716271507244e-127,0.0,1.0,0.003910241114965524,0.09534275281278452,0.2496425410226731,0.6180124821421374,,,POINT (NaN NaN),GBR
1031,1031,0.005249343832020997,0.028975581204713684,0.00941978665222901,0.000297758778909623,1.8649956674622655e-75,13.161904761904765,0.3333333333333333,0.003910241114965524,0.09534275281278452,0.2496425410226731,0.6180124821421374,,,POINT (NaN NaN),GBR
1032,1032,0.007874015748031496,0.028975581204713684,0.011735264935458487,1.561338793139937e-05,7.552238781031433e-77,16.583333333333336,0.47619047619047616,0.003910241114965524,0.09534275281278452,0.2496425410226731,0.6180124821421374,,,POINT (NaN NaN),GBR
1033,1033,0.00699912510936133,0.028975581204713684,0.013345789403443213,1.6444444720728105e-05,6.596645667586583e-50,19.653571428571432,0.6666666666666666,0.003910241114965524,0.09534275281278452,0.2496425410226731,0.6180124821421374,,,POINT (NaN NaN),GBR
1034,1034,0.007874015748031496,0.028975581204713684,0.014571743125410756,0.00016923359788100046,2.940865375820411e-51,20.483333333333338,0.3611111111111111,0.003910241114965524,0.09534275281278452,0.2496425410226731,0.6180124821421374,,,POINT (NaN NaN),GBR
1035,1035,0.007874015748031496,0.028975581204713684,0.010279965004374452,0.009893460623548053,1.8458249585242937e-76,14.633333333333336,0.2857142857142857,0.003910241114965524,0.09534275281278452,0.2496425410226731,0.6180124821421374,,,POINT (NaN NaN),GBR
1036,1036,0.00962379702537183,0.028975581204713684,0.01571733357891667,0.00011560201588514542,2.6524159130571533e-50,23.16666666666667,0.4909090909090909,0.003910241114965524,0.09534275281278452,0.2496425410226731,0.6180124821421374,,,POINT (NaN NaN),GBR
1037,1037,0.00962379702537183,0.028975581204713684,0.013284150292024307,0.0005476046227360838,2.3516475108008554e-52,19.476190476190478,0.2545454545454545,0.003910241114965524,0.09534275281278452,0.2496425410226731,0.6180124821421374,,,POINT (NaN NaN),GBR
1038,1038,0.005249343832020997,0.028975581204713684,0.01197679237463738,1.3701920051073623e-05,7.651626855301154e-77,17.250000000000004,0.6,0.003910241114965524,0.09534275281278452,0.2496425410226731,0.6180124821421374,,,POINT (NaN NaN),GBR
1039,1039,0.005249343832020997,0.028975581204713684,0.013976455790001339,0.00030887562118966125,1.3577243233999873e-52,19.676190476190484,0.26666666666666666,0.003910241114965524,0.09534275281278452,0.2496425410226731,0.6180124821421374,,,POINT (NaN NaN),GBR
1040,1040,0.012248468941382328,0.028975581204713684,0.01706959625827362,0.0001903070065365706,1.6622148649035634e-50,25.75,0.37362637362637363,0.003910241114965524,0.09534275281278452,0.2496425410226731,0.6180124821421374,,,POINT (NaN NaN),GBR
1041,1041,0.012248468941382328,0.028975581204713684,0.014536644457904301,0.0006844158430794555,9.98705622937996e-49,21.25119047619048,0.38181818181818183,0.003910241114965524,0.09534275281278452,0.2496425410226731,0.6180124821421374,,,POINT (NaN NaN),GBR
1042,1042,0.014873140857392827,0.028975581204713684,0.017579197949093572,0.00045745796585658013,1.6089222002961934e-48,27.359523809523814,0.38461538461538464,0.003910241114965524,0.09534275281278452,0.2496425410226731,0.6180124821421374,,,POINT (NaN NaN),GBR
1043,1043,0.00699912510936133,0.028975581204713684,0.0008748906386701663,2.412870648364854e-05,4.463106797458722e-87,1.0,0.3333333333333333,0.003910241114965524,0.09534275281278452,0.2496425410226731,0.6180124821421374,,,POINT (NaN NaN),GBR
1044,1044,0.00699912510936133,0.028975581204713684,0.012166177247646024,1.3350789102979202e-05,1.4157675809657193e-75,18.133333333333336,0.4666666666666667,0.003910241114965524,0.09534275281278452,0.2496425410226731,0.6180124821421374,,,POINT (NaN NaN),GBR
1045,1045,0.00699912510936133,0.028975581204713684,0.013869825904789424,0.0,1.5041216904402222e-48,19.510714285714293,1.0,0.003910241114965524,0.09534275281278452,0.2496425410226731,0.6180124821421374,,,POINT (NaN NaN),GBR
1046,1046,0.0017497812773403325,0.028975581204713684,0.0,0.0,2.231553398729358e-87,0.0,0.0,0.003910241114965524,0.09534275281278452,0.2496425410226731,0.6180124821421374,,,POINT (NaN NaN),GBR
1047,1047,0.010498687664041995,0.028975581204713684,0.018394420555586582,0.00022412616013605606,6.069724096780531e-49,26.800000000000004,0.3787878787878788,0.003910241114965524,0.09534275281278452,0.2496425410226731,0.6180124821421374,,,POINT (NaN NaN),GBR
1048,1048,0.007874015748031496,0.028975581204713684,0.017063101487314086,5.918532130291364e-05,2.84584035106243e-51,25.245238095238097,0.25,0.003910241114965524,0.09534275281278452,0.2496425410226731,0.6180124821421374,,,POINT (NaN NaN),GBR
1049,1049,0.005249343832020997,0.028975581204713684,0.0011665208515602215,1.8622622374156496e-05,4.463106797458722e-87,1.5,0.4666666666666667,0.003910241114965524,0.09534275281278452,0.2496425410226731,0.6180124821421374,,,POINT (NaN NaN),GBR
1050,1050,0.00699912510936133,0.028975581204713684,0.015966754155730532,2.7225381797413178e-05,1.3577243233999873e-52,23.62738095238096,0.4,0.003910241114965524,0.09534275281278452,0.2496425410226731,0.6180124821421374,,,POINT (NaN NaN),GBR
1051,1051,0.005249343832020997,0.028975581204713684,0.01421430552888206,6.128831094011672e-07,1.5041216904402222e-48,20.510714285714293,0.8666666666666667,0.003910241114965524,0.09534275281278452,0.2496425410226731,0.6180124821421374,,,POINT (NaN NaN),GBR
1052,1052,0.011373578302712161,0.028975581204713684,0.019197851104732308,0.0002017586090112401,2.428282409770403e-48,30.069047619047627,0.46153846153846156,0.003910241114965524,0.09534275281278452,0.2496425410226731,0.6180124821421374,,,POINT (NaN NaN),GBR
1053,1053,0.008748906386701663,0.028975581204713684,0.012411660977610959,0.00045483575044809934,3.6534316067499035e-49,17.48492063492064,0.4,0.003910241114965524,0.09534275281278452,0.2496425410226731,0.6180124821421374,,,POINT (NaN NaN),GBR
1054,1054,0.004374453193350831,0.028975581204713684,0.0,0.0,4.098716271507244e-127,0.0,0.6,0.003910241114965524,0.09534275281278452,0.2496425410226731,0.6180124821421374,,,POINT (NaN NaN),GBR
1055,1055,0.004374453193350831,0.028975581204713684,0.01388451443569554,1.201769440916924e-05,2.7154486467999742e-52,19.521428571428576,0.4,0.003910241114965524,0.09534275281278452,0.2496425410226731,0.6180124821421374,,,POINT (NaN NaN),GBR
1056,1056,0.003499562554680665,0.028975581204713684,0.012109849905125494,2.046577390927028e-05,3.6534316067499035e-49,16.48492063492064,0.5,0.003910241114965524,0.09534275281278452,0.2496425410226731,0.6180124821421374,,,POINT (NaN NaN),GBR
1057,1057,0.005249343832020997,0.028975581204713684,0.001968503937007874,1.0223243080136406e-05,8.926213594917443e-87,2.5,0.5333333333333333,0.003910241114965524,0.09534275281278452,0.2496425410226731,0.6180124821421374,,,POINT (NaN NaN),GBR
1058,1058,0.014873140857392827,0.028975581204713684,0.02043092071118229,0.0006152700622454137,3.3152372869580195e-48,32.02619047619048,0.3088235294117647,0.003910241114965524,0.09534275281278452,0.2496425410226731,0.6180124821421374,,,POINT (NaN NaN),GBR
1059,1059,0.005249343832020997,0.028975581204713684,0.012683659387937333,2.357859544165677e-05,4.989884108054164e-49,17.98492063492064,0.6666666666666666,0.003910241114965524,0.09534275281278452,0.2496425410226731,0.6180124821421374,,,POINT (NaN NaN),GBR
1060,1060,0.00699912510936133,0.028975581204713684,0.011214449643069979,0.00022293623104467457,6.247789994380637e-33,16.810624098124084,0.6,0.003910241114965524,0.09534275281278452,0.2496425410226731,0.6180124821421374,,,POINT (NaN NaN),GBR
1061,1061,0.005249343832020997,0.028975581204713684,0.015991671927085064,1.6498599156861658e-05,3.709371834200843e-52,22.577380952380956,0.5,0.003910241114965524,0.09534275281278452,0.2496425410226731,0.6180124821421374,,,POINT (NaN NaN),GBR
1062,1062,0.00699912510936133,0.028975581204713684,0.020833477609494062,0.0003740777423550886,2.293000318581448e-49,29.754761904761903,0.14285714285714285,0.003910241114965524,0.09534275281278452,0.2496425410226731,0.6180124821421374,,,POINT (NaN NaN),GBR
1063,1063,0.004374453193350831,0.028975581204713684,0.002799650043744532,7.64563298176106e-06,1.7852427189834887e-86,3.5,0.7,0.003910241114965524,0.09534275281278452,0.2496425410226731,0.6180124821421374,,,POINT (NaN NaN),GBR
1064,1064,0.010498687664041995,0.028975581204713684,0.019490033625314908,5.1539670863077806e-05,3.694472196710905e-48,30.597619047619055,0.4393939393939394,0.003910241114965524,0.09534275281278452,0.2496425410226731,0.6180124821421374,,,POINT (NaN NaN),GBR
1065,1065,0.007874015748031496,0.028975581204713684,0.010317293671624381,6.422777859130716e-05,1.4829425288492338e-33,16.60110706287176,0.3888888888888889,0.003910241114965524,0.09534275281278452,0.2496425410226731,0.6180124821421374,,,POINT (NaN NaN),GBR
1066,1066,0.007874015748031496,0.028975581204713684,0.011521287111838294,1.2463086322778992e-05,7.092657324618845e-49,17.694841269841277,0.42857142857142855,0.003910241114965524,0.09534275281278452,0.2496425410226731,0.6180124821421374,,,POINT (NaN NaN),GBR
1067,1067,0.005249343832020997,0.028975581204713684,0.020393721181122752,1.9991316938614285e-05,1.4418710809095045e-48,29.751190476190473,0.3333333333333333,0.003910241114965524,0.09534275281278452,0.2496425410226731,0.6180124821421374,,,POINT (NaN NaN),GBR
1068,1068,0.003499562554680665,0.028975581204713684,0.020090906895661398,0.0,8.515723869159565e-50,28.354761904761897,0.3333333333333333,0.003910241114965524,0.09534275281278452,0.2496425410226731,0.6180124821421374,,,POINT (NaN NaN),GBR
1069,1069,0.00962379702537183,0.028975581204713684,0.015711614728361998,0.0004381597999732795,1.834925957525243e-33,26.982751807016527,0.3090909090909091,0.003910241114965524,0.09534275281278452,0.2496425410226731,0.6180124821421374,,,POINT (NaN NaN),GBR
1070,1070,0.012248468941382328,0.028975581204713684,0.01852943515750371,0.000568193639943047,6.561857435545072e-48,28.44285714285715,0.3939393939393939,0.003910241114965524,0.09534275281278452,0.2496425410226731,0.6180124821421374,,,POINT (NaN NaN),GBR
1071,1071,0.011373578302712161,0.028975581204713684,0.012400593355317764,0.0005253733728895876,2.0074794363742756e-32,21.10735375735374,0.5,0.003910241114965524,0.09534275281278452,0.2496425410226731,0.6180124821421374,,,POINT (NaN NaN),GBR
1072,1072,0.007874015748031496,0.028975581204713684,0.011263421038891244,7.094365198901605e-06,8.65379189072402e-33,18.610624098124084,0.5333333333333333,0.003910241114965524,0.09534275281278452,0.2496425410226731,0.6180124821421374,,,POINT (NaN NaN),GBR
1073,1073,0.007874015748031496,0.028975581204713684,0.01879738507487625,0.0003056888971202392,5.628338143529744e-48,28.44285714285715,0.4444444444444444,0.003910241114965524,0.09534275281278452,0.2496425410226731,0.6180124821421374,,,POINT (NaN NaN),GBR
1074,1074,0.007874015748031496,0.028975581204713684,0.0112798400199975,1.8004961386053637e-05,6.599773423056646e-33,18.86062409812408,0.3888888888888889,0.003910241114965524,0.09534275281278452,0.2496425410226731,0.6180124821421374,,,POINT (NaN NaN),GBR
1075,1075,0.010498687664041995,0.028975581204713684,0.017995279659809967,0.0003561892920092038,1.0326056225652206e-33,32.19731502157973,0.3333333333333333,0.003910241114965524,0.09534275281278452,0.2496425410226731,0.6180124821421374,,,POINT (NaN NaN),GBR
1076,1076,0.0026246719160104987,0.028975581204713684,0.019408021758474222,0.0,1.824011381485032e-48,27.880952380952376,0.3333333333333333,0.003910241114965524,0.09534275281278452,0.2496425410226731,0.6180124821421374,,,POINT (NaN NaN),GBR
1077,1077,0.00699912510936133,0.028975581204713684,0.016411389721565823,0.0001856757992525916,1.0326056225652177e-33,26.57072771999242,0.4642857142857143,0.003910241114965524,0.09534275281278452,0.2496425410226731,0.6180124821421374,,,POINT (NaN NaN),GBR
1078,1078,0.007874015748031496,0.028975581204713684,0.013707653239536377,0.0005960543606888601,4.8117862687568465e-32,22.703948828948807,0.6666666666666666,0.003910241114965524,0.09534275281278452,0.2496425410226731,0.6180124821421374,,,POINT (NaN NaN),GBR
1079,1079,0.006124234470691164,0.028975581204713684,0.021610344444990114,0.00040399904950860706,7.634361339743745e-48,32.71428571428571,0.42857142857142855,0.003910241114965524,0.09534275281278452,0.2496425410226731,0.6180124821421374,,,POINT (NaN NaN),GBR
1080,1080,0.011373578302712161,0.028975581204713684,0.017486938426482,0.00045721069659202267,2.465729957720762e-32,29.020920745920737,0.4,0.003910241114965524,0.09534275281278452,0.2496425410226731,0.6180124821421374,,,POINT (NaN NaN),GBR
1081,1081,0.013123359580052493,0.028975581204713684,0.013719805414394123,0.00015425957773958934,4.968435014931448e-32,23.203948828948807,0.34545454545454546,0.003910241114965524,0.09534275281278452,0.2496425410226731,0.6180124821421374,,,POINT (NaN NaN),GBR
1082,1082,0.005249343832020997,0.028975581204713684,0.0174082570387363,0.00023661253250669488,4.9018766463280335e-34,30.301739617451684,0.4,0.003910241114965524,0.09534275281278452,0.2496425410226731,0.6180124821421374,,,POINT (NaN NaN),GBR
1083,1083,0.00962379702537183,0.028975581204713684,0.017995279659809967,9.400332880381421e-05,1.0941823968710759e-32,30.14098540348539,0.4166666666666667,0.003910241114965524,0.09534275281278452,0.2496425410226731,0.6180124821421374,,,POINT (NaN NaN),GBR
1084,1084,0.007874015748031496,0.028975581204713684,0.015247232027031104,0.0008783381061605478,7.619472479234467e-32,24.83105783105781,0.6666666666666666,0.003910241114965524,0.09534275281278452,0.2496425410226731,0.6180124821421374,,,POINT (NaN NaN),GBR
1085,1085,0.003499562554680665,0.028975581204713684,0.015840266640160253,4.596623320508754e-07,1.921182991778701e-32,25.244910644910632,0.8333333333333334,0.003910241114965524,0.09534275281278452,0.2496425410226731,0.6180124821421374,,,POINT (NaN NaN),GBR
1086,1086,0.00699912510936133,0.028975581204713684,0.01687670720549244,9.022300532150095e-05,2.2054017461796201e-32,27.97766677766677,0.5,0.003910241114965524,0.09534275281278452,0.2496425410226731,0.6180124821421374,,,POINT (NaN NaN),GBR
1087,1087,0.005249343832020997,0.028975581204713684,0.02359137272475087,0.0006086568143285975,2.713442074178587e-33,35.47023809523808,0.4,0.003910241114965524,0.09534275281278452,0.2496425410226731,0.6180124821421374,,,POINT (NaN NaN),GBR
1088,1088,0.00699912510936133,0.028975581204713684,0.017953527270808085,0.00018896454993819095,1.1553290975725524e-32,29.217175879675864,0.4666666666666667,0.003910241114965524,0.09534275281278452,0.2496425410226731,0.6180124821421374,,,POINT (NaN NaN),GBR
1089,1089,0.00699912510936133,0.028975581204713684,0.016498870477011266,0.0002881572878818976,7.47286564903999e-32,26.56388888888887,0.6666666666666666,0.003910241114965524,0.09534275281278452,0.2496425410226731,0.6180124821421374,,,POINT (NaN NaN),GBR
1090,1090,0.00962379702537183,0.028975581204713684,0.017310895422188555,0.0006756715191893096,7.22906488709972e-32,29.188383838383825,0.47619047619047616,0.003910241114965524,0.09534275281278452,0.2496425410226731,0.6180124821421374,,,POINT (NaN NaN),GBR
1091,1091,0.006124234470691164,0.028975581204713684,0.021258160037687594,0.0005475303868155345,2.8863338224615797e-32,33.741269841269826,0.47619047619047616,0.003910241114965524,0.09534275281278452,0.2496425410226731,0.6180124821421374,,,POINT (NaN NaN),GBR
1092,1092,0.00699912510936133,0.028975581204713684,0.018401831756761675,0.0006793007893815869,4.1941165553474473e-32,28.76240981240979,0.4,0.003910241114965524,0.09534275281278452,0.2496425410226731,0.6180124821421374,,,POINT (NaN NaN),GBR
1093,1093,0.0017497812773403325,0.028975581204713684,0.0,0.0,2.231553398729358e-87,0.0,0.0,0.003910241114965524,0.09534275281278452,0.2496425410226731,0.6180124821421374,,,POINT (NaN NaN),GBR
1094,1094,0.003499562554680665,0.028975581204713684,0.0008748906386701663,0.0,4.463106797458722e-87,1.0,1.0,0.003910241114965524,0.09534275281278452,0.2496425410226731,0.6180124821421374,,,POINT (NaN NaN),GBR
1095,1095,0.0017497812773403325,0.028975581204713684,0.0,0.0,4.098716271507244e-127,0.0,1.0,0.003910241114965524,0.09534275281278452,0.2496425410226731,0.6180124821421374,,,POINT (NaN NaN),GBR
1096,1096,0.0017497812773403325,0.028975581204713684,0.0,0.0,2.231553398729358e-87,0.0,0.0,0.003910241114965524,0.09534275281278452,0.2496425410226731,0.6180124821421374,,,POINT (NaN NaN),GBR
1097,1097,0.0,0.028975581204713684,0.0,0.0,4.098716271507244e-127,0.0,0.0,0.003910241114965524,0.09534275281278452,0.2496425410226731,0.6180124821421374,,,POINT (NaN NaN),GBR
1098,1098,0.0026246719160104987,0.028975581204713684,0.0008748906386701663,0.0,1.495140777148672e-85,1.0,0.0,0.003910241114965524,0.09534275281278452,0.2496425410226731,0.6180124821421374,,,POINT (NaN NaN),GBR
1099,1099,0.0026246719160104987,0.028975581204713684,0.0,0.0,2.231553398729358e-87,0.0,0.0,0.003910241114965524,0.09534275281278452,0.2496425410226731,0.6180124821421374,,,POINT (NaN NaN),GBR
1100,1100,0.0017497812773403325,0.028975581204713684,0.0,0.0,2.231553398729358e-87,0.0,0.0,0.003910241114965524,0.09534275281278452,0.2496425410226731,0.6180124821421374,,,POINT (NaN NaN),GBR
1101,1101,0.0008748906386701663,0.028975581204713684,0.0015553611354136288,0.0,2.231553398729358e-87,2.1666666666666665,0.0,0.003910241114965524,0.09534275281278452,0.2496425410226731,0.6180124821421374,,,POINT (NaN NaN),GBR
1102,1102,0.0026246719160104987,0.028975581204713684,0.0008748906386701663,0.0,4.463106797458722e-87,1.0,0.0,0.003910241114965524,0.09534275281278452,0.2496425410226731,0.6180124821421374,,,POINT (NaN NaN),GBR
1103,1103,0.0026246719160104987,0.028975581204713684,0.0015748031496062992,2.298311660254377e-06,2.231553398729358e-87,2.0,0.3333333333333333,0.003910241114965524,0.09534275281278452,0.2496425410226731,0.6180124821421374,,,POINT (NaN NaN),GBR
1104,1104,0.0026246719160104987,0.028975581204713684,0.0031246094238220226,0.0,1.5397718451232584e-85,4.0,0.6666666666666666,0.003910241114965524,0.09534275281278452,0.2496425410226731,0.6180124821421374,,,POINT (NaN NaN),GBR
1105,1105,0.0,0.028975581204713684,0.0,0.0,4.098716271507244e-127,0.0,0.0,0.003910241114965524,0.09534275281278452,0.2496425410226731,0.6180124821421374,,,POINT (NaN NaN),GBR
1106,1106,0.0008748906386701663,0.028975581204713684,0.0,0.0,4.098716271507244e-127,0.0,0.0,0.003910241114965524,0.09534275281278452,0.2496425410226731,0.6180124821421374,,,POINT (NaN NaN),GBR
1107,1107,0.0008748906386701663,0.028975581204713684,0.0008748906386701663,0.0,2.231553398729358e-87,1.0,0.0,0.003910241114965524,0.09534275281278452,0.2496425410226731,0.6180124821421374,,,POINT (NaN NaN),GBR
1108,1108,0.003499562554680665,0.028975581204713684,0.0015748031496062992,0.0,1.5174563111359647e-85,2.0,1.0,0.003910241114965524,0.09534275281278452,0.2496425410226731,0.6180124821421374,,,POINT (NaN NaN),GBR
1109,1109,0.0017497812773403325,0.028975581204713684,0.0,0.0,2.231553398729358e-87,0.0,0.0,0.003910241114965524,0.09534275281278452,0.2496425410226731,0.6180124821421374,,,POINT (NaN NaN),GBR
1110,1110,0.003499562554680665,0.028975581204713684,0.0008748906386701663,0.0,3.914294331200929e-64,1.0,0.0,0.003910241114965524,0.09534275281278452,0.2496425410226731,0.6180124821421374,,,POINT (NaN NaN),GBR
1111,1111,0.003499562554680665,0.028975581204713684,0.0008748906386701663,0.0,3.914294331200929e-64,1.0,0.0,0.003910241114965524,0.09534275281278452,0.2496425410226731,0.6180124821421374,,,POINT (NaN NaN),GBR
1112,1112,0.0026246719160104987,0.028975581204713684,0.0,0.0,2.231553398729358e-87,0.0,0.0,0.003910241114965524,0.09534275281278452,0.2496425410226731,0.6180124821421374,,,POINT (NaN NaN),GBR
1113,1113,0.0017497812773403325,0.028975581204713684,0.0,0.0,2.231553398729358e-87,0.0,0.0,0.003910241114965524,0.09534275281278452,0.2496425410226731,0.6180124821421374,,,POINT (NaN NaN),GBR
1114,1114,0.004374453193350831,0.028975581204713684,0.0017497812773403325,6.128831094011672e-06,2.231553398729358e-87,2.0,0.2,0.003910241114965524,0.09534275281278452,0.2496425410226731,0.6180124821421374,,,POINT (NaN NaN),GBR
1115,1115,0.0008748906386701663,0.028975581204713684,0.0,0.0,4.098716271507244e-127,0.0,0.0,0.003910241114965524,0.09534275281278452,0.2496425410226731,0.6180124821421374,,,POINT (NaN NaN),GBR
1116,1116,0.0026246719160104987,0.028975581204713684,0.0030246219222597173,0.0,2.5016492474829205e-56,5.3500000000000005,1.0,0.003910241114965524,0.09534275281278452,0.2496425410226731,0.6180124821421374,,,POINT (NaN NaN),GBR
1117,1117,0.0,0.028975581204713684,0.0,0.0,4.098716271507244e-127,0.0,0.0,0.003910241114965524,0.09534275281278452,0.2496425410226731,0.6180124821421374,,,POINT (NaN NaN),GBR
1118,1118,0.0017497812773403325,0.028975581204713684,0.0,0.0,2.231553398729358e-87,0.0,0.0,0.003910241114965524,0.09534275281278452,0.2496425410226731,0.6180124821421374,,,POINT (NaN NaN),GBR
1119,1119,0.005249343832020997,0.028975581204713684,0.0025217436055787142,2.374922048929523e-05,2.0724341742834354e-56,3.7500000000000004,0.0,0.003910241114965524,0.09534275281278452,0.2496425410226731,0.6180124821421374,,,POINT (NaN NaN),GBR
1120,1120,0.006124234470691164,0.028975581204713684,0.0018638974476016584,2.1450908829040853e-05,1.4654322581985607e-56,2.783333333333333,0.5,0.003910241114965524,0.09534275281278452,0.2496425410226731,0.6180124821421374,,,POINT (NaN NaN),GBR
1121,1121,0.004374453193350831,0.028975581204713684,0.0032976647149875493,2.298311660254377e-05,1.4654322581985607e-56,4.333333333333333,0.0,0.003910241114965524,0.09534275281278452,0.2496425410226731,0.6180124821421374,,,POINT (NaN NaN),GBR
1122,1122,0.004374453193350831,0.028975581204713684,0.0018062258346738915,0.0,1.036217087141718e-56,2.85,1.0,0.003910241114965524,0.09534275281278452,0.2496425410226731,0.6180124821421374,,,POINT (NaN NaN),GBR
1123,1123,0.006124234470691164,0.028975581204713684,0.0026511837535459584,7.66103886751459e-06,3.5378662367672803e-56,4.8500000000000005,0.5,0.003910241114965524,0.09534275281278452,0.2496425410226731,0.6180124821421374,,,POINT (NaN NaN),GBR
1124,1124,0.0026246719160104987,0.028975581204713684,0.0,0.0,2.231553398729358e-87,0.0,0.0,0.003910241114965524,0.09534275281278452,0.2496425410226731,0.6180124821421374,,,POINT (NaN NaN),GBR
1125,1125,0.003499562554680665,0.028975581204713684,0.0020830729492146813,0.0,2.501649149625562e-56,3.4261904761904756,0.0,0.003910241114965524,0.09534275281278452,0.2496425410226731,0.6180124821421374,,,POINT (NaN NaN),GBR
1126,1126,0.0008748906386701663,0.028975581204713684,0.0008748906386701663,0.0,5.451292641104643e-125,1.0,0.0,0.003910241114965524,0.09534275281278452,0.2496425410226731,0.6180124821421374,,,POINT (NaN NaN),GBR
1127,1127,0.005249343832020997,0.028975581204713684,0.002799650043744532,2.1450908829040853e-05,5.122530826783247e-84,3.5,0.16666666666666666,0.003910241114965524,0.09534275281278452,0.2496425410226731,0.6180124821421374,,,POINT (NaN NaN),GBR
1128,1128,0.0017497812773403325,0.028975581204713684,0.0,0.0,2.231553398729358e-87,0.0,0.0,0.003910241114965524,0.09534275281278452,0.2496425410226731,0.6180124821421374,,,POINT (NaN NaN),GBR
1129,1129,0.0017497812773403325,0.028975581204713684,0.0,0.0,4.098716271507244e-127,0.0,0.0,0.003910241114965524,0.09534275281278452,0.2496425410226731,0.6180124821421374,,,POINT (NaN NaN),GBR
1130,1130,0.0017497812773403325,0.028975581204713684,0.0,0.0,2.231553398729358e-87,0.0,0.0,0.003910241114965524,0.09534275281278452,0.2496425410226731,0.6180124821421374,,,POINT (NaN NaN),GBR
1131,1131,0.004374453193350831,0.028975581204713684,0.0017497812773403325,6.128831094011672e-06,1.5174563111359655e-85,2.0,0.3333333333333333,0.003910241114965524,0.09534275281278452,0.2496425410226731,0.6180124821421374,,,POINT (NaN NaN),GBR
1132,1132,0.004374453193350831,0.028975581204713684,0.002799650043744532,0.0,2.9010194183481654e-86,3.5,0.6666666666666666,0.003910241114965524,0.09534275281278452,0.2496425410226731,0.6180124821421374,,,POINT (NaN NaN),GBR
1133,1133,0.0017497812773403325,0.028975581204713684,0.0,0.0,4.098716271507244e-127,0.0,1.0,0.003910241114965524,0.09534275281278452,0.2496425410226731,0.6180124821421374,,,POINT (NaN NaN),GBR
1134,1134,0.0026246719160104987,0.028975581204713684,0.0,0.0,2.231553398729358e-87,0.0,0.0,0.003910241114965524,0.09534275281278452,0.2496425410226731,0.6180124821421374,,,POINT (NaN NaN),GBR
1135,1135,0.0026246719160104987,0.028975581204713684,0.001968503937007874,2.5536796225048634e-07,1.607586199861759e-121,2.5,0.6666666666666666,0.003910241114965524,0.09534275281278452,0.2496425410226731,0.6180124821421374,,,POINT (NaN NaN),GBR
1136,1136,0.003499562554680665,0.028975581204713684,0.0017497812773403325,1.0214718490019454e-06,3.652366069540111e-123,2.0,0.6666666666666666,0.003910241114965524,0.09534275281278452,0.2496425410226731,0.6180124821421374,,,POINT (NaN NaN),GBR
1137,1137,0.0026246719160104987,0.028975581204713684,0.0008748906386701663,2.5536796225048634e-07,5.451292641104643e-125,1.0,0.6666666666666666,0.003910241114965524,0.09534275281278452,0.2496425410226731,0.6180124821421374,,,POINT (NaN NaN),GBR
1138,1138,0.0026246719160104987,0.028975581204713684,0.0,0.0,4.098716271507244e-127,0.0,0.6666666666666666,0.003910241114965524,0.09534275281278452,0.2496425410226731,0.6180124821421374,,,POINT (NaN NaN),GBR
1139,1139,0.0017497812773403325,0.028975581204713684,0.0,0.0,2.231553398729358e-87,0.0,0.0,0.003910241114965524,0.09534275281278452,0.2496425410226731,0.6180124821421374,,,POINT (NaN NaN),GBR
1140,1140,0.0017497812773403325,0.028975581204713684,0.0,0.0,2.231553398729358e-87,0.0,0.0,0.003910241114965524,0.09534275281278452,0.2496425410226731,0.6180124821421374,,,POINT (NaN NaN),GBR
1141,1141,0.0017497812773403325,0.028975581204713684,0.0,0.0,2.231553398729358e-87,0.0,0.0,0.003910241114965524,0.09534275281278452,0.2496425410226731,0.6180124821421374,,,POINT (NaN NaN),GBR
1142,1142,0.0017497812773403325,0.028975581204713684,0.0,0.0,2.231553398729358e-87,0.0,0.0,0.003910241114965524,0.09534275281278452,0.2496425410226731,0.6180124821421374,,,POINT (NaN NaN),GBR
1143,1143,0.0017497812773403325,0.028975581204713684,0.0,0.0,2.231553398729358e-87,0.0,0.0,0.003910241114965524,0.09534275281278452,0.2496425410226731,0.6180124821421374,,,POINT (NaN NaN),GBR
1144,0,1.7318435754189945,0.22779486535685148,0.8325581395348837,0.0008221532131684996,0.0692300401652986,161.0,0.9917960088691796,0.8566418373680944,0.9840322593883926,0.9079578097200904,0.9918949121337004,73.1615676879883,-0.629658222198486,POINT (73.1615676879883 -0.629658222198486),IO
1145,1,1.7039106145251397,0.22779486535685148,0.817351598173516,0.0007609992780675782,0.06703138032579194,159.0,0.9916205297022296,0.8566418373680944,0.9840322593883926,0.9079578097200904,0.9918949121337004,73.4145431518555,-0.299794942140579,POINT (73.4145431518555 -0.299794942140579),IO
1146,2,1.6648044692737431,0.22779486535685148,0.7427385892116183,0.001460813853437901,0.056086071569910086,148.0,0.9737618479693679,0.8566418373680944,0.9840322593883926,0.9079578097200904,0.9918949121337004,70.8493347167969,-7.58122968673706,POINT (70.8493347167969 -7.58122968673706),IO
1147,3,1.5977653631284916,0.22779486535685148,0.7047244094488189,0.0011537264157142964,0.05014207186028409,141.83333333333331,0.9737618479693679,0.8566418373680944,0.9840322593883926,0.9079578097200904,0.9918949121337004,71.4388427734375,-7.25930309295654,POINT (71.4388427734375 -7.25930309295654),IO
1148,4,1.6145251396648046,0.22779486535685148,0.7131474103585658,0.001253401861829303,0.05178296816500947,143.33333333333331,0.9737618479693679,0.8566418373680944,0.9840322593883926,0.9079578097200904,0.9918949121337004,71.3569107055664,-7.07410001754761,POINT (71.3569107055664 -7.07410001754761),IO
1149,5,1.6368715083798884,0.22779486535685148,0.7276422764227642,0.0013346776611894368,0.053707119303127694,145.5,0.9737618479693679,0.8566418373680944,0.9840322593883926,0.9079578097200904,0.9918949121337004,71.1980972290039,-6.95996236801147,POINT (71.1980972290039 -6.95996236801147),IO
1150,6,1.446927374301676,0.22779486535685148,0.6392857142857142,0.0006114236618362587,0.03674586234037316,129.16666666666666,0.976502311248074,0.8566418373680944,0.9840322593883926,0.9079578097200904,0.9918949121337004,72.4337310791016,-7.33021450042725,POINT (72.4337310791016 -7.33021450042725),IO
1151,7,1.463687150837989,0.22779486535685148,0.6485507246376812,0.0006013087944156388,0.03816742220407012,130.83333333333331,0.976502311248074,0.8566418373680944,0.9840322593883926,0.9079578097200904,0.9918949121337004,71.6958389282227,-6.6157374382019,POINT (71.6958389282227 -6.6157374382019),IO
1152,8,1.5865921787709498,0.22779486535685148,0.69921875,0.0011490468605387274,0.049099925010819785,140.83333333333331,0.9737618479693679,0.8566418373680944,0.9840322593883926,0.9079578097200904,0.9918949121337004,71.3527297973633,-6.51969766616821,POINT (71.3527297973633 -6.51969766616821),IO
1153,9,1.5418994413407823,0.22779486535685148,0.678030303030303,0.0008435290423723683,0.04471990051740134,136.83333333333331,0.9737618479693679,0.8566418373680944,0.9840322593883926,0.9079578097200904,0.9918949121337004,71.3861999511719,-6.26526641845703,POINT (71.3861999511719 -6.26526641845703),IO
1154,10,1.463687150837989,0.22779486535685148,0.6485507246376812,0.0005933991343035114,0.03817191253845308,130.83333333333331,0.976502311248074,0.8566418373680944,0.9840322593883926,0.9079578097200904,0.9918949121337004,71.6470031738281,-6.31963205337524,POINT (71.6470031738281 -6.31963205337524),IO
1155,11,1.4301675977653632,0.22779486535685148,0.6325088339222615,0.0004404742095412189,0.03484608693520566,127.66666666666666,0.976502311248074,0.8566418373680944,0.9840322593883926,0.9079578097200904,0.9918949121337004,71.9922027587891,-6.20155954360962,POINT (71.9922027587891 -6.20155954360962),IO
1156,12,1.5307262569832403,0.22779486535685148,0.678030303030303,0.0008651706083970133,0.044694421572017064,136.83333333333331,0.976502311248074,0.8566418373680944,0.9840322593883926,0.9079578097200904,0.9918949121337004,71.5873718261719,-6.07008361816406,POINT (71.5873718261719 -6.07008361816406),IO
1157,13,1.4972067039106145,0.22779486535685148,0.662962962962963,0.0007089066524552912,0.04140113417445492,133.83333333333331,0.976502311248074,0.8566418373680944,0.9840322593883926,0.9079578097200904,0.9918949121337004,71.6727981567383,-5.88501644134522,POINT (71.6727981567383 -5.88501644134522),IO
1158,14,1.5027932960893855,0.22779486535685148,0.6654275092936803,0.0007234525161616774,0.04195025011643877,134.33333333333331,0.976502311248074,0.8566418373680944,0.9840322593883926,0.9079578097200904,0.9918949121337004,71.9089508056641,-5.92900991439819,POINT (71.9089508056641 -5.92900991439819),IO
1159,15,1.4748603351955307,0.22779486535685148,0.6580882352941176,0.0007016610056059798,0.04030037314294746,132.83333333333331,0.977799671592775,0.8566418373680944,0.9840322593883926,0.9079578097200904,0.9918949121337004,72.1115417480469,-5.69711780548096,POINT (72.1115417480469 -5.69711780548096),IO
1160,16,1.452513966480447,0.22779486535685148,0.6485507246376812,0.0005784463074207406,0.03811134148965982,130.83333333333331,0.977799671592775,0.8566418373680944,0.9840322593883926,0.9079578097200904,0.9918949121337004,72.367317199707,-5.74156522750855,POINT (72.367317199707 -5.74156522750855),IO
1161,17,1.4357541899441342,0.22779486535685148,0.6392857142857142,0.000506886782199361,0.03647646904524126,129.16666666666666,0.977799671592775,0.8566418373680944,0.9840322593883926,0.9079578097200904,0.9918949121337004,72.6323165893555,-5.81217050552368,POINT (72.6323165893555 -5.81217050552368),IO
1162,18,1.4357541899441342,0.22779486535685148,0.6415770609318996,0.0005159866668384124,0.036466935443973066,129.33333333333331,0.977799671592775,0.8566418373680944,0.9840322593883926,0.9079578097200904,0.9918949121337004,72.3787994384766,-5.94890880584717,POINT (72.3787994384766 -5.94890880584717),IO
1163,19,1.3966480446927374,0.22779486535685148,0.6236933797909407,0.0004203261383625476,0.03267457393033622,125.66666666666666,0.977799671592775,0.8566418373680944,0.9840322593883926,0.9079578097200904,0.9918949121337004,72.6324920654297,-6.14600658416748,POINT (72.6324920654297 -6.14600658416748),IO
1164,20,1.3910614525139666,0.22779486535685148,0.6172413793103448,0.0003351839024532897,0.031037187366572214,124.16666666666666,0.976502311248074,0.8566418373680944,0.9840322593883926,0.9079578097200904,0.9918949121337004,72.369758605957,-6.40780115127564,POINT (72.369758605957 -6.40780115127564),IO
1165,21,1.4189944134078212,0.22779486535685148,0.6280701754385964,0.00041859943373149584,0.03377786410938347,126.66666666666666,0.976502311248074,0.8566418373680944,0.9840322593883926,0.9079578097200904,0.9918949121337004,72.2612075805664,-6.70978593826294,POINT (72.2612075805664 -6.70978593826294),IO
1166,22,1.5251396648044693,0.22779486535685148,0.6911196911196911,0.0009733939868510159,0.046682717178730904,139.0,0.9784441724466204,0.8566418373680944,0.9840322593883926,0.9079578097200904,0.9918949121337004,71.84033203125,-5.33932161331177,POINT (71.84033203125 -5.33932161331177),IO
1167,23,1.5195530726256983,0.22779486535685148,0.6884615384615385,0.000999567704876766,0.046205613019748196,138.5,0.9784441724466204,0.8566418373680944,0.9840322593883926,0.9079578097200904,0.9918949121337004,72.314582824707,-5.33153867721558,POINT (72.314582824707 -5.33153867721558),IO
1168,24,1.5754189944134078,0.22779486535685148,0.716,0.0012516337711343819,0.05165350608026043,143.5,0.9784441724466204,0.8566418373680944,0.9840322593883926,0.9079578097200904,0.9918949121337004,72.3627471923828,-4.89843940734863,POINT (72.3627471923828 -4.89843940734863),IO
1169,25,0.9329608938547487,0.22779486535685148,0.5424242424242425,0.0006162626603525835,0.009363844236715999,106.5,0.9778668525618682,0.8566418373680944,0.9840322593883926,0.9079578097200904,0.9918949121337004,57.3820419311523,-20.3691177368164,POINT (57.3820419311523 -20.3691177368164),IO
1170,26,1.0167597765363128,0.22779486535685148,0.5424242424242425,0.0002750823367077925,0.009727274105476061,106.5,0.9778515258639348,0.8566418373680944,0.9840322593883926,0.9079578097200904,0.9918949121337004,57.6751480102539,-19.9987506866455,POINT (57.6751480102539 -19.9987506866455),IO
1171,27,0.9162011173184358,0.22779486535685148,0.5440729483282675,0.0005950274413947735,0.00986864064751356,107.0,0.9787774351532741,0.8566418373680944,0.9840322593883926,0.9079578097200904,0.9918949121337004,57.7507133483887,-20.3807334899902,POINT (57.7507133483887 -20.3807334899902),IO
1172,28,0.9385474860335196,0.22779486535685148,0.5559006211180124,5.510098141036737e-05,0.014937926563875006,110.16666666666666,0.9795807453416149,0.8566418373680944,0.9840322593883926,0.9079578097200904,0.9918949121337004,63.3773460388184,-19.7440433502197,POINT (63.3773460388184 -19.7440433502197),IO
1173,29,1.111731843575419,0.22779486535685148,0.5700636942675159,0.0001243132829749674,0.018940840943523905,114.16666666666666,0.9750256805341551,0.8566418373680944,0.9840322593883926,0.9079578097200904,0.9918949121337004,59.6190452575684,-16.5856266021729,POINT (59.6190452575684 -16.5856266021729),IO
1174,30,1.8100558659217878,0.22779486535685148,0.8483412322274881,0.001691959451490072,0.0703944920086479,163.0,0.9746080111724751,0.8566418373680944,0.9840322593883926,0.9079578097200904,0.9918949121337004,56.647331237793,-10.4175081253052,POINT (56.647331237793 -10.4175081253052),IO
1175,31,1.8547486033519553,0.22779486535685148,0.9728260869565217,0.0007302124308892039,0.08249207418135555,176.5,0.9874807395993837,0.8566418373680944,0.9840322593883926,0.9079578097200904,0.9918949121337004,46.2614326477051,-9.48230743408203,POINT (46.2614326477051 -9.48230743408203),IO
1176,32,1.8547486033519553,0.22779486535685148,0.9728260869565217,0.0007502606962065076,0.08249207418135555,176.5,0.9874807395993837,0.8566418373680944,0.9840322593883926,0.9079578097200904,0.9918949121337004,46.2545433044434,-9.36136722564697,POINT (46.2545433044434 -9.36136722564697),IO
1177,33,1.916201117318436,0.22779486535685148,0.9728260869565217,0.0012872146571722397,0.08249207418135555,176.5,0.9874807395993837,0.8566418373680944,0.9840322593883926,0.9079578097200904,0.9918949121337004,46.4584617614746,-9.36826705932617,POINT (46.4584617614746 -9.36826705932617),IO
1178,34,1.8938547486033521,0.22779486535685148,0.9728260869565217,0.0010069923052498273,0.08249207418135555,176.5,0.9874807395993837,0.8566418373680944,0.9840322593883926,0.9079578097200904,0.9918949121337004,46.4583282470703,-9.45389175415039,POINT (46.4583282470703 -9.45389175415039),IO
1179,35,1.899441340782123,0.22779486535685148,0.9781420765027322,0.0010920306861528632,0.08302828319407439,177.0,0.9874807395993837,0.8566418373680944,0.9840322593883926,0.9079578097200904,0.9918949121337004,46.5133323669434,-9.7256965637207,POINT (46.5133323669434 -9.7256965637207),IO
1180,36,1.9273743016759777,0.22779486535685148,0.9728260869565217,0.0013940952822234013,0.08249207418135555,176.5,0.9874807395993837,0.8566418373680944,0.9840322593883926,0.9079578097200904,0.9918949121337004,47.5824203491211,-9.71393489837647,POINT (47.5824203491211 -9.71393489837647),IO
1181,37,1.8826815642458101,0.22779486535685148,0.9728260869565217,0.0009365780598193152,0.08249207418135555,176.5,0.9874807395993837,0.8566418373680944,0.9840322593883926,0.9079578097200904,0.9918949121337004,47.7388229370117,-10.0787000656128,POINT (47.7388229370117 -10.0787000656128),IO
1182,38,1.8826815642458101,0.22779486535685148,0.9322916666666666,0.0011014403268811948,0.07841303302342376,172.5,0.9874807395993837,0.8566418373680944,0.9840322593883926,0.9079578097200904,0.9918949121337004,50.3781852722168,-9.97075271606445,POINT (50.3781852722168 -9.97075271606445),IO
1183,39,1.8770949720670391,0.22779486535685148,0.9322916666666666,0.0010842190909251793,0.07841303302342376,172.5,0.9874807395993837,0.8566418373680944,0.9840322593883926,0.9079578097200904,0.9918949121337004,50.7775001525879,-10.0197677612305,POINT (50.7775001525879 -10.0197677612305),IO
1184,40,1.8491620111731844,0.22779486535685148,0.9040404040404041,0.0010135266873133877,0.0752106047459434,169.5,0.9874807395993837,0.8566418373680944,0.9840322593883926,0.9079578097200904,0.9918949121337004,51.0973129272461,-10.17893409729,POINT (51.0973129272461 -10.17893409729),IO
1185,41,1.8659217877094973,0.22779486535685148,0.9179487179487179,0.0010549139053666978,0.07714659991076754,171.0,0.9874807395993837,0.8566418373680944,0.9840322593883926,0.9079578097200904,0.9918949121337004,51.2024993896484,-9.78334999084473,POINT (51.2024993896484 -9.78334999084473),IO
1186,42,1.8491620111731844,0.22779486535685148,0.9040404040404041,0.001019856877414347,0.0759257215315512,169.5,0.9874807395993837,0.8566418373680944,0.9840322593883926,0.9079578097200904,0.9918949121337004,51.3349990844727,-9.70697021484375,POINT (51.3349990844727 -9.70697021484375),IO
1187,43,1.8826815642458101,0.22779486535685148,0.9226804123711341,0.0012306206001141994,0.07791541864460597,171.5,0.9874807395993837,0.8566418373680944,0.9840322593883926,0.9079578097200904,0.9918949121337004,51.042552947998,-9.4032564163208,POINT (51.042552947998 -9.4032564163208),IO
1188,44,1.8715083798882681,0.22779486535685148,0.9226804123711341,0.0010448129510660876,0.07791541864460597,171.5,0.9876623376623377,0.8566418373680944,0.9840322593883926,0.9079578097200904,0.9918949121337004,50.7300033569336,-9.33714866638184,POINT (50.7300033569336 -9.33714866638184),IO
1189,45,1.8603351955307263,0.22779486535685148,0.9086294416243654,0.0010712751004417341,0.07769274220930524,170.0,0.9922704664605457,0.8566418373680944,0.9840322593883926,0.9079578097200904,0.9918949121337004,51.0560035705566,-8.80194282531738,POINT (51.0560035705566 -8.80194282531738),IO
1190,46,1.8882681564245811,0.22779486535685148,0.9086294416243654,0.0016220254346951176,0.07806363527446676,170.0,0.9787192118226601,0.8566418373680944,0.9840322593883926,0.9079578097200904,0.9918949121337004,52.75,-7.12040948867798,POINT (52.75 -7.12040948867798),IO
1191,47,1.8938547486033521,0.22779486535685148,0.9132653061224489,0.0016386529747589736,0.07812702326070545,170.5,0.9781818181818182,0.8566418373680944,0.9840322593883926,0.9079578097200904,0.9918949121337004,52.7446098327637,-7.02346229553223,POINT (52.7446098327637 -7.02346229553223),IO
1192,48,1.905027932960894,0.22779486535685148,0.9226804123711341,0.0020038308874081832,0.07914411503787311,171.5,0.9781818181818182,0.8566418373680944,0.9840322593883926,0.9079578097200904,0.9918949121337004,53.1011123657227,-6.2088623046875,POINT (53.1011123657227 -6.2088623046875),IO
1193,49,1.8938547486033521,0.22779486535685148,0.9132653061224489,0.0016386529747589736,0.07812702326070545,170.5,0.9781818181818182,0.8566418373680944,0.9840322593883926,0.9079578097200904,0.9918949121337004,52.8511123657227,-6.07961177825928,POINT (52.8511123657227 -6.07961177825928),IO
1194,50,1.8938547486033521,0.22779486535685148,0.9132653061224489,0.0016386529747589736,0.07812702326070545,170.5,0.9781818181818182,0.8566418373680944,0.9840322593883926,0.9079578097200904,0.9918949121337004,53.0699996948242,-6.01773691177368,POINT (53.0699996948242 -6.01773691177368),IO
1195,51,1.8938547486033521,0.22779486535685148,0.9132653061224489,0.0016386529747589736,0.07812702326070545,170.5,0.9781818181818182,0.8566418373680944,0.9840322593883926,0.9079578097200904,0.9918949121337004,53.1100006103516,-5.78896188735962,POINT (53.1100006103516 -5.78896188735962),IO
1196,52,1.8938547486033521,0.22779486535685148,0.9132653061224489,0.0016386529747589736,0.07812702326070545,170.5,0.9781818181818182,0.8566418373680944,0.9840322593883926,0.9079578097200904,0.9918949121337004,53.3099975585938,-5.75911378860474,POINT (53.3099975585938 -5.75911378860474),IO
1197,53,1.899441340782123,0.22779486535685148,0.9179487179487179,0.0017385372215805398,0.07866873687817998,171.0,0.9781818181818182,0.8566418373680944,0.9840322593883926,0.9079578097200904,0.9918949121337004,53.6511077880859,-5.64766931533814,POINT (53.6511077880859 -5.64766931533814),IO
1198,54,1.8938547486033521,0.22779486535685148,0.9132653061224489,0.0016386529747589736,0.07812702326070545,170.5,0.9781818181818182,0.8566418373680944,0.9840322593883926,0.9079578097200904,0.9918949121337004,53.3304748535156,-5.4245285987854,POINT (53.3304748535156 -5.4245285987854),IO
1199,55,1.8938547486033521,0.22779486535685148,0.9179487179487179,0.001530890721782238,0.07866873687817998,171.0,0.9791133004926108,0.8566418373680944,0.9840322593883926,0.9079578097200904,0.9918949121337004,53.3327255249023,-5.10390186309815,POINT (53.3327255249023 -5.10390186309815),IO
1200,56,1.8882681564245811,0.22779486535685148,0.9179487179487179,0.0014270161795129645,0.07866873687817998,171.0,0.986645405620889,0.8566418373680944,0.9840322593883926,0.9079578097200904,0.9918949121337004,53.3781852722168,-4.89017534255981,POINT (53.3781852722168 -4.89017534255981),IO
1201,57,1.8938547486033521,0.22779486535685148,0.9040404040404041,0.002487789344090653,0.07745545173847361,169.5,0.976502311248074,0.8566418373680944,0.9840322593883926,0.9079578097200904,0.9918949121337004,55.3307952880859,-5.9122805595398,POINT (55.3307952880859 -5.9122805595398),IO
1202,58,1.899441340782123,0.22779486535685148,0.9040404040404041,0.0030632163972901675,0.07756988633673542,169.5,0.9750523709769567,0.8566418373680944,0.9840322593883926,0.9079578097200904,0.9918949121337004,56.21875,-7.13322448730469,POINT (56.21875 -7.13322448730469),IO
1203,59,1.8826815642458101,0.22779486535685148,0.9086294416243654,0.0014370840401613473,0.07757888791214321,170.0,0.9791133004926108,0.8566418373680944,0.9840322593883926,0.9079578097200904,0.9918949121337004,55.2362518310547,-4.4680700302124,POINT (55.2362518310547 -4.4680700302124),IO
1204,60,1.8715083798882681,0.22779486535685148,0.8994974874371859,0.0013973162498822954,0.07696170280074227,169.0,0.9791133004926108,0.8566418373680944,0.9840322593883926,0.9079578097200904,0.9918949121337004,55.5099983215332,-4.77189683914185,POINT (55.5099983215332 -4.77189683914185),IO
1205,61,1.8715083798882681,0.22779486535685148,0.895,0.0015530343199959718,0.07685102744235194,168.5,0.9787192118226601,0.8566418373680944,0.9840322593883926,0.9079578097200904,0.9918949121337004,55.4049987792969,-4.65372800827026,POINT (55.4049987792969 -4.65372800827026),IO
1206,62,1.8770949720670391,0.22779486535685148,0.8994974874371859,0.001578108023331758,0.07739206375223492,169.0,0.9787192118226601,0.8566418373680944,0.9840322593883926,0.9079578097200904,0.9918949121337004,55.4895210266113,-4.60768795013428,POINT (55.4895210266113 -4.60768795013428),IO
1207,63,1.8659217877094973,0.22779486535685148,0.8905472636815921,0.0015265342424162494,0.07635727850462058,168.0,0.9787192118226601,0.8566418373680944,0.9840322593883926,0.9079578097200904,0.9918949121337004,55.7649955749512,-4.58395671844482,POINT (55.7649955749512 -4.58395671844482),IO
1208,64,1.8770949720670391,0.22779486535685148,0.9040404040404041,0.0014211196145365048,0.07745545173847361,169.5,0.9791133004926108,0.8566418373680944,0.9840322593883926,0.9079578097200904,0.9918949121337004,55.939998626709,-4.58395671844482,POINT (55.939998626709 -4.58395671844482),IO
1209,65,1.8770949720670391,0.22779486535685148,0.8994974874371859,0.0015795609314905525,0.07744645016306581,169.0,0.9787192118226601,0.8566418373680944,0.9840322593883926,0.9079578097200904,0.9918949121337004,55.8663597106934,-4.334716796875,POINT (55.8663597106934 -4.334716796875),IO
1210,66,1.8715083798882681,0.22779486535685148,0.895,0.001554487228154767,0.07690541385318284,168.5,0.9787192118226601,0.8566418373680944,0.9840322593883926,0.9079578097200904,0.9918949121337004,55.7356491088867,-4.31954288482666,POINT (55.7356491088867 -4.31954288482666),IO
1211,67,1.8659217877094973,0.22779486535685148,0.895,0.001383567992221171,0.07690541385318284,168.5,0.9796691249750847,0.8566418373680944,0.9840322593883926,0.9079578097200904,0.9918949121337004,55.6699981689453,-4.21505260467529,POINT (55.6699981689453 -4.21505260467529),IO
1212,68,1.8770949720670391,0.22779486535685148,0.9040404040404041,0.0014220763915517127,0.07756988633673542,169.5,0.9796691249750847,0.8566418373680944,0.9840322593883926,0.9079578097200904,0.9918949121337004,55.6614265441895,-3.78895735740662,POINT (55.6614265441895 -3.78895735740662),IO
1213,69,1.4413407821229052,0.22779486535685148,0.8523809523809524,6.314628845403576e-05,0.07552696919979777,163.5,0.9975920192638459,0.8566418373680944,0.9840322593883926,0.9079578097200904,0.9918949121337004,43.6712493896484,-23.4277629852295,POINT (43.6712493896484 -23.4277629852295),IO
1214,70,1.4078212290502794,0.22779486535685148,0.8325581395348837,4.521380651710521e-05,0.07278018217172401,161.0,0.9975920192638459,0.8566418373680944,0.9840322593883926,0.9079578097200904,0.9918949121337004,43.5075912475586,-23.0495567321777,POINT (43.5075912475586 -23.0495567321777),IO
1215,71,1.458100558659218,0.22779486535685148,0.8689320388349514,4.0779749849860356e-05,0.074082352887118,165.5,0.9933481152993349,0.8566418373680944,0.9840322593883926,0.9079578097200904,0.9918949121337004,43.2599983215332,-22.4930915832519,POINT (43.2599983215332 -22.4930915832519),IO
1216,72,1.5921787709497208,0.22779486535685148,0.9781420765027322,9.902615866685461e-05,0.08350248942269259,177.0,0.9892857142857143,0.8566418373680944,0.9840322593883926,0.9079578097200904,0.9918949121337004,43.2493438720703,-21.9015083312988,POINT (43.2493438720703 -21.9015083312988),IO
1217,73,1.5307262569832403,0.22779486535685148,0.927461139896373,5.94030097661015e-05,0.07802906461565307,172.0,0.9892857142857143,0.8566418373680944,0.9840322593883926,0.9079578097200904,0.9918949121337004,43.695858001709,-21.1533050537109,POINT (43.695858001709 -21.1533050537109),IO
1218,74,1.5307262569832403,0.22779486535685148,0.927461139896373,6.353077186194145e-05,0.07803257435661443,172.0,0.9892857142857143,0.8566418373680944,0.9840322593883926,0.9079578097200904,0.9918949121337004,43.9131813049316,-20.7375869750977,POINT (43.9131813049316 -20.7375869750977),IO
1219,75,1.7374301675977655,0.22779486535685148,0.988950276243094,0.00025343564470832746,0.08410531383875108,178.0,0.9874807395993837,0.8566418373680944,0.9840322593883926,0.9079578097200904,0.9918949121337004,43.895622253418,-18.3464431762695,POINT (43.895622253418 -18.3464431762695),IO
1220,76,1.7486033519553073,0.22779486535685148,0.9781420765027322,0.00026520591806468235,0.08301606262354934,177.0,0.9874807395993837,0.8566418373680944,0.9840322593883926,0.9079578097200904,0.9918949121337004,43.695556640625,-17.4171237945557,POINT (43.695556640625 -17.4171237945557),IO
1221,77,1.7486033519553073,0.22779486535685148,0.9421052631578948,0.00029761110139000173,0.07919575469176024,173.5,0.9874807395993837,0.8566418373680944,0.9840322593883926,0.9079578097200904,0.9918949121337004,44.2472724914551,-16.4014301300049,POINT (44.2472724914551 -16.4014301300049),IO
1222,78,1.6648044692737431,0.22779486535685148,0.9086294416243654,0.00021162371099721645,0.07576043917492441,170.0,0.9876623376623377,0.8566418373680944,0.9840322593883926,0.9079578097200904,0.9918949121337004,45.2304000854492,-15.9803733825684,POINT (45.2304000854492 -15.9803733825684),IO
1223,79,1.7430167597765365,0.22779486535685148,0.9322916666666666,0.0002950546503552281,0.07810299373559712,172.5,0.9874807395993837,0.8566418373680944,0.9840322593883926,0.9079578097200904,0.9918949121337004,46.0824394226074,-15.7201557159424,POINT (46.0824394226074 -15.7201557159424),IO
1224,80,1.7541899441340782,0.22779486535685148,0.9421052631578948,0.0003041331009220257,0.07919575469176024,173.5,0.9874807395993837,0.8566418373680944,0.9840322593883926,0.9079578097200904,0.9918949121337004,46.9476013183594,-15.217565536499,POINT (46.9476013183594 -15.217565536499),IO
1225,81,1.776536312849162,0.22779486535685148,0.9623655913978495,0.00035455423736727995,0.08137516631882397,175.5,0.9874807395993837,0.8566418373680944,0.9840322593883926,0.9079578097200904,0.9918949121337004,47.2458038330078,-14.8853015899658,POINT (47.2458038330078 -14.8853015899658),IO
1226,82,1.7988826815642458,0.22779486535685148,0.9781420765027322,0.0005738321214282289,0.0826280428352529,177.0,0.9808925284072875,0.8566418373680944,0.9840322593883926,0.9079578097200904,0.9918949121337004,47.6083602905273,-14.5110235214233,POINT (47.6083602905273 -14.5110235214233),IO
1227,83,1.793296089385475,0.22779486535685148,0.9675675675675676,0.0005737953934973121,0.08153528187908976,176.0,0.9808925284072875,0.8566418373680944,0.9840322593883926,0.9079578097200904,0.9918949121337004,47.8452568054199,-14.0724840164185,POINT (47.8452568054199 -14.0724840164185),IO
1228,84,1.7988826815642458,0.22779486535685148,0.9728260869565217,0.00035630885475206004,0.08247754730121098,176.5,0.9874807395993837,0.8566418373680944,0.9840322593883926,0.9079578097200904,0.9918949121337004,47.9468269348145,-13.6668510437012,POINT (47.9468269348145 -13.6668510437012),IO
1229,85,1.7430167597765365,0.22779486535685148,0.9226804123711341,0.0003059712096709471,0.07701374252039535,171.5,0.9874807395993837,0.8566418373680944,0.9840322593883926,0.9079578097200904,0.9918949121337004,48.3329277038574,-13.3650178909302,POINT (48.3329277038574 -13.3650178909302),IO
1230,86,1.7486033519553073,0.22779486535685148,0.9226804123711341,0.0003278168155669514,0.07701374252039535,171.5,0.9874807395993837,0.8566418373680944,0.9840322593883926,0.9079578097200904,0.9918949121337004,48.5922393798828,-12.8991441726685,POINT (48.5922393798828 -12.8991441726685),IO
1231,87,1.8659217877094973,0.22779486535685148,0.9944444444444445,0.0009411151163735012,0.08425580937279299,178.5,0.9808925284072875,0.8566418373680944,0.9840322593883926,0.9079578097200904,0.9918949121337004,46.5279998779297,-12.3301382064819,POINT (46.5279998779297 -12.3301382064819),IO
1232,88,1.782122905027933,0.22779486535685148,0.9421052631578948,0.0003864952177912009,0.0792088844589455,173.5,0.9874807395993837,0.8566418373680944,0.9840322593883926,0.9079578097200904,0.9918949121337004,48.8000030517578,-12.4529800415039,POINT (48.8000030517578 -12.4529800415039),IO
1233,89,1.776536312849162,0.22779486535685148,0.927461139896373,0.00042108862284948235,0.07756447841325875,172.0,0.9874807395993837,0.8566418373680944,0.9840322593883926,0.9079578097200904,0.9918949121337004,49.0082168579102,-12.2066173553467,POINT (49.0082168579102 -12.2066173553467),IO
1234,90,1.681564245810056,0.22779486535685148,0.8403755868544601,0.0016818817346079314,0.06582332812065761,162.0,0.9737618479693679,0.8566418373680944,0.9840322593883926,0.9079578097200904,0.9918949121337004,49.3329200744629,-12.136830329895,POINT (49.3329200744629 -12.136830329895),IO
1235,91,1.6201117318435754,0.22779486535685148,0.8099547511312217,0.0012718230869739717,0.06159473847643825,158.0,0.9737618479693679,0.8566418373680944,0.9840322593883926,0.9079578097200904,0.9918949121337004,49.6011772155762,-12.5545778274536,POINT (49.6011772155762 -12.5545778274536),IO
1236,92,1.6201117318435754,0.22779486535685148,0.8099547511312217,0.001560514223403204,0.06166005900642852,158.0,0.9737618479693679,0.8566418373680944,0.9840322593883926,0.9079578097200904,0.9918949121337004,49.8547515869141,-12.9221792221069,POINT (49.8547515869141 -12.9221792221069),IO
1237,93,1.6256983240223464,0.22779486535685148,0.8026905829596412,0.0024630846707136052,0.060571299792114563,157.0,0.9737618479693679,0.8566418373680944,0.9840322593883926,0.9079578097200904,0.9918949121337004,50.4162864685059,-15.2146463394165,POINT (50.4162864685059 -15.2146463394165),IO
1238,94,1.5754189944134078,0.22779486535685148,0.7782608695652173,0.0019237456527733804,0.05682069701188465,153.5,0.9737618479693679,0.8566418373680944,0.9840322593883926,0.9079578097200904,0.9918949121337004,50.1515731811523,-15.8320055007935,POINT (50.1515731811523 -15.8320055007935),IO
1239,95,1.4748603351955307,0.22779486535685148,0.7396694214876033,0.0017257705325012605,0.05024462138325587,147.5,0.976502311248074,0.8566418373680944,0.9840322593883926,0.9079578097200904,0.9918949121337004,49.8285675048828,-16.434591293335,POINT (49.8285675048828 -16.434591293335),IO
1240,96,1.5307262569832403,0.22779486535685148,0.7552742616033755,0.0018335179264242585,0.05298178838510575,150.0,0.9737618479693679,0.8566418373680944,0.9840322593883926,0.9079578097200904,0.9918949121337004,49.8976821899414,-16.9797611236572,POINT (49.8976821899414 -16.9797611236572),IO
1241,97,1.217877094972067,0.22779486535685148,0.6172413793103448,0.0009022820360489864,0.02611063628555807,124.49999999999999,0.9748853896751046,0.8566418373680944,0.9840322593883926,0.9079578097200904,0.9918949121337004,49.4914970397949,-17.8282833099365,POINT (49.4914970397949 -17.8282833099365),IO
1242,98,0.4916201117318436,0.22779486535685148,0.6047297297297297,0.00015005928044353932,0.023092997433565066,121.49999999999999,0.9592846270928462,0.8566418373680944,0.9840322593883926,0.9079578097200904,0.9918949121337004,48.9314270019531,-19.5032234191895,POINT (48.9314270019531 -19.5032234191895),IO
1243,99,0.4245810055865922,0.22779486535685148,0.5986622073578596,8.18693997015557e-05,0.021692245246998663,119.99999999999999,0.9587519830777367,0.8566418373680944,0.9840322593883926,0.9079578097200904,0.9918949121337004,48.0333366394043,-22.148307800293,POINT (48.0333366394043 -22.148307800293),IO
1244,100,1.5363128491620113,0.22779486535685148,0.927461139896373,0.00010331442579487365,0.08080839318727266,172.0,0.9921655580192166,0.8566418373680944,0.9840322593883926,0.9079578097200904,0.9918949121337004,40.3600044250488,-22.3483390808105,POINT (40.3600044250488 -22.3483390808105),IO
1245,101,1.6089385474860336,0.22779486535685148,0.9728260869565217,0.00014268434053100725,0.08311991704692803,176.5,0.9899010032555976,0.8566418373680944,0.9840322593883926,0.9079578097200904,0.9918949121337004,39.6782836914062,-21.4802646636963,POINT (39.6782836914062 -21.4802646636963),IO
1246,102,1.8100558659217878,0.22779486535685148,0.988950276243094,0.0004255281321647616,0.08410531383875108,178.0,0.9874807395993837,0.8566418373680944,0.9840322593883926,0.9079578097200904,0.9918949121337004,42.7200012207031,-17.0510330200195,POINT (42.7200012207031 -17.0510330200195),IO
1247,103,1.8659217877094973,0.22779486535685148,0.988950276243094,0.0009811643042307242,0.08371118376519211,178.0,0.9808925284072875,0.8566418373680944,0.9840322593883926,0.9079578097200904,0.9918949121337004,47.3514213562012,-11.5232629776001,POINT (47.3514213562012 -11.5232629776001),IO
1248,104,1.1675977653631284,0.22779486535685148,0.5774193548387097,0.0001443558348652806,0.020257153925657953,116.16666666666666,0.9750256805341551,0.8566418373680944,0.9840322593883926,0.9079578097200904,0.9918949121337004,54.523998260498,-15.8888444900513,POINT (54.523998260498 -15.8888444900513),IO
1249,105,1.8547486033519553,0.22779486535685148,0.988950276243094,0.0006871968886292364,0.08410531383875108,178.0,0.9874807395993837,0.8566418373680944,0.9840322593883926,0.9079578097200904,0.9918949121337004,45.0874557495117,-12.9576416015625,POINT (45.0874557495117 -12.9576416015625),IO
1250,106,1.8379888268156426,0.22779486535685148,0.9944444444444445,0.0008391393425125916,0.08425580937279299,178.5,0.9808925284072875,0.8566418373680944,0.9840322593883926,0.9079578097200904,0.9918949121337004,45.2376098632813,-12.7748775482178,POINT (45.2376098632813 -12.7748775482178),IO
1251,107,1.8770949720670391,0.22779486535685148,0.9944444444444445,0.0011856109856263643,0.08425580937279299,178.5,0.9808925284072875,0.8566418373680944,0.9840322593883926,0.9079578097200904,0.9918949121337004,45.0275268554688,-12.6648578643799,POINT (45.0275268554688 -12.6648578643799),IO
1252,108,0.9497206703910615,0.22779486535685148,0.549079754601227,0.000652808781777843,0.009718930601000356,107.49999999999999,0.9739410915881505,0.8566418373680944,0.9840322593883926,0.9079578097200904,0.9918949121337004,55.3328971862793,-21.1952304840088,POINT (55.3328971862793 -21.1952304840088),IO
1253,109,1.8938547486033521,0.22779486535685148,0.9944444444444445,0.001394239432035988,0.08425580937279299,178.5,0.9808925284072875,0.8566418373680944,0.9840322593883926,0.9079578097200904,0.9918949121337004,44.3950691223145,-12.2110795974731,POINT (44.3950691223145 -12.2110795974731),IO
1254,110,1.8603351955307263,0.22779486535685148,0.9944444444444445,0.0008982687640228455,0.08425580937279299,178.5,0.9808925284072875,0.8566418373680944,0.9840322593883926,0.9079578097200904,0.9918949121337004,43.7444458007812,-12.3534717559815,POINT (43.7444458007812 -12.3534717559815),IO
1255,111,1.8882681564245811,0.22779486535685148,0.988950276243094,0.0010450220377438398,0.08410531383875108,178.0,0.9874807395993837,0.8566418373680944,0.9840322593883926,0.9079578097200904,0.9918949121337004,43.480770111084,-11.8554544448853,POINT (43.480770111084 -11.8554544448853),IO
1256,112,1.8547486033519553,0.22779486535685148,0.988950276243094,0.0006306961456482267,0.08410531383875108,178.0,0.9874807395993837,0.8566418373680944,0.9840322593883926,0.9079578097200904,0.9918949121337004,43.1964302062988,-11.7678985595703,POINT (43.1964302062988 -11.7678985595703),IO
1257,113,1.8826815642458101,0.22779486535685148,0.988950276243094,0.0008849149161390061,0.08410531383875108,178.0,0.9874807395993837,0.8566418373680944,0.9840322593883926,0.9079578097200904,0.9918949121337004,43.3432579040527,-11.4803686141968,POINT (43.3432579040527 -11.4803686141968),IO
1258,114,1.3798882681564246,0.22779486535685148,0.9623655913978495,1.0279590467544787e-05,0.08262909660244976,175.5,0.9902760777913777,0.8566418373680944,0.9840322593883926,0.9079578097200904,0.9918949121337004,35.5,-23.2713375091553,POINT (35.5 -23.2713375091553),IO
1259,115,1.4916201117318437,0.22779486535685148,0.9623655913978495,4.602444771992244e-05,0.08262909660244976,175.5,0.9902760777913777,0.8566418373680944,0.9840322593883926,0.9079578097200904,0.9918949121337004,35.5400047302246,-22.1993980407715,POINT (35.5400047302246 -22.1993980407715),IO
1260,116,1.5251396648044693,0.22779486535685148,0.9623655913978495,6.41393497460936e-05,0.08227525569435115,175.5,0.9900040799673603,0.8566418373680944,0.9840322593883926,0.9079578097200904,0.9918949121337004,35.4079971313477,-21.5686664581299,POINT (35.4079971313477 -21.5686664581299),IO
1261,117,1.782122905027933,0.22779486535685148,0.988950276243094,0.00035698117675911,0.08410531383875108,178.0,0.9874807395993837,0.8566418373680944,0.9840322593883926,0.9079578097200904,0.9918949121337004,38.9851455688477,-17.1755275726318,POINT (38.9851455688477 -17.1755275726318),IO
1262,118,1.793296089385475,0.22779486535685148,0.988950276243094,0.0003686543042950882,0.08410531383875108,178.0,0.9874807395993837,0.8566418373680944,0.9840322593883926,0.9079578097200904,0.9918949121337004,39.7773284912109,-16.6024227142334,POINT (39.7773284912109 -16.6024227142334),IO
1263,119,1.782122905027933,0.22779486535685148,0.988950276243094,0.00035865613131929875,0.08410531383875108,178.0,0.9874807395993837,0.8566418373680944,0.9840322593883926,0.9079578097200904,0.9918949121337004,40.2094993591309,-16.121395111084,POINT (40.2094993591309 -16.121395111084),IO
1264,120,1.793296089385475,0.22779486535685148,0.988950276243094,0.0003688380861149425,0.08410531383875108,178.0,0.9874807395993837,0.8566418373680944,0.9840322593883926,0.9079578097200904,0.9918949121337004,40.4669227600098,-15.6568231582642,POINT (40.4669227600098 -15.6568231582642),IO
1265,121,1.8044692737430168,0.22779486535685148,0.988950276243094,0.0003853035025995544,0.08410531383875108,178.0,0.9874807395993837,0.8566418373680944,0.9840322593883926,0.9079578097200904,0.9918949121337004,40.7169227600098,-15.112099647522,POINT (40.7169227600098 -15.112099647522),IO
1266,122,1.8100558659217878,0.22779486535685148,0.988950276243094,0.0003951843825112522,0.08410531383875108,178.0,0.9874807395993837,0.8566418373680944,0.9840322593883926,0.9079578097200904,0.9918949121337004,40.7920761108398,-14.5524778366089,POINT (40.7920761108398 -14.5524778366089),IO
1267,123,1.8100558659217878,0.22779486535685148,0.988950276243094,0.0003951843825112522,0.08410531383875108,178.0,0.9874807395993837,0.8566418373680944,0.9840322593883926,0.9079578097200904,0.9918949121337004,40.6751899719238,-14.152045249939,POINT (40.6751899719238 -14.152045249939),IO
1268,124,1.8044692737430168,0.22779486535685148,0.988950276243094,0.0003841028047129032,0.08410531383875108,178.0,0.9874807395993837,0.8566418373680944,0.9840322593883926,0.9079578097200904,0.9918949121337004,40.5924110412598,-13.660737991333,POINT (40.5924110412598 -13.660737991333),IO
1269,125,1.8044692737430168,0.22779486535685148,0.988950276243094,0.0003841028047129032,0.08410531383875108,178.0,0.9874807395993837,0.8566418373680944,0.9840322593883926,0.9079578097200904,0.9918949121337004,40.5843467712402,-13.0807933807373,POINT (40.5843467712402 -13.0807933807373),IO
1270,126,1.8044692737430168,0.22779486535685148,0.988950276243094,0.0003841028047129032,0.08410531383875108,178.0,0.9874807395993837,0.8566418373680944,0.9840322593883926,0.9079578097200904,0.9918949121337004,40.6167221069336,-12.5467653274536,POINT (40.6167221069336 -12.5467653274536),IO
1271,127,1.8659217877094973,0.22779486535685148,0.988950276243094,0.0007077432333659925,0.08410531383875108,178.0,0.9874807395993837,0.8566418373680944,0.9840322593883926,0.9079578097200904,0.9918949121337004,41.4016227722168,-12.1955089569092,POINT (41.4016227722168 -12.1955089569092),IO
1272,128,1.8156424581005588,0.22779486535685148,0.988950276243094,0.0004079200533454961,0.08410531383875108,178.0,0.9874807395993837,0.8566418373680944,0.9840322593883926,0.9079578097200904,0.9918949121337004,40.5714797973633,-12.0993566513062,POINT (40.5714797973633 -12.0993566513062),IO
1273,129,1.8156424581005588,0.22779486535685148,0.988950276243094,0.0004079200533454961,0.08410531383875108,178.0,0.9874807395993837,0.8566418373680944,0.9840322593883926,0.9079578097200904,0.9918949121337004,40.5871887207031,-11.7296104431152,POINT (40.5871887207031 -11.7296104431152),IO
1274,130,1.8156424581005588,0.22779486535685148,0.988950276243094,0.0004079200533454961,0.08410531383875108,178.0,0.9874807395993837,0.8566418373680944,0.9840322593883926,0.9079578097200904,0.9918949121337004,40.5517578125,-11.3900604248047,POINT (40.5517578125 -11.3900604248047),IO
1275,131,1.8547486033519553,0.22779486535685148,0.988950276243094,0.0006274023838216254,0.08410531383875108,178.0,0.9874807395993837,0.8566418373680944,0.9840322593883926,0.9079578097200904,0.9918949121337004,40.6420440673828,-11.053035736084,POINT (40.6420440673828 -11.053035736084),IO
1276,132,1.8770949720670391,0.22779486535685148,0.988950276243094,0.0008580076309078159,0.08410531383875108,178.0,0.9874807395993837,0.8566418373680944,0.9840322593883926,0.9079578097200904,0.9918949121337004,40.5971870422363,-10.6831502914429,POINT (40.5971870422363 -10.6831502914429),IO
1277,133,1.8826815642458101,0.22779486535685148,0.988950276243094,0.0009328582847470818,0.08410531383875108,178.0,0.9874807395993837,0.8566418373680944,0.9840322593883926,0.9079578097200904,0.9918949121337004,40.3539161682129,-10.2843542098999,POINT (40.3539161682129 -10.2843542098999),IO
1278,134,1.8435754189944136,0.22779486535685148,0.9835164835164835,0.000572057726615253,0.08356679851641274,177.5,0.9874807395993837,0.8566418373680944,0.9840322593883926,0.9079578097200904,0.9918949121337004,40.1761283874512,-10.1989526748657,POINT (40.1761283874512 -10.1989526748657),IO
1279,135,1.8212290502793296,0.22779486535685148,0.988950276243094,0.0004602164231440869,0.08410531383875108,178.0,0.9874807395993837,0.8566418373680944,0.9840322593883926,0.9079578097200904,0.9918949121337004,39.8887825012207,-10.0264263153076,POINT (39.8887825012207 -10.0264263153076),IO
1280,136,1.8715083798882681,0.22779486535685148,0.988950276243094,0.000854054789447127,0.08410531383875108,178.0,0.9874807395993837,0.8566418373680944,0.9840322593883926,0.9079578097200904,0.9918949121337004,39.7582321166992,-9.71188545227051,POINT (39.7582321166992 -9.71188545227051),IO
1281,137,1.8268156424581006,0.22779486535685148,0.988950276243094,0.00046218837228406473,0.08410531383875108,178.0,0.9874807395993837,0.8566418373680944,0.9840322593883926,0.9079578097200904,0.9918949121337004,39.6556510925293,-9.37960529327393,POINT (39.6556510925293 -9.37960529327393),IO
1282,138,1.8603351955307263,0.22779486535685148,0.988950276243094,0.0007256921805162385,0.08410531383875108,178.0,0.9874807395993837,0.8566418373680944,0.9840322593883926,0.9079578097200904,0.9918949121337004,39.5909957885742,-9.05581474304199,POINT (39.5909957885742 -9.05581474304199),IO
1283,139,1.9385474860335197,0.22779486535685148,0.988950276243094,0.0015535863402237893,0.08410531383875108,178.0,0.9874807395993837,0.8566418373680944,0.9840322593883926,0.9079578097200904,0.9918949121337004,39.5418853759766,-8.82572746276856,POINT (39.5418853759766 -8.82572746276856),IO
1284,140,1.9385474860335197,0.22779486535685148,0.988950276243094,0.0015535863402237893,0.08410531383875108,178.0,0.9874807395993837,0.8566418373680944,0.9840322593883926,0.9079578097200904,0.9918949121337004,39.4873313903809,-8.55892086029053,POINT (39.4873313903809 -8.55892086029053),IO
1285,141,1.9217877094972067,0.22779486535685148,0.988950276243094,0.001437261677901966,0.08410531383875108,178.0,0.9874807395993837,0.8566418373680944,0.9840322593883926,0.9079578097200904,0.9918949121337004,39.3827438354492,-8.34731674194336,POINT (39.3827438354492 -8.34731674194336),IO
1286,142,1.9329608938547487,0.22779486535685148,0.988950276243094,0.0015285713557338754,0.08410531383875108,178.0,0.9874807395993837,0.8566418373680944,0.9840322593883926,0.9079578097200904,0.9918949121337004,39.554759979248,-8.33635139465332,POINT (39.554759979248 -8.33635139465332),IO
1287,143,1.9329608938547487,0.22779486535685148,0.988950276243094,0.0015285713557338754,0.08410531383875108,178.0,0.9874807395993837,0.8566418373680944,0.9840322593883926,0.9079578097200904,0.9918949121337004,39.7322311401367,-8.01682186126709,POINT (39.7322311401367 -8.01682186126709),IO
1288,144,1.905027932960894,0.22779486535685148,0.988950276243094,0.0014100500637665408,0.08410531383875108,178.0,0.9874807395993837,0.8566418373680944,0.9840322593883926,0.9079578097200904,0.9918949121337004,39.7540588378906,-7.69152545928955,POINT (39.7540588378906 -7.69152545928955),IO
1289,145,1.8882681564245811,0.22779486535685148,0.988950276243094,0.0010634972593547014,0.08410531383875108,178.0,0.9874807395993837,0.8566418373680944,0.9840322593883926,0.9079578097200904,0.9918949121337004,39.5583915710449,-7.94768905639648,POINT (39.5583915710449 -7.94768905639648),IO
1290,146,1.8826815642458101,0.22779486535685148,0.988950276243094,0.0010932755539367978,0.08410531383875108,178.0,0.9874807395993837,0.8566418373680944,0.9840322593883926,0.9079578097200904,0.9918949121337004,39.4744186401367,-7.4896993637085,POINT (39.4744186401367 -7.4896993637085),IO
1291,147,1.8659217877094973,0.22779486535685148,0.988950276243094,0.0009089952715368696,0.08410531383875108,178.0,0.9874807395993837,0.8566418373680944,0.9840322593883926,0.9079578097200904,0.9918949121337004,39.5092887878418,-7.235915184021,POINT (39.5092887878418 -7.235915184021),IO
1292,148,1.905027932960894,0.22779486535685148,0.988950276243094,0.0014518519897017668,0.08410531383875108,178.0,0.9874807395993837,0.8566418373680944,0.9840322593883926,0.9079578097200904,0.9918949121337004,39.9375,-6.89461374282837,POINT (39.9375 -6.89461374282837),IO
1293,149,1.8324022346368716,0.22779486535685148,0.988950276243094,0.0007401900708995326,0.08410531383875108,178.0,0.9874807395993837,0.8566418373680944,0.9840322593883926,0.9079578097200904,0.9918949121337004,39.431999206543,-6.86603212356567,POINT (39.431999206543 -6.86603212356567),IO
1294,150,1.8379888268156426,0.22779486535685148,0.988950276243094,0.0008703539046836696,0.08410531383875108,178.0,0.9874807395993837,0.8566418373680944,0.9840322593883926,0.9079578097200904,0.9918949121337004,39.2371444702148,-6.63434982299805,POINT (39.2371444702148 -6.63434982299805),IO
1295,151,1.7374301675977655,0.22779486535685148,0.9835164835164835,0.0006338700375094473,0.08356679851641274,177.5,0.9874807395993837,0.8566418373680944,0.9840322593883926,0.9079578097200904,0.9918949121337004,39.0300025939941,-6.45777082443237,POINT (39.0300025939941 -6.45777082443237),IO
1296,152,1.770949720670391,0.22779486535685148,0.988950276243094,0.0005486720251275125,0.08410531383875108,178.0,0.9874807395993837,0.8566418373680944,0.9840322593883926,0.9079578097200904,0.9918949121337004,38.9177742004395,-6.18345165252686,POINT (38.9177742004395 -6.18345165252686),IO
1297,153,1.8268156424581006,0.22779486535685148,0.988950276243094,0.0005960693785892771,0.08410531383875108,178.0,0.9874807395993837,0.8566418373680944,0.9840322593883926,0.9079578097200904,0.9918949121337004,39.133731842041,-6.16138982772827,POINT (39.133731842041 -6.16138982772827),IO
1298,154,1.8659217877094973,0.22779486535685148,0.988950276243094,0.0010014836282003603,0.08410531383875108,178.0,0.9874807395993837,0.8566418373680944,0.9840322593883926,0.9079578097200904,0.9918949121337004,39.3039398193359,-6.36267280578613,POINT (39.3039398193359 -6.36267280578613),IO
1299,155,1.8603351955307263,0.22779486535685148,0.988950276243094,0.0009209399825193696,0.08410531383875108,178.0,0.9874807395993837,0.8566418373680944,0.9840322593883926,0.9079578097200904,0.9918949121337004,39.542781829834,-6.37120246887207,POINT (39.542781829834 -6.37120246887207),IO
1300,156,1.787709497206704,0.22779486535685148,0.988950276243094,0.0003468979834585528,0.08410531383875108,178.0,0.9874807395993837,0.8566418373680944,0.9840322593883926,0.9079578097200904,0.9918949121337004,39.468334197998,-6.0890007019043,POINT (39.468334197998 -6.0890007019043),IO
1301,157,1.8659217877094973,0.22779486535685148,0.988950276243094,0.0009782376185909778,0.08410531383875108,178.0,0.9874807395993837,0.8566418373680944,0.9840322593883926,0.9079578097200904,0.9918949121337004,39.3019180297852,-5.82561635971069,POINT (39.3019180297852 -5.82561635971069),IO
1302,158,1.7039106145251397,0.22779486535685148,0.988950276243094,0.0002327163552824066,0.08410531383875108,178.0,0.9874807395993837,0.8566418373680944,0.9840322593883926,0.9079578097200904,0.9918949121337004,38.8845481872559,-5.79438543319702,POINT (38.8845481872559 -5.79438543319702),IO
1303,159,1.787709497206704,0.22779486535685148,0.988950276243094,0.00046797294948620373,0.08410531383875108,178.0,0.9874807395993837,0.8566418373680944,0.9840322593883926,0.9079578097200904,0.9918949121337004,39.0173950195312,-5.54667282104492,POINT (39.0173950195312 -5.54667282104492),IO
1304,160,1.7374301675977655,0.22779486535685148,0.988950276243094,0.0003372026568401346,0.08410531383875108,178.0,0.9874807395993837,0.8566418373680944,0.9840322593883926,0.9079578097200904,0.9918949121337004,39.1063995361328,-5.28294134140015,POINT (39.1063995361328 -5.28294134140015),IO
1305,161,1.8715083798882681,0.22779486535685148,0.988950276243094,0.0010403756990793585,0.08410531383875108,178.0,0.9874807395993837,0.8566418373680944,0.9840322593883926,0.9079578097200904,0.9918949121337004,39.2000007629395,-5.02995681762695,POINT (39.2000007629395 -5.02995681762695),IO
1306,162,1.8882681564245811,0.22779486535685148,0.988950276243094,0.0012164733670920417,0.08410531383875108,178.0,0.9874807395993837,0.8566418373680944,0.9840322593883926,0.9079578097200904,0.9918949121337004,39.2635688781738,-4.80961894989014,POINT (39.2635688781738 -4.80961894989014),IO
1307,163,1.905027932960894,0.22779486535685148,0.988950276243094,0.0014518519897017668,0.08410531383875108,178.0,0.9874807395993837,0.8566418373680944,0.9840322593883926,0.9079578097200904,0.9918949121337004,39.6333312988281,-5.42941427230835,POINT (39.6333312988281 -5.42941427230835),IO
1308,164,1.905027932960894,0.22779486535685148,0.988950276243094,0.0014518519897017668,0.08410531383875108,178.0,0.9874807395993837,0.8566418373680944,0.9840322593883926,0.9079578097200904,0.9918949121337004,39.845516204834,-5.24905920028687,POINT (39.845516204834 -5.24905920028687),IO
1309,165,1.905027932960894,0.22779486535685148,0.988950276243094,0.0014518519897017668,0.08410531383875108,178.0,0.9874807395993837,0.8566418373680944,0.9840322593883926,0.9079578097200904,0.9918949121337004,39.7731513977051,-4.86327362060547,POINT (39.7731513977051 -4.86327362060547),IO
1310,166,1.905027932960894,0.22779486535685148,0.9835164835164835,0.0014078439917324826,0.08356679851641274,177.5,0.9874807395993837,0.8566418373680944,0.9840322593883926,0.9079578097200904,0.9918949121337004,39.6449279785156,-5.17221212387085,POINT (39.6449279785156 -5.17221212387085),IO
1311,167,1.8882681564245811,0.22779486535685148,0.988950276243094,0.0012164733670920417,0.08410531383875108,178.0,0.9874807395993837,0.8566418373680944,0.9840322593883926,0.9079578097200904,0.9918949121337004,39.3688354492187,-4.68640804290772,POINT (39.3688354492187 -4.68640804290772),IO
1312,168,1.7988826815642458,0.22779486535685148,0.9835164835164835,0.0005571048680091596,0.08356679851641274,177.5,0.9874807395993837,0.8566418373680944,0.9840322593883926,0.9079578097200904,0.9918949121337004,39.5388259887695,-4.43031644821167,POINT (39.5388259887695 -4.43031644821167),IO
1313,169,1.782122905027933,0.22779486535685148,0.9835164835164835,0.0003868861044941608,0.08356679851641274,177.5,0.9874807395993837,0.8566418373680944,0.9840322593883926,0.9079578097200904,0.9918949121337004,39.6770362854004,-4.12676477432251,POINT (39.6770362854004 -4.12676477432251),IO
1314,170,1.7430167597765365,0.22779486535685148,0.9835164835164835,0.0003503479354881429,0.08356679851641274,177.5,0.9874807395993837,0.8566418373680944,0.9840322593883926,0.9079578097200904,0.9918949121337004,39.8950004577637,-3.63475346565247,POINT (39.8950004577637 -3.63475346565247),IO
1315,171,1.7597765363128492,0.22779486535685148,0.9835164835164835,0.00035991158287821854,0.08356679851641274,177.5,0.9874807395993837,0.8566418373680944,0.9840322593883926,0.9079578097200904,0.9918949121337004,40.0515785217285,-3.35852289199829,POINT (40.0515785217285 -3.35852289199829),IO
1316,172,1.7150837988826817,0.22779486535685148,0.9835164835164835,0.00021279700546621605,0.08356679851641274,177.5,0.9874807395993837,0.8566418373680944,0.9840322593883926,0.9079578097200904,0.9918949121337004,40.2366676330566,-2.85103106498718,POINT (40.2366676330566 -2.85103106498718),IO
1317,173,1.7430167597765365,0.22779486535685148,0.9835164835164835,0.00032807632593822943,0.08356679851641274,177.5,0.9874807395993837,0.8566418373680944,0.9840322593883926,0.9079578097200904,0.9918949121337004,40.6730041503906,-2.55003237724304,POINT (40.6730041503906 -2.55003237724304),IO
1318,174,1.7318435754189945,0.22779486535685148,0.9835164835164835,0.00038595703993539736,0.08356679851641274,177.5,0.9874807395993837,0.8566418373680944,0.9840322593883926,0.9079578097200904,0.9918949121337004,40.982105255127,-2.24830102920532,POINT (40.982105255127 -2.24830102920532),IO
1319,175,1.776536312849162,0.22779486535685148,0.988950276243094,0.0003804497446982734,0.08410531383875108,178.0,0.9874807395993837,0.8566418373680944,0.9840322593883926,0.9079578097200904,0.9918949121337004,41.1943740844727,-2.108402967453,POINT (41.1943740844727 -2.108402967453),IO
1320,176,1.7597765363128492,0.22779486535685148,0.988950276243094,0.000411879832705036,0.08410531383875108,178.0,0.9874807395993837,0.8566418373680944,0.9840322593883926,0.9079578097200904,0.9918949121337004,41.4799919128418,-1.80715346336365,POINT (41.4799919128418 -1.80715346336365),IO
1321,177,1.692737430167598,0.22779486535685148,0.9835164835164835,0.00020459919001618939,0.08356679851641274,177.5,0.9874807395993837,0.8566418373680944,0.9840322593883926,0.9079578097200904,0.9918949121337004,41.7581825256348,-1.39419829845429,POINT (41.7581825256348 -1.39419829845429),IO
1322,178,1.7318435754189945,0.22779486535685148,0.988950276243094,0.00024142516577919888,0.08410531383875108,178.0,0.9874807395993837,0.8566418373680944,0.9840322593883926,0.9079578097200904,0.9918949121337004,41.9824981689453,-1.09465157985687,POINT (41.9824981689453 -1.09465157985687),IO
1323,179,1.7318435754189945,0.22779486535685148,0.988950276243094,0.00025071415911796205,0.08410531383875108,178.0,0.9874807395993837,0.8566418373680944,0.9840322593883926,0.9079578097200904,0.9918949121337004,42.1856231689453,-0.837605595588684,POINT (42.1856231689453 -0.837605595588684),IO
1324,0,0.1137440758293839,0.4801082955274622,0.3841905223584259,0.0,0.029986948626493527,185.08333333333385,0.7169082125603865,0.1295642723493888,0.5436497465507204,0.5086554398436453,0.8661475060133024,-64.83095663,32.16952509,POINT (-64.83095663 32.16952509),Caribbean
1325,1,0.037914691943127965,0.4801082955274622,0.285715897733501,3.236069255196825e-05,0.0002829965215040665,130.01666666666623,0.8444444444444444,0.1295642723493888,0.5436497465507204,0.5086554398436453,0.8661475060133024,-94.29569795,28.00484033,POINT (-94.29569795 28.00484033),Caribbean
1326,2,0.05687203791469195,0.4801082955274622,0.32967218969250117,0.0025926025985395255,0.002247595279399598,154.71666666666704,0.6274509803921569,0.1295642723493888,0.5436497465507204,0.5086554398436453,0.8661475060133024,-92.55296629,27.8143213,POINT (-92.55296629 27.8143213),Caribbean
1327,3,0.05924170616113744,0.4801082955274622,0.3260887963262783,0.0016530950718527749,0.0013776211374585412,152.63333333333367,0.6023391812865497,0.1295642723493888,0.5436497465507204,0.5086554398436453,0.8661475060133024,-93.57704572,27.75074048,POINT (-93.57704572 27.75074048),Caribbean
1328,4,0.06635071090047394,0.4801082955274622,0.3320176835322107,0.0026456851392910445,0.001884827119427773,157.21666666666704,0.5974025974025974,0.1295642723493888,0.5436497465507204,0.5086554398436453,0.8661475060133024,-93.77467508,27.68712252,POINT (-93.77467508 27.68712252),Caribbean
1329,5,0.06635071090047394,0.4801082955274622,0.33071052729783185,0.0037015017907961224,0.0024247821432710993,156.38333333333375,0.5714285714285714,0.1295642723493888,0.5436497465507204,0.5086554398436453,0.8661475060133024,-93.07398916,27.68712252,POINT (-93.07398916 27.68712252),Caribbean
1330,6,0.06398104265402844,0.4801082955274622,0.3986879407825016,0.0,0.028385882681917413,181.08333333333408,0.9904761904761905,0.1295642723493888,0.5436497465507204,0.5086554398436453,0.8661475060133024,-78.91654028,27.08091026,POINT (-78.91654028 27.08091026),Caribbean
1331,7,0.2796208530805687,0.4801082955274622,0.48380726698262244,0.0004803951546466781,0.09272872665684054,231.50000000000045,0.6501679731243001,0.1295642723493888,0.5436497465507204,0.5086554398436453,0.8661475060133024,-78.32365219,27.08091026,POINT (-78.32365219 27.08091026),Caribbean
1332,8,0.06872037914691943,0.4801082955274622,0.40465907353615654,0.0,0.03151056258587679,183.9166666666675,0.9644268774703557,0.1295642723493888,0.5436497465507204,0.5086554398436453,0.8661475060133024,-78.95247289,27.01690575,POINT (-78.95247289 27.01690575),Caribbean
1333,9,0.16113744075829384,0.4801082955274622,0.4181477093206951,0.0001649556907551821,0.06085195863751161,197.25000000000102,0.8384353741496599,0.1295642723493888,0.5436497465507204,0.5086554398436453,0.8661475060133024,-78.19788805,26.85673503,POINT (-78.19788805 26.85673503),Caribbean
1334,10,0.13033175355450238,0.4801082955274622,0.4137150480911471,3.320689803824082e-06,0.04842288364839452,192.41666666666757,0.9352226720647774,0.1295642723493888,0.5436497465507204,0.5086554398436453,0.8661475060133024,-78.84467506,26.76052355,POINT (-78.84467506 26.76052355),Caribbean
1335,11,0.35545023696682465,0.4801082955274622,0.46095023074722297,0.0012964166813534009,0.10673631890871284,229.2500000000009,0.607906558849955,0.1295642723493888,0.5436497465507204,0.5086554398436453,0.8661475060133024,-77.73076411,26.72843493,POINT (-77.73076411 26.72843493),Caribbean
1336,12,0.05213270142180095,0.4801082955274622,0.3662607672882001,0.0,0.021858550158535914,166.08333333333388,1.0,0.1295642723493888,0.5436497465507204,0.5086554398436453,0.8661475060133024,-77.51516844,26.53571336,POINT (-77.51516844 26.53571336),Caribbean
1337,13,0.3317535545023697,0.4801082955274622,0.5321879936808848,0.00012771370197504057,0.1059734125254466,254.83333333333354,0.481315228369431,0.1295642723493888,0.5436497465507204,0.5086554398436453,0.8661475060133024,-80.03045123,26.59998999,POINT (-80.03045123 26.59998999),Caribbean
1338,14,0.537914691943128,0.4801082955274622,0.5540127379012364,0.009244394026241193,0.129598245081093,267.5000000000001,0.42634329577004737,0.1295642723493888,0.5436497465507204,0.5086554398436453,0.8661475060133024,-78.41348372,26.43923087,POINT (-78.41348372 26.43923087),Caribbean
1339,15,0.3222748815165877,0.4801082955274622,0.45734905706951035,0.0011442336216619965,0.10283185116095363,222.5833333333341,0.6817661862274079,0.1295642723493888,0.5436497465507204,0.5086554398436453,0.8661475060133024,-77.01211188,26.40705207,POINT (-77.01211188 26.40705207),Caribbean
1340,16,0.11848341232227488,0.4801082955274622,0.4108117845957706,1.41459718546204e-06,0.04671892086828406,189.41666666666757,0.9554367201426025,0.1295642723493888,0.5436497465507204,0.5086554398436453,0.8661475060133024,-77.51516844,26.18154951,POINT (-77.51516844 26.18154951),Caribbean
1341,17,0.4241706161137441,0.4801082955274622,0.4677018319965165,0.0014983904407379252,0.11492215804257316,234.7500000000009,0.5462184873949579,0.1295642723493888,0.5436497465507204,0.5086554398436453,0.8661475060133024,-77.53313474,25.95560975,POINT (-77.53313474 25.95560975),Caribbean
1342,18,0.4407582938388626,0.4801082955274622,0.5354330424228413,0.0018153977072617564,0.11769287004456536,256.83333333333354,0.49095580678314493,0.1295642723493888,0.5436497465507204,0.5086554398436453,0.8661475060133024,-79.07823703,25.8909756,POINT (-79.07823703 25.8909756),Caribbean
1343,19,0.13981042654028436,0.4801082955274622,0.4231856335293782,1.971344646352648e-06,0.05541874020855348,197.25000000000082,0.9111111111111111,0.1295642723493888,0.5436497465507204,0.5086554398436453,0.8661475060133024,-79.09620334,25.66447764,POINT (-79.09620334 25.66447764),Caribbean
1344,20,0.49289099526066354,0.4801082955274622,0.4905643517170166,0.003952979804538219,0.12258264265815659,244.58333333333402,0.49629886652787414,0.1295642723493888,0.5436497465507204,0.5086554398436453,0.8661475060133024,-77.19504154,25.91448303,POINT (-77.19504154 25.91448303),Caribbean
1345,21,0.40284360189573465,0.4801082955274622,0.4677018319965165,0.0012658769954802245,0.11099439530247744,232.4166666666675,0.593078381795196,0.1295642723493888,0.5436497465507204,0.5086554398436453,0.8661475060133024,-77.92839347,25.63208554,POINT (-77.92839347 25.63208554),Caribbean
1346,22,0.13507109004739337,0.4801082955274622,0.3959910663239954,4.748208572701933e-06,0.05074009919247568,184.0833333333343,0.9670731707317073,0.1295642723493888,0.5436497465507204,0.5086554398436453,0.8661475060133024,-78.018225,25.50242932,POINT (-78.018225 25.50242932),Caribbean
1347,23,0.33886255924170616,0.4801082955274622,0.5188243365278935,0.0010479398076481746,0.08751798211841728,247.00000000000023,0.508258064516129,0.1295642723493888,0.5436497465507204,0.5086554398436453,0.8661475060133024,-80.03045123,26.18154951,POINT (-80.03045123 26.18154951),Caribbean
1348,24,0.05687203791469195,0.4801082955274622,0.3809588674939088,0.0,0.02402628419738565,172.00000000000077,1.0,0.1295642723493888,0.5436497465507204,0.5086554398436453,0.8661475060133024,-78.09009022,25.46999335,POINT (-78.09009022 25.46999335),Caribbean
1349,25,0.28672985781990523,0.4801082955274622,0.4423728914727757,0.00026037847352395927,0.08570956519032503,214.9166666666676,0.7568627450980392,0.1295642723493888,0.5436497465507204,0.5086554398436453,0.8661475060133024,-79.00637181,25.40509518,POINT (-79.00637181 25.40509518),Caribbean
1350,26,0.46919431279620855,0.4801082955274622,0.49193848155375897,0.0023857193497657386,0.12555203748381635,241.91666666666725,0.5468387096774193,0.1295642723493888,0.5436497465507204,0.5086554398436453,0.8661475060133024,-77.91042716,25.2751941,POINT (-77.91042716 25.2751941),Caribbean
1351,27,0.08530805687203792,0.4801082955274622,0.40512580833838974,1.8315499397554082e-07,0.03312489448594685,184.0833333333342,0.9933333333333333,0.1295642723493888,0.5436497465507204,0.5086554398436453,0.8661475060133024,-79.02433812,25.14515382,POINT (-79.02433812 25.14515382),Caribbean
1352,28,0.08293838862559243,0.4801082955274622,0.4041934129221909,0.0,0.03267775154317226,183.08333333333414,1.0,0.1295642723493888,0.5436497465507204,0.5086554398436453,0.8661475060133024,-78.44941633,25.11262205,POINT (-78.44941633 25.11262205),Caribbean
1353,29,0.5924170616113744,0.4801082955274622,0.5593058532315031,0.008519334393329943,0.1274444993130685,270.8333333333335,0.39504085657931814,0.1295642723493888,0.5436497465507204,0.5086554398436453,0.8661475060133024,-79.18603487,25.21019133,POINT (-79.18603487 25.21019133),Caribbean
1354,30,0.14691943127962087,0.4801082955274622,0.41274274480538653,2.2618208366645897e-05,0.04679991528106567,191.08333333333422,0.9895470383275261,0.1295642723493888,0.5436497465507204,0.5086554398436453,0.8661475060133024,-78.80874245,24.88465771,POINT (-78.80874245 24.88465771),Caribbean
1355,31,0.08530805687203792,0.4801082955274622,0.34811107614408715,5.305450973265666e-07,0.022881318069056054,161.00000000000023,0.9943019943019943,0.1295642723493888,0.5436497465507204,0.5086554398436453,0.8661475060133024,-78.30568589,24.8194475,POINT (-78.30568589 24.8194475),Caribbean
1356,32,0.0971563981042654,0.4801082955274622,0.4055936210500969,1.5715914851853636e-07,0.03269624028020598,184.5833333333342,0.9947089947089947,0.1295642723493888,0.5436497465507204,0.5086554398436453,0.8661475060133024,-78.73687722,24.7215678,POINT (-78.73687722 24.7215678),Caribbean
1357,33,0.3293838862559242,0.4801082955274622,0.44574121298145164,0.000574760961435625,0.08908320381545899,216.58333333333422,0.717948717948718,0.1295642723493888,0.5436497465507204,0.5086554398436453,0.8661475060133024,-78.5687126,24.98371131,POINT (-78.5687126 24.98371131),Caribbean
1358,34,0.15165876777251186,0.4801082955274622,0.41715448435793817,3.661977026389839e-06,0.06199598515862836,195.250000000001,0.970048309178744,0.1295642723493888,0.5436497465507204,0.5086554398436453,0.8661475060133024,-77.4073706,24.75420294,POINT (-77.4073706 24.75420294),Caribbean
1359,35,0.580568720379147,0.4801082955274622,0.5010614491146703,0.00665231927573478,0.12993812020209702,247.08333333333388,0.4596930846930847,0.1295642723493888,0.5436497465507204,0.5086554398436453,0.8661475060133024,-77.02593211,25.08383674,POINT (-77.02593211 25.08383674),Caribbean
1360,36,0.28909952606635075,0.4801082955274622,0.44126140179570844,0.00019154850734300183,0.08051796691859356,213.58333333333425,0.8041139240506329,0.1295642723493888,0.5436497465507204,0.5086554398436453,0.8661475060133024,-79.15010226,24.75420294,POINT (-79.15010226 24.75420294),Caribbean
1361,37,0.3767772511848341,0.4801082955274622,0.5112723083397146,0.0016631557753133668,0.0741978007057668,242.66666666666688,0.5331612903225806,0.1295642723493888,0.5436497465507204,0.5086554398436453,0.8661475060133024,-80.42570996,24.88465771,POINT (-80.42570996 24.88465771),Caribbean
1362,38,0.0971563981042654,0.4801082955274622,0.3933304320597804,5.190024499310198e-07,0.041514069109491354,181.0833333333343,0.9973544973544973,0.1295642723493888,0.5436497465507204,0.5086554398436453,0.8661475060133024,-77.17380863,24.62361107,POINT (-77.17380863 24.62361107),Caribbean
1363,39,0.4099526066350711,0.4801082955274622,0.47020625947708683,0.0013457213153615756,0.11191110678207432,229.083333333334,0.6295246038365304,0.1295642723493888,0.5436497465507204,0.5086554398436453,0.8661475060133024,-76.4371901,24.75420294,POINT (-76.4371901 24.75420294),Caribbean
1364,40,0.1943127962085308,0.4801082955274622,0.4186460975320428,6.220856798841846e-05,0.06429151053003569,197.08333333333434,0.9326599326599326,0.1295642723493888,0.5436497465507204,0.5086554398436453,0.8661475060133024,-78.56008878,24.62361107,POINT (-78.56008878 24.62361107),Caribbean
1365,41,0.10189573459715641,0.4801082955274622,0.3937713854589506,2.503980341257394e-07,0.04266527873816222,181.5833333333343,0.9950738916256158,0.1295642723493888,0.5436497465507204,0.5086554398436453,0.8661475060133024,-77.01211188,24.59094174,POINT (-77.01211188 24.59094174),Caribbean
1366,42,0.14454976303317538,0.4801082955274622,0.40096355688285834,2.7503186678123437e-05,0.020787098836807218,186.25000000000054,0.9534883720930233,0.1295642723493888,0.5436497465507204,0.5086554398436453,0.8661475060133024,-82.4559025,24.49288263,POINT (-82.4559025 24.49288263),Caribbean
1367,43,0.11848341232227488,0.4801082955274622,0.4098530639782776,1.099888302197699e-06,0.048284319310350626,188.7500000000009,0.9946524064171123,0.1295642723493888,0.5436497465507204,0.5086554398436453,0.8661475060133024,-77.17380863,24.49288263,POINT (-77.17380863 24.49288263),Caribbean
1368,44,0.3270142180094787,0.4801082955274622,0.4423728914727757,0.0020205269805069867,0.02640822102284137,204.83333333333343,0.5818972209284272,0.1295642723493888,0.5436497465507204,0.5086554398436453,0.8661475060133024,-82.83319492,24.52557751,POINT (-82.83319492 24.52557751),Caribbean
1369,45,0.2085308056872038,0.4801082955274622,0.42166155561750773,0.00028334202569210747,0.021958343915109663,194.33333333333354,0.8407960199004975,0.1295642723493888,0.5436497465507204,0.5086554398436453,0.8661475060133024,-82.58166664,24.42746737,POINT (-82.58166664 24.42746737),Caribbean
1370,46,0.15876777251184834,0.4801082955274622,0.4226763848729048,7.13038279551621e-05,0.02231715988233593,195.33333333333354,0.8840816326530613,0.1295642723493888,0.5436497465507204,0.5086554398436453,0.8661475060133024,-82.11454269,24.46017925,POINT (-82.11454269 24.46017925),Caribbean
1371,47,0.30568720379146924,0.4801082955274622,0.4791870065885183,0.0010671480276323011,0.04061724858668498,224.3333333333334,0.6124702684335712,0.1295642723493888,0.5436497465507204,0.5086554398436453,0.8661475060133024,-81.21622741,24.46017925,POINT (-81.21622741 24.46017925),Caribbean
1372,48,0.4620853080568721,0.4801082955274622,0.4733747652687115,0.003397278128806176,0.1162986546378245,231.25000000000065,0.5552093212301856,0.1295642723493888,0.5436497465507204,0.5086554398436453,0.8661475060133024,-76.36296864,24.96371898,POINT (-76.36296864 24.96371898),Caribbean
1373,49,0.33886255924170616,0.4801082955274622,0.4491612222882147,0.000700734306436614,0.08797061573513461,220.58333333333425,0.689585666293393,0.1295642723493888,0.5436497465507204,0.5086554398436453,0.8661475060133024,-78.90020728,24.50477266,POINT (-78.90020728 24.50477266),Caribbean
1374,50,0.06872037914691943,0.4801082955274622,0.37566211318650683,1.737442572584642e-07,0.017780941518778015,169.41666666666737,0.9904761904761905,0.1295642723493888,0.5436497465507204,0.5086554398436453,0.8661475060133024,-78.48534895,24.36201817,POINT (-78.48534895 24.36201817),Caribbean
1375,51,0.09004739336492892,0.4801082955274622,0.3885443316696725,0.0,0.037072155219875294,178.00000000000088,1.0,0.1295642723493888,0.5436497465507204,0.5086554398436453,0.8661475060133024,-77.15584232,24.29653509,POINT (-77.15584232 24.29653509),Caribbean
1376,52,0.31042654028436023,0.4801082955274622,0.4664595960549587,0.0015504769057442477,0.03347865001387244,216.3333333333334,0.6038056405028882,0.1295642723493888,0.5436497465507204,0.5086554398436453,0.8661475060133024,-82.65353186,24.29653509,POINT (-82.65353186 24.29653509),Caribbean
1377,53,0.2511848341232228,0.4801082955274622,0.46338268579074393,0.0005811489353526754,0.030956155334880622,213.8333333333334,0.7059609730018711,0.1295642723493888,0.5436497465507204,0.5086554398436453,0.8661475060133024,-82.22234053,24.29653509,POINT (-82.22234053 24.29653509),Caribbean
1378,54,0.3649289099526067,0.4801082955274622,0.48115626825943,0.002802241810061901,0.04146488560622729,225.8333333333334,0.5390019379844961,0.1295642723493888,0.5436497465507204,0.5086554398436453,0.8661475060133024,-81.52165461,24.39474701,POINT (-81.52165461 24.39474701),Caribbean
1379,55,0.0971563981042654,0.4801082955274622,0.4028028392538806,2.039149012520144e-06,0.027965603982841918,182.58333333333414,0.9978494623655914,0.1295642723493888,0.5436497465507204,0.5086554398436453,0.8661475060133024,-79.09620334,24.23101821,POINT (-79.09620334 24.23101821),Caribbean
1380,56,0.047393364928909956,0.4801082955274622,0.3744606352125628,1.737442572584642e-07,0.013527805422833918,168.25000000000068,0.9833333333333333,0.1295642723493888,0.5436497465507204,0.5086554398436453,0.8661475060133024,-78.25435359,24.1654676,POINT (-78.25435359 24.1654676),Caribbean
1381,57,0.5876777251184835,0.4801082955274622,0.5120176032498307,0.006806535592893225,0.13697833973916704,254.58333333333388,0.4493523436771969,0.1295642723493888,0.5436497465507204,0.5086554398436453,0.8661475060133024,-77.84475722,24.68892411,POINT (-77.84475722 24.68892411),Caribbean
1382,58,0.2227488151658768,0.4801082955274622,0.4231856335293782,6.603787683597582e-05,0.07496530069733888,200.9166666666677,0.8948412698412699,0.1295642723493888,0.5436497465507204,0.5086554398436453,0.8661475060133024,-76.97894332,24.30157345,POINT (-76.97894332 24.30157345),Caribbean
1383,59,0.11611374407582939,0.4801082955274622,0.39157645019998205,2.9180984903206938e-06,0.0393639088403548,179.75000000000094,0.9924242424242424,0.1295642723493888,0.5436497465507204,0.5086554398436453,0.8661475060133024,-76.7605836,24.1654676,POINT (-76.7605836 24.1654676),Caribbean
1384,60,0.28199052132701424,0.4801082955274622,0.4368707410813233,0.00012899943602932943,0.07646017288848915,209.58333333333425,0.8533333333333334,0.1295642723493888,0.5436497465507204,0.5086554398436453,0.8661475060133024,-79.16806856,24.09988332,POINT (-79.16806856 24.09988332),Caribbean
1385,61,0.0971563981042654,0.4801082955274622,0.38471421229943475,9.513694810547587e-07,0.03068808747438714,175.8333333333341,0.989247311827957,0.1295642723493888,0.5436497465507204,0.5086554398436453,0.8661475060133024,-78.44941633,24.09988332,POINT (-78.44941633 24.09988332),Caribbean
1386,62,0.1113744075829384,0.4801082955274622,0.39114039624652996,3.4905389007348447e-06,0.03774065179275724,179.25000000000094,0.9913978494623656,0.1295642723493888,0.5436497465507204,0.5086554398436453,0.8661475060133024,-76.86838143,24.09988332,POINT (-76.86838143 24.09988332),Caribbean
1387,63,0.10189573459715641,0.4801082955274622,0.4132283245051575,2.7986502114731788e-06,0.03861387171458135,187.9166666666675,0.9810606060606061,0.1295642723493888,0.5436497465507204,0.5086554398436453,0.8661475060133024,-75.53887481,24.09988332,POINT (-75.53887481 24.09988332),Caribbean
1388,64,0.33886255924170616,0.4801082955274622,0.44574121298145164,0.0007994239271610123,0.08445914047922497,218.25000000000094,0.6398656215005599,0.1295642723493888,0.5436497465507204,0.5086554398436453,0.8661475060133024,-78.77280984,24.03426544,POINT (-78.77280984 24.03426544),Caribbean
1389,65,0.17535545023696683,0.4801082955274622,0.4088988077175598,5.8771071191015265e-05,0.042998578148197374,189.08333333333422,0.909288824383164,0.1295642723493888,0.5436497465507204,0.5086554398436453,0.8661475060133024,-78.09009022,24.00144392,POINT (-78.09009022 24.00144392),Caribbean
1390,66,0.4336492890995261,0.4801082955274622,0.47465415652619447,0.0050075135092408655,0.1159163474806893,231.58333333333397,0.5660182729148246,0.1295642723493888,0.5436497465507204,0.5086554398436453,0.8661475060133024,-75.64667265,24.42746737,POINT (-75.64667265 24.42746737),Caribbean
1391,67,0.08530805687203792,0.4801082955274622,0.3868326826314801,4.1935522602250584e-07,0.028864005437636536,176.3333333333341,0.9852216748768473,0.1295642723493888,0.5436497465507204,0.5086554398436453,0.8661475060133024,-78.77280984,23.90292916,POINT (-78.77280984 23.90292916),Caribbean
1392,68,0.03554502369668247,0.4801082955274622,0.37287056882100206,1.737442572584642e-07,0.009861938987575456,166.58333333333397,0.9743589743589743,0.1295642723493888,0.5436497465507204,0.5086554398436453,0.8661475060133024,-78.55721417,23.90292916,POINT (-78.55721417 23.90292916),Caribbean
1393,69,0.20379146919431282,0.4801082955274622,0.41420291961012257,7.1872828301461e-05,0.0550798763919024,193.91666666666765,0.9231699939503932,0.1295642723493888,0.5436497465507204,0.5086554398436453,0.8661475060133024,-78.41348372,23.93577578,POINT (-78.41348372 23.93577578),Caribbean
1394,70,0.29383886255924174,0.4801082955274622,0.45734905706951035,0.0002523197350474571,0.0971748833227314,218.25000000000065,0.7802726543704892,0.1295642723493888,0.5436497465507204,0.5086554398436453,0.8661475060133024,-77.11990971,24.00144392,POINT (-77.11990971 24.00144392),Caribbean
1395,71,0.504739336492891,0.4801082955274622,0.4798416336466993,0.004073884753156148,0.1222394848988993,235.583333333334,0.49773355444997236,0.1295642723493888,0.5436497465507204,0.5086554398436453,0.8661475060133024,-76.61031995,24.23101821,POINT (-76.61031995 24.23101821),Caribbean
1396,72,0.08293838862559243,0.4801082955274622,0.3868326826314801,5.502544276159156e-07,0.029989609392464464,176.3333333333341,0.9867724867724867,0.1295642723493888,0.5436497465507204,0.5086554398436453,0.8661475060133024,-78.73687722,23.8372109,POINT (-78.73687722 23.8372109),Caribbean
1397,73,0.07819905213270142,0.4801082955274622,0.3801342812006319,5.600718677354214e-07,0.024282744807253755,172.00000000000077,0.9886039886039886,0.1295642723493888,0.5436497465507204,0.5086554398436453,0.8661475060133024,-78.48534895,23.80433927,POINT (-78.48534895 23.80433927),Caribbean
1398,74,0.03554502369668247,0.4801082955274622,0.37366391045679137,6.781524901827254e-08,0.011433094963946355,167.25000000000065,0.9871794871794872,0.1295642723493888,0.5436497465507204,0.5086554398436453,0.8661475060133024,-78.05415761,23.8372109,POINT (-78.05415761 23.8372109),Caribbean
1399,75,0.40758293838862564,0.4801082955274622,0.4989262440758294,0.002672988443318059,0.07846304642946214,232.83333333333354,0.6152969662441248,0.1295642723493888,0.5436497465507204,0.5086554398436453,0.8661475060133024,-80.46164257,23.80433927,POINT (-80.46164257 23.80433927),Caribbean
1400,76,0.29383886255924174,0.4801082955274622,0.4579453400643858,0.0004932068492691906,0.06569671790055934,215.0000000000006,0.8224602401817591,0.1295642723493888,0.5436497465507204,0.5086554398436453,0.8661475060133024,-79.95858601,23.77145932,POINT (-79.95858601 23.77145932),Caribbean
1401,77,0.07109004739336494,0.4801082955274622,0.3817870389449825,4.1935522602250584e-07,0.022981720139853844,172.6666666666674,0.9855072463768116,0.1295642723493888,0.5436497465507204,0.5086554398436453,0.8661475060133024,-78.59314678,23.77145932,POINT (-78.59314678 23.77145932),Caribbean
1402,78,0.13270142180094788,0.4801082955274622,0.4070035641128435,4.007145531113465e-06,0.040124930773461895,187.08333333333422,0.9841463414634146,0.1295642723493888,0.5436497465507204,0.5086554398436453,0.8661475060133024,-78.26975328,23.8372109,POINT (-78.26975328 23.8372109),Caribbean
1403,79,0.06398104265402844,0.4801082955274622,0.384293299594512,4.1935522602250584e-07,0.022086117196532293,173.66666666666742,0.9826839826839827,0.1295642723493888,0.5436497465507204,0.5086554398436453,0.8661475060133024,-78.09009022,23.77145932,POINT (-78.09009022 23.77145932),Caribbean
1404,80,0.36729857819905215,0.4801082955274622,0.4639948161550646,0.0007680639405176614,0.1059722929448024,223.75000000000065,0.6798679867986799,0.1295642723493888,0.5436497465507204,0.5086554398436453,0.8661475060133024,-76.83244882,23.8700742,POINT (-76.83244882 23.8700742),Caribbean
1405,81,0.37203791469194314,0.4801082955274622,0.48380726698262244,0.002821416814614616,0.0976302103440773,230.2500000000004,0.5906588824020017,0.1295642723493888,0.5436497465507204,0.5086554398436453,0.8661475060133024,-74.49682908,23.90292916,POINT (-74.49682908 23.90292916),Caribbean
1406,82,0.2132701421800948,0.4801082955274622,0.4146919431279621,4.314989799613591e-05,0.056407787764114786,194.41666666666768,0.940772078265468,0.1295642723493888,0.5436497465507204,0.5086554398436453,0.8661475060133024,-78.59314678,23.70567449,POINT (-78.59314678 23.70567449),Caribbean
1407,83,0.06161137440758294,0.4801082955274622,0.4000502002612573,4.1935522602250584e-07,0.021209194724909,179.58333333333408,0.9809523809523809,0.1295642723493888,0.5436497465507204,0.5086554398436453,0.8661475060133024,-78.09009022,23.70567449,POINT (-78.09009022 23.70567449),Caribbean
1408,84,0.05450236966824645,0.4801082955274622,0.37566211318650683,2.841102507587901e-07,0.019622959706590212,169.7500000000007,0.9779411764705882,0.1295642723493888,0.5436497465507204,0.5086554398436453,0.8661475060133024,-78.30568589,23.63985648,POINT (-78.30568589 23.63985648),Caribbean
1409,85,0.05924170616113744,0.4801082955274622,0.384293299594512,4.1935522602250584e-07,0.022251641812592562,173.66666666666742,0.9789473684210527,0.1295642723493888,0.5436497465507204,0.5086554398436453,0.8661475060133024,-78.23382067,23.63985648,POINT (-78.23382067 23.63985648),Caribbean
1410,86,0.13507109004739337,0.4801082955274622,0.40465907353615654,5.454020969784063e-06,0.03474815835550075,184.5833333333342,0.96723044397463,0.1295642723493888,0.5436497465507204,0.5086554398436453,0.8661475060133024,-77.94635977,23.73857106,POINT (-77.94635977 23.73857106),Caribbean
1411,87,0.27251184834123227,0.4801082955274622,0.4390550947867299,0.0005689569652123675,0.07334076331988451,207.25000000000077,0.7235087719298245,0.1295642723493888,0.5436497465507204,0.5086554398436453,0.8661475060133024,-75.10768348,23.67276963,POINT (-75.10768348 23.67276963),Caribbean
1412,88,0.05924170616113744,0.4801082955274622,0.4000502002612573,1.737442572584642e-07,0.0201295160577423,179.58333333333408,0.9883040935672515,0.1295642723493888,0.5436497465507204,0.5086554398436453,0.8661475060133024,-79.02433812,23.57400535,POINT (-79.02433812 23.57400535),Caribbean
1413,89,0.4146919431279621,0.4801082955274622,0.48049805175018323,0.0015711493607365435,0.09605272934401608,233.66666666666725,0.5789473684210527,0.1295642723493888,0.5436497465507204,0.5086554398436453,0.8661475060133024,-78.88060767,23.67276963,POINT (-78.88060767 23.67276963),Caribbean
1414,90,0.4431279620853081,0.4801082955274622,0.5032150083515529,0.005711638424066419,0.08276593638015754,235.83333333333354,0.5756899588960658,0.1295642723493888,0.5436497465507204,0.5086554398436453,0.8661475060133024,-80.42570996,23.57400535,POINT (-80.42570996 23.57400535),Caribbean
1415,91,0.08767772511848342,0.4801082955274622,0.4037288227923953,3.071831266499565e-06,0.03068750618513922,182.9166666666675,0.9857549857549858,0.1295642723493888,0.5436497465507204,0.5086554398436453,0.8661475060133024,-78.23382067,23.50812118,POINT (-78.23382067 23.50812118),Caribbean
1416,92,0.18009478672985785,0.4801082955274622,0.42523495863121535,2.547660404568994e-05,0.055208207481255066,195.91666666666745,0.9387755102040817,0.1295642723493888,0.5436497465507204,0.5086554398436453,0.8661475060133024,-76.16769551,23.50812118,POINT (-76.16769551 23.50812118),Caribbean
1417,93,0.3341232227488152,0.4801082955274622,0.46216325767024197,0.001508697443564853,0.0818408118948909,217.91666666666723,0.6236559139784946,0.1295642723493888,0.5436497465507204,0.5086554398436453,0.8661475060133024,-74.80225628,23.54106739,POINT (-74.80225628 23.54106739),Caribbean
1418,94,0.09478672985781991,0.4801082955274622,0.4028028392538806,6.591644790117364e-06,0.027807711355418277,181.9166666666675,0.9729064039408867,0.1295642723493888,0.5436497465507204,0.5086554398436453,0.8661475060133024,-78.3416185,23.44220405,POINT (-78.3416185 23.44220405),Caribbean
1419,95,0.7369668246445498,0.4801082955274622,0.5593058532315031,0.04257318327119567,0.125118437522287,270.8333333333335,0.3620120806050454,0.1295642723493888,0.5436497465507204,0.5086554398436453,0.8661475060133024,-79.74299034,23.73857106,POINT (-79.74299034 23.73857106),Caribbean
1420,96,0.1966824644549763,0.4801082955274622,0.4357866945773994,3.55676016356144e-05,0.060388762482552504,201.58333333333402,0.9218855218855219,0.1295642723493888,0.5436497465507204,0.5086554398436453,0.8661475060133024,-76.34735857,23.40923313,POINT (-76.34735857 23.40923313),Caribbean
1421,97,0.49526066350710907,0.4801082955274622,0.4759404821536367,0.004719573381182352,0.11454232031856591,231.58333333333394,0.49264787175234936,0.1295642723493888,0.5436497465507204,0.5086554398436453,0.8661475060133024,-75.93413354,23.47516673,POINT (-75.93413354 23.47516673),Caribbean
1422,98,0.08767772511848342,0.4801082955274622,0.38112737719441603,0.002733580931815287,0.006010207460524685,175.83333333333354,0.7310606060606061,0.1295642723493888,0.5436497465507204,0.5086554398436453,0.8661475060133024,-88.72614318,23.34326667,POINT (-88.72614318 23.34326667),Caribbean
1423,99,0.16113744075829384,0.4801082955274622,0.4079489847031172,8.772890207064196e-05,0.03906920874490261,187.41666666666757,0.9013605442176871,0.1295642723493888,0.5436497465507204,0.5086554398436453,0.8661475060133024,-78.88060767,23.31027114,POINT (-78.88060767 23.31027114),Caribbean
1424,100,0.13270142180094788,0.4801082955274622,0.42115596622228285,6.126320686460373e-06,0.043565601517750276,191.91666666666742,0.9743954480796586,0.1295642723493888,0.5436497465507204,0.5086554398436453,0.8661475060133024,-76.25752704,23.31027114,POINT (-76.25752704 23.31027114),Caribbean
1425,101,0.1279620853080569,0.4801082955274622,0.39114039624652996,6.432898707700565e-06,0.03832296480723852,182.0000000000008,0.9714714714714715,0.1295642723493888,0.5436497465507204,0.5086554398436453,0.8661475060133024,-76.07786398,23.27726742,POINT (-76.07786398 23.27726742),Caribbean
1426,102,0.04502369668246446,0.4801082955274622,0.3772761287104016,0.0,0.018335426034621415,170.41666666666737,1.0,0.1295642723493888,0.5436497465507204,0.5086554398436453,0.8661475060133024,-77.87449455,23.24425552,POINT (-77.87449455 23.24425552),Caribbean
1427,103,0.1066350710900474,0.4801082955274622,0.3964380088367764,1.3754798879745707e-06,0.037084009059329855,184.0000000000007,0.9943181818181818,0.1295642723493888,0.5436497465507204,0.5086554398436453,0.8661475060133024,-75.86226832,23.21123544,POINT (-75.86226832 23.21123544),Caribbean
1428,104,0.06398104265402844,0.4801082955274622,0.3647394349214786,5.497232193981028e-07,0.01137030100570423,165.33333333333368,0.9927536231884058,0.1295642723493888,0.5436497465507204,0.5086554398436453,0.8661475060133024,-75.28734653,23.17820721,POINT (-75.28734653 23.17820721),Caribbean
1429,105,0.20142180094786732,0.4801082955274622,0.4132283245051575,0.0001968607944064365,0.05354144540258388,192.58333333333425,0.9026013309134906,0.1295642723493888,0.5436497465507204,0.5086554398436453,0.8661475060133024,-78.52128156,23.11212628,POINT (-78.52128156 23.11212628),Caribbean
1430,106,0.5023696682464456,0.4801082955274622,0.4871623797911011,0.005846834381868307,0.11178773513885794,237.08333333333388,0.5404554263565892,0.1295642723493888,0.5436497465507204,0.5086554398436453,0.8661475060133024,-78.3416185,23.21123544,POINT (-78.3416185 23.21123544),Caribbean
1431,107,0.6919431279620853,0.4801082955274622,0.5329955627153018,0.026043595974780936,0.14245095629327142,263.99999999999994,0.4094925155166119,0.1295642723493888,0.5436497465507204,0.5086554398436453,0.8661475060133024,-77.51516844,23.24425552,POINT (-77.51516844 23.24425552),Caribbean
1432,108,0.3578199052132702,0.4801082955274622,0.45321816236049534,0.002279945608093232,0.056418759036799424,211.00000000000054,0.6617180984153461,0.1295642723493888,0.5436497465507204,0.5086554398436453,0.8661475060133024,-80.2280806,23.0129439,POINT (-80.2280806 23.0129439),Caribbean
1433,109,0.12085308056872039,0.4801082955274622,0.4079489847031172,7.131889707368484e-06,0.04111958236132905,187.08333333333422,0.9910873440285205,0.1295642723493888,0.5436497465507204,0.5086554398436453,0.8661475060133024,-77.87449455,22.97986688,POINT (-77.87449455 22.97986688),Caribbean
1434,110,0.1113744075829384,0.4801082955274622,0.40747572602016696,7.2726063490813995e-06,0.03882367774412217,186.25000000000088,0.9870967741935484,0.1295642723493888,0.5436497465507204,0.5086554398436453,0.8661475060133024,-77.58703366,22.97986688,POINT (-77.58703366 22.97986688),Caribbean
1435,111,0.4146919431279621,0.4801082955274622,0.4798416336466993,0.0023233019502384507,0.10908726278715565,231.2500000000005,0.6748009691934925,0.1295642723493888,0.5436497465507204,0.5086554398436453,0.8661475060133024,-77.26364016,23.0129439,POINT (-77.26364016 23.0129439),Caribbean
1436,112,0.5260663507109005,0.4801082955274622,0.4878389942074776,0.009275783545522215,0.0755698579173173,228.83333333333366,0.4349614024962124,0.1295642723493888,0.5436497465507204,0.5086554398436453,0.8661475060133024,-80.89283391,23.14517082,POINT (-80.89283391 23.14517082),Caribbean
1437,113,0.3981042654028436,0.4801082955274622,0.4791870065885183,0.0021009092368134462,0.0981560672606382,229.66666666666717,0.6842793129200896,0.1295642723493888,0.5436497465507204,0.5086554398436453,0.8661475060133024,-78.46738264,23.0129439,POINT (-78.46738264 23.0129439),Caribbean
1438,114,0.3341232227488152,0.4801082955274622,0.46338268579074393,0.0012498157216383518,0.08440774129376667,218.58333333333385,0.7698476343223737,0.1295642723493888,0.5436497465507204,0.5086554398436453,0.8661475060133024,-78.16195544,22.91368854,POINT (-78.16195544 22.91368854),Caribbean
1439,115,0.05450236966824645,0.4801082955274622,0.37768180196707946,6.781524901827254e-08,0.01851770895040005,170.58333333333402,0.9904761904761905,0.1295642723493888,0.5436497465507204,0.5086554398436453,0.8661475060133024,-78.018225,22.91368854,POINT (-78.018225 22.91368854),Caribbean
1440,116,0.3080568720379147,0.4801082955274622,0.4585431799339216,0.0006245740869462918,0.0806816713331199,215.91666666666723,0.7155840684309008,0.1295642723493888,0.5436497465507204,0.5086554398436453,0.8661475060133024,-75.37612122,23.04601282,POINT (-75.37612122 23.04601282),Caribbean
1441,117,0.3981042654028436,0.4801082955274622,0.4844745873508743,0.0021208721045636396,0.09377724284161214,231.41666666666708,0.5804722584383601,0.1295642723493888,0.5436497465507204,0.5086554398436453,0.8661475060133024,-73.61648011,22.94678175,POINT (-73.61648011 22.94678175),Caribbean
1442,118,0.4502369668246446,0.4801082955274622,0.4683254344391785,0.0103572213113976,0.03643076439954191,216.16666666666674,0.4578457129209458,0.1295642723493888,0.5436497465507204,0.5086554398436453,0.8661475060133024,-81.88098072,23.0129439,POINT (-81.88098072 23.0129439),Caribbean
1443,119,0.3151658767772512,0.4801082955274622,0.4474446825852024,0.0009685255886746931,0.04914815003282202,206.33333333333383,0.7247807017543859,0.1295642723493888,0.5436497465507204,0.5086554398436453,0.8661475060133024,-79.90468709,22.84747788,POINT (-79.90468709 22.84747788),Caribbean
1444,120,0.2180094786729858,0.4801082955274622,0.44405066476533994,0.00030735555123848047,0.06251073977503953,205.08333333333394,0.8954802259887006,0.1295642723493888,0.5436497465507204,0.5086554398436453,0.8661475060133024,-77.58703366,22.84747788,POINT (-77.58703366 22.84747788),Caribbean
1445,121,0.4502369668246446,0.4801082955274622,0.4798416336466993,0.00262622770039886,0.1061017313585868,230.2500000000005,0.5611612903225807,0.1295642723493888,0.5436497465507204,0.5086554398436453,0.8661475060133024,-76.22159443,23.0129439,POINT (-76.22159443 23.0129439),Caribbean
1446,122,0.27251184834123227,0.4801082955274622,0.4407077488448983,0.0004840371286399202,0.04358235899012194,200.3333333333338,0.7971887550200804,0.1295642723493888,0.5436497465507204,0.5086554398436453,0.8661475060133024,-79.72502404,22.78123496,POINT (-79.72502404 22.78123496),Caribbean
1447,123,0.5071090047393365,0.4801082955274622,0.4871623797911011,0.006819486152827993,0.10530520252385668,232.75000000000043,0.4758199546931941,0.1295642723493888,0.5436497465507204,0.5086554398436453,0.8661475060133024,-75.28734653,23.44220405,POINT (-75.28734653 23.44220405),Caribbean
1448,124,0.1066350710900474,0.4801082955274622,0.3825158193699877,0.001799942615284175,0.00768355320814975,179.75000000000014,0.7207317073170731,0.1295642723493888,0.5436497465507204,0.5086554398436453,0.8661475060133024,-88.40274968,22.64865266,POINT (-88.40274968 22.64865266),Caribbean
1449,125,0.3341232227488152,0.4801082955274622,0.4434899947340706,0.0008446681488570443,0.04769088820390646,203.50000000000048,0.6809185959671397,0.1295642723493888,0.5436497465507204,0.5086554398436453,0.8661475060133024,-79.50942837,22.64865266,POINT (-79.50942837 22.64865266),Caribbean
1450,126,0.49526066350710907,0.4801082955274622,0.4740135976105046,0.01586704464877841,0.03799311970490951,222.66666666666674,0.4196103896103896,0.1295642723493888,0.5436497465507204,0.5086554398436453,0.8661475060133024,-83.62371237,22.74810143,POINT (-83.62371237 22.74810143),Caribbean
1451,127,0.23696682464454977,0.4801082955274622,0.4347080146403266,0.000163125368078187,0.052401851589259925,199.583333333334,0.835820895522388,0.1295642723493888,0.5436497465507204,0.5086554398436453,0.8661475060133024,-76.72465099,22.58231343,POINT (-76.72465099 22.58231343),Caribbean
1452,128,0.2251184834123223,0.4801082955274622,0.4434899947340706,0.00011921051995207722,0.056718215803325304,204.58333333333385,0.8314310798946444,0.1295642723493888,0.5436497465507204,0.5086554398436453,0.8661475060133024,-74.35309864,22.44953914,POINT (-74.35309864 22.44953914),Caribbean
1453,129,0.38151658767772517,0.4801082955274622,0.48314178243381556,0.0013152993491170007,0.09387220399541084,229.7500000000004,0.6412253374870197,0.1295642723493888,0.5436497465507204,0.5086554398436453,0.8661475060133024,-73.5985138,22.48274467,POINT (-73.5985138 22.48274467),Caribbean
1454,130,0.37440758293838866,0.4801082955274622,0.4555694887540647,0.0010826413665569873,0.08368594525130456,216.41666666666728,0.6091728091728091,0.1295642723493888,0.5436497465507204,0.5086554398436453,0.8661475060133024,-76.09583029,22.5512059,POINT (-76.09583029 22.5512059),Caribbean
1455,131,0.4431279620853081,0.4801082955274622,0.48648763965288633,0.0030328391207527228,0.09813498589316975,232.2500000000004,0.5531734496124031,0.1295642723493888,0.5436497465507204,0.5086554398436453,0.8661475060133024,-74.10157036,22.61548704,POINT (-74.10157036 22.61548704),Caribbean
1456,132,0.16350710900473936,0.4801082955274622,0.406191846874513,0.00566166944672266,0.010420713577384071,194.91666666666703,0.6356902356902356,0.1295642723493888,0.5436497465507204,0.5086554398436453,0.8661475060133024,-89.69632369,22.34987489,POINT (-89.69632369 22.34987489),Caribbean
1457,133,0.11611374407582939,0.4801082955274622,0.3863867246258017,0.0009302057593444025,0.008978023669514862,185.98333333333335,0.7494949494949495,0.1295642723493888,0.5436497465507204,0.5086554398436453,0.8661475060133024,-88.58241274,22.21687831,POINT (-88.58241274 22.21687831),Caribbean
1458,134,0.6635071090047394,0.4801082955274622,0.5090493852599767,0.032551397825233655,0.11668937125571632,248.1666666666671,0.41461886529759834,0.1295642723493888,0.5436497465507204,0.5086554398436453,0.8661475060133024,-78.09009022,22.34987489,POINT (-78.09009022 22.34987489),Caribbean
1459,135,0.5829383886255924,0.4801082955274622,0.5017772511848342,0.017328627440660722,0.11815730038119127,242.83333333333377,0.486848635235732,0.1295642723493888,0.5436497465507204,0.5086554398436453,0.8661475060133024,-77.31753908,22.21687831,POINT (-77.31753908 22.21687831),Caribbean
1460,136,0.4549763033175356,0.4801082955274622,0.49821854727572185,0.004515086611564944,0.09893939567299963,240.0833333333337,0.5404554263565892,0.1295642723493888,0.5436497465507204,0.5086554398436453,0.8661475060133024,-72.91579418,22.28339241,POINT (-72.91579418 22.28339241),Caribbean
1461,137,0.11611374407582939,0.4801082955274622,0.3502938862954516,0.00023224254137081823,0.005801664633388832,170.68333333333382,0.7777777777777778,0.1295642723493888,0.5436497465507204,0.5086554398436453,0.8661475060133024,-91.13362815,22.05045517,POINT (-91.13362815 22.05045517),Caribbean
1462,138,0.590047393364929,0.4801082955274622,0.4905643517170166,0.010609471380533237,0.11062777632247858,235.91666666666708,0.4302708364506958,0.1295642723493888,0.5436497465507204,0.5086554398436453,0.8661475060133024,-76.63481946,22.21687831,POINT (-76.63481946 22.21687831),Caribbean
1463,139,0.12322274881516589,0.4801082955274622,0.3502938862954516,0.0012134823443008392,0.005801664633388832,170.68333333333382,0.7012820512820512,0.1295642723493888,0.5436497465507204,0.5086554398436453,0.8661475060133024,-91.42108904,21.98383095,POINT (-91.42108904 21.98383095),Caribbean
1464,140,0.4454976303317536,0.4801082955274622,0.48919787719969904,0.0035213385896148614,0.09896883094513248,234.2500000000004,0.6004842615012107,0.1295642723493888,0.5436497465507204,0.5086554398436453,0.8661475060133024,-74.01173883,22.18360942,POINT (-74.01173883 22.18360942),Caribbean
1465,141,0.12085308056872039,0.4801082955274622,0.39179325528754333,0.0003569038619799843,0.008193791578350417,185.50000000000009,0.7636363636363637,0.1295642723493888,0.5436497465507204,0.5086554398436453,0.8661475060133024,-89.51666063,21.85048874,POINT (-89.51666063 21.85048874),Caribbean
1466,142,0.1113744075829384,0.4801082955274622,0.3642691844477419,0.0007072208923747988,0.008360723074501352,178.51428571428573,0.7441860465116279,0.1295642723493888,0.5436497465507204,0.5086554398436453,0.8661475060133024,-88.58241274,21.85048874,POINT (-88.58241274 21.85048874),Caribbean
1467,143,0.14454976303317538,0.4801082955274622,0.40747572602016696,5.016393182116564e-05,0.02258529821810208,193.25000000000003,0.8289007092198581,0.1295642723493888,0.5436497465507204,0.5086554398436453,0.8661475060133024,-83.58777976,21.85048874,POINT (-83.58777976 21.85048874),Caribbean
1468,144,0.1137440758293839,0.4801082955274622,0.3849700913549463,0.0002861797761249734,0.00780039672315818,181.33333333333354,0.7932636469221835,0.1295642723493888,0.5436497465507204,0.5086554398436453,0.8661475060133024,-89.58852586,21.78377088,POINT (-89.58852586 21.78377088),Caribbean
1469,145,0.0971563981042654,0.4801082955274622,0.3633238491939848,0.00026390061737412596,0.006539898382035185,172.40000000000023,0.8191632928475033,0.1295642723493888,0.5436497465507204,0.5086554398436453,0.8661475060133024,-89.30106497,21.78377088,POINT (-89.30106497 21.78377088),Caribbean
1470,146,0.6350710900473934,0.4801082955274622,0.5135147307447133,0.03989845062964103,0.04435146362616183,243.50000000000003,0.35386430678466074,0.1295642723493888,0.5436497465507204,0.5086554398436453,0.8661475060133024,-84.37829721,22.34987489,POINT (-84.37829721 22.34987489),Caribbean
1471,147,0.604265402843602,0.4801082955274622,0.49401417134934444,0.015162677974740996,0.10348710961322252,236.41666666666703,0.4068221371388792,0.1295642723493888,0.5436497465507204,0.5086554398436453,0.8661475060133024,-75.39514437,21.95050711,POINT (-75.39514437 21.95050711),Caribbean
1472,148,0.08767772511848342,0.4801082955274622,0.34854968437198874,0.0004444550882678953,0.002903076145945725,166.35000000000045,0.7948717948717948,0.1295642723493888,0.5436497465507204,0.5086554398436453,0.8661475060133024,-92.06787604,21.71702197,POINT (-92.06787604 21.71702197),Caribbean
1473,149,0.28672985781990523,0.4801082955274622,0.42834643393827304,0.0009626773431462012,0.029282248056926218,205.75000000000006,0.7867088607594936,0.1295642723493888,0.5436497465507204,0.5086554398436453,0.8661475060133024,-80.31791212,21.8171337,POINT (-80.31791212 21.8171337),Caribbean
1474,150,0.09004739336492892,0.4801082955274622,0.34739650096629154,0.0004258406027553564,0.0038355916325410683,166.0166666666671,0.7816091954022989,0.1295642723493888,0.5436497465507204,0.5086554398436453,0.8661475060133024,-91.96007821,21.65024207,POINT (-91.96007821 21.65024207),Caribbean
1475,151,0.5071090047393365,0.4801082955274622,0.46895070204190104,0.012986910191822174,0.03782271600615945,228.3333333333334,0.4243093922651934,0.1295642723493888,0.5436497465507204,0.5086554398436453,0.8661475060133024,-84.21660046,21.78377088,POINT (-84.21660046 21.78377088),Caribbean
1476,152,0.29857819905213273,0.4801082955274622,0.4390550947867299,0.0014088245305555363,0.03140771513509771,212.08333333333337,0.7184873949579832,0.1295642723493888,0.5436497465507204,0.5086554398436453,0.8661475060133024,-81.23419371,21.88383599,POINT (-81.23419371 21.88383599),Caribbean
1477,153,0.15876777251184834,0.4801082955274622,0.42834643393827304,2.7451943176747883e-05,0.03987734080471815,194.58333333333402,0.9178743961352657,0.1295642723493888,0.5436497465507204,0.5086554398436453,0.8661475060133024,-75.71853787,21.61684052,POINT (-75.71853787 21.61684052),Caribbean
1478,154,0.1090047393364929,0.4801082955274622,0.37366391045679137,2.9875721032513207e-06,0.012531311879047049,172.66666666666686,0.9973544973544973,0.1295642723493888,0.5436497465507204,0.5086554398436453,0.8661475060133024,-81.68335136,21.58343125,POINT (-81.68335136 21.58343125),Caribbean
1479,155,0.5758293838862559,0.4801082955274622,0.48648763965288633,0.022008552345152695,0.09982444044680203,233.50000000000045,0.4582802818096936,0.1295642723493888,0.5436497465507204,0.5086554398436453,0.8661475060133024,-77.37143799,21.65024207,POINT (-77.37143799 21.65024207),Caribbean
1480,156,0.4502369668246446,0.4801082955274622,0.4905643517170166,0.004285000416748036,0.09871391780905418,235.2500000000004,0.6236460717009916,0.1295642723493888,0.5436497465507204,0.5086554398436453,0.8661475060133024,-73.81410947,21.55001428,POINT (-73.81410947 21.55001428),Caribbean
1481,157,0.11848341232227488,0.4801082955274622,0.37964633338429393,0.0007265780639405513,0.009417128008505572,178.41666666666666,0.7136524822695035,0.1295642723493888,0.5436497465507204,0.5086554398436453,0.8661475060133024,-88.29495185,21.44971721,POINT (-88.29495185 21.44971721),Caribbean
1482,158,0.1090047393364929,0.4801082955274622,0.3500019747235387,0.0005198241513394474,0.007633450666872011,174.5392857142858,0.7389006342494715,0.1295642723493888,0.5436497465507204,0.5086554398436453,0.8661475060133024,-88.79800841,21.38281412,POINT (-88.79800841 21.38281412),Caribbean
1483,159,0.48578199052132703,0.4801082955274622,0.46522394149587276,0.009757196447295044,0.03553100030679331,233.25000000000003,0.5004026845637584,0.1295642723493888,0.5436497465507204,0.5086554398436453,0.8661475060133024,-81.21622741,21.55001428,POINT (-81.21622741 21.55001428),Caribbean
1484,160,0.566350710900474,0.4801082955274622,0.5338055863668448,0.010773962370232565,0.10601454754466694,262.4999999999999,0.4446484428124575,0.1295642723493888,0.5436497465507204,0.5086554398436453,0.8661475060133024,-71.98154629,21.85048874,POINT (-71.98154629 21.85048874),Caribbean
1485,161,0.10189573459715641,0.4801082955274622,0.35479199578725645,5.0620267440778495e-06,0.019158407238555976,165.16666666666686,0.9715909090909091,0.1295642723493888,0.5436497465507204,0.5086554398436453,0.8661475060133024,-71.6940854,21.38281412,POINT (-71.6940854 21.38281412),Caribbean
1486,162,0.05213270142180095,0.4801082955274622,0.2522536754764243,0.00012908304128908884,0.0001308209487507333,117.61666666666652,0.725,0.1295642723493888,0.5436497465507204,0.5086554398436453,0.8661475060133024,-97.24217208,21.38281412,POINT (-97.24217208 21.38281412),Caribbean
1487,163,0.09478672985781991,0.4801082955274622,0.3428590772802012,4.042335304207078e-05,0.005739254291332684,163.76666666666708,0.8492063492063492,0.1295642723493888,0.5436497465507204,0.5086554398436453,0.8661475060133024,-90.52277375,21.31588044,POINT (-90.52277375 21.31588044),Caribbean
1488,164,0.11848341232227488,0.4801082955274622,0.385677107133376,0.00027865722698268154,0.007585771512473861,182.33333333333354,0.7796234772978959,0.1295642723493888,0.5436497465507204,0.5086554398436453,0.8661475060133024,-90.30717808,21.31588044,POINT (-90.30717808 21.31588044),Caribbean
1489,165,0.4336492890995261,0.4801082955274622,0.46277216841816066,0.00541085421928209,0.0358922883799477,230.91666666666669,0.5011990407673861,0.1295642723493888,0.5436497465507204,0.5086554398436453,0.8661475060133024,-83.06675689,21.31588044,POINT (-83.06675689 21.31588044),Caribbean
1490,166,0.48815165876777256,0.4801082955274622,0.47146855816024685,0.011150437285559426,0.036505828188494294,237.91666666666669,0.47452440033085197,0.1295642723493888,0.5436497465507204,0.5086554398436453,0.8661475060133024,-82.22234053,21.3493511,POINT (-82.22234053 21.3493511),Caribbean
1491,167,0.4407582938388626,0.4801082955274622,0.49193848155375897,0.0026734551485965772,0.09637868034296453,235.5833333333337,0.6088455772113943,0.1295642723493888,0.5436497465507204,0.5086554398436453,0.8661475060133024,-72.98765941,21.36369333,POINT (-72.98765941 21.36369333),Caribbean
1492,168,0.3649289099526067,0.4801082955274622,0.491250455705432,0.0014227612311499824,0.07743377025613123,236.33333333333374,0.6021357742181541,0.1295642723493888,0.5436497465507204,0.5086554398436453,0.8661475060133024,-71.51442234,21.38281412,POINT (-71.51442234 21.38281412),Caribbean
1493,169,0.12085308056872039,0.4801082955274622,0.39179325528754333,0.00036618928358362913,0.008150318588289393,185.50000000000006,0.7626262626262627,0.1295642723493888,0.5436497465507204,0.5086554398436453,0.8661475060133024,-90.16344764,21.18192157,POINT (-90.16344764 21.18192157),Caribbean
1494,170,0.5639810426540285,0.4801082955274622,0.4844745873508743,0.020448068433605606,0.10643898788163321,233.75000000000048,0.49002407980736157,0.1295642723493888,0.5436497465507204,0.5086554398436453,0.8661475060133024,-77.0839771,21.48315725,POINT (-77.0839771 21.48315725),Caribbean
1495,171,0.46445497630331756,0.4801082955274622,0.5180591088928965,0.007656822464894509,0.09324246698562136,252.50000000000037,0.5058242475072221,0.1295642723493888,0.5436497465507204,0.5086554398436453,0.8661475060133024,-72.03287859,21.24891623,POINT (-72.03287859 21.24891623),Caribbean
1496,172,0.3933649289099526,0.4801082955274622,0.5024951013295906,0.0020328352836028853,0.08082966392241261,243.66666666666706,0.5692698412698413,0.1295642723493888,0.5436497465507204,0.5086554398436453,0.8661475060133024,-71.17306253,21.28240215,POINT (-71.17306253 21.28240215),Caribbean
1497,173,0.2914691943127962,0.4801082955274622,0.45734905706951035,0.0007534778088856798,0.06250495303910499,217.91666666666717,0.6724137931034483,0.1295642723493888,0.5436497465507204,0.5086554398436453,0.8661475060133024,-71.62222017,21.18192157,POINT (-71.62222017 21.18192157),Caribbean
1498,174,0.1137440758293839,0.4801082955274622,0.35235098126530745,0.0004567922248226429,0.0057128917304451535,172.51666666666713,0.7112375533428165,0.1295642723493888,0.5436497465507204,0.5086554398436453,0.8661475060133024,-91.78041515,21.04784123,POINT (-91.78041515 21.04784123),Caribbean
1499,175,0.4502369668246446,0.4801082955274622,0.450890983092919,0.004230996645031427,0.034870737871994316,219.91666666666674,0.5399782135076253,0.1295642723493888,0.5436497465507204,0.5086554398436453,0.8661475060133024,-79.9226534,21.51658961,POINT (-79.9226534 21.51658961),Caribbean
1500,176,0.3578199052132702,0.4801082955274622,0.48851749072236983,0.002194905501276198,0.07629178421913267,235.33333333333374,0.6177606177606177,0.1295642723493888,0.5436497465507204,0.5086554398436453,0.8661475060133024,-71.26289406,21.08137267,POINT (-71.26289406 21.08137267),Caribbean
1501,177,0.047393364928909956,0.4801082955274622,0.25195103159462895,6.65790739075966e-05,9.506598842221927e-05,116.61666666666652,0.8021978021978022,0.1295642723493888,0.5436497465507204,0.5086554398436453,0.8661475060133024,-97.27810469,21.01430224,POINT (-97.27810469 21.01430224),Caribbean
1502,178,0.3199052132701422,0.4801082955274622,0.411292828840028,0.008747877391555503,0.02218987866950394,202.0,0.46001476377952755,0.1295642723493888,0.5436497465507204,0.5086554398436453,0.8661475060133024,-86.83968109,21.38281412,POINT (-86.83968109 21.38281412),Caribbean
1503,179,0.35545023696682465,0.4801082955274622,0.44630759317583724,0.0031035810016343405,0.06689640623107918,208.75000000000063,0.6328689825427615,0.1295642723493888,0.5436497465507204,0.5086554398436453,0.8661475060133024,-76.4371901,21.14841285,POINT (-76.4371901 21.14841285),Caribbean
1504,180,0.04976303317535545,0.4801082955274622,0.2522536754764243,0.00012001703987211497,0.0001308209487507333,117.61666666666652,0.7333333333333333,0.1295642723493888,0.5436497465507204,0.5086554398436453,0.8661475060133024,-97.20623947,20.91364003,POINT (-97.20623947 20.91364003),Caribbean
1505,181,0.4431279620853081,0.4801082955274622,0.44293073875079936,0.0029809032598519243,0.035873002649023586,214.9166666666668,0.549096622152396,0.1295642723493888,0.5436497465507204,0.5086554398436453,0.8661475060133024,-79.32914578,21.10796119,POINT (-79.32914578 21.10796119),Caribbean
1506,182,0.35545023696682465,0.4801082955274622,0.4585431799339216,0.00238096973444977,0.07481336415817913,214.58333333333385,0.6756435643564357,0.1295642723493888,0.5436497465507204,0.5086554398436453,0.8661475060133024,-75.86226832,20.9807557,POINT (-75.86226832 20.9807557),Caribbean
1507,183,0.09004739336492892,0.4801082955274622,0.34883917746532095,0.00048413974271333367,0.002314088063507432,166.85000000000045,0.7292307692307692,0.1295642723493888,0.5436497465507204,0.5086554398436453,0.8661475060133024,-92.31940432,20.84649431,POINT (-92.31940432 20.84649431),Caribbean
1508,184,0.1137440758293839,0.4801082955274622,0.3514664181324238,0.0009095568789684331,0.004427164876635018,171.35000000000045,0.6890756302521008,0.1295642723493888,0.5436497465507204,0.5086554398436453,0.8661475060133024,-92.2475391,20.77931861,POINT (-92.2475391 20.77931861),Caribbean
1509,185,0.613744075829384,0.4801082955274622,0.5412081291670013,0.014862687008848683,0.11008475536299317,266.33333333333314,0.452926715832835,0.1295642723493888,0.5436497465507204,0.5086554398436453,0.8661475060133024,-73.34698552,20.77931861,POINT (-73.34698552 20.77931861),Caribbean
1510,186,0.3483412322274882,0.4801082955274622,0.41420291961012257,0.008968489673635999,0.02464671260141405,205.0,0.442081117714524,0.1295642723493888,0.5436497465507204,0.5086554398436453,0.8661475060133024,-86.82171478,20.8129102,POINT (-86.82171478 20.8129102),Caribbean
1511,187,0.4052132701421801,0.4801082955274622,0.4347080146403266,0.0028388593764732233,0.04502424393572364,207.83333333333374,0.5986164736164736,0.1295642723493888,0.5436497465507204,0.5086554398436453,0.8661475060133024,-78.88060767,21.14841285,POINT (-78.88060767 21.14841285),Caribbean
1512,188,0.26540284360189575,0.4801082955274622,0.42834643393827304,0.00042267678464673575,0.03983719013441629,202.16666666666708,0.8240615106286748,0.1295642723493888,0.5436497465507204,0.5086554398436453,0.8661475060133024,-78.55721417,20.67849902,POINT (-78.55721417 20.67849902),Caribbean
1513,189,0.06398104265402844,0.4801082955274622,0.32224227140310446,0.0,0.00426922696961432,145.33333333333337,1.0,0.1295642723493888,0.5436497465507204,0.5086554398436453,0.8661475060133024,-77.37143799,20.57761243,POINT (-77.37143799 20.57761243),Caribbean
1514,190,0.3578199052132702,0.4801082955274622,0.4639948161550646,0.0025997452294095414,0.08257580177664403,218.7500000000005,0.7003865979381443,0.1295642723493888,0.5436497465507204,0.5086554398436453,0.8661475060133024,-75.57480742,20.77931861,POINT (-75.57480742 20.77931861),Caribbean
1515,191,0.08293838862559243,0.4801082955274622,0.3425794206103152,3.1723242381695994e-05,0.005326151142934176,162.93333333333374,0.865530303030303,0.1295642723493888,0.5436497465507204,0.5086554398436453,0.8661475060133024,-90.81023464,20.51031762,POINT (-90.81023464 20.51031762),Caribbean
1516,192,0.37440758293838866,0.4801082955274622,0.4336346615177579,0.0015701194635051447,0.034220988689786166,208.75000000000014,0.6058896138247223,0.1295642723493888,0.5436497465507204,0.5086554398436453,0.8661475060133024,-79.00637181,20.72471633,POINT (-79.00637181 20.72471633),Caribbean
1517,193,0.18483412322274884,0.4801082955274622,0.3964380088367764,0.0002803731517313443,0.018852341419839182,181.50000000000054,0.8868686868686869,0.1295642723493888,0.5436497465507204,0.5086554398436453,0.8661475060133024,-77.44330322,20.51031762,POINT (-77.44330322 20.51031762),Caribbean
1518,194,0.3649289099526067,0.4801082955274622,0.4396046005374016,0.0017027571492679479,0.0391006788402303,208.33333333333368,0.6269306930693069,0.1295642723493888,0.5436497465507204,0.5086554398436453,0.8661475060133024,-78.62907939,20.51031762,POINT (-78.62907939 20.51031762),Caribbean
1519,195,0.3341232227488152,0.4801082955274622,0.450890983092919,0.0028194110550338104,0.05690433422156134,214.0000000000005,0.7228464419475655,0.1295642723493888,0.5436497465507204,0.5086554398436453,0.8661475060133024,-77.87449455,20.51031762,POINT (-77.87449455 20.51031762),Caribbean
1520,196,0.17535545023696683,0.4801082955274622,0.3450334733098074,5.483921304451884e-05,0.009471560306584753,159.0833333333334,0.9045454545454545,0.1295642723493888,0.5436497465507204,0.5086554398436453,0.8661475060133024,-77.37143799,20.44299322,POINT (-77.37143799 20.44299322),Caribbean
1521,197,0.12322274881516589,0.4801082955274622,0.35235098126530745,0.003980200924735453,0.005162561370918753,172.85000000000045,0.650472334682861,0.1295642723493888,0.5436497465507204,0.5086554398436453,0.8661475060133024,-91.85228037,20.37563932,POINT (-91.85228037 20.37563932),Caribbean
1522,198,0.3270142180094787,0.4801082955274622,0.40842334398765573,0.004575284682867391,0.022813052277673693,201.66666666666666,0.47227191413237923,0.1295642723493888,0.5436497465507204,0.5086554398436453,0.8661475060133024,-87.21697351,20.37563932,POINT (-87.21697351 20.37563932),Caribbean
1523,199,0.0995260663507109,0.4801082955274622,0.33019054219201766,0.0002993467366368939,0.0022484238516735735,160.63333333333378,0.6625615763546798,0.1295642723493888,0.5436497465507204,0.5086554398436453,0.8661475060133024,-92.21160649,20.34195133,POINT (-92.21160649 20.34195133),Caribbean
1524,200,0.5592417061611374,0.4801082955274622,0.5127650742034802,0.026837925659807638,0.1022509923078631,249.75000000000037,0.5107180202161031,0.1295642723493888,0.5436497465507204,0.5086554398436453,0.8661475060133024,-74.89208781,20.54396873,POINT (-74.89208781 20.54396873),Caribbean
1525,201,0.4407582938388626,0.4801082955274622,0.4844745873508743,0.007161870854004457,0.06212544296209176,229.3333333333335,0.6061814556331007,0.1295642723493888,0.5436497465507204,0.5086554398436453,0.8661475060133024,-78.16195544,20.51031762,POINT (-78.16195544 20.51031762),Caribbean
1526,202,0.1943127962085308,0.4801082955274622,0.4181477093206951,0.000133498877058644,0.04719658250308946,195.16666666666737,0.9224318658280922,0.1295642723493888,0.5436497465507204,0.5086554398436453,0.8661475060133024,-74.49682908,20.24084334,POINT (-74.49682908 20.24084334),Caribbean
1527,203,0.41943127962085314,0.4801082955274622,0.4683254344391785,0.004190333749023115,0.0517103524286995,222.16666666666683,0.580952380952381,0.1295642723493888,0.5436497465507204,0.5086554398436453,0.8661475060133024,-78.23382067,20.24084334,POINT (-78.23382067 20.24084334),Caribbean
1528,204,0.16350710900473936,0.4801082955274622,0.33871174139767013,4.165920607467289e-05,0.008472293578123744,156.16666666666669,0.9281567489114659,0.1295642723493888,0.5436497465507204,0.5086554398436453,0.8661475060133024,-77.15584232,20.24084334,POINT (-77.15584232 20.24084334),Caribbean
1529,205,0.3364928909952607,0.4801082955274622,0.40747572602016696,0.004009214716727904,0.02215139618252965,200.66666666666666,0.4934026389444222,0.1295642723493888,0.5436497465507204,0.5086554398436453,0.8661475060133024,-87.39663656,20.10593032,POINT (-87.39663656 20.10593032),Caribbean
1530,206,0.38388625592417064,0.4801082955274622,0.4161659666224928,0.009771010764379345,0.029161660207323383,208.66666666666674,0.4272930648769575,0.1295642723493888,0.5436497465507204,0.5086554398436453,0.8661475060133024,-86.94747892,20.20712603,POINT (-86.94747892 20.20712603),Caribbean
1531,207,0.10189573459715641,0.4801082955274622,0.33600189573459716,0.00041476570168870583,0.003105778694337613,164.38333333333378,0.6774193548387096,0.1295642723493888,0.5436497465507204,0.5086554398436453,0.8661475060133024,-91.96007821,20.07218385,POINT (-91.96007821 20.07218385),Caribbean
1532,208,0.18720379146919433,0.4801082955274622,0.36436107451180905,7.801713891559793e-05,0.014290025098147634,167.83333333333357,0.9117845117845118,0.1295642723493888,0.5436497465507204,0.5086554398436453,0.8661475060133024,-77.42533691,20.03843012,POINT (-77.42533691 20.03843012),Caribbean
1533,209,0.580568720379147,0.4801082955274622,0.5289820419117227,0.024590889848227396,0.09921786054265491,258.83333333333354,0.4920851321669318,0.1295642723493888,0.5436497465507204,0.5086554398436453,0.8661475060133024,-74.35309864,19.97090091,POINT (-74.35309864 19.97090091),Caribbean
1534,210,0.49289099526066354,0.4801082955274622,0.4878389942074776,0.011849086054958553,0.06387969524075846,231.50000000000017,0.5436346574913982,0.1295642723493888,0.5436497465507204,0.5086554398436453,0.8661475060133024,-77.66183216,20.17202475,POINT (-77.66183216 20.17202475),Caribbean
1535,211,0.4549763033175356,0.4801082955274622,0.4791870065885183,0.003960648802920985,0.07174717483565522,234.33333333333377,0.628099173553719,0.1295642723493888,0.5436497465507204,0.5086554398436453,0.8661475060133024,-76.15486244,19.84058436,POINT (-76.15486244 19.84058436),Caribbean
1536,212,0.542654028436019,0.4801082955274622,0.516535405631447,0.022121983996343457,0.08617331531999187,250.83333333333368,0.5402106047898612,0.1295642723493888,0.5436497465507204,0.5086554398436453,0.8661475060133024,-75.41311067,19.76813999,POINT (-75.41311067 19.76813999),Caribbean
1537,213,0.49763033175355453,0.4801082955274622,0.4871623797911011,0.008350828365802329,0.07162617790027948,240.00000000000045,0.5530270502361528,0.1295642723493888,0.5436497465507204,0.5086554398436453,0.8661475060133024,-72.88242819,19.85265521,POINT (-72.88242819 19.85265521),Caribbean
1538,214,0.537914691943128,0.4801082955274622,0.49262843734836453,0.01351506220586271,0.06398412696866333,235.00000000000017,0.5056639944231439,0.1295642723493888,0.5436497465507204,0.5086554398436453,0.8661475060133024,-77.83856194,19.80195146,POINT (-77.83856194 19.80195146),Caribbean
1539,215,0.4241706161137441,0.4801082955274622,0.47146855816024685,0.004050032078429822,0.06321560140313742,227.0000000000004,0.6426020804222947,0.1295642723493888,0.5436497465507204,0.5086554398436453,0.8661475060133024,-77.1220234,19.76813999,POINT (-77.1220234 19.76813999),Caribbean
1540,216,0.3222748815165877,0.4801082955274622,0.411292828840028,0.0019969419719553976,0.04566466224292558,199.75000000000043,0.7115995115995116,0.1295642723493888,0.5436497465507204,0.5086554398436453,0.8661475060133024,-71.80188323,19.74559501,POINT (-71.80188323 19.74559501),Caribbean
1541,217,0.36729857819905215,0.4801082955274622,0.4418164475841307,0.0030645824890841063,0.053752578024701334,213.3333333333338,0.6592894583576004,0.1295642723493888,0.5436497465507204,0.5086554398436453,0.8661475060133024,-71.53238865,19.80195146,POINT (-71.53238865 19.80195146),Caribbean
1542,218,0.3530805687203792,0.4801082955274622,0.4093753797545267,0.003075552274799903,0.022877349300803245,202.66666666666666,0.49290322580645163,0.1295642723493888,0.5436497465507204,0.5086554398436453,0.8661475060133024,-87.5044344,19.93712545,POINT (-87.5044344 19.93712545),Caribbean
1543,219,0.3601895734597157,0.4801082955274622,0.43097432617102316,0.003128091972145199,0.05356377230587954,210.1666666666671,0.6730486008836525,0.1295642723493888,0.5436497465507204,0.5086554398436453,0.8661475060133024,-72.19714196,19.66666256,POINT (-72.19714196 19.66666256),Caribbean
1544,220,0.3341232227488152,0.4801082955274622,0.4132283245051575,0.0011516568421719125,0.04669650973986547,202.1666666666671,0.6833146696528556,0.1295642723493888,0.5436497465507204,0.5086554398436453,0.8661475060133024,-71.01136578,19.80195146,POINT (-71.01136578 19.80195146),Caribbean
1545,221,0.3981042654028436,0.4801082955274622,0.43796019430097743,0.003974694869634742,0.030828091591820428,211.08333333333337,0.5705739923087879,0.1295642723493888,0.5436497465507204,0.5086554398436453,0.8661475060133024,-79.9226534,19.56512085,POINT (-79.9226534 19.56512085),Caribbean
1546,222,0.3341232227488152,0.4801082955274622,0.4567543248756618,0.0030118941481308103,0.0500915477933748,218.66666666666714,0.6555555555555556,0.1295642723493888,0.5436497465507204,0.5086554398436453,0.8661475060133024,-70.20288203,19.53125939,POINT (-70.20288203 19.53125939),Caribbean
1547,223,0.35545023696682465,0.4801082955274622,0.3995950805795039,0.0032849346810417427,0.021929893001202568,199.41666666666663,0.4794400699912511,0.1295642723493888,0.5436497465507204,0.5086554398436453,0.8661475060133024,-87.39663656,19.46351516,POINT (-87.39663656 19.46351516),Caribbean
1548,224,0.47156398104265407,0.4801082955274622,0.48115626825943,0.00687090999058138,0.06479430565677279,235.50000000000043,0.5624509033778476,0.1295642723493888,0.5436497465507204,0.5086554398436453,0.8661475060133024,-73.32901921,19.49739082,POINT (-73.32901921 19.49739082),Caribbean
1549,225,0.04976303317535545,0.4801082955274622,0.2521022627060303,9.391553441296872e-05,0.0001268217943382761,117.11666666666652,0.7619047619047619,0.1295642723493888,0.5436497465507204,0.5086554398436453,0.8661475060133024,-96.34385679,19.39574261,POINT (-96.34385679 19.39574261),Caribbean
1550,226,0.514218009478673,0.4801082955274622,0.4733747652687115,0.014425976303082951,0.0368746692726142,235.41666666666669,0.40697177074422586,0.1295642723493888,0.5436497465507204,0.5086554398436453,0.8661475060133024,-81.32402524,19.22618789,POINT (-81.32402524 19.22618789),Caribbean
1551,227,0.4289099526066351,0.4801082955274622,0.5039369811038507,0.010556052343343196,0.0770883942300869,245.66666666666706,0.5491000227842333,0.1295642723493888,0.5436497465507204,0.5086554398436453,0.8661475060133024,-69.95135375,19.56512085,POINT (-69.95135375 19.56512085),Caribbean
1552,228,0.007109004739336493,0.4801082955274622,0.26054737572471864,0.0,7.294255815937364e-05,118.09999999999977,1.0,0.1295642723493888,0.5436497465507204,0.5086554398436453,0.8661475060133024,-95.98453068,18.98851729,POINT (-95.98453068 18.98851729),Caribbean
1553,229,0.07582938388625593,0.4801082955274622,0.2649857221881681,0.00045634102578970726,0.0005572290420486482,128.18333333333302,0.695906432748538,0.1295642723493888,0.5436497465507204,0.5086554398436453,0.8661475060133024,-69.12490368,18.92054885,POINT (-69.12490368 18.92054885),Caribbean
1554,230,0.4620853080568721,0.4801082955274622,0.5203615938213095,0.015893278984415917,0.0852410635149776,256.00000000000034,0.49539149888143175,0.1295642723493888,0.5436497465507204,0.5086554398436453,0.8661475060133024,-72.80799635,18.92054885,POINT (-72.80799635 18.92054885),Caribbean
1555,231,0.2156398104265403,0.4801082955274622,0.37687132599719303,8.7298575725427e-05,0.024389648948516817,176.16666666666708,0.8776241679467486,0.1295642723493888,0.5436497465507204,0.5086554398436453,0.8661475060133024,-87.54865915,18.96499288,POINT (-87.54865915 18.96499288),Caribbean
1556,232,0.3767772511848341,0.4801082955274622,0.40096355688285834,0.004221724614965501,0.024139502648361653,200.91666666666663,0.464818763326226,0.1295642723493888,0.5436497465507204,0.5086554398436453,0.8661475060133024,-68.87337541,18.88655425,POINT (-68.87337541 18.88655425),Caribbean
1557,233,0.3080568720379147,0.4801082955274622,0.4491612222882147,0.0020950728497040687,0.03615810155759907,219.83333333333397,0.6105302464525766,0.1295642723493888,0.5436497465507204,0.5086554398436453,0.8661475060133024,-68.46015037,18.61434992,POINT (-68.46015037 18.61434992),Caribbean
1558,234,0.18957345971563982,0.4801082955274622,0.38471421229943475,0.0001935647876411786,0.021529009026262657,186.9166666666672,0.7772657450076805,0.1295642723493888,0.5436497465507204,0.5086554398436453,0.8661475060133024,-73.02359202,18.61434992,POINT (-73.02359202 18.61434992),Caribbean
1559,235,0.3412322274881517,0.4801082955274622,0.43632804450855145,0.0027065963723667693,0.04911099841848697,211.75000000000045,0.7131019036954087,0.1295642723493888,0.5436497465507204,0.5086554398436453,0.8661475060133024,-72.62833329,18.68244211,POINT (-72.62833329 18.68244211),Caribbean
1560,236,0.16350710900473936,0.4801082955274622,0.3701202063534077,1.023257005177517e-05,0.017553798723139894,170.33333333333363,0.976063829787234,0.1295642723493888,0.5436497465507204,0.5086554398436453,0.8661475060133024,-67.09471114,18.40991006,POINT (-67.09471114 18.40991006),Caribbean
1561,237,0.13270142180094788,0.4801082955274622,0.2941742678638056,4.650724702186806e-05,0.0023542723098015773,146.0166666666668,0.8606271777003485,0.1295642723493888,0.5436497465507204,0.5086554398436453,0.8661475060133024,-64.29196746,18.58029359,POINT (-64.29196746 18.58029359),Caribbean
1562,238,0.2180094786729858,0.4801082955274622,0.2974124266125181,0.0007909724397951943,0.00238250864452638,154.9333333333335,0.6576923076923077,0.1295642723493888,0.5436497465507204,0.5086554398436453,0.8661475060133024,-77.55110105,18.37581306,POINT (-77.55110105 18.37581306),Caribbean
1563,239,0.4668246445497631,0.4801082955274622,0.460346102004435,0.011294647261854062,0.05673102159409313,222.33333333333368,0.5300962657357453,0.1295642723493888,0.5436497465507204,0.5086554398436453,0.8661475060133024,-75.84430201,18.37581306,POINT (-75.84430201 18.37581306),Caribbean
1564,240,0.5853080568720379,0.4801082955274622,0.517296135242097,0.01519998141356672,0.06429206508204259,255.00000000000026,0.43962848297213625,0.1295642723493888,0.5436497465507204,0.5086554398436453,0.8661475060133024,-73.5985138,18.44400032,POINT (-73.5985138 18.44400032),Caribbean
1565,241,0.48341232227488157,0.4801082955274622,0.48314178243381556,0.004324560896830661,0.05847724604729022,237.6666666666671,0.5469098277608916,0.1295642723493888,0.5436497465507204,0.5086554398436453,0.8661475060133024,-66.87911547,18.37581306,POINT (-66.87911547 18.37581306),Caribbean
1566,242,0.09241706161137442,0.4801082955274622,0.28861468843827764,3.949622707643904e-06,0.0012603044428415877,138.26666666666677,0.9507692307692308,0.1295642723493888,0.5436497465507204,0.5086554398436453,0.8661475060133024,-66.60962089,18.37581306,POINT (-66.60962089 18.37581306),Caribbean
1567,243,0.13270142180094788,0.4801082955274622,0.29100586232757575,5.516567799365259e-05,0.0023681292805103767,143.26666666666685,0.8939024390243903,0.1295642723493888,0.5436497465507204,0.5086554398436453,0.8661475060133024,-66.10656433,18.34170931,POINT (-66.10656433 18.34170931),Caribbean
1568,244,0.2203791469194313,0.4801082955274622,0.29541133375053313,0.0007809978072416462,0.0032772894770301234,151.93333333333354,0.694824016563147,0.1295642723493888,0.5436497465507204,0.5086554398436453,0.8661475060133024,-87.32477134,18.47808381,POINT (-87.32477134 18.47808381),Caribbean
1569,245,0.46445497630331756,0.4801082955274622,0.44015548349546857,0.01573522741160237,0.031611054506071636,217.75000000000003,0.3968491588252067,0.1295642723493888,0.5436497465507204,0.5086554398436453,0.8661475060133024,-77.03007819,18.30759883,POINT (-77.03007819 18.30759883),Caribbean
1570,246,0.4383886255924171,0.4801082955274622,0.4585431799339216,0.007734990754157826,0.05306356293798384,219.83333333333363,0.5553536821705426,0.1295642723493888,0.5436497465507204,0.5086554398436453,0.8661475060133024,-74.99988564,18.27348163,POINT (-74.99988564 18.27348163),Caribbean
1571,247,0.40758293838862564,0.4801082955274622,0.46095023074722297,0.0011303298820076022,0.052683758402069826,226.16666666666708,0.6400299850074963,0.1295642723493888,0.5436497465507204,0.5086554398436453,0.8661475060133024,-69.43033088,18.30759883,POINT (-69.43033088 18.30759883),Caribbean
1572,248,0.3981042654028436,0.4801082955274622,0.3977849103390531,0.004694820082417644,0.02315295523530526,201.9166666666672,0.5894603174603175,0.1295642723493888,0.5436497465507204,0.5086554398436453,0.8661475060133024,-67.48996987,18.27348163,POINT (-67.48996987 18.27348163),Caribbean
1573,249,0.1090047393364929,0.4801082955274622,0.2944208514915204,2.9392101799492e-05,0.0023574313053051446,146.5166666666668,0.9142857142857143,0.1295642723493888,0.5436497465507204,0.5086554398436453,0.8661475060133024,-64.38778775,18.36444589,POINT (-64.38778775 18.36444589),Caribbean
1574,250,0.20142180094786732,0.4801082955274622,0.29690961608570066,0.000484713821287538,0.002382374613336274,153.9333333333335,0.6836065573770492,0.1295642723493888,0.5436497465507204,0.5086554398436453,0.8661475060133024,-87.77392898,18.30759883,POINT (-87.77392898 18.30759883),Caribbean
1575,251,0.3459715639810427,0.4801082955274622,0.3973349274088053,0.002549996758025686,0.020854045696457137,197.5833333333333,0.4912258064516129,0.1295642723493888,0.5436497465507204,0.5086554398436453,0.8661475060133024,-78.0361913,18.34170931,POINT (-78.0361913 18.34170931),Caribbean
1576,252,0.5118483412322276,0.4801082955274622,0.46095023074722297,0.010680770237484727,0.04798811141942972,226.50000000000034,0.4767320065838695,0.1295642723493888,0.5436497465507204,0.5086554398436453,0.8661475060133024,-68.99913955,18.27348163,POINT (-68.99913955 18.27348163),Caribbean
1577,253,0.38388625592417064,0.4801082955274622,0.3986879407825016,0.004099021746561497,0.02463841543574702,202.9166666666672,0.5950719270759152,0.1295642723493888,0.5436497465507204,0.5086554398436453,0.8661475060133024,-67.20250898,18.27348163,POINT (-67.20250898 18.27348163),Caribbean
1578,254,0.2132701421800948,0.4801082955274622,0.2996963104346279,0.0003601065295140366,0.0035298018322012428,157.01666666666688,0.685848252344416,0.1295642723493888,0.5436497465507204,0.5086554398436453,0.8661475060133024,-72.19714196,18.13694585,POINT (-72.19714196 18.13694585),Caribbean
1579,255,0.10189573459715641,0.4801082955274622,0.349844697041219,1.5031879886133992e-05,0.006748629929046245,167.0833333333336,0.9637096774193549,0.1295642723493888,0.5436497465507204,0.5086554398436453,0.8661475060133024,-70.54424183,18.13694585,POINT (-70.54424183 18.13694585),Caribbean
1580,256,0.16587677725118485,0.4801082955274622,0.33936625683998445,4.419957470545181e-05,0.0035635739263221665,164.66666666666688,0.8909090909090909,0.1295642723493888,0.5436497465507204,0.5086554398436453,0.8661475060133024,-70.09867745,18.191573,POINT (-70.09867745 18.191573),Caribbean
1581,257,0.3601895734597157,0.4801082955274622,0.3859825009114109,0.002955434343879892,0.016721616455505628,195.2500000000005,0.6232383808095951,0.1295642723493888,0.5436497465507204,0.5086554398436453,0.8661475060133024,-64.95672077,18.20522712,POINT (-64.95672077 18.20522712),Caribbean
1582,258,0.22985781990521328,0.4801082955274622,0.2996963104346279,0.0010553957862528011,0.0027371454172864895,157.3500000000002,0.6381074168797954,0.1295642723493888,0.5436497465507204,0.5086554398436453,0.8661475060133024,-76.79651621,18.17108983,POINT (-76.79651621 18.17108983),Caribbean
1583,259,0.44786729857819907,0.4801082955274622,0.4791870065885183,0.005002981540612429,0.056169002860954345,233.0000000000002,0.5960634920634921,0.1295642723493888,0.5436497465507204,0.5086554398436453,0.8661475060133024,-73.22122138,18.06863792,POINT (-73.22122138 18.06863792),Caribbean
1584,260,0.4454976303317536,0.4801082955274622,0.41715448435793817,0.006061260881649576,0.022734540120900416,209.50000000000026,0.49409541804440243,0.1295642723493888,0.5436497465507204,0.5086554398436453,0.8661475060133024,-72.52053546,18.10279522,POINT (-72.52053546 18.10279522),Caribbean
1585,261,0.33886255924170616,0.4801082955274622,0.3813725036149663,0.0014700096614039143,0.012175516803716497,189.25000000000043,0.5929306098797624,0.1295642723493888,0.5436497465507204,0.5086554398436453,0.8661475060133024,-72.05341151,18.10279522,POINT (-72.05341151 18.10279522),Caribbean
1586,262,0.18483412322274884,0.4801082955274622,0.3526546946078151,0.00014245083669357618,0.006806157225208281,171.08333333333366,0.8166922683051715,0.1295642723493888,0.5436497465507204,0.5086554398436453,0.8661475060133024,-70.47237661,18.06863792,POINT (-70.47237661 18.06863792),Caribbean
1587,263,0.07582938388625593,0.4801082955274622,0.3338822013587299,4.660391077977948e-06,0.002785700140852656,156.16666666666683,0.9723320158102767,0.1295642723493888,0.5436497465507204,0.5086554398436453,0.8661475060133024,-78.28771958,18.10279522,POINT (-78.28771958 18.10279522),Caribbean
1588,264,0.4786729857819906,0.4801082955274622,0.4538037155418396,0.010197302787701715,0.035940204474484296,230.08333333333357,0.4368773477053732,0.1295642723493888,0.5436497465507204,0.5086554398436453,0.8661475060133024,-72.80799635,18.03447398,POINT (-72.80799635 18.03447398),Caribbean
1589,265,0.3601895734597157,0.4801082955274622,0.3876866179132273,0.0019441057730192972,0.016262703658333027,192.25000000000045,0.5836134453781513,0.1295642723493888,0.5436497465507204,0.5086554398436453,0.8661475060133024,-70.86763534,18.20522712,POINT (-70.86763534 18.20522712),Caribbean
1590,266,0.3459715639810427,0.4801082955274622,0.3793132568351878,0.0029037360359930155,0.006375326124665227,191.50000000000045,0.572908471020194,0.1295642723493888,0.5436497465507204,0.5086554398436453,0.8661475060133024,-68.54138932,18.22006734,POINT (-68.54138932 18.22006734),Caribbean
1591,267,0.49289099526066354,0.4801082955274622,0.4137150480911471,0.022610763894464234,0.03500385611378381,213.66666666666725,0.5137917637917638,0.1295642723493888,0.5436497465507204,0.5086554398436453,0.8661475060133024,-87.97155835,17.96612622,POINT (-87.97155835 17.96612622),Caribbean
1592,268,0.2203791469194313,0.4801082955274622,0.3937713854589506,0.0003120396399926219,0.01651982157703324,193.5833333333333,0.7175273865414711,0.1295642723493888,0.5436497465507204,0.5086554398436453,0.8661475060133024,-73.65241272,18.03447398,POINT (-73.65241272 18.03447398),Caribbean
1593,269,0.5971563981042655,0.4801082955274622,0.4968091595889447,0.04121632614817329,0.05187522776437352,247.00000000000023,0.4136374435732953,0.1295642723493888,0.5436497465507204,0.5086554398436453,0.8661475060133024,-67.9211612,17.96612622,POINT (-67.9211612 17.96612622),Caribbean
1594,270,0.27488151658767773,0.4801082955274622,0.29995224238205287,0.0008420053853200305,0.0034557718551584513,157.51666666666685,0.6591169068862961,0.1295642723493888,0.5436497465507204,0.5086554398436453,0.8661475060133024,-65.3879121,18.06863792,POINT (-65.3879121 18.06863792),Caribbean
1595,271,0.28909952606635075,0.4801082955274622,0.30098035632337955,0.0017879018671559535,0.0033006423899210537,159.8500000000002,0.6165733482642777,0.1295642723493888,0.5436497465507204,0.5086554398436453,0.8661475060133024,-76.25752704,17.863555,POINT (-76.25752704 17.863555),Caribbean
1596,272,0.5118483412322276,0.4801082955274622,0.4905643517170166,0.007771599468713423,0.055816082816638815,241.5000000000002,0.5084524224468456,0.1295642723493888,0.5436497465507204,0.5086554398436453,0.8661475060133024,-67.20250898,17.93194241,POINT (-67.20250898 17.93194241),Caribbean
1597,273,0.3483412322274882,0.4801082955274622,0.36099082819052813,0.0034468483625045196,0.005700334439975029,184.3333333333336,0.592020592020592,0.1295642723493888,0.5436497465507204,0.5086554398436453,0.8661475060133024,-87.97155835,17.79514128,POINT (-87.97155835 17.79514128),Caribbean
1598,274,0.29857819905213273,0.4801082955274622,0.3959910663239954,0.001579180203712448,0.01914055627476118,196.0833333333333,0.5483516483516484,0.1295642723493888,0.5436497465507204,0.5086554398436453,0.8661475060133024,-77.91330177,17.93194241,POINT (-77.91330177 17.93194241),Caribbean
1599,275,0.3317535545023697,0.4801082955274622,0.4236961107712713,0.0010638526472156332,0.03150266044206091,211.5833333333337,0.625315472723743,0.1295642723493888,0.5436497465507204,0.5086554398436453,0.8661475060133024,-76.36532487,17.76092457,POINT (-76.36532487 17.76092457),Caribbean
1600,276,0.4620853080568721,0.4801082955274622,0.48380726698262244,0.004305296109872846,0.04951393973242595,236.5000000000002,0.5458995105384078,0.1295642723493888,0.5436497465507204,0.5086554398436453,0.8661475060133024,-66.19639586,17.79514128,POINT (-66.19639586 17.79514128),Caribbean
1601,277,0.29857819905213273,0.4801082955274622,0.3249251395276447,0.001955569675617584,0.004281843568882856,167.58333333333354,0.6486254295532646,0.1295642723493888,0.5436497465507204,0.5086554398436453,0.8661475060133024,-63.02234852,18.00315121,POINT (-63.02234852 18.00315121),Caribbean
1602,278,0.23459715639810427,0.4801082955274622,0.3894058490347937,0.011366785996920526,0.024785088797723707,191.08333333333377,0.724223602484472,0.1295642723493888,0.5436497465507204,0.5086554398436453,0.8661475060133024,-77.51516844,17.69247154,POINT (-77.51516844 17.69247154),Caribbean
1603,279,0.3246445497630332,0.4801082955274622,0.4247207688384328,0.0007508749304197073,0.0318617515720457,212.91666666666706,0.6443564356435644,0.1295642723493888,0.5436497465507204,0.5086554398436453,0.8661475060133024,-71.65815279,17.65823523,POINT (-71.65815279 17.65823523),Caribbean
1604,280,0.27251184834123227,0.4801082955274622,0.34469487323786446,0.000503600989985573,0.005195487593283669,168.7500000000002,0.6817982456140351,0.1295642723493888,0.5436497465507204,0.5086554398436453,0.8661475060133024,-77.0839771,17.69247154,POINT (-77.0839771 17.69247154),Caribbean
1605,281,0.49289099526066354,0.4801082955274622,0.4579453400643858,0.010272925623344642,0.03631394071050565,231.25000000000009,0.4482018250134192,0.1295642723493888,0.5436497465507204,0.5086554398436453,0.8661475060133024,-71.3886582,17.55548726,POINT (-71.3886582 17.55548726),Caribbean
1606,282,0.33886255924170616,0.4801082955274622,0.357682358278395,0.0018514875795832444,0.005417823383163253,182.3333333333337,0.5983193277310924,0.1295642723493888,0.5436497465507204,0.5086554398436453,0.8661475060133024,-64.68722618,17.6239924,POINT (-64.68722618 17.6239924),Caribbean
1607,283,0.2180094786729858,0.4801082955274622,0.2976644710418508,0.0007947867499055272,0.002267888910506547,153.35000000000016,0.7076923076923077,0.1295642723493888,0.5436497465507204,0.5086554398436453,0.8661475060133024,-71.51442234,17.45268097,POINT (-71.51442234 17.45268097),Caribbean
1608,284,0.24407582938388628,0.4801082955274622,0.3400233067080193,0.000372649427707995,0.0036169511819551777,165.66666666666688,0.714782143811815,0.1295642723493888,0.5436497465507204,0.5086554398436453,0.8661475060133024,-62.96246084,17.38411118,POINT (-62.96246084 17.38411118),Caribbean
1609,285,0.16350710900473936,0.4801082955274622,0.2874337772744549,0.00016460400359802062,0.0016249224904706968,143.75000000000014,0.9111111111111111,0.1295642723493888,0.5436497465507204,0.5086554398436453,0.8661475060133024,-61.78321786,17.50253371,POINT (-61.78321786 17.50253371),Caribbean
1610,286,0.2227488151658768,0.4801082955274622,0.39114039624652996,0.01429789900167005,0.02648661446552775,192.75000000000048,0.6990622335890878,0.1295642723493888,0.5436497465507204,0.5086554398436453,0.8661475060133024,-83.94710587,17.31551569,POINT (-83.94710587 17.31551569),Caribbean
1611,287,0.38151658767772517,0.4801082955274622,0.4166596391807638,0.006201020587712304,0.02881174982996937,205.41666666666669,0.4484864121087031,0.1295642723493888,0.5436497465507204,0.5086554398436453,0.8661475060133024,-88.04065952,17.43685945,POINT (-88.04065952 17.43685945),Caribbean
1612,288,0.24881516587677727,0.4801082955274622,0.3813725036149663,0.000745715389905942,0.012250089208606228,187.41666666666663,0.6598765432098765,0.1295642723493888,0.5436497465507204,0.5086554398436453,0.8661475060133024,-75.93413354,17.31551569,POINT (-75.93413354 17.31551569),Caribbean
1613,289,0.5023696682464456,0.4801082955274622,0.48851749072236983,0.01625984919369472,0.05048484463309902,240.0000000000002,0.48987424465131474,0.1295642723493888,0.5436497465507204,0.5086554398436453,0.8661475060133024,-88.1512214,17.34981664,POINT (-88.1512214 17.34981664),Caribbean
1614,290,0.20379146919431282,0.4801082955274622,0.3805461276591375,0.0003519073219894569,0.011263548719516698,186.41666666666663,0.7921734531993654,0.1295642723493888,0.5436497465507204,0.5086554398436453,0.8661475060133024,-87.75596268,17.45268097,POINT (-87.75596268 17.45268097),Caribbean
1615,291,0.3033175355450237,0.4801082955274622,0.382618818986257,0.0017820100582110244,0.01296274996446864,188.91666666666663,0.5571321882001493,0.1295642723493888,0.5436497465507204,0.5086554398436453,0.8661475060133024,-87.61510684,17.07523037,POINT (-87.61510684 17.07523037),Caribbean
1616,292,0.35071090047393366,0.4801082955274622,0.3838733069173595,0.0035048475228385096,0.013108694573500033,190.0833333333333,0.5085457271364318,0.1295642723493888,0.5436497465507204,0.5086554398436453,0.8661475060133024,-63.46551739,17.14391512,POINT (-63.46551739 17.14391512),Caribbean
1617,293,0.23222748815165878,0.4801082955274622,0.3830360696067436,0.07249266003827459,0.0142390092926188,185.58333333333377,0.6947996589940324,0.1295642723493888,0.5436497465507204,0.5086554398436453,0.8661475060133024,-62.78279778,17.24689459,POINT (-62.78279778 17.24689459),Caribbean
1618,294,0.19194312796208532,0.4801082955274622,0.2874337772744549,0.002761332038123942,0.0016249224904706968,143.75000000000014,0.7928571428571428,0.1295642723493888,0.5436497465507204,0.5086554398436453,0.8661475060133024,-61.77668466,16.98688426,POINT (-61.77668466 16.98688426),Caribbean
1619,295,0.16587677725118485,0.4801082955274622,0.3621072946694679,0.003471680708663967,0.010077821661385345,175.66666666666697,0.8138297872340425,0.1295642723493888,0.5436497465507204,0.5086554398436453,0.8661475060133024,-88.05369003,16.97215585,POINT (-88.05369003 16.97215585),Caribbean
1620,296,0.1990521327014218,0.4801082955274622,0.3797233252209556,0.00033110442863227874,0.011054766549277112,185.41666666666663,0.8011299435028248,0.1295642723493888,0.5436497465507204,0.5086554398436453,0.8661475060133024,-78.09009022,16.76583724,POINT (-78.09009022 16.76583724),Caribbean
1621,297,0.36255924170616116,0.4801082955274622,0.4407077488448983,0.0026493036025127285,0.030733976361076252,217.91666666666677,0.5546713822575892,0.1295642723493888,0.5436497465507204,0.5086554398436453,0.8661475060133024,-77.70381465,16.89911045,POINT (-77.70381465 16.89911045),Caribbean
1622,298,0.48815165876777256,0.4801082955274622,0.4597435547505025,0.012339485522583534,0.03503134162679913,234.08333333333346,0.402139757593895,0.1295642723493888,0.5436497465507204,0.5086554398436453,0.8661475060133024,-87.8278279,16.73142895,POINT (-87.8278279 16.73142895),Caribbean
1623,299,0.2227488151658768,0.4801082955274622,0.36587924565560825,0.0004974877732229163,0.010191598594887365,180.91666666666666,0.7349896480331263,0.1295642723493888,0.5436497465507204,0.5086554398436453,0.8661475060133024,-62.207876,16.62816686,POINT (-62.207876 16.62816686),Caribbean
1624,300,0.13744075829383887,0.4801082955274622,0.28579664428753776,0.00020040427118966258,0.0015444073194612658,142.25000000000009,0.9761904761904762,0.1295642723493888,0.5436497465507204,0.5086554398436453,0.8661475060133024,-61.05803243,16.21456547,POINT (-61.05803243 16.21456547),Caribbean
1625,301,0.13744075829383887,0.4801082955274622,0.28348997242081025,0.0011831890514928086,0.0014036883006777318,139.91666666666674,0.9226890756302522,0.1295642723493888,0.5436497465507204,0.5086554398436453,0.8661475060133024,-86.16827359,16.30910736,POINT (-86.16827359 16.30910736),Caribbean
1626,302,0.4668246445497631,0.4801082955274622,0.4206515878196215,0.015038443088053896,0.029120746901925208,211.33333333333337,0.41499790532048597,0.1295642723493888,0.5436497465507204,0.5086554398436453,0.8661475060133024,-61.09396504,16.07650401,POINT (-61.09396504 16.07650401),Caribbean
1627,303,0.13270142180094788,0.4801082955274622,0.2832613514753096,0.0007773612182107315,0.0014036576188289408,139.41666666666674,0.9536541889483066,0.1295642723493888,0.5436497465507204,0.5086554398436453,0.8661475060133024,-61.30956071,16.18005914,POINT (-61.30956071 16.18005914),Caribbean
1628,304,0.18483412322274884,0.4801082955274622,0.28510071090047395,0.0017356376206748454,0.0014839586075382023,141.75000000000009,0.8193033381712627,0.1295642723493888,0.5436497465507204,0.5086554398436453,0.8661475060133024,-88.65427796,16.07650401,POINT (-88.65427796 16.07650401),Caribbean
1629,305,0.09478672985781991,0.4801082955274622,0.3396944640516285,3.517916042822888e-07,0.0056137752351482426,164.01666666666668,0.9633333333333334,0.1295642723493888,0.5436497465507204,0.5086554398436453,0.8661475060133024,-88.22308663,16.28355999,POINT (-88.22308663 16.28355999),Caribbean
1630,306,0.17061611374407584,0.4801082955274622,0.36360670375712617,0.0001628780665582841,0.00955272914376288,177.91666666666666,0.87677304964539,0.1295642723493888,0.5436497465507204,0.5086554398436453,0.8661475060133024,-87.07324306,15.80009401,POINT (-87.07324306 15.80009401),Caribbean
1631,307,0.13270142180094788,0.4801082955274622,0.34068290575109983,3.793424736084427e-05,0.005982863156668434,165.51666666666668,0.9378151260504202,0.1295642723493888,0.5436497465507204,0.5086554398436453,0.8661475060133024,-86.92951262,15.93834661,POINT (-86.92951262 15.93834661),Caribbean
1632,308,0.2132701421800948,0.4801082955274622,0.36323068855158624,0.0008562138794521939,0.00918302044415276,177.41666666666666,0.7699453551912568,0.1295642723493888,0.5436497465507204,0.5086554398436453,0.8661475060133024,-86.53425389,15.84618875,POINT (-86.53425389 15.84618875),Caribbean
1633,309,0.2061611374407583,0.4801082955274622,0.3436830487567357,0.0005412344283633314,0.007702900271405933,170.01666666666668,0.7194060419866871,0.1295642723493888,0.5436497465507204,0.5086554398436453,0.8661475060133024,-86.06712994,15.80009401,POINT (-86.06712994 15.80009401),Caribbean
1634,310,0.0995260663507109,0.4801082955274622,0.316151283374783,5.116968789560565e-07,0.003309048990867793,150.18333333333348,0.9802955665024631,0.1295642723493888,0.5436497465507204,0.5086554398436453,0.8661475060133024,-86.96544523,15.73093224,POINT (-86.96544523 15.73093224),Caribbean
1635,311,0.09004739336492892,0.4801082955274622,0.31586697466671215,4.6905547237638505e-07,0.003286587395588023,149.68333333333345,0.9876923076923076,0.1295642723493888,0.5436497465507204,0.5086554398436453,0.8661475060133024,-86.31865822,15.73093224,POINT (-86.31865822 15.73093224),Caribbean
1636,312,0.09241706161137442,0.4801082955274622,0.31586697466671215,5.469511892613003e-07,0.0028864748697749938,149.68333333333345,0.9788359788359788,0.1295642723493888,0.5436497465507204,0.5086554398436453,0.8661475060133024,-83.26438626,15.86923217,POINT (-83.26438626 15.86923217),Caribbean
1637,313,0.4241706161137441,0.4801082955274622,0.40142180094786734,0.0082285987311446,0.01544825619359106,201.41666666666663,0.4484067525721706,0.1295642723493888,0.5436497465507204,0.5086554398436453,0.8661475060133024,-82.33013836,15.73093224,POINT (-82.33013836 15.73093224),Caribbean
1638,314,0.2203791469194313,0.4801082955274622,0.36587924565560825,0.0006018127550982361,0.006207515589019557,176.74999999999986,0.6944634313055366,0.1295642723493888,0.5436497465507204,0.5086554398436453,0.8661475060133024,-61.5970216,15.76551607,POINT (-61.5970216 15.76551607),Caribbean
1639,315,0.15639810426540285,0.4801082955274622,0.2812202368529895,0.0011278898961920778,0.0013313446282858194,137.25,0.8975845410628019,0.1295642723493888,0.5436497465507204,0.5086554398436453,0.8661475060133024,-61.26336164,15.82972755,POINT (-61.26336164 15.82972755),Caribbean
1640,316,0.14691943127962087,0.4801082955274622,0.28348997242081025,0.0011824793579984468,0.0014036883006777318,139.91666666666674,0.9379217273954116,0.1295642723493888,0.5436497465507204,0.5086554398436453,0.8661475060133024,-82.94099275,15.62714551,POINT (-82.94099275 15.62714551),Caribbean
1641,317,0.3293838862559242,0.4801082955274622,0.38513604805853496,0.002818689462383606,0.010181467126595574,191.24999999999997,0.5354627354627355,0.1295642723493888,0.5436497465507204,0.5086554398436453,0.8661475060133024,-82.22234053,15.5579251,POINT (-82.22234053 15.5579251),Caribbean
1642,318,0.2251184834123223,0.4801082955274622,0.36664308541689344,0.0006982541380867262,0.0059305831656984945,177.74999999999986,0.6651234567901234,0.1295642723493888,0.5436497465507204,0.5086554398436453,0.8661475060133024,-63.60924784,15.5579251,POINT (-63.60924784 15.5579251),Caribbean
1643,319,0.28909952606635075,0.4801082955274622,0.2902843601895735,0.0019240461878788325,0.0014153923457722712,146.00000000000009,0.6247252747252747,0.1295642723493888,0.5436497465507204,0.5086554398436453,0.8661475060133024,-82.49183511,15.48868141,POINT (-82.49183511 15.48868141),Caribbean
1644,320,0.3364928909952607,0.4801082955274622,0.3868326826314801,0.003444519282755939,0.010368579888575254,193.0833333333332,0.5135011441647597,0.1295642723493888,0.5436497465507204,0.5086554398436453,0.8661475060133024,-83.04879059,15.41941452,POINT (-83.04879059 15.41941452),Caribbean
1645,321,0.2559241706161138,0.4801082955274622,0.37768180196707946,0.0010082798447123241,0.0077957697368758435,184.0833333333333,0.6535014005602241,0.1295642723493888,0.5436497465507204,0.5086554398436453,0.8661475060133024,-82.36093774,15.29566623,POINT (-82.36093774 15.29566623),Caribbean
1646,322,0.22985781990521328,0.4801082955274622,0.3670262025385412,0.0005412470786317915,0.006666653761760894,178.24999999999986,0.6906848425835768,0.1295642723493888,0.5436497465507204,0.5086554398436453,0.8661475060133024,-61.41735855,15.24614641,POINT (-61.41735855 15.24614641),Caribbean
1647,323,0.16113744075829384,0.4801082955274622,0.27355457619110896,0.00030036520067792927,0.00037215741282106094,129.66666666666654,0.8259958071278826,0.1295642723493888,0.5436497465507204,0.5086554398436453,0.8661475060133024,-61.30956071,15.48868141,POINT (-61.30956071 15.48868141),Caribbean
1648,324,0.16587677725118485,0.4801082955274622,0.2814455735812371,0.0011929635362231351,0.0013313753101346101,137.75000000000003,0.8562925170068028,0.1295642723493888,0.5436497465507204,0.5086554398436453,0.8661475060133024,-82.97692537,15.14211684,POINT (-82.97692537 15.14211684),Caribbean
1649,325,0.31042654028436023,0.4801082955274622,0.384293299594512,0.0021230149130666643,0.008904231858390678,191.74999999999997,0.5970790378006873,0.1295642723493888,0.5436497465507204,0.5086554398436453,0.8661475060133024,-61.34549332,15.10742894,POINT (-61.34549332 15.10742894),Caribbean
1650,326,0.16350710900473936,0.4801082955274622,0.2785440728226677,0.0006967208159094072,0.0007650779028019173,133.5833333333332,0.8265602322206096,0.1295642723493888,0.5436497465507204,0.5086554398436453,0.8661475060133024,-82.36607097,14.96862075,POINT (-82.36607097 14.96862075),Caribbean
1651,327,0.4383886255924171,0.4801082955274622,0.42166155561750773,0.010412566383466304,0.020984841778435685,214.66666666666669,0.457548125633232,0.1295642723493888,0.5436497465507204,0.5086554398436453,0.8661475060133024,-82.90506014,14.79498408,POINT (-82.90506014 14.79498408),Caribbean
1652,328,0.18720379146919433,0.4801082955274622,0.3261319181331327,0.00017330295293809626,0.004258465471364875,160.68333333333325,0.751412429378531,0.1295642723493888,0.5436497465507204,0.5086554398436453,0.8661475060133024,-82.62159176,14.98404834,POINT (-82.62159176 14.98404834),Caribbean
1653,329,0.46919431279620855,0.4801082955274622,0.44405066476533994,0.018542775969058532,0.024398323454139156,222.25000000000003,0.43620309050772627,0.1295642723493888,0.5436497465507204,0.5086554398436453,0.8661475060133024,-82.65353186,14.72549038,POINT (-82.65353186 14.72549038),Caribbean
1654,330,0.3459715639810427,0.4801082955274622,0.39914099526066354,0.0029036798801774055,0.011982029646960574,200.41666666666663,0.5482479784366577,0.1295642723493888,0.5436497465507204,0.5086554398436453,0.8661475060133024,-61.05803243,14.4124959,POINT (-61.05803243 14.4124959),Caribbean
1655,331,0.2085308056872038,0.4801082955274622,0.21939042837563016,0.0006118117701636194,0.00012414248511625017,106.88333333333361,0.7252869307663828,0.1295642723493888,0.5436497465507204,0.5086554398436453,0.8661475060133024,-60.87836938,14.34288151,POINT (-60.87836938 14.34288151),Caribbean
1656,332,0.2180094786729858,0.4801082955274622,0.27398133840045547,0.014748298109363348,0.00038985552426574273,130.66666666666652,0.7226027397260274,0.1295642723493888,0.5436497465507204,0.5086554398436453,0.8661475060133024,-82.65353186,14.4124959,POINT (-82.65353186 14.4124959),Caribbean
1657,333,0.37440758293838866,0.4801082955274622,0.4093753797545267,0.004987502189570642,0.01797299304003794,208.5833333333333,0.5240274599542334,0.1295642723493888,0.5436497465507204,0.5086554398436453,0.8661475060133024,-80.17418168,14.30806619,POINT (-80.17418168 14.30806619),Caribbean
1658,334,0.40758293838862564,0.4801082955274622,0.39289046513353904,0.011456551705930313,0.00995032857658758,196.74999999999991,0.4242796410014171,0.1295642723493888,0.5436497465507204,0.5086554398436453,0.8661475060133024,-82.94666632,14.32822308,POINT (-82.94666632 14.32822308),Caribbean
1659,335,0.3578199052132702,0.4801082955274622,0.4070035641128435,0.003934274071692556,0.01597789889395736,206.0833333333333,0.5302752293577981,0.1295642723493888,0.5436497465507204,0.5086554398436453,0.8661475060133024,-81.14436219,14.20358791,POINT (-81.14436219 14.20358791),Caribbean
1660,336,0.4289099526066351,0.4801082955274622,0.42991930946069024,0.016285816825480755,0.020803799732169097,213.9166666666667,0.44645593869731803,0.1295642723493888,0.5436497465507204,0.5086554398436453,0.8661475060133024,-61.05803243,13.8549804,POINT (-61.05803243 13.8549804),Caribbean
1661,337,0.05450236966824645,0.4801082955274622,0.17712762270770746,1.629250620825092e-05,2.1722615582819654e-06,81.27619047619066,0.8008658008658008,0.1295642723493888,0.5436497465507204,0.5086554398436453,0.8661475060133024,-82.67966467,14.00082616,POINT (-82.67966467 14.00082616),Caribbean
1662,338,0.3649289099526067,0.4801082955274622,0.4098530639782776,0.004385100649046095,0.017370272870888298,209.0833333333333,0.5148239148239149,0.1295642723493888,0.5436497465507204,0.5086554398436453,0.8661475060133024,-82.47386881,13.71539002,POINT (-82.47386881 13.71539002),Caribbean
1663,339,0.28436018957345977,0.4801082955274622,0.3813725036149663,0.0008092326846643573,0.00746442936965999,190.66666666666663,0.6564814814814814,0.1295642723493888,0.5436497465507204,0.5086554398436453,0.8661475060133024,-60.87836938,13.82009063,POINT (-60.87836938 13.82009063),Caribbean
1664,340,0.2511848341232228,0.4801082955274622,0.21952754739336494,0.0036825637372531507,0.00014396854153355827,107.38333333333361,0.6654749744637385,0.1295642723493888,0.5436497465507204,0.5086554398436453,0.8661475060133024,-80.03045123,13.43596088,POINT (-80.03045123 13.43596088),Caribbean
1665,341,0.31042654028436023,0.4801082955274622,0.36895386116531925,0.003645981834555644,0.0034740878227931004,183.5833333333332,0.554597096570587,0.1295642723493888,0.5436497465507204,0.5086554398436453,0.8661475060133024,-82.1504753,13.64556363,POINT (-82.1504753 13.64556363),Caribbean
1666,342,0.35545023696682465,0.4801082955274622,0.4079489847031172,0.00406859330562505,0.016777833411517222,207.41666666666663,0.5419760137064534,0.1295642723493888,0.5436497465507204,0.5086554398436453,0.8661475060133024,-82.65353186,13.22617478,POINT (-82.65353186 13.22617478),Caribbean
1667,343,0.27488151658767773,0.4801082955274622,0.38220247641935134,0.0007141483677075345,0.007487655291447211,191.66666666666663,0.6804511278195489,0.1295642723493888,0.5436497465507204,0.5086554398436453,0.8661475060133024,-81.37792416,13.33109058,POINT (-81.37792416 13.33109058),Caribbean
1668,344,0.3601895734597157,0.4801082955274622,0.3780883485784542,0.00913586774861595,0.007311919536724227,191.58333333333323,0.5231025854879066,0.1295642723493888,0.5436497465507204,0.5086554398436453,0.8661475060133024,-82.61759925,13.08621684,POINT (-82.61759925 13.08621684),Caribbean
1669,345,0.16587677725118485,0.4801082955274622,0.32106405468865074,5.903658013290891e-05,0.004768610307294522,159.26666666666677,0.9446290143964563,0.1295642723493888,0.5436497465507204,0.5086554398436453,0.8661475060133024,-82.47386881,13.016208,POINT (-82.47386881 13.016208),Caribbean
1670,346,0.2914691943127962,0.4801082955274622,0.395100197783334,0.0013059948506657251,0.008739834755511603,196.24999999999997,0.6766917293233082,0.1295642723493888,0.5436497465507204,0.5086554398436453,0.8661475060133024,-59.44106492,13.0512149,POINT (-59.44106492 13.0512149),Caribbean
1671,347,0.10189573459715641,0.4801082955274622,0.21172035914971904,0.004402409373867193,9.825833207006247e-06,98.11666666666694,0.9242424242424242,0.1295642723493888,0.5436497465507204,0.5086554398436453,0.8661475060133024,-83.3567844,12.87613108,POINT (-83.3567844 12.87613108),Caribbean
1672,348,0.16113744075829384,0.4801082955274622,0.3204781713771751,5.1381996068449775e-05,0.00424805864613382,157.93333333333342,0.959830866807611,0.1295642723493888,0.5436497465507204,0.5086554398436453,0.8661475060133024,-61.19277973,12.86737367,POINT (-61.19277973 12.86737367),Caribbean
1673,349,0.2274881516587678,0.4801082955274622,0.21172035914971904,0.00019873713670061062,9.825833207006247e-06,98.11666666666694,0.6784984678243106,0.1295642723493888,0.5436497465507204,0.5086554398436453,0.8661475060133024,-83.37218409,12.66586909,POINT (-83.37218409 12.66586909),Caribbean
1674,350,0.15639810426540285,0.4801082955274622,0.3198944224311329,6.114610678256108e-05,0.004036357012521616,157.26666666666677,0.9804878048780488,0.1295642723493888,0.5436497465507204,0.5086554398436453,0.8661475060133024,-81.71928397,12.45543354,POINT (-81.71928397 12.45543354),Caribbean
1675,351,0.28909952606635075,0.4801082955274622,0.37090187521582246,0.0040911132086058725,0.005766032635299986,184.3333333333332,0.6604998377150276,0.1295642723493888,0.5436497465507204,0.5086554398436453,0.8661475060133024,-83.39374366,12.37823089,POINT (-83.39374366 12.37823089),Caribbean
1676,352,0.18483412322274884,0.4801082955274622,0.32283462851965433,9.914119377808302e-05,0.004705979160142506,161.93333333333342,0.9352836879432624,0.1295642723493888,0.5436497465507204,0.5086554398436453,0.8661475060133024,-81.46775569,12.35015153,POINT (-81.46775569 12.35015153),Caribbean
1677,353,0.25829383886255924,0.4801082955274622,0.3198944224311329,0.000810029213490369,0.0037515565929484504,163.18333333333325,0.7114688128772636,0.1295642723493888,0.5436497465507204,0.5086554398436453,0.8661475060133024,-70.05915158,12.45543354,POINT (-70.05915158 12.45543354),Caribbean
1678,354,0.3341232227488152,0.4801082955274622,0.21939042837563016,0.0037919529077150953,8.497301253214303e-06,112.0833333333336,0.48232521602513745,0.1295642723493888,0.5436497465507204,0.5086554398436453,0.8661475060133024,-61.41735855,12.49051807,POINT (-61.41735855 12.49051807),Caribbean
1679,355,0.2511848341232228,0.4801082955274622,0.21172035914971904,0.0004764023368655441,9.825833207006247e-06,98.11666666666694,0.6446454870608037,0.1295642723493888,0.5436497465507204,0.5086554398436453,0.8661475060133024,-71.83781584,12.24482714,POINT (-71.83781584 12.24482714),Caribbean
1680,356,0.1066350710900474,0.4801082955274622,0.2173540073201633,1.6790677203033037e-05,4.146597726720235e-06,102.91666666666691,0.826945412311266,0.1295642723493888,0.5436497465507204,0.5086554398436453,0.8661475060133024,-82.97692537,12.20970966,POINT (-82.97692537 12.20970966),Caribbean
1681,357,0.23459715639810427,0.4801082955274622,0.3332486487944819,0.0002804101103867998,0.0055085086529761355,171.8499999999999,0.8772727272727273,0.1295642723493888,0.5436497465507204,0.5086554398436453,0.8661475060133024,-72.19714196,12.1043293,POINT (-72.19714196 12.1043293),Caribbean
1682,358,0.15165876777251186,0.4801082955274622,0.23447535102095052,0.00044788043411753695,8.5477821721491e-06,112.21666666666655,0.7101694915254237,0.1295642723493888,0.5436497465507204,0.5086554398436453,0.8661475060133024,-71.94561368,12.1043293,POINT (-71.94561368 12.1043293),Caribbean
1683,359,0.13744075829383887,0.4801082955274622,0.2237223412926012,9.777819902174217e-05,4.32266643682063e-06,106.2166666666668,0.7449336128581412,0.1295642723493888,0.5436497465507204,0.5086554398436453,0.8661475060133024,-83.12065581,12.1043293,POINT (-83.12065581 12.1043293),Caribbean
1684,360,0.24644549763033177,0.4801082955274622,0.3797233252209556,0.0005973603681696457,0.006754416477862105,188.66666666666663,0.8273224043715847,0.1295642723493888,0.5436497465507204,0.5086554398436453,0.8661475060133024,-81.86301441,12.06919325,POINT (-81.86301441 12.06919325),Caribbean
1685,361,0.2677725118483413,0.4801082955274622,0.371293949079687,0.0037565462438381336,0.006236424165050668,184.8333333333332,0.7404092071611253,0.1295642723493888,0.5436497465507204,0.5086554398436453,0.8661475060133024,-69.08897107,12.20970966,POINT (-69.08897107 12.20970966),Caribbean
1686,362,0.3364928909952607,0.4801082955274622,0.2192534805426866,0.002122108632107734,8.488061524452876e-06,111.5833333333336,0.511913023363405,0.1295642723493888,0.5436497465507204,0.5086554398436453,0.8661475060133024,-68.28048732,12.06919325,POINT (-68.28048732 12.06919325),Caribbean
1687,363,0.2180094786729858,0.4801082955274622,0.21898009715048872,0.0010172690508778726,8.387064286783333e-06,110.91666666666693,0.642570281124498,0.1295642723493888,0.5436497465507204,0.5086554398436453,0.8661475060133024,-61.5970216,12.1043293,POINT (-61.5970216 12.1043293),Caribbean
1688,364,0.25355450236966826,0.4801082955274622,0.2114654279526694,0.002627932149636122,7.933604007260515e-06,97.11666666666694,0.639009900990099,0.1295642723493888,0.5436497465507204,0.5086554398436453,0.8661475060133024,-69.87050537,11.99012033,POINT (-69.87050537 11.99012033),Caribbean
1689,365,0.2085308056872038,0.4801082955274622,0.21898009715048872,0.0011892033244574843,8.484995973014804e-06,110.5833333333336,0.5564588979223125,0.1295642723493888,0.5436497465507204,0.5086554398436453,0.8661475060133024,-67.61573401,11.92860313,POINT (-67.61573401 11.92860313),Caribbean
1690,366,0.2796208530805687,0.4801082955274622,0.21952754739336494,0.0012972110484624358,8.62692978023164e-06,112.5833333333336,0.5882783882783883,0.1295642723493888,0.5436497465507204,0.5086554398436453,0.8661475060133024,-64.57942835,11.75276303,POINT (-64.57942835 11.75276303),Caribbean
1691,367,0.023696682464454978,0.4801082955274622,0.0,0.0,9.619478066499315e-35,0.0,0.9285714285714286,0.1295642723493888,0.5436497465507204,0.5086554398436453,0.8661475060133024,-72.6642659,11.68239544,POINT (-72.6642659 11.68239544),Caribbean
1692,368,0.13033175355450238,0.4801082955274622,0.21695125128436313,3.716610519561007e-05,7.31705118978931e-06,103.75000000000026,0.830204081632653,0.1295642723493888,0.5436497465507204,0.5086554398436453,0.8661475060133024,-71.40662451,11.68239544,POINT (-71.40662451 11.68239544),Caribbean
1693,369,0.18246445497630334,0.4801082955274622,0.25489410437546006,0.0010450835745352426,6.470823960888577e-05,125.33333333333324,0.6684104627766599,0.1295642723493888,0.5436497465507204,0.5086554398436453,0.8661475060133024,-66.66351981,11.78794008,POINT (-66.66351981 11.78794008),Caribbean
1694,370,0.023696682464454978,0.4801082955274622,0.17757536695115464,0.0,6.54168500571759e-07,84.9928571428573,1.0,0.1295642723493888,0.5436497465507204,0.5086554398436453,0.8661475060133024,-66.16046325,11.71758147,POINT (-66.16046325 11.71758147),Caribbean
1695,371,0.3246445497630332,0.4801082955274622,0.2816712717156246,0.031424239843563254,0.0002347333101881454,140.08333333333334,0.5707663334781979,0.1295642723493888,0.5436497465507204,0.5086554398436453,0.8661475060133024,-64.36383268,11.68239544,POINT (-64.36383268 11.68239544),Caribbean
1696,372,0.2156398104265403,0.4801082955274622,0.2805463864451948,0.01916484074223223,0.00023435267229078978,137.91666666666666,0.7122351332877649,0.1295642723493888,0.5436497465507204,0.5086554398436453,0.8661475060133024,-63.10619128,11.29505695,POINT (-63.10619128 11.29505695),Caribbean
1697,373,0.16113744075829384,0.4801082955274622,0.21628329792449746,4.450373818788796e-05,3.903679165186032e-06,102.66666666666691,0.8013312852022529,0.1295642723493888,0.5436497465507204,0.5086554398436453,0.8661475060133024,-74.20936819,11.18932757,POINT (-74.20936819 11.18932757),Caribbean
1698,374,0.17298578199052134,0.4801082955274622,0.17209410868661631,0.0001240617569601524,1.1769655731318092e-07,77.47619047619074,0.7653923541247485,0.1295642723493888,0.5436497465507204,0.5086554398436453,0.8661475060133024,-60.55497587,11.18932757,POINT (-60.55497587 11.18932757),Caribbean
1699,375,0.20142180094786732,0.4801082955274622,0.2510679598494524,0.00123591273592685,0.0005538998658214012,129.51666666666665,0.6738738738738739,0.1295642723493888,0.5436497465507204,0.5086554398436453,0.8661475060133024,-74.42496386,11.04829507,POINT (-74.42496386 11.04829507),Caribbean
1700,376,0.023696682464454978,0.4801082955274622,0.1478922424544774,0.0,5.959739328664571e-09,66.7464285714287,1.0,0.1295642723493888,0.5436497465507204,0.5086554398436453,0.8661475060133024,-63.7889109,10.90719476,POINT (-63.7889109 10.90719476),Caribbean
1701,377,0.24170616113744078,0.4801082955274622,0.17192563672510225,0.00025270412278735735,1.4077240390729735e-07,76.55952380952408,0.6462585034013606,0.1295642723493888,0.5436497465507204,0.5086554398436453,0.8661475060133024,-65.33401319,10.87190918,POINT (-65.33401319 10.87190918),Caribbean
1702,378,0.19194312796208532,0.4801082955274622,0.2588386704711746,0.0011727612887812008,0.0007592903487776963,135.46666666666664,0.6846153846153846,0.1295642723493888,0.5436497465507204,0.5086554398436453,0.8661475060133024,-75.1795487,10.76602745,POINT (-75.1795487 10.76602745),Caribbean
1703,379,0.07819905213270142,0.4801082955274622,0.17597398588646487,2.0638440784560947e-06,2.1703977497831942e-07,81.49285714285729,0.8325123152709359,0.1295642723493888,0.5436497465507204,0.5086554398436453,0.8661475060133024,-66.08859802,10.76602745,POINT (-66.08859802 10.76602745),Caribbean
1704,380,0.15402843601895735,0.4801082955274622,0.21654998509826381,0.0022672863796005093,7.303249337723196e-06,102.91666666666691,0.7663299663299663,0.1295642723493888,0.5436497465507204,0.5086554398436453,0.8661475060133024,-64.22010223,10.73072525,POINT (-64.22010223 10.73072525),Caribbean
1705,381,0.2109004739336493,0.4801082955274622,0.27920832736834966,0.0024067376593389965,0.0012604488186146157,139.71666666666653,0.73006993006993,0.1295642723493888,0.5436497465507204,0.5086554398436453,0.8661475060133024,-63.87874243,10.73072525,POINT (-63.87874243 10.73072525),Caribbean
1706,382,0.047393364928909956,0.4801082955274622,0.2156194449535813,8.280063443949449e-06,3.4910171747245574e-06,99.41666666666691,1.0,0.1295642723493888,0.5436497465507204,0.5086554398436453,0.8661475060133024,-68.23736818,10.75896734,POINT (-68.23736818 10.75896734),Caribbean
1707,383,0.18009478672985785,0.4801082955274622,0.2166835754653818,0.002310909534934508,7.306314889161268e-06,103.41666666666691,0.7571095571095571,0.1295642723493888,0.5436497465507204,0.5086554398436453,0.8661475060133024,-60.91430199,10.76602745,POINT (-60.91430199 10.76602745),Caribbean
1708,384,0.18957345971563982,0.4801082955274622,0.17623887397359955,0.002268902861847522,4.21947124157181e-07,82.65952380952396,0.7382039573820396,0.1295642723493888,0.5436497465507204,0.5086554398436453,0.8661475060133024,-75.39514437,10.62479398,POINT (-75.39514437 10.62479398),Caribbean
1709,385,0.18246445497630334,0.4801082955274622,0.21748859184481975,0.0006300996031567025,7.886962896619e-06,106.41666666666691,0.6892010535557507,0.1295642723493888,0.5436497465507204,0.5086554398436453,0.8661475060133024,-66.51978936,10.55415268,POINT (-66.51978936 10.55415268),Caribbean
1710,386,0.17535545023696683,0.4801082955274622,0.17192563672510225,0.00011133561820679475,1.4077240390729735e-07,76.55952380952408,0.723943661971831,0.1295642723493888,0.5436497465507204,0.5086554398436453,0.8661475060133024,-75.5029422,10.48349516,POINT (-75.5029422 10.48349516),Caribbean
1711,387,0.1990521327014218,0.4801082955274622,0.2787651395471301,0.00247695750496704,0.0014919777003236765,140.13333333333316,0.7794486215538847,0.1295642723493888,0.5436497465507204,0.5086554398436453,0.8661475060133024,-67.16657637,10.48349516,POINT (-67.16657637 10.48349516),Caribbean
1712,388,0.06872037914691943,0.4801082955274622,0.21535504342696743,0.0,3.3630073610900097e-06,98.41666666666691,0.9692307692307692,0.1295642723493888,0.5436497465507204,0.5086554398436453,0.8661475060133024,-66.08859802,10.48349516,POINT (-66.08859802 10.48349516),Caribbean
1713,389,0.18246445497630334,0.4801082955274622,0.2770063689506182,0.0019305893229191783,0.0012956930702464676,137.13333333333316,0.7811688311688312,0.1295642723493888,0.5436497465507204,0.5086554398436453,0.8661475060133024,-67.88522859,10.40104101,POINT (-67.88522859 10.40104101),Caribbean
1714,390,0.1137440758293839,0.4801082955274622,0.21721958925750395,6.629043999787691e-05,7.78251686375993e-06,105.41666666666691,0.9380952380952381,0.1295642723493888,0.5436497465507204,0.5086554398436453,0.8661475060133024,-75.5029422,10.27142625,POINT (-75.5029422 10.27142625),Caribbean
1715,391,0.13507109004739337,0.4801082955274622,0.2158844965146797,2.8923465224295533e-05,3.7990789195970477e-06,100.41666666666691,0.8644897959183674,0.1295642723493888,0.5436497465507204,0.5086554398436453,0.8661475060133024,-64.65129357,10.20070484,POINT (-64.65129357 10.20070484),Caribbean
1716,392,0.1137440758293839,0.4801082955274622,0.2161502005103901,0.00020445977418384902,3.916083978332391e-06,101.41666666666691,0.8315911730545877,0.1295642723493888,0.5436497465507204,0.5086554398436453,0.8661475060133024,-64.4356979,10.30678103,POINT (-64.4356979 10.30678103),Caribbean
1717,393,0.12322274881516589,0.4801082955274622,0.24494008077362894,6.395269912032887e-06,0.000630417084558321,120.08333333333331,0.9587482219061166,0.1295642723493888,0.5436497465507204,0.5086554398436453,0.8661475060133024,-75.86226832,10.059215,POINT (-75.86226832 10.059215),Caribbean
1718,394,0.0971563981042654,0.4801082955274622,0.21628329792449746,0.001054218868009181,7.145824922718817e-06,101.91666666666691,0.9233870967741935,0.1295642723493888,0.5436497465507204,0.5086554398436453,0.8661475060133024,-82.97692537,9.917663148,POINT (-82.97692537 9.917663148),Caribbean
1719,395,0.14691943127962087,0.4801082955274622,0.21681733075887896,0.0011583039471400722,7.361452202198804e-06,103.91666666666691,0.8282352941176471,0.1295642723493888,0.5436497465507204,0.5086554398436453,0.8661475060133024,-82.83319492,9.705220935,POINT (-82.83319492 9.705220935),Caribbean
1720,396,0.31042654028436023,0.4801082955274622,0.3124947293855728,0.010921405664886261,0.0028941564449423596,156.93333333333322,0.5743105209397344,0.1295642723493888,0.5436497465507204,0.5086554398436453,0.8661475060133024,-82.68946448,9.563517728,POINT (-82.68946448 9.563517728),Caribbean
1721,397,0.22985781990521328,0.4801082955274622,0.32582938388625593,0.0011267914615043211,0.005906133585315412,167.26666666666677,0.8681818181818182,0.1295642723493888,0.5436497465507204,0.5086554398436453,0.8661475060133024,-75.8263357,9.705220935,POINT (-75.8263357 9.705220935),Caribbean
1722,398,0.2156398104265403,0.4801082955274622,0.3249251395276447,0.0007567085186710248,0.005804193240090304,165.76666666666677,0.8814814814814815,0.1295642723493888,0.5436497465507204,0.5086554398436453,0.8661475060133024,-79.22196748,9.528082663,POINT (-79.22196748 9.528082663),Caribbean
1723,399,0.22985781990521328,0.4801082955274622,0.32582938388625593,0.0008598521095884109,0.005802534959360789,167.26666666666677,0.8640350877192983,0.1295642723493888,0.5436497465507204,0.5086554398436453,0.8661475060133024,-79.41959684,9.528082663,POINT (-79.41959684 9.528082663),Caribbean
1724,400,0.27488151658767773,0.4801082955274622,0.31361078199052134,0.005954520226393463,0.0039787820434638,158.9333333333333,0.682815734989648,0.1295642723493888,0.5436497465507204,0.5086554398436453,0.8661475060133024,-78.95247289,9.421755449,POINT (-78.95247289 9.421755449),Caribbean
1725,401,0.24407582938388628,0.4801082955274622,0.3181558657874854,0.0008660067645490485,0.005599730840022493,166.26666666666677,0.8101694915254237,0.1295642723493888,0.5436497465507204,0.5086554398436453,0.8661475060133024,-79.95858601,9.279934944,POINT (-79.95858601 9.279934944),Caribbean
1726,402,0.28672985781990523,0.4801082955274622,0.31873328115189103,0.0032619900690515815,0.005734783492555765,167.26666666666677,0.7663690476190477,0.1295642723493888,0.5436497465507204,0.5086554398436453,0.8661475060133024,-76.21132797,9.320460981,POINT (-76.21132797 9.320460981),Caribbean
1727,403,0.28672985781990523,0.4801082955274622,0.3190227755035276,0.003177412960167685,0.005743696427211535,167.76666666666677,0.7757296466973886,0.1295642723493888,0.5436497465507204,0.5086554398436453,0.8661475060133024,-78.23382067,9.279934944,POINT (-78.23382067 9.279934944),Caribbean
1728,404,0.2109004739336493,0.4801082955274622,0.31445306699139114,0.00028666469665412496,0.005342029237965785,159.76666666666677,0.9066666666666666,0.1295642723493888,0.5436497465507204,0.5086554398436453,0.8661475060133024,-76.14972921,9.138057057,POINT (-76.14972921 9.138057057),Caribbean
1729,405,0.2109004739336493,0.4801082955274622,0.3116628889346796,0.0014153246575114723,0.0036046526880415177,156.76666666666657,0.8672699849170438,0.1295642723493888,0.5436497465507204,0.5086554398436453,0.8661475060133024,-81.61148613,9.06709686,POINT (-81.61148613 9.06709686),Caribbean
1730,406,0.2156398104265403,0.4801082955274622,0.31586697466671215,0.002033384078170728,0.00492658046707027,162.26666666666668,0.8729411764705882,0.1295642723493888,0.5436497465507204,0.5086554398436453,0.8661475060133024,-82.24030683,9.173531862,POINT (-82.24030683 9.173531862),Caribbean
1731,407,0.1137440758293839,0.4801082955274622,0.2807706441481886,9.22149172693275e-06,0.0014688664687894442,140.5999999999998,0.9139784946236559,0.1295642723493888,0.5436497465507204,0.5086554398436453,0.8661475060133024,-77.96432608,9.138057057,POINT (-77.96432608 9.138057057),Caribbean
1732,408,0.2156398104265403,0.4801082955274622,0.316151283374783,0.0004023066230776646,0.0055069956699840385,162.76666666666677,0.9056603773584906,0.1295642723493888,0.5436497465507204,0.5086554398436453,0.8661475060133024,-76.34735857,8.960630296,POINT (-76.34735857 8.960630296),Caribbean
1733,409,0.27251184834123227,0.4801082955274622,0.32765305581099247,0.0030518133235524518,0.006061812832840549,170.26666666666677,0.7958751983077736,0.1295642723493888,0.5436497465507204,0.5086554398436453,0.8661475060133024,-76.4371901,8.854132527,POINT (-76.4371901 8.854132527),Caribbean
1734,410,0.20379146919431282,0.4801082955274622,0.3108354653357379,0.001143324584858094,0.003105350789466011,155.59999999999988,0.8847517730496454,0.1295642723493888,0.5436497465507204,0.5086554398436453,0.8661475060133024,-81.53962091,8.783116857,POINT (-81.53962091 8.783116857),Caribbean
1735,411,0.15165876777251186,0.4801082955274622,0.2807706441481886,0.00010452594332609441,0.0014688664687894442,140.5999999999998,0.9051282051282051,0.1295642723493888,0.5436497465507204,0.5086554398436453,0.8661475060133024,-80.98266544,8.783116857,POINT (-80.98266544 8.783116857),Caribbean
1736,412,0.12322274881516589,0.4801082955274622,0.27987575763297523,2.1390035713795203e-05,0.0012846239972677976,138.5999999999998,0.9322638146167558,0.1295642723493888,0.5436497465507204,0.5086554398436453,0.8661475060133024,-77.6948315,8.818626399,POINT (-77.6948315 8.818626399),Caribbean
1737,413,0.09478672985781991,0.4801082955274622,0.3108354653357379,0.0,0.004460374139180846,153.2666666666667,1.0,0.1295642723493888,0.5436497465507204,0.5086554398436453,0.8661475060133024,-76.58092054,8.712087584,POINT (-76.58092054 8.712087584),Caribbean
1738,414,0.18009478672985785,0.4801082955274622,0.3167214389805085,0.0002589726571671903,0.005599500875160871,163.76666666666677,0.9056603773584906,0.1295642723493888,0.5436497465507204,0.5086554398436453,0.8661475060133024,-77.37143799,8.605518404,POINT (-77.37143799 8.605518404),Caribbean
1739,415,0.17772511848341233,0.4801082955274622,0.2812202368529895,0.00017756025223499805,0.0016187355642380337,141.5999999999998,0.8898550724637682,0.1295642723493888,0.5436497465507204,0.5086554398436453,0.8661475060133024,-76.86838143,8.569988658,POINT (-76.86838143 8.569988658),Caribbean
1740,416,0.1042654028436019,0.4801082955274622,0.27766330105089637,6.380176849507822e-06,0.0007872791928497733,133.93333333333314,0.9532019704433498,0.1295642723493888,0.5436497465507204,0.5086554398436453,0.8661475060133024,-77.29957277,8.498919218,POINT (-77.29957277 8.498919218),Caribbean
1741,417,0.08293838862559243,0.4801082955274622,0.23829313149890358,6.254072965018468e-07,0.00040883659374483426,115.13333333333333,0.9920948616600791,0.1295642723493888,0.5436497465507204,0.5086554398436453,0.8661475060133024,-77.87449455,23.44220405,POINT (-77.87449455 23.44220405),Caribbean
1742,418,0.1255924170616114,0.4801082955274622,0.27766330105089637,5.150033329736024e-05,0.0007898837813146934,133.93333333333314,0.9079365079365079,0.1295642723493888,0.5436497465507204,0.5086554398436453,0.8661475060133024,-94.83468712,18.40991006,POINT (-94.83468712 18.40991006),Caribbean
1743,419,0.08530805687203792,0.4801082955274622,0.2381315768334806,5.116968789560565e-07,0.0003880717572339223,114.63333333333333,0.98,0.1295642723493888,0.5436497465507204,0.5086554398436453,0.8661475060133024,-71.83781584,20.9807557,POINT (-71.83781584 20.9807557),Caribbean
1744,420,0.02132701421800948,0.4801082955274622,0.37287056882100206,0.0,0.008803067175764111,166.25000000000065,1.0,0.1295642723493888,0.5436497465507204,0.5086554398436453,0.8661475060133024,-92.10380865,19.02249112,POINT (-92.10380865 19.02249112),Caribbean
1745,421,0.05450236966824645,0.4801082955274622,0.263986404568351,8.22071483231008e-05,0.0003800421781771466,126.26666666666635,0.7428571428571429,0.1295642723493888,0.5436497465507204,0.5086554398436453,0.8661475060133024,-63.71704567,11.11881985,POINT (-63.71704567 11.11881985),Caribbean
1746,422,0.004739336492890996,0.4801082955274622,0.3374102553596387,0.0,0.001497432032562806,151.16666666666663,1.0,0.1295642723493888,0.5436497465507204,0.5086554398436453,0.8661475060133024,-64.50756312,11.82311264,POINT (-64.50756312 11.82311264),Caribbean
