Name,Reef 001,Reef 002,Reef 003,Reef 004,Reef 005,Reef 006,Reef 007,Reef 008,Reef 009,Reef 010,Reef 011,Reef 012,Reef 013,Reef 014,Reef 015,Reef 016,Reef 017,Reef 018,Reef 019,Reef 020,Reef 021,Reef 022,Reef 023,Reef 024,Reef 025,Reef 026,Reef 027,Reef 028,Reef 029,Reef 030,Reef 031,Reef 032,Reef 033,Reef 034,Reef 035,Reef 036,Reef 037,Reef 038,Reef 039,Reef 040,Reef 041,Reef 042,Reef 043,Reef 044,Reef 045,Reef 046,Reef 047,Reef 048,Reef 049,Reef 050,Reef 051,Reef 052,Reef 053,Reef 054,Reef 055,Reef 056,Reef 057,Reef 058,Reef 059,Reef 060,Reef 061,Reef 062,Reef 063,Reef 064,Reef 065,Reef 066,Reef 067,Reef 068,Reef 069,Reef 070,Reef 071,Reef 072,Reef 073,Reef 074,Reef 075,Reef 076,Reef 077,Reef 078,Reef 079,Reef 080,Reef 081,Reef 082,Reef 083,Reef 084,Reef 085,Reef 086,Reef 087,Reef 088,Reef 089,Reef 090,Reef 091,Reef 092,Reef 093,Reef 094,Reef 095,Reef 096,Reef 097,Reef 098,Reef 099,Reef 100,Reef 101,Reef 102,Reef 103,Reef 104,Reef 105,Reef 106,Reef 107,Reef 108,Reef 109,Reef 110,Reef 111,Reef 112,Reef 113,Reef 114,Reef 115,Reef 116,Reef 117,Reef 118,Reef 119,Reef 120,Reef 121,Reef 122,Reef 123,Reef 124,Reef 125,Reef 126,Reef 127,Reef 128,Reef 129,Reef 130,Reef 131,Reef 132,Reef 133,Reef 134,Reef 135,Reef 136,Reef 137,Reef 138,Reef 139,Reef 140,Reef 141,Reef 142,Reef 143,Reef 144,Reef 145,Reef 146,Reef 147,Reef 148,Reef 149,Reef 150,Reef 151,Reef 152,Reef 153,Reef 154,Reef 155,Reef 156,Reef 157,Reef 158,Reef 159,Reef 160,Reef 161,Reef 162,Reef 163,Reef 164,Reef 165,Reef 166,Reef 167,Reef 168,Reef 169,Reef 170,Reef 171,Reef 172,Reef 173,Reef 174,Reef 175,Reef 176,Reef 177,Reef 178,Reef 179,Reef 180,Reef 181,Reef 182,Reef 183,Reef 184,Reef 185,Reef 186,Reef 187,Reef 188,Reef 189,Reef 190,Reef 191,Reef 192,Reef 193,Reef 194,Reef 195,Reef 196,Reef 197,Reef 198,Reef 199,Reef 200,Reef 201,Reef 202,Reef 203,Reef 204,Reef 205,Reef 206,Reef 207,Reef 208,Reef 209,Reef 210,Reef 211,Reef 212,Reef 213,Reef 214,Reef 215,Reef 216,Reef 217,Reef 218,Reef 219,Reef 220,Reef 221,Reef 222,Reef 223,Reef 224,Reef 225,Reef 226,Reef 227,Reef 228,Reef 229,Reef 230,Reef 231,Reef 232,Reef 233,Reef 234,Reef 235,Reef 236,Reef 237,Reef 238,Reef 239,Reef 240,Reef 241,Reef 242,Reef 243,Reef 244,Reef 245,Reef 246,Reef 247,Reef 248,Reef 249,Reef 250,Reef 251,Reef 252,Reef 253,Reef 254,Reef 255,Reef 256,Reef 257,Reef 258,Reef 259,Reef 260,Reef 261,Reef 262,Reef 263,Reef 264,Reef 265,Reef 266,Reef 267,Reef 268,Reef 269,Reef 270,Reef 271,Reef 272,Reef 273,Reef 274,Reef 275,Reef 276,Reef 277,Reef 278,Reef 279,Reef 280,Reef 281,Reef 282,Reef 283,Reef 284,Reef 285,Reef 286,Reef 287,Reef 288,Reef 289,Reef 290,Reef 291,Reef 292,Reef 293,Reef 294,Reef 295,Reef 296,Reef 297,Reef 298,Reef 299,Reef 300,Reef 301,Reef 302,Reef 303,Reef 304,Reef 305,Reef 306,Reef 307,Reef 308,Reef 309,Reef 310,Reef 311,Reef 312,Reef 313,Reef 314,Reef 315,Reef 316,Reef 317,Reef 318,Reef 319,Reef 320,Reef 321,Reef 322,Reef 323,Reef 324,Reef 325,Reef 326,Reef 327,Reef 328,Reef 329,Reef 330,Reef 331,Reef 332,Reef 333,Reef 334,Reef 335,Reef 336,Reef 337,Reef 338,Reef 339,Reef 340,Reef 341,Reef 342,Reef 343,Reef 344,Reef 345,Reef 346,Reef 347,Reef 348,Reef 349,Reef 350,Reef 351,Reef 352,Reef 353,Reef 354,Reef 355,Reef 356,Reef 357,Reef 358,Reef 359,Reef 360,Reef 361,Reef 362,Reef 363,Reef 364,Reef 365,Reef 366,Reef 367,Reef 368,Reef 369,Reef 370,Reef 371,Reef 372,Reef 373,Reef 374,Reef 375,Reef 376,Reef 377,Reef 378,Reef 379,Reef 380,Reef 381,Reef 382,Reef 383,Reef 384,Reef 385,Reef 386,Reef 387,Reef 388,Reef 389,Reef 390,Reef 391,Reef 392,Reef 393,Reef 394,Reef 395,Reef 396,Reef 397,Reef 398,Reef 399,Reef 400,Reef 401,Reef 402,Reef 403,Reef 404,Reef 405,Reef 406,Reef 407,Reef 408,Reef 409,Reef 410,Reef 411,Reef 412,Reef 413,Reef 414,Reef 415,Reef 416,Reef 417,Reef 418,Reef 419,Reef 420,Reef 421,Reef 422,Reef 423
Reef 001,0.255871,0.0,0.0,0.0,0.0,0.0,0.0,0.0,0.0,0.0,0.0,0.0,0.0,0.0,0.0,0.0,0.0,0.0,0.0,0.0,0.0,0.0,0.0,0.0,0.0,0.0,0.0,0.0,0.0,0.0,0.0,0.0,0.0,0.0,0.0,0.0,0.0,0.0,0.0,0.0,0.0,0.0,0.0,0.0,0.0,0.0,0.0,0.0,0.0,0.0,0.0,0.0,0.0,0.0,0.0,0.0,0.0,0.0,0.0,0.0,0.0,0.0,0.0,0.0,0.0,0.0,0.0,0.0,0.0,0.0,0.0,0.0,0.0,0.0,0.0,0.0,0.0,0.0,0.0,0.0,0.0,0.0,0.0,0.0,0.0,0.0,0.0,0.0,0.0,0.0,0.0,0.0,0.0,0.0,0.0,0.0,0.0,0.0,0.0,0.0,0.0,0.0,0.0,0.0,0.0,0.0,0.0,0.0,0.0,0.0,0.0,0.0,0.0,0.0,0.0,0.0,0.0,0.0,0.0,0.0,0.0,0.0,0.0,0.0,0.0,0.0,0.0,0.0,0.0,0.0,0.0,0.0,0.0,0.0,0.0,0.0,0.0,0.0,0.0,0.0,0.0,0.0,0.0,0.0,0.0,0.0,0.0,0.0,0.0,0.0,0.0,0.0,0.0,0.0,0.0,0.0,0.0,0.0,0.0,0.0,0.0,0.0,0.0,0.0,0.0,0.0,0.0,0.0,0.0,0.0,0.0,0.0,0.0,0.0,0.0,0.0,0.0,0.0,0.0,0.0,0.0,0.0,0.0,0.0,0.0,0.0,0.0,0.0,0.0,0.0,0.0,0.0,0.0,0.0,0.0,0.0,0.0,0.0,0.0,0.0,0.0,0.0,0.0,0.0,0.0,0.0,0.0,0.0,0.0,0.0,0.0,0.0,0.0,0.0,0.0,0.0,0.0,0.0,0.0,0.0,0.0,0.0,0.0,0.0,0.0,0.0,0.0,0.0,0.0,0.0,0.0,0.0,0.0,0.0,0.0,0.0,0.0,0.0,0.0,0.0,0.0,0.0,0.0,0.0,0.0,0.0,0.0,0.0,0.0,0.0,0.0,0.0,0.0,0.0,0.0,0.0,0.0,0.0,0.0,0.0,0.0,0.0,0.0,0.0,0.0,0.0,0.0,0.0,0.0,0.0,0.0,0.0,0.0,0.0,0.0,0.0,0.0,0.0,0.0,0.0,0.0,0.0,0.0,0.0,0.0,0.0,0.0,0.0,0.0,0.0,0.0,0.0,0.0,0.0,0.0,0.0,0.0,0.0,0.0,0.0,0.0,0.0,0.0,0.0,0.0,0.0,0.0,0.0,0.0,0.0,0.0,0.0,0.0,0.0,0.0,0.0,0.0,0.0,0.0,0.0,0.0,0.0,0.0,0.0,0.0,0.0,0.0,0.0,0.0,0.0,0.0,0.0,0.0,0.0,0.0,0.0,0.0,0.0,0.0,0.0,0.0,0.0,0.0,0.0,0.0,0.0,0.0,0.0,0.0,0.0,0.0,0.0,0.0,0.0,0.0,0.0,0.0,0.0,0.0,0.0,0.0,0.0,0.0,0.0,0.0,0.0,0.0,0.0,0.0,0.0,0.0,0.0,0.0,0.0,0.0,0.0,0.0,0.0,0.0,0.0,0.0,0.0,0.0,0.0,0.0,0.0,0.0,0.0,0.0,0.0,0.0,0.0,0.0,0.0,0.0,0.0,0.0,0.0,0.0,0.0,0.0,0.0,0.0,0.0,0.0,0.0,0.0,0.0,0.0,0.0,0.0,0.0,0.0,0.0,0.0,0.0,0.0,0.0,0.0,0.0,0.0,0.0,0.0
Reef 002,0.0,0.017451,0.00205644,0.0541768,0.0639018,0.00635026,0.0,0.0,0.0,0.0,0.0,0.0,0.0,0.0,0.0,0.0,0.0,0.0,0.0,0.0,0.0,0.0,0.0,0.0,0.0,0.0,0.0,0.0,0.0,0.0,0.0,0.0,0.0,0.0,0.0,0.0,0.0,0.0,0.0,0.0,0.0,0.0,0.0,0.0,0.0,0.0,0.0,0.0,0.0,0.0,0.0,0.0,0.0,0.0,0.0,0.0,0.0,0.0,0.0,0.0,0.0,0.0,0.0,0.0,0.0,0.0,0.0,0.0,0.0,0.0,0.0,0.0,0.0,0.0,0.0,0.0,0.0,0.0,0.0,0.0,0.0,0.0,0.0,0.0,0.0,0.0,0.0,0.0,0.0,0.0,0.0,0.0,0.0,0.0,0.0,0.0,0.0,0.0,0.0,0.0,0.0,0.0,0.0,0.0,0.0,0.0,0.0,0.0,0.0,0.0,0.0,0.0,0.0,0.0,0.0,0.0,0.0,0.0,0.0,0.0,0.0,0.0,0.0,0.0,0.0,0.0,0.0,0.0,0.0,0.0,0.0,0.0,0.0,0.0,0.0,0.0,0.0,0.0,0.0,0.0,0.0,0.0,0.0,0.0,0.0,0.0,0.0,0.0,0.0,0.0,0.0,0.0,0.0,0.0,0.0,0.0,0.0,0.0,0.0,0.0,0.0,0.0,9.91e-06,0.0,0.0,0.0,0.0,0.0,0.0,0.0,0.0,0.0,0.0,0.0,0.0,0.0,0.0,0.0,0.0,0.0,6.38e-06,0.0,0.0,0.0,0.0,0.0,0.0,0.0,0.0,0.0,0.0,0.0,0.0,0.0,0.0,0.0,0.0,0.0,0.0,0.0,0.0,0.0,0.0,0.0,0.0,0.0,0.0,0.0,0.0,0.0,0.0,0.0,0.0,0.0,0.0,0.0,0.0,0.0,0.0,0.0,0.0,0.0,0.0,0.0,0.0,0.0,0.0,0.0,0.0,7.27e-05,0.0,0.0,0.0,0.0,0.0,0.0,0.0,0.0,0.0,0.0,0.0,0.0,0.0,0.0,0.0,0.0,0.0,0.0,0.0,0.0,0.0,0.0,0.0,0.0,0.0,0.0,0.0,0.0,0.0,0.0,0.0,0.0,0.0,0.0,0.0,0.0,0.0,0.0,0.0,0.0,0.0,0.0,0.0,0.0,0.0,0.0,0.0,0.0,0.0,0.0,0.0,0.0,0.0,0.0,0.0,0.0,0.0,0.0,0.0,0.0,0.0,0.0,0.0,0.0,0.0,0.0,0.0,0.0,0.0,0.0,0.0,0.0,0.0,0.0,0.0,0.0,0.0,0.0,0.0,0.0,0.0,0.0,0.0,0.0,0.0,0.0,0.0,0.0,0.0,0.0,0.0,0.0,0.0,0.0,0.0,0.0,0.0,0.0,0.0,0.0,0.0,0.0,0.0,0.0,0.0,0.0,0.0,0.0,0.0,0.0,0.0,0.0,0.0,0.0,0.0,0.0,0.0,0.0,0.0,0.0,0.0,0.0,0.0,0.0,0.0,0.0,0.0,0.0,0.0,0.0,0.0,0.0,0.0,0.0,0.0,0.0,0.0,0.0,0.0,0.0,0.0,0.0,0.0,0.0,0.0,0.0,0.0,0.0,0.0,0.0,0.0,0.0,0.0,0.0,0.0,0.0,0.0,0.0,0.0,0.0,0.0,0.0,0.0,0.0,0.0,0.0,0.0,0.0,0.0,0.0,0.0,0.0,0.0,0.0,0.0,0.0,0.0,0.0,0.0,0.0,0.0,0.0,0.0,0.0,0.0,0.0,0.0,0.0,0.0,0.0,0.0,2.05e-05,0.0
Reef 003,0.0,0.000650307,0.105602,0.00550925,0.00527755,0.0145244,0.0,0.0,0.0,0.0,0.0,0.0,0.0,0.0,0.0,0.0,0.0,0.0,0.0,0.0,0.0,0.0,0.0,0.0,0.0,0.0,0.0,0.0,0.0,0.0,0.0,0.0,0.0,0.0,0.0,0.0,0.0,0.0,0.0,0.0,0.0,0.0,0.0,0.0,0.0,0.0,0.0,0.0,0.0,0.0,0.0,0.0,0.0,0.0,0.0,0.0,0.0,0.0,0.0,0.0,0.0,0.0,0.0,0.0,0.0,0.0,0.0,0.0,0.0,0.0,0.0,0.0,0.0,0.0,0.0,0.0,0.0,0.0,0.0,0.0,0.0,0.0,0.0,0.0,0.0,0.0,0.0,0.0,0.0,0.0,0.0,0.0,0.0,0.0,0.0,0.0,0.0,0.0,0.0,0.0,0.0,0.0,0.0,0.0,0.0,0.0,0.0,0.0,0.0,0.0,0.0,0.0,0.0,0.0,0.0,0.0,0.0,0.0,0.0,0.0,0.0,0.0,0.0,0.0,0.0,0.0,0.0,0.0,0.0,0.0,0.0,0.0,0.0,0.0,0.0,0.0,0.0,0.0,0.0,0.0,0.0,0.0,0.0,0.0,0.0,0.0,0.0,0.0,0.0,0.0,0.0,0.0,0.0,0.0,0.0,0.0,0.0,0.0,0.0,0.0,0.0,0.0,1.27e-05,0.0,0.0,0.0,0.0,0.0,0.0,0.0,0.0,0.0,0.0,0.0,0.0,0.0,0.0,0.0,0.0,0.0,2.37e-06,0.0,0.0,0.0,0.0,0.0,0.0,0.0,0.0,0.0,0.0,0.0,0.0,0.0,0.0,0.0,0.0,0.0,0.0,0.0,0.0,0.0,0.0,0.0,0.0,0.0,0.0,0.0,0.0,0.0,0.0,0.0,0.0,0.0,0.0,0.0,0.0,0.0,0.0,0.0,0.0,0.0,0.0,0.0,0.0,2.4e-06,0.0,0.0,0.0,4.36e-05,0.0,0.0,0.0,0.0,0.0,0.0,0.0,0.0,0.0,0.0,0.0,0.0,0.0,0.0,0.0,0.0,0.0,0.0,0.0,0.0,0.0,0.0,0.0,0.0,0.0,0.0,0.0,0.0,0.0,0.0,0.0,0.0,0.0,0.0,0.0,0.0,0.0,0.0,0.0,0.0,0.0,0.0,0.0,0.0,0.0,0.0,0.0,0.0,0.0,0.0,0.0,0.0,0.0,0.0,0.0,0.0,0.0,0.0,0.0,0.0,0.0,0.0,0.0,0.0,0.0,0.0,0.0,0.0,0.0,0.0,0.0,0.0,0.0,0.0,0.0,0.0,0.0,0.0,0.0,0.0,0.0,0.0,0.0,0.0,0.0,0.0,0.0,0.0,0.0,0.0,0.0,0.0,0.0,0.0,0.0,0.0,0.0,0.0,0.0,0.0,0.0,0.0,0.0,0.0,0.0,0.0,0.0,0.0,0.0,0.0,0.0,0.0,0.0,0.0,0.0,0.0,0.0,0.0,0.0,0.0,0.0,0.0,0.0,0.0,0.0,0.0,0.0,0.0,0.0,0.0,0.0,0.0,0.0,0.0,0.0,0.0,0.0,0.0,0.0,0.0,0.0,0.0,0.0,0.0,0.0,0.0,0.0,0.0,0.0,0.0,0.0,0.0,0.0,0.0,0.0,0.0,0.0,0.0,0.0,0.0,0.0,0.0,0.0,0.0,0.0,0.0,0.0,0.0,0.0,0.0,0.0,0.0,0.0,0.0,0.0,0.0,0.0,0.0,0.0,0.0,0.0,0.0,0.0,0.0,0.0,0.0,0.0,0.0,0.0,0.0,0.0,3.47e-06,0.0
Reef 004,0.0,0.000914346,0.00927341,0.0517574,0.010446,0.0242164,0.0,0.0,0.0,0.0,0.0,0.0,0.0,0.0,0.0,0.0,0.0,0.0,0.0,0.0,0.0,0.0,0.0,0.0,0.0,0.0,0.0,0.0,0.0,0.0,0.0,0.0,0.0,0.0,0.0,0.0,0.0,0.0,0.0,0.0,0.0,0.0,0.0,0.0,0.0,0.0,0.0,0.0,0.0,0.0,0.0,0.0,0.0,0.0,0.0,0.0,0.0,0.0,0.0,0.0,0.0,0.0,0.0,0.0,0.0,0.0,0.0,0.0,0.0,0.0,0.0,0.0,0.0,0.0,0.0,0.0,0.0,0.0,0.0,0.0,0.0,0.0,0.0,0.0,0.0,0.0,0.0,0.0,0.0,0.0,0.0,0.0,0.0,0.0,0.0,0.0,0.0,0.0,0.0,0.0,0.0,0.0,0.0,0.0,0.0,0.0,0.0,0.0,0.0,0.0,0.0,0.0,0.0,0.0,0.0,0.0,0.0,0.0,0.0,0.0,0.0,0.0,0.0,0.0,0.0,0.0,0.0,0.0,0.0,0.0,0.0,0.0,0.0,0.0,0.0,0.0,0.0,0.0,0.0,0.0,0.0,0.0,0.0,0.0,0.0,0.0,0.0,0.0,0.0,0.0,0.0,0.0,0.0,0.0,0.0,0.0,0.0,0.0,0.0,0.0,0.0,0.0,2.63e-05,0.0,0.0,0.0,0.0,0.0,0.0,0.0,0.0,0.0,0.0,0.0,0.0,0.0,0.0,1.9e-06,0.0,0.0,4.98e-06,0.0,0.0,0.0,0.0,0.0,0.0,0.0,0.0,0.0,0.0,0.0,0.0,0.0,0.0,0.0,0.0,0.0,0.0,0.0,0.0,0.0,0.0,0.0,0.0,0.0,0.0,0.0,0.0,0.0,0.0,0.0,0.0,0.0,0.0,0.0,0.0,0.0,0.0,0.0,0.0,0.0,0.0,0.0,0.0,5.96e-06,0.0,0.0,0.0,0.000202831,0.0,0.0,0.0,0.0,0.0,0.0,0.0,0.0,0.0,0.0,0.0,0.0,0.0,0.0,0.0,0.0,0.0,0.0,0.0,0.0,0.0,0.0,0.0,0.0,0.0,0.0,0.0,0.0,0.0,0.0,0.0,0.0,0.0,0.0,0.0,0.0,0.0,0.0,0.0,0.0,0.0,0.0,0.0,0.0,0.0,0.0,0.0,0.0,0.0,0.0,0.0,0.0,0.0,0.0,0.0,0.0,0.0,0.0,0.0,0.0,0.0,0.0,0.0,0.0,0.0,0.0,0.0,0.0,0.0,0.0,0.0,0.0,0.0,0.0,0.0,0.0,0.0,0.0,0.0,0.0,0.0,0.0,0.0,0.0,0.0,0.0,0.0,0.0,0.0,0.0,0.0,0.0,0.0,0.0,0.0,0.0,0.0,0.0,0.0,0.0,0.0,0.0,0.0,0.0,0.0,0.0,0.0,0.0,0.0,0.0,0.0,0.0,0.0,0.0,0.0,0.0,0.0,0.0,0.0,0.0,0.0,0.0,0.0,0.0,0.0,0.0,0.0,0.0,0.0,0.0,0.0,0.0,0.0,0.0,0.0,0.0,0.0,0.0,0.0,0.0,0.0,0.0,0.0,0.0,0.0,0.0,0.0,0.0,0.0,0.0,0.0,0.0,0.0,0.0,0.0,0.0,0.0,0.0,0.0,0.0,0.0,0.0,0.0,0.0,0.0,0.0,0.0,0.0,0.0,0.0,0.0,0.0,0.0,0.0,0.0,0.0,0.0,0.0,0.0,0.0,0.0,0.0,0.0,0.0,0.0,0.0,0.0,0.0,0.0,0.0,0.0,6.22e-05,0.0
Reef 005,0.0,0.000604483,0.0109152,0.0285763,0.0342729,0.0258976,0.0,0.0,0.0,0.0,0.0,0.0,0.0,0.0,0.0,0.0,0.0,0.0,0.0,0.0,0.0,0.0,0.0,0.0,0.0,0.0,0.0,0.0,0.0,0.0,0.0,0.0,0.0,0.0,0.0,0.0,0.0,0.0,0.0,0.0,0.0,0.0,0.0,0.0,0.0,0.0,0.0,0.0,0.0,0.0,0.0,0.0,0.0,0.0,0.0,0.0,0.0,0.0,0.0,0.0,0.0,0.0,0.0,0.0,0.0,0.0,0.0,0.0,0.0,0.0,0.0,0.0,0.0,0.0,0.0,0.0,0.0,0.0,0.0,0.0,0.0,0.0,0.0,0.0,0.0,0.0,0.0,0.0,0.0,0.0,0.0,0.0,0.0,0.0,0.0,0.0,0.0,0.0,0.0,0.0,0.0,0.0,0.0,0.0,0.0,0.0,0.0,0.0,0.0,0.0,0.0,0.0,0.0,0.0,0.0,0.0,0.0,0.0,0.0,0.0,0.0,0.0,0.0,0.0,0.0,0.0,0.0,0.0,0.0,0.0,0.0,0.0,0.0,0.0,0.0,0.0,0.0,0.0,0.0,0.0,0.0,0.0,0.0,0.0,0.0,0.0,0.0,0.0,0.0,0.0,0.0,0.0,0.0,0.0,0.0,0.0,0.0,0.0,0.0,0.0,0.0,0.0,9.97e-07,0.0,0.0,0.0,0.0,0.0,0.0,0.0,0.0,0.0,0.0,0.0,0.0,0.0,0.0,3e-06,0.0,0.0,7.76e-06,0.0,0.0,0.0,0.0,0.0,0.0,0.0,0.0,0.0,0.0,0.0,0.0,0.0,0.0,0.0,0.0,0.0,0.0,0.0,0.0,0.0,0.0,0.0,0.0,0.0,0.0,0.0,0.0,0.0,0.0,0.0,0.0,0.0,0.0,0.0,0.0,0.0,0.0,0.0,0.0,0.0,0.0,0.0,0.0,8.69e-06,0.0,0.0,0.0,0.000288008,0.0,0.0,0.0,0.0,0.0,0.0,0.0,0.0,0.0,0.0,0.0,0.0,0.0,0.0,0.0,0.0,0.0,0.0,0.0,0.0,0.0,0.0,0.0,0.0,0.0,0.0,0.0,0.0,0.0,0.0,0.0,0.0,0.0,0.0,0.0,0.0,0.0,0.0,0.0,0.0,0.0,0.0,0.0,0.0,0.0,0.0,0.0,0.0,0.0,0.0,0.0,0.0,0.0,0.0,0.0,0.0,0.0,0.0,0.0,0.0,0.0,0.0,0.0,0.0,0.0,0.0,0.0,0.0,0.0,0.0,0.0,0.0,0.0,0.0,0.0,0.0,0.0,0.0,0.0,0.0,0.0,0.0,0.0,0.0,0.0,0.0,0.0,0.0,0.0,0.0,0.0,0.0,0.0,0.0,0.0,0.0,0.0,0.0,0.0,0.0,0.0,0.0,0.0,0.0,0.0,0.0,0.0,0.0,0.0,0.0,0.0,0.0,0.0,0.0,0.0,0.0,0.0,0.0,0.0,0.0,0.0,0.0,0.0,0.0,0.0,0.0,0.0,0.0,0.0,0.0,0.0,0.0,0.0,0.0,0.0,0.0,0.0,0.0,0.0,0.0,0.0,0.0,0.0,0.0,0.0,0.0,0.0,0.0,0.0,0.0,0.0,0.0,0.0,0.0,0.0,0.0,0.0,0.0,0.0,0.0,0.0,0.0,0.0,0.0,0.0,0.0,0.0,0.0,0.0,0.0,0.0,0.0,0.0,0.0,0.0,0.0,0.0,0.0,0.0,0.0,0.0,0.0,0.0,0.0,0.0,0.0,0.0,0.0,0.0,0.0,0.0,9.32e-05,0.0
Reef 006,0.0,0.00049439,0.0168345,0.00645855,0.00800145,0.0524026,0.0,0.0,0.0,0.0,0.0,0.0,0.0,0.0,0.0,0.0,0.0,0.0,0.0,0.0,0.0,0.0,0.0,0.0,0.0,0.0,0.0,0.0,0.0,0.0,0.0,0.0,0.0,0.0,0.0,0.0,0.0,0.0,0.0,0.0,0.0,0.0,0.0,0.0,0.0,0.0,0.0,0.0,0.0,0.0,0.0,0.0,0.0,0.0,0.0,0.0,0.0,0.0,0.0,0.0,0.0,0.0,0.0,0.0,0.0,0.0,0.0,0.0,0.0,0.0,0.0,0.0,0.0,0.0,0.0,0.0,0.0,0.0,0.0,0.0,0.0,0.0,0.0,0.0,0.0,0.0,0.0,0.0,0.0,0.0,0.0,0.0,0.0,0.0,0.0,0.0,0.0,0.0,0.0,0.0,0.0,0.0,0.0,0.0,0.0,0.0,0.0,0.0,0.0,0.0,0.0,0.0,0.0,0.0,0.0,0.0,0.0,0.0,0.0,0.0,0.0,0.0,0.0,0.0,0.0,0.0,0.0,0.0,0.0,0.0,0.0,0.0,0.0,0.0,0.0,0.0,0.0,0.0,0.0,0.0,0.0,0.0,0.0,0.0,0.0,0.0,0.0,0.0,0.0,0.0,0.0,0.0,0.0,0.0,0.0,0.0,0.0,0.0,0.0,0.0,0.0,0.0,1.63e-05,0.0,0.0,0.0,0.0,0.0,0.0,0.0,0.0,0.0,0.0,0.0,0.0,0.0,0.0,1.9e-06,0.0,0.0,2.1e-06,0.0,0.0,0.0,0.0,0.0,0.0,0.0,0.0,0.0,0.0,0.0,0.0,0.0,0.0,0.0,0.0,0.0,0.0,0.0,0.0,0.0,0.0,0.0,0.0,0.0,0.0,0.0,0.0,0.0,0.0,0.0,0.0,0.0,0.0,0.0,0.0,0.0,0.0,0.0,0.0,0.0,0.0,0.0,0.0,3.12e-06,0.0,0.0,0.0,0.000120982,0.0,0.0,0.0,0.0,0.0,0.0,0.0,0.0,0.0,0.0,0.0,0.0,0.0,0.0,0.0,0.0,0.0,0.0,0.0,0.0,0.0,0.0,0.0,0.0,0.0,0.0,0.0,0.0,0.0,0.0,0.0,0.0,0.0,0.0,0.0,0.0,0.0,0.0,0.0,0.0,0.0,0.0,0.0,0.0,0.0,0.0,0.0,0.0,0.0,0.0,0.0,0.0,0.0,0.0,0.0,0.0,0.0,0.0,0.0,0.0,0.0,0.0,0.0,0.0,0.0,0.0,0.0,0.0,0.0,0.0,0.0,0.0,0.0,0.0,0.0,0.0,0.0,0.0,0.0,0.0,0.0,0.0,0.0,0.0,0.0,0.0,0.0,0.0,0.0,0.0,0.0,0.0,0.0,0.0,0.0,0.0,0.0,0.0,0.0,0.0,0.0,0.0,0.0,0.0,0.0,0.0,0.0,0.0,0.0,0.0,0.0,0.0,0.0,0.0,0.0,0.0,0.0,0.0,0.0,0.0,0.0,0.0,0.0,0.0,0.0,0.0,0.0,0.0,0.0,0.0,0.0,0.0,0.0,0.0,0.0,0.0,0.0,0.0,0.0,0.0,0.0,0.0,0.0,0.0,0.0,0.0,0.0,0.0,0.0,0.0,0.0,0.0,0.0,0.0,0.0,0.0,0.0,0.0,0.0,0.0,0.0,0.0,0.0,0.0,0.0,0.0,0.0,0.0,0.0,0.0,0.0,0.0,0.0,0.0,0.0,0.0,0.0,0.0,0.0,0.0,0.0,0.0,0.0,0.0,0.0,0.0,0.0,0.0,0.0,0.0,0.0,1.37e-05,0.0
Reef 007,0.0,0.0,0.0,0.0,0.0,0.0,0.0,0.0040775,0.0,0.00370877,0.0,0.0174339,0.0,0.0,0.00388406,0.00918717,0.0,0.0,0.0,0.0,0.00267942,0.0,0.0,0.0,0.0,0.0,0.0,0.0,0.0,0.0,0.0,0.0,0.0,0.0,0.0,0.0,0.0,0.0,0.0,0.0,0.0,0.0,0.0,0.0,0.0,0.0,0.0,0.0,0.0,0.0,0.0,0.0,0.0,0.0,0.0,0.0,0.0,0.0,0.0,0.0,0.0,0.0,0.0,0.0,0.0,0.0,0.0,0.0,0.0,0.0,0.0,0.0,0.0,0.0,0.0,0.0,0.0,0.0,0.0,0.0,0.0,0.0,0.0,0.0,0.0,0.0,0.0,0.0,0.0,0.0,0.0,0.0,0.0,0.0,0.0,0.0,0.0,0.0,0.0,0.0,0.0,0.0,0.0,0.0,0.0,0.0,0.0,0.0,0.0,0.0,0.0,0.0,0.0,0.0,0.0,0.0,0.0,0.0,0.0,0.0,0.0,0.0,0.0,0.0,0.0,0.0,0.0,0.0,0.0,0.0,0.0,0.0,0.0,0.0,0.0,0.0,0.0,0.0,0.0,0.0,0.0,0.0,0.0,0.0,0.0,0.0,0.0,0.0,0.0,0.0,0.0,0.0,0.0,0.0,0.0,0.0,0.0,0.0,0.0,0.0,0.0,0.0,0.0,0.0,0.0,0.0,0.0,0.0,0.0,0.0,0.0,0.0,0.0,0.0,0.0,0.0,0.0,0.0,0.0,0.0,0.0,0.0,0.0,0.0,0.0,0.0,0.0,0.0,0.0,0.0,0.0,0.0,0.0,0.0,0.0,0.0,0.0,0.0,0.0,0.0,0.0,0.0,0.0,0.0,0.0,0.0,0.0,0.0,0.0,0.0,0.0,0.0,0.0,0.0,0.0,0.0,0.0,0.0,0.0,0.0,0.0,0.0,0.0,0.0,0.0,0.0,0.0,0.0,0.0,0.0,0.0,0.0,0.0,0.0,0.0,0.0,0.0,0.0,0.0,0.0,0.0,0.0,0.0,0.0,0.0,0.0,0.0,0.0,0.0,0.0,0.0,0.0,0.0,0.0,0.0,0.0,0.0,0.0,0.0,0.0,0.0,0.0,0.0,0.0,0.0,0.0,0.0,0.0,0.0,0.0,0.0,0.0,0.0,0.0,0.0,0.0,0.0,0.0,0.0,0.0,0.0,0.0,0.0,0.0,0.0,0.0,0.0,0.0,0.0,0.0,0.0,0.0,0.0,0.0,0.0,0.0,0.0,0.0,0.0,0.0,0.0,0.0,0.0,0.0,0.0,0.0,0.0,0.0,0.0,0.0,0.0,0.0,0.0,0.0,0.0,0.0,0.0,0.0,0.0,0.0,0.0,0.0,0.0,0.0,0.0,0.0,0.0,0.0,0.0,0.0,0.0,0.0,0.0,0.0,0.0,0.0,0.0,0.0,0.0,0.0,0.0,0.0,0.0,0.0,0.0,0.0,0.0,0.0,0.0,0.0,0.0,0.0,0.0,0.0,0.0,0.0,0.0,0.0,0.0,0.0,0.0,0.0,0.0,0.0,0.0,0.0,0.0,0.0,0.0,0.0,0.0,0.0,0.0,0.0,0.0,0.0,0.0,0.0,0.0,0.0,0.0,0.0,0.0,0.0,0.0,0.0,0.0,0.0,0.0,0.0,0.0,0.0,0.0,0.0,0.0,0.0,0.0,0.0,0.0,0.0,0.0,0.0,0.0,0.0,0.0,0.0,0.0,0.0,0.0,0.0,0.0,0.0,0.0,0.0,0.0,0.0,0.0,0.0,0.0,0.0,0.0,0.0,0.0
Reef 008,0.0,0.0,0.0,0.0,0.0,0.0,5.04e-06,0.00343878,7.52e-06,0.00024526,1.59e-05,0.000352124,2.31e-06,0.0,0.000130436,0.0111584,2.28e-06,9.4e-06,4.07e-05,0.0,0.00436316,2.36e-06,0.0,0.0,0.0,0.0,0.000118876,0.0,0.0,9.57e-06,0.0,0.0,0.0,0.0,0.0,5.11e-05,0.0,0.0,0.0,2.97e-06,0.0,0.0,0.0,0.0,0.0,0.0,0.0,0.0,1.65e-05,0.0,0.0,0.0,0.0,0.0,0.0,0.0,0.0,0.000221739,0.0,0.0,0.0,0.0,0.0,0.0,0.0,0.0,0.0,0.0,0.0,0.0,0.0,5.09e-06,0.0,0.0,0.0,0.0,0.0,0.0,0.0,0.0,0.0,0.0,0.0,0.0,0.0,0.0,0.0,0.0,0.0,0.0,0.0,0.0,0.0,0.0,0.0,0.0,0.0,0.0,0.0,0.0,0.0,0.0,0.0,0.0,0.0,0.0,0.0,6.18e-05,0.0,0.0,0.0,0.0,0.0,0.0,0.0,0.0,0.0,0.0,0.0,0.0,0.0,0.0,0.0,0.0,0.0,0.0,0.0,0.0,0.0,0.0,0.0,0.0,0.0,0.0,0.0,0.0,0.0,0.0,0.0,0.0,0.0,0.0,0.0,0.0,0.0,0.0,0.0,0.0,0.0,0.0,0.0,0.0,0.0,0.0,0.0,0.0,0.0,0.0,0.0,0.0,0.0,0.0,0.0,0.0,0.0,0.0,0.0,0.0,0.0,0.0,0.0,0.0,0.0,0.0,0.0,0.0,0.0,0.0,0.0,0.0,0.0,0.0,0.0,0.0,0.0,0.0,0.0,0.0,0.0,0.0,0.0,0.0,0.0,0.0,0.0,0.0,0.0,0.0,0.0,0.0,0.0,0.0,0.0,0.0,0.0,0.0,0.0,0.0,0.0,0.0,0.0,0.0,0.0,0.0,0.0,0.0,0.0,0.0,0.0,0.0,0.0,0.0,0.0,0.0,0.0,0.0,0.0,0.0,0.0,0.0,0.0,0.0,0.0,0.0,0.0,0.0,0.0,0.0,0.0,0.0,0.0,0.0,0.0,0.0,0.0,0.0,0.0,0.0,0.0,0.0,0.0,0.0,0.0,0.0,0.0,0.0,0.0,0.0,0.0,0.0,0.0,0.0,0.0,0.0,0.0,0.0,0.0,0.0,0.0,0.0,0.0,0.0,0.0,0.0,0.0,0.0,0.0,0.0,0.0,0.0,0.0,0.0,0.0,0.0,0.0,0.0,0.0,0.0,0.0,0.0,0.0,0.0,0.0,0.0,0.0,0.0,0.0,0.0,0.0,0.0,0.0,0.0,0.0,0.0,0.0,0.0,0.0,0.0,0.0,0.0,0.0,0.0,0.0,0.0,0.0,0.0,0.0,0.0,0.0,0.0,0.0,0.0,0.0,0.0,0.0,0.0,0.0,0.0,0.0,0.0,0.0,0.0,0.0,0.0,0.0,0.0,0.0,0.0,0.0,0.0,0.0,0.0,0.0,0.0,0.0,0.0,0.0,0.0,0.0,0.0,0.0,0.0,0.0,0.0,0.0,0.0,0.0,0.0,0.0,0.0,0.0,0.0,0.0,0.0,0.0,0.0,0.0,0.0,0.0,0.0,0.0,0.0,0.0,0.0,0.0,0.0,0.0,0.0,0.0,0.0,0.0,0.0,0.0,0.0,0.0,0.0,0.0,0.0,0.0,0.0,0.0,0.0,0.0,0.0,0.0,0.0,0.0,0.0,0.0,0.0,0.0,0.0,0.0,0.0,0.0,0.0,0.0,0.0,0.0,0.0,0.0,0.0,0.0,0.0,0.0,0.0,0.0,0.0,0.0,0.0,0.0,0.0,0.0
Reef 009,0.0,0.0,0.0,0.0,0.0,0.0,0.0,0.00640496,0.0,0.00288614,0.0,0.0144249,0.0,0.0,0.00871253,0.00817611,0.0,0.0,0.0,0.0,0.00217437,0.0,0.0,0.0,0.0,0.0,0.0,0.0,0.0,0.0,0.0,0.0,0.0,0.0,0.0,0.0,0.0,0.0,0.0,0.0,0.0,0.0,0.0,0.0,0.0,0.0,0.0,0.0,0.0,0.0,0.0,0.0,0.0,0.0,0.0,0.0,0.0,0.0,0.0,0.0,0.0,0.0,0.0,0.0,0.0,0.0,0.0,0.0,0.0,0.0,0.0,0.0,0.0,0.0,0.0,0.0,0.0,0.0,0.0,0.0,0.0,0.0,0.0,0.0,0.0,0.0,0.0,0.0,0.0,0.0,0.0,0.0,0.0,0.0,0.0,0.0,0.0,0.0,0.0,0.0,0.0,0.0,0.0,0.0,0.0,0.0,0.0,0.0,0.0,0.0,0.0,0.0,0.0,0.0,0.0,0.0,0.0,0.0,0.0,0.0,0.0,0.0,0.0,0.0,0.0,0.0,0.0,0.0,0.0,0.0,0.0,0.0,0.0,0.0,0.0,0.0,0.0,0.0,0.0,0.0,0.0,0.0,0.0,0.0,0.0,0.0,0.0,0.0,0.0,0.0,0.0,0.0,0.0,0.0,0.0,0.0,0.0,0.0,0.0,0.0,0.0,0.0,0.0,0.0,0.0,0.0,0.0,0.0,0.0,0.0,0.0,0.0,0.0,0.0,0.0,0.0,0.0,0.0,0.0,0.0,0.0,0.0,0.0,0.0,0.0,0.0,0.0,0.0,0.0,0.0,0.0,0.0,0.0,0.0,0.0,0.0,0.0,0.0,0.0,0.0,0.0,0.0,0.0,0.0,0.0,0.0,0.0,0.0,0.0,0.0,0.0,0.0,0.0,0.0,0.0,0.0,0.0,0.0,0.0,0.0,0.0,0.0,0.0,0.0,0.0,0.0,0.0,0.0,0.0,0.0,0.0,0.0,0.0,0.0,0.0,0.0,0.0,0.0,0.0,0.0,0.0,0.0,0.0,0.0,0.0,0.0,0.0,0.0,0.0,0.0,0.0,0.0,0.0,0.0,0.0,0.0,0.0,0.0,0.0,0.0,0.0,0.0,0.0,0.0,0.0,0.0,0.0,0.0,0.0,0.0,0.0,0.0,0.0,0.0,0.0,0.0,0.0,0.0,0.0,0.0,0.0,0.0,0.0,0.0,0.0,0.0,0.0,0.0,0.0,0.0,0.0,0.0,0.0,0.0,0.0,0.0,0.0,0.0,0.0,0.0,0.0,0.0,0.0,0.0,0.0,0.0,0.0,0.0,0.0,0.0,0.0,0.0,0.0,0.0,0.0,0.0,0.0,0.0,0.0,0.0,0.0,0.0,0.0,0.0,0.0,0.0,0.0,0.0,0.0,0.0,0.0,0.0,0.0,0.0,0.0,0.0,0.0,0.0,0.0,0.0,0.0,0.0,0.0,0.0,0.0,0.0,0.0,0.0,0.0,0.0,0.0,0.0,0.0,0.0,0.0,0.0,0.0,0.0,0.0,0.0,0.0,0.0,0.0,0.0,0.0,0.0,0.0,0.0,0.0,0.0,0.0,0.0,0.0,0.0,0.0,0.0,0.0,0.0,0.0,0.0,0.0,0.0,0.0,0.0,0.0,0.0,0.0,0.0,0.0,0.0,0.0,0.0,0.0,0.0,0.0,0.0,0.0,0.0,0.0,0.0,0.0,0.0,0.0,0.0,0.0,0.0,0.0,0.0,0.0,0.0,0.0,0.0,0.0,0.0,0.0,0.0,0.0,0.0,0.0,0.0,0.0,0.0,0.0
Reef 010,0.0,0.0,0.0,0.0,0.0,0.0,4.24e-05,0.0116845,5.27e-05,0.000710151,0.000302116,0.00175857,0.0,0.0,0.00167991,0.0127736,0.0,2.25e-05,0.0,0.0,0.00422877,0.000407546,0.0,0.0,0.0,0.0,0.000485887,0.0,0.0,0.0,0.0,0.0,0.0,0.0,0.0,8.3e-05,0.0,0.0,0.0,1.93e-05,0.0,0.0,0.0,0.0,0.0,0.0,0.0,0.0,3.22e-05,0.0,0.0,0.0,0.0,0.0,0.0,0.0,0.0,0.00120986,0.0,0.0,0.0,0.0,0.0,0.0,0.0,0.0,0.0,0.0,0.0,0.0,0.0,3.43e-05,0.0,0.0,0.0,0.0,0.0,0.0,0.0,0.0,0.0,0.0,0.0,0.0,0.0,0.0,0.0,0.0,0.0,0.0,0.0,0.0,0.0,0.0,0.0,0.0,0.0,0.0,0.0,0.0,0.0,0.0,0.0,0.0,0.0,0.0,0.0,0.000408136,0.0,0.0,0.0,0.0,0.0,0.0,0.0,0.0,0.0,0.0,0.0,0.0,0.0,0.0,0.0,0.0,0.0,0.0,0.0,0.0,0.0,0.0,0.0,0.0,0.0,0.0,0.0,0.0,0.0,0.0,0.0,0.0,0.0,0.0,0.0,0.0,0.0,0.0,0.0,0.0,0.0,0.0,0.0,0.0,0.0,0.0,0.0,0.0,0.0,0.0,0.0,0.0,0.0,0.0,0.0,0.0,0.0,0.0,0.0,0.0,0.0,0.0,0.0,0.0,0.0,0.0,0.0,0.0,0.0,0.0,0.0,0.0,0.0,0.0,0.0,0.0,0.0,0.0,0.0,0.0,0.0,0.0,0.0,0.0,0.0,0.0,0.0,0.0,0.0,0.0,0.0,0.0,0.0,0.0,0.0,0.0,0.0,0.0,0.0,0.0,0.0,0.0,0.0,0.0,0.0,0.0,0.0,0.0,0.0,0.0,0.0,0.0,0.0,0.0,0.0,0.0,0.0,0.0,0.0,0.0,0.0,0.0,0.0,0.0,0.0,0.0,0.0,0.0,0.0,0.0,0.0,0.0,0.0,0.0,0.0,0.0,0.0,0.0,0.0,0.0,0.0,0.0,0.0,0.0,0.0,0.0,0.0,0.0,0.0,0.0,0.0,0.0,0.0,0.0,0.0,0.0,0.0,0.0,0.0,0.0,0.0,0.0,0.0,0.0,0.0,0.0,0.0,0.0,0.0,0.0,0.0,0.0,0.0,0.0,0.0,0.0,0.0,0.0,0.0,0.0,0.0,0.0,0.0,0.0,0.0,0.0,0.0,0.0,0.0,0.0,0.0,0.0,0.0,0.0,0.0,0.0,0.0,0.0,0.0,0.0,0.0,0.0,0.0,0.0,0.0,0.0,0.0,0.0,0.0,0.0,0.0,0.0,0.0,0.0,0.0,0.0,0.0,0.0,0.0,0.0,0.0,0.0,0.0,0.0,0.0,0.0,0.0,0.0,0.0,0.0,0.0,0.0,0.0,0.0,0.0,0.0,0.0,0.0,0.0,0.0,0.0,0.0,0.0,0.0,0.0,0.0,0.0,0.0,0.0,0.0,0.0,0.0,0.0,0.0,0.0,0.0,0.0,0.0,0.0,0.0,0.0,0.0,0.0,0.0,0.0,0.0,0.0,0.0,0.0,0.0,0.0,0.0,0.0,0.0,0.0,0.0,0.0,0.0,0.0,0.0,0.0,0.0,0.0,0.0,0.0,0.0,0.0,0.0,0.0,0.0,0.0,0.0,0.0,0.0,0.0,0.0,0.0,0.0,0.0,0.0,0.0,0.0,0.0,0.0,0.0,0.0,0.0,0.0,0.0,0.0,0.0,0.0,0.0,0.0,0.0
Reef 011,0.0,0.0,0.0,0.0,0.0,0.0,0.0,0.00283154,0.0,0.000562588,0.00054209,0.000323542,0.0,0.0,0.0393911,0.00615716,0.0,0.000801874,0.000630542,0.0,0.00155653,0.000422255,0.0,0.0,0.0,0.0,0.000494579,0.0,0.0,0.00307566,0.0,0.0,0.0,0.0,0.0,0.000661749,0.0,0.0,0.0,0.0,0.0,0.0,0.0,0.0,0.0,0.0,0.0,0.0,0.0,0.0,0.0,0.0,0.0,0.0,0.0,0.0,0.0,0.00110689,0.0,0.0,0.0,0.0,0.0,0.0,0.0,0.0,0.0,0.0,0.0,0.0,0.0,0.0,0.0,0.0,0.0,0.0,0.0,0.0,0.0,0.0,0.0,0.0,0.0,0.0,0.0,0.0,0.0,0.0,0.0,0.0,0.0,0.0,0.0,0.0,0.0,0.0,0.0,0.0,0.0,0.0,0.0,0.0,0.0,0.0,0.0,0.0,0.0,0.000365343,0.0,0.0,0.0,0.0,0.0,0.0,0.0,0.0,0.0,0.0,0.0,0.0,0.0,0.0,0.0,0.0,0.0,0.0,0.0,0.0,0.0,0.0,0.0,0.0,0.0,0.0,0.0,0.0,0.0,0.0,0.0,0.0,0.0,0.0,0.0,0.0,0.0,0.0,0.0,0.0,0.0,0.0,0.0,0.0,0.0,0.0,0.0,0.0,0.0,0.0,0.0,0.0,0.0,0.0,0.0,0.0,0.0,0.0,0.0,0.0,0.0,0.0,0.0,0.0,0.0,0.0,0.0,0.0,0.0,0.0,0.0,0.0,0.0,0.0,0.0,0.0,0.0,0.0,0.0,0.0,0.0,0.0,0.0,0.0,0.0,0.0,0.0,0.0,0.0,0.0,0.0,0.0,0.0,0.0,0.0,0.0,0.0,0.0,0.0,0.0,0.0,0.0,0.0,0.0,0.0,0.0,0.0,0.0,0.0,0.0,0.0,0.0,0.0,0.0,0.0,0.0,0.0,0.0,0.0,0.0,0.0,0.0,0.0,0.0,0.0,0.0,0.0,0.0,0.0,0.0,0.0,0.0,0.0,0.0,0.0,0.0,0.0,0.0,0.0,0.0,0.0,0.0,0.0,0.0,0.0,0.0,0.0,0.0,0.0,0.0,0.0,0.0,0.0,0.0,0.0,0.0,0.0,0.0,0.0,0.0,0.0,0.0,0.0,0.0,0.0,0.0,0.0,0.0,0.0,0.0,0.0,0.0,0.0,0.0,0.0,0.0,0.0,0.0,0.0,0.0,0.0,0.0,0.0,0.0,0.0,0.0,0.0,0.0,0.0,0.0,0.0,0.0,0.0,0.0,0.0,0.0,0.0,0.0,0.0,0.0,0.0,0.0,0.0,0.0,0.0,0.0,0.0,0.0,0.0,0.0,0.0,0.0,0.0,0.0,0.0,0.0,0.0,0.0,0.0,0.0,0.0,0.0,0.0,0.0,0.0,0.0,0.0,0.0,0.0,0.0,0.0,0.0,0.0,0.0,0.0,0.0,0.0,0.0,0.0,0.0,0.0,0.0,0.0,0.0,0.0,0.0,0.0,0.0,0.0,0.0,0.0,0.0,0.0,0.0,0.0,0.0,0.0,0.0,0.0,0.0,0.0,0.0,0.0,0.0,0.0,0.0,0.0,0.0,0.0,0.0,0.0,0.0,0.0,0.0,0.0,0.0,0.0,0.0,0.0,0.0,0.0,0.0,0.0,0.0,0.0,0.0,0.0,0.0,0.0,0.0,0.0,0.0,0.0,0.0,0.0,0.0,0.0,0.0,0.0,0.0,0.0,0.0,0.0,0.0,0.0,0.0,0.0,0.0,0.0,0.0,0.0,0.0,0.0,0.0,0.0
Reef 012,0.0,0.0,0.0,0.0,0.0,0.0,1.89e-06,0.00222871,1.29e-06,0.000204471,1.35e-06,0.0633687,1.5e-06,3.32e-07,4.15e-06,3.44e-05,8.93e-07,1.29e-05,1.16e-05,1.05e-05,2.5e-06,3.83e-07,8.58e-07,0.0,0.0,2.06e-05,4.09e-06,0.0,0.0,3.8e-06,0.0,0.0,0.0,2.64e-06,9.22e-07,0.000239894,6.25e-06,0.0,4.38e-07,3.64e-06,0.0,3.8e-07,0.0,8.89e-07,0.0,0.0,0.0,0.0,0.000670163,0.0,0.0,0.0,0.0,0.0,0.0,0.0,0.0,2.27e-06,2.78e-06,0.0,0.0,0.0,0.0,0.0,0.0,0.0,0.000362802,0.0,0.0,0.0,4.61e-06,1.25e-06,0.0,0.0,0.0,0.0,0.0,0.0,0.0,0.0,6.57e-07,1.34e-06,0.0,0.0,0.0,0.0,0.0,0.0,0.0,7.28e-07,0.0,0.0,0.0,0.0,0.0,8.19e-06,0.0,0.0,0.0,0.0,0.0,0.0,0.0,0.0,0.0,0.0,8.51e-06,0.00114697,0.0,0.0,0.0,1.06e-06,0.0,9.99e-07,7.48e-07,0.0,0.0,0.0,0.0,0.0,0.0,0.0,0.0,0.0,0.0,0.0,0.0,0.0,0.0,0.0,0.0,0.0,0.0,0.0,0.0,0.0,0.0,0.0,0.0,0.0,0.0,0.0,0.0,0.0,0.0,0.0,0.0,0.0,0.0,0.0,0.0,0.0,0.0,0.0,0.0,0.0,0.0,0.0,0.0,0.0,0.0,0.0,0.0,0.0,0.0,0.0,0.0,0.0,0.0,0.0,0.0,0.0,0.0,0.0,0.0,0.0,0.0,0.0,0.0,0.0,0.0,0.0,0.0,0.0,0.0,0.0,0.0,0.0,0.0,0.0,0.0,0.0,0.0,0.0,0.0,0.0,0.0,0.0,0.0,0.0,0.0,0.0,0.0,0.0,0.0,0.0,0.0,0.0,0.0,0.0,0.0,0.0,0.0,0.0,0.0,0.0,0.0,0.0,0.0,0.0,0.0,0.0,0.0,0.0,0.0,0.0,0.0,0.0,0.0,0.0,0.0,0.0,0.0,0.0,0.0,0.0,0.0,0.0,0.0,0.0,0.0,0.0,0.0,0.0,0.0,0.0,0.0,0.0,0.0,0.0,0.0,0.0,0.0,0.0,0.0,0.0,0.0,0.0,0.0,0.0,0.0,0.0,0.0,0.0,0.0,0.0,0.0,0.0,0.0,0.0,0.0,0.0,0.0,0.0,0.0,0.0,0.0,0.0,0.0,0.0,0.0,0.0,0.0,0.0,0.0,0.0,0.0,0.0,0.0,0.0,0.0,0.0,0.0,0.0,0.0,0.0,0.0,0.0,0.0,0.0,0.0,0.0,0.0,0.0,0.0,0.0,0.0,0.0,0.0,0.0,0.0,0.0,0.0,0.0,0.0,0.0,0.0,0.0,0.0,0.0,0.0,0.0,0.0,0.0,0.0,0.0,0.0,0.0,0.0,0.0,0.0,0.0,0.0,0.0,0.0,0.0,0.0,0.0,0.0,0.0,0.0,0.0,0.0,0.0,0.0,0.0,0.0,0.0,0.0,0.0,0.0,0.0,0.0,0.0,0.0,0.0,0.0,0.0,0.0,0.0,0.0,0.0,0.0,0.0,0.0,0.0,0.0,0.0,0.0,0.0,0.0,0.0,0.0,0.0,0.0,0.0,0.0,0.0,0.0,0.0,0.0,0.0,0.0,0.0,0.0,0.0,0.0,0.0,0.0,0.0,0.0,0.0,0.0,0.0,0.0,0.0,0.0,0.0,0.0,0.0,0.0,0.0,0.0,0.0,0.0,0.0,0.0,0.0,0.0,0.0,0.0,0.0,0.0,0.0,0.0,0.0,0.0,0.0,0.0,0.0,0.0,0.0,0.0
Reef 013,0.0,0.0,0.0,0.0,0.0,0.0,0.0,0.00333904,0.0,0.0,0.0,0.0502424,0.0,0.0,0.00239629,0.00513031,0.0,0.00335822,0.0,0.0,0.0109527,0.0,0.0,0.0,0.0,0.0,0.0,0.0,0.0,0.0,0.0,0.0,0.0,0.0,0.0,0.0125348,0.0,0.0,0.0,0.0,0.0,0.0,0.0,0.0,0.0,0.0,0.0,0.0,0.0,0.0,0.0,0.0,0.0,0.0,0.0,0.0,0.0,0.00728418,0.0,0.0,0.0,0.0,0.0,0.0,0.0,0.0,0.0,0.0,0.0,0.0,0.0,0.0,0.0,0.0,0.0,0.0,0.0,0.0,0.0,0.0,0.0,0.0,0.0,0.0,0.0,0.0,0.0,0.0,0.0,0.0,0.0,0.0,0.0,0.0,0.0,0.0,0.0,0.0,0.0,0.0,0.0,0.0,0.0,0.0,0.0,0.0,0.0,0.00355403,0.0,0.0,0.0,0.0,0.0,0.0,0.0,0.0,0.0,0.0,0.0,0.0,0.0,0.0,0.0,0.0,0.0,0.0,0.0,0.0,0.0,0.0,0.0,0.0,0.0,0.0,0.0,0.0,0.0,0.0,0.0,0.0,0.0,0.0,0.0,0.0,0.0,0.0,0.0,0.0,0.0,0.0,0.0,0.0,0.0,0.0,0.0,0.0,0.0,0.0,0.0,0.0,0.0,0.0,0.0,0.0,0.0,0.0,0.0,0.0,0.0,0.0,0.0,0.0,0.0,0.0,0.0,0.0,0.0,0.0,0.0,0.0,0.0,0.0,0.0,0.0,0.0,0.0,0.0,0.0,0.0,0.0,0.0,0.0,0.0,0.0,0.0,0.0,0.0,0.0,0.0,0.0,0.0,0.0,0.0,0.0,0.0,0.0,0.0,0.0,0.0,0.0,0.0,0.0,0.0,0.0,0.0,0.0,0.0,0.0,0.0,0.0,0.0,0.0,0.0,0.0,0.0,0.0,0.0,0.0,0.0,0.0,0.0,0.0,0.0,0.0,0.0,0.0,0.0,0.0,0.0,0.0,0.0,0.0,0.0,0.0,0.0,0.0,0.0,0.0,0.0,0.0,0.0,0.0,0.0,0.0,0.0,0.0,0.0,0.0,0.0,0.0,0.0,0.0,0.0,0.0,0.0,0.0,0.0,0.0,0.0,0.0,0.0,0.0,0.0,0.0,0.0,0.0,0.0,0.0,0.0,0.0,0.0,0.0,0.0,0.0,0.0,0.0,0.0,0.0,0.0,0.0,0.0,0.0,0.0,0.0,0.0,0.0,0.0,0.0,0.0,0.0,0.0,0.0,0.0,0.0,0.0,0.0,0.0,0.0,0.0,0.0,0.0,0.0,0.0,0.0,0.0,0.0,0.0,0.0,0.0,0.0,0.0,0.0,0.0,0.0,0.0,0.0,0.0,0.0,0.0,0.0,0.0,0.0,0.0,0.0,0.0,0.0,0.0,0.0,0.0,0.0,0.0,0.0,0.0,0.0,0.0,0.0,0.0,0.0,0.0,0.0,0.0,0.0,0.0,0.0,0.0,0.0,0.0,0.0,0.0,0.0,0.0,0.0,0.0,0.0,0.0,0.0,0.0,0.0,0.0,0.0,0.0,0.0,0.0,0.0,0.0,0.0,0.0,0.0,0.0,0.0,0.0,0.0,0.0,0.0,0.0,0.0,0.0,0.0,0.0,0.0,0.0,0.0,0.0,0.0,0.0,0.0,0.0,0.0,0.0,0.0,0.0,0.0,0.0,0.0,0.0,0.0,0.0,0.0,0.0,0.0,0.0,0.0,0.0,0.0,0.0,0.0,0.0,0.0,0.0,0.0,0.0,0.0,0.0
Reef 014,0.0,0.0,0.0,0.0,0.0,0.0,0.0,1.34e-05,0.0,6.43e-07,0.0,1.58e-06,0.0,8.99e-05,3.88e-06,1.88e-06,0.0,0.0,0.0,0.0,0.0,0.0,0.0,5.03e-06,0.0,0.0,0.0,0.0,0.0,0.0,0.0,0.0,0.0,0.0,0.0,0.0,0.0,0.0,0.0,0.0,0.0,0.0,0.0,0.0,0.0,0.0,0.0,0.0,0.0,0.0,0.0,0.0,0.0,0.0,0.0,0.0,0.0,0.0,0.0,0.0,0.0,0.0,0.0,0.0,0.0,0.0,0.0,0.0,0.0,0.0,0.0,0.0,0.0,0.0,0.0,0.0,0.0,0.0,0.0,0.0,0.0,0.0,0.0,0.0,0.0,0.0,0.0,0.0,0.0,0.0,0.0,0.0,0.0,0.0,0.0,0.0,0.0,0.0,0.0,0.0,0.0,0.0,0.0,0.0,0.0,0.0,0.0,0.0,0.0,0.0,0.0,0.0,0.0,0.0,0.0,0.0,0.0,0.0,0.0,0.0,0.0,0.0,0.0,0.0,0.0,0.0,0.0,0.0,0.0,0.0,0.0,0.0,0.0,0.0,0.0,0.0,0.0,0.0,0.0,0.0,0.0,0.0,0.0,0.0,0.0,0.0,0.0,0.0,0.0,0.0,0.0,0.0,0.0,0.0,0.0,0.0,0.0,0.0,0.0,0.0,0.0,0.0,0.0,0.0,0.0,0.0,0.0,0.0,0.0,0.0,0.0,0.0,0.0,0.0,0.0,0.0,0.0,0.0,0.0,0.0,0.0,0.0,0.0,0.0,0.0,0.0,0.0,0.0,0.0,0.0,0.0,0.0,0.0,0.0,0.0,0.0,0.0,0.0,0.0,0.0,0.0,0.0,0.0,0.0,0.0,0.0,0.0,0.0,0.0,0.0,0.0,0.0,0.0,0.0,0.0,0.0,0.0,0.0,0.0,0.0,0.0,0.0,0.0,0.0,0.0,0.0,0.0,0.0,0.0,0.0,0.0,0.0,0.0,0.0,0.0,0.0,0.0,0.0,0.0,0.0,0.0,0.0,0.0,0.0,0.0,0.0,0.0,0.0,0.0,0.0,0.0,0.0,0.0,0.0,0.0,0.0,0.0,0.0,0.0,0.0,0.0,0.0,0.0,0.0,0.0,0.0,0.0,0.0,0.0,0.0,0.0,0.0,0.0,0.0,0.0,0.0,0.0,0.0,0.0,0.0,0.0,0.0,0.0,0.0,0.0,0.0,0.0,0.0,0.0,0.0,0.0,0.0,0.0,0.0,0.0,0.0,0.0,0.0,0.0,0.0,0.0,0.0,0.0,0.0,0.0,0.0,0.0,0.0,0.0,0.0,0.0,0.0,0.0,0.0,0.0,0.0,0.0,0.0,0.0,0.0,0.0,0.0,0.0,0.0,0.0,0.0,0.0,0.0,0.0,0.0,0.0,0.0,0.0,0.0,0.0,0.0,0.0,0.0,0.0,0.0,0.0,0.0,0.0,0.0,0.0,0.0,0.0,0.0,0.0,0.0,0.0,0.0,0.0,0.0,0.0,0.0,0.0,0.0,0.0,0.0,0.0,0.0,0.0,0.0,0.0,0.0,0.0,0.0,0.0,0.0,0.0,0.0,0.0,0.0,0.0,0.0,0.0,0.0,0.0,0.0,0.0,0.0,0.0,0.0,0.0,0.0,0.0,0.0,0.0,0.0,0.0,0.0,0.0,0.0,0.0,0.0,0.0,0.0,0.0,0.0,0.0,0.0,0.0,0.0,0.0,0.0,0.0,0.0,0.0,0.0,0.0,0.0,0.0,0.0,0.0,0.0,0.0,0.0,0.0,0.0,0.0,0.0,0.0
Reef 015,0.0,0.0,0.0,0.0,0.0,0.0,1.1e-06,0.000180646,2.07e-06,2.51e-05,9.58e-06,0.00231579,2.05e-06,7.86e-06,0.164359,9.85e-06,9.82e-07,2.56e-06,0.000432423,1.44e-06,0.000350207,0.000112577,4.9e-06,4.58e-07,7.48e-07,2.24e-06,1.57e-05,5.62e-06,2.1e-06,1.31e-05,2.5e-05,0.0,5.3e-06,2.26e-05,3.47e-06,7.49e-06,1.42e-05,0.0,1.75e-06,1.14e-06,4.65e-06,2.28e-06,0.0,3.03e-06,0.0,0.0,0.0,0.0,2.41e-06,3.14e-06,0.0,1.46e-06,0.0,0.0,0.0,0.0,0.0,7.44e-06,2.31e-05,1.16e-06,1.45e-06,0.0,5.94e-07,0.0,1.2e-06,0.0,5.46e-07,0.0,0.0,0.0,3.65e-05,4.57e-07,0.0,0.0,0.0,1.44e-06,1.35e-06,0.0,0.0,0.0,9.32e-06,0.0,0.0,0.0,0.0,0.0,0.0,0.0,0.0,5.54e-06,2.06e-06,0.0,0.0,0.0,0.0,0.000216985,0.0,4.55e-07,0.0,0.0,0.0,0.0,0.0,0.0,0.0,8.52e-07,2.08e-06,1.88e-05,5.08e-07,7.28e-07,4.56e-07,1.32e-06,1.18e-06,2.34e-06,8.66e-07,0.0,0.0,0.0,0.0,0.0,8.64e-07,0.0,0.0,0.0,0.0,0.0,0.0,0.0,0.0,0.0,0.0,0.0,0.0,0.0,1.64e-06,2.7e-06,0.0,0.0,0.0,0.0,0.0,0.0,0.0,0.0,0.0,0.0,0.0,0.0,0.0,0.0,0.0,0.0,0.0,0.0,0.0,1.92e-06,0.0,0.0,0.0,0.0,0.0,0.0,0.0,0.0,0.0,0.0,0.0,0.0,0.0,0.0,9.46e-07,0.0,0.0,0.0,0.0,0.0,0.0,0.0,0.0,0.0,0.0,0.0,0.0,0.0,0.0,0.0,0.0,0.0,0.0,0.0,0.0,0.0,0.0,0.0,0.0,0.0,0.0,0.0,0.0,0.0,0.0,0.0,0.0,0.0,0.0,0.0,0.0,0.0,0.0,0.0,0.0,0.0,0.0,0.0,0.0,0.0,0.0,0.0,0.0,0.0,0.0,0.0,0.0,0.0,0.0,0.0,0.0,0.0,0.0,0.0,0.0,0.0,0.0,0.0,0.0,0.0,0.0,0.0,0.0,0.0,0.0,0.0,0.0,0.0,0.0,0.0,0.0,0.0,0.0,0.0,0.0,0.0,0.0,0.0,0.0,0.0,0.0,0.0,0.0,0.0,0.0,0.0,0.0,0.0,0.0,0.0,0.0,0.0,0.0,0.0,0.0,0.0,0.0,0.0,0.0,0.0,0.0,0.0,0.0,0.0,0.0,0.0,0.0,0.0,0.0,0.0,0.0,0.0,0.0,0.0,0.0,0.0,0.0,0.0,0.0,0.0,0.0,0.0,0.0,0.0,0.0,0.0,0.0,0.0,0.0,0.0,0.0,0.0,0.0,0.0,0.0,0.0,0.0,0.0,0.0,0.0,0.0,0.0,0.0,0.0,0.0,0.0,0.0,0.0,0.0,0.0,0.0,0.0,0.0,0.0,0.0,0.0,0.0,0.0,0.0,0.0,0.0,0.0,0.0,0.0,0.0,0.0,0.0,0.0,0.0,0.0,0.0,0.0,0.0,0.0,0.0,0.0,0.0,0.0,0.0,0.0,0.0,0.0,0.0,0.0,0.0,0.0,0.0,0.0,0.0,0.0,0.0,0.0,0.0,0.0,0.0,0.0,0.0,0.0,0.0,0.0,0.0,0.0,0.0,0.0,0.0,0.0,0.0,0.0,0.0,0.0,0.0,0.0,0.0,0.0,0.0,0.0,0.0,0.0,0.0,0.0,0.0,0.0,0.0,0.0,0.0,0.0,0.0,0.0,0.0,0.0,0.0,0.0,0.0,0.0,0.0,0.0,0.0,0.0,0.0,0.0,0.0,0.0,0.0,0.0,0.0,0.0,0.0
Reef 016,0.0,0.0,0.0,0.0,0.0,0.0,1.42e-06,0.0005686,1.76e-06,3.1e-05,2.44e-06,0.0049274,3.94e-06,1.32e-06,1.28e-05,0.00743051,8.7e-06,4.43e-06,6.8e-06,7.58e-06,2.14e-06,1.25e-06,1.37e-05,0.0,0.0,8.37e-05,2.04e-06,0.0,3.16e-06,1.7e-06,3.68e-06,0.0,2.26e-06,0.000157688,6.79e-06,0.0043596,5.4e-06,0.0,1.36e-06,7.1e-05,7.87e-06,0.0,0.0,1.44e-06,0.0,0.0,0.0,0.0,0.0142638,7.07e-06,0.0,0.0,0.0,0.0,0.0,0.0,0.0,0.016351,8.09e-06,0.0,0.0,0.0,0.0,0.0,1.42e-06,0.0,0.00710086,0.0,0.0,0.0,9.68e-06,2.42e-05,0.0,0.0,0.0,0.0,0.0,0.0,0.0,0.0,1.66e-06,3.95e-05,0.0,0.0,0.0,0.0,0.0,0.0,0.0,0.0,0.0,0.0,0.0,0.0,0.0,7.27e-06,0.0,0.0,0.0,0.0,0.0,0.0,0.0,0.0,0.0,0.0,9.71e-06,7.5e-05,0.0,0.0,0.0,1.45e-06,0.0,1.31e-06,0.0,0.0,0.0,0.0,0.0,0.0,0.0,0.0,0.0,0.0,0.0,0.0,0.0,0.0,0.0,0.0,0.0,0.0,0.0,0.0,0.0,0.0,0.0,0.0,0.0,0.0,0.0,0.0,0.0,0.0,0.0,0.0,0.0,0.0,0.0,0.0,0.0,0.0,0.0,0.0,0.0,0.0,0.0,0.0,0.0,0.0,0.0,0.0,0.0,0.0,0.0,0.0,0.0,0.0,0.0,0.0,0.0,0.0,0.0,0.0,0.0,0.0,0.0,0.0,0.0,0.0,0.0,0.0,0.0,0.0,0.0,0.0,0.0,0.0,0.0,0.0,0.0,0.0,0.0,0.0,0.0,0.0,0.0,0.0,0.0,0.0,0.0,0.0,0.0,0.0,0.0,0.0,0.0,0.0,0.0,0.0,0.0,0.0,0.0,0.0,0.0,0.0,0.0,0.0,0.0,0.0,0.0,0.0,0.0,0.0,0.0,0.0,0.0,0.0,0.0,0.0,0.0,0.0,0.0,0.0,0.0,0.0,0.0,0.0,0.0,0.0,0.0,0.0,0.0,0.0,0.0,0.0,0.0,0.0,0.0,0.0,0.0,0.0,0.0,0.0,0.0,0.0,0.0,0.0,0.0,0.0,0.0,0.0,0.0,0.0,0.0,0.0,0.0,0.0,0.0,0.0,0.0,0.0,0.0,0.0,0.0,0.0,0.0,0.0,0.0,0.0,0.0,0.0,0.0,0.0,0.0,0.0,0.0,0.0,0.0,0.0,0.0,0.0,0.0,0.0,0.0,0.0,0.0,0.0,0.0,0.0,0.0,0.0,0.0,0.0,0.0,0.0,0.0,0.0,0.0,0.0,0.0,0.0,0.0,0.0,0.0,0.0,0.0,0.0,0.0,0.0,0.0,0.0,0.0,0.0,0.0,0.0,0.0,0.0,0.0,0.0,0.0,0.0,0.0,0.0,0.0,0.0,0.0,0.0,0.0,0.0,0.0,0.0,0.0,0.0,0.0,0.0,0.0,0.0,0.0,0.0,0.0,0.0,0.0,0.0,0.0,0.0,0.0,0.0,0.0,0.0,0.0,0.0,0.0,0.0,0.0,0.0,0.0,0.0,0.0,0.0,0.0,0.0,0.0,0.0,0.0,0.0,0.0,0.0,0.0,0.0,0.0,0.0,0.0,0.0,0.0,0.0,0.0,0.0,0.0,0.0,0.0,0.0,0.0,0.0,0.0,0.0,0.0,0.0,0.0,0.0,0.0,0.0,0.0,0.0,0.0,0.0,0.0,0.0,0.0,0.0,0.0,0.0,0.0,0.0,0.0,0.0,0.0,0.0,0.0,0.0,0.0,0.0,0.0
Reef 017,0.0,0.0,0.0,0.0,0.0,0.0,0.0,0.00256213,0.0,0.000962014,0.0,0.0561996,0.0,0.0,0.00763834,0.000865688,0.0,0.0130414,0.00113002,0.0,0.00112705,0.00274236,0.0,0.0,0.0,0.0,0.00776355,0.0,0.0,0.0056526,0.0,0.0,0.0,0.0,0.0,0.00155186,0.0,0.0,0.0,0.00701184,0.0,0.0,0.0,0.0,0.0,0.0,0.0,0.0,0.00385814,0.0,0.0,0.0,0.0,0.0,0.0,0.0,0.0,0.022338,0.0,0.0,0.0,0.0,0.0,0.0,0.0,0.0,0.0,0.0,0.0,0.0,0.0,0.00754068,0.0,0.0,0.0,0.0,0.0,0.0,0.0,0.0,0.0,0.0,0.0,0.0,0.0,0.0,0.0,0.0,0.0,0.0,0.0,0.0,0.0,0.0,0.0,0.0,0.0,0.0,0.0,0.0,0.0,0.0,0.0,0.0,0.0,0.0,0.0,0.0106092,0.0,0.0,0.0,0.0,0.0,0.0,0.0,0.0,0.0,0.0,0.0,0.0,0.0,0.0,0.0,0.0,0.0,0.0,0.0,0.0,0.0,0.0,0.0,0.0,0.0,0.0,0.0,0.0,0.0,0.0,0.0,0.0,0.0,0.0,0.0,0.0,0.0,0.0,0.0,0.0,0.0,0.0,0.0,0.0,0.0,0.0,0.0,0.0,0.0,0.0,0.0,0.0,0.0,0.0,0.0,0.0,0.0,0.0,0.0,0.0,0.0,0.0,0.0,0.0,0.0,0.0,0.0,0.0,0.0,0.0,0.0,0.0,0.0,0.0,0.0,0.0,0.0,0.0,0.0,0.0,0.0,0.0,0.0,0.0,0.0,0.0,0.0,0.0,0.0,0.0,0.0,0.0,0.0,0.0,0.0,0.0,0.0,0.0,0.0,0.0,0.0,0.0,0.0,0.0,0.0,0.0,0.0,0.0,0.0,0.0,0.0,0.0,0.0,0.0,0.0,0.0,0.0,0.0,0.0,0.0,0.0,0.0,0.0,0.0,0.0,0.0,0.0,0.0,0.0,0.0,0.0,0.0,0.0,0.0,0.0,0.0,0.0,0.0,0.0,0.0,0.0,0.0,0.0,0.0,0.0,0.0,0.0,0.0,0.0,0.0,0.0,0.0,0.0,0.0,0.0,0.0,0.0,0.0,0.0,0.0,0.0,0.0,0.0,0.0,0.0,0.0,0.0,0.0,0.0,0.0,0.0,0.0,0.0,0.0,0.0,0.0,0.0,0.0,0.0,0.0,0.0,0.0,0.0,0.0,0.0,0.0,0.0,0.0,0.0,0.0,0.0,0.0,0.0,0.0,0.0,0.0,0.0,0.0,0.0,0.0,0.0,0.0,0.0,0.0,0.0,0.0,0.0,0.0,0.0,0.0,0.0,0.0,0.0,0.0,0.0,0.0,0.0,0.0,0.0,0.0,0.0,0.0,0.0,0.0,0.0,0.0,0.0,0.0,0.0,0.0,0.0,0.0,0.0,0.0,0.0,0.0,0.0,0.0,0.0,0.0,0.0,0.0,0.0,0.0,0.0,0.0,0.0,0.0,0.0,0.0,0.0,0.0,0.0,0.0,0.0,0.0,0.0,0.0,0.0,0.0,0.0,0.0,0.0,0.0,0.0,0.0,0.0,0.0,0.0,0.0,0.0,0.0,0.0,0.0,0.0,0.0,0.0,0.0,0.0,0.0,0.0,0.0,0.0,0.0,0.0,0.0,0.0,0.0,0.0,0.0,0.0,0.0,0.0,0.0,0.0,0.0,0.0,0.0,0.0,0.0,0.0,0.0,0.0,0.0,0.0,0.0,0.0,0.0,0.0,0.0,0.0,0.0,0.0,0.0,0.0
Reef 018,0.0,0.0,0.0,0.0,0.0,0.0,1.62e-05,0.00189544,2.28e-05,0.00102545,6.64e-05,0.0504787,3.52e-05,1.68e-05,0.0167087,6.32e-06,0.000293581,0.032447,4.18e-05,1.92e-05,0.00136422,1.13e-05,4.68e-06,0.0,0.0,9.83e-06,0.00022528,6.41e-06,1.48e-05,0.000185618,3.7e-05,5.83e-06,2.38e-05,0.000954093,8.35e-06,0.000377239,8.14e-05,0.0,8.41e-06,7.26e-05,9.67e-05,1.58e-05,0.0,1.5e-05,0.0,0.0,0.0,0.0,8.36e-06,9.83e-05,0.0,7.77e-06,0.0,0.0,0.0,0.0,0.0,0.000107511,0.000144587,8.15e-06,1.24e-05,0.0,0.0,0.0,1.83e-05,0.0,8.46e-06,0.0,0.0,0.0,0.000218297,2.89e-05,0.0,0.0,0.0,9.86e-06,4.89e-06,0.0,0.0,0.0,6.85e-05,0.0,0.0,0.0,0.0,0.0,0.0,0.0,0.0,7.82e-05,1.29e-05,0.0,0.0,0.0,0.0,0.0012086,0.0,4.97e-06,0.0,0.0,0.0,0.0,0.0,0.0,0.0,4.41e-06,0.000315148,0.0003385,0.0,0.0,0.0,9.37e-05,7.92e-06,5.26e-05,3.33e-05,0.0,0.0,0.0,0.0,0.0,5.69e-06,0.0,0.0,0.0,0.0,0.0,0.0,0.0,0.0,0.0,0.0,0.0,0.0,0.0,1.09e-05,0.0,0.0,0.0,0.0,0.0,0.0,0.0,0.0,0.0,0.0,0.0,0.0,0.0,0.0,0.0,0.0,0.0,0.0,0.0,0.0,0.0,0.0,0.0,0.0,0.0,0.0,0.0,0.0,0.0,0.0,0.0,0.0,0.0,0.0,0.0,0.0,0.0,0.0,0.0,0.0,0.0,0.0,0.0,0.0,0.0,0.0,0.0,0.0,0.0,0.0,0.0,0.0,0.0,0.0,0.0,0.0,0.0,0.0,0.0,0.0,0.0,0.0,0.0,0.0,0.0,0.0,0.0,0.0,0.0,0.0,0.0,0.0,0.0,0.0,0.0,0.0,0.0,0.0,0.0,0.0,0.0,0.0,0.0,0.0,0.0,0.0,0.0,0.0,0.0,0.0,0.0,0.0,0.0,0.0,0.0,0.0,0.0,0.0,0.0,0.0,0.0,0.0,0.0,0.0,0.0,0.0,0.0,0.0,0.0,0.0,0.0,0.0,0.0,0.0,0.0,0.0,0.0,0.0,0.0,0.0,0.0,0.0,0.0,0.0,0.0,0.0,0.0,0.0,0.0,0.0,0.0,0.0,0.0,0.0,0.0,0.0,0.0,0.0,0.0,0.0,0.0,0.0,0.0,0.0,0.0,0.0,0.0,0.0,0.0,0.0,0.0,0.0,0.0,0.0,0.0,0.0,0.0,0.0,0.0,0.0,0.0,0.0,0.0,0.0,0.0,0.0,0.0,0.0,0.0,0.0,0.0,0.0,0.0,0.0,0.0,0.0,0.0,0.0,0.0,0.0,0.0,0.0,0.0,0.0,0.0,0.0,0.0,0.0,0.0,0.0,0.0,0.0,0.0,0.0,0.0,0.0,0.0,0.0,0.0,0.0,0.0,0.0,0.0,0.0,0.0,0.0,0.0,0.0,0.0,0.0,0.0,0.0,0.0,0.0,0.0,0.0,0.0,0.0,0.0,0.0,0.0,0.0,0.0,0.0,0.0,0.0,0.0,0.0,0.0,0.0,0.0,0.0,0.0,0.0,0.0,0.0,0.0,0.0,0.0,0.0,0.0,0.0,0.0,0.0,0.0,0.0,0.0,0.0,0.0,0.0,0.0,0.0,0.0,0.0,0.0,0.0,0.0,0.0,0.0,0.0,0.0,0.0,0.0,0.0,0.0,0.0,0.0,0.0,0.0,0.0,0.0,0.0,0.0,0.0,0.0,0.0,0.0,0.0,0.0,0.0,0.0,0.0,0.0,0.0,0.0,0.0,0.0,0.0
Reef 019,0.0,0.0,0.0,0.0,0.0,0.0,1.02e-05,2.12e-05,5.3e-06,4.92e-05,1.24e-05,0.00012054,0.0,8.65e-06,0.0635795,0.000307229,6.21e-06,5.43e-06,0.00506694,5.28e-06,0.000385766,0.000340537,9.54e-06,0.0,0.0,8.12e-06,5.33e-05,3.24e-05,0.0,4.77e-05,0.0,0.0,0.0,0.00013591,0.0,5.96e-06,9.93e-05,0.0,0.0,0.000149983,1.99e-05,0.0,0.0,0.0,0.0,0.0,0.0,0.0,1.46e-05,5.55e-06,0.0,0.0,0.0,0.0,0.0,0.0,0.0,2.52e-05,7.01e-06,0.0,9.75e-06,0.0,0.0,0.0,8.06e-06,0.0,0.0,0.0,0.0,0.0,3.54e-05,0.000246484,0.0,0.0,0.0,6.22e-06,1.06e-05,0.0,0.0,0.0,1.74e-05,0.0,0.0,0.0,0.0,0.0,0.0,0.0,0.0,3.68e-05,7.27e-06,0.0,0.0,0.0,0.0,0.00167846,0.0,0.0,0.0,0.0,0.0,0.0,0.0,0.0,0.0,0.0,1.44e-05,0.000132144,0.0,0.0,0.0,9.13e-06,4.91e-06,1.62e-05,6.01e-06,0.0,0.0,0.0,0.0,0.0,0.0,0.0,0.0,0.0,0.0,0.0,0.0,0.0,0.0,0.0,0.0,0.0,0.0,0.0,1.46e-05,2.24e-05,0.0,0.0,0.0,0.0,0.0,0.0,0.0,0.0,0.0,0.0,0.0,0.0,0.0,0.0,0.0,0.0,0.0,0.0,0.0,1.7e-05,0.0,0.0,0.0,0.0,0.0,0.0,0.0,0.0,0.0,0.0,0.0,0.0,0.0,0.0,9e-06,0.0,0.0,0.0,0.0,0.0,0.0,0.0,0.0,0.0,0.0,0.0,0.0,0.0,0.0,0.0,0.0,0.0,0.0,0.0,0.0,0.0,0.0,0.0,0.0,0.0,0.0,0.0,0.0,0.0,0.0,0.0,0.0,0.0,0.0,0.0,0.0,0.0,0.0,0.0,0.0,0.0,0.0,0.0,0.0,0.0,0.0,0.0,0.0,0.0,0.0,0.0,0.0,0.0,0.0,0.0,0.0,0.0,0.0,0.0,0.0,0.0,0.0,0.0,0.0,0.0,0.0,0.0,0.0,0.0,0.0,0.0,0.0,0.0,0.0,0.0,0.0,0.0,0.0,0.0,0.0,0.0,0.0,0.0,0.0,0.0,0.0,0.0,0.0,0.0,0.0,0.0,0.0,0.0,0.0,0.0,0.0,0.0,0.0,0.0,0.0,0.0,0.0,0.0,0.0,0.0,0.0,0.0,0.0,0.0,0.0,0.0,0.0,0.0,0.0,0.0,0.0,0.0,0.0,0.0,0.0,0.0,0.0,0.0,0.0,0.0,0.0,0.0,0.0,0.0,0.0,0.0,0.0,0.0,0.0,0.0,0.0,0.0,0.0,0.0,0.0,0.0,0.0,0.0,0.0,0.0,0.0,0.0,0.0,0.0,0.0,0.0,0.0,0.0,0.0,0.0,0.0,0.0,0.0,0.0,0.0,0.0,0.0,0.0,0.0,0.0,0.0,0.0,0.0,0.0,0.0,0.0,0.0,0.0,0.0,0.0,0.0,0.0,0.0,0.0,0.0,0.0,0.0,0.0,0.0,0.0,0.0,0.0,0.0,0.0,0.0,0.0,0.0,0.0,0.0,0.0,0.0,0.0,0.0,0.0,0.0,0.0,0.0,0.0,0.0,0.0,0.0,0.0,0.0,0.0,0.0,0.0,0.0,0.0,0.0,0.0,0.0,0.0,0.0,0.0,0.0,0.0,0.0,0.0,0.0,0.0,0.0,0.0,0.0,0.0,0.0,0.0,0.0,0.0,0.0,0.0,0.0,0.0,0.0,0.0,0.0,0.0,0.0,0.0,0.0,0.0,0.0,0.0,0.0,0.0,0.0,0.0,0.0
Reef 020,0.0,0.0,0.0,0.0,0.0,0.0,0.0,0.00119317,0.0,0.0,0.0,0.000716687,0.0,0.000664814,0.0479391,0.0,0.0,0.00226876,0.0216891,0.0,0.00243053,0.000532866,0.0,0.0,0.0,0.00115968,0.00332656,0.0,0.0,0.000690397,0.0,0.0,0.0,0.0,0.0,0.00393134,0.0,0.0,0.0,0.0,0.0,0.0,0.0,0.0,0.0,0.0,0.0,0.0,0.0,0.0,0.0,0.0,0.0,0.0,0.0,0.0,0.0,0.0108055,0.0,0.0,0.0,0.0,0.0,0.0,0.0,0.0,0.0,0.0,0.0,0.0,0.0,0.0,0.0,0.0,0.0,0.0,0.0,0.0,0.0,0.0,0.0,0.0,0.0,0.0,0.0,0.0,0.0,0.0,0.0,0.0,0.0,0.0,0.0,0.0,0.0,0.00350533,0.0,0.0,0.0,0.0,0.0,0.0,0.0,0.0,0.0,0.0,0.0,0.00327047,0.0,0.0,0.0,0.0,0.0,0.0,0.0,0.0,0.0,0.0,0.0,0.0,0.0,0.0,0.0,0.0,0.0,0.0,0.0,0.0,0.0,0.0,0.0,0.0,0.0,0.0,0.0,0.0,0.0,0.0,0.0,0.0,0.0,0.0,0.0,0.0,0.0,0.0,0.0,0.0,0.0,0.0,0.0,0.0,0.0,0.0,0.0,0.0,0.0,0.0,0.0,0.0,0.0,0.0,0.0,0.0,0.0,0.0,0.0,0.0,0.0,0.0,0.0,0.0,0.0,0.0,0.0,0.0,0.0,0.0,0.0,0.0,0.0,0.0,0.0,0.0,0.0,0.0,0.0,0.0,0.0,0.0,0.0,0.0,0.0,0.0,0.0,0.0,0.0,0.0,0.0,0.0,0.0,0.0,0.0,0.0,0.0,0.0,0.0,0.0,0.0,0.0,0.0,0.0,0.0,0.0,0.0,0.0,0.0,0.0,0.0,0.0,0.0,0.0,0.0,0.0,0.0,0.0,0.0,0.0,0.0,0.0,0.0,0.0,0.0,0.0,0.0,0.0,0.0,0.0,0.0,0.0,0.0,0.0,0.0,0.0,0.0,0.0,0.0,0.0,0.0,0.0,0.0,0.0,0.0,0.0,0.0,0.0,0.0,0.0,0.0,0.0,0.0,0.0,0.0,0.0,0.0,0.0,0.0,0.0,0.0,0.0,0.0,0.0,0.0,0.0,0.0,0.0,0.0,0.0,0.0,0.0,0.0,0.0,0.0,0.0,0.0,0.0,0.0,0.0,0.0,0.0,0.0,0.0,0.0,0.0,0.0,0.0,0.0,0.0,0.0,0.0,0.0,0.0,0.0,0.0,0.0,0.0,0.0,0.0,0.0,0.0,0.0,0.0,0.0,0.0,0.0,0.0,0.0,0.0,0.0,0.0,0.0,0.0,0.0,0.0,0.0,0.0,0.0,0.0,0.0,0.0,0.0,0.0,0.0,0.0,0.0,0.0,0.0,0.0,0.0,0.0,0.0,0.0,0.0,0.0,0.0,0.0,0.0,0.0,0.0,0.0,0.0,0.0,0.0,0.0,0.0,0.0,0.0,0.0,0.0,0.0,0.0,0.0,0.0,0.0,0.0,0.0,0.0,0.0,0.0,0.0,0.0,0.0,0.0,0.0,0.0,0.0,0.0,0.0,0.0,0.0,0.0,0.0,0.0,0.0,0.0,0.0,0.0,0.0,0.0,0.0,0.0,0.0,0.0,0.0,0.0,0.0,0.0,0.0,0.0,0.0,0.0,0.0,0.0,0.0,0.0,0.0,0.0,0.0,0.0,0.0,0.0,0.0,0.0,0.0,0.0,0.0,0.0,0.0,0.0,0.0,0.0,0.0,0.0
Reef 021,0.0,0.0,0.0,0.0,0.0,0.0,2.11e-06,0.000493001,2.63e-06,0.000225401,7.9e-06,0.0144675,1.8e-06,3.77e-06,0.00405119,0.00974745,3.67e-05,0.00108421,2.71e-05,1.69e-06,0.177249,9.1e-05,9.39e-07,5.46e-07,8.95e-07,8.24e-07,0.000107342,1.09e-06,3.69e-06,7.99e-06,7.17e-06,1.98e-06,5.21e-06,1.43e-06,2.83e-05,0.0008012,1.7e-06,0.0,4.7e-06,5.2e-05,2.88e-05,9.71e-07,0.0,5.25e-06,0.0,0.0,0.0,0.0,3.75e-06,2.04e-06,0.0,4.1e-06,0.0,0.0,0.0,0.0,0.0,1.43e-05,7.11e-05,3.77e-06,5.85e-07,0.0,1.95e-06,0.0,6.27e-06,0.0,0.00405931,0.0,0.0,6.27e-07,0.000115054,8.17e-06,0.0,0.0,0.0,5.1e-06,2.41e-06,0.0,0.0,0.0,4.64e-05,3.48e-05,7.62e-07,0.0,0.0,0.0,0.0,0.0,0.0,1.12e-06,6.62e-06,6.15e-07,0.0,6.29e-07,8.46e-07,7.88e-06,0.0,6.58e-06,0.0,8.81e-07,0.0,0.0,0.0,0.0,0.0,2.03e-06,3.38e-06,0.00818081,1.71e-06,1.41e-06,1.05e-06,6.05e-05,4.15e-06,5.94e-07,1.56e-05,0.0,0.0,0.0,0.0,5.67e-07,3.29e-06,9.53e-07,7.15e-07,6.54e-07,0.0,0.0,0.0,0.0,0.0,0.0,0.0,0.0,0.0,0.0,3.89e-06,0.0,0.0,0.0,0.0,0.0,0.0,0.0,0.0,0.0,0.0,0.0,0.0,0.0,0.0,0.0,0.0,0.0,0.0,0.0,0.0,0.0,0.0,0.0,0.0,0.0,0.0,0.0,0.0,0.0,0.0,0.0,0.0,0.0,0.0,0.0,0.0,0.0,0.0,0.0,0.0,0.0,0.0,0.0,0.0,0.0,0.0,0.0,0.0,0.0,0.0,0.0,0.0,0.0,0.0,0.0,0.0,0.0,0.0,0.0,0.0,0.0,0.0,0.0,0.0,0.0,0.0,0.0,0.0,0.0,0.0,0.0,0.0,0.0,0.0,0.0,0.0,0.0,0.0,0.0,0.0,0.0,0.0,0.0,0.0,0.0,0.0,0.0,0.0,0.0,0.0,0.0,0.0,0.0,0.0,0.0,0.0,0.0,0.0,0.0,0.0,0.0,0.0,0.0,0.0,0.0,0.0,0.0,0.0,0.0,0.0,0.0,0.0,0.0,0.0,0.0,0.0,0.0,0.0,0.0,0.0,0.0,0.0,0.0,0.0,0.0,0.0,0.0,0.0,0.0,0.0,0.0,0.0,0.0,0.0,0.0,0.0,0.0,0.0,0.0,0.0,0.0,0.0,0.0,0.0,0.0,0.0,0.0,0.0,0.0,0.0,0.0,0.0,0.0,0.0,0.0,0.0,0.0,0.0,0.0,0.0,0.0,0.0,0.0,0.0,0.0,0.0,0.0,0.0,0.0,0.0,0.0,0.0,0.0,0.0,0.0,0.0,0.0,0.0,0.0,0.0,0.0,0.0,0.0,0.0,0.0,0.0,0.0,0.0,0.0,0.0,0.0,0.0,0.0,0.0,0.0,0.0,0.0,0.0,0.0,0.0,0.0,0.0,0.0,0.0,0.0,0.0,0.0,0.0,0.0,0.0,0.0,0.0,0.0,0.0,0.0,0.0,0.0,0.0,0.0,0.0,0.0,0.0,0.0,0.0,0.0,0.0,0.0,0.0,0.0,0.0,0.0,0.0,0.0,0.0,0.0,0.0,0.0,0.0,0.0,0.0,0.0,0.0,0.0,0.0,0.0,0.0,0.0,0.0,0.0,0.0,0.0,0.0,0.0,0.0,0.0,0.0,0.0,0.0,0.0,0.0,0.0,0.0,0.0,0.0,0.0,0.0,0.0,0.0,0.0,0.0,0.0,0.0,0.0,0.0,0.0,0.0,0.0,0.0,0.0,0.0,0.0,0.0,0.0,0.0,0.0,0.0,0.0,0.0
Reef 022,0.0,0.0,0.0,0.0,0.0,0.0,0.0,0.000194457,0.0,6.81e-05,1.32e-05,0.00392751,1.3e-05,4.05e-05,0.0790288,8.49e-05,1.53e-05,0.00882458,0.00233778,2.01e-05,0.00143236,0.0192483,4.45e-05,0.0,1.19e-05,4.92e-05,9.39e-05,1.61e-05,2.17e-05,0.000531421,0.000171086,5.27e-05,6.77e-05,0.000128664,1.53e-05,0.000611862,8.76e-06,0.0,0.0,0.000105245,0.000115316,9.69e-06,0.0,2.58e-05,0.0,0.0,0.0,0.0,3.16e-05,9.23e-06,0.0,1.17e-05,0.0,0.0,0.0,0.0,0.0,0.000339339,0.000141449,0.0,4.44e-05,0.0,0.0,0.0,3.64e-05,0.0,3.45e-05,0.0,0.0,0.0,0.000444328,6.57e-05,0.0,0.0,0.0,3.12e-05,1.42e-05,0.0,0.0,0.0,0.000232738,0.0,0.0,0.0,0.0,0.0,0.0,0.0,0.0,0.000233638,3.93e-05,0.0,0.0,0.0,0.0,8.76e-05,0.0,3.23e-05,0.0,0.0,0.0,0.0,0.0,0.0,0.0,9.81e-06,0.000753399,5.72e-05,1.04e-05,0.0,0.0,0.000364234,2.53e-05,0.000121412,7.21e-05,0.0,0.0,0.0,0.0,0.0,1.91e-05,0.0,0.0,0.0,0.0,0.0,0.0,0.0,0.0,0.0,0.0,0.0,0.0,0.0,4.62e-05,0.0,0.0,0.0,0.0,0.0,0.0,0.0,0.0,0.0,0.0,0.0,0.0,0.0,0.0,0.0,0.0,0.0,0.0,0.0,0.0,0.0,0.0,0.0,0.0,0.0,0.0,0.0,0.0,0.0,0.0,0.0,0.0,0.0,0.0,0.0,0.0,0.0,0.0,0.0,0.0,0.0,0.0,0.0,0.0,0.0,0.0,0.0,0.0,0.0,0.0,0.0,0.0,0.0,0.0,0.0,0.0,0.0,0.0,0.0,0.0,0.0,0.0,0.0,0.0,0.0,0.0,0.0,0.0,0.0,0.0,0.0,0.0,0.0,0.0,0.0,0.0,0.0,0.0,0.0,0.0,0.0,0.0,0.0,0.0,0.0,0.0,0.0,0.0,0.0,0.0,0.0,0.0,0.0,0.0,0.0,0.0,0.0,0.0,0.0,0.0,0.0,0.0,0.0,0.0,0.0,0.0,0.0,0.0,0.0,0.0,0.0,0.0,0.0,0.0,0.0,0.0,0.0,0.0,0.0,0.0,0.0,0.0,0.0,0.0,0.0,0.0,0.0,0.0,0.0,0.0,0.0,0.0,0.0,0.0,0.0,0.0,0.0,0.0,0.0,0.0,0.0,0.0,0.0,0.0,0.0,0.0,0.0,0.0,0.0,0.0,0.0,0.0,0.0,0.0,0.0,0.0,0.0,0.0,0.0,0.0,0.0,0.0,0.0,0.0,0.0,0.0,0.0,0.0,0.0,0.0,0.0,0.0,0.0,0.0,0.0,0.0,0.0,0.0,0.0,0.0,0.0,0.0,0.0,0.0,0.0,0.0,0.0,0.0,0.0,0.0,0.0,0.0,0.0,0.0,0.0,0.0,0.0,0.0,0.0,0.0,0.0,0.0,0.0,0.0,0.0,0.0,0.0,0.0,0.0,0.0,0.0,0.0,0.0,0.0,0.0,0.0,0.0,0.0,0.0,0.0,0.0,0.0,0.0,0.0,0.0,0.0,0.0,0.0,0.0,0.0,0.0,0.0,0.0,0.0,0.0,0.0,0.0,0.0,0.0,0.0,0.0,0.0,0.0,0.0,0.0,0.0,0.0,0.0,0.0,0.0,0.0,0.0,0.0,0.0,0.0,0.0,0.0,0.0,0.0,0.0,0.0,0.0,0.0,0.0,0.0,0.0,0.0,0.0,0.0,0.0,0.0,0.0,0.0,0.0,0.0,0.0,0.0,0.0,0.0,0.0,0.0,0.0,0.0,0.0,0.0,0.0,0.0,0.0
Reef 023,0.0,0.0,0.0,0.0,0.0,0.0,0.0,0.000678655,0.0,0.0,0.0,0.00113414,0.0,0.000529311,0.10794,0.0,0.0,0.00211283,0.00173596,0.0,0.00529616,0.00221025,0.0,0.0,0.0,0.000682969,0.00128957,0.0,0.0,0.00364432,0.0,0.0,0.0,0.00125754,0.0,0.00124652,0.000487598,0.0,0.0,0.00364891,0.0,0.0,0.0,0.0,0.0,0.0,0.0,0.0,0.00124773,0.000613842,0.0,0.0,0.0,0.0,0.0,0.0,0.0,0.00122787,0.0,0.0,0.0,0.0,0.0,0.0,0.0,0.0,0.0,0.0,0.0,0.0,0.000535359,0.00513878,0.0,0.0,0.0,0.0,0.0,0.0,0.0,0.0,0.0,0.0,0.0,0.0,0.0,0.0,0.0,0.0,0.0,0.0,0.0,0.0,0.0,0.0,0.0,0.00471594,0.0,0.0,0.0,0.0,0.0,0.0,0.0,0.0,0.0,0.0,0.000924173,0.013775,0.0,0.0,0.0,0.00044596,0.0,0.0,0.0,0.0,0.0,0.0,0.0,0.0,0.0,0.0,0.0,0.0,0.0,0.0,0.0,0.0,0.0,0.0,0.0,0.0,0.0,0.0,0.0,0.0,0.0,0.0,0.0,0.0,0.0,0.0,0.0,0.0,0.0,0.0,0.0,0.0,0.0,0.0,0.0,0.0,0.0,0.0,0.0,0.0,0.0,0.0,0.0,0.0,0.0,0.0,0.0,0.0,0.0,0.0,0.0,0.0,0.0,0.0,0.0,0.0,0.0,0.0,0.0,0.0,0.0,0.0,0.0,0.0,0.0,0.0,0.0,0.0,0.0,0.0,0.0,0.0,0.0,0.0,0.0,0.0,0.0,0.0,0.0,0.0,0.0,0.0,0.0,0.0,0.0,0.0,0.0,0.0,0.0,0.0,0.0,0.0,0.0,0.0,0.0,0.0,0.0,0.0,0.0,0.0,0.0,0.0,0.0,0.0,0.0,0.0,0.0,0.0,0.0,0.0,0.0,0.0,0.0,0.0,0.0,0.0,0.0,0.0,0.0,0.0,0.0,0.0,0.0,0.0,0.0,0.0,0.0,0.0,0.0,0.0,0.0,0.0,0.0,0.0,0.0,0.0,0.0,0.0,0.0,0.0,0.0,0.0,0.0,0.0,0.0,0.0,0.0,0.0,0.0,0.0,0.0,0.0,0.0,0.0,0.0,0.0,0.0,0.0,0.0,0.0,0.0,0.0,0.0,0.0,0.0,0.0,0.0,0.0,0.0,0.0,0.0,0.0,0.0,0.0,0.0,0.0,0.0,0.0,0.0,0.0,0.0,0.0,0.0,0.0,0.0,0.0,0.0,0.0,0.0,0.0,0.0,0.0,0.0,0.0,0.0,0.0,0.0,0.0,0.0,0.0,0.0,0.0,0.0,0.0,0.0,0.0,0.0,0.0,0.0,0.0,0.0,0.0,0.0,0.0,0.0,0.0,0.0,0.0,0.0,0.0,0.0,0.0,0.0,0.0,0.0,0.0,0.0,0.0,0.0,0.0,0.0,0.0,0.0,0.0,0.0,0.0,0.0,0.0,0.0,0.0,0.0,0.0,0.0,0.0,0.0,0.0,0.0,0.0,0.0,0.0,0.0,0.0,0.0,0.0,0.0,0.0,0.0,0.0,0.0,0.0,0.0,0.0,0.0,0.0,0.0,0.0,0.0,0.0,0.0,0.0,0.0,0.0,0.0,0.0,0.0,0.0,0.0,0.0,0.0,0.0,0.0,0.0,0.0,0.0,0.0,0.0,0.0,0.0,0.0,0.0,0.0,0.0,0.0,0.0,0.0,0.0,0.0,0.0,0.0,0.0,0.0,0.0,0.0,0.0,0.0,0.0,0.0
Reef 024,0.0,0.0,0.0,0.0,0.0,0.0,0.0,4.83e-05,0.0,2.21e-06,5.62e-07,2.34e-06,0.0,0.0116294,1.28e-05,2.68e-06,0.0,2.42e-06,6.65e-07,0.0,6.69e-07,7.44e-07,0.0,0.00181656,0.0,0.0,9.49e-07,0.0,0.0,1.07e-06,0.0,0.0,0.0,0.0,0.0,0.0,0.0,7.88e-06,0.0,0.0,0.0,0.0,6.92e-06,0.0,0.000154622,1.87e-05,6.57e-06,2.92e-06,0.0,0.0,0.0,0.0,4.51e-05,1.8e-05,3.38e-05,0.0,0.0,9.88e-07,0.0,0.0,0.0,0.0,0.0,0.0,0.0,0.0,0.0,0.0,0.0,0.0,0.0,0.0,0.0,0.0,0.0,0.0,0.0,0.0,0.0,0.0,0.0,0.0,0.0,0.0,0.0,0.0,0.0,0.0,0.0,0.0,0.0,0.0,0.0,0.0,0.0,6.23e-07,0.0,0.0,0.0,0.0,0.0,0.0,0.0,0.0,0.0,0.0,0.0,0.0,0.0,0.0,0.0,0.0,0.0,0.0,0.0,0.0,0.0,0.0,0.0,0.0,0.0,0.0,0.0,0.0,0.0,0.0,0.0,0.0,0.0,0.0,0.0,0.0,0.0,0.0,0.0,0.0,0.0,0.0,0.0,0.0,0.0,0.0,0.0,0.0,0.0,0.0,0.0,0.0,0.0,0.0,0.0,0.0,0.0,0.0,0.0,0.0,0.0,0.0,0.0,0.0,0.0,0.0,0.0,0.0,0.0,0.0,0.0,0.0,0.0,0.0,0.0,0.0,0.0,0.0,0.0,0.0,0.0,0.0,0.0,0.0,0.0,0.0,0.0,0.0,0.0,0.0,0.0,0.0,0.0,0.0,0.0,0.0,0.0,0.0,0.0,0.0,0.0,0.0,0.0,0.0,0.0,0.0,0.0,0.0,0.0,0.0,0.0,0.0,0.0,0.0,0.0,0.0,0.0,0.0,0.0,0.0,0.0,0.0,0.0,0.0,0.0,0.0,0.0,0.0,0.0,0.0,0.0,0.0,0.0,0.0,0.0,0.0,0.0,0.0,0.0,0.0,0.0,0.0,0.0,0.0,0.0,0.0,0.0,0.0,0.0,0.0,0.0,0.0,0.0,0.0,0.0,0.0,0.0,0.0,0.0,0.0,0.0,0.0,0.0,0.0,0.0,0.0,0.0,0.0,0.0,0.0,0.0,0.0,0.0,0.0,0.0,0.0,0.0,0.0,0.0,0.0,0.0,0.0,0.0,0.0,0.0,0.0,0.0,0.0,0.0,0.0,0.0,0.0,0.0,0.0,0.0,0.0,0.0,0.0,0.0,0.0,0.0,0.0,0.0,0.0,0.0,0.0,0.0,0.0,0.0,0.0,0.0,0.0,0.0,0.0,0.0,0.0,0.0,0.0,0.0,0.0,0.0,0.0,0.0,0.0,0.0,0.0,0.0,0.0,0.0,0.0,0.0,0.0,0.0,0.0,0.0,0.0,0.0,0.0,0.0,0.0,0.0,0.0,0.0,0.0,0.0,0.0,0.0,0.0,0.0,0.0,0.0,0.0,0.0,0.0,0.0,0.0,0.0,0.0,0.0,0.0,0.0,0.0,0.0,0.0,0.0,0.0,0.0,0.0,0.0,0.0,0.0,0.0,0.0,0.0,0.0,0.0,0.0,0.0,0.0,0.0,0.0,0.0,0.0,0.0,0.0,0.0,0.0,0.0,0.0,0.0,0.0,0.0,0.0,0.0,0.0,0.0,0.0,0.0,0.0,0.0,0.0,0.0,0.0,0.0,0.0,0.0,0.0,0.0,0.0,0.0,0.0,0.0,0.0,0.0,0.0,0.0,0.0,0.0,0.0,0.0,0.0,0.0,0.0,0.0,0.0,0.0,0.0
Reef 025,0.0,0.0,0.0,0.0,0.0,0.0,0.0,0.0,0.0,0.0,0.0,0.0,0.0,0.0,0.0908205,0.0,0.0,0.0164364,0.0103459,0.0,0.0151617,0.0118561,0.0,0.0,0.0,0.0,0.0300895,0.0,0.0,0.00772296,0.0,0.0,0.0,0.0,0.0,0.0111626,0.0,0.0,0.0,0.0,0.0,0.0,0.0,0.0,0.0,0.0,0.0,0.0,0.0,0.0,0.0,0.0,0.0,0.0,0.0,0.0,0.0,0.0213204,0.0,0.0,0.0,0.0,0.0,0.0,0.0,0.0,0.0,0.0,0.0,0.0,0.0,0.0,0.0,0.0,0.0,0.0,0.0,0.0,0.0,0.0,0.0,0.0,0.0,0.0,0.0,0.0,0.0,0.0,0.0,0.0,0.0,0.0,0.0,0.0,0.0,0.0,0.0,0.0,0.0,0.0,0.0,0.0,0.0,0.0,0.0,0.0,0.0,0.0120943,0.0,0.0,0.0,0.0,0.0,0.0,0.0,0.0,0.0,0.0,0.0,0.0,0.0,0.0,0.0,0.0,0.0,0.0,0.0,0.0,0.0,0.0,0.0,0.0,0.0,0.0,0.0,0.0,0.0,0.0,0.0,0.0,0.0,0.0,0.0,0.0,0.0,0.0,0.0,0.0,0.0,0.0,0.0,0.0,0.0,0.0,0.0,0.0,0.0,0.0,0.0,0.0,0.0,0.0,0.0,0.0,0.0,0.0,0.0,0.0,0.0,0.0,0.0,0.0,0.0,0.0,0.0,0.0,0.0,0.0,0.0,0.0,0.0,0.0,0.0,0.0,0.0,0.0,0.0,0.0,0.0,0.0,0.0,0.0,0.0,0.0,0.0,0.0,0.0,0.0,0.0,0.0,0.0,0.0,0.0,0.0,0.0,0.0,0.0,0.0,0.0,0.0,0.0,0.0,0.0,0.0,0.0,0.0,0.0,0.0,0.0,0.0,0.0,0.0,0.0,0.0,0.0,0.0,0.0,0.0,0.0,0.0,0.0,0.0,0.0,0.0,0.0,0.0,0.0,0.0,0.0,0.0,0.0,0.0,0.0,0.0,0.0,0.0,0.0,0.0,0.0,0.0,0.0,0.0,0.0,0.0,0.0,0.0,0.0,0.0,0.0,0.0,0.0,0.0,0.0,0.0,0.0,0.0,0.0,0.0,0.0,0.0,0.0,0.0,0.0,0.0,0.0,0.0,0.0,0.0,0.0,0.0,0.0,0.0,0.0,0.0,0.0,0.0,0.0,0.0,0.0,0.0,0.0,0.0,0.0,0.0,0.0,0.0,0.0,0.0,0.0,0.0,0.0,0.0,0.0,0.0,0.0,0.0,0.0,0.0,0.0,0.0,0.0,0.0,0.0,0.0,0.0,0.0,0.0,0.0,0.0,0.0,0.0,0.0,0.0,0.0,0.0,0.0,0.0,0.0,0.0,0.0,0.0,0.0,0.0,0.0,0.0,0.0,0.0,0.0,0.0,0.0,0.0,0.0,0.0,0.0,0.0,0.0,0.0,0.0,0.0,0.0,0.0,0.0,0.0,0.0,0.0,0.0,0.0,0.0,0.0,0.0,0.0,0.0,0.0,0.0,0.0,0.0,0.0,0.0,0.0,0.0,0.0,0.0,0.0,0.0,0.0,0.0,0.0,0.0,0.0,0.0,0.0,0.0,0.0,0.0,0.0,0.0,0.0,0.0,0.0,0.0,0.0,0.0,0.0,0.0,0.0,0.0,0.0,0.0,0.0,0.0,0.0,0.0,0.0,0.0,0.0,0.0,0.0,0.0,0.0,0.0,0.0,0.0,0.0,0.0,0.0,0.0,0.0,0.0,0.0,0.0,0.0,0.0,0.0
Reef 026,0.0,0.0,0.0,0.0,0.0,0.0,0.0,4.36e-05,0.0,0.000161244,6.73e-05,0.00284544,0.0,5.86e-05,0.0222767,0.000836972,0.0,0.00174197,0.0127605,0.000132435,0.000828115,0.000533361,0.0,7.12e-05,0.0,0.000690929,9.82e-05,4.67e-05,0.0,0.00478386,5.17e-05,0.0,0.0,7.03e-05,0.0,0.000998013,0.000111963,5.97e-05,0.0,0.000100712,9.42e-05,0.0,0.0,0.0,0.0,0.0,0.0,0.0,0.0,0.000505517,0.0,0.0,0.0,0.0,0.0,0.0,0.0,4.48e-05,0.0,0.0,6.97e-05,0.0,0.0,0.0,0.000124696,0.0,0.0,0.0,0.0,0.0,0.0,0.000158949,0.0,0.0,0.0,0.0,6.88e-05,0.0,0.0,0.0,0.0,0.0,0.0,0.0,0.0,0.0,0.0,0.0,0.0,7.57e-05,6.17e-05,0.0,0.0,0.0,0.0,0.00226032,0.0,0.0,0.0,0.0,0.0,0.0,0.0,0.0,0.0,0.0,5.75e-05,0.000590771,0.0,0.0,0.0,3.73e-05,0.0,6.69e-05,0.0,0.0,0.0,0.0,0.0,0.0,0.0,0.0,0.0,0.0,0.0,0.0,0.0,0.0,0.0,0.0,0.0,0.0,0.0,0.0,0.00023476,0.000250943,0.0,0.0,0.0,0.0,0.0,0.0,0.0,0.0,0.0,0.0,0.0,0.0,0.0,0.0,0.0,0.0,0.0,0.0,0.0,0.000238924,0.0,0.0,0.0,0.0,0.0,0.0,0.0,0.0,0.0,0.0,0.0,0.0,0.0,0.0,0.000162766,0.0,0.0,0.0,0.0,0.0,0.0,0.0,0.0,0.0,0.0,0.0,0.0,0.0,0.0,0.0,0.0,0.0,0.0,0.0,0.0,0.0,0.0,0.0,0.0,0.0,0.0,0.0,0.0,0.0,0.0,0.0,0.0,0.0,0.0,0.0,0.0,0.0,0.0,0.0,0.0,0.0,0.0,0.0,0.0,0.0,0.0,0.0,0.0,0.0,0.0,0.0,0.0,0.0,0.0,0.0,0.0,0.0,0.0,0.0,0.0,0.0,0.0,0.0,0.0,0.0,0.0,0.0,0.0,0.0,0.0,0.0,0.0,0.0,0.0,0.0,0.0,0.0,0.0,0.0,0.0,0.0,0.0,0.0,0.0,0.0,0.0,0.0,0.0,0.0,0.0,0.0,0.0,0.0,0.0,0.0,0.0,0.0,0.0,0.0,0.0,0.0,0.0,0.0,0.0,0.0,0.0,0.0,0.0,0.0,0.0,0.0,0.0,0.0,0.0,0.0,0.0,0.0,0.0,0.0,0.0,0.0,0.0,0.0,0.0,0.0,0.0,0.0,0.0,0.0,0.0,0.0,0.0,0.0,0.0,0.0,0.0,0.0,0.0,0.0,0.0,0.0,0.0,0.0,0.0,0.0,0.0,0.0,0.0,0.0,0.0,0.0,0.0,0.0,0.0,0.0,0.0,0.0,0.0,0.0,0.0,0.0,0.0,0.0,0.0,0.0,0.0,0.0,0.0,0.0,0.0,0.0,0.0,0.0,0.0,0.0,0.0,0.0,0.0,0.0,0.0,0.0,0.0,0.0,0.0,0.0,0.0,0.0,0.0,0.0,0.0,0.0,0.0,0.0,0.0,0.0,0.0,0.0,0.0,0.0,0.0,0.0,0.0,0.0,0.0,0.0,0.0,0.0,0.0,0.0,0.0,0.0,0.0,0.0,0.0,0.0,0.0,0.0,0.0,0.0,0.0,0.0,0.0,0.0,0.0,0.0,0.0,0.0,0.0,0.0,0.0,0.0,0.0,0.0,0.0,0.0,0.0,0.0,0.0,0.0,0.0,0.0,0.0,0.0,0.0,0.0,0.0,0.0,0.0,0.0,0.0,0.0,0.0
Reef 027,0.0,0.0,0.0,0.0,0.0,0.0,2.86e-06,3.57e-05,5.05e-06,8.55e-06,7.78e-06,0.000510157,8.05e-06,4.79e-05,0.0455559,0.000357625,1.35e-05,0.00123555,0.00528166,4.38e-05,0.000642525,0.00706387,0.000144567,7.6e-06,9.28e-06,0.000140382,0.00782604,4.77e-06,5.02e-06,0.00149825,9.79e-05,6.04e-06,5.06e-05,2.82e-05,1.21e-05,3.11e-05,4.36e-06,0.0,5.54e-06,0.000161508,0.000142654,7.43e-06,0.0,1.78e-05,0.0,0.0,0.0,0.0,0.000301402,3.08e-05,1.29e-05,8.14e-06,0.0,0.0,0.0,1.05e-05,0.0,4.62e-05,0.00010142,5.73e-06,7.63e-06,4.11e-06,3.49e-06,0.0,0.000173743,4.85e-06,0.000140025,0.0,0.0,6.9e-06,0.000313568,0.000101854,0.0,0.0,0.0,7.13e-06,4.07e-06,0.0,0.0,0.0,0.000161695,0.0,4.87e-06,0.0,0.0,0.0,0.0,0.0,0.0,4.84e-05,1.52e-05,0.0,0.0,0.0,3.36e-06,0.000499197,0.0,2.28e-05,0.0,3.32e-06,0.0,0.0,0.0,0.0,0.0,7.17e-06,0.000535201,0.00230467,7.81e-06,4.16e-06,3.82e-06,0.000258098,1.91e-05,8.91e-05,5.25e-05,0.0,0.0,0.0,0.0,0.0,1.4e-05,4.63e-06,3.28e-06,0.0,0.0,0.0,0.0,0.0,0.0,0.0,0.0,0.0,0.0,0.0,3.35e-05,0.0,0.0,0.0,0.0,0.0,0.0,0.0,0.0,0.0,0.0,0.0,0.0,0.0,0.0,0.0,0.0,0.0,0.0,0.0,0.0,0.0,0.0,0.0,0.0,0.0,0.0,0.0,0.0,0.0,0.0,0.0,0.0,0.0,0.0,0.0,0.0,0.0,0.0,0.0,0.0,0.0,0.0,0.0,0.0,0.0,0.0,0.0,0.0,0.0,0.0,0.0,0.0,0.0,0.0,0.0,0.0,0.0,0.0,0.0,0.0,0.0,0.0,0.0,0.0,0.0,0.0,0.0,0.0,0.0,0.0,0.0,0.0,0.0,0.0,0.0,0.0,0.0,0.0,0.0,0.0,0.0,0.0,0.0,0.0,0.0,0.0,0.0,0.0,0.0,0.0,0.0,0.0,0.0,0.0,0.0,0.0,0.0,0.0,0.0,0.0,0.0,0.0,0.0,0.0,0.0,0.0,0.0,0.0,0.0,0.0,0.0,0.0,0.0,0.0,0.0,0.0,0.0,0.0,0.0,0.0,0.0,0.0,0.0,0.0,0.0,0.0,0.0,0.0,0.0,0.0,0.0,0.0,0.0,0.0,0.0,0.0,0.0,0.0,0.0,0.0,0.0,0.0,0.0,0.0,0.0,0.0,0.0,0.0,0.0,0.0,0.0,0.0,0.0,0.0,0.0,0.0,0.0,0.0,0.0,0.0,0.0,0.0,0.0,0.0,0.0,0.0,0.0,0.0,0.0,0.0,0.0,0.0,0.0,0.0,0.0,0.0,0.0,0.0,0.0,0.0,0.0,0.0,0.0,0.0,0.0,0.0,0.0,0.0,0.0,0.0,0.0,0.0,0.0,0.0,0.0,0.0,0.0,0.0,0.0,0.0,0.0,0.0,0.0,0.0,0.0,0.0,0.0,0.0,0.0,0.0,0.0,0.0,0.0,0.0,0.0,0.0,0.0,0.0,0.0,0.0,0.0,0.0,0.0,0.0,0.0,0.0,0.0,0.0,0.0,0.0,0.0,0.0,0.0,0.0,0.0,0.0,0.0,0.0,0.0,0.0,0.0,0.0,0.0,0.0,0.0,0.0,0.0,0.0,0.0,0.0,0.0,0.0,0.0,0.0,0.0,0.0,0.0,0.0,0.0,0.0,0.0,0.0,0.0,0.0,0.0,0.0,0.0,0.0,0.0,0.0,0.0,0.0,0.0,0.0,0.0,0.0,0.0,0.0,0.0,0.0,0.0,0.0,0.0,0.0,0.0,0.0,0.0,0.0
Reef 028,0.0,0.0,0.0,0.0,0.0,0.0,0.0,0.00194779,0.0,0.0,0.0,0.0052965,0.0,0.0,0.00248558,0.0,0.0,0.0100509,0.00180315,0.0,0.0104003,0.00200845,0.0,0.0,0.0,0.0,0.00175602,0.0,0.0,0.0141613,0.0,0.0,0.0,0.0,0.0,0.00187968,0.0,0.0,0.0,0.0,0.0,0.0,0.0,0.0,0.0,0.0,0.0,0.0,0.0,0.0,0.0,0.0,0.0,0.0,0.0,0.0,0.0,0.00425878,0.0,0.0,0.0,0.0,0.0,0.0,0.0,0.0,0.0,0.0,0.0,0.0,0.0,0.0,0.0,0.0,0.0,0.0,0.0,0.0,0.0,0.0,0.0,0.0,0.0,0.0,0.0,0.0,0.0,0.0,0.0,0.0,0.0,0.0,0.0,0.0,0.0,0.0211571,0.0,0.0,0.0,0.0,0.0,0.0,0.0,0.0,0.0,0.0,0.0,0.00297324,0.0,0.0,0.0,0.0,0.0,0.0,0.0,0.0,0.0,0.0,0.0,0.0,0.0,0.0,0.0,0.0,0.0,0.0,0.0,0.0,0.0,0.0,0.0,0.0,0.0,0.0,0.0,0.0,0.0,0.0,0.0,0.0,0.0,0.0,0.0,0.0,0.0,0.0,0.0,0.0,0.0,0.0,0.0,0.0,0.0,0.0,0.0,0.0,0.0,0.0,0.0,0.0,0.0,0.0,0.0,0.0,0.0,0.0,0.0,0.0,0.0,0.0,0.0,0.0,0.0,0.0,0.0,0.0,0.0,0.0,0.0,0.0,0.0,0.0,0.0,0.0,0.0,0.0,0.0,0.0,0.0,0.0,0.0,0.0,0.0,0.0,0.0,0.0,0.0,0.0,0.0,0.0,0.0,0.0,0.0,0.0,0.0,0.0,0.0,0.0,0.0,0.0,0.0,0.0,0.0,0.0,0.0,0.0,0.0,0.0,0.0,0.0,0.0,0.0,0.0,0.0,0.0,0.0,0.0,0.0,0.0,0.0,0.0,0.0,0.0,0.0,0.0,0.0,0.0,0.0,0.0,0.0,0.0,0.0,0.0,0.0,0.0,0.0,0.0,0.0,0.0,0.0,0.0,0.0,0.0,0.0,0.0,0.0,0.0,0.0,0.0,0.0,0.0,0.0,0.0,0.0,0.0,0.0,0.0,0.0,0.0,0.0,0.0,0.0,0.0,0.0,0.0,0.0,0.0,0.0,0.0,0.0,0.0,0.0,0.0,0.0,0.0,0.0,0.0,0.0,0.0,0.0,0.0,0.0,0.0,0.0,0.0,0.0,0.0,0.0,0.0,0.0,0.0,0.0,0.0,0.0,0.0,0.0,0.0,0.0,0.0,0.0,0.0,0.0,0.0,0.0,0.0,0.0,0.0,0.0,0.0,0.0,0.0,0.0,0.0,0.0,0.0,0.0,0.0,0.0,0.0,0.0,0.0,0.0,0.0,0.0,0.0,0.0,0.0,0.0,0.0,0.0,0.0,0.0,0.0,0.0,0.0,0.0,0.0,0.0,0.0,0.0,0.0,0.0,0.0,0.0,0.0,0.0,0.0,0.0,0.0,0.0,0.0,0.0,0.0,0.0,0.0,0.0,0.0,0.0,0.0,0.0,0.0,0.0,0.0,0.0,0.0,0.0,0.0,0.0,0.0,0.0,0.0,0.0,0.0,0.0,0.0,0.0,0.0,0.0,0.0,0.0,0.0,0.0,0.0,0.0,0.0,0.0,0.0,0.0,0.0,0.0,0.0,0.0,0.0,0.0,0.0,0.0,0.0,0.0,0.0,0.0,0.0,0.0,0.0,0.0,0.0,0.0,0.0,0.0,0.0,0.0,0.0,0.0,0.0
Reef 029,0.0,0.0,0.0,0.0,0.0,0.0,0.0,0.0,0.0,0.0,0.0,0.00233384,0.0,0.0,0.019631,0.0,0.0,0.0047695,0.00407734,0.0,0.00435934,0.00207583,0.0,0.0,0.0,0.00214269,0.00313447,0.0,0.0,0.00443443,0.0,0.0,0.0,0.00190187,0.0,0.00275624,0.0,0.0,0.0,0.0,0.0,0.0,0.0,0.0,0.0,0.0,0.0,0.0,0.0,0.0,0.0,0.0,0.0,0.0,0.0,0.0,0.0,0.00369541,0.0,0.0,0.0,0.0,0.0,0.0,0.0,0.0,0.0,0.0,0.0,0.0,0.0,0.0,0.0,0.0,0.0,0.0,0.0,0.0,0.0,0.0,0.0,0.0,0.0,0.0,0.0,0.0,0.0,0.0,0.0,0.0,0.0,0.0,0.0,0.0,0.0,0.00454785,0.0,0.0,0.0,0.0,0.0,0.0,0.0,0.0,0.0,0.0,0.0,0.00516718,0.0,0.0,0.0,0.0,0.0,0.0,0.0,0.0,0.0,0.0,0.0,0.0,0.0,0.0,0.0,0.0,0.0,0.0,0.0,0.0,0.0,0.0,0.0,0.0,0.0,0.0,0.0,0.0,0.0,0.0,0.0,0.0,0.0,0.0,0.0,0.0,0.0,0.0,0.0,0.0,0.0,0.0,0.0,0.0,0.0,0.0,0.0,0.0,0.0,0.0,0.0,0.0,0.0,0.0,0.0,0.0,0.0,0.0,0.0,0.0,0.0,0.0,0.0,0.0,0.0,0.0,0.0,0.0,0.0,0.0,0.0,0.0,0.0,0.0,0.0,0.0,0.0,0.0,0.0,0.0,0.0,0.0,0.0,0.0,0.0,0.0,0.0,0.0,0.0,0.0,0.0,0.0,0.0,0.0,0.0,0.0,0.0,0.0,0.0,0.0,0.0,0.0,0.0,0.0,0.0,0.0,0.0,0.0,0.0,0.0,0.0,0.0,0.0,0.0,0.0,0.0,0.0,0.0,0.0,0.0,0.0,0.0,0.0,0.0,0.0,0.0,0.0,0.0,0.0,0.0,0.0,0.0,0.0,0.0,0.0,0.0,0.0,0.0,0.0,0.0,0.0,0.0,0.0,0.0,0.0,0.0,0.0,0.0,0.0,0.0,0.0,0.0,0.0,0.0,0.0,0.0,0.0,0.0,0.0,0.0,0.0,0.0,0.0,0.0,0.0,0.0,0.0,0.0,0.0,0.0,0.0,0.0,0.0,0.0,0.0,0.0,0.0,0.0,0.0,0.0,0.0,0.0,0.0,0.0,0.0,0.0,0.0,0.0,0.0,0.0,0.0,0.0,0.0,0.0,0.0,0.0,0.0,0.0,0.0,0.0,0.0,0.0,0.0,0.0,0.0,0.0,0.0,0.0,0.0,0.0,0.0,0.0,0.0,0.0,0.0,0.0,0.0,0.0,0.0,0.0,0.0,0.0,0.0,0.0,0.0,0.0,0.0,0.0,0.0,0.0,0.0,0.0,0.0,0.0,0.0,0.0,0.0,0.0,0.0,0.0,0.0,0.0,0.0,0.0,0.0,0.0,0.0,0.0,0.0,0.0,0.0,0.0,0.0,0.0,0.0,0.0,0.0,0.0,0.0,0.0,0.0,0.0,0.0,0.0,0.0,0.0,0.0,0.0,0.0,0.0,0.0,0.0,0.0,0.0,0.0,0.0,0.0,0.0,0.0,0.0,0.0,0.0,0.0,0.0,0.0,0.0,0.0,0.0,0.0,0.0,0.0,0.0,0.0,0.0,0.0,0.0,0.0,0.0,0.0,0.0,0.0,0.0,0.0,0.0,0.0,0.0,0.0,0.0,0.0,0.0,0.0,0.0,0.0,0.0,0.0
Reef 030,0.0,0.0,0.0,0.0,0.0,0.0,3.11e-06,1.42e-05,1.29e-06,1.32e-06,4.63e-06,1.65e-05,0.0,0.000623826,0.00706393,0.00100973,3.84e-06,0.000115817,0.00400798,2.86e-05,0.000276627,3.2e-05,1.21e-06,0.000760541,0.0,7.69e-05,8.13e-06,5.76e-06,0.0,0.0114262,4.23e-06,0.0,1.06e-05,0.000103261,1.26e-06,6.06e-06,0.000499865,0.000638753,0.0,1.45e-06,4.94e-05,0.0,0.0,0.0,0.0,0.0,0.0,4.87e-06,2.09e-06,7.22e-05,1.24e-06,0.0,0.0,0.0,1.23e-06,2.65e-05,0.0,1.48e-05,1.29e-06,0.0,0.000647726,1.31e-06,0.0,0.0,1.34e-05,2.72e-06,6.04e-06,1.46e-06,0.0,5.91e-06,1.16e-05,4.27e-05,2.09e-06,0.0,0.0,3.67e-05,0.000102782,0.0,0.0,0.0,2.94e-05,0.0,7.08e-06,0.0,0.0,0.0,0.0,0.0,1.52e-06,0.00103052,0.000156827,0.0,0.0,0.0,0.0,0.0236217,0.0,2.21e-05,0.0,1.32e-05,0.0,0.0,0.0,0.0,0.0,1.29e-05,0.00016057,0.00196187,1.23e-06,1.96e-06,2.09e-06,0.000113055,9.85e-06,0.000186112,7.02e-05,1.19e-06,0.0,0.0,2.47e-06,9.89e-05,1.04e-05,2.38e-05,1.8e-05,2.47e-06,0.0,2.52e-05,0.0,0.0,0.0,0.0,0.0,0.0,0.0,0.0,0.00100347,0.00100317,0.0,0.0,0.000131656,0.0,0.0,0.0,0.0,0.0,0.0,0.0,0.0,5.46e-06,0.0,0.0,0.0,0.0,0.0,0.0,0.0,0.000963096,0.0,0.0,0.0,0.0,0.0,0.0,0.0,0.0,0.0,0.0,0.0,0.0,0.0,0.0,0.000728497,0.0,0.0,0.0,0.0,0.0,0.0,0.0,0.0,1.85e-05,0.0,0.0,8.25e-06,0.0,0.0,0.0,0.0,0.0,0.0,0.0,1.2e-06,0.0,0.0,0.0,0.0,0.0,0.0,0.0,0.0,0.0,0.0,0.0,0.0,0.0,0.0,0.0,0.0,0.0,0.0,0.0,0.0,0.0,0.0,0.0,0.0,0.0,0.0,0.0,0.0,0.0,0.0,0.0,0.0,0.0,0.0,0.0,0.0,0.0,0.0,0.0,0.0,0.0,0.0,0.0,0.0,0.0,0.0,0.0,0.0,0.0,0.0,0.0,0.0,0.0,0.0,0.0,0.0,0.0,0.0,0.0,0.0,0.0,0.0,0.0,0.0,0.0,0.0,0.0,0.0,0.0,0.0,0.0,0.0,0.0,0.0,0.0,0.0,0.0,0.0,0.0,0.0,0.0,0.0,0.0,0.0,0.0,0.0,0.0,0.0,0.0,0.0,0.0,0.0,0.0,0.0,0.0,0.0,0.0,0.0,0.0,0.0,0.0,0.0,0.0,0.0,0.0,0.0,0.0,0.0,0.0,0.0,0.0,0.0,0.0,0.0,0.0,0.0,0.0,0.0,0.0,0.0,0.0,0.0,0.0,0.0,0.0,0.0,0.0,0.0,0.0,0.0,0.0,0.0,0.0,0.0,0.0,0.0,0.0,0.0,0.0,0.0,0.0,0.0,0.0,0.0,0.0,0.0,0.0,0.0,0.0,0.0,0.0,0.0,0.0,0.0,0.0,0.0,0.0,0.0,0.0,0.0,0.0,0.0,0.0,0.0,0.0,0.0,0.0,0.0,0.0,0.0,0.0,0.0,0.0,0.0,0.0,0.0,0.0,0.0,0.0,0.0,0.0,0.0,0.0,0.0,0.0,0.0,0.0,0.0,0.0,0.0,0.0,0.0,0.0,0.0,0.0,0.0,0.0,0.0,0.0,0.0,0.0,0.0,0.0,0.0,0.0,0.0,0.0,0.0,0.0,0.0,0.0,0.0,0.0,0.0,0.0,0.0,0.0,0.0,0.0,0.0,0.0,0.0,0.0,0.0,0.0,0.0,0.0,0.0,0.0,0.0,0.0,0.0
Reef 031,0.0,0.0,0.0,0.0,0.0,0.0,0.0,0.00198808,0.0,0.0,0.0,0.0114894,0.0,0.000709401,0.00732124,0.00371277,0.0,0.000524829,0.00128665,0.0,0.00111237,0.000701937,0.0,0.0,0.0,0.00065358,0.00122577,0.0,0.0,0.0296877,0.0,0.0,0.0,0.000704857,0.0,0.00362435,0.000536048,0.0,0.0,0.0,0.0,0.0,0.0,0.0,0.0,0.0,0.0,0.0,0.0,0.00227966,0.0,0.0,0.0,0.0,0.0,0.0,0.0,0.000538724,0.0,0.0,0.0,0.0,0.0,0.0,0.0,0.0,0.0,0.0,0.0,0.0,0.0,0.0,0.0,0.0,0.0,0.0,0.0,0.0,0.0,0.0,0.0,0.0,0.0,0.0,0.0,0.0,0.0,0.0,0.0,0.000577553,0.000622802,0.0,0.0,0.0,0.0,0.0123405,0.0,0.0,0.0,0.0,0.0,0.0,0.0,0.0,0.0,0.0,0.0,0.00224238,0.0,0.0,0.0,0.0,0.000790226,0.0,0.0,0.0,0.0,0.0,0.0,0.0,0.0,0.0,0.0,0.0,0.0,0.0,0.0,0.0,0.0,0.0,0.0,0.0,0.0,0.0,0.00108082,0.00109283,0.0,0.0,0.0,0.0,0.0,0.0,0.0,0.0,0.0,0.0,0.0,0.0,0.0,0.0,0.0,0.0,0.0,0.0,0.0,0.00102466,0.0,0.0,0.0,0.0,0.0,0.0,0.0,0.0,0.0,0.0,0.0,0.0,0.0,0.0,0.000786808,0.0,0.0,0.0,0.0,0.0,0.0,0.0,0.0,0.0,0.0,0.0,0.0,0.0,0.0,0.0,0.0,0.0,0.0,0.0,0.0,0.0,0.0,0.0,0.0,0.0,0.0,0.0,0.0,0.0,0.0,0.0,0.0,0.0,0.0,0.0,0.0,0.0,0.0,0.0,0.0,0.0,0.0,0.0,0.0,0.0,0.0,0.0,0.0,0.0,0.0,0.0,0.0,0.0,0.0,0.0,0.0,0.0,0.0,0.0,0.0,0.0,0.0,0.0,0.0,0.0,0.0,0.0,0.0,0.0,0.0,0.0,0.0,0.0,0.0,0.0,0.0,0.0,0.0,0.0,0.0,0.0,0.0,0.0,0.0,0.0,0.0,0.0,0.0,0.0,0.0,0.0,0.0,0.0,0.0,0.0,0.0,0.0,0.0,0.0,0.0,0.0,0.0,0.0,0.0,0.0,0.0,0.0,0.0,0.0,0.0,0.0,0.0,0.0,0.0,0.0,0.0,0.0,0.0,0.0,0.0,0.0,0.0,0.0,0.0,0.0,0.0,0.0,0.0,0.0,0.0,0.0,0.0,0.0,0.0,0.0,0.0,0.0,0.0,0.0,0.0,0.0,0.0,0.0,0.0,0.0,0.0,0.0,0.0,0.0,0.0,0.0,0.0,0.0,0.0,0.0,0.0,0.0,0.0,0.0,0.0,0.0,0.0,0.0,0.0,0.0,0.0,0.0,0.0,0.0,0.0,0.0,0.0,0.0,0.0,0.0,0.0,0.0,0.0,0.0,0.0,0.0,0.0,0.0,0.0,0.0,0.0,0.0,0.0,0.0,0.0,0.0,0.0,0.0,0.0,0.0,0.0,0.0,0.0,0.0,0.0,0.0,0.0,0.0,0.0,0.0,0.0,0.0,0.0,0.0,0.0,0.0,0.0,0.0,0.0,0.0,0.0,0.0,0.0,0.0,0.0,0.0,0.0,0.0,0.0,0.0,0.0,0.0,0.0,0.0,0.0,0.0,0.0,0.0,0.0,0.0,0.0,0.0,0.0,0.0,0.0,0.0,0.0,0.0,0.0,0.0,0.0,0.0,0.0,0.0,0.0,0.0,0.0
Reef 032,0.0,0.0,0.0,0.0,0.0,0.0,0.0,0.000439809,0.0,0.0,0.0,0.00150267,0.0,0.00697119,0.00232749,0.0,0.0,0.00584273,0.00169502,0.0,0.00591506,0.00239004,0.0,0.000614459,0.0,0.000711286,0.00238584,0.0,0.0,0.0125319,0.0,0.0,0.0,0.00134876,0.0,0.000923583,0.000417687,0.0,0.0,0.0,0.00113442,0.0,0.0,0.0,0.0,0.0,0.0,0.0,0.0,0.000437115,0.0,0.0,0.0,0.0,0.0,0.0,0.0,0.000396851,0.0,0.0,0.0,0.0,0.0,0.0,0.00105593,0.0,0.0,0.0,0.0,0.0,0.0,0.0,0.0,0.0,0.0,0.0,0.0,0.0,0.0,0.0,0.0,0.0,0.0,0.0,0.0,0.0,0.0,0.0,0.0,0.000789955,0.0,0.0,0.0,0.0,0.0,0.00456453,0.0,0.0,0.0,0.0,0.0,0.0,0.0,0.0,0.0,0.0,0.0,0.000935436,0.0,0.0,0.0,0.0,0.0,0.0,0.0,0.0,0.0,0.0,0.0,0.0,0.0,0.0,0.0,0.0,0.0,0.0,0.0,0.0,0.0,0.0,0.0,0.0,0.0,0.0,0.0,0.0,0.0,0.0,0.0,0.0,0.0,0.0,0.0,0.0,0.0,0.0,0.0,0.0,0.0,0.0,0.0,0.0,0.0,0.0,0.0,0.0,0.0,0.0,0.0,0.0,0.0,0.0,0.0,0.0,0.0,0.0,0.0,0.0,0.0,0.0,0.0,0.0,0.0,0.0,0.0,0.0,0.0,0.0,0.0,0.0,0.0,0.0,0.0,0.0,0.0,0.0,0.0,0.0,0.0,0.0,0.0,0.0,0.0,0.0,0.0,0.0,0.0,0.0,0.0,0.0,0.0,0.0,0.0,0.0,0.0,0.0,0.0,0.0,0.0,0.0,0.0,0.0,0.0,0.0,0.0,0.0,0.0,0.0,0.0,0.0,0.0,0.0,0.0,0.0,0.0,0.0,0.0,0.0,0.0,0.0,0.0,0.0,0.0,0.0,0.0,0.0,0.0,0.0,0.0,0.0,0.0,0.0,0.0,0.0,0.0,0.0,0.0,0.0,0.0,0.0,0.0,0.0,0.0,0.0,0.0,0.0,0.0,0.0,0.0,0.0,0.0,0.0,0.0,0.0,0.0,0.0,0.0,0.0,0.0,0.0,0.0,0.0,0.0,0.0,0.0,0.0,0.0,0.0,0.0,0.0,0.0,0.0,0.0,0.0,0.0,0.0,0.0,0.0,0.0,0.0,0.0,0.0,0.0,0.0,0.0,0.0,0.0,0.0,0.0,0.0,0.0,0.0,0.0,0.0,0.0,0.0,0.0,0.0,0.0,0.0,0.0,0.0,0.0,0.0,0.0,0.0,0.0,0.0,0.0,0.0,0.0,0.0,0.0,0.0,0.0,0.0,0.0,0.0,0.0,0.0,0.0,0.0,0.0,0.0,0.0,0.0,0.0,0.0,0.0,0.0,0.0,0.0,0.0,0.0,0.0,0.0,0.0,0.0,0.0,0.0,0.0,0.0,0.0,0.0,0.0,0.0,0.0,0.0,0.0,0.0,0.0,0.0,0.0,0.0,0.0,0.0,0.0,0.0,0.0,0.0,0.0,0.0,0.0,0.0,0.0,0.0,0.0,0.0,0.0,0.0,0.0,0.0,0.0,0.0,0.0,0.0,0.0,0.0,0.0,0.0,0.0,0.0,0.0,0.0,0.0,0.0,0.0,0.0,0.0,0.0,0.0,0.0,0.0,0.0,0.0,0.0,0.0,0.0,0.0,0.0,0.0,0.0,0.0,0.0,0.0,0.0,0.0,0.0,0.0,0.0,0.0,0.0,0.0
Reef 033,0.0,0.0,0.0,0.0,0.0,0.0,0.0,0.00209372,0.0,0.0,0.0,0.0135939,0.0,0.00200186,0.00879117,0.00434269,0.0,0.00248993,0.00161853,0.0,0.00149747,0.00145345,0.0,0.0,0.0,0.0,0.00182118,0.0,0.0,0.0411985,0.0,0.0,0.0,0.00161316,0.0,0.00337251,0.0,0.0,0.0,0.0,0.0,0.0,0.0,0.0,0.0,0.0,0.0,0.0,0.0,0.00165445,0.0,0.0,0.0,0.0,0.0,0.0,0.0,0.0284262,0.0,0.0,0.0,0.0,0.0,0.0,0.0,0.0,0.0,0.0,0.0,0.0,0.0,0.0,0.0,0.0,0.0,0.0,0.0,0.0,0.0,0.0,0.0,0.0,0.0,0.0,0.0,0.0,0.0,0.0,0.0,0.0,0.0,0.0,0.0,0.0,0.0,0.00874471,0.0,0.0,0.0,0.0,0.0,0.0,0.0,0.0,0.0,0.0,0.0,0.0187289,0.0,0.0,0.0,0.0,0.0,0.0,0.0,0.0,0.0,0.0,0.0,0.0,0.0,0.0,0.0,0.0,0.0,0.0,0.0,0.0,0.0,0.0,0.0,0.0,0.0,0.0,0.0,0.0,0.0,0.0,0.0,0.0,0.0,0.0,0.0,0.0,0.0,0.0,0.0,0.0,0.0,0.0,0.0,0.0,0.0,0.0,0.0,0.0,0.0,0.0,0.0,0.0,0.0,0.0,0.0,0.0,0.0,0.0,0.0,0.0,0.0,0.0,0.0,0.0,0.0,0.0,0.0,0.0,0.0,0.0,0.0,0.0,0.0,0.0,0.0,0.0,0.0,0.0,0.0,0.0,0.0,0.0,0.0,0.0,0.0,0.0,0.0,0.0,0.0,0.0,0.0,0.0,0.0,0.0,0.0,0.0,0.0,0.0,0.0,0.0,0.0,0.0,0.0,0.0,0.0,0.0,0.0,0.0,0.0,0.0,0.0,0.0,0.0,0.0,0.0,0.0,0.0,0.0,0.0,0.0,0.0,0.0,0.0,0.0,0.0,0.0,0.0,0.0,0.0,0.0,0.0,0.0,0.0,0.0,0.0,0.0,0.0,0.0,0.0,0.0,0.0,0.0,0.0,0.0,0.0,0.0,0.0,0.0,0.0,0.0,0.0,0.0,0.0,0.0,0.0,0.0,0.0,0.0,0.0,0.0,0.0,0.0,0.0,0.0,0.0,0.0,0.0,0.0,0.0,0.0,0.0,0.0,0.0,0.0,0.0,0.0,0.0,0.0,0.0,0.0,0.0,0.0,0.0,0.0,0.0,0.0,0.0,0.0,0.0,0.0,0.0,0.0,0.0,0.0,0.0,0.0,0.0,0.0,0.0,0.0,0.0,0.0,0.0,0.0,0.0,0.0,0.0,0.0,0.0,0.0,0.0,0.0,0.0,0.0,0.0,0.0,0.0,0.0,0.0,0.0,0.0,0.0,0.0,0.0,0.0,0.0,0.0,0.0,0.0,0.0,0.0,0.0,0.0,0.0,0.0,0.0,0.0,0.0,0.0,0.0,0.0,0.0,0.0,0.0,0.0,0.0,0.0,0.0,0.0,0.0,0.0,0.0,0.0,0.0,0.0,0.0,0.0,0.0,0.0,0.0,0.0,0.0,0.0,0.0,0.0,0.0,0.0,0.0,0.0,0.0,0.0,0.0,0.0,0.0,0.0,0.0,0.0,0.0,0.0,0.0,0.0,0.0,0.0,0.0,0.0,0.0,0.0,0.0,0.0,0.0,0.0,0.0,0.0,0.0,0.0,0.0,0.0,0.0,0.0,0.0,0.0,0.0,0.0,0.0,0.0,0.0,0.0,0.0,0.0,0.0,0.0,0.0,0.0,0.0,0.0
Reef 034,0.0,0.0,0.0,0.0,0.0,0.0,0.0,0.000910271,0.0,8.46e-05,3.99e-05,5e-05,0.0,8.11e-05,0.00639493,0.00133568,2.49e-05,3.28e-05,0.00220567,5.95e-05,8.16e-05,0.0015701,3.06e-05,9.42e-05,0.0,0.000708009,8.93e-05,3.47e-05,2.76e-05,0.0156915,0.000103476,2.59e-05,4.31e-05,0.00116785,0.0,0.000331962,0.000210394,7.61e-05,0.0,2.86e-05,0.000306226,0.0,0.0,0.0,0.0,0.0,0.0,0.0,2.77e-05,0.0008137,0.0,0.0,0.0,0.0,0.0,2.75e-05,0.0,0.000115612,0.0,0.0,0.000103765,0.0,0.0,0.0,0.000181381,5.42e-05,0.0,0.0,0.0,0.0,2.4e-05,5.2e-05,0.0,0.0,0.0,5.3e-05,9.78e-05,0.0,0.0,0.0,2.61e-05,0.0,0.0,0.0,0.0,0.0,0.0,0.0,0.0,0.000122629,4.74e-05,0.0,0.0,0.0,0.0,0.00293825,0.0,0.0,0.0,0.0,0.0,0.0,0.0,0.0,0.0,0.0,8.28e-05,0.0010025,3.84e-05,0.0,0.0,5.81e-05,0.000105961,9.39e-05,3.64e-05,0.0,0.0,0.0,0.0,3.58e-05,0.0,0.0,0.0,0.0,0.0,0.0,0.0,0.0,0.0,0.0,0.0,0.0,0.0,0.0,0.000421111,0.000441984,0.0,0.0,5.51e-05,0.0,0.0,0.0,0.0,0.0,0.0,0.0,0.0,0.0,0.0,0.0,0.0,0.0,0.0,0.0,0.0,0.000408723,0.0,0.0,0.0,0.0,0.0,0.0,0.0,0.0,0.0,0.0,0.0,0.0,0.0,0.0,0.000299404,0.0,0.0,0.0,0.0,0.0,0.0,0.0,0.0,0.0,0.0,0.0,0.0,0.0,0.0,0.0,0.0,0.0,0.0,0.0,0.0,0.0,0.0,0.0,0.0,0.0,0.0,0.0,0.0,0.0,0.0,0.0,0.0,0.0,0.0,0.0,0.0,0.0,0.0,0.0,0.0,0.0,0.0,0.0,0.0,0.0,0.0,0.0,0.0,0.0,0.0,0.0,0.0,0.0,0.0,0.0,0.0,0.0,0.0,0.0,0.0,0.0,0.0,0.0,0.0,0.0,0.0,0.0,0.0,0.0,0.0,0.0,0.0,0.0,0.0,0.0,0.0,0.0,0.0,0.0,0.0,0.0,0.0,0.0,0.0,0.0,0.0,0.0,0.0,0.0,0.0,0.0,0.0,0.0,0.0,0.0,0.0,0.0,0.0,0.0,0.0,0.0,0.0,0.0,0.0,0.0,0.0,0.0,0.0,0.0,0.0,0.0,0.0,0.0,0.0,0.0,0.0,0.0,0.0,0.0,0.0,0.0,0.0,0.0,0.0,0.0,0.0,0.0,0.0,0.0,0.0,0.0,0.0,0.0,0.0,0.0,0.0,0.0,0.0,0.0,0.0,0.0,0.0,0.0,0.0,0.0,0.0,0.0,0.0,0.0,0.0,0.0,0.0,0.0,0.0,0.0,0.0,0.0,0.0,0.0,0.0,0.0,0.0,0.0,0.0,0.0,0.0,0.0,0.0,0.0,0.0,0.0,0.0,0.0,0.0,0.0,0.0,0.0,0.0,0.0,0.0,0.0,0.0,0.0,0.0,0.0,0.0,0.0,0.0,0.0,0.0,0.0,0.0,0.0,0.0,0.0,0.0,0.0,0.0,0.0,0.0,0.0,0.0,0.0,0.0,0.0,0.0,0.0,0.0,0.0,0.0,0.0,0.0,0.0,0.0,0.0,0.0,0.0,0.0,0.0,0.0,0.0,0.0,0.0,0.0,0.0,0.0,0.0,0.0,0.0,0.0,0.0,0.0,0.0,0.0,0.0,0.0,0.0,0.0,0.0,0.0,0.0,0.0,0.0,0.0,0.0,0.0,0.0,0.0,0.0,0.0,0.0,0.0
Reef 035,0.0,0.0,0.0,0.0,0.0,0.0,0.0,0.00111933,0.0,0.0,0.0,0.0128356,0.0,0.0,0.0135081,0.0017688,0.0,0.00182807,0.00146483,0.0,0.001368,0.00268647,0.0,0.0,0.0,0.0,0.00788507,0.0,0.0,0.00842845,0.0,0.0,0.0,0.0,0.0,0.0278756,0.0,0.0,0.0,0.00491299,0.0,0.0,0.0,0.0,0.0,0.0,0.0,0.0,0.00181037,0.0,0.0,0.0,0.0,0.0,0.0,0.0,0.0,0.00140087,0.0,0.0,0.0,0.0,0.0,0.0,0.0,0.0,0.000880164,0.0,0.0,0.0,0.0,0.000896626,0.0,0.0,0.0,0.0,0.0,0.0,0.0,0.0,0.00124994,0.0,0.0,0.0,0.0,0.0,0.0,0.0,0.0,0.0,0.0,0.0,0.0,0.0,0.0,0.00218645,0.0,0.00177524,0.0,0.0,0.0,0.0,0.0,0.0,0.0,0.0,0.0,0.0847224,0.0,0.0,0.0,0.0,0.0,0.0,0.0,0.0,0.0,0.0,0.0,0.0,0.0,0.0,0.0,0.0,0.0,0.0,0.0,0.0,0.0,0.0,0.0,0.0,0.0,0.0,0.0,0.0,0.0,0.0,0.0,0.0,0.0,0.0,0.0,0.0,0.0,0.0,0.0,0.0,0.0,0.0,0.0,0.0,0.0,0.0,0.0,0.0,0.0,0.0,0.0,0.0,0.0,0.0,0.0,0.0,0.0,0.0,0.0,0.0,0.0,0.0,0.0,0.0,0.0,0.0,0.0,0.0,0.0,0.0,0.0,0.0,0.0,0.0,0.0,0.0,0.0,0.0,0.0,0.0,0.0,0.0,0.0,0.0,0.0,0.0,0.0,0.0,0.0,0.0,0.0,0.0,0.0,0.0,0.0,0.0,0.0,0.0,0.0,0.0,0.0,0.0,0.0,0.0,0.0,0.0,0.0,0.0,0.0,0.0,0.0,0.0,0.0,0.0,0.0,0.0,0.0,0.0,0.0,0.0,0.0,0.0,0.0,0.0,0.0,0.0,0.0,0.0,0.0,0.0,0.0,0.0,0.0,0.0,0.0,0.0,0.0,0.0,0.0,0.0,0.0,0.0,0.0,0.0,0.0,0.0,0.0,0.0,0.0,0.0,0.0,0.0,0.0,0.0,0.0,0.0,0.0,0.0,0.0,0.0,0.0,0.0,0.0,0.0,0.0,0.0,0.0,0.0,0.0,0.0,0.0,0.0,0.0,0.0,0.0,0.0,0.0,0.0,0.0,0.0,0.0,0.0,0.0,0.0,0.0,0.0,0.0,0.0,0.0,0.0,0.0,0.0,0.0,0.0,0.0,0.0,0.0,0.0,0.0,0.0,0.0,0.0,0.0,0.0,0.0,0.0,0.0,0.0,0.0,0.0,0.0,0.0,0.0,0.0,0.0,0.0,0.0,0.0,0.0,0.0,0.0,0.0,0.0,0.0,0.0,0.0,0.0,0.0,0.0,0.0,0.0,0.0,0.0,0.0,0.0,0.0,0.0,0.0,0.0,0.0,0.0,0.0,0.0,0.0,0.0,0.0,0.0,0.0,0.0,0.0,0.0,0.0,0.0,0.0,0.0,0.0,0.0,0.0,0.0,0.0,0.0,0.0,0.0,0.0,0.0,0.0,0.0,0.0,0.0,0.0,0.0,0.0,0.0,0.0,0.0,0.0,0.0,0.0,0.0,0.0,0.0,0.0,0.0,0.0,0.0,0.0,0.0,0.0,0.0,0.0,0.0,0.0,0.0,0.0,0.0,0.0,0.0,0.0,0.0,0.0,0.0,0.0,0.0,0.0,0.0,0.0,0.0,0.0,0.0,0.0,0.0,0.0,0.0,0.0,0.0
Reef 036,0.0,0.0,0.0,0.0,0.0,0.0,4.61e-07,0.000255949,6.45e-07,7.85e-05,2.13e-06,0.00590245,7.68e-07,1.28e-06,0.0249143,0.00225342,2.3e-06,0.00174661,0.00119158,1.2e-05,0.0126169,0.00297215,3.66e-05,3.56e-06,1.71e-06,0.000181897,0.00632006,2.89e-06,3.05e-06,0.00341117,1.57e-06,1.03e-06,4.82e-07,0.000179571,4.29e-06,0.148596,5.01e-06,4.32e-07,1.13e-06,0.00254022,4.18e-06,2.33e-06,0.0,2.35e-06,0.0,0.0,0.0,0.0,0.000457502,9.25e-07,5.27e-07,4.87e-07,0.0,0.0,0.0,8.02e-07,0.0,0.00107376,7.98e-06,2.87e-07,1.07e-05,3e-07,6.31e-07,3.87e-07,2.51e-07,2.55e-06,1.08e-05,7.02e-07,0.0,8.07e-06,8.85e-07,0.000443076,7.7e-07,9.98e-07,5.36e-07,3.11e-06,1.81e-06,9.1e-07,3.68e-06,1.38e-06,7.41e-07,9.35e-05,1.1e-05,1.45e-06,7.29e-07,1.08e-06,3.57e-06,1.65e-05,1.15e-06,3.79e-06,6.6e-06,1.45e-06,2.06e-06,5.82e-05,9.23e-07,0.000223286,4.44e-06,2.05e-06,0.0,2.67e-06,5.39e-07,4.06e-07,9.38e-07,0.0,0.0,6.34e-07,5.95e-05,1.05e-06,5.06e-06,4.36e-06,3.37e-06,1.29e-06,1.21e-05,1.08e-05,5.45e-06,1.22e-06,3.53e-07,1.7e-05,0.0,1.66e-06,3.99e-07,6.17e-07,2.07e-06,3.58e-05,0.0,5.71e-07,0.0,0.0,0.0,1.62e-06,5.13e-07,6.95e-07,0.0,0.0,7.88e-05,1.37e-06,4.36e-06,0.0,8.78e-07,0.0,0.0,0.0,0.0,0.0,0.0,0.0,0.0,0.0,0.0,0.0,0.0,0.0,0.0,0.0,0.0,6.42e-06,0.0,0.0,0.0,0.0,0.0,0.0,0.0,0.0,0.0,0.0,0.0,0.0,0.0,0.0,6.43e-07,0.0,0.0,0.0,0.0,0.0,0.0,0.0,0.0,0.0,0.0,0.0,0.0,0.0,0.0,0.0,0.0,0.0,0.0,0.0,0.0,0.0,0.0,0.0,0.0,0.0,0.0,0.0,0.0,0.0,0.0,0.0,0.0,0.0,0.0,0.0,0.0,0.0,0.0,0.0,0.0,0.0,0.0,0.0,0.0,0.0,0.0,0.0,0.0,0.0,0.0,0.0,0.0,0.0,0.0,0.0,0.0,0.0,0.0,0.0,0.0,0.0,0.0,0.0,0.0,0.0,0.0,0.0,0.0,0.0,0.0,0.0,0.0,0.0,0.0,0.0,0.0,0.0,0.0,0.0,0.0,0.0,0.0,0.0,0.0,0.0,0.0,0.0,0.0,0.0,0.0,0.0,0.0,0.0,0.0,0.0,0.0,0.0,0.0,0.0,0.0,0.0,0.0,0.0,0.0,0.0,0.0,0.0,0.0,0.0,0.0,0.0,0.0,0.0,0.0,0.0,0.0,0.0,0.0,0.0,0.0,0.0,0.0,0.0,0.0,0.0,0.0,0.0,0.0,0.0,0.0,0.0,0.0,0.0,0.0,0.0,0.0,0.0,0.0,0.0,0.0,0.0,0.0,0.0,0.0,0.0,0.0,0.0,0.0,0.0,0.0,0.0,0.0,0.0,0.0,0.0,0.0,0.0,0.0,0.0,0.0,0.0,0.0,0.0,0.0,0.0,0.0,0.0,0.0,0.0,0.0,0.0,0.0,0.0,0.0,0.0,0.0,0.0,0.0,0.0,0.0,0.0,0.0,0.0,0.0,0.0,0.0,0.0,0.0,0.0,0.0,0.0,0.0,0.0,0.0,0.0,0.0,0.0,0.0,0.0,0.0,0.0,0.0,0.0,0.0,0.0,0.0,0.0,0.0,0.0,0.0,0.0,0.0,0.0,0.0,0.0,0.0,0.0,0.0,0.0,0.0,0.0,0.0,0.0,0.0,0.0,0.0,0.0,0.0,0.0,0.0,0.0,0.0,0.0,0.0,0.0,0.0,0.0,0.0,0.0,0.0,0.0,0.0,0.0,0.0,0.0,0.0,0.0,0.0,0.0,2.46e-07,0.0,0.0
Reef 037,0.0,0.0,0.0,0.0,0.0,0.0,0.0,0.00128843,0.0,0.000124244,0.0,0.00801215,0.0,0.000946677,0.000126912,0.00264814,0.0,0.000211753,0.000984517,0.0,0.000727053,0.000197335,0.0,0.00112765,0.0,0.000361557,0.000145351,0.0,0.0,0.00518273,0.00014761,0.0,0.0,7.73e-05,0.0,7.9e-05,0.000153239,0.000910974,0.0,0.0,0.00035996,0.0,0.0,0.0,0.0,0.0,0.0,0.0,0.0,0.000474394,0.0,0.0,0.0,0.0,0.0,0.0,0.0,0.000585263,0.0,0.0,0.000926562,0.0,0.0,0.0,0.000103519,0.0,0.0,0.0,0.0,0.0,0.0,0.000345357,0.0,0.0,0.0,0.000382986,0.000142285,0.0,0.0,0.0,0.000130967,0.0,0.0,0.0,0.0,0.0,0.0,0.0,0.0,0.00234717,0.000224389,0.0,0.0,0.0,0.0,0.0379009,0.0,0.000175918,0.0,0.0,0.0,0.0,0.0,0.0,0.0,0.0,0.000356322,0.00664557,0.000439464,0.0,0.0,0.000329129,0.00213579,0.000346773,0.000153636,0.0,0.0,0.0,0.0,0.000217162,0.0,0.0,0.0,0.0,0.0,0.0,0.0,0.0,0.0,0.0,0.0,0.0,0.0,0.0,0.00204807,0.00229637,0.0,0.0,0.000341013,0.0,0.0,0.0,0.0,0.0,0.0,0.0,0.0,0.0,0.0,0.0,0.0,0.0,0.0,0.0,0.0,0.00172822,0.0,0.0,0.0,0.0,0.0,0.0,0.0,0.0,0.0,0.0,0.0,0.0,0.0,0.0,0.00144857,0.0,0.0,0.0,0.0,0.0,0.0,0.0,0.0,0.0,0.0,0.0,0.0,0.0,0.0,0.0,0.0,0.0,0.0,0.0,0.0,0.0,0.0,0.0,0.0,0.0,0.0,0.0,0.0,0.0,0.0,0.0,0.0,0.0,0.0,0.0,0.0,0.0,0.0,0.0,0.0,0.0,0.0,0.0,0.0,0.0,0.0,0.0,0.0,0.0,0.0,0.0,0.0,0.0,0.0,0.0,0.0,0.0,0.0,0.0,0.0,0.0,0.0,0.0,0.0,0.0,0.0,0.0,0.0,0.0,0.0,0.0,0.0,0.0,0.0,0.0,0.0,0.0,0.0,0.0,0.0,0.0,0.0,0.0,0.0,0.0,0.0,0.0,0.0,0.0,0.0,0.0,0.0,0.0,0.0,0.0,0.0,0.0,0.0,0.0,0.0,0.0,0.0,0.0,0.0,0.0,0.0,0.0,0.0,0.0,0.0,0.0,0.0,0.0,0.0,0.0,0.0,0.0,0.0,0.0,0.0,0.0,0.0,0.0,0.0,0.0,0.0,0.0,0.0,0.0,0.0,0.0,0.0,0.0,0.0,0.0,0.0,0.0,0.0,0.0,0.0,0.0,0.0,0.0,0.0,0.0,0.0,0.0,0.0,0.0,0.0,0.0,0.0,0.0,0.0,0.0,0.0,0.0,0.0,0.0,0.0,0.0,0.0,0.0,0.0,0.0,0.0,0.0,0.0,0.0,0.0,0.0,0.0,0.0,0.0,0.0,0.0,0.0,0.0,0.0,0.0,0.0,0.0,0.0,0.0,0.0,0.0,0.0,0.0,0.0,0.0,0.0,0.0,0.0,0.0,0.0,0.0,0.0,0.0,0.0,0.0,0.0,0.0,0.0,0.0,0.0,0.0,0.0,0.0,0.0,0.0,0.0,0.0,0.0,0.0,0.0,0.0,0.0,0.0,0.0,0.0,0.0,0.0,0.0,0.0,0.0,0.0,0.0,0.0,0.0,0.0,0.0,0.0,0.0,0.0,0.0,0.0,0.0,0.0,0.0,0.0,0.0,0.0,0.0,0.0,0.0,0.0,0.0,0.0,0.0,0.0,0.0,0.0
Reef 038,0.0,0.0,0.0,0.0,0.0,0.0,5.69e-07,6.54e-07,6.04e-07,2.31e-06,8.68e-07,6.05e-07,0.0,0.0105311,9.55e-06,2.18e-06,9.53e-07,2.42e-05,9.06e-07,7.44e-07,5.93e-07,6.21e-07,0.0,0.0139521,0.0,3.77e-06,5.31e-06,0.0,0.0,1.19e-06,0.0,0.0,0.0,2.83e-06,0.0,9.64e-06,7.96e-07,0.0131978,0.0,0.0,0.0,0.0,4.09e-06,0.0,6.47e-05,6.28e-06,9.58e-06,1.3e-05,0.0,6.76e-07,0.0,0.0,2.94e-06,5.55e-06,0.000113452,0.0,0.0,4.72e-05,0.0,0.0,6.13e-07,0.0,0.0,0.0,0.0,0.0,0.0,0.0,0.0,0.0,0.0,0.0,0.0,0.0,0.0,4.27e-06,4.91e-06,0.0,0.0,0.0,0.0,0.0,0.0,0.0,0.0,0.0,0.0,0.0,0.0,1.28e-06,1.36e-06,0.0,0.0,0.0,0.0,7.71e-05,0.0,0.0,0.0,0.0,0.0,0.0,0.0,0.0,0.0,0.0,8.59e-07,3.06e-06,0.0,0.0,0.0,6.6e-07,1.35e-05,6.11e-07,0.0,0.0,0.0,0.0,4.03e-06,0.0,0.0,0.0,0.0,0.0,0.0,0.0,0.0,0.0,0.0,0.0,0.0,0.0,0.0,0.0,1.11e-06,1.25e-06,0.0,0.0,0.0,0.0,0.0,0.0,0.0,0.0,0.0,0.0,0.0,0.0,0.0,0.0,0.0,0.0,0.0,0.0,0.0,1.18e-06,0.0,0.0,0.0,0.0,0.0,0.0,0.0,0.0,0.0,0.0,0.0,0.0,0.0,0.0,7.64e-07,0.0,0.0,0.0,0.0,0.0,0.0,0.0,0.0,0.0,0.0,0.0,0.0,0.0,0.0,0.0,0.0,0.0,0.0,0.0,0.0,0.0,0.0,0.0,0.0,0.0,0.0,0.0,0.0,0.0,0.0,0.0,0.0,0.0,0.0,0.0,0.0,0.0,0.0,0.0,0.0,0.0,0.0,0.0,0.0,0.0,0.0,0.0,0.0,0.0,0.0,0.0,0.0,0.0,0.0,0.0,0.0,0.0,0.0,0.0,0.0,0.0,0.0,0.0,0.0,0.0,0.0,0.0,0.0,0.0,0.0,0.0,0.0,0.0,0.0,0.0,0.0,0.0,0.0,0.0,0.0,0.0,0.0,0.0,0.0,0.0,0.0,0.0,0.0,0.0,0.0,0.0,0.0,0.0,0.0,0.0,0.0,0.0,0.0,0.0,0.0,0.0,0.0,0.0,0.0,0.0,0.0,0.0,0.0,0.0,0.0,0.0,0.0,0.0,0.0,0.0,0.0,0.0,0.0,0.0,0.0,0.0,0.0,0.0,0.0,0.0,0.0,0.0,0.0,0.0,0.0,0.0,0.0,0.0,0.0,0.0,0.0,0.0,0.0,0.0,0.0,0.0,0.0,0.0,0.0,0.0,0.0,0.0,0.0,0.0,0.0,0.0,0.0,0.0,0.0,0.0,0.0,0.0,0.0,0.0,0.0,0.0,0.0,0.0,0.0,0.0,0.0,0.0,0.0,0.0,0.0,0.0,0.0,0.0,0.0,0.0,0.0,0.0,0.0,0.0,0.0,0.0,0.0,0.0,0.0,0.0,0.0,0.0,0.0,0.0,0.0,0.0,0.0,0.0,0.0,0.0,0.0,0.0,0.0,0.0,0.0,0.0,0.0,0.0,0.0,0.0,0.0,0.0,0.0,0.0,0.0,0.0,0.0,0.0,0.0,0.0,0.0,0.0,0.0,0.0,0.0,0.0,0.0,0.0,0.0,0.0,0.0,0.0,0.0,0.0,0.0,0.0,0.0,0.0,0.0,0.0,0.0,0.0,0.0,0.0,0.0,0.0,0.0,0.0,0.0,0.0,0.0,0.0,0.0,0.0,0.0,0.0,0.0
Reef 039,0.0,0.0,0.0,0.0,0.0,0.0,0.0,0.0,0.0,0.0,0.0,0.00214223,0.0,0.0,0.0130568,0.0,0.0,0.00388335,0.0,0.0,0.0029673,0.00243404,0.0,0.0,0.0,0.0,0.00842466,0.0,0.0,0.0,0.0,0.0,0.0,0.0,0.0,0.0649323,0.0,0.0,0.0,0.0309768,0.0,0.0,0.0,0.0,0.0,0.0,0.0,0.0,0.00747708,0.0,0.0,0.0,0.0,0.0,0.0,0.0,0.0,0.00715973,0.0,0.0,0.0,0.0,0.0,0.0,0.0,0.0,0.00902893,0.0,0.0,0.0,0.0,0.00964955,0.0,0.0,0.0,0.0,0.0,0.0,0.0,0.0,0.0,0.0,0.0,0.0,0.0,0.0,0.0,0.0,0.0,0.0,0.0,0.0,0.0,0.0,0.0,0.0,0.0,0.00364059,0.0,0.0,0.0,0.0,0.0,0.0,0.0,0.0,0.0,0.0947672,0.0,0.0,0.0,0.0,0.0,0.0,0.0,0.0,0.0,0.0,0.0,0.0,0.0,0.0,0.0,0.0,0.0,0.0,0.0,0.0,0.0,0.0,0.0,0.0,0.0,0.0,0.0,0.0,0.0,0.0,0.0,0.0,0.0,0.0,0.0,0.0,0.0,0.0,0.0,0.0,0.0,0.0,0.0,0.0,0.0,0.0,0.0,0.0,0.0,0.0,0.0,0.0,0.0,0.0,0.0,0.0,0.0,0.0,0.0,0.0,0.0,0.0,0.0,0.0,0.0,0.0,0.0,0.0,0.0,0.0,0.0,0.0,0.0,0.0,0.0,0.0,0.0,0.0,0.0,0.0,0.0,0.0,0.0,0.0,0.0,0.0,0.0,0.0,0.0,0.0,0.0,0.0,0.0,0.0,0.0,0.0,0.0,0.0,0.0,0.0,0.0,0.0,0.0,0.0,0.0,0.0,0.0,0.0,0.0,0.0,0.0,0.0,0.0,0.0,0.0,0.0,0.0,0.0,0.0,0.0,0.0,0.0,0.0,0.0,0.0,0.0,0.0,0.0,0.0,0.0,0.0,0.0,0.0,0.0,0.0,0.0,0.0,0.0,0.0,0.0,0.0,0.0,0.0,0.0,0.0,0.0,0.0,0.0,0.0,0.0,0.0,0.0,0.0,0.0,0.0,0.0,0.0,0.0,0.0,0.0,0.0,0.0,0.0,0.0,0.0,0.0,0.0,0.0,0.0,0.0,0.0,0.0,0.0,0.0,0.0,0.0,0.0,0.0,0.0,0.0,0.0,0.0,0.0,0.0,0.0,0.0,0.0,0.0,0.0,0.0,0.0,0.0,0.0,0.0,0.0,0.0,0.0,0.0,0.0,0.0,0.0,0.0,0.0,0.0,0.0,0.0,0.0,0.0,0.0,0.0,0.0,0.0,0.0,0.0,0.0,0.0,0.0,0.0,0.0,0.0,0.0,0.0,0.0,0.0,0.0,0.0,0.0,0.0,0.0,0.0,0.0,0.0,0.0,0.0,0.0,0.0,0.0,0.0,0.0,0.0,0.0,0.0,0.0,0.0,0.0,0.0,0.0,0.0,0.0,0.0,0.0,0.0,0.0,0.0,0.0,0.0,0.0,0.0,0.0,0.0,0.0,0.0,0.0,0.0,0.0,0.0,0.0,0.0,0.0,0.0,0.0,0.0,0.0,0.0,0.0,0.0,0.0,0.0,0.0,0.0,0.0,0.0,0.0,0.0,0.0,0.0,0.0,0.0,0.0,0.0,0.0,0.0,0.0,0.0,0.0,0.0,0.0,0.0,0.0,0.0,0.0,0.0,0.0,0.0,0.0,0.0,0.0,0.0,0.0,0.0,0.0,0.0,0.0,0.0,0.0
Reef 040,0.0,0.0,0.0,0.0,0.0,0.0,0.0,0.000185262,0.0,6.36e-05,2.96e-06,0.00410053,0.0,9.93e-06,0.0207879,0.00104134,4.25e-06,0.00288789,0.0010496,7.65e-06,0.00636794,0.00228528,3e-05,4.35e-06,0.0,5.83e-05,0.0106202,0.0,3.05e-06,0.000854744,0.0,5.04e-06,0.0,0.000179616,3.53e-05,0.0820705,5.57e-06,0.0,1.02e-05,0.0210358,1.4e-05,2.12e-05,0.0,2.43e-05,0.0,0.0,0.0,0.0,0.0181979,1.53e-05,0.0,5.06e-06,0.0,0.0,0.0,0.0,0.0,0.00492179,7.96e-05,3e-06,5.42e-06,0.0,4.05e-06,4.69e-06,2.93e-05,3.27e-06,0.000125217,0.0,0.0,9.93e-06,9.19e-06,0.00420813,0.0,0.0,0.0,6.2e-06,0.0,0.0,4.63e-06,0.0,7.89e-06,1.59e-05,1.41e-05,0.0,0.0,0.0,5.07e-06,4.1e-06,0.0,2.24e-05,8.78e-06,0.0,3.66e-06,2.8e-05,0.0,4.5e-05,7.26e-06,5.59e-06,0.0,0.0,0.0,0.0,0.0,0.0,0.0,3.3e-06,8.19e-05,1.09e-05,0.0,0.0,0.0,0.000143351,5.42e-06,1.54e-05,7.2e-06,0.0,3.79e-06,0.0,0.0,0.0,5.97e-06,4.69e-06,0.0,8.07e-06,0.0,0.0,0.0,0.0,0.0,0.0,3.09e-06,0.0,0.0,0.0,0.000106164,2.99e-06,0.0,0.0,5.19e-06,0.0,0.0,0.0,0.0,0.0,0.0,0.0,0.0,0.0,0.0,0.0,0.0,0.0,0.0,0.0,0.0,1.08e-05,0.0,0.0,0.0,0.0,0.0,0.0,0.0,0.0,0.0,0.0,0.0,0.0,0.0,0.0,0.0,0.0,0.0,0.0,0.0,0.0,0.0,0.0,0.0,0.0,0.0,0.0,0.0,0.0,0.0,0.0,0.0,0.0,0.0,0.0,0.0,0.0,0.0,0.0,0.0,0.0,0.0,0.0,0.0,0.0,0.0,0.0,0.0,0.0,0.0,0.0,0.0,0.0,0.0,0.0,0.0,0.0,0.0,0.0,0.0,0.0,0.0,0.0,0.0,0.0,0.0,0.0,0.0,0.0,0.0,0.0,0.0,0.0,0.0,0.0,0.0,0.0,0.0,0.0,0.0,0.0,0.0,0.0,0.0,0.0,0.0,0.0,0.0,0.0,0.0,0.0,0.0,0.0,0.0,0.0,0.0,0.0,0.0,0.0,0.0,0.0,0.0,0.0,0.0,0.0,0.0,0.0,0.0,0.0,0.0,0.0,0.0,0.0,0.0,0.0,0.0,0.0,0.0,0.0,0.0,0.0,0.0,0.0,0.0,0.0,0.0,0.0,0.0,0.0,0.0,0.0,0.0,0.0,0.0,0.0,0.0,0.0,0.0,0.0,0.0,0.0,0.0,0.0,0.0,0.0,0.0,0.0,0.0,0.0,0.0,0.0,0.0,0.0,0.0,0.0,0.0,0.0,0.0,0.0,0.0,0.0,0.0,0.0,0.0,0.0,0.0,0.0,0.0,0.0,0.0,0.0,0.0,0.0,0.0,0.0,0.0,0.0,0.0,0.0,0.0,0.0,0.0,0.0,0.0,0.0,0.0,0.0,0.0,0.0,0.0,0.0,0.0,0.0,0.0,0.0,0.0,0.0,0.0,0.0,0.0,0.0,0.0,0.0,0.0,0.0,0.0,0.0,0.0,0.0,0.0,0.0,0.0,0.0,0.0,0.0,0.0,0.0,0.0,0.0,0.0,0.0,0.0,0.0,0.0,0.0,0.0,0.0,0.0,0.0,0.0,0.0,0.0,0.0,0.0,0.0,0.0,0.0,0.0,0.0,0.0,0.0,0.0,0.0,0.0,0.0,0.0,0.0,0.0,0.0,0.0,0.0,0.0,0.0,0.0,0.0,0.0,0.0,0.0,0.0,0.0,0.0,0.0,0.0,0.0,0.0,0.0,0.0,0.0
Reef 041,0.0,0.0,0.0,0.0,0.0,0.0,0.0,0.00124733,0.0,0.0,0.0,0.00776747,0.0,0.000492795,0.000305312,0.0023124,0.0,0.00203289,0.000390163,0.0,0.00152415,0.000656483,0.0,0.000224855,0.0,0.000509927,0.00036765,0.0,0.0,0.0295284,0.000117956,0.000159673,0.0,0.00196705,0.0,0.000107724,0.000512475,0.000153314,0.0,0.0,0.000828452,0.0,0.0,0.0,0.0,0.0,0.0,0.0,0.0,0.000530152,0.0,0.0,0.0,0.0,0.0,0.0,0.0,0.0013663,0.0,0.0,0.000110973,0.0,0.0,0.0,0.00045338,0.000662162,0.0,0.0,0.0,0.000161547,0.0,0.0,0.0,0.0,0.0,0.0,0.000143927,0.0,0.0,0.0,0.0,0.0,0.0,0.0,0.0,0.0,0.0,0.0,0.0,9.34e-05,0.000269244,0.0,0.0,0.0,0.0,0.000491576,0.0,0.0,0.0,0.0,0.0,0.0,0.0,0.0,0.0,0.0,0.000105778,0.00294637,0.0,0.0,0.0,0.0,0.0,0.0,0.0,0.0,0.0,0.0,0.0,0.0,0.0,0.0,0.0,0.0,0.0,0.0,0.0,0.0,0.0,0.0,0.0,0.0,0.0,0.0,0.000386144,0.0,0.0,0.0,0.0,0.0,0.0,0.0,0.0,0.0,0.0,0.0,0.0,0.0,0.0,0.0,0.0,0.0,0.0,0.0,0.0,0.0,0.0,0.0,0.0,0.0,0.0,0.0,0.0,0.0,0.0,0.0,0.0,0.0,0.0,0.0,0.0,0.0,0.0,0.0,0.0,0.0,0.0,0.0,0.0,0.0,0.0,0.0,0.0,0.0,0.0,0.0,0.0,0.0,0.0,0.0,0.0,0.0,0.0,0.0,0.0,0.0,0.0,0.0,0.0,0.0,0.0,0.0,0.0,0.0,0.0,0.0,0.0,0.0,0.0,0.0,0.0,0.0,0.0,0.0,0.0,0.0,0.0,0.0,0.0,0.0,0.0,0.0,0.0,0.0,0.0,0.0,0.0,0.0,0.0,0.0,0.0,0.0,0.0,0.0,0.0,0.0,0.0,0.0,0.0,0.0,0.0,0.0,0.0,0.0,0.0,0.0,0.0,0.0,0.0,0.0,0.0,0.0,0.0,0.0,0.0,0.0,0.0,0.0,0.0,0.0,0.0,0.0,0.0,0.0,0.0,0.0,0.0,0.0,0.0,0.0,0.0,0.0,0.0,0.0,0.0,0.0,0.0,0.0,0.0,0.0,0.0,0.0,0.0,0.0,0.0,0.0,0.0,0.0,0.0,0.0,0.0,0.0,0.0,0.0,0.0,0.0,0.0,0.0,0.0,0.0,0.0,0.0,0.0,0.0,0.0,0.0,0.0,0.0,0.0,0.0,0.0,0.0,0.0,0.0,0.0,0.0,0.0,0.0,0.0,0.0,0.0,0.0,0.0,0.0,0.0,0.0,0.0,0.0,0.0,0.0,0.0,0.0,0.0,0.0,0.0,0.0,0.0,0.0,0.0,0.0,0.0,0.0,0.0,0.0,0.0,0.0,0.0,0.0,0.0,0.0,0.0,0.0,0.0,0.0,0.0,0.0,0.0,0.0,0.0,0.0,0.0,0.0,0.0,0.0,0.0,0.0,0.0,0.0,0.0,0.0,0.0,0.0,0.0,0.0,0.0,0.0,0.0,0.0,0.0,0.0,0.0,0.0,0.0,0.0,0.0,0.0,0.0,0.0,0.0,0.0,0.0,0.0,0.0,0.0,0.0,0.0,0.0,0.0,0.0,0.0,0.0,0.0,0.0,0.0,0.0,0.0,0.0,0.0,0.0,0.0,0.0,0.0,0.0,0.0,0.0,0.0,0.0,0.0,0.0,0.0,0.0,0.0,0.0
Reef 042,0.0,0.0,0.0,0.0,0.0,0.0,0.0,0.0,0.0,0.0,0.0,0.00285563,0.0,0.0,0.0161705,0.0024425,0.0,0.00340575,0.0,0.0,0.00391684,0.00224248,0.0,0.0,0.0,0.0,0.00898869,0.0,0.0,0.0,0.0,0.0,0.0,0.0,0.0,0.0680928,0.0,0.0,0.0,0.0171106,0.0,0.0,0.0,0.0,0.0,0.0,0.0,0.0,0.0221692,0.0,0.0,0.0,0.0,0.0,0.0,0.0,0.0,0.00753766,0.0,0.0,0.0,0.0,0.0,0.0,0.0,0.0,0.00180004,0.0,0.0,0.0,0.0,0.010753,0.0,0.0,0.0,0.0,0.0,0.0,0.0,0.0,0.0,0.0,0.0,0.0,0.0,0.0,0.0,0.0,0.0,0.0,0.0,0.0,0.0,0.0,0.0,0.0,0.0,0.00430186,0.0,0.0,0.0,0.0,0.0,0.0,0.0,0.0,0.0,0.00291206,0.0,0.0,0.0,0.0,0.0,0.0,0.0,0.0,0.0,0.0,0.0,0.0,0.0,0.0,0.0,0.0,0.0,0.0,0.0,0.0,0.0,0.0,0.0,0.0,0.0,0.0,0.0,0.0,0.0,0.0,0.0,0.0,0.0,0.0,0.0,0.0,0.0,0.0,0.0,0.0,0.0,0.0,0.0,0.0,0.0,0.0,0.0,0.0,0.0,0.0,0.0,0.0,0.0,0.0,0.0,0.0,0.0,0.0,0.0,0.0,0.0,0.0,0.0,0.0,0.0,0.0,0.0,0.0,0.0,0.0,0.0,0.0,0.0,0.0,0.0,0.0,0.0,0.0,0.0,0.0,0.0,0.0,0.0,0.0,0.0,0.0,0.0,0.0,0.0,0.0,0.0,0.0,0.0,0.0,0.0,0.0,0.0,0.0,0.0,0.0,0.0,0.0,0.0,0.0,0.0,0.0,0.0,0.0,0.0,0.0,0.0,0.0,0.0,0.0,0.0,0.0,0.0,0.0,0.0,0.0,0.0,0.0,0.0,0.0,0.0,0.0,0.0,0.0,0.0,0.0,0.0,0.0,0.0,0.0,0.0,0.0,0.0,0.0,0.0,0.0,0.0,0.0,0.0,0.0,0.0,0.0,0.0,0.0,0.0,0.0,0.0,0.0,0.0,0.0,0.0,0.0,0.0,0.0,0.0,0.0,0.0,0.0,0.0,0.0,0.0,0.0,0.0,0.0,0.0,0.0,0.0,0.0,0.0,0.0,0.0,0.0,0.0,0.0,0.0,0.0,0.0,0.0,0.0,0.0,0.0,0.0,0.0,0.0,0.0,0.0,0.0,0.0,0.0,0.0,0.0,0.0,0.0,0.0,0.0,0.0,0.0,0.0,0.0,0.0,0.0,0.0,0.0,0.0,0.0,0.0,0.0,0.0,0.0,0.0,0.0,0.0,0.0,0.0,0.0,0.0,0.0,0.0,0.0,0.0,0.0,0.0,0.0,0.0,0.0,0.0,0.0,0.0,0.0,0.0,0.0,0.0,0.0,0.0,0.0,0.0,0.0,0.0,0.0,0.0,0.0,0.0,0.0,0.0,0.0,0.0,0.0,0.0,0.0,0.0,0.0,0.0,0.0,0.0,0.0,0.0,0.0,0.0,0.0,0.0,0.0,0.0,0.0,0.0,0.0,0.0,0.0,0.0,0.0,0.0,0.0,0.0,0.0,0.0,0.0,0.0,0.0,0.0,0.0,0.0,0.0,0.0,0.0,0.0,0.0,0.0,0.0,0.0,0.0,0.0,0.0,0.0,0.0,0.0,0.0,0.0,0.0,0.0,0.0,0.0,0.0,0.0,0.0,0.0,0.0,0.0,0.0,0.0,0.0,0.0,0.0
Reef 043,0.0,0.0,0.0,0.0,0.0,0.0,0.0,3.18e-05,0.0,0.0,0.0,0.000101881,0.0,0.0083916,8.79e-05,0.0,0.0,5.86e-05,5.04e-05,0.0,9.71e-05,0.0,0.0,0.00950901,0.0,2.81e-05,0.0,0.0,0.0,0.000411256,0.0,0.0,0.0,0.0,0.0,0.0,0.0,0.0202282,0.0,0.0,0.0,0.0,0.0012123,0.0,0.0129803,0.00131981,0.00454303,0.00675248,0.0,0.0,0.0,0.0,0.00385048,0.0109984,0.0525563,0.0,0.0,0.0,0.0,0.0,0.0,0.0,0.0,0.0,0.0,0.0,0.0,0.0,0.0,0.0,0.0,0.0,0.0,0.0,0.0,0.000149237,0.0,0.0,0.0,0.0,0.0,0.0,0.0,0.0,0.0,0.0,0.0,0.0,0.0,0.0,3.21e-05,0.0,0.0,0.0,0.0,0.000622537,0.0,0.0,0.0,0.0,0.0,0.0,0.0,0.0,0.0,0.0,0.0,3.41e-05,0.0,0.0,0.0,0.0,8.33e-05,0.0,0.0,0.0,0.0,0.0,0.000268043,0.0,0.0,0.0,0.0,0.0,0.0,0.0,5.11e-05,0.0,0.0,0.0,0.0,0.0,0.0,0.0,0.0,0.0,0.0,0.0,0.0,0.0,0.0,0.0,0.0,0.0,0.0,0.0,0.0,0.0,0.0,0.0,0.0,0.0,0.0,0.0,0.0,0.0,0.0,0.0,0.0,0.0,0.0,0.0,0.0,0.0,0.0,0.0,0.0,0.0,0.0,0.0,0.0,0.0,0.0,0.0,0.0,0.0,0.0,0.0,0.0,0.0,0.0,0.0,0.0,0.0,0.0,0.0,0.0,0.0,0.0,0.0,0.0,0.0,0.0,0.0,0.0,0.0,0.0,0.0,0.0,0.0,0.0,0.0,0.0,0.0,0.0,0.0,0.0,0.0,0.0,0.0,0.0,0.0,0.0,0.0,0.0,0.0,0.0,0.0,0.0,0.0,0.0,0.0,0.0,0.0,0.0,0.0,0.0,0.0,0.0,0.0,0.0,0.0,0.0,0.0,0.0,0.0,0.0,0.0,0.0,0.0,0.0,0.0,0.0,0.0,0.0,0.0,0.0,0.0,0.0,0.0,0.0,0.0,0.0,0.0,0.0,0.0,0.0,0.0,0.0,0.0,0.0,0.0,0.0,0.0,0.0,0.0,0.0,0.0,0.0,0.0,0.0,0.0,0.0,0.0,0.0,0.0,0.0,0.0,0.0,0.0,0.0,0.0,0.0,0.0,0.0,0.0,0.0,0.0,0.0,0.0,0.0,0.0,0.0,0.0,0.0,0.0,0.0,0.0,0.0,0.0,0.0,0.0,0.0,0.0,0.0,0.0,0.0,0.0,0.0,0.0,0.0,0.0,0.0,0.0,0.0,0.0,0.0,0.0,0.0,0.0,0.0,0.0,0.0,0.0,0.0,0.0,0.0,0.0,0.0,0.0,0.0,0.0,0.0,0.0,0.0,0.0,0.0,0.0,0.0,0.0,0.0,0.0,0.0,0.0,0.0,0.0,0.0,0.0,0.0,0.0,0.0,0.0,0.0,0.0,0.0,0.0,0.0,0.0,0.0,0.0,0.0,0.0,0.0,0.0,0.0,0.0,0.0,0.0,0.0,0.0,0.0,0.0,0.0,0.0,0.0,0.0,0.0,0.0,0.0,0.0,0.0,0.0,0.0,0.0,0.0,0.0,0.0,0.0,0.0,0.0,0.0,0.0,0.0,0.0,0.0,0.0,0.0,0.0,0.0,0.0,0.0,0.0,0.0,0.0,0.0,0.0,0.0,0.0,0.0,0.0,0.0,0.0,0.0,0.0,0.0,0.0,0.0,0.0,0.0,0.0,0.0,0.0,0.0
Reef 044,0.0,0.0,0.0,0.0,0.0,0.0,0.0,0.0,0.0,0.0,0.0,0.00136081,0.0,0.0,0.00990386,0.0,0.0,0.0035316,0.00112631,0.0,0.00250711,0.00248227,0.0,0.0,0.0,0.0,0.00830598,0.0,0.0,0.0028067,0.0,0.0,0.0,0.0,0.0,0.0525209,0.0,0.0,0.0,0.0260943,0.0,0.0,0.0,0.0,0.0,0.0,0.0,0.0,0.00244294,0.0,0.0,0.0,0.0,0.0,0.0,0.0,0.0,0.00742538,0.0,0.0,0.0,0.0,0.0,0.0,0.0,0.0,0.00107337,0.0,0.0,0.0,0.0,0.0089651,0.0,0.0,0.0,0.0,0.0,0.0,0.0,0.0,0.00199112,0.0,0.0,0.0,0.0,0.0,0.0,0.0,0.0,0.0,0.0,0.0,0.0,0.0,0.0,0.00194472,0.0,0.00536574,0.0,0.0,0.0,0.0,0.0,0.0,0.0,0.0,0.0,0.00239302,0.0,0.0,0.0,0.0,0.0,0.0,0.0,0.0,0.0,0.0,0.0,0.0,0.0,0.0,0.0,0.0,0.0,0.0,0.0,0.0,0.0,0.0,0.0,0.0,0.0,0.0,0.0,0.0,0.0,0.0,0.0,0.0,0.0,0.0,0.0,0.0,0.0,0.0,0.0,0.0,0.0,0.0,0.0,0.0,0.0,0.0,0.0,0.0,0.0,0.0,0.0,0.0,0.0,0.0,0.0,0.0,0.0,0.0,0.0,0.0,0.0,0.0,0.0,0.0,0.0,0.0,0.0,0.0,0.0,0.0,0.0,0.0,0.0,0.0,0.0,0.0,0.0,0.0,0.0,0.0,0.0,0.0,0.0,0.0,0.0,0.0,0.0,0.0,0.0,0.0,0.0,0.0,0.0,0.0,0.0,0.0,0.0,0.0,0.0,0.0,0.0,0.0,0.0,0.0,0.0,0.0,0.0,0.0,0.0,0.0,0.0,0.0,0.0,0.0,0.0,0.0,0.0,0.0,0.0,0.0,0.0,0.0,0.0,0.0,0.0,0.0,0.0,0.0,0.0,0.0,0.0,0.0,0.0,0.0,0.0,0.0,0.0,0.0,0.0,0.0,0.0,0.0,0.0,0.0,0.0,0.0,0.0,0.0,0.0,0.0,0.0,0.0,0.0,0.0,0.0,0.0,0.0,0.0,0.0,0.0,0.0,0.0,0.0,0.0,0.0,0.0,0.0,0.0,0.0,0.0,0.0,0.0,0.0,0.0,0.0,0.0,0.0,0.0,0.0,0.0,0.0,0.0,0.0,0.0,0.0,0.0,0.0,0.0,0.0,0.0,0.0,0.0,0.0,0.0,0.0,0.0,0.0,0.0,0.0,0.0,0.0,0.0,0.0,0.0,0.0,0.0,0.0,0.0,0.0,0.0,0.0,0.0,0.0,0.0,0.0,0.0,0.0,0.0,0.0,0.0,0.0,0.0,0.0,0.0,0.0,0.0,0.0,0.0,0.0,0.0,0.0,0.0,0.0,0.0,0.0,0.0,0.0,0.0,0.0,0.0,0.0,0.0,0.0,0.0,0.0,0.0,0.0,0.0,0.0,0.0,0.0,0.0,0.0,0.0,0.0,0.0,0.0,0.0,0.0,0.0,0.0,0.0,0.0,0.0,0.0,0.0,0.0,0.0,0.0,0.0,0.0,0.0,0.0,0.0,0.0,0.0,0.0,0.0,0.0,0.0,0.0,0.0,0.0,0.0,0.0,0.0,0.0,0.0,0.0,0.0,0.0,0.0,0.0,0.0,0.0,0.0,0.0,0.0,0.0,0.0,0.0,0.0,0.0,0.0,0.0,0.0,0.0,0.0,0.0,0.0,0.0,0.0,0.0,0.0,0.0
Reef 045,0.0,0.0,0.0,0.0,0.0,0.0,8.8e-07,1.74e-05,1.72e-06,3.38e-06,3.28e-07,0.000126939,0.0,0.00664756,4.82e-05,3.2e-05,3.76e-07,1.49e-06,9.3e-05,1.38e-06,9.52e-06,2.11e-06,7.99e-07,0.00727689,0.0,2.22e-06,4.27e-07,4.19e-07,0.0,2.7e-07,1.91e-07,0.0,3.27e-07,2.17e-06,0.0,2.95e-07,4.97e-06,0.0140211,0.0,1.61e-06,2.97e-07,0.0,0.000140168,0.0,0.191503,0.00611579,0.000499236,0.00346425,7.09e-07,1.62e-06,0.0,0.0,0.0587772,0.00732597,0.0239839,3.92e-07,0.0,1.86e-06,0.0,0.0,4.64e-06,0.0,0.0,0.0,2.32e-07,3.72e-07,1.99e-07,2.34e-07,0.0,2e-07,5.91e-07,2.85e-06,0.0,0.0,0.0,8.8e-05,1.44e-05,0.0,0.0,0.0,1.58e-06,0.0,4.1e-07,0.0,0.0,0.0,0.0,0.0,2.37e-07,8.66e-06,0.000133168,0.0,0.0,0.0,0.0,0.00180638,0.0,0.0,0.0,2.21e-07,0.0,0.0,0.0,0.0,0.0,9.43e-07,6.64e-07,1.22e-06,3.58e-05,0.0,0.0,8.87e-06,0.000116934,8.48e-07,5.89e-06,0.0,0.0,0.0,5.78e-05,3.17e-05,9.25e-07,1.52e-06,1.27e-06,0.0,0.0,1.02e-06,4.77e-05,0.0,0.0,0.0,0.0,0.0,0.0,0.0,9.64e-07,1.17e-06,1.49e-06,0.0,7.14e-07,0.0,5.04e-07,0.0,0.0,0.0,0.0,0.0,7.39e-06,1.85e-06,0.0,0.0,0.0,0.0,0.0,0.0,0.0,4.43e-06,1.43e-06,0.0,0.0,0.0,1.57e-06,0.0,0.0,0.0,0.0,0.0,0.0,1.01e-06,0.0,0.0,1.24e-06,0.0,0.0,0.0,0.0,0.0,0.0,0.0,0.0,4.38e-07,0.0,0.0,3.39e-07,0.0,0.0,1.03e-06,0.0,0.0,0.0,0.0,0.0,0.0,0.0,0.0,0.0,0.0,0.0,0.0,0.0,0.0,0.0,0.0,0.0,0.0,0.0,0.0,0.0,0.0,0.0,0.0,0.0,0.0,0.0,0.0,0.0,0.0,0.0,0.0,0.0,0.0,0.0,0.0,0.0,0.0,0.0,0.0,0.0,0.0,0.0,0.0,0.0,0.0,0.0,0.0,0.0,0.0,0.0,0.0,0.0,0.0,0.0,0.0,0.0,0.0,0.0,0.0,0.0,0.0,0.0,0.0,0.0,0.0,0.0,0.0,0.0,0.0,0.0,0.0,0.0,0.0,0.0,0.0,0.0,0.0,0.0,0.0,0.0,0.0,0.0,0.0,0.0,0.0,0.0,0.0,0.0,0.0,0.0,0.0,0.0,0.0,0.0,0.0,0.0,0.0,0.0,0.0,0.0,0.0,0.0,0.0,0.0,0.0,0.0,0.0,0.0,0.0,0.0,0.0,0.0,0.0,0.0,0.0,0.0,0.0,0.0,0.0,0.0,0.0,0.0,0.0,0.0,0.0,0.0,0.0,0.0,0.0,0.0,0.0,0.0,0.0,0.0,0.0,0.0,0.0,0.0,0.0,0.0,0.0,0.0,0.0,0.0,0.0,0.0,0.0,0.0,0.0,0.0,0.0,0.0,0.0,0.0,0.0,0.0,0.0,0.0,0.0,0.0,0.0,0.0,0.0,0.0,0.0,0.0,0.0,0.0,0.0,0.0,0.0,0.0,0.0,0.0,0.0,0.0,0.0,0.0,0.0,0.0,0.0,0.0,0.0,0.0,0.0,0.0,0.0,0.0,0.0,0.0,0.0,0.0,0.0,0.0,0.0,0.0,0.0,0.0,0.0,0.0,0.0,0.0,0.0,0.0,0.0,0.0,0.0,0.0,0.0,0.0,0.0,0.0,0.0,0.0,0.0,0.0,0.0,0.0,0.0,0.0,0.0,0.0,0.0,0.0,0.0,0.0,0.0,0.0,0.0,0.0,0.0,0.0,0.0,0.0,0.0,0.0
Reef 046,0.0,0.0,0.0,0.0,0.0,0.0,0.0,1.35e-05,0.0,1.56e-05,8.46e-06,9.96e-05,0.0,0.00866965,3.08e-05,2.29e-05,0.0,0.000181876,5.89e-05,1.1e-05,6.92e-06,3.67e-05,0.0,0.0102412,0.0,5.43e-06,2.35e-05,0.0,0.0,7.41e-06,0.0,0.0,0.0,1.16e-05,0.0,6.42e-05,1.26e-05,0.0254361,0.0,0.0,0.0,0.0,0.000135057,0.0,0.00276515,0.000476384,0.00137055,0.00822064,0.0,5.42e-06,0.0,0.0,0.00575847,0.01109,0.0474586,0.0,0.0,1.3e-05,0.0,0.0,0.0,0.0,0.0,0.0,0.0,0.0,0.0,0.0,0.0,0.0,0.0,0.0,0.0,0.0,0.0,4.62e-05,8.27e-06,0.0,0.0,0.0,0.0,0.0,0.0,0.0,0.0,0.0,0.0,0.0,0.0,4.53e-06,6.86e-05,0.0,0.0,0.0,0.0,0.00103481,0.0,0.0,0.0,0.0,0.0,0.0,0.0,0.0,0.0,0.0,9.62e-06,0.00010145,1.8e-05,0.0,0.0,6.58e-06,5.7e-05,1.13e-05,4.35e-06,0.0,0.0,0.0,1.73e-05,1.53e-05,0.0,0.0,0.0,0.0,0.0,0.0,1.07e-05,0.0,0.0,0.0,0.0,0.0,0.0,0.0,3.33e-05,3.78e-05,0.0,0.0,0.0,0.0,0.0,0.0,0.0,0.0,0.0,0.0,8.45e-06,0.0,0.0,0.0,0.0,0.0,0.0,0.0,0.0,3.46e-05,0.0,0.0,0.0,0.0,0.0,0.0,0.0,0.0,0.0,0.0,0.0,0.0,0.0,0.0,2.19e-05,0.0,0.0,0.0,0.0,0.0,0.0,0.0,0.0,0.0,0.0,0.0,0.0,0.0,0.0,0.0,0.0,0.0,0.0,0.0,0.0,0.0,0.0,0.0,0.0,0.0,0.0,0.0,0.0,0.0,0.0,0.0,0.0,0.0,0.0,0.0,0.0,0.0,0.0,0.0,0.0,0.0,0.0,0.0,0.0,0.0,0.0,0.0,0.0,0.0,0.0,0.0,0.0,0.0,0.0,0.0,0.0,0.0,0.0,0.0,0.0,0.0,0.0,0.0,0.0,0.0,0.0,0.0,0.0,0.0,0.0,0.0,0.0,0.0,0.0,0.0,0.0,0.0,0.0,0.0,0.0,0.0,0.0,0.0,0.0,0.0,0.0,0.0,0.0,0.0,0.0,0.0,0.0,0.0,0.0,0.0,0.0,0.0,0.0,0.0,0.0,0.0,0.0,0.0,0.0,0.0,0.0,0.0,0.0,0.0,0.0,0.0,0.0,0.0,0.0,0.0,0.0,0.0,0.0,0.0,0.0,0.0,0.0,0.0,0.0,0.0,0.0,0.0,0.0,0.0,0.0,0.0,0.0,0.0,0.0,0.0,0.0,0.0,0.0,0.0,0.0,0.0,0.0,0.0,0.0,0.0,0.0,0.0,0.0,0.0,0.0,0.0,0.0,0.0,0.0,0.0,0.0,0.0,0.0,0.0,0.0,0.0,0.0,0.0,0.0,0.0,0.0,0.0,0.0,0.0,0.0,0.0,0.0,0.0,0.0,0.0,0.0,0.0,0.0,0.0,0.0,0.0,0.0,0.0,0.0,0.0,0.0,0.0,0.0,0.0,0.0,0.0,0.0,0.0,0.0,0.0,0.0,0.0,0.0,0.0,0.0,0.0,0.0,0.0,0.0,0.0,0.0,0.0,0.0,0.0,0.0,0.0,0.0,0.0,0.0,0.0,0.0,0.0,0.0,0.0,0.0,0.0,0.0,0.0,0.0,0.0,0.0,0.0,0.0,0.0,0.0,0.0,0.0,0.0,0.0,0.0,0.0,0.0,0.0,0.0,0.0,0.0,0.0,0.0,0.0,0.0,0.0,0.0,0.0,0.0,0.0,0.0,0.0
Reef 047,0.0,0.0,0.0,0.0,0.0,0.0,0.0,4.75e-05,0.0,1.8e-05,1.9e-05,0.0001074,0.0,0.0075185,0.000117768,0.0,0.0,2.19e-05,1.46e-05,0.0,2.44e-05,0.0,0.0,0.00907767,0.0,2.72e-05,0.0,0.0,0.0,0.000354707,0.0,0.0,0.0,0.0,0.0,0.0,0.0,0.0247456,0.0,0.0,0.0,0.0,0.000150613,0.0,0.00300047,0.000306786,0.00110766,0.0111226,0.0,0.0,0.0,0.0,0.000374047,0.000463334,0.0518694,0.0,0.0,0.0,0.0,0.0,0.0,0.0,0.0,0.0,0.0,0.0,0.0,0.0,0.0,0.0,0.0,0.0,0.0,0.0,0.0,1.89e-05,0.0,0.0,0.0,0.0,0.0,0.0,0.0,0.0,0.0,0.0,0.0,0.0,0.0,0.0,2.7e-05,0.0,0.0,0.0,0.0,0.000288857,0.0,0.0,0.0,0.0,0.0,0.0,0.0,0.0,0.0,0.0,0.0,0.0,0.0,0.0,0.0,0.0,0.000103001,0.0,0.0,0.0,0.0,0.0,0.000324949,0.0,0.0,0.0,0.0,0.0,0.0,0.0,6.04e-05,0.0,0.0,0.0,0.0,0.0,0.0,0.0,0.0,0.0,0.0,0.0,0.0,0.0,0.0,0.0,0.0,0.0,0.0,0.0,0.0,0.0,0.0,0.0,0.0,0.0,0.0,0.0,0.0,0.0,0.0,0.0,0.0,0.0,0.0,0.0,0.0,0.0,0.0,0.0,0.0,0.0,0.0,0.0,0.0,0.0,0.0,0.0,0.0,0.0,0.0,0.0,0.0,0.0,0.0,0.0,0.0,0.0,0.0,0.0,0.0,0.0,0.0,0.0,0.0,0.0,0.0,0.0,0.0,0.0,0.0,0.0,0.0,0.0,0.0,0.0,0.0,0.0,0.0,0.0,0.0,0.0,0.0,0.0,0.0,0.0,0.0,0.0,0.0,0.0,0.0,0.0,0.0,0.0,0.0,0.0,0.0,0.0,0.0,0.0,0.0,0.0,0.0,0.0,0.0,0.0,0.0,0.0,0.0,0.0,0.0,0.0,0.0,0.0,0.0,0.0,0.0,0.0,0.0,0.0,0.0,0.0,0.0,0.0,0.0,0.0,0.0,0.0,0.0,0.0,0.0,0.0,0.0,0.0,0.0,0.0,0.0,0.0,0.0,0.0,0.0,0.0,0.0,0.0,0.0,0.0,0.0,0.0,0.0,0.0,0.0,0.0,0.0,0.0,0.0,0.0,0.0,0.0,0.0,0.0,0.0,0.0,0.0,0.0,0.0,0.0,0.0,0.0,0.0,0.0,0.0,0.0,0.0,0.0,0.0,0.0,0.0,0.0,0.0,0.0,0.0,0.0,0.0,0.0,0.0,0.0,0.0,0.0,0.0,0.0,0.0,0.0,0.0,0.0,0.0,0.0,0.0,0.0,0.0,0.0,0.0,0.0,0.0,0.0,0.0,0.0,0.0,0.0,0.0,0.0,0.0,0.0,0.0,0.0,0.0,0.0,0.0,0.0,0.0,0.0,0.0,0.0,0.0,0.0,0.0,0.0,0.0,0.0,0.0,0.0,0.0,0.0,0.0,0.0,0.0,0.0,0.0,0.0,0.0,0.0,0.0,0.0,0.0,0.0,0.0,0.0,0.0,0.0,0.0,0.0,0.0,0.0,0.0,0.0,0.0,0.0,0.0,0.0,0.0,0.0,0.0,0.0,0.0,0.0,0.0,0.0,0.0,0.0,0.0,0.0,0.0,0.0,0.0,0.0,0.0,0.0,0.0,0.0,0.0,0.0,0.0,0.0,0.0,0.0,0.0,0.0,0.0,0.0,0.0,0.0,0.0,0.0,0.0,0.0,0.0,0.0,0.0
Reef 048,0.0,0.0,0.0,0.0,0.0,0.0,0.0,5.34e-06,0.0,4.32e-06,3.11e-06,4.88e-06,0.0,0.0025102,0.000137562,3.02e-06,0.0,0.000215366,2.16e-05,0.0,0.000289076,4.71e-05,0.0,0.00297507,0.0,3.93e-06,6.31e-05,0.0,0.0,5.38e-05,0.0,0.0,0.0,3.01e-06,0.0,0.000146883,9.5e-06,0.0164334,0.0,5.28e-06,0.0,0.0,4.29e-05,0.0,0.000727573,7.21e-05,0.000103955,0.00061679,3.05e-06,6.5e-06,0.0,0.0,5.03e-05,8.36e-05,0.0011953,0.0,0.0,0.00101331,0.0,0.0,2.93e-06,0.0,0.0,0.0,8.91e-06,0.0,0.0,0.0,0.0,0.0,0.0,9.58e-06,0.0,0.0,0.0,8.25e-06,7.39e-06,0.0,0.0,0.0,5e-06,0.0,0.0,0.0,0.0,0.0,0.0,0.0,0.0,7.75e-06,2.65e-05,0.0,0.0,0.0,0.0,4.07e-06,0.0,0.0,0.0,0.0,0.0,0.0,0.0,0.0,0.0,0.0,4.28e-06,4.54e-05,0.0,0.0,0.0,2.88e-06,5.76e-06,4.97e-06,3.7e-06,0.0,0.0,0.0,1.75e-05,0.0,0.0,0.0,0.0,0.0,0.0,0.0,0.0,0.0,0.0,0.0,0.0,0.0,0.0,0.0,1.68e-05,1.88e-05,0.0,0.0,0.0,0.0,0.0,0.0,0.0,0.0,0.0,0.0,0.0,0.0,0.0,0.0,0.0,0.0,0.0,0.0,0.0,1.78e-05,0.0,0.0,0.0,0.0,0.0,0.0,0.0,0.0,0.0,0.0,0.0,0.0,0.0,0.0,1.16e-05,0.0,0.0,0.0,0.0,0.0,0.0,0.0,0.0,0.0,0.0,0.0,0.0,0.0,0.0,0.0,0.0,0.0,0.0,0.0,0.0,0.0,0.0,0.0,0.0,0.0,0.0,0.0,0.0,0.0,0.0,0.0,0.0,0.0,0.0,0.0,0.0,0.0,0.0,0.0,0.0,0.0,0.0,0.0,0.0,0.0,0.0,0.0,0.0,0.0,0.0,0.0,0.0,0.0,0.0,0.0,0.0,0.0,0.0,0.0,0.0,0.0,0.0,0.0,0.0,0.0,0.0,0.0,0.0,0.0,0.0,0.0,0.0,0.0,0.0,0.0,0.0,0.0,0.0,0.0,0.0,0.0,0.0,0.0,0.0,0.0,0.0,0.0,0.0,0.0,0.0,0.0,0.0,0.0,0.0,0.0,0.0,0.0,0.0,0.0,0.0,0.0,0.0,0.0,0.0,0.0,0.0,0.0,0.0,0.0,0.0,0.0,0.0,0.0,0.0,0.0,0.0,0.0,0.0,0.0,0.0,0.0,0.0,0.0,0.0,0.0,0.0,0.0,0.0,0.0,0.0,0.0,0.0,0.0,0.0,0.0,0.0,0.0,0.0,0.0,0.0,0.0,0.0,0.0,0.0,0.0,0.0,0.0,0.0,0.0,0.0,0.0,0.0,0.0,0.0,0.0,0.0,0.0,0.0,0.0,0.0,0.0,0.0,0.0,0.0,0.0,0.0,0.0,0.0,0.0,0.0,0.0,0.0,0.0,0.0,0.0,0.0,0.0,0.0,0.0,0.0,0.0,0.0,0.0,0.0,0.0,0.0,0.0,0.0,0.0,0.0,0.0,0.0,0.0,0.0,0.0,0.0,0.0,0.0,0.0,0.0,0.0,0.0,0.0,0.0,0.0,0.0,0.0,0.0,0.0,0.0,0.0,0.0,0.0,0.0,0.0,0.0,0.0,0.0,0.0,0.0,0.0,0.0,0.0,0.0,0.0,0.0,0.0,0.0,0.0,0.0,0.0,0.0,0.0,0.0,0.0,0.0,0.0,0.0,0.0,0.0,0.0,0.0,0.0,0.0,0.0,0.0,0.0,0.0,0.0,0.0,0.0,0.0
Reef 049,0.0,0.0,0.0,0.0,0.0,0.0,8.36e-07,0.000920414,7.93e-07,0.00026386,1.24e-06,0.0325105,4.72e-06,0.000202756,0.0184624,0.0205787,4.35e-06,0.00235112,0.000116694,4.54e-07,0.0556064,0.000962974,6.89e-06,1.78e-06,5.87e-07,5.07e-06,0.00184914,0.0,1.2e-06,6.34e-05,4.19e-07,3.83e-07,0.0,1.28e-05,1.58e-06,0.0600763,4.37e-06,0.0,3.5e-06,0.000217158,4.91e-07,8.66e-06,0.0,2.57e-06,0.0,0.0,0.0,0.0,0.0333131,7.52e-06,0.0,6.38e-07,0.0,0.0,0.0,0.0,0.0,0.000182185,9.35e-07,5.17e-07,2.43e-06,0.0,6.64e-07,2.07e-06,1.23e-06,0.0,0.00520004,0.0,0.0,5.06e-07,1.14e-06,5.9e-05,0.0,0.0,0.0,8.1e-07,0.0,0.0,5.05e-07,0.0,5.64e-07,0.000861104,7.8e-07,0.0,0.0,0.0,4.49e-07,0.000164273,0.0,8.68e-07,1.16e-06,0.0,6.14e-07,0.000733473,0.0,5.61e-06,7.86e-07,1.18e-06,0.0,0.0,9.91e-06,6.1e-06,0.0,5.29e-07,0.0,4.61e-07,4.8e-06,0.0132856,0.0,0.0,0.0,2.22e-06,7.11e-07,6.32e-07,3.75e-06,0.0,3.46e-06,0.000202499,0.0,0.0,7.99e-07,1.11e-06,0.0,0.000388643,0.0,0.0,0.0,0.0,0.0,2.56e-05,0.0,9.78e-06,0.0,0.0,2.4e-06,3.65e-06,7.62e-05,0.0,9.94e-07,0.0,2.49e-06,0.0,0.0,0.0,0.0,0.0,0.0,0.0,0.0,0.0,0.0,0.0,0.0,0.0,0.0,7.8e-07,1.02e-06,0.0,0.0,0.0,5.26e-06,0.0,0.0,0.0,0.0,0.0,0.0,7.4e-07,3.99e-07,0.0,7.46e-07,0.0,1.57e-06,0.0,0.0,0.0,0.0,0.0,0.0,0.0,0.0,0.0,0.0,0.0,0.0,9.04e-07,0.0,0.0,0.0,0.0,0.0,0.0,0.0,0.0,0.0,0.0,0.0,0.0,0.0,0.0,0.0,0.0,0.0,0.0,0.0,0.0,0.0,0.0,0.0,0.0,0.0,0.0,0.0,0.0,0.0,0.0,0.0,0.0,0.0,0.0,0.0,0.0,0.0,0.0,0.0,0.0,0.0,0.0,0.0,0.0,0.0,0.0,0.0,0.0,0.0,0.0,0.0,0.0,0.0,0.0,0.0,0.0,0.0,0.0,0.0,0.0,0.0,0.0,0.0,0.0,0.0,0.0,0.0,0.0,0.0,0.0,0.0,0.0,0.0,0.0,0.0,0.0,0.0,0.0,0.0,0.0,0.0,0.0,0.0,0.0,0.0,0.0,0.0,0.0,0.0,0.0,0.0,0.0,0.0,0.0,0.0,0.0,0.0,0.0,0.0,0.0,0.0,0.0,0.0,0.0,0.0,0.0,0.0,0.0,0.0,0.0,0.0,0.0,0.0,0.0,0.0,0.0,0.0,0.0,0.0,0.0,0.0,0.0,0.0,0.0,0.0,0.0,0.0,0.0,0.0,0.0,0.0,0.0,0.0,0.0,0.0,0.0,0.0,0.0,0.0,0.0,0.0,0.0,0.0,0.0,0.0,0.0,0.0,0.0,0.0,0.0,0.0,0.0,0.0,0.0,0.0,0.0,0.0,0.0,0.0,0.0,0.0,0.0,0.0,0.0,0.0,0.0,0.0,0.0,0.0,0.0,0.0,0.0,0.0,0.0,0.0,0.0,0.0,0.0,0.0,0.0,0.0,0.0,0.0,0.0,0.0,0.0,0.0,0.0,0.0,0.0,0.0,0.0,0.0,0.0,0.0,0.0,0.0,0.0,0.0,0.0,0.0,0.0,0.0,0.0,0.0,0.0,0.0,0.0,0.0,0.0,0.0,0.0,0.0,0.0,0.0,0.0,0.0,0.0,0.0,0.0,0.0,0.0,0.0,0.0,0.0,0.0,0.0,0.0,0.0,0.0,0.0,0.0,0.0,0.0,0.0,0.0,0.0
Reef 050,0.0,0.0,0.0,0.0,0.0,0.0,0.0,0.000959392,0.0,0.0,0.0,0.00598185,0.0,0.000637363,5.24e-05,0.00195268,0.0,0.000511123,8.78e-05,0.0,0.000731764,0.000562525,0.0,0.000768574,0.0,0.000175662,0.000427135,0.0,0.0,0.020454,8.42e-05,0.0,5.61e-05,0.000385024,0.0,9.06e-05,0.000437591,0.000637647,0.0,0.00017085,0.000214176,0.0,0.0,0.0,0.0,0.0,0.0,0.0,0.0001018,0.000579547,0.0,0.0,0.0,0.0,0.0,0.0,0.0,0.00168867,0.0,0.0,0.000569801,0.0,0.0,0.0,0.000323263,0.0,0.000141304,0.0,0.0,0.0,5.63e-05,0.000366095,0.0,0.0,0.0,0.00013566,0.000102565,0.0,0.0,0.0,0.00013634,0.0,0.0,0.0,0.0,0.0,0.0,0.0,0.0,0.00105862,0.000157558,0.0,0.0,0.0,0.0,0.0252872,0.0,0.000185961,0.0,0.0,0.0,0.0,0.0,0.0,0.0,0.0,0.000398453,0.00692164,0.000470186,0.0,0.0,0.000335865,0.00235028,0.000345,0.000166947,0.0,0.0,0.0,4.73e-05,0.000211625,0.0,6.81e-05,0.0,0.0,0.0,0.0,0.0,0.0,0.0,0.0,0.0,0.0,0.0,0.0,0.00193469,0.0023477,0.0,0.0,0.000358693,0.0,0.0,0.0,0.0,0.0,0.0,0.0,0.0,0.0,0.0,0.0,0.0,0.0,0.0,0.0,0.0,0.00164638,0.0,0.0,0.0,0.0,0.0,0.0,0.0,0.0,0.0,0.0,0.0,0.0,0.0,0.0,0.00140952,0.0,0.0,0.0,0.0,0.0,0.0,0.0,0.0,6.87e-05,0.0,0.0,0.0,0.0,0.0,0.0,0.0,0.0,0.0,0.0,0.0,0.0,0.0,0.0,0.0,0.0,0.0,0.0,0.0,0.0,0.0,0.0,0.0,0.0,0.0,0.0,0.0,0.0,0.0,0.0,0.0,0.0,0.0,0.0,0.0,0.0,0.0,0.0,0.0,0.0,0.0,0.0,0.0,0.0,0.0,0.0,0.0,0.0,0.0,0.0,0.0,0.0,0.0,0.0,0.0,0.0,0.0,0.0,0.0,0.0,0.0,0.0,0.0,0.0,0.0,0.0,0.0,0.0,0.0,0.0,0.0,0.0,0.0,0.0,0.0,0.0,0.0,0.0,0.0,0.0,0.0,0.0,0.0,0.0,0.0,0.0,0.0,0.0,0.0,0.0,0.0,0.0,0.0,0.0,0.0,0.0,0.0,0.0,0.0,0.0,0.0,0.0,0.0,0.0,0.0,0.0,0.0,0.0,0.0,0.0,0.0,0.0,0.0,0.0,0.0,0.0,0.0,0.0,0.0,0.0,0.0,0.0,0.0,0.0,0.0,0.0,0.0,0.0,0.0,0.0,0.0,0.0,0.0,0.0,0.0,0.0,0.0,0.0,0.0,0.0,0.0,0.0,0.0,0.0,0.0,0.0,0.0,0.0,0.0,0.0,0.0,0.0,0.0,0.0,0.0,0.0,0.0,0.0,0.0,0.0,0.0,0.0,0.0,0.0,0.0,0.0,0.0,0.0,0.0,0.0,0.0,0.0,0.0,0.0,0.0,0.0,0.0,0.0,0.0,0.0,0.0,0.0,0.0,0.0,0.0,0.0,0.0,0.0,0.0,0.0,0.0,0.0,0.0,0.0,0.0,0.0,0.0,0.0,0.0,0.0,0.0,0.0,0.0,0.0,0.0,0.0,0.0,0.0,0.0,0.0,0.0,0.0,0.0,0.0,0.0,0.0,0.0,0.0,0.0,0.0,0.0,0.0,0.0,0.0,0.0,0.0,0.0,0.0,0.0,0.0,0.0,0.0,0.0,0.0,0.0,0.0,0.0,0.0,0.0,0.0,0.0,0.0,0.0
Reef 051,0.0,0.0,0.0,0.0,0.0,0.0,0.0,0.0,0.0,0.0,0.0,0.00158022,0.0,0.0221842,0.0169023,0.0,0.0,0.00364319,0.00687928,0.0,0.00181158,0.00188445,0.0,0.00333205,0.0,0.0,0.00538006,0.0,0.0,0.0179725,0.0,0.0,0.0,0.00180641,0.0,0.00166748,0.0,0.0,0.0,0.0,0.0,0.0,0.0,0.0,0.0,0.0,0.0,0.0,0.0,0.0,0.0,0.0,0.0,0.0,0.0,0.0,0.0,0.00401678,0.0,0.0,0.0,0.0,0.0,0.0,0.00225393,0.0,0.0,0.0,0.0,0.0,0.0,0.0,0.0,0.0,0.0,0.0,0.0,0.0,0.0,0.0,0.0,0.0,0.0,0.0,0.0,0.0,0.0,0.0,0.0,0.00197193,0.0,0.0,0.0,0.0,0.0,0.00235148,0.0,0.0,0.0,0.0,0.0,0.0,0.0,0.0,0.0,0.0,0.0,0.00150021,0.0,0.0,0.0,0.0,0.0,0.0,0.0,0.0,0.0,0.0,0.0,0.0,0.0,0.0,0.0,0.0,0.0,0.0,0.0,0.0,0.0,0.0,0.0,0.0,0.0,0.0,0.0063371,0.0,0.0,0.0,0.0,0.0,0.0,0.0,0.0,0.0,0.0,0.0,0.0,0.0,0.0,0.0,0.0,0.0,0.0,0.0,0.0,0.0,0.0,0.0,0.0,0.0,0.0,0.0,0.0,0.0,0.0,0.0,0.0,0.0,0.0,0.0,0.0,0.0,0.0,0.0,0.0,0.0,0.0,0.0,0.0,0.0,0.0,0.0,0.0,0.0,0.0,0.0,0.0,0.0,0.0,0.0,0.0,0.0,0.0,0.0,0.0,0.0,0.0,0.0,0.0,0.0,0.0,0.0,0.0,0.0,0.0,0.0,0.0,0.0,0.0,0.0,0.0,0.0,0.0,0.0,0.0,0.0,0.0,0.0,0.0,0.0,0.0,0.0,0.0,0.0,0.0,0.0,0.0,0.0,0.0,0.0,0.0,0.0,0.0,0.0,0.0,0.0,0.0,0.0,0.0,0.0,0.0,0.0,0.0,0.0,0.0,0.0,0.0,0.0,0.0,0.0,0.0,0.0,0.0,0.0,0.0,0.0,0.0,0.0,0.0,0.0,0.0,0.0,0.0,0.0,0.0,0.0,0.0,0.0,0.0,0.0,0.0,0.0,0.0,0.0,0.0,0.0,0.0,0.0,0.0,0.0,0.0,0.0,0.0,0.0,0.0,0.0,0.0,0.0,0.0,0.0,0.0,0.0,0.0,0.0,0.0,0.0,0.0,0.0,0.0,0.0,0.0,0.0,0.0,0.0,0.0,0.0,0.0,0.0,0.0,0.0,0.0,0.0,0.0,0.0,0.0,0.0,0.0,0.0,0.0,0.0,0.0,0.0,0.0,0.0,0.0,0.0,0.0,0.0,0.0,0.0,0.0,0.0,0.0,0.0,0.0,0.0,0.0,0.0,0.0,0.0,0.0,0.0,0.0,0.0,0.0,0.0,0.0,0.0,0.0,0.0,0.0,0.0,0.0,0.0,0.0,0.0,0.0,0.0,0.0,0.0,0.0,0.0,0.0,0.0,0.0,0.0,0.0,0.0,0.0,0.0,0.0,0.0,0.0,0.0,0.0,0.0,0.0,0.0,0.0,0.0,0.0,0.0,0.0,0.0,0.0,0.0,0.0,0.0,0.0,0.0,0.0,0.0,0.0,0.0,0.0,0.0,0.0,0.0,0.0,0.0,0.0,0.0,0.0,0.0,0.0,0.0,0.0,0.0,0.0,0.0,0.0,0.0,0.0,0.0,0.0,0.0,0.0,0.0,0.0,0.0,0.0,0.0,0.0
Reef 052,0.0,0.0,0.0,0.0,0.0,0.0,0.0,0.0,0.0,0.0,0.0,0.00940146,0.0,0.0,0.0108001,0.0,0.0,0.00289884,0.0,0.0,0.0289209,0.00761525,0.0,0.0,0.0,0.0,0.0104254,0.0,0.0,0.00403556,0.0,0.0,0.0,0.0,0.0,0.0375302,0.0,0.0,0.0,0.0139002,0.0,0.0,0.0,0.0,0.0,0.0,0.0,0.0,0.00645585,0.0,0.0,0.0,0.0,0.0,0.0,0.0,0.0,0.00975942,0.0,0.0,0.0,0.0,0.0,0.0,0.0,0.0,0.0138072,0.0,0.0,0.0,0.0,0.00672432,0.0,0.0,0.0,0.0,0.0,0.0,0.0,0.0,0.0,0.0,0.0,0.0,0.0,0.0,0.0,0.0,0.0,0.0,0.0,0.0,0.0,0.0,0.0,0.0,0.0,0.010063,0.0,0.0,0.0,0.0,0.0,0.0,0.0,0.0,0.0,0.0214515,0.0,0.0,0.0,0.0,0.0,0.0,0.0,0.0,0.0,0.0,0.0,0.0,0.0,0.0,0.0,0.0,0.0,0.0,0.0,0.0,0.0,0.0,0.0,0.0,0.0,0.0,0.0,0.0,0.0,0.0,0.0,0.0,0.0,0.0,0.0,0.0,0.0,0.0,0.0,0.0,0.0,0.0,0.0,0.0,0.0,0.0,0.0,0.0,0.0,0.0,0.0,0.0,0.0,0.0,0.0,0.0,0.0,0.0,0.0,0.0,0.0,0.0,0.0,0.0,0.0,0.0,0.0,0.0,0.0,0.0,0.0,0.0,0.0,0.0,0.0,0.0,0.0,0.0,0.0,0.0,0.0,0.0,0.0,0.0,0.0,0.0,0.0,0.0,0.0,0.0,0.0,0.0,0.0,0.0,0.0,0.0,0.0,0.0,0.0,0.0,0.0,0.0,0.0,0.0,0.0,0.0,0.0,0.0,0.0,0.0,0.0,0.0,0.0,0.0,0.0,0.0,0.0,0.0,0.0,0.0,0.0,0.0,0.0,0.0,0.0,0.0,0.0,0.0,0.0,0.0,0.0,0.0,0.0,0.0,0.0,0.0,0.0,0.0,0.0,0.0,0.0,0.0,0.0,0.0,0.0,0.0,0.0,0.0,0.0,0.0,0.0,0.0,0.0,0.0,0.0,0.0,0.0,0.0,0.0,0.0,0.0,0.0,0.0,0.0,0.0,0.0,0.0,0.0,0.0,0.0,0.0,0.0,0.0,0.0,0.0,0.0,0.0,0.0,0.0,0.0,0.0,0.0,0.0,0.0,0.0,0.0,0.0,0.0,0.0,0.0,0.0,0.0,0.0,0.0,0.0,0.0,0.0,0.0,0.0,0.0,0.0,0.0,0.0,0.0,0.0,0.0,0.0,0.0,0.0,0.0,0.0,0.0,0.0,0.0,0.0,0.0,0.0,0.0,0.0,0.0,0.0,0.0,0.0,0.0,0.0,0.0,0.0,0.0,0.0,0.0,0.0,0.0,0.0,0.0,0.0,0.0,0.0,0.0,0.0,0.0,0.0,0.0,0.0,0.0,0.0,0.0,0.0,0.0,0.0,0.0,0.0,0.0,0.0,0.0,0.0,0.0,0.0,0.0,0.0,0.0,0.0,0.0,0.0,0.0,0.0,0.0,0.0,0.0,0.0,0.0,0.0,0.0,0.0,0.0,0.0,0.0,0.0,0.0,0.0,0.0,0.0,0.0,0.0,0.0,0.0,0.0,0.0,0.0,0.0,0.0,0.0,0.0,0.0,0.0,0.0,0.0,0.0,0.0,0.0,0.0,0.0,0.0,0.0,0.0,0.0,0.0,0.0,0.0,0.0,0.0,0.0,0.0,0.0,0.0,0.0
Reef 053,0.0,0.0,0.0,0.0,0.0,0.0,1.01e-06,1.37e-05,1.17e-06,2.8e-06,6.86e-06,8.84e-05,0.0,0.00735161,4.04e-06,2.08e-05,0.0,1.32e-06,1.23e-06,1.35e-06,6.75e-06,1.84e-06,0.0,0.00899265,0.0,2.15e-06,2.58e-05,9.5e-07,0.0,2.02e-05,2.49e-06,0.0,9.49e-07,1.86e-06,0.0,1.4e-06,4.06e-06,0.0251481,0.0,1.78e-06,9.74e-07,0.0,9.36e-05,0.0,0.00248063,0.00035632,0.000602548,0.00772859,0.0,1.56e-06,0.0,0.0,0.0106052,0.00465218,0.0323229,0.0,0.0,3.28e-06,0.0,0.0,1.24e-06,0.0,0.0,0.0,5.75e-06,0.0,0.0,0.0,0.0,0.0,0.0,3.01e-06,0.0,0.0,0.0,3.04e-05,5.48e-06,0.0,0.0,0.0,1.65e-06,0.0,0.0,0.0,0.0,0.0,0.0,0.0,0.0,2.35e-06,4.07e-05,0.0,0.0,0.0,0.0,0.000676322,0.0,0.0,0.0,1.17e-06,0.0,0.0,0.0,0.0,0.0,1e-06,1.35e-05,3.27e-06,1.06e-05,0.0,0.0,9e-06,3.48e-05,1.53e-05,5.96e-06,0.0,0.0,0.0,1.56e-05,1.05e-05,9.55e-07,1.6e-06,0.0,0.0,0.0,0.0,8.79e-06,0.0,0.0,0.0,0.0,0.0,0.0,0.0,4.28e-05,5.12e-05,0.0,0.0,5.09e-06,0.0,0.0,0.0,0.0,0.0,0.0,0.0,1.13e-06,1.15e-06,0.0,0.0,0.0,0.0,0.0,0.0,0.0,2.83e-06,0.0,0.0,0.0,0.0,0.0,0.0,0.0,0.0,0.0,0.0,0.0,0.0,0.0,0.0,1.24e-06,0.0,0.0,0.0,0.0,0.0,0.0,0.0,0.0,0.0,0.0,0.0,0.0,0.0,0.0,0.0,0.0,0.0,0.0,0.0,0.0,0.0,0.0,0.0,0.0,0.0,0.0,0.0,0.0,0.0,0.0,0.0,0.0,0.0,0.0,0.0,0.0,0.0,0.0,0.0,0.0,0.0,0.0,0.0,0.0,0.0,0.0,0.0,0.0,0.0,0.0,0.0,0.0,0.0,0.0,0.0,0.0,0.0,0.0,0.0,0.0,0.0,0.0,0.0,0.0,0.0,0.0,0.0,0.0,0.0,0.0,0.0,0.0,0.0,0.0,0.0,0.0,0.0,0.0,0.0,0.0,0.0,0.0,0.0,0.0,0.0,0.0,0.0,0.0,0.0,0.0,0.0,0.0,0.0,0.0,0.0,0.0,0.0,0.0,0.0,0.0,0.0,0.0,0.0,0.0,0.0,0.0,0.0,0.0,0.0,0.0,0.0,0.0,0.0,0.0,0.0,0.0,0.0,0.0,0.0,0.0,0.0,0.0,0.0,0.0,0.0,0.0,0.0,0.0,0.0,0.0,0.0,0.0,0.0,0.0,0.0,0.0,0.0,0.0,0.0,0.0,0.0,0.0,0.0,0.0,0.0,0.0,0.0,0.0,0.0,0.0,0.0,0.0,0.0,0.0,0.0,0.0,0.0,0.0,0.0,0.0,0.0,0.0,0.0,0.0,0.0,0.0,0.0,0.0,0.0,0.0,0.0,0.0,0.0,0.0,0.0,0.0,0.0,0.0,0.0,0.0,0.0,0.0,0.0,0.0,0.0,0.0,0.0,0.0,0.0,0.0,0.0,0.0,0.0,0.0,0.0,0.0,0.0,0.0,0.0,0.0,0.0,0.0,0.0,0.0,0.0,0.0,0.0,0.0,0.0,0.0,0.0,0.0,0.0,0.0,0.0,0.0,0.0,0.0,0.0,0.0,0.0,0.0,0.0,0.0,0.0,0.0,0.0,0.0,0.0,0.0,0.0,0.0,0.0,0.0,0.0,0.0,0.0,0.0,0.0,0.0,0.0,0.0,0.0,0.0,0.0,0.0,0.0,0.0,0.0,0.0,0.0,0.0
Reef 054,0.0,0.0,0.0,0.0,0.0,0.0,0.0,2.81e-05,0.0,3.34e-05,4.57e-06,9.61e-05,0.0,0.00489451,4.45e-05,1.52e-05,0.0,9.41e-05,1.38e-05,5.93e-06,4.75e-06,3.8e-06,0.0,0.0062193,0.0,2.13e-05,2.27e-05,0.0,0.0,9.21e-05,0.0,0.0,0.0,9.25e-06,0.0,5.44e-05,8.68e-06,0.0221491,0.0,0.0,0.0,0.0,8.7e-05,0.0,0.00166409,0.000168659,0.000537469,0.00722622,0.0,6.19e-06,0.0,0.0,0.00018517,0.000965099,0.0211403,0.0,0.0,0.000262025,0.0,0.0,4.44e-06,0.0,0.0,0.0,0.0,0.0,0.0,0.0,0.0,0.0,0.0,0.0,0.0,0.0,0.0,1e-05,9.37e-06,0.0,0.0,0.0,0.0,0.0,0.0,0.0,0.0,0.0,0.0,0.0,0.0,8.96e-06,1.42e-05,0.0,0.0,0.0,0.0,0.000278389,0.0,0.0,0.0,0.0,0.0,0.0,0.0,0.0,0.0,0.0,5.19e-06,5.41e-05,0.0,0.0,0.0,4.56e-06,9.99e-06,5.96e-06,0.0,0.0,0.0,0.0,5.01e-05,0.0,0.0,0.0,0.0,0.0,0.0,0.0,7.36e-06,0.0,0.0,0.0,0.0,0.0,0.0,0.0,1.65e-05,1.95e-05,0.0,0.0,0.0,0.0,0.0,0.0,0.0,0.0,0.0,0.0,0.0,0.0,0.0,0.0,0.0,0.0,0.0,0.0,0.0,6.5e-06,0.0,0.0,0.0,0.0,0.0,0.0,0.0,0.0,0.0,0.0,0.0,0.0,0.0,0.0,1.12e-05,0.0,0.0,0.0,0.0,0.0,0.0,0.0,0.0,0.0,0.0,0.0,0.0,0.0,0.0,0.0,0.0,0.0,0.0,0.0,0.0,0.0,0.0,0.0,0.0,0.0,0.0,0.0,0.0,0.0,0.0,0.0,0.0,0.0,0.0,0.0,0.0,0.0,0.0,0.0,0.0,0.0,0.0,0.0,0.0,0.0,0.0,0.0,0.0,0.0,0.0,0.0,0.0,0.0,0.0,0.0,0.0,0.0,0.0,0.0,0.0,0.0,0.0,0.0,0.0,0.0,0.0,0.0,0.0,0.0,0.0,0.0,0.0,0.0,0.0,0.0,0.0,0.0,0.0,0.0,0.0,0.0,0.0,0.0,0.0,0.0,0.0,0.0,0.0,0.0,0.0,0.0,0.0,0.0,0.0,0.0,0.0,0.0,0.0,0.0,0.0,0.0,0.0,0.0,0.0,0.0,0.0,0.0,0.0,0.0,0.0,0.0,0.0,0.0,0.0,0.0,0.0,0.0,0.0,0.0,0.0,0.0,0.0,0.0,0.0,0.0,0.0,0.0,0.0,0.0,0.0,0.0,0.0,0.0,0.0,0.0,0.0,0.0,0.0,0.0,0.0,0.0,0.0,0.0,0.0,0.0,0.0,0.0,0.0,0.0,0.0,0.0,0.0,0.0,0.0,0.0,0.0,0.0,0.0,0.0,0.0,0.0,0.0,0.0,0.0,0.0,0.0,0.0,0.0,0.0,0.0,0.0,0.0,0.0,0.0,0.0,0.0,0.0,0.0,0.0,0.0,0.0,0.0,0.0,0.0,0.0,0.0,0.0,0.0,0.0,0.0,0.0,0.0,0.0,0.0,0.0,0.0,0.0,0.0,0.0,0.0,0.0,0.0,0.0,0.0,0.0,0.0,0.0,0.0,0.0,0.0,0.0,0.0,0.0,0.0,0.0,0.0,0.0,0.0,0.0,0.0,0.0,0.0,0.0,0.0,0.0,0.0,0.0,0.0,0.0,0.0,0.0,0.0,0.0,0.0,0.0,0.0,0.0,0.0,0.0,0.0,0.0,0.0,0.0,0.0,0.0,0.0,0.0,0.0,0.0,0.0,0.0,0.0
Reef 055,0.0,0.0,0.0,0.0,0.0,0.0,9.9e-07,4.01e-06,8.57e-07,2.85e-06,5.04e-06,3.47e-06,0.0,0.00263201,0.000141343,2.65e-06,1.44e-06,0.000252761,3.54e-05,1.05e-06,7.91e-07,1.49e-06,0.0,0.00325082,0.0,6.15e-06,7.26e-05,0.0,0.0,0.000129505,7.12e-07,0.0,0.0,5.61e-06,0.0,0.000177383,9.85e-07,0.0155534,0.0,6.63e-06,0.0,0.0,5.41e-05,0.0,0.00109059,0.000104856,0.00013496,0.00328414,3.64e-06,1.43e-05,0.0,0.0,0.000108126,0.00013315,0.00272189,8.17e-07,0.0,3.42e-06,0.0,0.0,7.92e-06,0.0,0.0,0.0,5.84e-06,1.26e-06,2.1e-06,0.0,0.0,0.0,3.03e-06,1.16e-05,0.0,0.0,0.0,1.11e-05,2.5e-05,0.0,0.0,0.0,1.74e-06,0.0,7.68e-07,0.0,0.0,0.0,0.0,0.0,0.0,2.3e-05,4.4e-06,0.0,0.0,0.0,0.0,5.84e-06,0.0,8.3e-07,0.0,1.17e-06,0.0,0.0,0.0,0.0,0.0,1.03e-06,1.34e-05,0.000145934,2.28e-06,0.0,0.0,9.3e-06,2.09e-06,1.58e-05,6.2e-06,0.0,0.0,0.0,8.91e-07,2.47e-06,9.82e-07,1.75e-06,0.0,0.0,0.0,7.17e-07,4.09e-05,0.0,0.0,0.0,0.0,0.0,0.0,0.0,5.39e-05,5.97e-05,0.0,0.0,6.15e-06,0.0,0.0,0.0,0.0,0.0,0.0,0.0,3.64e-06,1.32e-06,0.0,0.0,0.0,0.0,0.0,0.0,0.0,1.19e-06,0.0,0.0,0.0,0.0,0.0,0.0,0.0,0.0,0.0,0.0,0.0,0.0,0.0,0.0,3.67e-05,0.0,0.0,0.0,0.0,0.0,0.0,0.0,0.0,0.0,0.0,0.0,0.0,0.0,0.0,0.0,0.0,0.0,0.0,0.0,0.0,0.0,0.0,0.0,0.0,0.0,0.0,0.0,0.0,0.0,0.0,0.0,0.0,0.0,0.0,0.0,0.0,0.0,0.0,0.0,0.0,0.0,0.0,0.0,0.0,0.0,0.0,0.0,0.0,0.0,0.0,0.0,0.0,0.0,0.0,0.0,0.0,0.0,0.0,0.0,0.0,0.0,0.0,0.0,0.0,0.0,0.0,0.0,0.0,0.0,0.0,0.0,0.0,0.0,0.0,0.0,0.0,0.0,0.0,0.0,0.0,0.0,0.0,0.0,0.0,0.0,0.0,0.0,0.0,0.0,0.0,0.0,0.0,0.0,0.0,0.0,0.0,0.0,0.0,0.0,0.0,0.0,0.0,0.0,0.0,0.0,0.0,0.0,0.0,0.0,0.0,0.0,0.0,0.0,0.0,0.0,0.0,0.0,0.0,0.0,0.0,0.0,0.0,0.0,0.0,0.0,0.0,0.0,0.0,0.0,0.0,0.0,0.0,0.0,0.0,0.0,0.0,0.0,0.0,0.0,0.0,0.0,0.0,0.0,0.0,0.0,0.0,0.0,0.0,0.0,0.0,0.0,0.0,0.0,0.0,0.0,0.0,0.0,0.0,0.0,0.0,0.0,0.0,0.0,0.0,0.0,0.0,0.0,0.0,0.0,0.0,0.0,0.0,0.0,0.0,0.0,0.0,0.0,0.0,0.0,0.0,0.0,0.0,0.0,0.0,0.0,0.0,0.0,0.0,0.0,0.0,0.0,0.0,0.0,0.0,0.0,0.0,0.0,0.0,0.0,0.0,0.0,0.0,0.0,0.0,0.0,0.0,0.0,0.0,0.0,0.0,0.0,0.0,0.0,0.0,0.0,0.0,0.0,0.0,0.0,0.0,0.0,0.0,0.0,0.0,0.0,0.0,0.0,0.0,0.0,0.0,0.0,0.0,0.0,0.0,0.0,0.0,0.0,0.0,0.0,0.0,0.0,0.0,0.0,0.0,0.0,0.0,0.0,0.0,0.0,0.0,0.0,0.0
Reef 056,0.0,0.0,0.0,0.0,0.0,0.0,0.0,0.0,0.0,0.0,0.0,0.00144795,0.0,0.0109455,0.00271733,0.0,0.0,0.00129645,0.00157481,0.0,0.001549,0.0013558,0.0,0.0,0.0,0.0,0.00378136,0.0,0.0,0.0142549,0.0,0.0,0.0,0.0,0.0,0.005036,0.0,0.0,0.0,0.0,0.0,0.0,0.0,0.0,0.0,0.0,0.0,0.0,0.0,0.00131636,0.0,0.0,0.0,0.0,0.0,0.0,0.0,0.00283797,0.0,0.0,0.0,0.0,0.0,0.0,0.0,0.0,0.0,0.0,0.0,0.0,0.0,0.0,0.0,0.0,0.0,0.0,0.0,0.0,0.0,0.0,0.0,0.0,0.0,0.0,0.0,0.0,0.0,0.0,0.0,0.0,0.0,0.0,0.0,0.0,0.0,0.0114871,0.0,0.0,0.0,0.0,0.0,0.0,0.0,0.0,0.0,0.0,0.0,0.00905676,0.00153406,0.0,0.0,0.0,0.00218637,0.0,0.0,0.0,0.0,0.0,0.0,0.0,0.0,0.0,0.0,0.0,0.0,0.0,0.0,0.0,0.0,0.0,0.0,0.0,0.0,0.0,0.00237793,0.00286948,0.0,0.0,0.0,0.0,0.0,0.0,0.0,0.0,0.0,0.0,0.0,0.0,0.0,0.0,0.0,0.0,0.0,0.0,0.0,0.00196812,0.0,0.0,0.0,0.0,0.0,0.0,0.0,0.0,0.0,0.0,0.0,0.0,0.0,0.0,0.0017428,0.0,0.0,0.0,0.0,0.0,0.0,0.0,0.0,0.0,0.0,0.0,0.0,0.0,0.0,0.0,0.0,0.0,0.0,0.0,0.0,0.0,0.0,0.0,0.0,0.0,0.0,0.0,0.0,0.0,0.0,0.0,0.0,0.0,0.0,0.0,0.0,0.0,0.0,0.0,0.0,0.0,0.0,0.0,0.0,0.0,0.0,0.0,0.0,0.0,0.0,0.0,0.0,0.0,0.0,0.0,0.0,0.0,0.0,0.0,0.0,0.0,0.0,0.0,0.0,0.0,0.0,0.0,0.0,0.0,0.0,0.0,0.0,0.0,0.0,0.0,0.0,0.0,0.0,0.0,0.0,0.0,0.0,0.0,0.0,0.0,0.0,0.0,0.0,0.0,0.0,0.0,0.0,0.0,0.0,0.0,0.0,0.0,0.0,0.0,0.0,0.0,0.0,0.0,0.0,0.0,0.0,0.0,0.0,0.0,0.0,0.0,0.0,0.0,0.0,0.0,0.0,0.0,0.0,0.0,0.0,0.0,0.0,0.0,0.0,0.0,0.0,0.0,0.0,0.0,0.0,0.0,0.0,0.0,0.0,0.0,0.0,0.0,0.0,0.0,0.0,0.0,0.0,0.0,0.0,0.0,0.0,0.0,0.0,0.0,0.0,0.0,0.0,0.0,0.0,0.0,0.0,0.0,0.0,0.0,0.0,0.0,0.0,0.0,0.0,0.0,0.0,0.0,0.0,0.0,0.0,0.0,0.0,0.0,0.0,0.0,0.0,0.0,0.0,0.0,0.0,0.0,0.0,0.0,0.0,0.0,0.0,0.0,0.0,0.0,0.0,0.0,0.0,0.0,0.0,0.0,0.0,0.0,0.0,0.0,0.0,0.0,0.0,0.0,0.0,0.0,0.0,0.0,0.0,0.0,0.0,0.0,0.0,0.0,0.0,0.0,0.0,0.0,0.0,0.0,0.0,0.0,0.0,0.0,0.0,0.0,0.0,0.0,0.0,0.0,0.0,0.0,0.0,0.0,0.0,0.0,0.0,0.0,0.0,0.0,0.0,0.0,0.0,0.0,0.0,0.0,0.0,0.0,0.0,0.0,0.0,0.0,0.0
Reef 057,0.0,0.0,0.0,0.0,0.0,0.0,0.0,0.0,0.0,0.0,0.0,0.0,0.0,0.00865059,0.00243037,0.0,0.0,0.0,0.0,0.0,0.0,0.0,0.0,0.00142901,0.0,0.0,0.0,0.0,0.0,0.00490039,0.0,0.0,0.0,0.0,0.0,0.0,0.0,0.0,0.0,0.0,0.0,0.0,0.0,0.0,0.0,0.0,0.0,0.0,0.0,0.00163759,0.0,0.0,0.0,0.0,0.0,0.0,0.0,0.00144016,0.0,0.0,0.0,0.0,0.0,0.0,0.00399231,0.0,0.0,0.0,0.0,0.0,0.0,0.0,0.0,0.0,0.0,0.0,0.0,0.0,0.0,0.0,0.0,0.0,0.0,0.0,0.0,0.0,0.0,0.0,0.0,0.00196862,0.0,0.0,0.0,0.0,0.0,0.00393557,0.0,0.0,0.0,0.0,0.0,0.0,0.0,0.0,0.0,0.0,0.0,0.00155035,0.0,0.0,0.0,0.0,0.0,0.0,0.0,0.0,0.0,0.0,0.0,0.0,0.0,0.0,0.0,0.0,0.0,0.0,0.0,0.0,0.0,0.0,0.0,0.0,0.0,0.0,0.00793802,0.0,0.0,0.0,0.0,0.0,0.0,0.0,0.0,0.0,0.0,0.0,0.0,0.0,0.0,0.0,0.0,0.0,0.0,0.0,0.0,0.0,0.0,0.0,0.0,0.0,0.0,0.0,0.0,0.0,0.0,0.0,0.0,0.0,0.0,0.0,0.0,0.0,0.0,0.0,0.0,0.0,0.0,0.0,0.0,0.0,0.0,0.0,0.0,0.0,0.0,0.0,0.0,0.0,0.0,0.0,0.0,0.0,0.0,0.0,0.0,0.0,0.0,0.0,0.0,0.0,0.0,0.0,0.0,0.0,0.0,0.0,0.0,0.0,0.0,0.0,0.0,0.0,0.0,0.0,0.0,0.0,0.0,0.0,0.0,0.0,0.0,0.0,0.0,0.0,0.0,0.0,0.0,0.0,0.0,0.0,0.0,0.0,0.0,0.0,0.0,0.0,0.0,0.0,0.0,0.0,0.0,0.0,0.0,0.0,0.0,0.0,0.0,0.0,0.0,0.0,0.0,0.0,0.0,0.0,0.0,0.0,0.0,0.0,0.0,0.0,0.0,0.0,0.0,0.0,0.0,0.0,0.0,0.0,0.0,0.0,0.0,0.0,0.0,0.0,0.0,0.0,0.0,0.0,0.0,0.0,0.0,0.0,0.0,0.0,0.0,0.0,0.0,0.0,0.0,0.0,0.0,0.0,0.0,0.0,0.0,0.0,0.0,0.0,0.0,0.0,0.0,0.0,0.0,0.0,0.0,0.0,0.0,0.0,0.0,0.0,0.0,0.0,0.0,0.0,0.0,0.0,0.0,0.0,0.0,0.0,0.0,0.0,0.0,0.0,0.0,0.0,0.0,0.0,0.0,0.0,0.0,0.0,0.0,0.0,0.0,0.0,0.0,0.0,0.0,0.0,0.0,0.0,0.0,0.0,0.0,0.0,0.0,0.0,0.0,0.0,0.0,0.0,0.0,0.0,0.0,0.0,0.0,0.0,0.0,0.0,0.0,0.0,0.0,0.0,0.0,0.0,0.0,0.0,0.0,0.0,0.0,0.0,0.0,0.0,0.0,0.0,0.0,0.0,0.0,0.0,0.0,0.0,0.0,0.0,0.0,0.0,0.0,0.0,0.0,0.0,0.0,0.0,0.0,0.0,0.0,0.0,0.0,0.0,0.0,0.0,0.0,0.0,0.0,0.0,0.0,0.0,0.0,0.0,0.0,0.0,0.0,0.0,0.0,0.0,0.0,0.0,0.0,0.0,0.0,0.0,0.0,0.0,0.0
Reef 058,0.0,0.0,0.0,0.0,0.0,0.0,1.16e-06,2.54e-06,1.68e-06,4.73e-05,9.71e-07,1.73e-05,1.35e-06,1.18e-06,0.00331615,0.000469538,1.65e-05,8.38e-05,0.00126862,4.15e-05,2.53e-05,0.000415215,1.41e-05,6.49e-07,2.2e-06,0.000348632,0.0068098,5.97e-06,6.44e-06,0.0166163,6.36e-06,7.7e-07,2.37e-06,0.000325041,1.99e-05,0.000555714,7.02e-05,1.6e-06,4.14e-06,1e-06,1.56e-05,3.49e-06,0.0,4.61e-06,0.0,0.0,0.0,0.0,0.000315238,1.46e-05,1.08e-05,1.51e-06,0.0,0.0,0.0,1.13e-06,5.92e-06,0.0645729,4.55e-06,1.44e-05,4.31e-06,3.56e-06,9.66e-06,0.0,3.32e-06,1.34e-06,7.99e-05,1.08e-06,0.0,6.59e-06,2.62e-06,8.69e-07,1.14e-06,1.18e-06,0.0,4.73e-06,2.94e-06,1.45e-06,3.44e-06,1.11e-06,1.42e-06,0.0,1.55e-05,1.06e-06,1.14e-06,1.36e-06,1.96e-06,0.0,1.02e-06,7e-07,1e-05,3.06e-06,1.56e-06,0.0,2.3e-06,9.8e-06,3.48e-06,1.83e-06,0.0,5.66e-07,0.0,0.0,8.36e-07,0.0,0.0,5.8e-06,0.000245537,5.79e-06,4.56e-06,6.03e-07,2.67e-06,1.42e-05,1.1e-05,6.25e-05,1.35e-05,9.46e-07,0.0,0.0,0.0,1.5e-06,1.67e-06,1.67e-05,1.88e-06,8.77e-06,0.0,8.6e-07,0.0,0.0,0.0,0.0,0.0,0.0,0.0,0.0,0.000950128,3.68e-05,0.0,0.0,8.16e-06,0.0,0.0,0.0,0.0,0.0,0.0,0.0,0.0,1.22e-06,0.0,0.0,0.0,0.0,0.0,0.0,0.0,0.000196647,0.0,0.0,0.0,0.0,0.0,0.0,0.0,0.0,0.0,0.0,0.0,0.0,0.0,0.0,2.09e-05,0.0,0.0,0.0,0.0,0.0,0.0,0.0,0.0,0.0,0.0,0.0,0.0,0.0,0.0,0.0,0.0,0.0,0.0,0.0,0.0,0.0,0.0,0.0,0.0,0.0,0.0,0.0,0.0,0.0,0.0,0.0,0.0,0.0,0.0,0.0,0.0,0.0,0.0,0.0,0.0,0.0,0.0,0.0,0.0,0.0,0.0,0.0,0.0,0.0,0.0,0.0,0.0,0.0,0.0,0.0,0.0,0.0,0.0,0.0,0.0,0.0,0.0,0.0,0.0,0.0,0.0,0.0,0.0,0.0,0.0,0.0,0.0,0.0,0.0,0.0,0.0,0.0,0.0,0.0,0.0,0.0,0.0,0.0,0.0,0.0,0.0,0.0,0.0,0.0,0.0,0.0,0.0,0.0,0.0,0.0,0.0,0.0,0.0,0.0,0.0,0.0,0.0,0.0,0.0,0.0,0.0,0.0,0.0,0.0,0.0,0.0,0.0,0.0,0.0,0.0,0.0,0.0,0.0,0.0,0.0,0.0,0.0,0.0,0.0,0.0,0.0,0.0,0.0,0.0,0.0,0.0,0.0,0.0,0.0,0.0,0.0,0.0,0.0,0.0,0.0,0.0,0.0,0.0,0.0,0.0,0.0,0.0,0.0,0.0,0.0,0.0,0.0,0.0,0.0,0.0,0.0,0.0,0.0,0.0,0.0,0.0,0.0,0.0,0.0,0.0,0.0,0.0,0.0,0.0,0.0,0.0,0.0,0.0,0.0,0.0,0.0,0.0,0.0,0.0,0.0,0.0,0.0,0.0,0.0,0.0,0.0,0.0,0.0,0.0,0.0,0.0,0.0,0.0,0.0,0.0,0.0,0.0,0.0,0.0,0.0,0.0,0.0,0.0,0.0,0.0,0.0,0.0,0.0,0.0,0.0,0.0,0.0,0.0,0.0,0.0,0.0,0.0,0.0,0.0,0.0,0.0,0.0,0.0,0.0,0.0,0.0,0.0,0.0,0.0,0.0,0.0,0.0,0.0,0.0,0.0,0.0,0.0,0.0,0.0,0.0,0.0,0.0,0.0,0.0,0.0,0.0,0.0,0.0,0.0,0.0,0.0,0.0
Reef 059,0.0,0.0,0.0,0.0,0.0,0.0,0.0,0.000495698,0.0,0.0,0.0,0.00140469,0.0,0.000209602,0.0109597,0.00116535,0.0,0.00203803,0.00180051,0.0,0.00141775,0.0017808,0.0,0.0,0.0,0.0,0.0095507,0.0,0.0,0.00455236,0.0,0.0,0.0,0.00046428,0.0,0.0238087,0.0,0.0,0.0,0.00468008,0.0,0.0,0.0,0.0,0.0,0.0,0.0,0.0,0.00127204,0.000183655,0.0,0.0,0.0,0.0,0.0,0.0,0.0,0.0210903,0.000839667,0.0,0.0,0.0,0.0,0.0,0.000338278,0.0,0.000482286,0.0,0.0,0.0,0.000966534,0.00583177,0.0,0.0,0.0,0.0,0.0,0.0,0.0,0.0,0.000159455,0.0,0.000163441,0.0,0.0,0.0,0.0,0.000339943,0.0,0.000320422,0.0,0.0,0.000151462,0.0,0.0,0.00102808,0.000273305,0.000188425,0.0,0.0,0.0,0.0,0.0,0.0,0.0,0.0,0.00142398,0.0156076,0.0,0.0,0.0,0.00023864,0.0,0.000298857,0.0,0.0,0.0,0.0,0.0,0.0,0.0,0.00138024,0.0,0.00316801,0.0,0.0,0.0,0.0,0.0,0.0,0.0,0.0,0.0,0.0,0.00262698,0.0,0.0,0.0,0.0,0.0,0.0,0.0,0.0,0.0,0.0,0.0,0.0,0.0,0.0,0.0,0.0,0.0,0.0,0.0,0.0,0.000354459,0.0,0.0,0.0,0.0,0.0,0.0,0.0,0.0,0.0,0.0,0.0,0.0,0.0,0.0,0.0,0.0,0.0,0.0,0.0,0.0,0.0,0.0,0.0,0.0,0.0,0.0,0.0,0.0,0.0,0.0,0.0,0.0,0.0,0.0,0.0,0.0,0.0,0.0,0.0,0.0,0.0,0.0,0.0,0.0,0.0,0.0,0.0,0.0,0.0,0.0,0.0,0.0,0.0,0.0,0.0,0.0,0.0,0.0,0.0,0.0,0.0,0.0,0.0,0.0,0.0,0.0,0.0,0.0,0.0,0.0,0.0,0.0,0.0,0.0,0.0,0.0,0.0,0.0,0.0,0.0,0.0,0.0,0.0,0.0,0.0,0.0,0.0,0.0,0.0,0.0,0.0,0.0,0.0,0.0,0.0,0.0,0.0,0.0,0.0,0.0,0.0,0.0,0.0,0.0,0.0,0.0,0.0,0.0,0.0,0.0,0.0,0.0,0.0,0.0,0.0,0.0,0.0,0.0,0.0,0.0,0.0,0.0,0.0,0.0,0.0,0.0,0.0,0.0,0.0,0.0,0.0,0.0,0.0,0.0,0.0,0.0,0.0,0.0,0.0,0.0,0.0,0.0,0.0,0.0,0.0,0.0,0.0,0.0,0.0,0.0,0.0,0.0,0.0,0.0,0.0,0.0,0.0,0.0,0.0,0.0,0.0,0.0,0.0,0.0,0.0,0.0,0.0,0.0,0.0,0.0,0.0,0.0,0.0,0.0,0.0,0.0,0.0,0.0,0.0,0.0,0.0,0.0,0.0,0.0,0.0,0.0,0.0,0.0,0.0,0.0,0.0,0.0,0.0,0.0,0.0,0.0,0.0,0.0,0.0,0.0,0.0,0.0,0.0,0.0,0.0,0.0,0.0,0.0,0.0,0.0,0.0,0.0,0.0,0.0,0.0,0.0,0.0,0.0,0.0,0.0,0.0,0.0,0.0,0.0,0.0,0.0,0.0,0.0,0.0,0.0,0.0,0.0,0.0,0.0,0.0,0.0,0.0,0.0,0.0,0.0,0.0,0.0,0.0,0.0,0.0,0.0,0.0,0.0,0.0,0.0,0.0,0.0,0.0,0.0,0.0,0.0,0.0,0.0,0.0,0.0,0.0,0.0,0.0,0.0,0.0,0.0,0.0
Reef 060,0.0,0.0,0.0,0.0,0.0,0.0,0.0,0.0,0.0,0.0,0.0,0.00156206,0.0,0.0,0.0105133,0.000905094,0.0,0.00306769,0.00122613,0.0,0.00231343,0.00211183,0.0,0.0,0.0,0.0,0.00694903,0.0,0.0,0.00151244,0.0,0.0,0.0,0.0,0.0,0.0378339,0.0,0.0,0.0,0.00809218,0.0,0.0,0.0,0.0,0.0,0.0,0.0,0.0,0.00625811,0.0,0.0,0.0,0.0,0.0,0.0,0.0,0.0,0.0218327,0.00118992,0.0,0.0,0.0,0.0,0.0,0.0,0.0,0.000931877,0.0,0.0,0.0,0.000917395,0.0232337,0.0,0.0,0.0,0.0,0.0,0.0,0.0,0.0,0.000877595,0.0,0.0,0.0,0.0,0.0,0.0,0.0,0.0,0.0,0.0,0.0,0.0,0.0,0.0,0.0,0.0,0.00101068,0.0,0.0,0.0,0.0,0.0,0.0,0.0,0.0,0.000986609,0.00121885,0.0,0.0,0.0,0.0,0.0,0.0,0.0,0.0,0.0,0.0,0.0,0.0,0.0,0.00157716,0.0,0.00458407,0.0,0.0,0.0,0.0,0.0,0.0,0.0,0.0,0.0,0.0,0.00133849,0.0,0.0,0.0,0.0,0.0,0.0,0.0,0.0,0.0,0.0,0.0,0.0,0.0,0.0,0.0,0.0,0.0,0.0,0.0,0.0,0.0,0.0,0.0,0.0,0.0,0.0,0.0,0.0,0.0,0.0,0.0,0.0,0.0,0.0,0.0,0.0,0.0,0.0,0.0,0.0,0.0,0.0,0.0,0.0,0.0,0.0,0.0,0.0,0.0,0.0,0.0,0.0,0.0,0.0,0.0,0.0,0.0,0.0,0.0,0.0,0.0,0.0,0.0,0.0,0.0,0.0,0.0,0.0,0.0,0.0,0.0,0.0,0.0,0.0,0.0,0.0,0.0,0.0,0.0,0.0,0.0,0.0,0.0,0.0,0.0,0.0,0.0,0.0,0.0,0.0,0.0,0.0,0.0,0.0,0.0,0.0,0.0,0.0,0.0,0.0,0.0,0.0,0.0,0.0,0.0,0.0,0.0,0.0,0.0,0.0,0.0,0.0,0.0,0.0,0.0,0.0,0.0,0.0,0.0,0.0,0.0,0.0,0.0,0.0,0.0,0.0,0.0,0.0,0.0,0.0,0.0,0.0,0.0,0.0,0.0,0.0,0.0,0.0,0.0,0.0,0.0,0.0,0.0,0.0,0.0,0.0,0.0,0.0,0.0,0.0,0.0,0.0,0.0,0.0,0.0,0.0,0.0,0.0,0.0,0.0,0.0,0.0,0.0,0.0,0.0,0.0,0.0,0.0,0.0,0.0,0.0,0.0,0.0,0.0,0.0,0.0,0.0,0.0,0.0,0.0,0.0,0.0,0.0,0.0,0.0,0.0,0.0,0.0,0.0,0.0,0.0,0.0,0.0,0.0,0.0,0.0,0.0,0.0,0.0,0.0,0.0,0.0,0.0,0.0,0.0,0.0,0.0,0.0,0.0,0.0,0.0,0.0,0.0,0.0,0.0,0.0,0.0,0.0,0.0,0.0,0.0,0.0,0.0,0.0,0.0,0.0,0.0,0.0,0.0,0.0,0.0,0.0,0.0,0.0,0.0,0.0,0.0,0.0,0.0,0.0,0.0,0.0,0.0,0.0,0.0,0.0,0.0,0.0,0.0,0.0,0.0,0.0,0.0,0.0,0.0,0.0,0.0,0.0,0.0,0.0,0.0,0.0,0.0,0.0,0.0,0.0,0.0,0.0,0.0,0.0,0.0,0.0,0.0,0.0,0.0,0.0,0.0,0.0,0.0,0.0,0.0,0.0,0.0,0.0,0.0,0.0,0.0,0.0
Reef 061,0.0,0.0,0.0,0.0,0.0,0.0,0.0,0.000160994,0.0,0.0,0.0,0.0010282,0.0,0.000424157,0.000340688,0.000334732,0.0,0.000358167,0.00154242,0.0,9.29e-05,0.000104662,0.0,0.000469634,0.0,0.000178837,0.00120147,0.0,0.0,0.0054737,0.000100458,0.0,0.0,8.64e-05,0.0,0.00519006,0.000329433,0.000353174,0.0,0.000493894,0.000115627,0.0,0.0,0.0,0.0,0.0,0.0,0.0,0.000256589,0.000717307,0.0,0.0,0.0,0.0,0.0,0.0,0.0,0.00139583,0.0,0.0,0.000271348,0.0,0.0,0.0,0.00113788,0.0,0.000568022,0.0,0.0,0.0,9.85e-05,0.000254704,0.0,0.0,0.0,0.000199192,0.000283268,0.0,0.0,0.0,0.000104148,0.0,0.0,0.0,0.0,0.0,0.0,0.0,0.0,0.001956,8.77e-05,0.0,0.0,0.0,0.0,0.0173864,0.0,0.000130226,0.0,0.0,0.0,0.0,0.0,0.0,0.0,0.0,0.000332594,0.00547635,0.000262339,0.0,0.0,0.000279825,0.00102229,0.000344686,0.000138091,0.0,0.0,0.0,0.0,0.000192304,0.0,0.000133622,0.0,0.0,0.0,0.000189534,0.0,0.0,0.0,0.0,0.0,0.0,0.0,0.0,0.000107945,0.00214524,0.0,0.0,0.000307698,0.0,0.0,0.0,0.0,0.0,0.0,0.0,0.0,0.0,0.0,0.0,0.0,0.0,0.0,0.0,0.0,0.0017965,0.0,0.0,0.0,0.0,0.0,0.0,0.0,0.0,0.0,0.0,0.0,0.0,0.0,0.0,0.00146668,0.0,0.0,0.0,0.0,0.0,0.0,0.0,0.0,0.0,0.0,0.0,0.0,0.0,0.0,0.0,0.0,0.0,0.0,0.0,0.0,0.0,0.0,0.0,0.0,0.0,0.0,0.0,0.0,0.0,0.0,0.0,0.0,0.0,0.0,0.0,0.0,0.0,0.0,0.0,0.0,0.0,0.0,0.0,0.0,0.0,0.0,0.0,0.0,0.0,0.0,0.0,0.0,0.0,0.0,0.0,0.0,0.0,0.0,0.0,0.0,0.0,0.0,0.0,0.0,0.0,0.0,0.0,0.0,0.0,0.0,0.0,0.0,0.0,0.0,0.0,0.0,0.0,0.0,0.0,0.0,0.0,0.0,0.0,0.0,0.0,0.0,0.0,0.0,0.0,0.0,0.0,0.0,0.0,0.0,0.0,0.0,0.0,0.0,0.0,0.0,0.0,0.0,0.0,0.0,0.0,0.0,0.0,0.0,0.0,0.0,0.0,0.0,0.0,0.0,0.0,0.0,0.0,0.0,0.0,0.0,0.0,0.0,0.0,0.0,0.0,0.0,0.0,0.0,0.0,0.0,0.0,0.0,0.0,0.0,0.0,0.0,0.0,0.0,0.0,0.0,0.0,0.0,0.0,0.0,0.0,0.0,0.0,0.0,0.0,0.0,0.0,0.0,0.0,0.0,0.0,0.0,0.0,0.0,0.0,0.0,0.0,0.0,0.0,0.0,0.0,0.0,0.0,0.0,0.0,0.0,0.0,0.0,0.0,0.0,0.0,0.0,0.0,0.0,0.0,0.0,0.0,0.0,0.0,0.0,0.0,0.0,0.0,0.0,0.0,0.0,0.0,0.0,0.0,0.0,0.0,0.0,0.0,0.0,0.0,0.0,0.0,0.0,0.0,0.0,0.0,0.0,0.0,0.0,0.0,0.0,0.0,0.0,0.0,0.0,0.0,0.0,0.0,0.0,0.0,0.0,0.0,0.0,0.0,0.0,0.0,0.0,0.0,0.0,0.0,0.0,0.0,0.0,0.0,0.0,0.0,0.0,0.0,0.0,0.0,0.0,0.0,0.0,0.0,0.0,0.0,0.0,0.0,0.0,0.0,0.0,0.0,0.0
Reef 062,0.0,0.0,0.0,0.0,0.0,0.0,0.0,0.0,0.0,0.0,0.0,0.0,0.0,0.0216441,0.00552085,0.0,0.0,0.00091614,0.002218,0.0,0.00144323,0.00121351,0.0,0.00342182,0.0,0.0,0.0010757,0.0,0.0,0.00771844,0.0,0.0,0.0,0.00114901,0.0,0.0,0.0,0.0,0.0,0.0,0.0,0.0,0.0,0.0,0.0,0.0,0.0,0.0,0.0,0.00157233,0.0,0.0,0.0,0.0,0.0,0.0,0.0,0.003012,0.0,0.0,0.0,0.0,0.0,0.0,0.00133928,0.0,0.0,0.0,0.0,0.000901296,0.0,0.0,0.0,0.0,0.0,0.0,0.0,0.0,0.0,0.0,0.0,0.0,0.0,0.0,0.0,0.0,0.0,0.0,0.0,0.00108955,0.00112856,0.0,0.0,0.0,0.0,0.00459885,0.0,0.0,0.0,0.0,0.0,0.0,0.0,0.0,0.0,0.0,0.00125316,0.00162786,0.0,0.0,0.0,0.0,0.0,0.0,0.0,0.0,0.0,0.0,0.0,0.0,0.0,0.0,0.0,0.0,0.0,0.0,0.0,0.0,0.0,0.0,0.0,0.0,0.0,0.0,0.0159099,0.0,0.0,0.0,0.0,0.0,0.0,0.0,0.0,0.0,0.0,0.0,0.0,0.0,0.0,0.0,0.0,0.0,0.0,0.0,0.0,0.0,0.0,0.0,0.0,0.0,0.0,0.0,0.0,0.0,0.0,0.0,0.0,0.0,0.0,0.0,0.0,0.0,0.0,0.0,0.0,0.0,0.0,0.0,0.0,0.0,0.0,0.0,0.0,0.0,0.0,0.0,0.0,0.0,0.0,0.0,0.0,0.0,0.0,0.0,0.0,0.0,0.0,0.0,0.0,0.0,0.0,0.0,0.0,0.0,0.0,0.0,0.0,0.0,0.0,0.0,0.0,0.0,0.0,0.0,0.0,0.0,0.0,0.0,0.0,0.0,0.0,0.0,0.0,0.0,0.0,0.0,0.0,0.0,0.0,0.0,0.0,0.0,0.0,0.0,0.0,0.0,0.0,0.0,0.0,0.0,0.0,0.0,0.0,0.0,0.0,0.0,0.0,0.0,0.0,0.0,0.0,0.0,0.0,0.0,0.0,0.0,0.0,0.0,0.0,0.0,0.0,0.0,0.0,0.0,0.0,0.0,0.0,0.0,0.0,0.0,0.0,0.0,0.0,0.0,0.0,0.0,0.0,0.0,0.0,0.0,0.0,0.0,0.0,0.0,0.0,0.0,0.0,0.0,0.0,0.0,0.0,0.0,0.0,0.0,0.0,0.0,0.0,0.0,0.0,0.0,0.0,0.0,0.0,0.0,0.0,0.0,0.0,0.0,0.0,0.0,0.0,0.0,0.0,0.0,0.0,0.0,0.0,0.0,0.0,0.0,0.0,0.0,0.0,0.0,0.0,0.0,0.0,0.0,0.0,0.0,0.0,0.0,0.0,0.0,0.0,0.0,0.0,0.0,0.0,0.0,0.0,0.0,0.0,0.0,0.0,0.0,0.0,0.0,0.0,0.0,0.0,0.0,0.0,0.0,0.0,0.0,0.0,0.0,0.0,0.0,0.0,0.0,0.0,0.0,0.0,0.0,0.0,0.0,0.0,0.0,0.0,0.0,0.0,0.0,0.0,0.0,0.0,0.0,0.0,0.0,0.0,0.0,0.0,0.0,0.0,0.0,0.0,0.0,0.0,0.0,0.0,0.0,0.0,0.0,0.0,0.0,0.0,0.0,0.0,0.0,0.0,0.0,0.0,0.0,0.0,0.0,0.0,0.0,0.0,0.0,0.0,0.0,0.0,0.0,0.0,0.0,0.0,0.0,0.0,0.0,0.0,0.0,0.0
Reef 063,0.0,0.0,0.0,0.0,0.0,0.0,0.0,0.0,0.0,0.0,0.0,0.00790764,0.0,0.0,0.00962825,0.0,0.0,0.00122244,0.00215709,0.0,0.0202663,0.00133092,0.0,0.0,0.0,0.0,0.00888459,0.0,0.0,0.00624689,0.0,0.0,0.0,0.0,0.0,0.0138719,0.0,0.0,0.0,0.00167115,0.0,0.0,0.0,0.0,0.0,0.0,0.0,0.0,0.00209524,0.0,0.0,0.0,0.0,0.0,0.0,0.0,0.0,0.0304513,0.0,0.0,0.0,0.0,0.0,0.0,0.0,0.0,0.0274304,0.0,0.0,0.0,0.00122291,0.00355928,0.0,0.0,0.0,0.0,0.0,0.0,0.0,0.0,0.00350198,0.0,0.0,0.0,0.0,0.0,0.0,0.0,0.0,0.0,0.0,0.0,0.0,0.0,0.0,0.00122246,0.0,0.0128282,0.0,0.0,0.0,0.0,0.0,0.0,0.0,0.0,0.00129056,0.0298946,0.0,0.0,0.0,0.0,0.0,0.0,0.0,0.0,0.0,0.0,0.0,0.0,0.0,0.00133012,0.0,0.00256765,0.0,0.0,0.0,0.0,0.0,0.0,0.0,0.0,0.0,0.0,0.00208276,0.0,0.0,0.0,0.0,0.0,0.0,0.0,0.0,0.0,0.0,0.0,0.0,0.0,0.0,0.0,0.0,0.0,0.0,0.0,0.0,0.0,0.0,0.0,0.0,0.0,0.0,0.0,0.0,0.0,0.0,0.0,0.0,0.0,0.0,0.0,0.0,0.0,0.0,0.0,0.0,0.0,0.0,0.0,0.0,0.0,0.0,0.0,0.0,0.0,0.0,0.0,0.0,0.0,0.0,0.0,0.0,0.0,0.0,0.0,0.0,0.0,0.0,0.0,0.0,0.0,0.0,0.0,0.0,0.0,0.0,0.0,0.0,0.0,0.0,0.0,0.0,0.0,0.0,0.0,0.0,0.0,0.0,0.0,0.0,0.0,0.0,0.0,0.0,0.0,0.0,0.0,0.0,0.0,0.0,0.0,0.0,0.0,0.0,0.0,0.0,0.0,0.0,0.0,0.0,0.0,0.0,0.0,0.0,0.0,0.0,0.0,0.0,0.0,0.0,0.0,0.0,0.0,0.0,0.0,0.0,0.0,0.0,0.0,0.0,0.0,0.0,0.0,0.0,0.0,0.0,0.0,0.0,0.0,0.0,0.0,0.0,0.0,0.0,0.0,0.0,0.0,0.0,0.0,0.0,0.0,0.0,0.0,0.0,0.0,0.0,0.0,0.0,0.0,0.0,0.0,0.0,0.0,0.0,0.0,0.0,0.0,0.0,0.0,0.0,0.0,0.0,0.0,0.0,0.0,0.0,0.0,0.0,0.0,0.0,0.0,0.0,0.0,0.0,0.0,0.0,0.0,0.0,0.0,0.0,0.0,0.0,0.0,0.0,0.0,0.0,0.0,0.0,0.0,0.0,0.0,0.0,0.0,0.0,0.0,0.0,0.0,0.0,0.0,0.0,0.0,0.0,0.0,0.0,0.0,0.0,0.0,0.0,0.0,0.0,0.0,0.0,0.0,0.0,0.0,0.0,0.0,0.0,0.0,0.0,0.0,0.0,0.0,0.0,0.0,0.0,0.0,0.0,0.0,0.0,0.0,0.0,0.0,0.0,0.0,0.0,0.0,0.0,0.0,0.0,0.0,0.0,0.0,0.0,0.0,0.0,0.0,0.0,0.0,0.0,0.0,0.0,0.0,0.0,0.0,0.0,0.0,0.0,0.0,0.0,0.0,0.0,0.0,0.0,0.0,0.0,0.0,0.0,0.0,0.0,0.0,0.0,0.0,0.0,0.0,0.0,0.0,0.0,0.0,0.0,0.0,0.0,0.0,0.0
Reef 064,0.0,0.0,0.0,0.0,0.0,0.0,0.0,0.0,0.0,0.0,0.0,0.00356484,0.0,0.0,0.00560598,0.00256138,0.0,0.00389988,0.0,0.0,0.0156426,0.0,0.0,0.0,0.0,0.0,0.00178487,0.0,0.0,0.0,0.0,0.0,0.0,0.0,0.0,0.047911,0.0,0.0,0.0,0.00421185,0.0,0.0,0.0,0.0,0.0,0.0,0.0,0.0,0.021605,0.0,0.0,0.0,0.0,0.0,0.0,0.0,0.0,0.0020031,0.0,0.0,0.0,0.0,0.0,0.0,0.0,0.0,0.116795,0.0,0.0,0.0,0.0,0.00536335,0.0,0.0,0.0,0.0,0.0,0.0,0.0,0.0,0.0,0.000948168,0.0,0.0,0.0,0.0,0.0,0.00361887,0.0,0.0,0.0,0.0,0.0,0.007828,0.0,0.0,0.0,0.000830991,0.0,0.0,0.0,0.0,0.0,0.0,0.0,0.0,0.0,0.0,0.0,0.0,0.0,0.0,0.0,0.0,0.0,0.0,0.0,0.0,0.0,0.0,0.0,0.0,0.0,0.00504036,0.0,0.0,0.0,0.0,0.0,0.0,0.0,0.0,0.0,0.0,0.0,0.0,0.0,0.0,0.0,0.0,0.0,0.0,0.0,0.0,0.0,0.0,0.0,0.0,0.0,0.0,0.0,0.0,0.0,0.0,0.0,0.0,0.0,0.0,0.0,0.0,0.0,0.0,0.0,0.0,0.0,0.0,0.0,0.0,0.0,0.0,0.0,0.0,0.0,0.0,0.0,0.0,0.0,0.0,0.0,0.0,0.0,0.0,0.0,0.0,0.0,0.0,0.0,0.0,0.0,0.0,0.0,0.0,0.0,0.0,0.0,0.0,0.0,0.0,0.0,0.0,0.0,0.0,0.0,0.0,0.0,0.0,0.0,0.0,0.0,0.0,0.0,0.0,0.0,0.0,0.0,0.0,0.0,0.0,0.0,0.0,0.0,0.0,0.0,0.0,0.0,0.0,0.0,0.0,0.0,0.0,0.0,0.0,0.0,0.0,0.0,0.0,0.0,0.0,0.0,0.0,0.0,0.0,0.0,0.0,0.0,0.0,0.0,0.0,0.0,0.0,0.0,0.0,0.0,0.0,0.0,0.0,0.0,0.0,0.0,0.0,0.0,0.0,0.0,0.0,0.0,0.0,0.0,0.0,0.0,0.0,0.0,0.0,0.0,0.0,0.0,0.0,0.0,0.0,0.0,0.0,0.0,0.0,0.0,0.0,0.0,0.0,0.0,0.0,0.0,0.0,0.0,0.0,0.0,0.0,0.0,0.0,0.0,0.0,0.0,0.0,0.0,0.0,0.0,0.0,0.0,0.0,0.0,0.0,0.0,0.0,0.0,0.0,0.0,0.0,0.0,0.0,0.0,0.0,0.0,0.0,0.0,0.0,0.0,0.0,0.0,0.0,0.0,0.0,0.0,0.0,0.0,0.0,0.0,0.0,0.0,0.0,0.0,0.0,0.0,0.0,0.0,0.0,0.0,0.0,0.0,0.0,0.0,0.0,0.0,0.0,0.0,0.0,0.0,0.0,0.0,0.0,0.0,0.0,0.0,0.0,0.0,0.0,0.0,0.0,0.0,0.0,0.0,0.0,0.0,0.0,0.0,0.0,0.0,0.0,0.0,0.0,0.0,0.0,0.0,0.0,0.0,0.0,0.0,0.0,0.0,0.0,0.0,0.0,0.0,0.0,0.0,0.0,0.0,0.0,0.0,0.0,0.0,0.0,0.0,0.0,0.0,0.0,0.0,0.0,0.0,0.0,0.0,0.0,0.0,0.0,0.0,0.0,0.0,0.0,0.0,0.0,0.0,0.0,0.0,0.0,0.0,0.0,0.0
Reef 065,0.0,0.0,0.0,0.0,0.0,0.0,0.0,0.000537038,0.0,0.0,0.0,0.00149215,0.0,0.000176546,0.000169211,0.000424403,0.0,0.00177651,7.76e-05,5.17e-05,0.000988151,0.00158701,0.0,0.000169653,0.0,0.000119721,0.00108244,0.0,0.0,0.0178587,0.0001132,0.0,4.7e-05,0.000537511,0.0,0.00011936,0.00075041,0.000103319,0.0,4.4e-05,0.000313028,0.0,0.0,0.0,0.0,0.0,0.0,0.0,0.0,0.000372079,9.34e-05,0.0,0.0,0.0,0.0,6.18e-05,7.23e-05,0.00388613,0.0,0.0,0.000261488,8.18e-05,0.0,0.0,0.00160583,0.000454965,0.0,0.0,0.0,3.64e-05,0.0,5.74e-05,0.0,0.0,0.0,0.00019456,0.000215772,0.0,4.14e-05,0.0,3.6e-05,0.0,8.12e-05,0.0,0.0,0.0,0.0,0.0,0.0,0.000300311,0.000114408,0.0,0.0,0.0,0.0,0.00480378,0.0,0.0,0.0,0.0,0.0,0.0,0.0,0.0,0.0,0.0,0.000193535,0.00232996,0.00010996,0.0,0.0,0.00013178,0.000273396,0.000215714,8.33e-05,0.0,0.0,0.0,0.0,0.000111032,0.0,0.0,3.84e-05,0.0,0.0,8.76e-05,0.0,0.0,0.0,0.0,0.0,0.0,0.0,0.0,5.74e-05,0.00116692,0.0,0.0,0.000154233,0.0,0.0,0.0,0.0,0.0,0.0,0.0,0.0,0.0,0.0,0.0,0.0,0.0,0.0,0.0,0.0,0.0011026,0.0,0.0,0.0,0.0,0.0,0.0,0.0,0.0,0.0,0.0,0.0,0.0,0.0,0.0,0.000837393,0.0,0.0,0.0,0.0,0.0,0.0,0.0,0.0,0.0,0.0,0.0,0.0,0.0,0.0,0.0,0.0,0.0,0.0,0.0,0.0,0.0,0.0,0.0,0.0,0.0,0.0,0.0,0.0,0.0,0.0,0.0,0.0,0.0,0.0,0.0,0.0,0.0,0.0,0.0,0.0,0.0,0.0,0.0,0.0,0.0,0.0,0.0,0.0,0.0,0.0,0.0,0.0,0.0,0.0,0.0,0.0,0.0,0.0,0.0,0.0,0.0,0.0,0.0,0.0,0.0,0.0,0.0,0.0,0.0,0.0,0.0,0.0,0.0,0.0,0.0,0.0,0.0,0.0,0.0,0.0,0.0,0.0,0.0,0.0,0.0,0.0,0.0,0.0,0.0,0.0,0.0,0.0,0.0,0.0,0.0,0.0,0.0,0.0,0.0,0.0,0.0,0.0,0.0,0.0,0.0,0.0,0.0,0.0,0.0,0.0,0.0,0.0,0.0,0.0,0.0,0.0,0.0,0.0,0.0,0.0,0.0,0.0,0.0,0.0,0.0,0.0,0.0,0.0,0.0,0.0,0.0,0.0,0.0,0.0,0.0,0.0,0.0,0.0,0.0,0.0,0.0,0.0,0.0,0.0,0.0,0.0,0.0,0.0,0.0,0.0,0.0,0.0,0.0,0.0,0.0,0.0,0.0,0.0,0.0,0.0,0.0,0.0,0.0,0.0,0.0,0.0,0.0,0.0,0.0,0.0,0.0,0.0,0.0,0.0,0.0,0.0,0.0,0.0,0.0,0.0,0.0,0.0,0.0,0.0,0.0,0.0,0.0,0.0,0.0,0.0,0.0,0.0,0.0,0.0,0.0,0.0,0.0,0.0,0.0,0.0,0.0,0.0,0.0,0.0,0.0,0.0,0.0,0.0,0.0,0.0,0.0,0.0,0.0,0.0,0.0,0.0,0.0,0.0,0.0,0.0,0.0,0.0,0.0,0.0,0.0,0.0,0.0,0.0,0.0,0.0,0.0,0.0,0.0,0.0,0.0,0.0,0.0,0.0,0.0,0.0,0.0,0.0,0.0,0.0,0.0,0.0,0.0,0.0,0.0,0.0,0.0,0.0
Reef 066,0.0,0.0,0.0,0.0,0.0,0.0,0.0,9.56e-05,0.0,0.0,0.0,0.0,0.0,0.000286509,8.61e-05,0.0,0.0,0.0,0.000528419,0.0,0.0,0.000141031,0.0,0.000261454,0.0,9.33e-05,0.0,0.0,0.0,0.00276441,0.0,0.0,0.0,0.000323319,0.0,0.0,0.000164071,0.000115443,0.0,0.0,9.02e-05,0.0,0.0,0.0,0.0,0.0,0.0,0.0,0.0,0.00093154,0.0,0.0,0.0,0.0,0.0,0.0,9.27e-05,0.00037037,0.0,0.0,0.000445667,0.000185899,0.0,0.0,0.00103183,0.000757417,0.0,0.0,0.0,0.00058029,0.0,0.0,0.0,0.0,0.0,0.000225421,0.000103193,0.0,0.000122223,0.0,0.0,0.0,0.000183437,0.0,0.0,0.0,0.000133608,0.0,0.0,0.00043967,0.000431763,0.0,0.0,0.0,0.0,0.00526447,0.0,0.0,0.0,0.0,0.0,0.0,0.0,0.0,0.0,0.0,0.000123485,0.000164142,0.0,0.0,0.0,0.000105336,0.0,0.000253584,0.0,0.0,0.0,0.0,0.0,0.0,0.0,0.0,0.0,0.0,0.0,0.0,0.0,0.0,0.0,0.0,0.0,0.0,0.0,0.0,9.74e-05,0.000119497,0.0,0.0,9.97e-05,0.0,0.0,0.0,0.0,0.0,0.0,0.0,0.0,0.000277972,0.0,0.0,0.0,0.0,0.0,0.0,0.0,0.000487701,0.0,0.0,0.0,0.0,0.0,0.0,0.0,0.0,0.0,0.0,0.0,0.0,0.0,0.0,0.000247044,0.0,0.0,0.0,0.0,0.0,0.0,0.0,0.0,9.14e-05,0.0,0.0,0.0,0.0,0.0,0.0,0.0,0.0,0.0,0.0,0.0,0.0,0.0,0.0,0.0,0.0,0.0,0.0,0.0,0.0,0.0,0.0,0.0,0.0,0.0,0.0,0.0,0.0,0.0,0.0,0.0,0.0,0.0,0.0,0.0,0.0,0.0,0.0,0.0,0.0,0.0,0.0,0.0,0.0,0.0,0.0,0.0,0.0,0.0,0.0,0.0,0.0,0.0,0.0,0.0,0.0,0.0,0.0,0.0,0.0,0.0,0.0,0.0,0.0,0.0,0.0,0.0,0.0,0.0,0.0,0.0,0.0,0.0,0.0,0.0,0.0,0.0,0.0,0.0,0.0,0.0,0.0,0.0,0.0,0.0,0.0,0.0,0.0,0.0,0.0,0.0,0.0,0.0,0.0,0.0,0.0,0.0,0.0,0.0,0.0,0.0,0.0,0.0,0.0,0.0,0.0,0.0,0.0,0.0,0.0,0.0,0.0,0.0,0.0,0.0,0.0,0.0,0.0,0.0,0.0,0.0,0.0,0.0,0.0,0.0,0.0,0.0,0.0,0.0,0.0,0.0,0.0,0.0,0.0,0.0,0.0,0.0,0.0,0.0,0.0,0.0,0.0,0.0,0.0,0.0,0.0,0.0,0.0,0.0,0.0,0.0,0.0,0.0,0.0,0.0,0.0,0.0,0.0,0.0,0.0,0.0,0.0,0.0,0.0,0.0,0.0,0.0,0.0,0.0,0.0,0.0,0.0,0.0,0.0,0.0,0.0,0.0,0.0,0.0,0.0,0.0,0.0,0.0,0.0,0.0,0.0,0.0,0.0,0.0,0.0,0.0,0.0,0.0,0.0,0.0,0.0,0.0,0.0,0.0,0.0,0.0,0.0,0.0,0.0,0.0,0.0,0.0,0.0,0.0,0.0,0.0,0.0,0.0,0.0,0.0,0.0,0.0,0.0,0.0,0.0,0.0,0.0,0.0,0.0,0.0,0.0,0.0,0.0,0.0,0.0,0.0,0.0,0.0,0.0,0.0,0.0,0.0,0.0,0.0,0.0,0.0,0.0,0.0
Reef 067,0.0,0.0,0.0,0.0,0.0,0.0,0.0,0.000345251,2.92e-07,0.00011923,4.98e-07,0.0128572,2.69e-06,1.88e-05,0.0116698,0.0164176,6.82e-06,0.00387254,4.22e-05,4.81e-07,0.0483982,0.000622269,6.16e-06,0.0,3e-07,2.6e-06,0.00140299,0.0,0.0,6.13e-06,0.0,0.0,0.0,4.59e-06,8.24e-06,0.0432264,0.0,0.0,1.98e-06,0.00159341,8.29e-07,2.92e-06,0.0,1.74e-06,0.0,0.0,0.0,0.0,0.015666,7.79e-07,0.0,6.03e-07,0.0,0.0,0.0,0.0,0.0,0.000480754,1.21e-05,1.18e-06,2.83e-07,0.0,7.8e-07,1.27e-05,0.0,0.0,0.0945026,0.0,0.0,0.0,6.88e-06,0.00144297,0.0,0.0,0.0,0.0,0.0,0.0,0.0,0.0,2.43e-05,9.13e-07,0.0,0.0,0.0,0.0,0.0,2.52e-06,0.0,0.0,0.0,0.0,2.85e-07,0.00226398,0.0,2.46e-06,7.72e-07,3.62e-05,0.0,0.0,4.11e-06,1.86e-06,0.0,0.0,0.0,0.0,6.5e-07,4.26e-05,0.0,0.0,0.0,4.46e-07,0.0,0.0,0.0,0.0,1.17e-05,0.000603971,0.0,0.0,0.0,1.16e-05,0.0,4.15e-06,0.0,0.0,0.0,0.0,0.0,0.00032045,5.58e-07,0.000137064,0.0,0.0,0.0,4.57e-07,0.00143089,0.0,9.16e-07,0.0,4.69e-05,0.0,0.0,0.0,0.0,0.0,0.0,2.84e-06,0.0,0.0,0.0,0.0,0.0,0.0,0.0,0.0,7.39e-05,0.0,0.0,0.0,0.000871608,0.0,0.0,0.0,0.0,0.0,0.0,0.000266932,4.3e-05,0.0,0.0,0.00010525,7.34e-05,5.77e-06,0.0,0.0,1.9e-05,0.0,0.0,0.0,0.0,0.0,2.82e-07,0.0,0.0,0.000330841,0.0,0.0,0.0,0.0,2.56e-06,0.0,0.0,0.0,0.0,0.0,0.0,0.0,0.0,0.0,1.33e-05,0.0,0.0,0.0,0.0,0.0,0.0,0.0,0.0,1.27e-06,0.0,0.0,0.0,0.0,0.0,0.0,0.0,0.0,0.0,0.0,0.0,0.0,0.0,0.0,0.0,0.0,0.0,1.68e-06,0.0,0.0,7.06e-06,0.0,0.0,0.0,0.0,0.0,0.0,0.0,0.0,0.0,0.0,0.0,0.0,0.0,0.0,0.0,0.0,0.0,0.0,0.0,0.0,0.0,0.0,0.0,0.0,0.0,0.0,0.0,0.0,0.0,0.0,0.0,0.0,0.0,0.0,0.0,0.0,0.0,0.0,0.0,0.0,0.0,0.0,0.0,0.0,0.0,0.0,0.0,0.0,0.0,0.0,0.0,0.0,0.0,0.0,0.0,0.0,0.0,0.0,0.0,0.0,0.0,0.0,0.0,0.0,0.0,0.0,0.0,0.0,0.0,0.0,0.0,0.0,0.0,0.0,0.0,0.0,0.0,0.0,0.0,0.0,0.0,0.0,0.0,0.0,0.0,0.0,0.0,0.0,0.0,0.0,0.0,0.0,0.0,0.0,0.0,0.0,0.0,0.0,0.0,0.0,0.0,0.0,0.0,0.0,0.0,0.0,0.0,0.0,0.0,0.0,0.0,0.0,0.0,0.0,0.0,0.0,0.0,0.0,0.0,0.0,0.0,0.0,0.0,0.0,0.0,0.0,0.0,0.0,0.0,0.0,0.0,0.0,0.0,0.0,0.0,0.0,0.0,0.0,0.0,0.0,0.0,0.0,0.0,0.0,0.0,0.0,0.0,0.0,0.0,0.0,0.0,0.0,0.0,0.0,0.0,0.0,0.0,0.0,0.0,0.0,0.0,0.0,0.0,0.0,0.0,0.0,0.0,0.0,0.0,0.0,0.0,0.0,0.0,0.0,0.0,0.0,0.0,0.0,0.0,0.0,0.0,0.0,0.0,0.0,0.0,0.0,0.0,0.0,0.0,0.0,0.0,0.0
Reef 068,0.0,0.0,0.0,0.0,0.0,0.0,0.0,0.0,0.0,0.0,0.0,0.0,0.0,0.0229432,0.00363831,0.0,0.0,0.00390529,0.00247667,0.0,0.00762696,0.0,0.0,0.00335446,0.0,0.0,0.00243673,0.0,0.0,0.0187439,0.0,0.0,0.0,0.0,0.0,0.00281542,0.0,0.0,0.0,0.0,0.0,0.0,0.0,0.0,0.0,0.0,0.0,0.0,0.0,0.00217995,0.0,0.0,0.0,0.0,0.0,0.0,0.0,0.00196232,0.0,0.0,0.0,0.0,0.0,0.0,0.00338001,0.0,0.0,0.0,0.0,0.0,0.0,0.0,0.0,0.0,0.0,0.0,0.0,0.0,0.0,0.0,0.0,0.0,0.0,0.0,0.0,0.0,0.0,0.0,0.0,0.00205408,0.0,0.0,0.0,0.0,0.0,0.0313819,0.0,0.0,0.0,0.0,0.0,0.0,0.0,0.0,0.0,0.0,0.0,0.00864307,0.0,0.0,0.0,0.0,0.0,0.0,0.0,0.0,0.0,0.0,0.0,0.0,0.0,0.0,0.0,0.0,0.0,0.0,0.0,0.0,0.0,0.0,0.0,0.0,0.0,0.0,0.00304806,0.0,0.0,0.0,0.0,0.0,0.0,0.0,0.0,0.0,0.0,0.0,0.0,0.0,0.0,0.0,0.0,0.0,0.0,0.0,0.0,0.0,0.0,0.0,0.0,0.0,0.0,0.0,0.0,0.0,0.0,0.0,0.0,0.0,0.0,0.0,0.0,0.0,0.0,0.0,0.0,0.0,0.0,0.0,0.0,0.0,0.0,0.0,0.0,0.0,0.0,0.0,0.0,0.0,0.0,0.0,0.0,0.0,0.0,0.0,0.0,0.0,0.0,0.0,0.0,0.0,0.0,0.0,0.0,0.0,0.0,0.0,0.0,0.0,0.0,0.0,0.0,0.0,0.0,0.0,0.0,0.0,0.0,0.0,0.0,0.0,0.0,0.0,0.0,0.0,0.0,0.0,0.0,0.0,0.0,0.0,0.0,0.0,0.0,0.0,0.0,0.0,0.0,0.0,0.0,0.0,0.0,0.0,0.0,0.0,0.0,0.0,0.0,0.0,0.0,0.0,0.0,0.0,0.0,0.0,0.0,0.0,0.0,0.0,0.0,0.0,0.0,0.0,0.0,0.0,0.0,0.0,0.0,0.0,0.0,0.0,0.0,0.0,0.0,0.0,0.0,0.0,0.0,0.0,0.0,0.0,0.0,0.0,0.0,0.0,0.0,0.0,0.0,0.0,0.0,0.0,0.0,0.0,0.0,0.0,0.0,0.0,0.0,0.0,0.0,0.0,0.0,0.0,0.0,0.0,0.0,0.0,0.0,0.0,0.0,0.0,0.0,0.0,0.0,0.0,0.0,0.0,0.0,0.0,0.0,0.0,0.0,0.0,0.0,0.0,0.0,0.0,0.0,0.0,0.0,0.0,0.0,0.0,0.0,0.0,0.0,0.0,0.0,0.0,0.0,0.0,0.0,0.0,0.0,0.0,0.0,0.0,0.0,0.0,0.0,0.0,0.0,0.0,0.0,0.0,0.0,0.0,0.0,0.0,0.0,0.0,0.0,0.0,0.0,0.0,0.0,0.0,0.0,0.0,0.0,0.0,0.0,0.0,0.0,0.0,0.0,0.0,0.0,0.0,0.0,0.0,0.0,0.0,0.0,0.0,0.0,0.0,0.0,0.0,0.0,0.0,0.0,0.0,0.0,0.0,0.0,0.0,0.0,0.0,0.0,0.0,0.0,0.0,0.0,0.0,0.0,0.0,0.0,0.0,0.0,0.0,0.0,0.0,0.0,0.0,0.0,0.0,0.0,0.0,0.0,0.0,0.0,0.0,0.0
Reef 069,0.0,0.0,0.0,0.0,0.0,0.0,0.0,0.0,0.0,0.0,0.0,0.0,0.0,0.0265871,0.00428219,0.0,0.0,0.0,0.0,0.0,0.00428554,0.0,0.0,0.0041041,0.0,0.0,0.0,0.0,0.0,0.00430495,0.0,0.0,0.0,0.0,0.0,0.0,0.0,0.0,0.0,0.0,0.0,0.0,0.0,0.0,0.0,0.0,0.0,0.0,0.0,0.0,0.0,0.0,0.0,0.0,0.0,0.0,0.0,0.00733233,0.0,0.0,0.0,0.0,0.0,0.0,0.00421476,0.0,0.0,0.0,0.0,0.0,0.0,0.0,0.0,0.0,0.0,0.0,0.0,0.0,0.0,0.0,0.0,0.0,0.0,0.0,0.0,0.0,0.0,0.0,0.0,0.0,0.0,0.0,0.0,0.0,0.0,0.0156742,0.0,0.0,0.0,0.0,0.0,0.0,0.0,0.0,0.0,0.0,0.0,0.0,0.0,0.0,0.0,0.0,0.0,0.0,0.0,0.0,0.0,0.0,0.0,0.0,0.0,0.0,0.0,0.0,0.0,0.0,0.0,0.0,0.0,0.0,0.0,0.0,0.0,0.0,0.0273567,0.0,0.0,0.0,0.0,0.0,0.0,0.0,0.0,0.0,0.0,0.0,0.0,0.0,0.0,0.0,0.0,0.0,0.0,0.0,0.0,0.0,0.0,0.0,0.0,0.0,0.0,0.0,0.0,0.0,0.0,0.0,0.0,0.0,0.0,0.0,0.0,0.0,0.0,0.0,0.0,0.0,0.0,0.0,0.0,0.0,0.0,0.0,0.0,0.0,0.0,0.0,0.0,0.0,0.0,0.0,0.0,0.0,0.0,0.0,0.0,0.0,0.0,0.0,0.0,0.0,0.0,0.0,0.0,0.0,0.0,0.0,0.0,0.0,0.0,0.0,0.0,0.0,0.0,0.0,0.0,0.0,0.0,0.0,0.0,0.0,0.0,0.0,0.0,0.0,0.0,0.0,0.0,0.0,0.0,0.0,0.0,0.0,0.0,0.0,0.0,0.0,0.0,0.0,0.0,0.0,0.0,0.0,0.0,0.0,0.0,0.0,0.0,0.0,0.0,0.0,0.0,0.0,0.0,0.0,0.0,0.0,0.0,0.0,0.0,0.0,0.0,0.0,0.0,0.0,0.0,0.0,0.0,0.0,0.0,0.0,0.0,0.0,0.0,0.0,0.0,0.0,0.0,0.0,0.0,0.0,0.0,0.0,0.0,0.0,0.0,0.0,0.0,0.0,0.0,0.0,0.0,0.0,0.0,0.0,0.0,0.0,0.0,0.0,0.0,0.0,0.0,0.0,0.0,0.0,0.0,0.0,0.0,0.0,0.0,0.0,0.0,0.0,0.0,0.0,0.0,0.0,0.0,0.0,0.0,0.0,0.0,0.0,0.0,0.0,0.0,0.0,0.0,0.0,0.0,0.0,0.0,0.0,0.0,0.0,0.0,0.0,0.0,0.0,0.0,0.0,0.0,0.0,0.0,0.0,0.0,0.0,0.0,0.0,0.0,0.0,0.0,0.0,0.0,0.0,0.0,0.0,0.0,0.0,0.0,0.0,0.0,0.0,0.0,0.0,0.0,0.0,0.0,0.0,0.0,0.0,0.0,0.0,0.0,0.0,0.0,0.0,0.0,0.0,0.0,0.0,0.0,0.0,0.0,0.0,0.0,0.0,0.0,0.0,0.0,0.0,0.0,0.0,0.0,0.0,0.0,0.0,0.0,0.0,0.0,0.0,0.0,0.0,0.0,0.0,0.0,0.0,0.0,0.0,0.0,0.0,0.0,0.0,0.0,0.0,0.0,0.0,0.0,0.0,0.0,0.0,0.0,0.0,0.0
Reef 070,0.0,0.0,0.0,0.0,0.0,0.0,0.0,0.000203106,0.0,0.0,0.0,0.0,0.0,0.000411822,0.00199023,0.0,0.0,0.000166413,0.00162806,0.0,0.000121232,0.000547444,0.0,0.000380067,0.0,0.000125644,0.000297461,0.0,0.0,0.00454004,0.0,0.0,0.0,0.000337966,0.0,0.00033765,0.000294519,0.000192312,0.0,0.0,0.00021023,0.0,0.0,0.0,0.0,0.0,0.0,0.0,0.0,0.00112814,0.0,0.0,0.0,0.0,0.0,0.0,0.0,0.00121102,0.0,0.0,0.000557845,0.00015541,0.0,0.0,0.00169482,0.000413803,0.0,0.0,0.0,0.000708158,0.0,0.000144115,0.0,0.0,0.0,0.000561633,0.000184123,0.0,0.000351739,0.0,0.0,0.0,0.000215247,0.0,0.0,0.0,0.0,0.0,0.0,0.000527601,0.00131724,0.0,0.0,0.0,0.0,0.00827337,0.0,0.0,0.0,0.0,0.0,0.0,0.0,0.0,0.0,0.0,0.000191123,0.000256883,0.0,0.0,0.0,0.000164565,0.0,0.00012169,0.0,0.0,0.0,0.0,0.0,0.0,0.0,0.0,0.0,0.0,0.0,0.00021734,0.0,0.0,0.0,0.0,0.0,0.0,0.0,0.0,0.0239306,0.000446452,0.0,0.0,0.00015095,0.0,0.0,0.0,0.0,0.0,0.0,0.0,0.0,0.000119522,0.0,0.0,0.0,0.0,0.0,0.0,0.0,0.000220598,0.0,0.0,0.0,0.0,0.0,0.0,0.0,0.0,0.0,0.0,0.0,0.0,0.0,0.0,0.000295013,0.0,0.0,0.0,0.0,0.0,0.0,0.0,0.0,0.0,0.0,0.0,0.0,0.0,0.0,0.0,0.0,0.0,0.0,0.0,0.0,0.0,0.0,0.0,0.0,0.0,0.0,0.0,0.0,0.0,0.0,0.0,0.0,0.0,0.0,0.0,0.0,0.0,0.0,0.0,0.0,0.0,0.0,0.0,0.0,0.0,0.0,0.0,0.0,0.0,0.0,0.0,0.0,0.0,0.0,0.0,0.0,0.0,0.0,0.0,0.0,0.0,0.0,0.0,0.0,0.0,0.0,0.0,0.0,0.0,0.0,0.0,0.0,0.0,0.0,0.0,0.0,0.0,0.0,0.0,0.0,0.0,0.0,0.0,0.0,0.0,0.0,0.0,0.0,0.0,0.0,0.0,0.0,0.0,0.0,0.0,0.0,0.0,0.0,0.0,0.0,0.0,0.0,0.0,0.0,0.0,0.0,0.0,0.0,0.0,0.0,0.0,0.0,0.0,0.0,0.0,0.0,0.0,0.0,0.0,0.0,0.0,0.0,0.0,0.0,0.0,0.0,0.0,0.0,0.0,0.0,0.0,0.0,0.0,0.0,0.0,0.0,0.0,0.0,0.0,0.0,0.0,0.0,0.0,0.0,0.0,0.0,0.0,0.0,0.0,0.0,0.0,0.0,0.0,0.0,0.0,0.0,0.0,0.0,0.0,0.0,0.0,0.0,0.0,0.0,0.0,0.0,0.0,0.0,0.0,0.0,0.0,0.0,0.0,0.0,0.0,0.0,0.0,0.0,0.0,0.0,0.0,0.0,0.0,0.0,0.0,0.0,0.0,0.0,0.0,0.0,0.0,0.0,0.0,0.0,0.0,0.0,0.0,0.0,0.0,0.0,0.0,0.0,0.0,0.0,0.0,0.0,0.0,0.0,0.0,0.0,0.0,0.0,0.0,0.0,0.0,0.0,0.0,0.0,0.0,0.0,0.0,0.0,0.0,0.0,0.0,0.0,0.0,0.0,0.0,0.0,0.0,0.0,0.0,0.0,0.0,0.0,0.0,0.0,0.0,0.0,0.0,0.0,0.0,0.0,0.0,0.0,0.0,0.0,0.0,0.0,0.0,0.0
Reef 071,0.0,0.0,0.0,0.0,0.0,0.0,0.0,0.00103612,0.0,0.000151488,0.0,0.000766332,0.0,0.000246143,0.00810817,0.00240817,0.0,0.000565943,0.00237174,0.0,0.000350673,0.000934609,0.0,0.000107674,0.0,0.000231986,0.00956445,0.0,0.0,0.00957259,0.0,0.0,0.0,0.000788582,9.32e-05,0.00939047,0.0,0.0,0.0,0.000706065,0.000153186,0.0,0.0,0.00010869,0.0,0.0,0.0,0.0,9.51e-05,0.000168755,0.0,0.0,0.0,0.0,0.0,0.0,0.0,0.0349543,8.23e-05,0.0,0.0,0.0,0.0,0.0,8.07e-05,0.0,8.82e-05,0.0,0.0,7.58e-05,0.000927987,0.000951206,0.0,0.0,0.0,0.0,0.0,0.0,0.0,0.0,0.00063976,0.0,0.00014222,0.0,0.0,0.0,0.0,0.0,0.0,0.000346717,0.0,0.0,7.94e-05,0.0,0.0,0.00134884,0.000146884,7.75e-05,0.0,0.0,0.0,0.0,0.0,0.0,0.0,0.0,0.000160718,0.000505096,0.0,0.0,0.0,8.77e-05,0.0,0.000475505,0.000115847,0.0,0.0,0.0,0.0,0.0,0.0,0.000772711,0.0,7.69e-05,0.0,0.0,0.0,0.0,0.0,0.0,0.0,0.0,0.0,0.0,0.00576692,0.000204755,0.0,0.0,0.0,0.0,0.0,0.0,0.0,0.0,0.0,0.0,0.0,0.0,0.0,0.0,0.0,0.0,0.0,0.0,0.0,0.00106902,0.0,0.0,0.0,0.0,0.0,0.0,0.0,0.0,0.0,0.0,0.0,0.0,0.0,0.0,0.000108217,0.0,0.0,0.0,0.0,0.0,0.0,0.0,0.0,0.0,0.0,0.0,0.0,0.0,0.0,0.0,0.0,0.0,0.0,0.0,0.0,0.0,0.0,0.0,0.0,0.0,0.0,0.0,0.0,0.0,0.0,0.0,0.0,0.0,0.0,0.0,0.0,0.0,0.0,0.0,0.0,0.0,0.0,0.0,0.0,0.0,0.0,0.0,0.0,0.0,0.0,0.0,0.0,0.0,0.0,0.0,0.0,0.0,0.0,0.0,0.0,0.0,0.0,0.0,0.0,0.0,0.0,0.0,0.0,0.0,0.0,0.0,0.0,0.0,0.0,0.0,0.0,0.0,0.0,0.0,0.0,0.0,0.0,0.0,0.0,0.0,0.0,0.0,0.0,0.0,0.0,0.0,0.0,0.0,0.0,0.0,0.0,0.0,0.0,0.0,0.0,0.0,0.0,0.0,0.0,0.0,0.0,0.0,0.0,0.0,0.0,0.0,0.0,0.0,0.0,0.0,0.0,0.0,0.0,0.0,0.0,0.0,0.0,0.0,0.0,0.0,0.0,0.0,0.0,0.0,0.0,0.0,0.0,0.0,0.0,0.0,0.0,0.0,0.0,0.0,0.0,0.0,0.0,0.0,0.0,0.0,0.0,0.0,0.0,0.0,0.0,0.0,0.0,0.0,0.0,0.0,0.0,0.0,0.0,0.0,0.0,0.0,0.0,0.0,0.0,0.0,0.0,0.0,0.0,0.0,0.0,0.0,0.0,0.0,0.0,0.0,0.0,0.0,0.0,0.0,0.0,0.0,0.0,0.0,0.0,0.0,0.0,0.0,0.0,0.0,0.0,0.0,0.0,0.0,0.0,0.0,0.0,0.0,0.0,0.0,0.0,0.0,0.0,0.0,0.0,0.0,0.0,0.0,0.0,0.0,0.0,0.0,0.0,0.0,0.0,0.0,0.0,0.0,0.0,0.0,0.0,0.0,0.0,0.0,0.0,0.0,0.0,0.0,0.0,0.0,0.0,0.0,0.0,0.0,0.0,0.0,0.0,0.0,0.0,0.0,0.0,0.0,0.0,0.0,0.0,0.0,0.0,0.0,0.0,0.0,0.0,0.0,0.0
Reef 072,0.0,0.0,0.0,0.0,0.0,0.0,0.0,9.17e-05,0.0,3.69e-05,2.35e-06,0.00242368,0.0,3.26e-05,0.0128378,0.000362033,5.29e-06,0.00331374,0.000850959,6.76e-06,0.00440007,0.00206321,2.74e-05,1.43e-05,1.2e-06,3.37e-05,0.00669656,0.0,1.75e-06,0.000555187,9.88e-07,5.06e-06,0.0,0.000113646,5.34e-05,0.0563313,2.54e-06,1.75e-06,2.21e-05,0.00911193,1.52e-05,2.25e-05,0.0,4.63e-05,0.0,0.0,0.0,0.0,0.0294358,2.45e-06,0.0,1.16e-05,0.0,0.0,0.0,0.0,0.0,0.0171377,0.000261708,2.42e-05,3.48e-06,1.48e-06,7.98e-06,3.85e-06,1.26e-06,1.31e-05,0.000313364,3.8e-06,0.0,3.93e-05,2.19e-05,0.02589,4.16e-06,5.07e-06,2.83e-06,2.41e-06,1.13e-06,4.57e-06,1.89e-05,7e-06,3.03e-05,9.39e-06,5.7e-05,7.7e-06,3.93e-06,5.51e-06,2.19e-05,0.000220904,0.0,1.07e-06,1.04e-06,7.89e-06,9.67e-06,7.85e-05,5.61e-06,5.23e-06,2.57e-06,3.01e-05,0.0,1.19e-06,4.76e-06,1.19e-06,0.0,1.01e-06,0.0,3.64e-06,1.89e-06,0.000190118,0.0,1.34e-06,1.16e-06,3.03e-05,1.91e-06,6.31e-05,3.05e-05,0.0,8.28e-06,5.38e-06,0.0,0.0,2.27e-06,4.48e-06,0.0,1.32e-06,0.0,0.0,0.0,1.31e-06,0.0,0.0,2.61e-05,0.0,0.0,0.0,9.38e-06,6.64e-06,0.0,0.0,4.86e-05,0.0,0.0,0.0,0.0,0.0,0.0,0.0,0.0,9.03e-05,0.0,0.0,0.0,0.0,0.0,0.0,0.0,1.63e-06,0.0,0.0,0.0,0.0,0.0,0.0,0.0,0.0,0.0,0.0,0.0,0.0,0.0,0.0,1.82e-06,0.0,0.0,0.0,0.0,0.0,0.0,0.0,0.0,0.0,0.0,0.0,0.0,0.0,0.0,9.68e-07,0.0,0.0,0.0,0.0,0.0,0.0,0.0,0.0,0.0,0.0,0.0,0.0,0.0,0.0,0.0,0.0,0.0,0.0,0.0,0.0,0.0,0.0,0.0,0.0,0.0,0.0,0.0,0.0,0.0,0.0,0.0,0.0,0.0,0.0,0.0,0.0,0.0,0.0,0.0,0.0,0.0,0.0,0.0,0.0,0.0,0.0,0.0,0.0,0.0,0.0,0.0,0.0,0.0,0.0,0.0,0.0,0.0,0.0,0.0,0.0,0.0,0.0,0.0,0.0,0.0,0.0,0.0,0.0,0.0,0.0,0.0,0.0,0.0,0.0,0.0,0.0,0.0,0.0,0.0,0.0,0.0,0.0,0.0,0.0,0.0,0.0,0.0,0.0,0.0,0.0,0.0,0.0,0.0,0.0,0.0,0.0,0.0,0.0,0.0,0.0,0.0,0.0,0.0,0.0,0.0,0.0,0.0,0.0,0.0,0.0,0.0,0.0,0.0,0.0,0.0,0.0,0.0,0.0,0.0,0.0,0.0,0.0,0.0,0.0,0.0,0.0,0.0,0.0,0.0,0.0,0.0,0.0,0.0,0.0,0.0,0.0,0.0,0.0,0.0,0.0,0.0,0.0,0.0,0.0,0.0,0.0,0.0,0.0,0.0,0.0,0.0,0.0,0.0,0.0,0.0,0.0,0.0,0.0,0.0,0.0,0.0,0.0,0.0,0.0,0.0,0.0,0.0,0.0,0.0,0.0,0.0,0.0,0.0,0.0,0.0,0.0,0.0,0.0,0.0,0.0,0.0,0.0,0.0,0.0,0.0,0.0,0.0,0.0,0.0,0.0,0.0,0.0,0.0,0.0,0.0,0.0,0.0,0.0,0.0,0.0,0.0,0.0,0.0,0.0,0.0,0.0,0.0,0.0,0.0,0.0,0.0,0.0,0.0,0.0,0.0,0.0,0.0,0.0,0.0,0.0,0.0,0.0,0.0,0.0,0.0,0.0,0.0,0.0,0.0,0.0,0.0,0.0,0.0,0.0,1.56e-06,0.0,0.0
Reef 073,0.0,0.0,0.0,0.0,0.0,0.0,0.0,0.0,0.0,0.0,0.0,0.0,0.0,0.0267744,0.0031752,0.0,0.0,0.00365959,0.00258,0.0,0.00722609,0.0,0.0,0.00416785,0.0,0.0,0.0,0.0,0.0,0.0189706,0.0,0.0,0.0,0.0,0.0,0.00233224,0.0,0.0,0.0,0.0,0.0,0.0,0.0,0.0,0.0,0.0,0.0,0.0,0.0,0.00266405,0.0,0.0,0.0,0.0,0.0,0.0,0.0,0.0093724,0.0,0.0,0.0,0.0,0.0,0.0,0.00332999,0.0,0.0,0.0,0.0,0.0,0.0,0.0,0.0,0.0,0.0,0.0,0.0,0.0,0.0,0.0,0.0,0.0,0.0,0.0,0.0,0.0,0.0,0.0,0.0,0.00331883,0.0,0.0,0.0,0.0,0.0,0.0345011,0.0,0.0,0.0,0.0,0.0,0.0,0.0,0.0,0.0,0.0,0.0,0.00606048,0.0,0.0,0.0,0.0,0.0,0.0,0.0,0.0,0.0,0.0,0.0,0.0,0.0,0.0,0.0,0.0,0.0,0.0,0.0,0.0,0.0,0.0,0.0,0.0,0.0,0.0,0.00410709,0.0,0.0,0.0,0.0,0.0,0.0,0.0,0.0,0.0,0.0,0.0,0.0,0.0,0.0,0.0,0.0,0.0,0.0,0.0,0.0,0.0,0.0,0.0,0.0,0.0,0.0,0.0,0.0,0.0,0.0,0.0,0.0,0.0,0.0,0.0,0.0,0.0,0.0,0.0,0.0,0.0,0.0,0.0,0.0,0.0,0.0,0.0,0.0,0.0,0.0,0.0,0.0,0.0,0.0,0.0,0.0,0.0,0.0,0.0,0.0,0.0,0.0,0.0,0.0,0.0,0.0,0.0,0.0,0.0,0.0,0.0,0.0,0.0,0.0,0.0,0.0,0.0,0.0,0.0,0.0,0.0,0.0,0.0,0.0,0.0,0.0,0.0,0.0,0.0,0.0,0.0,0.0,0.0,0.0,0.0,0.0,0.0,0.0,0.0,0.0,0.0,0.0,0.0,0.0,0.0,0.0,0.0,0.0,0.0,0.0,0.0,0.0,0.0,0.0,0.0,0.0,0.0,0.0,0.0,0.0,0.0,0.0,0.0,0.0,0.0,0.0,0.0,0.0,0.0,0.0,0.0,0.0,0.0,0.0,0.0,0.0,0.0,0.0,0.0,0.0,0.0,0.0,0.0,0.0,0.0,0.0,0.0,0.0,0.0,0.0,0.0,0.0,0.0,0.0,0.0,0.0,0.0,0.0,0.0,0.0,0.0,0.0,0.0,0.0,0.0,0.0,0.0,0.0,0.0,0.0,0.0,0.0,0.0,0.0,0.0,0.0,0.0,0.0,0.0,0.0,0.0,0.0,0.0,0.0,0.0,0.0,0.0,0.0,0.0,0.0,0.0,0.0,0.0,0.0,0.0,0.0,0.0,0.0,0.0,0.0,0.0,0.0,0.0,0.0,0.0,0.0,0.0,0.0,0.0,0.0,0.0,0.0,0.0,0.0,0.0,0.0,0.0,0.0,0.0,0.0,0.0,0.0,0.0,0.0,0.0,0.0,0.0,0.0,0.0,0.0,0.0,0.0,0.0,0.0,0.0,0.0,0.0,0.0,0.0,0.0,0.0,0.0,0.0,0.0,0.0,0.0,0.0,0.0,0.0,0.0,0.0,0.0,0.0,0.0,0.0,0.0,0.0,0.0,0.0,0.0,0.0,0.0,0.0,0.0,0.0,0.0,0.0,0.0,0.0,0.0,0.0,0.0,0.0,0.0,0.0,0.0,0.0,0.0,0.0,0.0,0.0,0.0,0.0,0.0,0.0,0.0,0.0,0.0
Reef 074,0.0,0.0,0.0,0.0,0.0,0.0,0.0,0.0,0.0,0.0,0.0,0.0,0.0,0.0273254,0.00305067,0.0,0.0,0.00103022,0.00225402,0.0,0.00201838,0.0,0.0,0.00461674,0.0,0.0,0.0,0.0,0.0,0.00401249,0.0,0.0,0.0,0.0,0.0,0.0,0.0,0.0,0.0,0.0,0.0,0.0,0.0,0.0,0.0,0.0,0.0,0.0,0.0,0.00274916,0.0,0.0,0.0,0.0,0.0,0.0,0.0,0.00191568,0.0,0.0,0.0,0.0,0.0,0.0,0.0015478,0.0,0.0,0.0,0.0,0.00124136,0.0,0.0,0.0,0.0,0.0,0.0,0.0,0.0,0.0,0.0,0.0,0.0,0.0,0.0,0.0,0.0,0.0,0.0,0.0,0.0010323,0.00115423,0.0,0.0,0.0,0.0,0.0161769,0.0,0.0,0.0,0.0,0.0,0.0,0.0,0.0,0.0,0.0,0.00217228,0.0029276,0.0,0.0,0.0,0.0,0.0,0.0,0.0,0.0,0.0,0.0,0.0,0.0,0.0,0.0,0.0,0.0,0.0,0.0,0.0,0.0,0.0,0.0,0.0,0.0,0.0,0.0,0.0317035,0.0,0.0,0.0,0.0,0.0,0.0,0.0,0.0,0.0,0.0,0.0,0.0,0.0,0.0,0.0,0.0,0.0,0.0,0.0,0.0,0.00160084,0.0,0.0,0.0,0.0,0.0,0.0,0.0,0.0,0.0,0.0,0.0,0.0,0.0,0.0,0.0,0.0,0.0,0.0,0.0,0.0,0.0,0.0,0.0,0.0,0.0,0.0,0.0,0.0,0.0,0.0,0.0,0.0,0.0,0.0,0.0,0.0,0.0,0.0,0.0,0.0,0.0,0.0,0.0,0.0,0.0,0.0,0.0,0.0,0.0,0.0,0.0,0.0,0.0,0.0,0.0,0.0,0.0,0.0,0.0,0.0,0.0,0.0,0.0,0.0,0.0,0.0,0.0,0.0,0.0,0.0,0.0,0.0,0.0,0.0,0.0,0.0,0.0,0.0,0.0,0.0,0.0,0.0,0.0,0.0,0.0,0.0,0.0,0.0,0.0,0.0,0.0,0.0,0.0,0.0,0.0,0.0,0.0,0.0,0.0,0.0,0.0,0.0,0.0,0.0,0.0,0.0,0.0,0.0,0.0,0.0,0.0,0.0,0.0,0.0,0.0,0.0,0.0,0.0,0.0,0.0,0.0,0.0,0.0,0.0,0.0,0.0,0.0,0.0,0.0,0.0,0.0,0.0,0.0,0.0,0.0,0.0,0.0,0.0,0.0,0.0,0.0,0.0,0.0,0.0,0.0,0.0,0.0,0.0,0.0,0.0,0.0,0.0,0.0,0.0,0.0,0.0,0.0,0.0,0.0,0.0,0.0,0.0,0.0,0.0,0.0,0.0,0.0,0.0,0.0,0.0,0.0,0.0,0.0,0.0,0.0,0.0,0.0,0.0,0.0,0.0,0.0,0.0,0.0,0.0,0.0,0.0,0.0,0.0,0.0,0.0,0.0,0.0,0.0,0.0,0.0,0.0,0.0,0.0,0.0,0.0,0.0,0.0,0.0,0.0,0.0,0.0,0.0,0.0,0.0,0.0,0.0,0.0,0.0,0.0,0.0,0.0,0.0,0.0,0.0,0.0,0.0,0.0,0.0,0.0,0.0,0.0,0.0,0.0,0.0,0.0,0.0,0.0,0.0,0.0,0.0,0.0,0.0,0.0,0.0,0.0,0.0,0.0,0.0,0.0,0.0,0.0,0.0,0.0,0.0,0.0,0.0,0.0,0.0,0.0,0.0,0.0,0.0,0.0,0.0,0.0,0.0,0.0,0.0,0.0,0.0,0.0,0.0
Reef 075,0.0,0.0,0.0,0.0,0.0,0.0,0.0,0.0,0.0,0.0,0.0,0.0,0.0,0.00668639,0.0,0.0,0.0,0.0,0.0,0.0,0.0,0.0,0.0,0.0,0.0,0.0,0.0,0.0,0.0,0.0170493,0.0,0.0,0.0,0.0,0.0,0.0,0.0,0.0,0.0,0.0,0.0,0.0,0.0,0.0,0.0,0.0,0.0,0.0,0.0,0.0,0.0,0.0,0.0,0.0,0.0,0.0,0.0,0.0,0.0,0.0,0.0,0.0,0.0,0.0,0.00249129,0.0,0.0,0.0,0.0,0.0,0.0,0.0,0.0,0.0,0.0,0.0,0.0,0.0,0.0,0.0,0.0,0.0,0.0,0.0,0.0,0.0,0.0,0.0,0.0,0.0,0.0,0.0,0.0,0.0,0.0,0.0350395,0.0,0.0,0.0,0.0,0.0,0.0,0.0,0.0,0.0,0.0,0.00283182,0.00496872,0.0,0.0,0.0,0.0,0.0,0.0,0.0,0.0,0.0,0.0,0.0,0.0,0.0,0.0,0.0,0.0,0.0,0.0,0.0,0.0,0.0,0.0,0.0,0.0,0.0,0.0,0.0242162,0.0,0.0,0.0,0.0,0.0,0.0,0.0,0.0,0.0,0.0,0.0,0.0,0.0,0.0,0.0,0.0,0.0,0.0,0.0,0.0,0.00362787,0.0,0.0,0.0,0.0,0.0,0.0,0.0,0.0,0.0,0.0,0.0,0.0,0.0,0.0,0.0,0.0,0.0,0.0,0.0,0.0,0.0,0.0,0.0,0.0,0.0,0.0,0.0,0.0,0.0,0.0,0.0,0.0,0.0,0.0,0.0,0.0,0.0,0.0,0.0,0.0,0.0,0.0,0.0,0.0,0.0,0.0,0.0,0.0,0.0,0.0,0.0,0.0,0.0,0.0,0.0,0.0,0.0,0.0,0.0,0.0,0.0,0.0,0.0,0.0,0.0,0.0,0.0,0.0,0.0,0.0,0.0,0.0,0.0,0.0,0.0,0.0,0.0,0.0,0.0,0.0,0.0,0.0,0.0,0.0,0.0,0.0,0.0,0.0,0.0,0.0,0.0,0.0,0.0,0.0,0.0,0.0,0.0,0.0,0.0,0.0,0.0,0.0,0.0,0.0,0.0,0.0,0.0,0.0,0.0,0.0,0.0,0.0,0.0,0.0,0.0,0.0,0.0,0.0,0.0,0.0,0.0,0.0,0.0,0.0,0.0,0.0,0.0,0.0,0.0,0.0,0.0,0.0,0.0,0.0,0.0,0.0,0.0,0.0,0.0,0.0,0.0,0.0,0.0,0.0,0.0,0.0,0.0,0.0,0.0,0.0,0.0,0.0,0.0,0.0,0.0,0.0,0.0,0.0,0.0,0.0,0.0,0.0,0.0,0.0,0.0,0.0,0.0,0.0,0.0,0.0,0.0,0.0,0.0,0.0,0.0,0.0,0.0,0.0,0.0,0.0,0.0,0.0,0.0,0.0,0.0,0.0,0.0,0.0,0.0,0.0,0.0,0.0,0.0,0.0,0.0,0.0,0.0,0.0,0.0,0.0,0.0,0.0,0.0,0.0,0.0,0.0,0.0,0.0,0.0,0.0,0.0,0.0,0.0,0.0,0.0,0.0,0.0,0.0,0.0,0.0,0.0,0.0,0.0,0.0,0.0,0.0,0.0,0.0,0.0,0.0,0.0,0.0,0.0,0.0,0.0,0.0,0.0,0.0,0.0,0.0,0.0,0.0,0.0,0.0,0.0,0.0,0.0,0.0,0.0,0.0,0.0,0.0,0.0,0.0,0.0,0.0,0.0,0.0,0.0,0.0,0.0,0.0,0.0,0.0,0.0,0.0,0.0
Reef 076,0.0,0.0,0.0,0.0,0.0,0.0,0.0,5.15e-05,0.0,3.06e-05,3.01e-05,0.000344956,0.0,0.00201079,2.97e-05,0.000112666,0.0,6.29e-05,1.75e-05,0.0,0.000252334,2.54e-05,0.0,0.00129484,0.0,6.09e-05,8.91e-05,0.0,0.0,0.000814802,0.0,0.0,0.0,0.000102808,1.96e-05,0.00047517,2.95e-05,0.00128898,0.0,5.6e-05,0.0,0.0,2.68e-05,0.0,0.00367313,0.000252125,0.000132471,6.86e-05,0.000504874,2.49e-05,0.0,0.0,0.00248499,0.00118509,6.6e-05,0.0,0.0,0.00064426,3.76e-05,0.0,6.4e-05,0.0,0.0,0.0,2.77e-05,0.0,0.00131214,0.0,0.0,2.39e-05,4.86e-05,0.000143444,0.0,0.0,0.0,0.00201873,0.000172128,0.0,0.0,0.0,3.22e-05,0.0,1.87e-05,0.0,0.0,0.0,0.0,0.0,0.0,0.000134601,0.00586805,0.0,0.0,0.0,0.0,0.000746101,0.0,7.22e-05,0.0,2.1e-05,0.0,0.0,0.0,0.0,0.0,2.95e-05,5.08e-05,0.000943458,5.62e-05,0.0,0.0,3.89e-05,0.00126408,5.53e-05,0.000152918,0.0,0.0,0.0,8.34e-05,0.000580382,2e-05,4.23e-05,7.38e-05,5.09e-05,0.0,0.000783874,0.000227566,0.0,0.0,1.95e-05,2.38e-05,4.57e-05,0.0,0.0,3.46e-05,0.000231217,9.29e-05,0.0,9.53e-05,0.0,8.42e-05,0.0,0.0,0.0,0.0,0.0,0.0,0.000287426,0.0,0.0,0.0,0.0,0.0,0.0,0.0,0.000651998,0.000116468,0.0,0.0,0.0,0.000127699,0.0,0.0,0.0,0.0,0.0,0.0,8.19e-05,0.0,0.0,0.000395916,0.0,0.0,0.0,0.0,0.0,0.0,0.0,0.0,0.000110889,0.0,0.0,3.45e-05,0.0,0.0,0.000166077,0.0,0.0,0.0,0.0,4.91e-05,0.0,0.0,0.0,0.0,0.0,0.0,0.0,0.0,0.0,5.95e-05,0.0,0.0,0.0,0.0,0.0,0.0,0.0,0.0,0.0,0.0,0.0,0.0,0.0,0.0,0.0,0.0,0.0,0.0,0.0,0.0,0.0,0.0,0.0,0.0,0.0,0.0,0.0,0.0,0.0,0.0,0.0,0.0,0.0,0.0,0.0,0.0,0.0,0.0,0.0,0.0,0.0,0.0,0.0,0.0,0.0,0.0,0.0,0.0,0.0,0.0,0.0,0.0,0.0,0.0,0.0,0.0,0.0,0.0,0.0,0.0,0.0,0.0,0.0,0.0,0.0,0.0,0.0,0.0,0.0,0.0,0.0,0.0,0.0,0.0,0.0,0.0,0.0,0.0,0.0,0.0,0.0,0.0,0.0,0.0,0.0,0.0,0.0,0.0,0.0,0.0,0.0,0.0,0.0,0.0,0.0,0.0,0.0,0.0,0.0,0.0,0.0,0.0,0.0,0.0,0.0,0.0,0.0,0.0,0.0,0.0,0.0,0.0,0.0,0.0,0.0,0.0,0.0,0.0,0.0,0.0,0.0,0.0,0.0,0.0,0.0,0.0,0.0,0.0,0.0,0.0,0.0,0.0,0.0,0.0,0.0,0.0,0.0,0.0,0.0,0.0,0.0,0.0,0.0,0.0,0.0,0.0,0.0,0.0,0.0,0.0,0.0,0.0,0.0,0.0,0.0,0.0,0.0,0.0,0.0,0.0,0.0,0.0,0.0,0.0,0.0,0.0,0.0,0.0,0.0,0.0,0.0,0.0,0.0,0.0,0.0,0.0,0.0,0.0,0.0,0.0,0.0,0.0,0.0,0.0,0.0,0.0,0.0,0.0,0.0,0.0,0.0,0.0,0.0,0.0,0.0,0.0,0.0,0.0,0.0,0.0,0.0,0.0,0.0,0.0,0.0,0.0,0.0,0.0,0.0,0.0,0.0,0.0,0.0,0.0,0.0,0.0,0.0,0.0,0.0,0.0,0.0,0.0
Reef 077,0.0,0.0,0.0,0.0,0.0,0.0,0.0,0.00022031,0.0,0.0,0.0,0.0018915,0.0,0.00021372,0.000210233,0.000608511,0.0,8.07e-05,0.000196277,0.0,0.000222946,6.59e-05,0.0,0.000113752,0.0,7.06e-05,0.00191524,0.0,0.0,0.000266693,0.0,0.0,0.0,7.72e-05,0.0,9.2e-05,6.08e-05,0.00010876,0.0,0.00103339,0.0,0.0,0.0,0.0,0.000264891,0.0,0.0,0.000310754,0.000526906,0.00016506,0.0,0.0,0.000236683,0.000151044,0.00107067,0.0,0.0,0.000272948,0.0,0.0,8.25e-05,0.0,0.0,0.0,0.000250738,0.0,0.00138354,0.0,0.0,0.0,0.000129673,0.000139797,0.0,0.0,0.0,0.000314926,0.000774106,0.0,0.0,0.0,8.5e-05,0.0,0.0,0.0,0.0,0.0,0.0,0.0,0.0,0.000164288,0.000556628,0.0,0.0,0.0,0.0,0.019354,0.0,6.9e-05,0.0,0.0,0.0,0.0,0.0,0.0,0.0,0.0,0.000424986,0.000181008,0.000536024,0.0,0.0,0.000327632,0.00150889,0.000430058,0.00015021,0.0,0.0,0.0,0.000168178,0.000720839,0.0,8.27e-05,7.73e-05,0.0,0.0,0.000139918,9.19e-05,0.0,0.0,0.0,0.0,0.0,0.0,0.0,0.0024883,0.0029998,0.0,0.0,0.000419811,0.0,0.0,0.0,0.0,0.0,0.0,0.0,0.0,9.2e-05,0.0,0.0,0.0,0.0,0.0,0.0,0.0,0.000105961,0.0,0.0,0.0,0.0,0.0,0.0,0.0,0.0,0.0,0.0,0.0,0.0,0.0,0.0,6.35e-05,0.0,0.0,0.0,0.0,0.0,0.0,0.0,0.0,0.0,0.0,0.0,0.0,0.0,0.0,0.0,0.0,0.0,0.0,0.0,0.0,0.0,0.0,0.0,0.0,0.0,0.0,0.0,0.0,0.0,0.0,0.0,0.0,0.0,0.0,0.0,0.0,0.0,0.0,0.0,0.0,0.0,0.0,0.0,0.0,0.0,0.0,0.0,0.0,0.0,0.0,0.0,0.0,0.0,0.0,0.0,0.0,0.0,0.0,0.0,0.0,0.0,0.0,0.0,0.0,0.0,0.0,0.0,0.0,0.0,0.0,0.0,0.0,0.0,0.0,0.0,0.0,0.0,0.0,0.0,0.0,0.0,0.0,0.0,0.0,0.0,0.0,0.0,0.0,0.0,0.0,0.0,0.0,0.0,0.0,0.0,0.0,0.0,0.0,0.0,0.0,0.0,0.0,0.0,0.0,0.0,0.0,0.0,0.0,0.0,0.0,0.0,0.0,0.0,0.0,0.0,0.0,0.0,0.0,0.0,0.0,0.0,0.0,0.0,0.0,0.0,0.0,0.0,0.0,0.0,0.0,0.0,0.0,0.0,0.0,0.0,0.0,0.0,0.0,0.0,0.0,0.0,0.0,0.0,0.0,0.0,0.0,0.0,0.0,0.0,0.0,0.0,0.0,0.0,0.0,0.0,0.0,0.0,0.0,0.0,0.0,0.0,0.0,0.0,0.0,0.0,0.0,0.0,0.0,0.0,0.0,0.0,0.0,0.0,0.0,0.0,0.0,0.0,0.0,0.0,0.0,0.0,0.0,0.0,0.0,0.0,0.0,0.0,0.0,0.0,0.0,0.0,0.0,0.0,0.0,0.0,0.0,0.0,0.0,0.0,0.0,0.0,0.0,0.0,0.0,0.0,0.0,0.0,0.0,0.0,0.0,0.0,0.0,0.0,0.0,0.0,0.0,0.0,0.0,0.0,0.0,0.0,0.0,0.0,0.0,0.0,0.0,0.0,0.0,0.0,0.0,0.0,0.0,0.0,0.0,0.0,0.0,0.0,0.0,0.0,0.0,0.0,0.0,0.0,0.0,0.0,0.0,0.0,0.0,0.0,0.0,0.0,0.0
Reef 078,0.0,0.0,0.0,0.0,0.0,0.0,0.0,0.0,0.0,0.0,0.0,0.0,0.0,0.0307964,0.0028346,0.0,0.0,0.00245754,0.00242141,0.0,0.00485643,0.0,0.0,0.00548943,0.0,0.0,0.0,0.0,0.0,0.00170444,0.0,0.0,0.0,0.0,0.0,0.0,0.0,0.0,0.0,0.0,0.0,0.0,0.0,0.0,0.0,0.0,0.0,0.0,0.0,0.0027516,0.0,0.0,0.0,0.0,0.0,0.0,0.0,0.00490256,0.0,0.0,0.0,0.0,0.0,0.0,0.00272527,0.0,0.0,0.0,0.0,0.0,0.0,0.0,0.0,0.0,0.0,0.0,0.0,0.0,0.0,0.0,0.0,0.0,0.0,0.0,0.0,0.0,0.0,0.0,0.0,0.00198334,0.0,0.0,0.0,0.0,0.0,0.0332314,0.0,0.0,0.0,0.0,0.0,0.0,0.0,0.0,0.0,0.0,0.00181428,0.00361234,0.0,0.0,0.0,0.0,0.0,0.0,0.0,0.0,0.0,0.0,0.0,0.0,0.0,0.0,0.0,0.0,0.0,0.0,0.0,0.0,0.0,0.0,0.0,0.0,0.0,0.0,0.00301034,0.0,0.0,0.0,0.0,0.0,0.0,0.0,0.0,0.0,0.0,0.0,0.0,0.0,0.0,0.0,0.0,0.0,0.0,0.0,0.0,0.0,0.0,0.0,0.0,0.0,0.0,0.0,0.0,0.0,0.0,0.0,0.0,0.0,0.0,0.0,0.0,0.0,0.0,0.0,0.0,0.0,0.0,0.0,0.0,0.0,0.0,0.0,0.0,0.0,0.0,0.0,0.0,0.0,0.0,0.0,0.0,0.0,0.0,0.0,0.0,0.0,0.0,0.0,0.0,0.0,0.0,0.0,0.0,0.0,0.0,0.0,0.0,0.0,0.0,0.0,0.0,0.0,0.0,0.0,0.0,0.0,0.0,0.0,0.0,0.0,0.0,0.0,0.0,0.0,0.0,0.0,0.0,0.0,0.0,0.0,0.0,0.0,0.0,0.0,0.0,0.0,0.0,0.0,0.0,0.0,0.0,0.0,0.0,0.0,0.0,0.0,0.0,0.0,0.0,0.0,0.0,0.0,0.0,0.0,0.0,0.0,0.0,0.0,0.0,0.0,0.0,0.0,0.0,0.0,0.0,0.0,0.0,0.0,0.0,0.0,0.0,0.0,0.0,0.0,0.0,0.0,0.0,0.0,0.0,0.0,0.0,0.0,0.0,0.0,0.0,0.0,0.0,0.0,0.0,0.0,0.0,0.0,0.0,0.0,0.0,0.0,0.0,0.0,0.0,0.0,0.0,0.0,0.0,0.0,0.0,0.0,0.0,0.0,0.0,0.0,0.0,0.0,0.0,0.0,0.0,0.0,0.0,0.0,0.0,0.0,0.0,0.0,0.0,0.0,0.0,0.0,0.0,0.0,0.0,0.0,0.0,0.0,0.0,0.0,0.0,0.0,0.0,0.0,0.0,0.0,0.0,0.0,0.0,0.0,0.0,0.0,0.0,0.0,0.0,0.0,0.0,0.0,0.0,0.0,0.0,0.0,0.0,0.0,0.0,0.0,0.0,0.0,0.0,0.0,0.0,0.0,0.0,0.0,0.0,0.0,0.0,0.0,0.0,0.0,0.0,0.0,0.0,0.0,0.0,0.0,0.0,0.0,0.0,0.0,0.0,0.0,0.0,0.0,0.0,0.0,0.0,0.0,0.0,0.0,0.0,0.0,0.0,0.0,0.0,0.0,0.0,0.0,0.0,0.0,0.0,0.0,0.0,0.0,0.0,0.0,0.0,0.0,0.0,0.0,0.0,0.0,0.0,0.0,0.0,0.0,0.0,0.0,0.0
Reef 079,0.0,0.0,0.0,0.0,0.0,0.0,0.0,0.0,0.0,0.0,0.0,0.0,0.0,0.00058969,0.00135103,0.0,0.0,0.0,0.00139707,0.0,0.0,0.0,0.0,0.000586531,0.0,0.0,0.0,0.0,0.0,0.00296889,0.0,0.0,0.0,0.000535594,0.0,0.000701489,0.0,0.0,0.0,0.0,0.0,0.0,0.0,0.0,0.0,0.0,0.0,0.0,0.0,0.00116174,0.0,0.0,0.0,0.0,0.0,0.0,0.0,0.000666426,0.0,0.0,0.000560202,0.0,0.0,0.0,0.00151495,0.000459721,0.0,0.0,0.0,0.000593211,0.0,0.0,0.0,0.0,0.0,0.000552793,0.0,0.0,0.0,0.0,0.0,0.0,0.000463136,0.0,0.0,0.0,0.0,0.0,0.0,0.00103726,0.00133754,0.0,0.0,0.0,0.0,0.0162679,0.0,0.0,0.0,0.0,0.0,0.0,0.0,0.0,0.0,0.0,0.000548394,0.000572359,0.0,0.0,0.0,0.0,0.0,0.000585108,0.0,0.0,0.0,0.0,0.0,0.0,0.0,0.0,0.0,0.0,0.0,0.0,0.0,0.0,0.0,0.0,0.0,0.0,0.0,0.0,0.0330711,0.000971974,0.0,0.0,0.000412587,0.0,0.0,0.0,0.0,0.0,0.0,0.0,0.0,0.0,0.0,0.0,0.0,0.0,0.0,0.0,0.0,0.000471341,0.0,0.0,0.0,0.0,0.0,0.0,0.0,0.0,0.0,0.0,0.0,0.0,0.0,0.0,0.000744754,0.0,0.0,0.0,0.0,0.0,0.0,0.0,0.0,0.0,0.0,0.0,0.0,0.0,0.0,0.0,0.0,0.0,0.0,0.0,0.0,0.0,0.0,0.0,0.0,0.0,0.0,0.0,0.0,0.0,0.0,0.0,0.0,0.0,0.0,0.0,0.0,0.0,0.0,0.0,0.0,0.0,0.0,0.0,0.0,0.0,0.0,0.0,0.0,0.0,0.0,0.0,0.0,0.0,0.0,0.0,0.0,0.0,0.0,0.0,0.0,0.0,0.0,0.0,0.0,0.0,0.0,0.0,0.0,0.0,0.0,0.0,0.0,0.0,0.0,0.0,0.0,0.0,0.0,0.0,0.0,0.0,0.0,0.0,0.0,0.0,0.0,0.0,0.0,0.0,0.0,0.0,0.0,0.0,0.0,0.0,0.0,0.0,0.0,0.0,0.0,0.0,0.0,0.0,0.0,0.0,0.0,0.0,0.0,0.0,0.0,0.0,0.0,0.0,0.0,0.0,0.0,0.0,0.0,0.0,0.0,0.0,0.0,0.0,0.0,0.0,0.0,0.0,0.0,0.0,0.0,0.0,0.0,0.0,0.0,0.0,0.0,0.0,0.0,0.0,0.0,0.0,0.0,0.0,0.0,0.0,0.0,0.0,0.0,0.0,0.0,0.0,0.0,0.0,0.0,0.0,0.0,0.0,0.0,0.0,0.0,0.0,0.0,0.0,0.0,0.0,0.0,0.0,0.0,0.0,0.0,0.0,0.0,0.0,0.0,0.0,0.0,0.0,0.0,0.0,0.0,0.0,0.0,0.0,0.0,0.0,0.0,0.0,0.0,0.0,0.0,0.0,0.0,0.0,0.0,0.0,0.0,0.0,0.0,0.0,0.0,0.0,0.0,0.0,0.0,0.0,0.0,0.0,0.0,0.0,0.0,0.0,0.0,0.0,0.0,0.0,0.0,0.0,0.0,0.0,0.0,0.0,0.0,0.0,0.0,0.0,0.0,0.0,0.0,0.0,0.0,0.0,0.0,0.0,0.0,0.0,0.0,0.0,0.0,0.0,0.0,0.0,0.0,0.0,0.0,0.0,0.0,0.0,0.0,0.0,0.0,0.0,0.0
Reef 080,0.0,0.0,0.0,0.0,0.0,0.0,0.0,0.0,0.0,0.0,0.0,0.0,0.0,0.0206456,0.00221994,0.0,0.0,0.0,0.0,0.0,0.0,0.0,0.0,0.00409785,0.0,0.0,0.0,0.0,0.0,0.00173783,0.0,0.0,0.0,0.0,0.0,0.0,0.0,0.0,0.0,0.0,0.0,0.0,0.0,0.0,0.0,0.0,0.0,0.0,0.0,0.0,0.0,0.0,0.0,0.0,0.0,0.0,0.0,0.00548,0.0,0.0,0.0,0.0,0.0,0.0,0.00215224,0.0,0.0,0.0,0.0,0.0,0.0,0.0,0.0,0.0,0.0,0.0,0.0,0.0,0.0,0.0,0.0,0.0,0.0,0.0,0.0,0.0,0.0,0.0,0.0,0.00189263,0.0,0.0,0.0,0.0,0.0,0.0396912,0.0,0.0,0.0,0.0,0.0,0.0,0.0,0.0,0.0,0.0,0.00233954,0.00627425,0.0,0.0,0.0,0.0,0.0,0.0,0.0,0.0,0.0,0.0,0.0,0.0,0.0,0.0,0.0,0.0,0.0,0.0,0.0,0.0,0.0,0.0,0.0,0.0,0.0,0.0,0.0290037,0.0,0.0,0.0,0.0,0.0,0.0,0.0,0.0,0.0,0.0,0.0,0.0,0.0,0.0,0.0,0.0,0.0,0.0,0.0,0.0,0.00334007,0.0,0.0,0.0,0.0,0.0,0.0,0.0,0.0,0.0,0.0,0.0,0.0,0.0,0.0,0.0,0.0,0.0,0.0,0.0,0.0,0.0,0.0,0.0,0.0,0.0,0.0,0.0,0.0,0.0,0.0,0.0,0.0,0.0,0.0,0.0,0.0,0.0,0.0,0.0,0.0,0.0,0.0,0.0,0.0,0.0,0.0,0.0,0.0,0.0,0.0,0.0,0.0,0.0,0.0,0.0,0.0,0.0,0.0,0.0,0.0,0.0,0.0,0.0,0.0,0.0,0.0,0.0,0.0,0.0,0.0,0.0,0.0,0.0,0.0,0.0,0.0,0.0,0.0,0.0,0.0,0.0,0.0,0.0,0.0,0.0,0.0,0.0,0.0,0.0,0.0,0.0,0.0,0.0,0.0,0.0,0.0,0.0,0.0,0.0,0.0,0.0,0.0,0.0,0.0,0.0,0.0,0.0,0.0,0.0,0.0,0.0,0.0,0.0,0.0,0.0,0.0,0.0,0.0,0.0,0.0,0.0,0.0,0.0,0.0,0.0,0.0,0.0,0.0,0.0,0.0,0.0,0.0,0.0,0.0,0.0,0.0,0.0,0.0,0.0,0.0,0.0,0.0,0.0,0.0,0.0,0.0,0.0,0.0,0.0,0.0,0.0,0.0,0.0,0.0,0.0,0.0,0.0,0.0,0.0,0.0,0.0,0.0,0.0,0.0,0.0,0.0,0.0,0.0,0.0,0.0,0.0,0.0,0.0,0.0,0.0,0.0,0.0,0.0,0.0,0.0,0.0,0.0,0.0,0.0,0.0,0.0,0.0,0.0,0.0,0.0,0.0,0.0,0.0,0.0,0.0,0.0,0.0,0.0,0.0,0.0,0.0,0.0,0.0,0.0,0.0,0.0,0.0,0.0,0.0,0.0,0.0,0.0,0.0,0.0,0.0,0.0,0.0,0.0,0.0,0.0,0.0,0.0,0.0,0.0,0.0,0.0,0.0,0.0,0.0,0.0,0.0,0.0,0.0,0.0,0.0,0.0,0.0,0.0,0.0,0.0,0.0,0.0,0.0,0.0,0.0,0.0,0.0,0.0,0.0,0.0,0.0,0.0,0.0,0.0,0.0,0.0,0.0,0.0,0.0,0.0,0.0,0.0,0.0,0.0,0.0,0.0,0.0
Reef 081,0.0,0.0,0.0,0.0,0.0,0.0,0.0,0.000161891,0.0,3.24e-05,0.0,0.000506147,0.0,7.7e-05,0.00492936,0.000487195,0.0,0.00111336,0.00145039,0.0,0.000680397,0.00119037,2.19e-05,3.4e-05,0.0,6.61e-05,0.00499168,0.0,0.0,0.00157941,0.0,0.0,0.0,0.000243015,2.22e-05,0.00715549,2.38e-05,0.0,2.86e-05,0.00196871,4.63e-05,2.43e-05,0.0,3.35e-05,0.0,0.0,0.0,0.0,0.00165901,3.89e-05,0.0,4.38e-05,0.0,0.0,0.0,0.0,0.0,0.0584282,0.000230951,3.09e-05,4.94e-05,0.0,3.38e-05,0.0,0.000185178,0.0,0.00010066,0.0,0.0,5.05e-05,0.000257882,0.0211883,0.0,0.0,0.0,0.0,0.0,0.0,2.8e-05,0.0,0.00132153,7.44e-05,0.000101899,0.0,0.0,0.0,3.18e-05,3.64e-05,0.0,5.44e-05,0.0,1.93e-05,4.8e-05,0.000176198,0.0,0.000262089,0.00013034,0.00106575,0.0,0.0,2.74e-05,2.86e-05,0.0,0.0,0.0,0.0,9.84e-05,0.00797957,0.0,0.0,0.0,2.5e-05,0.0,0.000255585,9.38e-05,0.0,2.51e-05,0.0,0.0,0.0,0.0,0.000228052,0.0,0.00113139,0.0,0.0,0.0,0.0,0.0,0.0,0.000174862,0.0,0.0,0.0,0.000479655,0.000334484,0.0,0.0,4.29e-05,0.0,0.0,0.0,0.0,0.0,0.0,0.0,0.0,0.000630974,0.0,0.0,0.0,0.0,0.0,0.0,0.0,8.1e-05,0.0,0.0,0.0,0.0,0.0,0.0,0.0,0.0,0.0,0.0,0.0,0.0,0.0,0.0,0.00017372,0.0,0.0,0.0,0.0,0.0,0.0,0.0,0.0,0.0,0.0,0.0,0.0,0.0,0.0,0.0,0.0,0.0,0.0,0.0,0.0,0.0,0.0,0.0,0.0,0.0,0.0,0.0,0.0,0.0,0.0,0.0,0.0,0.0,0.0,0.0,0.0,0.0,0.0,0.0,0.0,0.0,0.0,0.0,0.0,0.0,0.0,0.0,0.0,0.0,0.0,0.0,0.0,0.0,0.0,0.0,0.0,0.0,0.0,0.0,0.0,0.0,0.0,0.0,0.0,0.0,0.0,0.0,0.0,0.0,0.0,0.0,0.0,0.0,0.0,0.0,0.0,0.0,0.0,0.0,0.0,0.0,0.0,0.0,0.0,0.0,0.0,0.0,0.0,0.0,0.0,0.0,0.0,0.0,0.0,0.0,0.0,0.0,0.0,0.0,0.0,0.0,0.0,0.0,0.0,0.0,0.0,0.0,0.0,0.0,0.0,0.0,0.0,0.0,0.0,0.0,0.0,0.0,0.0,0.0,0.0,0.0,0.0,0.0,0.0,0.0,0.0,0.0,0.0,0.0,0.0,0.0,0.0,0.0,0.0,0.0,0.0,0.0,0.0,0.0,0.0,0.0,0.0,0.0,0.0,0.0,0.0,0.0,0.0,0.0,0.0,0.0,0.0,0.0,0.0,0.0,0.0,0.0,0.0,0.0,0.0,0.0,0.0,0.0,0.0,0.0,0.0,0.0,0.0,0.0,0.0,0.0,0.0,0.0,0.0,0.0,0.0,0.0,0.0,0.0,0.0,0.0,0.0,0.0,0.0,0.0,0.0,0.0,0.0,0.0,0.0,0.0,0.0,0.0,0.0,0.0,0.0,0.0,0.0,0.0,0.0,0.0,0.0,0.0,0.0,0.0,0.0,0.0,0.0,0.0,0.0,0.0,0.0,0.0,0.0,0.0,0.0,0.0,0.0,0.0,0.0,0.0,0.0,0.0,0.0,0.0,0.0,0.0,0.0,0.0,0.0,0.0,0.0,0.0,0.0,0.0,0.0,0.0,0.0,0.0,0.0,0.0,0.0,0.0,0.0,0.0,0.0,0.0,0.0,0.0,0.0,0.0,0.0
Reef 082,0.0,0.0,0.0,0.0,0.0,0.0,0.0,1.58e-05,0.0,1.27e-05,0.0,0.00198295,0.0,0.0,0.00178867,0.0027231,1.2e-05,0.00558401,1.19e-05,0.0,0.0349635,0.000343488,3.47e-06,0.0,0.0,0.0,0.000947458,0.0,0.0,0.0,0.0,0.0,0.0,1.73e-06,3.95e-06,0.0928356,0.0,0.0,1.75e-06,0.00449472,0.0,3.33e-06,0.0,0.0,0.0,0.0,0.0,0.0,0.0486122,0.0,0.0,0.0,0.0,0.0,0.0,0.0,0.0,0.000126186,1.22e-05,7.33e-06,0.0,0.0,4.29e-06,1.7e-05,0.0,0.0,0.0140077,0.0,0.0,0.0,4.21e-05,0.00228634,0.0,0.0,0.0,0.0,0.0,0.0,0.0,0.0,5.39e-06,0.0249385,0.0,0.0,0.0,0.0,0.0,0.00160249,0.0,0.0,0.0,0.0,2.49e-06,0.00269473,0.0,0.0,6.12e-06,1.87e-05,0.0,0.0,0.0,0.0,0.0,0.0,0.0,0.0,0.0,5.15e-06,0.0,0.0,0.0,7.86e-06,0.0,0.0,0.0,0.0,2.79e-05,3.06e-06,0.0,0.0,0.0,7.32e-06,0.0,0.00667469,0.0,0.0,0.0,0.0,5.72e-06,0.00379937,4.2e-06,0.00850507,0.0,0.0,0.0,0.0,0.0108506,0.0,5.07e-06,0.0,0.00198642,0.0,0.0,0.0,0.0,0.0,0.0,4.14e-05,0.0,0.0,0.0,0.0,0.0,0.0,0.0,0.0,0.000799223,0.0,0.0,0.0,0.00480604,0.0,0.0,0.0,0.0,0.0,0.0,0.00181491,0.000296248,0.0,0.0,0.000798158,0.000420047,4.41e-05,0.0,0.0,0.000158059,0.0,0.0,0.0,0.0,0.0,2.75e-05,0.0,0.0,0.00256987,0.0,0.0,0.0,0.0,0.000230946,0.0,0.0,0.0,0.0,0.0,0.0,0.0,0.0,0.0,0.000710804,0.0,0.0,0.0,0.0,0.0,0.0,0.0,0.0,5.81e-05,0.0,0.0,0.0,1.74e-06,0.0,0.0,0.0,2.74e-06,0.0,0.0,0.0,0.0,0.0,0.0,0.0,0.0,0.0,1.32e-05,0.0,0.0,5.41e-05,0.0,0.0,0.0,0.0,0.0,0.0,0.0,0.0,0.0,0.0,0.0,0.0,0.0,0.0,0.0,0.0,0.0,0.0,0.0,0.0,0.0,0.0,0.0,0.0,0.0,0.0,0.0,0.0,0.0,0.0,0.0,0.0,0.0,0.0,0.0,0.0,0.0,0.0,0.0,0.0,0.0,0.0,0.0,0.0,0.0,0.0,0.0,0.0,0.0,0.0,0.0,0.0,0.0,0.0,0.0,0.0,0.0,0.0,0.0,0.0,0.0,0.0,0.0,0.0,0.0,0.0,0.0,0.0,0.0,0.0,0.0,0.0,0.0,0.0,0.0,0.0,0.0,0.0,0.0,0.0,0.0,0.0,0.0,0.0,0.0,0.0,0.0,0.0,0.0,0.0,0.0,0.0,0.0,0.0,0.0,0.0,0.0,0.0,0.0,0.0,0.0,0.0,0.0,0.0,0.0,0.0,0.0,0.0,0.0,0.0,0.0,0.0,0.0,0.0,0.0,0.0,0.0,0.0,0.0,0.0,0.0,0.0,0.0,0.0,0.0,0.0,0.0,0.0,0.0,0.0,0.0,0.0,0.0,0.0,0.0,0.0,0.0,0.0,0.0,0.0,0.0,0.0,0.0,0.0,0.0,0.0,0.0,0.0,0.0,0.0,0.0,0.0,0.0,0.0,0.0,0.0,0.0,0.0,0.0,0.0,0.0,0.0,0.0,0.0,0.0,0.0,0.0,0.0,0.0,0.0,0.0,0.0,0.0,0.0,0.0,0.0,0.0,0.0,0.0,0.0,0.0,0.0,0.0,0.0,0.0,0.0,0.0,0.0,0.0,0.0,0.0,0.0
Reef 083,0.0,0.0,0.0,0.0,0.0,0.0,0.0,0.000273285,0.0,0.0,0.0,0.000254609,0.0,0.000600025,0.00244942,0.0,0.0,0.00123129,0.0022356,0.0,0.00241136,0.000667306,0.0,0.000664722,0.0,0.000146097,0.00028125,0.0,0.0,0.00204051,0.0,0.0,0.0,0.000569062,0.0,0.00134542,0.000299754,0.000522147,0.0,0.000151548,0.000162651,0.0,0.0,0.0,0.0,0.0,0.0,0.0,0.0,0.000456619,0.0,0.0,0.0,0.0,0.0,0.0,0.0,0.00114417,0.0,0.0,0.000224502,0.0,0.0,0.0,0.000609422,0.000321575,0.000164299,0.0,0.0,0.000728423,0.0,0.000297891,0.0,0.0,0.0,0.000437111,0.000145805,0.0,0.000198961,0.0,0.0,0.0,0.000262417,0.0,0.0,0.0,0.0,0.0,0.0,0.00196207,0.000175812,0.0,0.0,0.0,0.0,0.0310969,0.0,0.0,0.0,0.0,0.0,0.0,0.0,0.0,0.0,0.0,0.000758672,0.000198678,0.0,0.0,0.0,0.000140934,0.000165958,0.000244493,0.0,0.0,0.0,0.0,0.0,0.0,0.0,0.0,0.000255474,0.0,0.0,0.000149552,0.0,0.0,0.0,0.0,0.0,0.0,0.0,0.0,0.00207347,0.000478591,0.0,0.0,0.000176577,0.0,0.0,0.0,0.0,0.0,0.0,0.0,0.0,0.0,0.0,0.0,0.0,0.0,0.0,0.0,0.0,0.000183213,0.0,0.0,0.0,0.0,0.0,0.0,0.0,0.0,0.0,0.0,0.0,0.0,0.0,0.0,0.000251718,0.0,0.0,0.0,0.0,0.0,0.0,0.0,0.0,0.0,0.0,0.0,0.0,0.0,0.0,0.0,0.0,0.0,0.0,0.0,0.0,0.0,0.0,0.0,0.0,0.0,0.0,0.0,0.0,0.0,0.0,0.0,0.0,0.0,0.0,0.0,0.0,0.0,0.0,0.0,0.0,0.0,0.0,0.0,0.0,0.0,0.0,0.0,0.0,0.0,0.0,0.0,0.0,0.0,0.0,0.0,0.0,0.0,0.0,0.0,0.0,0.0,0.0,0.0,0.0,0.0,0.0,0.0,0.0,0.0,0.0,0.0,0.0,0.0,0.0,0.0,0.0,0.0,0.0,0.0,0.0,0.0,0.0,0.0,0.0,0.0,0.0,0.0,0.0,0.0,0.0,0.0,0.0,0.0,0.0,0.0,0.0,0.0,0.0,0.0,0.0,0.0,0.0,0.0,0.0,0.0,0.0,0.0,0.0,0.0,0.0,0.0,0.0,0.0,0.0,0.0,0.0,0.0,0.0,0.0,0.0,0.0,0.0,0.0,0.0,0.0,0.0,0.0,0.0,0.0,0.0,0.0,0.0,0.0,0.0,0.0,0.0,0.0,0.0,0.0,0.0,0.0,0.0,0.0,0.0,0.0,0.0,0.0,0.0,0.0,0.0,0.0,0.0,0.0,0.0,0.0,0.0,0.0,0.0,0.0,0.0,0.0,0.0,0.0,0.0,0.0,0.0,0.0,0.0,0.0,0.0,0.0,0.0,0.0,0.0,0.0,0.0,0.0,0.0,0.0,0.0,0.0,0.0,0.0,0.0,0.0,0.0,0.0,0.0,0.0,0.0,0.0,0.0,0.0,0.0,0.0,0.0,0.0,0.0,0.0,0.0,0.0,0.0,0.0,0.0,0.0,0.0,0.0,0.0,0.0,0.0,0.0,0.0,0.0,0.0,0.0,0.0,0.0,0.0,0.0,0.0,0.0,0.0,0.0,0.0,0.0,0.0,0.0,0.0,0.0,0.0,0.0,0.0,0.0,0.0,0.0,0.0,0.0,0.0,0.0,0.0,0.0,0.0,0.0,0.0,0.0,0.0,0.0,0.0,0.0,0.0,0.0,0.0
Reef 084,0.0,0.0,0.0,0.0,0.0,0.0,0.0,0.0,0.0,0.0,0.0,0.0,0.0,0.0139797,0.0,0.0,0.0,0.0,0.0,0.0,0.0,0.0,0.0,0.0029767,0.0,0.0,0.0,0.0,0.0,0.0145738,0.0,0.0,0.0,0.0,0.0,0.0,0.0,0.0,0.0,0.0,0.0,0.0,0.0,0.0,0.0,0.0,0.0,0.0,0.0,0.0,0.0,0.0,0.0,0.0,0.0,0.0,0.0,0.00378004,0.0,0.0,0.0,0.0,0.0,0.0,0.0025731,0.0,0.0,0.0,0.0,0.0,0.0,0.0,0.0,0.0,0.0,0.0,0.0,0.0,0.0,0.0,0.0,0.0,0.0,0.0,0.0,0.0,0.0,0.0,0.0,0.00270338,0.0,0.0,0.0,0.0,0.0,0.0489215,0.0,0.0,0.0,0.0,0.0,0.0,0.0,0.0,0.0,0.0,0.00297056,0.00785304,0.0,0.0,0.0,0.0,0.0,0.0,0.0,0.0,0.0,0.0,0.0,0.0,0.0,0.0,0.0,0.0,0.0,0.0,0.0,0.0,0.0,0.0,0.0,0.0,0.0,0.0,0.0268755,0.0,0.0,0.0,0.0,0.0,0.0,0.0,0.0,0.0,0.0,0.0,0.0,0.0,0.0,0.0,0.0,0.0,0.0,0.0,0.0,0.00366112,0.0,0.0,0.0,0.0,0.0,0.0,0.0,0.0,0.0,0.0,0.0,0.0,0.0,0.0,0.0,0.0,0.0,0.0,0.0,0.0,0.0,0.0,0.0,0.0,0.0,0.0,0.0,0.0,0.0,0.0,0.0,0.0,0.0,0.0,0.0,0.0,0.0,0.0,0.0,0.0,0.0,0.0,0.0,0.0,0.0,0.0,0.0,0.0,0.0,0.0,0.0,0.0,0.0,0.0,0.0,0.0,0.0,0.0,0.0,0.0,0.0,0.0,0.0,0.0,0.0,0.0,0.0,0.0,0.0,0.0,0.0,0.0,0.0,0.0,0.0,0.0,0.0,0.0,0.0,0.0,0.0,0.0,0.0,0.0,0.0,0.0,0.0,0.0,0.0,0.0,0.0,0.0,0.0,0.0,0.0,0.0,0.0,0.0,0.0,0.0,0.0,0.0,0.0,0.0,0.0,0.0,0.0,0.0,0.0,0.0,0.0,0.0,0.0,0.0,0.0,0.0,0.0,0.0,0.0,0.0,0.0,0.0,0.0,0.0,0.0,0.0,0.0,0.0,0.0,0.0,0.0,0.0,0.0,0.0,0.0,0.0,0.0,0.0,0.0,0.0,0.0,0.0,0.0,0.0,0.0,0.0,0.0,0.0,0.0,0.0,0.0,0.0,0.0,0.0,0.0,0.0,0.0,0.0,0.0,0.0,0.0,0.0,0.0,0.0,0.0,0.0,0.0,0.0,0.0,0.0,0.0,0.0,0.0,0.0,0.0,0.0,0.0,0.0,0.0,0.0,0.0,0.0,0.0,0.0,0.0,0.0,0.0,0.0,0.0,0.0,0.0,0.0,0.0,0.0,0.0,0.0,0.0,0.0,0.0,0.0,0.0,0.0,0.0,0.0,0.0,0.0,0.0,0.0,0.0,0.0,0.0,0.0,0.0,0.0,0.0,0.0,0.0,0.0,0.0,0.0,0.0,0.0,0.0,0.0,0.0,0.0,0.0,0.0,0.0,0.0,0.0,0.0,0.0,0.0,0.0,0.0,0.0,0.0,0.0,0.0,0.0,0.0,0.0,0.0,0.0,0.0,0.0,0.0,0.0,0.0,0.0,0.0,0.0,0.0,0.0,0.0,0.0,0.0,0.0,0.0,0.0,0.0,0.0,0.0,0.0,0.0,0.0
Reef 085,0.0,0.0,0.0,0.0,0.0,0.0,0.0,0.0,0.0,0.0,0.0,0.0,0.0,0.0359259,0.0,0.0,0.0,0.0,0.0,0.0,0.0,0.0,0.0,0.0084858,0.0,0.0,0.0,0.0,0.0,0.00670172,0.0,0.0,0.0,0.0,0.0,0.0,0.0,0.0,0.0,0.0,0.0,0.0,0.0,0.0,0.0,0.0,0.0,0.0,0.0,0.0,0.0,0.0,0.0,0.0,0.0,0.0,0.0,0.0128964,0.0,0.0,0.0,0.0,0.0,0.0,0.00386549,0.0,0.0,0.0,0.0,0.0,0.0,0.0,0.0,0.0,0.0,0.0,0.0,0.0,0.0,0.0,0.0,0.0,0.0,0.0,0.0,0.0,0.0,0.0,0.0,0.0047941,0.0,0.0,0.0,0.0,0.0,0.0314423,0.0,0.0,0.0,0.0,0.0,0.0,0.0,0.0,0.0,0.0,0.00288806,0.00900823,0.0,0.0,0.0,0.0,0.0,0.0,0.0,0.0,0.0,0.0,0.0,0.0,0.0,0.0,0.0,0.0,0.0,0.0,0.0,0.0,0.0,0.0,0.0,0.0,0.0,0.0,0.0492762,0.0,0.0,0.0,0.0,0.0,0.0,0.0,0.0,0.0,0.0,0.0,0.0,0.0,0.0,0.0,0.0,0.0,0.0,0.0,0.0,0.00299608,0.0,0.0,0.0,0.0,0.0,0.0,0.0,0.0,0.0,0.0,0.0,0.0,0.0,0.0,0.0,0.0,0.0,0.0,0.0,0.0,0.0,0.0,0.0,0.0,0.0,0.0,0.0,0.0,0.0,0.0,0.0,0.0,0.0,0.0,0.0,0.0,0.0,0.0,0.0,0.0,0.0,0.0,0.0,0.0,0.0,0.0,0.0,0.0,0.0,0.0,0.0,0.0,0.0,0.0,0.0,0.0,0.0,0.0,0.0,0.0,0.0,0.0,0.0,0.0,0.0,0.0,0.0,0.0,0.0,0.0,0.0,0.0,0.0,0.0,0.0,0.0,0.0,0.0,0.0,0.0,0.0,0.0,0.0,0.0,0.0,0.0,0.0,0.0,0.0,0.0,0.0,0.0,0.0,0.0,0.0,0.0,0.0,0.0,0.0,0.0,0.0,0.0,0.0,0.0,0.0,0.0,0.0,0.0,0.0,0.0,0.0,0.0,0.0,0.0,0.0,0.0,0.0,0.0,0.0,0.0,0.0,0.0,0.0,0.0,0.0,0.0,0.0,0.0,0.0,0.0,0.0,0.0,0.0,0.0,0.0,0.0,0.0,0.0,0.0,0.0,0.0,0.0,0.0,0.0,0.0,0.0,0.0,0.0,0.0,0.0,0.0,0.0,0.0,0.0,0.0,0.0,0.0,0.0,0.0,0.0,0.0,0.0,0.0,0.0,0.0,0.0,0.0,0.0,0.0,0.0,0.0,0.0,0.0,0.0,0.0,0.0,0.0,0.0,0.0,0.0,0.0,0.0,0.0,0.0,0.0,0.0,0.0,0.0,0.0,0.0,0.0,0.0,0.0,0.0,0.0,0.0,0.0,0.0,0.0,0.0,0.0,0.0,0.0,0.0,0.0,0.0,0.0,0.0,0.0,0.0,0.0,0.0,0.0,0.0,0.0,0.0,0.0,0.0,0.0,0.0,0.0,0.0,0.0,0.0,0.0,0.0,0.0,0.0,0.0,0.0,0.0,0.0,0.0,0.0,0.0,0.0,0.0,0.0,0.0,0.0,0.0,0.0,0.0,0.0,0.0,0.0,0.0,0.0,0.0,0.0,0.0,0.0,0.0,0.0,0.0,0.0,0.0,0.0,0.0,0.0,0.0,0.0,0.0,0.0,0.0,0.0,0.0
Reef 086,0.0,0.0,0.0,0.0,0.0,0.0,0.0,0.0,0.0,0.0,0.0,0.0,0.0,0.0231835,0.0,0.0,0.0,0.0,0.0,0.0,0.0,0.0,0.0,0.00561468,0.0,0.0,0.0,0.0,0.0,0.00941402,0.0,0.0,0.0,0.0,0.0,0.0,0.0,0.0,0.0,0.0,0.0,0.0,0.0,0.0,0.0,0.0,0.0,0.0,0.0,0.0,0.0,0.0,0.0,0.0,0.0,0.0,0.0,0.00664579,0.0,0.0,0.0,0.0,0.0,0.0,0.0,0.0,0.0,0.0,0.0,0.0,0.0,0.0,0.0,0.0,0.0,0.0,0.0,0.0,0.0,0.0,0.0,0.0,0.0,0.0,0.0,0.0,0.0,0.0,0.0,0.003075,0.0,0.0,0.0,0.0,0.0,0.0501967,0.0,0.0,0.0,0.0,0.0,0.0,0.0,0.0,0.0,0.0,0.00311883,0.00995521,0.0,0.0,0.0,0.0,0.0,0.0,0.0,0.0,0.0,0.0,0.0,0.0,0.0,0.0,0.0,0.0,0.0,0.0,0.0,0.0,0.0,0.0,0.0,0.0,0.0,0.0,0.0387297,0.0,0.0,0.0,0.0,0.0,0.0,0.0,0.0,0.0,0.0,0.0,0.0,0.0,0.0,0.0,0.0,0.0,0.0,0.0,0.0,0.00411097,0.0,0.0,0.0,0.0,0.0,0.0,0.0,0.0,0.0,0.0,0.0,0.0,0.0,0.0,0.0,0.0,0.0,0.0,0.0,0.0,0.0,0.0,0.0,0.0,0.0,0.0,0.0,0.0,0.0,0.0,0.0,0.0,0.0,0.0,0.0,0.0,0.0,0.0,0.0,0.0,0.0,0.0,0.0,0.0,0.0,0.0,0.0,0.0,0.0,0.0,0.0,0.0,0.0,0.0,0.0,0.0,0.0,0.0,0.0,0.0,0.0,0.0,0.0,0.0,0.0,0.0,0.0,0.0,0.0,0.0,0.0,0.0,0.0,0.0,0.0,0.0,0.0,0.0,0.0,0.0,0.0,0.0,0.0,0.0,0.0,0.0,0.0,0.0,0.0,0.0,0.0,0.0,0.0,0.0,0.0,0.0,0.0,0.0,0.0,0.0,0.0,0.0,0.0,0.0,0.0,0.0,0.0,0.0,0.0,0.0,0.0,0.0,0.0,0.0,0.0,0.0,0.0,0.0,0.0,0.0,0.0,0.0,0.0,0.0,0.0,0.0,0.0,0.0,0.0,0.0,0.0,0.0,0.0,0.0,0.0,0.0,0.0,0.0,0.0,0.0,0.0,0.0,0.0,0.0,0.0,0.0,0.0,0.0,0.0,0.0,0.0,0.0,0.0,0.0,0.0,0.0,0.0,0.0,0.0,0.0,0.0,0.0,0.0,0.0,0.0,0.0,0.0,0.0,0.0,0.0,0.0,0.0,0.0,0.0,0.0,0.0,0.0,0.0,0.0,0.0,0.0,0.0,0.0,0.0,0.0,0.0,0.0,0.0,0.0,0.0,0.0,0.0,0.0,0.0,0.0,0.0,0.0,0.0,0.0,0.0,0.0,0.0,0.0,0.0,0.0,0.0,0.0,0.0,0.0,0.0,0.0,0.0,0.0,0.0,0.0,0.0,0.0,0.0,0.0,0.0,0.0,0.0,0.0,0.0,0.0,0.0,0.0,0.0,0.0,0.0,0.0,0.0,0.0,0.0,0.0,0.0,0.0,0.0,0.0,0.0,0.0,0.0,0.0,0.0,0.0,0.0,0.0,0.0,0.0,0.0,0.0,0.0,0.0,0.0,0.0,0.0,0.0,0.0,0.0,0.0,0.0,0.0,0.0,0.0,0.0,0.0,0.0
Reef 087,0.0,0.0,0.0,0.0,0.0,0.0,0.0,0.0,0.0,0.0,0.0,0.0,0.0,0.00072506,0.000769136,0.0,0.0,0.0,0.000712562,0.0,0.0,0.0,0.0,0.000801967,0.0,0.0,0.0,0.0,0.0,0.00183158,0.0,0.0,0.0,0.0,0.0,0.0,0.000455082,0.000529499,0.0,0.0,0.0,0.0,0.0,0.0,0.0,0.0,0.0,0.0,0.0,0.000685136,0.0,0.0,0.0,0.0,0.0,0.0,0.0,0.000736926,0.0,0.0,0.000539032,0.0,0.0,0.0,0.000912203,0.000516642,0.0,0.0,0.0,0.00109796,0.0,0.0,0.0,0.0,0.0,0.0,0.0,0.0,0.000359083,0.0,0.0,0.0,0.000411943,0.0,0.0,0.0,0.000534356,0.0,0.0,0.00176629,0.00045445,0.0,0.0,0.0,0.0,0.0363079,0.0,0.0,0.0,0.0,0.0,0.0,0.0,0.0,0.0,0.0,0.00183667,0.000371096,0.0,0.0,0.0,0.000653338,0.0,0.000705386,0.000367072,0.0,0.0,0.0,0.0,0.0,0.0,0.0,0.0,0.0,0.0,0.0,0.0,0.0,0.0,0.0,0.0,0.0,0.0,0.0,0.000394836,0.000439104,0.0,0.0,0.000407661,0.0,0.0,0.0,0.0,0.0,0.0,0.0,0.0,0.00113763,0.0,0.0,0.0,0.0,0.0,0.0,0.0,0.00207876,0.0,0.0,0.0,0.0,0.0,0.0,0.0,0.0,0.0,0.0,0.0,0.0,0.0,0.0,0.00104964,0.0,0.0,0.0,0.0,0.0,0.0,0.0,0.0,0.000389588,0.0,0.0,0.0,0.0,0.0,0.0,0.0,0.0,0.0,0.0,0.0,0.0,0.0,0.0,0.0,0.0,0.0,0.0,0.0,0.0,0.0,0.0,0.0,0.0,0.0,0.0,0.0,0.0,0.0,0.0,0.0,0.0,0.0,0.0,0.0,0.0,0.0,0.0,0.0,0.0,0.0,0.0,0.0,0.0,0.0,0.0,0.0,0.0,0.0,0.0,0.0,0.0,0.0,0.0,0.0,0.0,0.0,0.0,0.0,0.0,0.0,0.0,0.0,0.0,0.0,0.0,0.0,0.0,0.0,0.0,0.0,0.0,0.0,0.0,0.0,0.0,0.0,0.0,0.0,0.0,0.0,0.0,0.0,0.0,0.0,0.0,0.0,0.0,0.0,0.0,0.0,0.0,0.0,0.0,0.0,0.0,0.0,0.0,0.0,0.0,0.0,0.0,0.0,0.0,0.0,0.0,0.0,0.0,0.0,0.0,0.0,0.0,0.0,0.0,0.0,0.0,0.0,0.0,0.0,0.0,0.0,0.0,0.0,0.0,0.0,0.0,0.0,0.0,0.0,0.0,0.0,0.0,0.0,0.0,0.0,0.0,0.0,0.0,0.0,0.0,0.0,0.0,0.0,0.0,0.0,0.0,0.0,0.0,0.0,0.0,0.0,0.0,0.0,0.0,0.0,0.0,0.0,0.0,0.0,0.0,0.0,0.0,0.0,0.0,0.0,0.0,0.0,0.0,0.0,0.0,0.0,0.0,0.0,0.0,0.0,0.0,0.0,0.0,0.0,0.0,0.0,0.0,0.0,0.0,0.0,0.0,0.0,0.0,0.0,0.0,0.0,0.0,0.0,0.0,0.0,0.0,0.0,0.0,0.0,0.0,0.0,0.0,0.0,0.0,0.0,0.0,0.0,0.0,0.0,0.0,0.0,0.0,0.0,0.0,0.0,0.0,0.0,0.0,0.0,0.0,0.0,0.0,0.0,0.0,0.0,0.0,0.0,0.0,0.0,0.0,0.0,0.0,0.0,0.0,0.0,0.0,0.0,0.0,0.0,0.0,0.0,0.0,0.0
Reef 088,0.0,0.0,0.0,0.0,0.0,0.0,0.0,2.03e-05,0.0,1.37e-05,0.0,0.00122748,0.0,0.0,0.00203897,0.000324548,0.0,0.00471321,3.51e-05,0.0,0.0114027,0.000446237,0.0,0.0,0.0,0.0,0.00183498,0.0,0.0,1.45e-05,0.0,0.0,0.0,0.0,1.24e-05,0.0678123,0.0,0.0,0.0,0.00869533,0.0,1.06e-05,0.0,0.0,0.0,0.0,0.0,0.0,0.03271,0.0,0.0,0.0,0.0,0.0,0.0,0.0,0.0,0.00181565,6.69e-05,0.0,0.0,0.0,0.0,4.05e-05,0.0,0.0,0.117862,0.0,0.0,0.0,3.19e-05,0.011253,0.0,0.0,0.0,0.0,0.0,0.0,0.0,0.0,0.000166465,0.00803545,0.0,0.0,0.0,0.0,0.0,0.00428516,0.0,0.0,0.0,0.0,1.79e-05,0.000100771,0.0,0.0,2.82e-05,0.000766138,0.0,0.0,0.0,0.0,0.0,1.02e-05,0.0,0.0,0.0,0.000241372,0.0,0.0,0.0,0.0,0.0,0.0,0.0,0.0,3.06e-05,0.00117171,0.0,0.0,0.0,0.000154785,0.0,1.06e-05,0.0,0.0,0.0,0.0,0.0,0.000971256,1.33e-05,0.000773578,0.0,0.0,0.0,1.62e-05,0.00412246,0.0,1.05e-05,0.0,0.000279621,0.0,0.0,0.0,0.0,0.0,0.0,2.56e-05,0.0,0.0,0.0,0.0,0.0,0.0,0.0,0.0,0.000287297,0.0,0.0,0.0,0.00304397,0.0,0.0,0.0,0.0,0.0,0.0,0.000938224,0.000153593,0.0,0.0,0.000397247,0.000247428,2.17e-05,0.0,0.0,7.05e-05,0.0,0.0,0.0,0.0,0.0,0.0,0.0,0.0,0.00126315,0.0,0.0,0.0,0.0,2.31e-05,0.0,0.0,0.0,0.0,0.0,0.0,0.0,0.0,0.0,9.42e-05,0.0,0.0,0.0,0.0,0.0,0.0,0.0,0.0,0.0,0.0,0.0,0.0,0.0,0.0,0.0,0.0,0.0,0.0,0.0,0.0,0.0,0.0,0.0,0.0,0.0,0.0,0.0,0.0,0.0,2.55e-05,0.0,0.0,0.0,0.0,0.0,0.0,0.0,0.0,0.0,0.0,0.0,0.0,0.0,0.0,0.0,0.0,0.0,0.0,0.0,0.0,0.0,0.0,0.0,0.0,0.0,0.0,0.0,0.0,0.0,0.0,0.0,0.0,0.0,0.0,0.0,0.0,0.0,0.0,0.0,0.0,0.0,0.0,0.0,0.0,0.0,0.0,0.0,0.0,0.0,0.0,0.0,0.0,0.0,0.0,0.0,0.0,0.0,0.0,0.0,0.0,0.0,0.0,0.0,0.0,0.0,0.0,0.0,0.0,0.0,0.0,0.0,0.0,0.0,0.0,0.0,0.0,0.0,0.0,0.0,0.0,0.0,0.0,0.0,0.0,0.0,0.0,0.0,0.0,0.0,0.0,0.0,0.0,0.0,0.0,0.0,0.0,0.0,0.0,0.0,0.0,0.0,0.0,0.0,0.0,0.0,0.0,0.0,0.0,0.0,0.0,0.0,0.0,0.0,0.0,0.0,0.0,0.0,0.0,0.0,0.0,0.0,0.0,0.0,0.0,0.0,0.0,0.0,0.0,0.0,0.0,0.0,0.0,0.0,0.0,0.0,0.0,0.0,0.0,0.0,0.0,0.0,0.0,0.0,0.0,0.0,0.0,0.0,0.0,0.0,0.0,0.0,0.0,0.0,0.0,0.0,0.0,0.0,0.0,0.0,0.0,0.0,0.0,0.0,0.0,0.0,0.0,0.0,0.0,0.0,0.0,0.0,0.0,0.0,0.0,0.0,0.0,0.0,0.0,0.0,0.0,0.0,0.0,0.0,0.0,0.0,0.0,0.0,0.0,0.0,0.0,0.0,0.0
Reef 089,0.0,0.0,0.0,0.0,0.0,0.0,0.0,0.0,0.0,0.0,0.0,0.0,0.0,0.0471184,0.00362524,0.0,0.0,0.0,0.0,0.0,0.0,0.0,0.0,0.0133306,0.0,0.0,0.0,0.0,0.0,0.0388471,0.0,0.0,0.0,0.0,0.0,0.00352706,0.0,0.0,0.0,0.0,0.0,0.0,0.0,0.0,0.0,0.0,0.0,0.0,0.0,0.0,0.0,0.0,0.0,0.0,0.0,0.0,0.0,0.00330701,0.0,0.0,0.0,0.0,0.0,0.0,0.0,0.0,0.0,0.0,0.0,0.0,0.0,0.0,0.0,0.0,0.0,0.0,0.0,0.0,0.0,0.0,0.0,0.0,0.0,0.0,0.0,0.0,0.0,0.0,0.0,0.00302028,0.0,0.0,0.0,0.0,0.0,0.0591775,0.0,0.0,0.0,0.0,0.0,0.0,0.0,0.0,0.0,0.0,0.0,0.00929871,0.0,0.0,0.0,0.0,0.0,0.0,0.0,0.0,0.0,0.0,0.0,0.0,0.0,0.0,0.0,0.0,0.0,0.0,0.0,0.0,0.0,0.0,0.0,0.0,0.0,0.0,0.0352065,0.0,0.0,0.0,0.0,0.0,0.0,0.0,0.0,0.0,0.0,0.0,0.0,0.0,0.0,0.0,0.0,0.0,0.0,0.0,0.0,0.0,0.0,0.0,0.0,0.0,0.0,0.0,0.0,0.0,0.0,0.0,0.0,0.0,0.0,0.0,0.0,0.0,0.0,0.0,0.0,0.0,0.0,0.0,0.0,0.0,0.0,0.0,0.0,0.0,0.0,0.0,0.0,0.0,0.0,0.0,0.0,0.0,0.0,0.0,0.0,0.0,0.0,0.0,0.0,0.0,0.0,0.0,0.0,0.0,0.0,0.0,0.0,0.0,0.0,0.0,0.0,0.0,0.0,0.0,0.0,0.0,0.0,0.0,0.0,0.0,0.0,0.0,0.0,0.0,0.0,0.0,0.0,0.0,0.0,0.0,0.0,0.0,0.0,0.0,0.0,0.0,0.0,0.0,0.0,0.0,0.0,0.0,0.0,0.0,0.0,0.0,0.0,0.0,0.0,0.0,0.0,0.0,0.0,0.0,0.0,0.0,0.0,0.0,0.0,0.0,0.0,0.0,0.0,0.0,0.0,0.0,0.0,0.0,0.0,0.0,0.0,0.0,0.0,0.0,0.0,0.0,0.0,0.0,0.0,0.0,0.0,0.0,0.0,0.0,0.0,0.0,0.0,0.0,0.0,0.0,0.0,0.0,0.0,0.0,0.0,0.0,0.0,0.0,0.0,0.0,0.0,0.0,0.0,0.0,0.0,0.0,0.0,0.0,0.0,0.0,0.0,0.0,0.0,0.0,0.0,0.0,0.0,0.0,0.0,0.0,0.0,0.0,0.0,0.0,0.0,0.0,0.0,0.0,0.0,0.0,0.0,0.0,0.0,0.0,0.0,0.0,0.0,0.0,0.0,0.0,0.0,0.0,0.0,0.0,0.0,0.0,0.0,0.0,0.0,0.0,0.0,0.0,0.0,0.0,0.0,0.0,0.0,0.0,0.0,0.0,0.0,0.0,0.0,0.0,0.0,0.0,0.0,0.0,0.0,0.0,0.0,0.0,0.0,0.0,0.0,0.0,0.0,0.0,0.0,0.0,0.0,0.0,0.0,0.0,0.0,0.0,0.0,0.0,0.0,0.0,0.0,0.0,0.0,0.0,0.0,0.0,0.0,0.0,0.0,0.0,0.0,0.0,0.0,0.0,0.0,0.0,0.0,0.0,0.0,0.0,0.0,0.0,0.0,0.0,0.0,0.0,0.0,0.0,0.0,0.0,0.0,0.0,0.0
Reef 090,0.0,0.0,0.0,0.0,0.0,0.0,0.0,0.000512139,0.0,2.26e-05,0.0,0.00202928,0.0,0.000218165,8.54e-05,0.000651626,0.0,0.000117166,0.000432724,2.09e-05,0.000215845,0.000415469,0.0,0.000220158,0.0,6.64e-05,0.000115715,2.31e-05,0.0,0.00152066,3.08e-05,0.0,0.0,2.1e-05,0.0,3.4e-05,5.48e-05,0.000177221,0.0,0.000198595,4.73e-05,0.0,0.0,0.0,0.0,0.0,0.0,0.0,0.000112505,0.000130708,2.88e-05,0.0,0.0,0.0,0.0,5.12e-05,0.0,2.68e-05,0.0,0.0,7.17e-05,2.54e-05,0.0,0.0,0.000187666,2.06e-05,0.000156091,6.51e-05,0.0,2.04e-05,8.17e-05,5.35e-05,6.75e-05,0.0,0.0,7.1e-05,0.000137013,2.15e-05,2.21e-05,0.0,3.48e-05,0.0,0.000167383,0.0,0.0,0.0,0.0,0.0,0.0,0.000957575,9.84e-05,0.0,0.0,0.0,0.0,0.0269014,0.0,2.71e-05,0.0,2.94e-05,0.0,0.0,0.0,0.0,0.0,3.24e-05,0.000298863,5.25e-05,7.69e-05,0.0,0.0,0.000141545,0.000139737,0.000411792,3.46e-05,0.0,0.0,0.0,0.0,9.84e-05,2.15e-05,2.62e-05,8.04e-05,0.0,0.0,0.000169766,0.0,0.0,0.0,0.0,0.0,0.0,0.0,0.0,0.00308933,8.94e-05,0.0,0.0,5.34e-05,0.0,0.0,0.0,0.0,0.0,0.0,0.0,0.0,0.000157246,0.0,0.0,0.0,0.0,0.0,0.0,0.0,0.00028692,0.0,0.0,0.0,0.0,0.0,0.0,0.0,0.0,0.0,0.0,0.0,0.0,0.0,0.0,0.000152435,0.0,0.0,0.0,0.0,0.0,0.0,0.0,0.0,4.76e-05,0.0,0.0,0.0,0.0,0.0,4.72e-05,0.0,0.0,0.0,0.0,0.0,0.0,0.0,0.0,0.0,0.0,0.0,0.0,0.0,0.0,0.0,0.0,0.0,0.0,0.0,0.0,0.0,0.0,0.0,0.0,0.0,0.0,0.0,0.0,0.0,0.0,0.0,0.0,0.0,0.0,0.0,0.0,0.0,0.0,0.0,0.0,0.0,0.0,0.0,0.0,0.0,0.0,0.0,0.0,0.0,0.0,0.0,0.0,0.0,0.0,0.0,0.0,0.0,0.0,0.0,0.0,0.0,0.0,0.0,0.0,0.0,0.0,0.0,0.0,0.0,0.0,0.0,0.0,0.0,0.0,0.0,0.0,0.0,0.0,0.0,0.0,0.0,0.0,0.0,0.0,0.0,0.0,0.0,0.0,0.0,0.0,0.0,0.0,0.0,0.0,0.0,0.0,0.0,0.0,0.0,0.0,0.0,0.0,0.0,0.0,0.0,0.0,0.0,0.0,0.0,0.0,0.0,0.0,0.0,0.0,0.0,0.0,0.0,0.0,0.0,0.0,0.0,0.0,0.0,0.0,0.0,0.0,0.0,0.0,0.0,0.0,0.0,0.0,0.0,0.0,0.0,0.0,0.0,0.0,0.0,0.0,0.0,0.0,0.0,0.0,0.0,0.0,0.0,0.0,0.0,0.0,0.0,0.0,0.0,0.0,0.0,0.0,0.0,0.0,0.0,0.0,0.0,0.0,0.0,0.0,0.0,0.0,0.0,0.0,0.0,0.0,0.0,0.0,0.0,0.0,0.0,0.0,0.0,0.0,0.0,0.0,0.0,0.0,0.0,0.0,0.0,0.0,0.0,0.0,0.0,0.0,0.0,0.0,0.0,0.0,0.0,0.0,0.0,0.0,0.0,0.0,0.0,0.0,0.0,0.0,0.0,0.0,0.0,0.0,0.0,0.0,0.0,0.0,0.0,0.0,0.0,0.0,0.0,0.0,0.0,0.0,0.0,0.0,0.0,0.0,0.0,0.0,0.0,0.0,0.0,0.0,0.0,0.0,0.0,0.0,0.0,0.0,0.0
Reef 091,0.0,0.0,0.0,0.0,0.0,0.0,0.0,0.000130024,0.0,3.15e-05,2.93e-05,0.000178579,0.0,0.00272851,0.000896261,3.95e-05,0.0,0.000264292,0.000237189,0.0,0.000982461,0.000130265,0.0,0.00227226,0.0,6.91e-05,0.000433922,0.0,0.0,5.84e-05,0.0,0.0,0.0,3.4e-05,2.01e-05,0.00337253,4.06e-05,0.00276969,0.0,0.000388432,1.59e-05,0.0,1.91e-05,0.0,3.29e-05,0.000174659,9.87e-05,0.000193284,9.52e-05,6.66e-05,0.0,0.0,0.00171377,0.000868931,0.000201815,0.0,0.0,0.00275609,4.96e-05,0.0,0.000121639,0.0,0.0,0.0,5.51e-05,0.0,0.000185674,0.0,0.0,2.67e-05,6.21e-05,0.00145528,0.0,0.0,0.0,0.00123962,3.13e-05,0.0,0.0,0.0,0.00031417,0.000248959,2.16e-05,0.0,0.0,0.0,0.0,0.0,0.0,0.000252456,0.00292459,0.0,0.0,0.0,0.0,0.00315707,0.0,0.00112746,0.0,1.83e-05,0.0,0.0,0.0,0.0,0.0,3.48e-05,0.000125529,3.28e-05,0.000439176,0.0,0.0,0.000137179,0.00383867,0.000126794,8.91e-05,0.0,2.8e-05,0.00036652,0.00029486,0.000101851,2.3e-05,0.00101251,9.78e-05,0.00126768,0.0,0.00122991,0.00167715,0.0,1.95e-05,0.000451685,0.000113298,0.000969574,0.0,0.0,6.22e-05,0.00289777,0.000936213,0.0,0.0010163,0.0,0.00123632,0.0,0.0,0.0,0.0,0.0,7.95e-05,0.00348767,0.0,0.0,0.0,0.0,0.0,0.0,0.0,0.00686001,0.00139082,0.0,0.0,0.0,0.00112956,0.0,0.0,0.0,0.0,0.0,0.0,0.000792981,0.0,0.0,0.00428847,0.000109404,0.0,0.0,0.0,0.0,0.0,0.0,0.0,0.00106128,0.0,0.0,0.000852257,0.0,0.0,0.00230343,0.0,0.0,0.0,0.0,0.00123505,0.0,0.0,0.0,0.0,0.0,0.0,0.0,0.0,0.0,0.00157624,0.0,0.0,0.0,0.0,0.0,0.0,0.0,0.0,0.000134792,0.0,0.0,0.0,0.0,0.0,0.0,0.0,0.0,0.0,0.0,0.0,0.0,0.0,0.0,0.0,0.0,0.0,0.0,0.0,0.0,5.01e-05,0.0,0.0,0.0,0.0,0.0,0.0,0.0,0.0,0.0,0.0,0.0,0.0,0.0,0.0,0.0,0.0,0.0,0.0,0.0,0.0,0.0,0.0,0.0,0.0,0.0,0.0,0.0,0.0,0.0,0.0,0.0,0.0,0.0,0.0,0.0,0.0,0.0,0.0,0.0,0.0,0.0,0.0,0.0,0.0,0.0,0.0,0.0,0.0,0.0,0.0,0.0,0.0,0.0,0.0,0.0,0.0,0.0,0.0,0.0,0.0,0.0,0.0,0.0,0.0,0.0,0.0,0.0,0.0,0.0,0.0,0.0,0.0,0.0,0.0,0.0,0.0,0.0,0.0,0.0,0.0,0.0,0.0,0.0,0.0,0.0,0.0,0.0,0.0,0.0,0.0,0.0,0.0,0.0,0.0,0.0,0.0,0.0,0.0,0.0,0.0,0.0,0.0,0.0,0.0,0.0,0.0,0.0,0.0,0.0,0.0,0.0,0.0,0.0,0.0,0.0,0.0,0.0,0.0,0.0,0.0,0.0,0.0,0.0,0.0,0.0,0.0,0.0,0.0,0.0,0.0,0.0,0.0,0.0,0.0,0.0,0.0,0.0,0.0,0.0,0.0,0.0,0.0,0.0,0.0,0.0,0.0,0.0,0.0,0.0,0.0,0.0,0.0,0.0,0.0,0.0,0.0,0.0,0.0,0.0,0.0,0.0,0.0,0.0,0.0,0.0,0.0,0.0,0.0,0.0,0.0,0.0,0.0,0.0,0.0,0.0,0.0,0.0,0.0,0.0,0.0,0.0,0.0,0.0,0.0,0.0,0.0,0.0,0.0,0.0,0.0,0.0,0.0
Reef 092,0.0,0.0,0.0,0.0,0.0,0.0,0.0,0.0,0.0,0.0,0.0,0.0,0.0,0.0289433,0.00215708,0.0,0.0,0.0,0.0,0.0,0.0,0.0,0.0,0.00861664,0.0,0.0,0.0,0.0,0.0,0.00522262,0.0,0.0,0.0,0.0,0.0,0.00246151,0.0,0.0,0.0,0.0,0.0,0.0,0.0,0.0,0.0,0.0,0.0,0.0,0.0,0.0,0.0,0.0,0.0,0.0,0.0,0.0,0.0,0.0177945,0.0,0.0,0.0,0.0,0.0,0.0,0.00172321,0.0,0.0,0.0,0.0,0.0,0.0,0.0,0.0,0.0,0.0,0.0,0.0,0.0,0.0,0.0,0.0,0.0,0.0,0.0,0.0,0.0,0.0,0.0,0.0,0.00167696,0.0,0.0,0.0,0.0,0.0,0.0515934,0.0,0.0,0.0,0.0,0.0,0.0,0.0,0.0,0.0,0.0,0.00329754,0.00294171,0.0,0.0,0.0,0.0,0.0,0.0,0.0,0.0,0.0,0.0,0.0,0.0,0.0,0.0,0.0,0.0,0.0,0.0,0.0,0.0,0.0,0.0,0.0,0.0,0.0,0.0,0.00283741,0.00192665,0.0,0.0,0.0,0.0,0.0,0.0,0.0,0.0,0.0,0.0,0.0,0.00144635,0.0,0.0,0.0,0.0,0.0,0.0,0.0,0.00261548,0.0,0.0,0.0,0.0,0.0,0.0,0.0,0.0,0.0,0.0,0.0,0.0,0.0,0.0,0.00146897,0.0,0.0,0.0,0.0,0.0,0.0,0.0,0.0,0.0,0.0,0.0,0.0,0.0,0.0,0.0,0.0,0.0,0.0,0.0,0.0,0.0,0.0,0.0,0.0,0.0,0.0,0.0,0.0,0.0,0.0,0.0,0.0,0.0,0.0,0.0,0.0,0.0,0.0,0.0,0.0,0.0,0.0,0.0,0.0,0.0,0.0,0.0,0.0,0.0,0.0,0.0,0.0,0.0,0.0,0.0,0.0,0.0,0.0,0.0,0.0,0.0,0.0,0.0,0.0,0.0,0.0,0.0,0.0,0.0,0.0,0.0,0.0,0.0,0.0,0.0,0.0,0.0,0.0,0.0,0.0,0.0,0.0,0.0,0.0,0.0,0.0,0.0,0.0,0.0,0.0,0.0,0.0,0.0,0.0,0.0,0.0,0.0,0.0,0.0,0.0,0.0,0.0,0.0,0.0,0.0,0.0,0.0,0.0,0.0,0.0,0.0,0.0,0.0,0.0,0.0,0.0,0.0,0.0,0.0,0.0,0.0,0.0,0.0,0.0,0.0,0.0,0.0,0.0,0.0,0.0,0.0,0.0,0.0,0.0,0.0,0.0,0.0,0.0,0.0,0.0,0.0,0.0,0.0,0.0,0.0,0.0,0.0,0.0,0.0,0.0,0.0,0.0,0.0,0.0,0.0,0.0,0.0,0.0,0.0,0.0,0.0,0.0,0.0,0.0,0.0,0.0,0.0,0.0,0.0,0.0,0.0,0.0,0.0,0.0,0.0,0.0,0.0,0.0,0.0,0.0,0.0,0.0,0.0,0.0,0.0,0.0,0.0,0.0,0.0,0.0,0.0,0.0,0.0,0.0,0.0,0.0,0.0,0.0,0.0,0.0,0.0,0.0,0.0,0.0,0.0,0.0,0.0,0.0,0.0,0.0,0.0,0.0,0.0,0.0,0.0,0.0,0.0,0.0,0.0,0.0,0.0,0.0,0.0,0.0,0.0,0.0,0.0,0.0,0.0,0.0,0.0,0.0,0.0,0.0,0.0,0.0,0.0,0.0,0.0,0.0,0.0,0.0,0.0,0.0,0.0,0.0,0.0,0.0,0.0,0.0,0.0,0.0
Reef 093,0.0,0.0,0.0,0.0,0.0,0.0,0.0,0.0,0.0,0.0,0.0,0.000402345,0.0,0.0,0.00262476,0.000668247,0.0,0.00159128,0.000737349,0.0,0.00137986,0.00105434,0.0,0.0,0.0,0.0,0.00342814,0.0,0.0,0.000344742,0.0,0.0,0.0,0.0,0.0,0.0142108,0.0,0.0,0.0,0.00319643,0.0,0.0,0.0,0.0,0.0,0.0,0.0,0.0,0.0115743,0.0,0.0,0.0,0.0,0.0,0.0,0.0,0.0,0.0397869,0.0,0.0,0.0,0.0,0.0,0.0,0.0,0.0,0.000524814,0.0,0.0,0.0,0.000393774,0.0221083,0.0,0.0,0.0,0.0,0.0,0.0,0.0,0.0,0.000261658,0.00100619,0.0,0.0,0.0,0.0,0.0,0.00037868,0.0,0.0,0.0,0.0,0.000446211,0.00231577,0.0,0.000996432,0.000253085,0.00947623,0.0,0.0,0.0,0.0,0.0,0.0,0.0,0.0,0.000338178,0.0123425,0.0,0.0,0.0,0.000366038,0.0,0.0,0.0,0.0,0.00034921,0.0,0.0,0.0,0.0,0.00231476,0.0,0.00650492,0.0,0.0,0.0,0.0,0.0,0.0,0.00154496,0.0,0.0,0.0,0.00221293,0.00178501,0.0,0.0,0.000373379,0.0,0.0,0.0,0.0,0.0,0.0,0.0,0.0,0.00506441,0.0,0.0,0.0,0.0,0.0,0.0,0.0,0.000545837,0.0,0.0,0.0,0.0,0.0,0.0,0.0,0.0,0.0,0.0,0.0,0.0,0.0,0.0,0.000348652,0.0,0.0,0.0,0.0,0.0,0.0,0.0,0.0,0.0,0.0,0.0,0.0,0.0,0.0,0.0,0.0,0.0,0.0,0.0,0.0,0.0,0.0,0.0,0.0,0.0,0.0,0.0,0.0,0.0,0.0,0.0,0.0,0.0,0.0,0.0,0.0,0.0,0.0,0.0,0.0,0.0,0.0,0.0,0.0,0.0,0.0,0.0,0.0,0.0,0.0,0.0,0.0,0.0,0.0,0.0,0.0,0.0,0.0,0.0,0.0,0.0,0.0,0.0,0.0,0.0,0.0,0.0,0.0,0.0,0.0,0.0,0.0,0.0,0.0,0.0,0.0,0.0,0.0,0.0,0.0,0.0,0.0,0.0,0.0,0.0,0.0,0.0,0.0,0.0,0.0,0.0,0.0,0.0,0.0,0.0,0.0,0.0,0.0,0.0,0.0,0.0,0.0,0.0,0.0,0.0,0.0,0.0,0.0,0.0,0.0,0.0,0.0,0.0,0.0,0.0,0.0,0.0,0.0,0.0,0.0,0.0,0.0,0.0,0.0,0.0,0.0,0.0,0.0,0.0,0.0,0.0,0.0,0.0,0.0,0.0,0.0,0.0,0.0,0.0,0.0,0.0,0.0,0.0,0.0,0.0,0.0,0.0,0.0,0.0,0.0,0.0,0.0,0.0,0.0,0.0,0.0,0.0,0.0,0.0,0.0,0.0,0.0,0.0,0.0,0.0,0.0,0.0,0.0,0.0,0.0,0.0,0.0,0.0,0.0,0.0,0.0,0.0,0.0,0.0,0.0,0.0,0.0,0.0,0.0,0.0,0.0,0.0,0.0,0.0,0.0,0.0,0.0,0.0,0.0,0.0,0.0,0.0,0.0,0.0,0.0,0.0,0.0,0.0,0.0,0.0,0.0,0.0,0.0,0.0,0.0,0.0,0.0,0.0,0.0,0.0,0.0,0.0,0.0,0.0,0.0,0.0,0.0,0.0,0.0,0.0,0.0,0.0,0.0,0.0,0.0,0.0,0.0,0.0,0.0,0.0,0.0,0.0,0.0,0.0,0.0,0.0,0.0,0.0,0.0,0.0,0.0,0.0,0.0,0.0,0.0,0.0,0.0
Reef 094,0.0,0.0,0.0,0.0,0.0,0.0,0.0,3.13e-05,0.0,2.28e-05,0.0,0.00235803,0.0,0.0,0.00326637,0.00116618,1.41e-05,0.00672164,2.88e-05,0.0,0.0245454,0.000540659,6.26e-06,0.0,0.0,0.0,0.00172558,0.0,0.0,0.0,0.0,0.0,0.0,4.58e-06,1.01e-05,0.0918831,0.0,0.0,4.41e-06,0.00736204,0.0,8.01e-06,0.0,4.23e-06,0.0,0.0,0.0,0.0,0.0379155,0.0,0.0,0.0,0.0,0.0,0.0,0.0,0.0,0.000645694,3.76e-05,6.83e-06,0.0,0.0,5.33e-06,5.79e-06,0.0,0.0,0.0567482,0.0,0.0,0.0,1.05e-05,0.00639343,0.0,0.0,0.0,0.0,0.0,0.0,0.0,0.0,5.4e-05,1.31e-05,0.0,0.0,0.0,0.0,0.0,0.00013832,0.0,0.0,0.0,0.0,4.66e-06,0.00201416,0.0,0.0,9.1e-05,0.000242892,0.0,0.0,2.28e-05,2.18e-05,0.0,3.52e-05,6.64e-06,0.0,0.0,6.05e-05,0.0,0.0,0.0,4.45e-06,0.0,0.0,0.0,0.0,9.89e-06,0.000939045,0.0,0.0,0.0,4.24e-06,0.0,5.24e-06,0.0,0.0,0.0,0.0,5.01e-05,0.000998805,4.99e-05,0.000725454,0.0,0.0,0.0,1.57e-05,0.0042201,0.0,3.86e-05,0.0,0.000246271,0.0,0.0,0.0,0.0,0.0,0.0,6.34e-06,0.0,0.0,0.0,0.0,0.0,0.0,0.0,0.0,0.000313152,0.0,0.0,0.0,0.00333017,0.0,0.0,0.0,0.0,0.0,0.0,0.00102746,0.000168043,0.0,4.2e-06,0.000436322,0.000270494,2.38e-05,0.0,0.0,7.72e-05,0.0,0.0,0.0,0.0,0.0,0.0,0.0,0.0,0.00137503,0.0,0.0,0.0,0.0,1.76e-05,0.0,0.0,0.0,0.0,0.0,0.0,0.0,0.0,0.0,8.09e-05,0.0,0.0,0.0,0.0,0.0,0.0,0.0,0.0,7.89e-06,0.0,0.0,0.0,0.0,0.0,0.0,0.0,0.0,0.0,0.0,0.0,0.0,0.0,0.0,0.0,0.0,0.0,6.71e-06,0.0,0.0,2.78e-05,0.0,0.0,0.0,0.0,0.0,0.0,0.0,0.0,0.0,0.0,0.0,0.0,0.0,0.0,0.0,0.0,0.0,0.0,0.0,0.0,0.0,0.0,0.0,0.0,0.0,0.0,0.0,0.0,0.0,0.0,0.0,0.0,0.0,0.0,0.0,0.0,0.0,0.0,0.0,0.0,0.0,0.0,0.0,0.0,0.0,0.0,0.0,0.0,0.0,0.0,0.0,0.0,0.0,0.0,0.0,0.0,0.0,0.0,0.0,0.0,0.0,0.0,0.0,0.0,0.0,0.0,0.0,0.0,0.0,0.0,0.0,0.0,0.0,0.0,0.0,0.0,0.0,0.0,0.0,0.0,0.0,0.0,0.0,0.0,0.0,0.0,0.0,0.0,0.0,0.0,0.0,0.0,0.0,0.0,0.0,0.0,0.0,0.0,0.0,0.0,0.0,0.0,0.0,0.0,0.0,0.0,0.0,0.0,0.0,0.0,0.0,0.0,0.0,0.0,0.0,0.0,0.0,0.0,0.0,0.0,0.0,0.0,0.0,0.0,0.0,0.0,0.0,0.0,0.0,0.0,0.0,0.0,0.0,0.0,0.0,0.0,0.0,0.0,0.0,0.0,0.0,0.0,0.0,0.0,0.0,0.0,0.0,0.0,0.0,0.0,0.0,0.0,0.0,0.0,0.0,0.0,0.0,0.0,0.0,0.0,0.0,0.0,0.0,0.0,0.0,0.0,0.0,0.0,0.0,0.0,0.0,0.0,0.0,0.0,0.0,0.0,0.0,0.0,0.0,0.0,0.0,0.0,0.0,0.0,0.0,0.0,0.0,0.0,0.0,0.0,0.0,0.0
Reef 095,0.0,0.0,0.0,0.0,0.0,0.0,0.0,0.0,0.0,0.0,0.0,0.0,0.0,0.0424257,0.00275761,0.0,0.0,0.0,0.0,0.0,0.0,0.0,0.0,0.0152074,0.0,0.0,0.00158333,0.0,0.0,0.00275211,0.0,0.0,0.0,0.0,0.0,0.00770862,0.0,0.0025366,0.0,0.0,0.0,0.0,0.0,0.0,0.0,0.0,0.0,0.0,0.0,0.0,0.0,0.0,0.0,0.0,0.0,0.0,0.0,0.035215,0.0,0.0,0.0,0.0,0.0,0.0,0.00160897,0.0,0.0018287,0.0,0.0,0.0,0.0,0.00246406,0.0,0.0,0.0,0.0,0.0,0.0,0.0,0.0,0.0,0.0,0.0,0.0,0.0,0.0,0.0,0.0,0.0,0.00219429,0.0,0.0,0.0,0.0,0.0,0.05092,0.0,0.0,0.0,0.0,0.0,0.0,0.0,0.0,0.0,0.0,0.00480115,0.0018058,0.0,0.0,0.0,0.0,0.0,0.00158188,0.0,0.0,0.0,0.0,0.0,0.0,0.0,0.0,0.0,0.0,0.0,0.0,0.0,0.0,0.0,0.0,0.0,0.0,0.0,0.0,0.00166851,0.00161572,0.0,0.0,0.0,0.0,0.0,0.0,0.0,0.0,0.0,0.0,0.0,0.00245446,0.0,0.0,0.0,0.0,0.0,0.0,0.0,0.00455837,0.0,0.0,0.0,0.0,0.0,0.0,0.0,0.0,0.0,0.0,0.0,0.0,0.0,0.0,0.00272754,0.0,0.0,0.0,0.0,0.0,0.0,0.0,0.0,0.0,0.0,0.0,0.0,0.0,0.0,0.0,0.0,0.0,0.0,0.0,0.0,0.0,0.0,0.0,0.0,0.0,0.0,0.0,0.0,0.0,0.0,0.0,0.0,0.0,0.0,0.0,0.0,0.0,0.0,0.0,0.0,0.0,0.0,0.0,0.0,0.0,0.0,0.0,0.0,0.0,0.0,0.0,0.0,0.0,0.0,0.0,0.0,0.0,0.0,0.0,0.0,0.0,0.0,0.0,0.0,0.0,0.0,0.0,0.0,0.0,0.0,0.0,0.0,0.0,0.0,0.0,0.0,0.0,0.0,0.0,0.0,0.0,0.0,0.0,0.0,0.0,0.0,0.0,0.0,0.0,0.0,0.0,0.0,0.0,0.0,0.0,0.0,0.0,0.0,0.0,0.0,0.0,0.0,0.0,0.0,0.0,0.0,0.0,0.0,0.0,0.0,0.0,0.0,0.0,0.0,0.0,0.0,0.0,0.0,0.0,0.0,0.0,0.0,0.0,0.0,0.0,0.0,0.0,0.0,0.0,0.0,0.0,0.0,0.0,0.0,0.0,0.0,0.0,0.0,0.0,0.0,0.0,0.0,0.0,0.0,0.0,0.0,0.0,0.0,0.0,0.0,0.0,0.0,0.0,0.0,0.0,0.0,0.0,0.0,0.0,0.0,0.0,0.0,0.0,0.0,0.0,0.0,0.0,0.0,0.0,0.0,0.0,0.0,0.0,0.0,0.0,0.0,0.0,0.0,0.0,0.0,0.0,0.0,0.0,0.0,0.0,0.0,0.0,0.0,0.0,0.0,0.0,0.0,0.0,0.0,0.0,0.0,0.0,0.0,0.0,0.0,0.0,0.0,0.0,0.0,0.0,0.0,0.0,0.0,0.0,0.0,0.0,0.0,0.0,0.0,0.0,0.0,0.0,0.0,0.0,0.0,0.0,0.0,0.0,0.0,0.0,0.0,0.0,0.0,0.0,0.0,0.0,0.0,0.0,0.0,0.0,0.0,0.0,0.0,0.0,0.0,0.0,0.0,0.0,0.0,0.0,0.0,0.0,0.0,0.0,0.0,0.0,0.0
Reef 096,0.0,0.0,0.0,0.0,0.0,0.0,8.05e-07,1.6e-06,4.24e-07,2.93e-06,1.33e-06,0.00180067,0.0,0.000601318,1.74e-06,0.000538649,1.73e-06,0.000295538,1.61e-06,2.24e-06,0.0008209,0.000142082,5.6e-07,0.000360456,3.45e-07,8.05e-06,0.000274547,4.29e-07,9.75e-07,0.00027236,1.44e-06,0.0,4.68e-06,1.2e-05,3.27e-06,0.00137178,5.23e-07,0.000371239,8.34e-07,0.000166608,7.29e-07,7.69e-07,9.42e-07,1.39e-06,3.17e-06,9.7e-07,1.39e-06,2.54e-05,2.4e-05,2.12e-05,8.99e-07,3.68e-07,1.47e-06,7.58e-07,2.21e-05,1.76e-06,1.59e-06,4.09e-06,3.75e-06,6.12e-07,6.71e-07,6.67e-07,4.95e-07,7.69e-07,1.92e-06,4.47e-06,1.02e-05,7.72e-07,5.51e-07,4.44e-06,2.43e-05,0.000356642,5.78e-07,1.44e-06,4.08e-07,0.000859607,0.00153778,4.14e-07,1.07e-06,5.31e-07,7.96e-05,7.24e-06,3.9e-06,7.32e-07,7.08e-07,3.57e-07,6.67e-06,4.5e-07,5.57e-06,4.25e-07,0.00129195,1.03e-06,4.2e-07,3.91e-07,1.12e-06,0.0808773,1.45e-06,0.000137308,0.0,1.36e-05,1.61e-06,0.0,6.65e-07,0.0,0.0,3.91e-06,7.29e-05,1.89e-05,5.71e-06,2.8e-06,2.43e-06,0.000118144,0.000187346,3.76e-07,6.3e-07,4.04e-07,5.28e-07,5.24e-06,7.7e-06,7.6e-07,8.57e-06,2.49e-05,0.000110651,3.16e-05,0.0,1.75e-06,0.000133471,1.12e-06,7.47e-07,1.82e-05,5.38e-06,4.94e-05,0.0,0.0,3.19e-06,0.000389671,0.000181069,0.0,0.000123873,0.0,0.000138637,0.0,0.0,0.0,0.0,0.0,2.22e-06,0.000346644,0.0,0.0,0.0,0.0,0.0,7.31e-07,0.0,0.00148615,0.000199163,0.0,0.0,0.0,0.000298493,0.0,0.0,0.0,0.0,0.0,0.0,0.00017735,4.27e-07,0.0,0.000915002,2.66e-05,1.25e-06,0.0,0.0,0.0,3.95e-07,0.0,0.0,0.000232281,0.0,0.0,2.8e-05,0.0,0.0,0.000275729,0.0,0.0,0.0,0.0,3.47e-05,0.0,0.0,0.0,0.0,0.0,0.0,0.0,0.0,0.0,2.19e-05,0.0,0.0,0.0,0.0,0.0,0.0,0.0,0.0,1.46e-06,0.0,0.0,9.72e-07,0.0,0.0,0.0,0.0,0.0,0.0,0.0,0.0,0.0,0.0,0.0,0.0,0.0,0.0,2.25e-06,0.0,0.0,8.95e-06,0.0,0.0,0.0,0.0,0.0,0.0,0.0,0.0,0.0,0.0,0.0,0.0,0.0,0.0,0.0,0.0,0.0,0.0,0.0,0.0,0.0,0.0,0.0,0.0,0.0,0.0,0.0,0.0,0.0,0.0,0.0,0.0,0.0,0.0,0.0,0.0,0.0,0.0,0.0,0.0,0.0,0.0,0.0,0.0,0.0,0.0,0.0,0.0,0.0,0.0,0.0,0.0,0.0,0.0,0.0,0.0,0.0,0.0,0.0,0.0,0.0,0.0,0.0,0.0,0.0,0.0,0.0,0.0,0.0,0.0,0.0,0.0,0.0,0.0,0.0,0.0,0.0,0.0,0.0,0.0,0.0,0.0,0.0,0.0,0.0,0.0,0.0,0.0,0.0,0.0,0.0,0.0,0.0,0.0,0.0,0.0,0.0,0.0,0.0,0.0,0.0,0.0,0.0,0.0,0.0,0.0,0.0,0.0,0.0,0.0,0.0,0.0,0.0,0.0,0.0,0.0,0.0,0.0,0.0,0.0,0.0,0.0,0.0,0.0,0.0,0.0,0.0,0.0,0.0,0.0,0.0,0.0,0.0,0.0,0.0,0.0,0.0,0.0,0.0,0.0,0.0,0.0,0.0,0.0,0.0,0.0,0.0,0.0,0.0,0.0,0.0,0.0,0.0,0.0,0.0,0.0,0.0,0.0,0.0,0.0,0.0,0.0,0.0,0.0,0.0,0.0,0.0,0.0,0.0,0.0,0.0,0.0,0.0,0.0,0.0,0.0,0.0,0.0,0.0,0.0,0.0,0.0,0.0,0.0,0.0,0.0,0.0,0.0,0.0,3.98e-07,0.0,0.0
Reef 097,0.0,0.0,0.0,0.0,0.0,0.0,0.0,0.0,0.0,0.0,0.0,0.0,0.0,0.0,0.000266507,0.0,0.0,0.000446963,0.000519611,0.0,0.0014488,0.000265946,0.0,0.0,0.0,0.0,0.00293769,0.0,0.0,0.000500035,0.0,0.0,0.0,0.0,0.0,0.0016096,0.0,0.0,0.0,0.000595637,0.0,0.0,0.0,0.0,0.0,0.0,0.0,0.0,0.000608346,0.0,0.0,0.0,0.0,0.0,0.0,0.0,0.0,0.0291933,0.0,0.0,0.0,0.0,0.0,0.0,0.0,0.0,0.00394365,0.0,0.0,0.0,0.000592905,0.00300012,0.0,0.0,0.0,0.0,0.0,0.0,0.0,0.0,0.00287848,0.00185898,0.0,0.0,0.0,0.0,0.0,0.000295542,0.0,0.000313532,0.0,0.0,0.000311597,0.00356073,0.0,0.00225182,0.000284781,0.00423488,0.0,0.0,0.000357766,0.0,0.0,0.0,0.0,0.0,0.000793504,0.0268971,0.0,0.0,0.0,0.000410622,0.0,0.0,0.0,0.0,0.000904228,0.0,0.0,0.0,0.0,0.00695573,0.0,0.000304392,0.0,0.0,0.0,0.0,0.0,0.0,0.000291922,0.0,0.0,0.0,0.00522091,0.00434462,0.0,0.0,0.00102748,0.0,0.0,0.0,0.0,0.0,0.0,0.0,0.0,0.00670192,0.0,0.0,0.0,0.0,0.0,0.0,0.0,0.0014048,0.0,0.0,0.0,0.0,0.0,0.0,0.0,0.0,0.0,0.0,0.0,0.0,0.0,0.0,0.000395426,0.0,0.0,0.0,0.0,0.0,0.0,0.0,0.0,0.0,0.0,0.0,0.0,0.0,0.0,0.0,0.0,0.0,0.0,0.0,0.0,0.0,0.0,0.0,0.0,0.0,0.0,0.0,0.0,0.0,0.0,0.0,0.0,0.0,0.0,0.0,0.0,0.0,0.0,0.0,0.0,0.0,0.0,0.0,0.0,0.0,0.0,0.0,0.0,0.0,0.0,0.0,0.0,0.0,0.0,0.0,0.0,0.0,0.0,0.0,0.0,0.0,0.0,0.0,0.0,0.0,0.0,0.0,0.0,0.0,0.0,0.0,0.0,0.0,0.0,0.0,0.0,0.0,0.0,0.0,0.0,0.0,0.0,0.0,0.0,0.0,0.0,0.0,0.0,0.0,0.0,0.0,0.0,0.0,0.0,0.0,0.0,0.0,0.0,0.0,0.0,0.0,0.0,0.0,0.0,0.0,0.0,0.0,0.0,0.0,0.0,0.0,0.0,0.0,0.0,0.0,0.0,0.0,0.0,0.0,0.0,0.0,0.0,0.0,0.0,0.0,0.0,0.0,0.0,0.0,0.0,0.0,0.0,0.0,0.0,0.0,0.0,0.0,0.0,0.0,0.0,0.0,0.0,0.0,0.0,0.0,0.0,0.0,0.0,0.0,0.0,0.0,0.0,0.0,0.0,0.0,0.0,0.0,0.0,0.0,0.0,0.0,0.0,0.0,0.0,0.0,0.0,0.0,0.0,0.0,0.0,0.0,0.0,0.0,0.0,0.0,0.0,0.0,0.0,0.0,0.0,0.0,0.0,0.0,0.0,0.0,0.0,0.0,0.0,0.0,0.0,0.0,0.0,0.0,0.0,0.0,0.0,0.0,0.0,0.0,0.0,0.0,0.0,0.0,0.0,0.0,0.0,0.0,0.0,0.0,0.0,0.0,0.0,0.0,0.0,0.0,0.0,0.0,0.0,0.0,0.0,0.0,0.0,0.0,0.0,0.0,0.0,0.0,0.0,0.0,0.0,0.0,0.0,0.0,0.0,0.0,0.0,0.0,0.0,0.0,0.0,0.0,0.0,0.0,0.0,0.0,0.0,0.0,0.0,0.0,0.0,0.0,0.0
Reef 098,0.0,0.0,0.0,0.0,0.0,0.0,0.0,2.29e-05,0.0,1.18e-05,2.09e-06,0.000968849,0.0,6.39e-06,0.0045167,8.69e-05,5.61e-06,0.00358002,0.000842083,9.44e-06,0.00383479,0.0016254,2.6e-05,0.0,1.38e-06,2.98e-05,0.00409109,0.0,1.24e-06,0.000123849,0.0,1.91e-06,0.0,6.11e-05,2.8e-05,0.0399431,1.36e-06,0.0,9.55e-06,0.00717495,4.64e-06,1.38e-05,0.0,1.79e-05,0.0,0.0,0.0,0.0,0.0414486,2.14e-06,0.0,1.15e-05,0.0,0.0,0.0,0.0,0.0,0.0288757,0.000199541,2.29e-05,3.39e-06,0.0,1.28e-05,4.7e-05,3.17e-06,9.78e-07,0.00255384,1.05e-06,0.0,2.25e-06,0.000100894,0.0265898,1.42e-06,1.01e-06,0.0,1.17e-06,0.0,1.24e-06,4.76e-06,2.13e-06,0.000167607,0.000301966,3.01e-06,3.07e-06,1.76e-06,2.79e-06,4.65e-06,1.72e-06,0.0,1.3e-05,1.45e-06,4.07e-06,1.61e-05,0.00114433,2.1e-06,6.67e-05,2.38e-05,0.0145649,0.0,0.0,5.91e-06,1.07e-06,1.63e-06,6.45e-06,1.11e-06,1.61e-06,2.41e-05,0.00225078,0.0,2.4e-06,9.94e-07,7.39e-06,0.0,4.1e-06,1.02e-06,0.0,5.59e-05,0.000251229,0.0,0.0,2.56e-06,0.000108655,0.0,2.28e-05,0.0,0.0,0.0,1.67e-06,0.0,1.76e-05,5.21e-06,1.7e-05,0.0,0.0,0.000136228,0.000104874,4.51e-05,0.0,1.86e-05,0.0,2.75e-05,0.0,0.0,0.0,0.0,0.0,0.0,0.00114905,0.0,0.0,0.0,0.0,0.0,0.0,0.0,2.94e-05,2e-05,0.0,0.0,0.0,1.2e-05,0.0,0.0,0.0,0.0,0.0,0.0,9.04e-06,0.0,0.0,3.05e-06,1.34e-06,0.0,0.0,0.0,0.0,0.0,0.0,0.0,1.69e-06,0.0,0.0,1.21e-06,0.0,0.0,2.6e-05,0.0,0.0,0.0,0.0,2.55e-06,0.0,0.0,0.0,0.0,0.0,0.0,0.0,0.0,0.0,1.47e-06,0.0,0.0,0.0,0.0,0.0,0.0,0.0,0.0,0.0,0.0,0.0,0.0,0.0,0.0,0.0,0.0,0.0,0.0,0.0,0.0,0.0,0.0,0.0,0.0,0.0,0.0,0.0,0.0,0.0,0.0,0.0,0.0,0.0,0.0,0.0,0.0,0.0,0.0,0.0,0.0,0.0,0.0,0.0,0.0,0.0,0.0,0.0,0.0,0.0,0.0,0.0,0.0,0.0,0.0,0.0,0.0,0.0,0.0,0.0,0.0,0.0,0.0,0.0,0.0,0.0,0.0,0.0,0.0,0.0,0.0,0.0,0.0,0.0,0.0,0.0,0.0,0.0,0.0,0.0,0.0,0.0,0.0,0.0,0.0,0.0,0.0,0.0,0.0,0.0,0.0,0.0,0.0,0.0,0.0,0.0,0.0,0.0,0.0,0.0,0.0,0.0,0.0,0.0,0.0,0.0,0.0,0.0,0.0,0.0,0.0,0.0,0.0,0.0,0.0,0.0,0.0,0.0,0.0,0.0,0.0,0.0,0.0,0.0,0.0,0.0,0.0,0.0,0.0,0.0,0.0,0.0,0.0,0.0,0.0,0.0,0.0,0.0,0.0,0.0,0.0,0.0,0.0,0.0,0.0,0.0,0.0,0.0,0.0,0.0,0.0,0.0,0.0,0.0,0.0,0.0,0.0,0.0,0.0,0.0,0.0,0.0,0.0,0.0,0.0,0.0,0.0,0.0,0.0,0.0,0.0,0.0,0.0,0.0,0.0,0.0,0.0,0.0,0.0,0.0,0.0,0.0,0.0,0.0,0.0,0.0,0.0,0.0,0.0,0.0,0.0,0.0,0.0,0.0,0.0,0.0,0.0,0.0,0.0,0.0,0.0,0.0,0.0,0.0,0.0,0.0,0.0,0.0,0.0,0.0,0.0,0.0,0.0,0.0,0.0,0.0,0.0,0.0,0.0,0.0,0.0,0.0,0.0
Reef 099,0.0,7.94e-05,0.00182994,0.00225157,0.00282091,0.00214855,0.0,0.0,0.0,0.0,0.0,0.0,0.0,0.0,0.0,0.0,0.0,0.0,0.0,0.0,0.0,0.0,0.0,0.0,0.0,0.0,0.0,0.0,0.0,0.0,0.0,0.0,0.0,0.0,0.0,0.0,0.0,0.0,0.0,0.0,0.0,0.0,0.0,0.0,0.0,0.0,0.0,0.0,0.0,0.0,0.0,0.0,0.0,0.0,0.0,0.0,0.0,0.0,0.0,0.0,0.0,0.0,0.0,0.0,0.0,0.0,0.0,0.0,0.0,0.0,0.0,0.0,0.0,0.0,0.0,0.0,0.0,0.0,0.0,0.0,0.0,0.0,0.0,0.0,0.0,0.0,0.0,0.0,0.0,0.0,0.0,0.0,0.0,0.0,0.0,0.0,0.0,0.0,0.00363672,0.0,0.0,0.0,0.0,0.0,0.0,0.0,0.0,0.0,0.0,0.0,0.0,0.0,0.0,0.0,0.0,0.0,0.0,0.0,0.0,0.0,0.0,0.0,0.0,0.0,0.000102842,0.0,0.0,0.0,0.0,0.0,0.0,0.0,0.08533,0.0,0.0,0.0,0.0,0.00142892,0.0,0.000398426,0.0,0.00124329,0.0,0.0,0.00061228,0.0,0.0,0.0,0.0,0.0,0.0,0.0,0.0,0.0,0.0,0.0,0.0,0.0,0.0,0.0,0.0,0.0,0.0,0.00014447,0.000752651,0.0,0.0,0.0,0.0,0.000314999,0.0,0.0,0.0,0.0,0.0,0.0,0.0,0.0,0.0,0.0,0.0,0.0,0.0,0.0,0.0,0.0,0.0,0.0,0.0,0.0,0.0,0.0,0.0,0.0,0.0,0.0,0.0,0.000685576,0.0,0.0,0.0,0.0,0.0,0.0,0.0,0.0,0.0,8.44e-05,0.0,0.0,0.0,0.0,0.0,0.0,0.0,0.0,0.0,0.0,0.0,0.0,0.0,0.0,0.0,0.0,0.0,0.0,0.0,0.0,0.0,0.0,0.0,0.0,0.0,0.0,0.0,0.0,0.0,0.0,0.0,0.0,0.0,0.0,0.0,0.0,0.0,0.0,0.0,0.0,0.0,0.0,0.0,0.0,0.0,0.0,0.0,0.0,0.0,0.0,0.0,0.0,0.0,0.0,0.0,0.0,0.0,0.0,0.0,0.0,0.0,0.0,0.0,0.0,0.0,0.0,0.0,0.0,0.0,0.0,0.0,0.0,0.0,0.0,0.0,0.0,0.0,0.0,0.0,0.0,0.0,0.0,0.0,0.0,0.0,0.0,0.0,0.0,0.0,0.0,0.0,0.0,0.0,0.0,0.0,0.0,0.0,0.0,0.0,0.0,0.0,0.0,0.0,0.0,0.0,0.0,0.0,0.0,0.0,0.0,0.0,0.0,0.0,0.0,0.0,0.0,0.0,0.0,0.0,0.0,0.0,0.0,0.0,0.0,0.0,0.0,0.0,0.0,0.0,0.0,0.0,0.0,0.0,0.0,0.0,0.0,0.0,0.0,0.0,0.0,0.0,0.0,0.0,0.0,0.0,0.0,0.0,0.0,0.0,0.0,0.0,0.0,0.0,0.0,0.0,0.0,0.0,0.0,0.0,0.0,0.0,0.0,0.0,0.0,0.0,0.0,0.0,0.0,0.0,0.0,0.0,0.0,0.0,0.0,0.0,0.0,0.0,0.0,0.0,0.0,0.0,0.0,0.0,0.0,0.0,0.0,0.0,0.0,0.0,0.0,0.0,0.0,0.0,0.0,0.0,0.0,0.0,0.0,0.0,0.0,0.0,0.0,0.0,0.0,0.0,0.0,0.0,0.0,0.0,0.0,0.0,0.0,0.0,0.0,0.0
Reef 100,0.0,0.0,0.0,0.0,0.0,0.0,0.0,0.0,0.0,0.0,0.0,0.0,0.0,0.0516985,0.00230553,0.0,0.0,0.0,0.00132596,0.0,0.00116098,0.0,0.0,0.0168748,0.0,0.0,0.00237672,0.0,0.0,0.00283261,0.0,0.0,0.0,0.0,0.0,0.00388736,0.0,0.00242798,0.0,0.00351592,0.0,0.0,0.0,0.0,0.0,0.0,0.0,0.0,0.00213738,0.0,0.0,0.0,0.0,0.0,0.0,0.0,0.0,0.00170818,0.0,0.0,0.0,0.0,0.0,0.0,0.00114162,0.0,0.00401027,0.0,0.0,0.0,0.0,0.00561549,0.0,0.0,0.0,0.0,0.0,0.0,0.0,0.0,0.0,0.0,0.0,0.0,0.0,0.0,0.0,0.0,0.0,0.00143103,0.0,0.0,0.0,0.0,0.0,0.0304685,0.0,0.0,0.0,0.0,0.0,0.0,0.0,0.0,0.0,0.0,0.00173635,0.00351095,0.0,0.0,0.0,0.0,0.0,0.00289266,0.0,0.0,0.0,0.00113874,0.0,0.0,0.0,0.0,0.0,0.00180814,0.0,0.00111597,0.0,0.0,0.0,0.0,0.0,0.00210996,0.0,0.0,0.0283758,0.00325738,0.00106624,0.0,0.00153007,0.0,0.00185646,0.0,0.0,0.0,0.0,0.0,0.0,0.00479276,0.0,0.0,0.0,0.0,0.0,0.0,0.0,0.00927645,0.00157523,0.0,0.0,0.0,0.0,0.0,0.0,0.0,0.0,0.0,0.0,0.0,0.0,0.0,0.00635382,0.0,0.0,0.0,0.0,0.0,0.0,0.0,0.0,0.00118357,0.0,0.0,0.0011399,0.0,0.0,0.00251866,0.0,0.0,0.0,0.0,0.00138661,0.0,0.0,0.0,0.0,0.0,0.0,0.0,0.0,0.0,0.00214266,0.0,0.0,0.0,0.0,0.0,0.0,0.0,0.0,0.0,0.0,0.0,0.0,0.0,0.0,0.0,0.0,0.0,0.0,0.0,0.0,0.0,0.0,0.0,0.0,0.0,0.0,0.0,0.0,0.0,0.0,0.0,0.0,0.0,0.0,0.0,0.0,0.0,0.0,0.0,0.0,0.0,0.0,0.0,0.0,0.0,0.0,0.0,0.0,0.0,0.0,0.0,0.0,0.0,0.0,0.0,0.0,0.0,0.0,0.0,0.0,0.0,0.0,0.0,0.0,0.0,0.0,0.0,0.0,0.0,0.0,0.0,0.0,0.0,0.0,0.0,0.0,0.0,0.0,0.0,0.0,0.0,0.0,0.0,0.0,0.0,0.0,0.0,0.0,0.0,0.0,0.0,0.0,0.0,0.0,0.0,0.0,0.0,0.0,0.0,0.0,0.0,0.0,0.0,0.0,0.0,0.0,0.0,0.0,0.0,0.0,0.0,0.0,0.0,0.0,0.0,0.0,0.0,0.0,0.0,0.0,0.0,0.0,0.0,0.0,0.0,0.0,0.0,0.0,0.0,0.0,0.0,0.0,0.0,0.0,0.0,0.0,0.0,0.0,0.0,0.0,0.0,0.0,0.0,0.0,0.0,0.0,0.0,0.0,0.0,0.0,0.0,0.0,0.0,0.0,0.0,0.0,0.0,0.0,0.0,0.0,0.0,0.0,0.0,0.0,0.0,0.0,0.0,0.0,0.0,0.0,0.0,0.0,0.0,0.0,0.0,0.0,0.0,0.0,0.0,0.0,0.0,0.0,0.0,0.0,0.0,0.0,0.0,0.0,0.0,0.0,0.0,0.0,0.0,0.0,0.0,0.0,0.0,0.0,0.0,0.0,0.0,0.0,0.0,0.0,0.0,0.0,0.0,0.0,0.0,0.0,0.0,0.0,0.0,0.0,0.0,0.0,0.0,0.0,0.0,0.0,0.0,0.0
Reef 101,0.0,0.0,0.0,0.0,0.0,0.0,0.0,0.0,0.0,0.0,0.0,0.0,0.0,0.0,0.00102592,0.0,0.0,0.0,0.0,0.0,0.00198691,0.0,0.0,0.0,0.0,0.0,0.00289793,0.0,0.0,0.00331187,0.0,0.0,0.0,0.0,0.0,0.00165751,0.0,0.0,0.0,0.00248322,0.0,0.0,0.0,0.0,0.0,0.0,0.0,0.0,0.0121253,0.0,0.0,0.0,0.0,0.0,0.0,0.0,0.0,0.0278401,0.0,0.0,0.0,0.0,0.0,0.0,0.0,0.0,0.0059723,0.0,0.0,0.0,0.0,0.00304808,0.0,0.0,0.0,0.0,0.0,0.0,0.0,0.0,0.00248506,0.00187073,0.0,0.0,0.0,0.0,0.0,0.00163478,0.0,0.0,0.0,0.0,0.0,0.00320354,0.0,0.00212635,0.0,0.00722237,0.0,0.0,0.0,0.0,0.0,0.0,0.0,0.0,0.0,0.0264564,0.0,0.0,0.0,0.0,0.0,0.0,0.0,0.0,0.00128279,0.0,0.0,0.0,0.0,0.00757599,0.0,0.000873392,0.0,0.0,0.0,0.0,0.0,0.0,0.001989,0.0,0.0,0.0,0.0050036,0.00422028,0.0,0.0,0.0010467,0.0,0.0,0.0,0.0,0.0,0.0,0.0,0.0,0.00628267,0.0,0.0,0.0,0.0,0.0,0.0,0.0,0.00136473,0.0,0.0,0.0,0.0,0.0,0.0,0.0,0.0,0.0,0.0,0.0,0.0,0.0,0.0,0.0,0.0,0.0,0.0,0.0,0.0,0.0,0.0,0.0,0.0,0.0,0.0,0.0,0.0,0.0,0.0,0.0,0.0,0.0,0.0,0.0,0.0,0.0,0.0,0.0,0.0,0.0,0.0,0.0,0.0,0.0,0.0,0.0,0.0,0.0,0.0,0.0,0.0,0.0,0.0,0.0,0.0,0.0,0.0,0.0,0.0,0.0,0.0,0.0,0.0,0.0,0.0,0.0,0.0,0.0,0.0,0.0,0.0,0.0,0.0,0.0,0.0,0.0,0.0,0.0,0.0,0.0,0.0,0.0,0.0,0.0,0.0,0.0,0.0,0.0,0.0,0.0,0.0,0.0,0.0,0.0,0.0,0.0,0.0,0.0,0.0,0.0,0.0,0.0,0.0,0.0,0.0,0.0,0.0,0.0,0.0,0.0,0.0,0.0,0.0,0.0,0.0,0.0,0.0,0.0,0.0,0.0,0.0,0.0,0.0,0.0,0.0,0.0,0.0,0.0,0.0,0.0,0.0,0.0,0.0,0.0,0.0,0.0,0.0,0.0,0.0,0.0,0.0,0.0,0.0,0.0,0.0,0.0,0.0,0.0,0.0,0.0,0.0,0.0,0.0,0.0,0.0,0.0,0.0,0.0,0.0,0.0,0.0,0.0,0.0,0.0,0.0,0.0,0.0,0.0,0.0,0.0,0.0,0.0,0.0,0.0,0.0,0.0,0.0,0.0,0.0,0.0,0.0,0.0,0.0,0.0,0.0,0.0,0.0,0.0,0.0,0.0,0.0,0.0,0.0,0.0,0.0,0.0,0.0,0.0,0.0,0.0,0.0,0.0,0.0,0.0,0.0,0.0,0.0,0.0,0.0,0.0,0.0,0.0,0.0,0.0,0.0,0.0,0.0,0.0,0.0,0.0,0.0,0.0,0.0,0.0,0.0,0.0,0.0,0.0,0.0,0.0,0.0,0.0,0.0,0.0,0.0,0.0,0.0,0.0,0.0,0.0,0.0,0.0,0.0,0.0,0.0,0.0,0.0,0.0,0.0,0.0,0.0,0.0,0.0,0.0,0.0,0.0,0.0,0.0,0.0,0.0,0.0,0.0,0.0,0.0,0.0,0.0
Reef 102,0.0,0.0,0.0,0.0,0.0,0.0,0.0,0.0,0.0,0.0,0.0,0.0,0.0,0.0,0.00067962,0.0,0.0,0.000787868,0.0,0.0,0.0027322,0.0,0.0,0.0,0.0,0.0,0.0032433,0.0,0.0,0.00235062,0.0,0.0,0.0,0.0,0.0,0.00458699,0.0,0.0,0.0,0.00141391,0.0,0.0,0.0,0.0,0.0,0.0,0.0,0.0,0.00311606,0.0,0.0,0.0,0.0,0.0,0.0,0.0,0.0,0.0312733,0.0,0.0,0.0,0.0,0.0,0.0,0.0,0.0,0.00881884,0.0,0.0,0.0,0.0,0.00949612,0.0,0.0,0.0,0.0,0.0,0.0,0.0,0.0,0.00149733,0.00218052,0.0,0.0,0.0,0.0,0.0,0.0016858,0.0,0.0,0.0,0.0,0.0,0.00359711,0.0,0.00163589,0.000811581,0.0154804,0.0,0.0,0.0,0.0,0.0,0.0,0.0,0.0,0.0,0.0207775,0.0,0.0,0.0,0.0,0.0,0.0,0.0,0.0,0.00143652,0.0,0.0,0.0,0.0,0.0052184,0.0,0.00140919,0.0,0.0,0.0,0.0,0.0,0.0,0.00181878,0.0,0.0,0.0,0.00371536,0.00305972,0.0,0.0,0.000729666,0.0,0.0,0.0,0.0,0.0,0.0,0.0,0.0,0.00587167,0.0,0.0,0.0,0.0,0.0,0.0,0.0,0.000949065,0.0,0.0,0.0,0.0,0.0,0.0,0.0,0.0,0.0,0.0,0.0,0.0,0.0,0.0,0.0,0.0,0.0,0.0,0.0,0.0,0.0,0.0,0.0,0.0,0.0,0.0,0.0,0.0,0.0,0.0,0.0,0.0,0.0,0.0,0.0,0.0,0.0,0.0,0.0,0.0,0.0,0.0,0.0,0.0,0.0,0.0,0.0,0.0,0.0,0.0,0.0,0.0,0.0,0.0,0.0,0.0,0.0,0.0,0.0,0.0,0.0,0.0,0.0,0.0,0.0,0.0,0.0,0.0,0.0,0.0,0.0,0.0,0.0,0.0,0.0,0.0,0.0,0.0,0.0,0.0,0.0,0.0,0.0,0.0,0.0,0.0,0.0,0.0,0.0,0.0,0.0,0.0,0.0,0.0,0.0,0.0,0.0,0.0,0.0,0.0,0.0,0.0,0.0,0.0,0.0,0.0,0.0,0.0,0.0,0.0,0.0,0.0,0.0,0.0,0.0,0.0,0.0,0.0,0.0,0.0,0.0,0.0,0.0,0.0,0.0,0.0,0.0,0.0,0.0,0.0,0.0,0.0,0.0,0.0,0.0,0.0,0.0,0.0,0.0,0.0,0.0,0.0,0.0,0.0,0.0,0.0,0.0,0.0,0.0,0.0,0.0,0.0,0.0,0.0,0.0,0.0,0.0,0.0,0.0,0.0,0.0,0.0,0.0,0.0,0.0,0.0,0.0,0.0,0.0,0.0,0.0,0.0,0.0,0.0,0.0,0.0,0.0,0.0,0.0,0.0,0.0,0.0,0.0,0.0,0.0,0.0,0.0,0.0,0.0,0.0,0.0,0.0,0.0,0.0,0.0,0.0,0.0,0.0,0.0,0.0,0.0,0.0,0.0,0.0,0.0,0.0,0.0,0.0,0.0,0.0,0.0,0.0,0.0,0.0,0.0,0.0,0.0,0.0,0.0,0.0,0.0,0.0,0.0,0.0,0.0,0.0,0.0,0.0,0.0,0.0,0.0,0.0,0.0,0.0,0.0,0.0,0.0,0.0,0.0,0.0,0.0,0.0,0.0,0.0,0.0,0.0,0.0,0.0,0.0,0.0,0.0,0.0,0.0,0.0,0.0,0.0,0.0,0.0,0.0,0.0,0.0,0.0,0.0,0.0,0.0,0.0,0.0
Reef 103,0.0,0.0,0.0,0.0,0.0,0.0,0.0,0.0,0.0,0.0,0.0,0.0,0.0,0.0,0.0,0.0,0.0,0.0,0.0,0.0,0.0,0.0,0.0,0.0,0.0,0.0,0.0,0.0,0.0,0.0,0.0,0.0,0.0,0.0,0.0,0.00566484,0.0,0.0,0.0,0.0,0.0,0.0,0.0,0.0,0.0,0.0,0.0,0.0,0.0,0.0,0.0,0.0,0.0,0.0,0.0,0.0,0.0,0.0279274,0.0,0.0,0.0,0.0,0.0,0.0,0.0,0.0,0.0,0.0,0.0,0.0,0.0,0.0,0.0,0.0,0.0,0.0,0.0,0.0,0.0,0.0,0.0,0.0,0.0,0.0,0.0,0.0,0.0,0.0,0.0,0.0,0.0,0.0,0.0,0.0,0.0,0.0318702,0.0,0.0,0.0,0.0,0.0,0.0,0.0,0.0,0.0,0.0,0.0,0.0468894,0.0,0.0,0.0,0.0,0.0,0.0,0.0,0.0,0.0,0.0,0.0,0.0,0.0,0.0,0.0,0.0,0.0,0.0,0.0,0.0,0.0,0.0,0.0,0.0,0.0,0.0,0.00771175,0.0,0.0,0.0,0.0,0.0,0.0,0.0,0.0,0.0,0.0,0.0,0.0,0.0,0.0,0.0,0.0,0.0,0.0,0.0,0.0,0.00689363,0.0,0.0,0.0,0.0,0.0,0.0,0.0,0.0,0.0,0.0,0.0,0.0,0.0,0.0,0.00601101,0.0,0.0,0.0,0.0,0.0,0.0,0.0,0.0,0.0,0.0,0.0,0.0,0.0,0.0,0.0,0.0,0.0,0.0,0.0,0.0,0.0,0.0,0.0,0.0,0.0,0.0,0.0,0.0,0.0,0.0,0.0,0.0,0.0,0.0,0.0,0.0,0.0,0.0,0.0,0.0,0.0,0.0,0.0,0.0,0.0,0.0,0.0,0.0,0.0,0.0,0.0,0.0,0.0,0.0,0.0,0.0,0.0,0.0,0.0,0.0,0.0,0.0,0.0,0.0,0.0,0.0,0.0,0.0,0.0,0.0,0.0,0.0,0.0,0.0,0.0,0.0,0.0,0.0,0.0,0.0,0.0,0.0,0.0,0.0,0.0,0.0,0.0,0.0,0.0,0.0,0.0,0.0,0.0,0.0,0.0,0.0,0.0,0.0,0.0,0.0,0.0,0.0,0.0,0.0,0.0,0.0,0.0,0.0,0.0,0.0,0.0,0.0,0.0,0.0,0.0,0.0,0.0,0.0,0.0,0.0,0.0,0.0,0.0,0.0,0.0,0.0,0.0,0.0,0.0,0.0,0.0,0.0,0.0,0.0,0.0,0.0,0.0,0.0,0.0,0.0,0.0,0.0,0.0,0.0,0.0,0.0,0.0,0.0,0.0,0.0,0.0,0.0,0.0,0.0,0.0,0.0,0.0,0.0,0.0,0.0,0.0,0.0,0.0,0.0,0.0,0.0,0.0,0.0,0.0,0.0,0.0,0.0,0.0,0.0,0.0,0.0,0.0,0.0,0.0,0.0,0.0,0.0,0.0,0.0,0.0,0.0,0.0,0.0,0.0,0.0,0.0,0.0,0.0,0.0,0.0,0.0,0.0,0.0,0.0,0.0,0.0,0.0,0.0,0.0,0.0,0.0,0.0,0.0,0.0,0.0,0.0,0.0,0.0,0.0,0.0,0.0,0.0,0.0,0.0,0.0,0.0,0.0,0.0,0.0,0.0,0.0,0.0,0.0,0.0,0.0,0.0,0.0,0.0,0.0,0.0,0.0,0.0,0.0,0.0,0.0,0.0,0.0,0.0,0.0,0.0,0.0,0.0,0.0,0.0,0.0,0.0,0.0
Reef 104,0.0,0.0,0.0,0.0,0.0,0.0,0.0,0.0,0.0,0.0,0.0,0.0,0.0,0.0,0.0,0.0,0.0,0.0,0.0,0.0,0.00249833,0.0,0.0,0.0,0.0,0.0,0.00331166,0.0,0.0,0.0,0.0,0.0,0.0,0.0,0.0,0.00488714,0.0,0.0,0.0,0.0043689,0.0,0.0,0.0,0.0,0.0,0.0,0.0,0.0,0.00304435,0.0,0.0,0.0,0.0,0.0,0.0,0.0,0.0,0.0254641,0.0,0.0,0.0,0.0,0.0,0.0,0.0,0.0,0.019801,0.0,0.0,0.0,0.0,0.00947982,0.0,0.0,0.0,0.0,0.0,0.0,0.0,0.0,0.0,0.00175502,0.0,0.0,0.0,0.0,0.0,0.0,0.0,0.0,0.0,0.0,0.0,0.00267615,0.0,0.0,0.0,0.0305604,0.0,0.0,0.0,0.0,0.0,0.0,0.0,0.0,0.0,0.0150808,0.0,0.0,0.0,0.0,0.0,0.0,0.0,0.0,0.00186529,0.0,0.0,0.0,0.0,0.00206425,0.0,0.0176302,0.0,0.0,0.0,0.0,0.0,0.0,0.0,0.0,0.0,0.0,0.00191541,0.00247678,0.0,0.0,0.00179642,0.0,0.0,0.0,0.0,0.0,0.0,0.0,0.0,0.00267127,0.0,0.0,0.0,0.0,0.0,0.0,0.0,0.0,0.0,0.0,0.0,0.0,0.0,0.0,0.0,0.0,0.0,0.0,0.0,0.0,0.0,0.0,0.0,0.0,0.0,0.0,0.0,0.0,0.0,0.0,0.0,0.0,0.0,0.0,0.0,0.0,0.0,0.0,0.0,0.0,0.0,0.0,0.0,0.0,0.0,0.0,0.0,0.0,0.0,0.0,0.0,0.0,0.0,0.0,0.0,0.0,0.0,0.0,0.0,0.0,0.0,0.0,0.0,0.0,0.0,0.0,0.0,0.0,0.0,0.0,0.0,0.0,0.0,0.0,0.0,0.0,0.0,0.0,0.0,0.0,0.0,0.0,0.0,0.0,0.0,0.0,0.0,0.0,0.0,0.0,0.0,0.0,0.0,0.0,0.0,0.0,0.0,0.0,0.0,0.0,0.0,0.0,0.0,0.0,0.0,0.0,0.0,0.0,0.0,0.0,0.0,0.0,0.0,0.0,0.0,0.0,0.0,0.0,0.0,0.0,0.0,0.0,0.0,0.0,0.0,0.0,0.0,0.0,0.0,0.0,0.0,0.0,0.0,0.0,0.0,0.0,0.0,0.0,0.0,0.0,0.0,0.0,0.0,0.0,0.0,0.0,0.0,0.0,0.0,0.0,0.0,0.0,0.0,0.0,0.0,0.0,0.0,0.0,0.0,0.0,0.0,0.0,0.0,0.0,0.0,0.0,0.0,0.0,0.0,0.0,0.0,0.0,0.0,0.0,0.0,0.0,0.0,0.0,0.0,0.0,0.0,0.0,0.0,0.0,0.0,0.0,0.0,0.0,0.0,0.0,0.0,0.0,0.0,0.0,0.0,0.0,0.0,0.0,0.0,0.0,0.0,0.0,0.0,0.0,0.0,0.0,0.0,0.0,0.0,0.0,0.0,0.0,0.0,0.0,0.0,0.0,0.0,0.0,0.0,0.0,0.0,0.0,0.0,0.0,0.0,0.0,0.0,0.0,0.0,0.0,0.0,0.0,0.0,0.0,0.0,0.0,0.0,0.0,0.0,0.0,0.0,0.0,0.0,0.0,0.0,0.0,0.0,0.0,0.0,0.0,0.0,0.0,0.0,0.0,0.0,0.0,0.0,0.0,0.0,0.0,0.0,0.0,0.0,0.0,0.0,0.0,0.0,0.0,0.0,0.0,0.0,0.0,0.0,0.0,0.0
Reef 105,0.0,0.0,0.0,0.0,0.0,0.0,0.0,0.0,0.0,0.0,0.0,0.0,0.0,0.0,0.0045771,0.0039053,0.0,0.0,0.0,0.0,0.00387436,0.0,0.0,0.0,0.0,0.0,0.00600627,0.0,0.0,0.0,0.0,0.0,0.0,0.0,0.0,0.00930777,0.0,0.0,0.0,0.00444159,0.0,0.0,0.0,0.0,0.0,0.0,0.0,0.0,0.00439412,0.0,0.0,0.0,0.0,0.0,0.0,0.0,0.0,0.0353068,0.0,0.0,0.0,0.0,0.0,0.0,0.0,0.0,0.00376609,0.0,0.0,0.0,0.0,0.0135315,0.0,0.0,0.0,0.0,0.0,0.0,0.0,0.0,0.0,0.00761348,0.0,0.0,0.0,0.0,0.0,0.0039559,0.0,0.0,0.0,0.0,0.0,0.0110284,0.0,0.0,0.0,0.034171,0.0,0.0,0.0,0.0,0.0,0.0,0.0,0.0,0.0,0.0142947,0.0,0.0,0.0,0.0,0.0,0.0,0.0,0.0,0.00333357,0.0,0.0,0.0,0.0,0.00382646,0.0,0.0277601,0.0,0.0,0.0,0.0,0.0,0.0,0.0,0.0,0.0,0.0,0.0,0.0,0.0,0.0,0.0,0.0,0.0,0.0,0.0,0.0,0.0,0.0,0.0,0.00373325,0.0,0.0,0.0,0.0,0.0,0.0,0.0,0.0,0.0,0.0,0.0,0.0,0.0,0.0,0.0,0.0,0.0,0.0,0.0,0.0,0.0,0.0,0.0,0.0,0.0,0.0,0.0,0.0,0.0,0.0,0.0,0.0,0.0,0.0,0.0,0.0,0.0,0.0,0.0,0.0,0.0,0.0,0.0,0.0,0.0,0.0,0.0,0.0,0.0,0.0,0.0,0.0,0.0,0.0,0.0,0.0,0.0,0.0,0.0,0.0,0.0,0.0,0.0,0.0,0.0,0.0,0.0,0.0,0.0,0.0,0.0,0.0,0.0,0.0,0.0,0.0,0.0,0.0,0.0,0.0,0.0,0.0,0.0,0.0,0.0,0.0,0.0,0.0,0.0,0.0,0.0,0.0,0.0,0.0,0.0,0.0,0.0,0.0,0.0,0.0,0.0,0.0,0.0,0.0,0.0,0.0,0.0,0.0,0.0,0.0,0.0,0.0,0.0,0.0,0.0,0.0,0.0,0.0,0.0,0.0,0.0,0.0,0.0,0.0,0.0,0.0,0.0,0.0,0.0,0.0,0.0,0.0,0.0,0.0,0.0,0.0,0.0,0.0,0.0,0.0,0.0,0.0,0.0,0.0,0.0,0.0,0.0,0.0,0.0,0.0,0.0,0.0,0.0,0.0,0.0,0.0,0.0,0.0,0.0,0.0,0.0,0.0,0.0,0.0,0.0,0.0,0.0,0.0,0.0,0.0,0.0,0.0,0.0,0.0,0.0,0.0,0.0,0.0,0.0,0.0,0.0,0.0,0.0,0.0,0.0,0.0,0.0,0.0,0.0,0.0,0.0,0.0,0.0,0.0,0.0,0.0,0.0,0.0,0.0,0.0,0.0,0.0,0.0,0.0,0.0,0.0,0.0,0.0,0.0,0.0,0.0,0.0,0.0,0.0,0.0,0.0,0.0,0.0,0.0,0.0,0.0,0.0,0.0,0.0,0.0,0.0,0.0,0.0,0.0,0.0,0.0,0.0,0.0,0.0,0.0,0.0,0.0,0.0,0.0,0.0,0.0,0.0,0.0,0.0,0.0,0.0,0.0,0.0,0.0,0.0,0.0,0.0,0.0,0.0,0.0,0.0,0.0,0.0,0.0,0.0,0.0,0.0,0.0,0.0,0.0,0.0,0.0,0.0,0.0,0.0,0.0,0.0,0.0,0.0,0.0
Reef 106,0.0,0.0,0.0,0.0,0.0,0.0,0.0,0.0,0.0,0.0,0.0,0.0,0.0,0.0372232,0.00152328,0.0,0.0,0.00066597,0.0,0.0,0.00332136,0.0,0.0,0.0150382,0.0,0.0,0.00253405,0.0,0.0,0.00465798,0.0,0.0,0.0,0.0,0.0,0.0131753,0.0,0.00276466,0.0,0.00100123,0.0,0.0,0.0,0.0,0.0,0.0,0.0,0.0,0.000611481,0.0,0.0,0.0,0.0,0.0,0.0,0.0,0.0,0.00490836,0.0,0.0,0.0,0.0,0.0,0.0,0.000573956,0.0,0.00566994,0.0,0.0,0.0,0.0,0.00223519,0.0,0.0,0.0,0.0,0.0,0.0,0.0,0.0,0.0,0.00056957,0.0,0.0,0.0,0.0,0.0,0.0,0.0,0.000822335,0.0,0.0,0.0,0.0,0.0,0.0188949,0.0,0.000832425,0.0,0.0,0.0,0.0,0.0,0.0,0.0,0.0,0.0014711,0.0092874,0.0,0.0,0.0,0.000574109,0.0,0.00176274,0.000638347,0.0,0.0,0.000929052,0.0,0.0,0.0,0.000793384,0.0,0.00176911,0.0,0.000629263,0.0,0.0,0.0,0.000693853,0.0,0.00175326,0.0,0.0,0.0194873,0.00320583,0.000910753,0.0,0.00130497,0.0,0.00156466,0.0,0.0,0.0,0.0,0.0,0.0,0.00408372,0.0,0.0,0.0,0.0,0.0,0.0,0.0,0.00477816,0.00138781,0.0,0.0,0.0,0.000750337,0.0,0.0,0.0,0.0,0.0,0.0,0.0,0.0,0.0,0.00439447,0.0,0.0,0.0,0.0,0.0,0.0,0.0,0.0,0.000846401,0.0,0.0,0.000870859,0.0,0.0,0.00217593,0.0,0.0,0.0,0.0,0.00113711,0.0,0.0,0.0,0.0,0.0,0.0,0.0,0.0,0.0,0.00192842,0.0,0.0,0.0,0.0,0.0,0.0,0.0,0.0,0.0,0.0,0.0,0.0,0.0,0.0,0.0,0.0,0.0,0.0,0.0,0.0,0.0,0.0,0.0,0.0,0.0,0.0,0.0,0.0,0.0,0.0,0.0,0.0,0.0,0.0,0.0,0.0,0.0,0.0,0.0,0.0,0.0,0.0,0.0,0.0,0.0,0.0,0.0,0.0,0.0,0.0,0.0,0.0,0.0,0.0,0.0,0.0,0.0,0.0,0.0,0.0,0.0,0.0,0.0,0.0,0.0,0.0,0.0,0.0,0.0,0.0,0.0,0.0,0.0,0.0,0.0,0.0,0.0,0.0,0.0,0.0,0.0,0.0,0.0,0.0,0.0,0.0,0.0,0.0,0.0,0.0,0.0,0.0,0.0,0.0,0.0,0.0,0.0,0.0,0.0,0.0,0.0,0.0,0.0,0.0,0.0,0.0,0.0,0.0,0.0,0.0,0.0,0.0,0.0,0.0,0.0,0.0,0.0,0.0,0.0,0.0,0.0,0.0,0.0,0.0,0.0,0.0,0.0,0.0,0.0,0.0,0.0,0.0,0.0,0.0,0.0,0.0,0.0,0.0,0.0,0.0,0.0,0.0,0.0,0.0,0.0,0.0,0.0,0.0,0.0,0.0,0.0,0.0,0.0,0.0,0.0,0.0,0.0,0.0,0.0,0.0,0.0,0.0,0.0,0.0,0.0,0.0,0.0,0.0,0.0,0.0,0.0,0.0,0.0,0.0,0.0,0.0,0.0,0.0,0.0,0.0,0.0,0.0,0.0,0.0,0.0,0.0,0.0,0.0,0.0,0.0,0.0,0.0,0.0,0.0,0.0,0.0,0.0,0.0,0.0,0.0,0.0,0.0,0.0,0.0,0.0,0.0,0.0,0.0,0.0,0.0,0.0,0.0,0.0,0.0,0.0,0.0,0.0,0.0,0.0,0.0,0.0,0.0
Reef 107,0.0,0.0,0.0,0.0,0.0,0.0,0.0,3.88e-05,0.0,0.0,0.0,2.45e-05,0.0,0.000559205,1.74e-05,2.84e-05,0.0,0.000263946,2.27e-05,0.0,0.00118387,0.000162433,0.0,0.000639695,0.0,1.25e-05,4.57e-05,0.0,0.0,0.00212949,1.95e-05,0.0,0.0,3.3e-05,2.19e-05,1.75e-05,4.55e-05,0.000540898,0.0,0.000598982,3.76e-05,0.0,0.0,0.0,0.0,0.0,0.0,0.0,0.000262726,0.000112598,1.39e-05,0.0,0.0,0.0,0.0,2.09e-05,1.42e-05,0.000540661,1.73e-05,0.0,8.85e-05,1.97e-05,0.0,0.0,0.00010681,1.27e-05,0.000206253,2.34e-05,0.0,7.65e-05,6.34e-05,0.00141618,2.24e-05,1.81e-05,0.0,0.000155137,0.000147488,2.14e-05,3.08e-05,0.0,0.000200251,0.000727987,0.000127773,0.0,1.29e-05,0.0,1.65e-05,1.3e-05,1.68e-05,0.00114894,0.00030906,2.66e-05,0.0,3.71e-05,1.46e-05,0.0365136,0.0,0.000602943,0.0,4.75e-05,0.0,0.0,0.0,0.0,0.0,6.29e-05,0.00233772,0.000766335,0.000320436,1.95e-05,1.32e-05,3.77e-05,0.000570438,0.00123284,0.000195077,0.0,4.31e-05,0.00118793,0.0,0.000412485,1.81e-05,0.000544944,0.00032551,0.00195476,0.0,0.00065714,0.0,1.32e-05,5.63e-05,0.000838447,8.83e-05,0.00218045,0.0,0.0,0.0130851,0.00339384,0.00106129,0.0,0.00152767,0.0,0.0018817,0.0,0.0,0.0,0.0,0.0,0.0,0.00476289,0.0,0.0,0.0,0.0,0.0,0.0,0.0,0.00816578,0.00156964,0.0,0.0,0.0,0.000868661,0.0,0.0,0.0,0.0,0.0,0.0,0.000648814,0.0,0.0,0.00616652,9.17e-05,1.9e-05,0.0,0.0,0.0,0.0,0.0,0.0,0.00113751,0.0,0.0,0.00110975,0.0,0.0,0.00250707,0.0,0.0,0.0,0.0,0.0013634,0.0,0.0,0.0,0.0,0.0,0.0,0.0,0.0,0.0,0.00216697,0.0,0.0,0.0,0.0,0.0,0.0,0.0,0.0,0.000191995,0.0,0.0,5.8e-05,0.0,0.0,0.0,0.0,0.0,0.0,0.0,0.0,0.0,0.0,0.0,0.0,0.0,0.0,0.0,0.0,0.0,4.61e-05,0.0,0.0,0.0,0.0,0.0,0.0,0.0,0.0,0.0,0.0,0.0,0.0,0.0,0.0,0.0,0.0,0.0,0.0,0.0,0.0,0.0,0.0,0.0,0.0,0.0,0.0,0.0,0.0,0.0,0.0,0.0,0.0,0.0,0.0,0.0,0.0,0.0,0.0,0.0,0.0,0.0,0.0,0.0,0.0,0.0,0.0,0.0,0.0,0.0,0.0,0.0,0.0,0.0,0.0,0.0,0.0,0.0,0.0,0.0,0.0,0.0,0.0,0.0,0.0,0.0,0.0,0.0,0.0,0.0,0.0,0.0,0.0,0.0,0.0,0.0,0.0,0.0,0.0,0.0,0.0,0.0,0.0,0.0,0.0,0.0,0.0,0.0,0.0,0.0,0.0,0.0,0.0,0.0,0.0,0.0,0.0,0.0,0.0,0.0,0.0,0.0,0.0,0.0,0.0,0.0,0.0,0.0,0.0,0.0,0.0,0.0,0.0,0.0,0.0,0.0,0.0,0.0,0.0,0.0,0.0,0.0,0.0,0.0,0.0,0.0,0.0,0.0,0.0,0.0,0.0,0.0,0.0,0.0,0.0,0.0,0.0,0.0,0.0,0.0,0.0,0.0,0.0,0.0,0.0,0.0,0.0,0.0,0.0,0.0,0.0,0.0,0.0,0.0,0.0,0.0,0.0,0.0,0.0,0.0,0.0,0.0,0.0,0.0,0.0,0.0,0.0,0.0,0.0,0.0,0.0,0.0,0.0,0.0,0.0,0.0,0.0,0.0,0.0,0.0,0.0,0.0,0.0,0.0,0.0,0.0,0.0,0.0,0.0,0.0,0.0,0.0,0.0
Reef 108,0.0,0.0,0.0,0.0,0.0,0.0,1.85e-06,3.56e-06,2.68e-06,1.02e-06,8e-07,5.39e-05,2.4e-06,1.64e-05,0.0027029,0.00125952,2.76e-05,4.86e-05,0.000927975,2.1e-05,1.9e-05,0.000585372,2.05e-05,1.79e-05,2.2e-06,0.000478228,0.00824919,1.15e-05,8.35e-06,0.0237829,1.68e-05,4.55e-06,7.3e-06,0.000633961,1.39e-05,0.0029008,0.000108715,1.08e-05,7.14e-07,7.58e-05,7.78e-05,9.52e-07,0.0,2.63e-06,0.0,0.0,0.0,0.0,6.76e-06,5.49e-05,1.68e-06,1.08e-05,0.0,0.0,0.0,1.86e-06,1.17e-06,0.0600783,7.02e-07,1.68e-05,6.21e-06,3.98e-06,1.37e-05,3.63e-06,3.1e-05,6.99e-07,1.31e-05,8.5e-07,1.32e-06,5.64e-06,7.68e-06,2.98e-05,8.04e-07,8.15e-07,1.5e-06,4.65e-06,3e-06,3.53e-06,2.43e-06,8.16e-07,2.83e-06,1.23e-06,5.94e-06,6.97e-07,3.82e-06,4.27e-06,2.37e-06,3.24e-06,1.39e-06,4.27e-05,6.54e-06,9.02e-07,1.35e-05,2.77e-06,9.58e-07,0.000817886,7.31e-05,2.12e-05,0.0,6.34e-07,1.83e-05,8.11e-06,1.03e-06,4.49e-06,0.0,8.54e-07,3.4e-05,0.0137764,3.29e-06,9.12e-07,1.63e-05,8.93e-06,7.02e-06,1.83e-06,3.05e-06,4.76e-06,7.42e-05,0.0,0.0,2.59e-06,1.27e-06,1.78e-06,2.62e-06,1.64e-06,0.0,5.78e-06,0.0,1.33e-06,0.0,7.4e-07,1.89e-06,3.02e-06,0.0,0.0,7.46e-05,3.16e-05,1.94e-05,0.0,1.15e-05,0.0,1.28e-05,0.0,0.0,0.0,0.0,0.0,0.0,3.15e-05,0.0,0.0,0.0,0.0,0.0,2.65e-06,0.0,3.97e-05,2.27e-05,0.0,0.0,0.0,2.6e-05,0.0,0.0,0.0,0.0,0.0,0.0,1.46e-05,0.0,0.0,3.21e-05,1.71e-06,0.0,0.0,0.0,0.0,0.0,0.0,0.0,1.05e-05,0.0,0.0,7.76e-06,0.0,0.0,1.78e-05,0.0,0.0,0.0,0.0,7.11e-07,0.0,0.0,0.0,0.0,0.0,0.0,0.0,0.0,0.0,1.75e-05,0.0,0.0,0.0,0.0,0.0,0.0,0.0,0.0,4.67e-06,0.0,0.0,9.06e-07,0.0,0.0,0.0,0.0,0.0,0.0,0.0,0.0,0.0,0.0,0.0,0.0,0.0,0.0,0.0,0.0,0.0,0.0,0.0,0.0,0.0,0.0,0.0,0.0,0.0,0.0,0.0,0.0,0.0,0.0,0.0,0.0,0.0,0.0,0.0,0.0,0.0,0.0,0.0,0.0,0.0,0.0,0.0,0.0,0.0,0.0,0.0,0.0,0.0,0.0,0.0,0.0,0.0,0.0,0.0,0.0,0.0,0.0,0.0,0.0,0.0,0.0,0.0,0.0,0.0,0.0,0.0,0.0,0.0,0.0,0.0,0.0,0.0,0.0,0.0,0.0,0.0,0.0,0.0,0.0,0.0,0.0,0.0,0.0,0.0,0.0,0.0,0.0,0.0,0.0,0.0,0.0,0.0,0.0,0.0,0.0,0.0,0.0,0.0,0.0,0.0,0.0,0.0,0.0,0.0,0.0,0.0,0.0,0.0,0.0,0.0,0.0,0.0,0.0,0.0,0.0,0.0,0.0,0.0,0.0,0.0,0.0,0.0,0.0,0.0,0.0,0.0,0.0,0.0,0.0,0.0,0.0,0.0,0.0,0.0,0.0,0.0,0.0,0.0,0.0,0.0,0.0,0.0,0.0,0.0,0.0,0.0,0.0,0.0,0.0,0.0,0.0,0.0,0.0,0.0,0.0,0.0,0.0,0.0,0.0,0.0,0.0,0.0,0.0,0.0,0.0,0.0,0.0,0.0,0.0,0.0,0.0,0.0,0.0,0.0,0.0,0.0,0.0,0.0,0.0,0.0,0.0,0.0,0.0,0.0,0.0,0.0,0.0,0.0,0.0,0.0,0.0,0.0,0.0,0.0,0.0,0.0,0.0,0.0,0.0,0.0,0.0,0.0,0.0,0.0,0.0,0.0,8.44e-07,0.0,0.0
Reef 109,0.0,0.0,0.0,0.0,0.0,0.0,0.0,6.86e-05,0.0,0.0,0.0,5.39e-05,0.0,0.00295702,0.000601909,1.73e-05,0.0,0.000353055,0.000156793,0.0,0.00142082,0.000136958,0.0,0.00244776,0.0,1.83e-05,0.000620346,0.0,0.0,4.81e-05,0.0,0.0,0.0,3.41e-05,1.17e-05,0.00371088,4.08e-05,0.00301942,0.0,0.000448276,0.0,0.0,1.17e-05,0.0,0.000117854,1.71e-05,1.4e-05,0.000201616,0.000100206,9.92e-05,0.0,0.0,3.41e-05,2e-05,0.000310276,0.0,0.0,0.00467044,1.75e-05,0.0,7.07e-05,0.0,0.0,0.0,0.000113887,9.6e-06,0.000112106,0.0,0.0,1.09e-05,7.76e-05,0.00169402,0.0,0.0,0.0,0.00125977,4.99e-05,0.0,0.0,0.0,0.000414227,5.99e-05,1.1e-05,0.0,0.0,0.0,1.42e-05,0.0,0.0,0.000142556,0.00219401,0.0,0.0,0.0,0.0,0.005096,1.21e-05,0.0010604,0.0,1.67e-05,0.0,0.0,0.0,0.0,0.0,1.51e-05,9.88e-05,2.49e-05,0.000447692,1.06e-05,0.0,0.000223419,0.019843,9.04e-05,0.000142946,0.0,1.01e-05,7.63e-05,0.00241609,7.19e-05,2.01e-05,0.00046469,2.81e-05,0.000453225,0.0,5.59e-05,0.000213573,0.0,0.0,0.000122276,5.45e-05,0.000282062,0.0,0.0,3.27e-05,0.00158541,0.00062547,0.0,0.000701874,0.0,0.000547085,0.0,0.0,0.0,0.0,0.0,1.54e-05,0.00208589,0.0,0.0,0.0,0.0,0.0,0.0,0.0,0.00355755,0.000780788,0.0,0.0,0.0,0.000819818,0.0,0.0,0.0,0.0,0.0,0.0,0.000533843,0.0,0.0,0.00224889,6.68e-05,0.0,0.0,0.0,0.0,0.0,0.0,0.0,0.000695197,0.0,0.0,0.000216774,0.0,0.0,0.00108704,0.0,0.0,0.0,0.0,0.000314557,0.0,0.0,0.0,0.0,0.0,0.0,0.0,0.0,0.0,0.000361448,0.0,0.0,0.0,0.0,0.0,0.0,0.0,0.0,3.02e-05,0.0,0.0,0.0,0.0,0.0,0.0,0.0,0.0,0.0,0.0,0.0,0.0,0.0,0.0,0.0,0.0,0.0,0.0,0.0,0.0,2.45e-05,0.0,0.0,0.0,0.0,0.0,0.0,0.0,0.0,0.0,0.0,0.0,0.0,0.0,0.0,0.0,0.0,0.0,0.0,0.0,0.0,0.0,0.0,0.0,0.0,0.0,0.0,0.0,0.0,0.0,0.0,0.0,0.0,0.0,0.0,0.0,0.0,0.0,0.0,0.0,0.0,0.0,0.0,0.0,0.0,0.0,0.0,0.0,0.0,0.0,0.0,0.0,0.0,0.0,0.0,0.0,0.0,0.0,0.0,0.0,0.0,0.0,0.0,0.0,0.0,0.0,0.0,0.0,0.0,0.0,0.0,0.0,0.0,0.0,0.0,0.0,0.0,0.0,0.0,0.0,0.0,0.0,0.0,0.0,0.0,0.0,0.0,0.0,0.0,0.0,0.0,0.0,0.0,0.0,0.0,0.0,0.0,0.0,0.0,0.0,0.0,0.0,0.0,0.0,0.0,0.0,0.0,0.0,0.0,0.0,0.0,0.0,0.0,0.0,0.0,0.0,0.0,0.0,0.0,0.0,0.0,0.0,0.0,0.0,0.0,0.0,0.0,0.0,0.0,0.0,0.0,0.0,0.0,0.0,0.0,0.0,0.0,0.0,0.0,0.0,0.0,0.0,0.0,0.0,0.0,0.0,0.0,0.0,0.0,0.0,0.0,0.0,0.0,0.0,0.0,0.0,0.0,0.0,0.0,0.0,0.0,0.0,0.0,0.0,0.0,0.0,0.0,0.0,0.0,0.0,0.0,0.0,0.0,0.0,0.0,0.0,0.0,0.0,0.0,0.0,0.0,0.0,0.0,0.0,0.0,0.0,0.0,0.0,0.0,0.0,0.0,0.0,0.0
Reef 110,0.0,0.0,0.0,0.0,0.0,0.0,0.0,0.0,0.0,0.0,0.0,0.0,0.0,0.00217862,0.00214739,0.0,0.0,0.0,0.0,0.0,0.00291799,0.0,0.0,0.0,0.0,0.0,0.00440395,0.0,0.0,0.00342825,0.0,0.0,0.0,0.0,0.0,0.00632893,0.0,0.0,0.0,0.00350738,0.0,0.0,0.0,0.0,0.0,0.0,0.0,0.0,0.00380057,0.0,0.0,0.0,0.0,0.0,0.0,0.0,0.0,0.0100086,0.0,0.0,0.0,0.0,0.0,0.0,0.0,0.0,0.00598028,0.0,0.0,0.0,0.0,0.00359843,0.0,0.0,0.0,0.0,0.0,0.0,0.0,0.0,0.0,0.0,0.0,0.0,0.0,0.0,0.0,0.0,0.0,0.00238208,0.0,0.0,0.0,0.0,0.0,0.0298868,0.0,0.00282547,0.0,0.0,0.0,0.0,0.0,0.0,0.0,0.0,0.00436322,0.0134788,0.0,0.0,0.0,0.0,0.0,0.0,0.0,0.0,0.0,0.0,0.0,0.0,0.0,0.0,0.0,0.0,0.0,0.0,0.0,0.0,0.0,0.0,0.0,0.0,0.0,0.0,0.0127989,0.0040674,0.0,0.0,0.0032519,0.0,0.0,0.0,0.0,0.0,0.0,0.0,0.0,0.00193931,0.0,0.0,0.0,0.0,0.0,0.0,0.0,0.00311707,0.0,0.0,0.0,0.0,0.0,0.0,0.0,0.0,0.0,0.0,0.0,0.0,0.0,0.0,0.00243809,0.0,0.0,0.0,0.0,0.0,0.0,0.0,0.0,0.0,0.0,0.0,0.0,0.0,0.0,0.0,0.0,0.0,0.0,0.0,0.0,0.0,0.0,0.0,0.0,0.0,0.0,0.0,0.0,0.0,0.0,0.0,0.0,0.0,0.0,0.0,0.0,0.0,0.0,0.0,0.0,0.0,0.0,0.0,0.0,0.0,0.0,0.0,0.0,0.0,0.0,0.0,0.0,0.0,0.0,0.0,0.0,0.0,0.0,0.0,0.0,0.0,0.0,0.0,0.0,0.0,0.0,0.0,0.0,0.0,0.0,0.0,0.0,0.0,0.0,0.0,0.0,0.0,0.0,0.0,0.0,0.0,0.0,0.0,0.0,0.0,0.0,0.0,0.0,0.0,0.0,0.0,0.0,0.0,0.0,0.0,0.0,0.0,0.0,0.0,0.0,0.0,0.0,0.0,0.0,0.0,0.0,0.0,0.0,0.0,0.0,0.0,0.0,0.0,0.0,0.0,0.0,0.0,0.0,0.0,0.0,0.0,0.0,0.0,0.0,0.0,0.0,0.0,0.0,0.0,0.0,0.0,0.0,0.0,0.0,0.0,0.0,0.0,0.0,0.0,0.0,0.0,0.0,0.0,0.0,0.0,0.0,0.0,0.0,0.0,0.0,0.0,0.0,0.0,0.0,0.0,0.0,0.0,0.0,0.0,0.0,0.0,0.0,0.0,0.0,0.0,0.0,0.0,0.0,0.0,0.0,0.0,0.0,0.0,0.0,0.0,0.0,0.0,0.0,0.0,0.0,0.0,0.0,0.0,0.0,0.0,0.0,0.0,0.0,0.0,0.0,0.0,0.0,0.0,0.0,0.0,0.0,0.0,0.0,0.0,0.0,0.0,0.0,0.0,0.0,0.0,0.0,0.0,0.0,0.0,0.0,0.0,0.0,0.0,0.0,0.0,0.0,0.0,0.0,0.0,0.0,0.0,0.0,0.0,0.0,0.0,0.0,0.0,0.0,0.0,0.0,0.0,0.0,0.0,0.0,0.0,0.0,0.0,0.0,0.0,0.0,0.0,0.0,0.0,0.0,0.0,0.0,0.0,0.0,0.0,0.0,0.0,0.0
Reef 111,0.0,0.0,0.0,0.0,0.0,0.0,0.0,0.0,0.0,0.0,0.0,0.0,0.0,0.00307921,0.00614911,0.0,0.0,0.0,0.0,0.0,0.00388062,0.0,0.0,0.0,0.0,0.0,0.00426437,0.0,0.0,0.00346707,0.0,0.0,0.0,0.0,0.0,0.0107172,0.0,0.0,0.0,0.00241724,0.0,0.0,0.0,0.0,0.0,0.0,0.0,0.0,0.00336363,0.0,0.0,0.0,0.0,0.0,0.0,0.0,0.0,0.012315,0.0,0.0,0.0,0.0,0.0,0.0,0.0,0.0,0.00525015,0.0,0.0,0.0,0.0,0.00343058,0.0,0.0,0.0,0.0,0.0,0.0,0.0,0.0,0.0,0.0,0.0,0.0,0.0,0.0,0.0,0.0,0.0,0.0,0.0,0.0,0.0,0.0,0.0,0.0269391,0.0,0.0,0.0,0.0,0.0,0.0,0.0,0.0,0.0,0.0,0.00291143,0.0176725,0.0,0.0,0.0,0.0,0.0,0.0,0.0,0.0,0.0,0.0,0.0,0.0,0.0,0.0,0.0,0.0,0.0,0.0,0.0,0.0,0.0,0.0,0.0,0.0,0.0,0.0,0.00693681,0.00411697,0.0,0.0,0.00260667,0.0,0.0,0.0,0.0,0.0,0.0,0.0,0.0,0.00269435,0.0,0.0,0.0,0.0,0.0,0.0,0.0,0.00340325,0.0,0.0,0.0,0.0,0.0,0.0,0.0,0.0,0.0,0.0,0.0,0.0,0.0,0.0,0.0209726,0.0,0.0,0.0,0.0,0.0,0.0,0.0,0.0,0.0,0.0,0.0,0.0,0.0,0.0,0.0,0.0,0.0,0.0,0.0,0.0,0.0,0.0,0.0,0.0,0.0,0.0,0.0,0.0,0.0,0.0,0.0,0.0,0.0,0.0,0.0,0.0,0.0,0.0,0.0,0.0,0.0,0.0,0.0,0.0,0.0,0.0,0.0,0.0,0.0,0.0,0.0,0.0,0.0,0.0,0.0,0.0,0.0,0.0,0.0,0.0,0.0,0.0,0.0,0.0,0.0,0.0,0.0,0.0,0.0,0.0,0.0,0.0,0.0,0.0,0.0,0.0,0.0,0.0,0.0,0.0,0.0,0.0,0.0,0.0,0.0,0.0,0.0,0.0,0.0,0.0,0.0,0.0,0.0,0.0,0.0,0.0,0.0,0.0,0.0,0.0,0.0,0.0,0.0,0.0,0.0,0.0,0.0,0.0,0.0,0.0,0.0,0.0,0.0,0.0,0.0,0.0,0.0,0.0,0.0,0.0,0.0,0.0,0.0,0.0,0.0,0.0,0.0,0.0,0.0,0.0,0.0,0.0,0.0,0.0,0.0,0.0,0.0,0.0,0.0,0.0,0.0,0.0,0.0,0.0,0.0,0.0,0.0,0.0,0.0,0.0,0.0,0.0,0.0,0.0,0.0,0.0,0.0,0.0,0.0,0.0,0.0,0.0,0.0,0.0,0.0,0.0,0.0,0.0,0.0,0.0,0.0,0.0,0.0,0.0,0.0,0.0,0.0,0.0,0.0,0.0,0.0,0.0,0.0,0.0,0.0,0.0,0.0,0.0,0.0,0.0,0.0,0.0,0.0,0.0,0.0,0.0,0.0,0.0,0.0,0.0,0.0,0.0,0.0,0.0,0.0,0.0,0.0,0.0,0.0,0.0,0.0,0.0,0.0,0.0,0.0,0.0,0.0,0.0,0.0,0.0,0.0,0.0,0.0,0.0,0.0,0.0,0.0,0.0,0.0,0.0,0.0,0.0,0.0,0.0,0.0,0.0,0.0,0.0,0.0,0.0,0.0,0.0,0.0,0.0,0.0,0.0,0.0,0.0,0.0,0.0,0.0,0.0
Reef 112,0.0,0.0,0.0,0.0,0.0,0.0,0.0,0.00020197,0.0,5.08e-05,0.0,0.00380988,0.0,0.000219195,0.000843983,0.000129024,0.0,0.002913,0.000534879,0.0,0.0038818,7.4e-05,0.0,0.000236919,0.0,8.98e-05,0.00173241,0.0,0.0,0.00653352,0.0,0.0,0.0,0.000304921,6.59e-05,0.000323886,6.78e-05,0.000142334,0.0,0.00505328,7.52e-05,0.0,0.0,0.0,0.0,0.0,0.0,0.0,0.000163157,0.000103801,0.0,0.0,0.0,0.0,0.0,0.0,0.0,0.0326066,3.72e-05,0.0,5.83e-05,0.0,0.0,0.0,0.000124975,0.0,4.64e-05,0.0,0.0,9.25e-05,4.08e-05,0.00173544,0.0,0.0,0.0,0.000108291,8.53e-05,0.0,4.97e-05,0.0,0.000165521,0.0,7.96e-05,0.0,0.0,0.0,0.0,0.0,0.0,0.000483301,0.00016337,0.0,0.0,0.0,0.0,0.0172047,8.17e-05,0.000131671,0.0,0.0,0.0,0.0,0.0,0.0,0.0,4.33e-05,0.00110618,0.0317511,9.63e-05,3.95e-05,3.92e-05,6.37e-05,0.00020952,6.25e-05,0.000240348,0.0,0.0,0.0,0.0,6.82e-05,4.26e-05,0.000180038,7.72e-05,9.16e-05,0.0,0.0001794,0.0,0.0,0.0,0.0,6.02e-05,0.000149622,0.0,0.0,0.00242919,0.000210116,0.000158248,0.0,8.12e-05,0.0,8.88e-05,0.0,0.0,0.0,0.0,0.0,0.0,0.000219181,0.0,0.0,0.0,0.0,0.0,0.0,0.0,0.000215693,0.000180011,0.0,0.0,0.0,0.000194377,0.0,0.0,0.0,0.0,0.0,0.0,0.000110904,0.0,0.0,0.000161629,0.0,0.0,0.0,0.0,0.0,0.0,0.0,0.0,5.84e-05,0.0,0.0,4.02e-05,0.0,0.0,0.000123652,0.0,0.0,0.0,0.0,0.00010935,0.0,0.0,0.0,0.0,0.0,0.0,0.0,0.0,0.0,6.32e-05,0.0,0.0,0.0,0.0,0.0,0.0,0.0,0.0,0.00056275,0.0,0.0,0.000103307,0.0,0.0,0.0,0.0,0.0,0.0,0.0,0.0,0.0,0.0,0.0,0.0,0.0,0.0,0.0,0.0,0.0,0.0,0.0,0.0,0.0,0.0,0.0,0.0,0.0,0.0,0.0,0.0,0.0,0.0,0.0,0.0,0.0,0.0,0.0,0.0,0.0,0.0,0.0,0.0,0.0,0.0,0.0,0.0,0.0,0.0,0.0,0.0,0.0,0.0,0.0,0.0,0.0,0.0,0.0,0.0,0.0,0.0,0.0,0.0,0.0,0.0,0.0,0.0,0.0,0.0,0.0,0.0,0.0,0.0,0.0,0.0,0.0,0.0,0.0,0.0,0.0,0.0,0.0,0.0,0.0,0.0,0.0,0.0,0.0,0.0,0.0,0.0,0.0,0.0,0.0,0.0,0.0,0.0,0.0,0.0,0.0,0.0,0.0,0.0,0.0,0.0,0.0,0.0,0.0,0.0,0.0,0.0,0.0,0.0,0.0,0.0,0.0,0.0,0.0,0.0,0.0,0.0,0.0,0.0,0.0,0.0,0.0,0.0,0.0,0.0,0.0,0.0,0.0,0.0,0.0,0.0,0.0,0.0,0.0,0.0,0.0,0.0,0.0,0.0,0.0,0.0,0.0,0.0,0.0,0.0,0.0,0.0,0.0,0.0,0.0,0.0,0.0,0.0,0.0,0.0,0.0,0.0,0.0,0.0,0.0,0.0,0.0,0.0,0.0,0.0,0.0,0.0,0.0,0.0,0.0,0.0,0.0,0.0,0.0,0.0,0.0,0.0,0.0,0.0,0.0,0.0,0.0,0.0,0.0,0.0,0.0,0.0,0.0,0.0,0.0,0.0,0.0,0.0,0.0,0.0,0.0,0.0,0.0,0.0,0.0,0.0,0.0,0.0,0.0,0.0,0.0,0.0,0.0,0.0
Reef 113,0.0,0.0,0.0,0.0,0.0,0.0,0.0,4.81e-05,0.0,1.27e-06,1.42e-06,4.51e-05,0.0,0.00479218,9.54e-06,1.66e-05,2.08e-06,0.000343253,1.98e-05,1.39e-06,0.00138183,0.000122031,2.05e-06,0.00421757,0.0,8.17e-06,0.000584951,0.0,0.0,1.45e-05,4.97e-06,0.0,2.15e-06,1.67e-06,7.74e-06,0.00328799,4.71e-06,0.00538686,1.98e-06,0.000396368,6.04e-06,1.88e-06,2.07e-05,4.24e-06,0.000457863,5.88e-05,3.82e-05,0.000475578,7.81e-05,1.76e-06,1.4e-06,1.6e-06,0.000138218,7.9e-05,0.000971339,5.44e-06,0.0,0.00454038,1.36e-05,1.13e-06,1.69e-05,2.35e-06,1.38e-06,0.0,0.000186962,9.98e-06,6.89e-05,4e-06,0.0,1.62e-05,6.66e-05,0.00130635,2.55e-06,1.17e-06,9.23e-07,0.00043773,4.54e-05,1.7e-06,2.77e-06,1.24e-06,0.000320229,2.34e-05,1.38e-05,1.87e-06,1.3e-06,9.02e-07,1.47e-05,2.47e-06,9.38e-06,3.41e-05,0.000660306,2.58e-06,2.46e-06,1.28e-06,2.47e-06,7.27e-05,8.46e-06,0.000738655,0.0,1.63e-06,2.22e-06,0.0,1.53e-06,0.0,0.0,1.65e-05,6.93e-06,1.56e-06,2.81e-06,8.07e-06,4.96e-06,0.000244666,0.0198076,7.92e-06,0.000116855,2.9e-06,4.96e-06,2.25e-05,0.0253179,0.00017538,2.06e-05,0.000256724,1.42e-05,0.000222412,0.0,6.01e-05,0.00596518,5.79e-06,2.41e-06,5.27e-05,3.74e-05,0.000140209,0.0,0.0,6.4e-06,0.00127426,0.000510365,0.0,0.000640563,0.0,0.000385507,0.0,0.0,0.0,0.0,0.0,0.00126998,0.00180276,0.0,0.0,0.0,6.85e-05,0.0,3.64e-06,0.0,0.00336715,0.000591808,0.0,0.0,0.0,0.000704703,0.0,0.0,0.0,0.0,0.0,0.0,0.00044797,9.87e-07,0.0,0.00207388,5.62e-05,2.98e-06,0.0,0.0,0.0,9.5e-07,0.0,0.0,0.000671913,0.0,0.0,8.14e-05,0.0,0.0,0.000821265,0.0,0.0,0.0,0.0,0.00010951,0.0,0.0,0.0,0.0,0.0,0.0,0.0,0.0,0.0,9.9e-05,0.0,0.0,0.0,0.0,0.0,0.0,0.0,0.0,7.67e-06,0.0,0.0,0.0,0.0,0.0,0.0,0.0,0.0,0.0,0.0,0.0,0.0,0.0,0.0,0.0,0.0,0.0,4.65e-06,0.0,0.0,1.85e-05,0.0,0.0,0.0,0.0,0.0,0.0,0.0,0.0,0.0,0.0,0.0,0.0,0.0,0.0,0.0,0.0,0.0,0.0,0.0,0.0,0.0,0.0,0.0,0.0,0.0,0.0,0.0,0.0,0.0,0.0,0.0,0.0,0.0,0.0,0.0,0.0,0.0,0.0,0.0,0.0,0.0,0.0,0.0,0.0,0.0,0.0,0.0,0.0,0.0,0.0,0.0,0.0,0.0,0.0,0.0,0.0,0.0,0.0,0.0,0.0,0.0,0.0,0.0,0.0,0.0,0.0,0.0,0.0,0.0,0.0,0.0,0.0,0.0,0.0,0.0,0.0,0.0,0.0,0.0,0.0,0.0,0.0,0.0,0.0,0.0,0.0,0.0,0.0,0.0,0.0,0.0,0.0,0.0,0.0,0.0,0.0,0.0,0.0,0.0,0.0,0.0,0.0,0.0,0.0,0.0,0.0,0.0,0.0,0.0,0.0,0.0,0.0,0.0,0.0,0.0,0.0,0.0,0.0,0.0,0.0,0.0,0.0,0.0,0.0,0.0,0.0,0.0,0.0,0.0,0.0,0.0,0.0,0.0,0.0,0.0,0.0,0.0,0.0,0.0,0.0,0.0,0.0,0.0,0.0,0.0,0.0,0.0,0.0,0.0,0.0,0.0,0.0,0.0,0.0,0.0,0.0,0.0,0.0,0.0,0.0,0.0,0.0,0.0,0.0,0.0,0.0,0.0,0.0,0.0,0.0,0.0,0.0,0.0,0.0,0.0,0.0,0.0,0.0,0.0,0.0,0.0,0.0,0.0,0.0,0.0,0.0,0.0,0.0,0.0,0.0,0.0,0.0
Reef 114,0.0,0.0,0.0,0.0,0.0,0.0,0.0,0.0,0.0,0.0,0.0,0.000152751,0.0,8.31e-05,0.00350287,0.000282754,0.0,0.00127604,5.07e-05,0.0,0.00771008,0.000939872,0.0,7.93e-05,0.0,5.7e-05,0.000337226,0.0,0.0,0.00564175,0.0,0.0,0.0,0.000129527,0.0,5.81e-05,0.000149211,6.39e-05,0.0,0.00127252,0.0,0.0,0.0,0.0,0.0,0.0,0.0,0.0,0.00129004,0.000292636,0.0,0.0,0.0,0.0,0.0,0.0,0.0,0.00584086,0.000121359,0.0,0.000162353,0.0,0.0,0.0,0.00052462,0.0,0.000217403,0.0,0.0,8.78e-05,9.27e-05,0.00271024,0.0,0.0,0.0,7.99e-05,8.44e-05,0.0,0.0,0.0,0.00021836,0.000331189,7.16e-05,0.0,0.0,0.0,0.0,0.0,0.0,0.00092345,0.000155988,0.0,0.0,0.0,0.0,0.0175016,0.0,0.000638259,0.0,0.000103141,0.0,0.0,0.0,0.0,0.0,6.83e-05,0.00178098,0.011054,0.000131259,6.07e-05,0.0,0.000365665,0.000309276,0.000958587,0.000423942,0.0,0.0,0.00054974,0.0,0.000119027,6.37e-05,0.000545648,0.000122515,0.00128214,0.0,0.000422703,0.0,0.0,0.0,0.000384906,7.46e-05,0.000988584,0.0,0.0,0.0126996,0.00233581,0.000526834,0.0,0.000754062,0.0,0.000838786,0.0,0.0,0.0,0.0,0.0,0.0,0.00227302,0.0,0.0,0.0,0.0,0.0,0.0,0.0,0.00168268,0.000727238,0.0,0.0,0.0,0.00040215,0.0,0.0,0.0,0.0,0.0,0.0,0.000297785,0.0,0.0,0.00189332,0.0,0.0,0.0,0.0,0.0,0.0,0.0,0.0,0.000428442,0.0,0.0,0.000391251,0.0,0.0,0.00113435,0.0,0.0,0.0,0.0,0.000541734,0.0,0.0,0.0,0.0,0.0,0.0,0.0,0.0,0.0,0.000967497,0.0,0.0,0.0,0.0,0.0,0.0,0.0,0.0,8.88e-05,0.0,0.0,0.000150024,0.0,0.0,0.0,0.0,0.0,0.0,0.0,0.0,0.0,0.0,0.0,0.0,0.0,0.0,0.0,0.0,0.0,0.0,0.0,0.0,0.0,0.0,0.0,0.0,0.0,0.0,0.0,0.0,0.0,0.0,0.0,0.0,0.0,0.0,0.0,0.0,0.0,0.0,0.0,0.0,0.0,0.0,0.0,0.0,0.0,0.0,0.0,0.0,0.0,0.0,0.0,0.0,0.0,0.0,0.0,0.0,0.0,0.0,0.0,0.0,0.0,0.0,0.0,0.0,0.0,0.0,0.0,0.0,0.0,0.0,0.0,0.0,0.0,0.0,0.0,0.0,0.0,0.0,0.0,0.0,0.0,0.0,0.0,0.0,0.0,0.0,0.0,0.0,0.0,0.0,0.0,0.0,0.0,0.0,0.0,0.0,0.0,0.0,0.0,0.0,0.0,0.0,0.0,0.0,0.0,0.0,0.0,0.0,0.0,0.0,0.0,0.0,0.0,0.0,0.0,0.0,0.0,0.0,0.0,0.0,0.0,0.0,0.0,0.0,0.0,0.0,0.0,0.0,0.0,0.0,0.0,0.0,0.0,0.0,0.0,0.0,0.0,0.0,0.0,0.0,0.0,0.0,0.0,0.0,0.0,0.0,0.0,0.0,0.0,0.0,0.0,0.0,0.0,0.0,0.0,0.0,0.0,0.0,0.0,0.0,0.0,0.0,0.0,0.0,0.0,0.0,0.0,0.0,0.0,0.0,0.0,0.0,0.0,0.0,0.0,0.0,0.0,0.0,0.0,0.0,0.0,0.0,0.0,0.0,0.0,0.0,0.0,0.0,0.0,0.0,0.0,0.0,0.0,0.0,0.0,0.0,0.0,0.0,0.0,0.0,0.0,0.0,0.0,0.0,0.0,0.0,0.0,0.0,0.0,0.0
Reef 115,0.0,0.0,0.0,0.0,0.0,0.0,0.0,0.0,0.0,0.0,0.0,0.000179048,0.0,0.000256955,0.00414124,0.000333719,0.0,0.00149746,0.000233604,0.0,0.00928392,0.00112808,0.0,0.000271706,0.0,0.0,0.000193489,0.0,0.0,0.00336732,0.0,0.0,0.0,0.0,0.0,0.023302,0.000196251,0.000196317,0.0,0.00128359,0.0,0.0,0.0,0.0,0.0,0.0,0.0,0.0,0.00142233,0.000175211,0.0,0.0,0.0,0.0,0.0,0.0,0.0,0.00263249,0.000128397,0.0,0.00030164,0.0,0.0,0.0,0.000255795,0.0,0.000217832,0.0,0.0,0.000187075,0.000157438,0.00265008,0.0,0.0,0.0,0.000143158,0.0,0.0,0.0,0.0,0.00016933,0.000310529,0.00034882,0.0,0.0,0.0,0.0,0.0,0.0,0.000718051,0.000242382,0.0,0.0,0.0,0.0,0.0275547,0.0,0.000459991,0.0,0.0,0.0,0.0,0.0,0.0,0.0,0.000247407,0.00308257,0.00461396,0.000290731,0.0,0.0,0.000178084,0.000549248,0.00145538,0.000536914,0.0,0.0,0.000535498,0.0,0.000352859,0.0,0.000348637,0.000314315,0.00138222,0.0,0.000741501,0.0,0.0,0.0,0.000320906,0.000233557,0.000862031,0.0,0.0,0.0167932,0.00234539,0.000429263,0.0,0.000594889,0.0,0.000631721,0.0,0.0,0.0,0.0,0.0,0.0,0.00167812,0.0,0.0,0.0,0.0,0.0,0.0,0.0,0.000691707,0.000471969,0.0,0.0,0.0,0.00025446,0.0,0.0,0.0,0.0,0.0,0.0,0.00018727,0.0,0.0,0.00117571,0.0,0.0,0.0,0.0,0.0,0.0,0.0,0.0,0.00030787,0.0,0.0,0.000214351,0.0,0.0,0.000742831,0.0,0.0,0.0,0.0,0.00030227,0.0,0.0,0.0,0.0,0.0,0.0,0.0,0.0,0.0,0.000603666,0.0,0.0,0.0,0.0,0.0,0.0,0.0,0.0,0.00175005,0.0,0.0,0.000730752,0.0,0.0,0.0,0.0,0.0,0.0,0.0,0.0,0.0,0.0,0.0,0.0,0.0,0.0,0.0,0.0,0.0,0.0,0.0,0.0,0.0,0.0,0.0,0.0,0.0,0.0,0.0,0.0,0.0,0.0,0.0,0.0,0.0,0.0,0.0,0.0,0.0,0.0,0.0,0.0,0.0,0.0,0.0,0.0,0.0,0.0,0.0,0.0,0.0,0.0,0.0,0.0,0.0,0.0,0.0,0.0,0.0,0.0,0.0,0.0,0.0,0.0,0.0,0.0,0.0,0.0,0.0,0.0,0.0,0.0,0.0,0.0,0.0,0.0,0.0,0.0,0.0,0.0,0.0,0.0,0.0,0.0,0.0,0.0,0.0,0.0,0.0,0.0,0.0,0.0,0.0,0.0,0.0,0.0,0.0,0.0,0.0,0.0,0.0,0.0,0.0,0.0,0.0,0.0,0.0,0.0,0.0,0.0,0.0,0.0,0.0,0.0,0.0,0.0,0.0,0.0,0.0,0.0,0.0,0.0,0.0,0.0,0.0,0.0,0.0,0.0,0.0,0.0,0.0,0.0,0.0,0.0,0.0,0.0,0.0,0.0,0.0,0.0,0.0,0.0,0.0,0.0,0.0,0.0,0.0,0.0,0.0,0.0,0.0,0.0,0.0,0.0,0.0,0.0,0.0,0.0,0.0,0.0,0.0,0.0,0.0,0.0,0.0,0.0,0.0,0.0,0.0,0.0,0.0,0.0,0.0,0.0,0.0,0.0,0.0,0.0,0.0,0.0,0.0,0.0,0.0,0.0,0.0,0.0,0.0,0.0,0.0,0.0,0.0,0.0,0.0,0.0,0.0,0.0,0.0,0.0,0.0,0.0,0.0,0.0,0.0,0.0,0.0,0.0,0.0,0.0,0.0,0.0,0.0,0.0
Reef 116,0.0,0.0,0.0,0.0,0.0,0.0,0.0,0.0,0.0,0.0,0.0,0.0,0.0,0.00617478,0.0,0.0,0.0,0.0,0.0,0.0,0.00672027,0.0,0.0,0.0,0.0,0.0,0.0,0.0,0.0,0.00650352,0.0,0.0,0.0,0.0,0.0,0.0177294,0.0,0.0,0.0,0.0,0.0,0.0,0.0,0.0,0.0,0.0,0.0,0.0,0.0,0.0,0.0,0.0,0.0,0.0,0.0,0.0,0.0,0.0182218,0.0,0.0,0.0,0.0,0.0,0.0,0.0,0.0,0.0,0.0,0.0,0.0,0.0,0.0140034,0.0,0.0,0.0,0.0,0.0,0.0,0.0,0.0,0.0,0.0,0.0,0.0,0.0,0.0,0.0,0.0,0.0,0.0,0.0,0.0,0.0,0.0,0.0,0.033667,0.0,0.0,0.0,0.0,0.0,0.0,0.0,0.0,0.0,0.0,0.0,0.0229985,0.0,0.0,0.0,0.0,0.0,0.0,0.0,0.0,0.0,0.0,0.0,0.0,0.0,0.0,0.0,0.0,0.0,0.0,0.0,0.0,0.0,0.0,0.0,0.0,0.0,0.0,0.0145923,0.0,0.0,0.0,0.0,0.0,0.0,0.0,0.0,0.0,0.0,0.0,0.0,0.0,0.0,0.0,0.0,0.0,0.0,0.0,0.0,0.0545154,0.0,0.0,0.0,0.0,0.0,0.0,0.0,0.0,0.0,0.0,0.0,0.0,0.0,0.0,0.0365821,0.0,0.0,0.0,0.0,0.0,0.0,0.0,0.0,0.0,0.0,0.0,0.0,0.0,0.0,0.0,0.0,0.0,0.0,0.0,0.0,0.0,0.0,0.0,0.0,0.0,0.0,0.0,0.0,0.0,0.0,0.0,0.0,0.0,0.0,0.0,0.0,0.0,0.0,0.0,0.0,0.0,0.0,0.0,0.0,0.0,0.0,0.0,0.0,0.0,0.0,0.0,0.0,0.0,0.0,0.0,0.0,0.0,0.0,0.0,0.0,0.0,0.0,0.0,0.0,0.0,0.0,0.0,0.0,0.0,0.0,0.0,0.0,0.0,0.0,0.0,0.0,0.0,0.0,0.0,0.0,0.0,0.0,0.0,0.0,0.0,0.0,0.0,0.0,0.0,0.0,0.0,0.0,0.0,0.0,0.0,0.0,0.0,0.0,0.0,0.0,0.0,0.0,0.0,0.0,0.0,0.0,0.0,0.0,0.0,0.0,0.0,0.0,0.0,0.0,0.0,0.0,0.0,0.0,0.0,0.0,0.0,0.0,0.0,0.0,0.0,0.0,0.0,0.0,0.0,0.0,0.0,0.0,0.0,0.0,0.0,0.0,0.0,0.0,0.0,0.0,0.0,0.0,0.0,0.0,0.0,0.0,0.0,0.0,0.0,0.0,0.0,0.0,0.0,0.0,0.0,0.0,0.0,0.0,0.0,0.0,0.0,0.0,0.0,0.0,0.0,0.0,0.0,0.0,0.0,0.0,0.0,0.0,0.0,0.0,0.0,0.0,0.0,0.0,0.0,0.0,0.0,0.0,0.0,0.0,0.0,0.0,0.0,0.0,0.0,0.0,0.0,0.0,0.0,0.0,0.0,0.0,0.0,0.0,0.0,0.0,0.0,0.0,0.0,0.0,0.0,0.0,0.0,0.0,0.0,0.0,0.0,0.0,0.0,0.0,0.0,0.0,0.0,0.0,0.0,0.0,0.0,0.0,0.0,0.0,0.0,0.0,0.0,0.0,0.0,0.0,0.0,0.0,0.0,0.0,0.0,0.0,0.0,0.0,0.0,0.0,0.0,0.0,0.0,0.0,0.0,0.0,0.0,0.0,0.0,0.0,0.0,0.0
Reef 117,0.0,0.0,0.0,0.0,0.0,0.0,0.0,4.86e-05,0.0,0.0,0.0,5.59e-05,0.0,0.0,0.000273603,5.61e-05,0.0,0.00103785,0.000240649,0.0,0.0005286,0.000430146,0.0,0.0,0.0,2.5e-05,0.00453264,0.0,0.0,0.000109403,0.0,0.0,0.0,5.69e-05,0.0,0.00550857,0.0,0.0,0.0,0.00177193,0.0,0.0,0.0,0.0,0.0,0.0,0.0,0.0,0.002372,0.0,0.0,0.0,0.0,0.0,0.0,0.0,0.0,0.0299015,4.23e-05,0.0,0.0,0.0,0.0,3.84e-05,0.0,0.0,0.00274892,0.0,0.0,0.0,0.000164372,0.0075853,0.0,0.0,0.0,0.0,0.0,0.0,0.0,0.0,0.000440681,0.000868853,0.0,0.0,0.0,0.0,0.0,8.17e-05,0.0,8.33e-05,0.0,0.0,6.75e-05,0.0011021,0.0,0.000427876,0.00011953,0.027918,0.0,0.0,2.8e-05,3.24e-05,0.0,2.86e-05,0.0,0.0,0.000174212,0.0157008,0.0,0.0,0.0,6.9e-05,0.0,2.82e-05,0.0,0.0,0.00150127,0.000354791,0.0,0.0,0.0,0.00149629,0.0,0.0364022,0.0,0.0,0.0,4.19e-05,6.01e-05,4.01e-05,0.000151995,2.6e-05,0.0,0.0,0.000919087,0.000748591,0.00014527,0.0,0.000466533,0.0,2.4e-05,0.0,0.0,0.0,0.0,0.0,0.0,0.000149295,0.0,0.0,0.0,0.0,0.0,0.0,0.0,0.000236961,0.0,0.0,0.0,0.0,3.48e-05,0.0,0.0,0.0,0.0,0.0,0.0,0.0,0.0,0.0,2.36e-05,0.0,0.0,0.0,0.0,0.0,0.0,0.0,0.0,0.0,0.0,0.0,3.49e-05,0.0,0.0,3.17e-05,0.0,0.0,0.0,0.0,0.000114527,0.0,0.0,0.0,0.0,0.0,0.0,0.0,0.0,0.0,0.000432524,0.0,0.0,0.0,0.0,0.0,0.0,0.0,0.0,9.29e-05,0.0,0.0,0.0,6.2e-05,0.0,0.0,0.0,0.0,0.0,0.0,0.0,0.0,0.0,0.0,0.0,0.0,0.0,0.0,0.0,0.0,0.0,0.0,0.0,0.0,0.0,0.0,0.0,0.0,0.0,0.0,0.0,0.0,0.0,0.0,0.0,0.0,0.0,0.0,0.0,0.0,0.0,0.0,0.0,0.0,0.0,0.0,0.0,0.0,0.0,0.0,0.0,0.0,0.0,0.0,0.0,0.0,0.0,0.0,0.0,0.0,0.0,0.0,0.0,0.0,0.0,0.0,0.0,0.0,0.0,0.0,0.0,0.0,0.0,0.0,0.0,0.0,0.0,0.0,0.0,0.0,0.0,0.0,0.0,0.0,0.0,0.0,0.0,0.0,0.0,0.0,0.0,0.0,0.0,0.0,0.0,0.0,0.0,0.0,0.0,0.0,0.0,0.0,0.0,0.0,0.0,0.0,0.0,0.0,0.0,0.0,0.0,0.0,0.0,0.0,0.0,0.0,0.0,0.0,0.0,0.0,0.0,0.0,0.0,0.0,0.0,0.0,0.0,0.0,0.0,0.0,0.0,0.0,0.0,0.0,0.0,0.0,0.0,0.0,0.0,0.0,0.0,0.0,0.0,0.0,0.0,0.0,0.0,0.0,0.0,0.0,0.0,0.0,0.0,0.0,0.0,0.0,0.0,0.0,0.0,0.0,0.0,0.0,0.0,0.0,0.0,0.0,0.0,0.0,0.0,0.0,0.0,0.0,0.0,0.0,0.0,0.0,0.0,0.0,0.0,0.0,0.0,0.0,0.0,0.0,0.0,0.0,0.0,0.0,0.0,0.0,0.0,0.0,0.0,0.0,0.0,0.0,0.0,0.0,0.0,0.0,0.0,0.0,0.0,0.0,0.0,0.0,0.0,0.0,0.0,0.0,0.0,0.0,0.0
Reef 118,2.12e-06,0.0,0.0,0.0,0.0,0.0,0.0,0.0,0.0,0.0,0.0,2.58e-06,0.0,0.0,2.4e-06,7.26e-05,0.0,6.38e-06,0.0,0.0,0.000759912,1.57e-05,0.0,0.0,0.0,0.0,9.39e-06,0.0,0.0,0.0,0.0,0.0,0.0,0.0,0.0,0.000401754,0.0,0.0,0.0,0.000117913,0.0,0.0,0.0,0.0,0.0,0.0,0.0,0.0,0.00628445,0.0,0.0,0.0,0.0,0.0,0.0,0.0,0.0,4.18e-05,2.29e-06,2.47e-06,0.0,0.0,2.65e-06,4.15e-05,0.0,0.0,0.0617823,0.0,0.0,0.0,4.01e-06,0.00119141,0.0,0.0,0.0,0.0,0.0,0.0,0.0,0.0,2.92e-05,0.0132755,0.0,0.0,0.0,0.0,0.0,0.00195739,0.0,0.0,0.0,0.0,4.92e-06,0.00589944,0.0,0.0,4.54e-06,0.00128808,0.0,0.0,4.81e-06,6.37e-06,0.0,2.99e-06,1.89e-06,0.0,5.56e-06,1.18e-05,0.0,0.0,0.0,2.52e-05,0.0,0.0,0.0,0.0,0.000127583,0.0331933,0.0,0.0,0.0,0.000120349,0.0,0.00861525,0.0,0.0,0.0,1.49e-05,1.85e-05,1.32e-05,1.79e-06,0.00289696,0.0,0.0,1.14e-05,0.00014728,0.00206037,0.0,0.000663549,0.0,4.69e-06,0.0,0.0,0.0,0.0,0.0,0.0,4.05e-06,0.0,0.0,0.0,0.0,0.0,0.0,0.0,0.0,0.00224037,0.0,0.0,0.0,0.000851751,0.0,0.0,0.0,0.0,0.0,0.0,0.000356132,0.000251177,0.0,2.69e-06,0.000268081,0.000356477,2.99e-05,0.0,0.0,0.000169159,0.0,0.0,1.44e-05,0.0,0.0,0.000222266,0.0,0.0,0.0081083,0.0,0.0,0.0,0.0,0.00197778,0.0,0.0,0.0,0.0,0.0,0.0,0.0,0.0,0.0,0.00480284,0.0,7.15e-06,0.0,0.0,0.0,0.0,0.0,0.0,0.000474959,0.0,0.0,0.0,2.4e-05,0.0,0.0,1.15e-05,3.41e-05,0.0,8.26e-06,7.04e-06,0.0,1.15e-05,0.0,0.0,0.0,0.0,2.97e-05,0.0,0.0,6.35e-05,0.0,0.0,2.11e-06,0.0,0.0,0.0,0.0,0.0,0.0,0.0,0.0,0.0,0.0,0.0,0.0,0.0,0.0,0.0,0.0,0.0,0.0,0.0,0.0,0.0,0.0,0.0,0.0,0.0,0.0,0.0,0.0,0.0,0.0,0.0,0.0,0.0,0.0,0.0,0.0,0.0,0.0,0.0,0.0,0.0,0.0,0.0,0.0,0.0,0.0,0.0,0.0,0.0,0.0,0.0,0.0,0.0,0.0,0.0,0.0,0.0,0.0,0.0,0.0,0.0,0.0,0.0,0.0,0.0,0.0,0.0,0.0,0.0,0.0,0.0,0.0,0.0,0.0,0.0,0.0,0.0,0.0,0.0,0.0,0.0,0.0,0.0,0.0,0.0,0.0,0.0,0.0,0.0,0.0,0.0,0.0,0.0,0.0,0.0,0.0,0.0,0.0,0.0,0.0,0.0,0.0,0.0,0.0,0.0,0.0,0.0,0.0,0.0,0.0,0.0,0.0,0.0,0.0,0.0,0.0,0.0,0.0,0.0,0.0,0.0,0.0,0.0,0.0,0.0,0.0,0.0,0.0,0.0,0.0,0.0,0.0,0.0,0.0,0.0,0.0,0.0,0.0,0.0,0.0,0.0,0.0,0.0,0.0,0.0,0.0,0.0,0.0,0.0,0.0,0.0,0.0,0.0,0.0,0.0,0.0,0.0,0.0,0.0,0.0,0.0,0.0,0.0,0.0,0.0,0.0,0.0,0.0,0.0,0.0,0.0,0.0,0.0,0.0,0.0,0.0,0.0,0.0,0.0,0.0,0.0,0.0,0.0,0.0,0.0,0.0,0.0,0.0,0.0
Reef 119,0.0,0.0,0.0,0.0,0.0,0.0,0.0,0.000106811,0.0,0.0,2.84e-06,0.000142814,0.0,0.0034664,4.06e-06,3.38e-05,1.87e-06,0.000295128,7.47e-06,2.69e-06,0.00119535,0.000102923,0.0,0.00422097,0.0,8.03e-06,0.000441673,0.0,0.0,4.72e-06,3.46e-06,0.0,1.45e-06,3.08e-05,6.08e-06,0.00235596,1.3e-06,0.00711762,1.43e-06,0.000277569,3.99e-06,1.28e-06,3.55e-05,2.53e-06,0.00281625,0.000220834,8.83e-05,0.00109719,3.89e-05,8.52e-05,0.0,0.0,0.00144688,0.000532863,0.00328131,3.18e-06,0.0,0.00337407,7.71e-06,0.0,6.55e-06,1.2e-06,0.0,0.0,9.65e-05,7.29e-06,1.99e-05,2.34e-06,0.0,8.37e-06,4.53e-05,0.000660332,1.53e-06,0.0,0.0,3.91e-05,1.4e-05,9.72e-07,1.77e-06,8.81e-07,0.000153977,1.22e-05,8.16e-06,1.23e-06,0.0,1e-06,1.08e-05,0.0,4.83e-06,1.25e-05,2.02e-05,1.79e-06,0.0,0.0,1.9e-06,8.61e-06,2.86e-06,0.000263446,0.0,1.28e-05,0.0,0.0,1.17e-06,0.0,0.0,7.5e-06,1.13e-06,0.0051714,5.51e-05,5.51e-06,4.11e-06,0.00020511,1.37e-05,1.41e-06,5.55e-05,1.33e-06,1.26e-06,6.76e-06,0.0273693,5.55e-05,1.49e-05,6.54e-05,2.66e-06,7.01e-05,0.0,0.000101914,0.0574091,4.17e-06,1.62e-06,2.82e-05,2.02e-05,0.000100576,1.24e-06,0.0,1.52e-06,0.00101307,0.000462962,0.0,0.000472669,0.0,0.000371275,0.0,0.0,4.93e-05,0.0,0.0,0.0430367,0.00132334,0.0,0.0,0.0,0.00243116,0.0,3.08e-06,0.0,0.00314853,0.00055018,0.0,0.0,4.16e-05,0.000716036,0.0,0.0,0.0,0.0,0.000189133,0.00060816,0.000408934,0.0,0.0,0.00183846,5.57e-05,2.17e-06,0.0,0.0,0.0,0.0,0.0,0.0,0.000544635,0.0,0.0,2.85e-05,0.0,0.0,0.000629665,0.0,0.0,0.0,0.0,3.19e-05,0.0,0.0,0.0,0.0,0.0,0.0,0.0,0.0,0.0,2.53e-05,0.0,0.0,0.0,0.0,0.0,0.0,0.0,0.0,1.59e-06,0.0,0.0,0.0,0.0,0.0,0.0,0.0,0.0,0.0,0.0,0.0,0.0,0.0,0.0,0.0,0.0,0.000242821,4.18e-06,0.0,0.0,1.67e-05,0.0,0.0,0.0,0.0,0.0,0.0,0.0,0.0,0.0,0.0,0.0,0.0,0.0,0.0,0.0,0.0,0.0,0.0,0.0,0.0,0.0,0.0,0.0,0.0,0.0,0.0,0.0,0.0,0.0,0.0,0.0,0.0,0.0,0.0,0.0,0.0,0.0,0.0,0.0,0.0,0.0,0.0,0.0,0.0,0.0,0.0,0.0,0.0,0.0,0.0,0.0,0.0,0.0,0.0,0.0,0.0,0.0,0.0,0.0,0.0,0.0,0.0,0.0,0.0,0.0,0.0,0.0,0.0,0.0,0.0,0.0,0.0,0.0,0.0,0.0,0.0,0.0,0.0,0.0,0.0,0.0,0.0,0.0,0.0,0.0,0.0,0.0,0.0,0.0,0.0,0.0,0.0,0.0,0.0,0.0,0.0,0.0,0.0,0.0,0.0,0.0,0.0,0.0,0.0,0.0,0.0,0.0,0.0,0.0,0.0,0.0,0.0,0.0,0.0,0.0,0.0,0.0,0.0,0.0,0.0,0.0,0.0,0.0,0.0,0.0,0.0,0.0,0.0,0.0,0.0,0.0,0.0,0.0,0.0,0.0,0.0,0.0,0.0,0.0,0.0,0.0,0.0,0.0,0.0,0.0,0.0,0.0,0.0,0.0,0.0,0.0,0.0,0.0,0.0,0.0,0.0,0.0,0.0,0.0,0.0,0.0,0.0,0.0,0.0,0.0,0.0,0.0,0.0,0.0,0.0,0.0,0.0,0.0,0.0,0.0,0.0,0.0,0.0,0.0,0.0,0.0,0.0,0.0,0.0,0.0,0.0,0.0,0.0,0.0,0.0,0.0,0.0
Reef 120,0.0,0.0,0.0,0.0,0.0,0.0,0.0,4.67e-05,0.0,0.0,0.0,2.82e-05,0.0,0.00194526,0.000461112,2.65e-05,0.0,0.000304749,0.00012433,0.0,0.00123441,0.000116823,0.0,0.0019549,0.0,6.06e-05,0.000554051,0.0,0.0,6.08e-05,0.0,0.0,0.0,2.54e-05,2.16e-05,0.00320173,3.16e-05,0.00269288,0.0,0.00038645,0.0,0.0,0.0,0.0,5.6e-05,3.86e-05,2.81e-05,0.000233188,8.52e-05,7.56e-05,0.0,0.0,2.29e-05,0.000234911,0.00031323,0.0,0.0,0.00425361,3.99e-05,0.0,6.89e-05,0.0,0.0,0.0,8.35e-05,0.0,8.83e-05,0.0,0.0,0.0,6.74e-05,0.00143173,0.0,0.0,0.0,0.000652731,7.61e-05,0.0,0.0,0.0,0.000354289,4.07e-05,2.21e-05,0.0,0.0,0.0,0.0,0.0,0.0,0.000147406,0.00117905,0.0,0.0,0.0,0.0,0.00765141,0.0,0.000875045,0.0,0.0,0.0,0.0,0.0,0.0,0.0,3.06e-05,0.000124811,3.22e-05,0.00492198,0.0,0.0,0.000199617,0.0120411,0.000114856,0.000137853,0.0,0.0,4.64e-05,0.000734649,0.00916689,4.95e-05,0.000348683,4.08e-05,0.000332878,0.0,0.000119301,0.000479615,0.0,0.0,8.92e-05,4.32e-05,0.000214068,0.0,0.0,3.73e-05,0.00140091,0.000599609,0.0,0.000602541,0.0,0.000487778,0.0,0.0,0.0,0.0,0.0,0.0,0.00174878,0.0,0.0,0.0,0.0,0.0,0.0,0.0,0.00333467,0.000720511,0.0,0.0,0.0,0.000822548,0.0,0.0,0.0,0.0,0.0,0.0,0.000519293,0.0,0.0,0.00207859,6.61e-05,0.0,0.0,0.0,0.0,0.0,0.0,0.0,0.000642083,0.0,0.0,0.000157047,0.0,0.0,0.000949063,0.0,0.0,0.0,0.0,0.000223111,0.0,0.0,0.0,0.0,0.0,0.0,0.0,0.0,0.0,0.000219134,0.0,0.0,0.0,0.0,0.0,0.0,0.0,0.0,3.62e-05,0.0,0.0,0.0,0.0,0.0,0.0,0.0,0.0,0.0,0.0,0.0,0.0,0.0,0.0,0.0,0.0,0.0,0.0,0.0,0.0,2.32e-05,0.0,0.0,0.0,0.0,0.0,0.0,0.0,0.0,0.0,0.0,0.0,0.0,0.0,0.0,0.0,0.0,0.0,0.0,0.0,0.0,0.0,0.0,0.0,0.0,0.0,0.0,0.0,0.0,0.0,0.0,0.0,0.0,0.0,0.0,0.0,0.0,0.0,0.0,0.0,0.0,0.0,0.0,0.0,0.0,0.0,0.0,0.0,0.0,0.0,0.0,0.0,0.0,0.0,0.0,0.0,0.0,0.0,0.0,0.0,0.0,0.0,0.0,0.0,0.0,0.0,0.0,0.0,0.0,0.0,0.0,0.0,0.0,0.0,0.0,0.0,0.0,0.0,0.0,0.0,0.0,0.0,0.0,0.0,0.0,0.0,0.0,0.0,0.0,0.0,0.0,0.0,0.0,0.0,0.0,0.0,0.0,0.0,0.0,0.0,0.0,0.0,0.0,0.0,0.0,0.0,0.0,0.0,0.0,0.0,0.0,0.0,0.0,0.0,0.0,0.0,0.0,0.0,0.0,0.0,0.0,0.0,0.0,0.0,0.0,0.0,0.0,0.0,0.0,0.0,0.0,0.0,0.0,0.0,0.0,0.0,0.0,0.0,0.0,0.0,0.0,0.0,0.0,0.0,0.0,0.0,0.0,0.0,0.0,0.0,0.0,0.0,0.0,0.0,0.0,0.0,0.0,0.0,0.0,0.0,0.0,0.0,0.0,0.0,0.0,0.0,0.0,0.0,0.0,0.0,0.0,0.0,0.0,0.0,0.0,0.0,0.0,0.0,0.0,0.0,0.0,0.0,0.0,0.0,0.0,0.0,0.0,0.0,0.0,0.0,0.0,0.0,0.0
Reef 121,0.0,0.0,0.0,0.0,0.0,0.0,0.0,0.0,0.0,0.0,0.0,0.000655994,0.0,0.00501161,0.00113121,0.0,0.0,0.000637334,0.000781742,0.0,0.00426394,0.000633849,0.0,0.00110372,0.0,0.0,0.0013927,0.0,0.0,0.00520555,0.0,0.0,0.0,0.0,0.0,0.00673907,0.0,0.0,0.0,0.00152422,0.0,0.0,0.0,0.0,0.0,0.0,0.0,0.0,0.00070813,0.0,0.0,0.0,0.0,0.0,0.0,0.0,0.0,0.0477617,0.0,0.0,0.0,0.0,0.0,0.0,0.000665369,0.0,0.00418408,0.0,0.0,0.0,0.0,0.000989113,0.0,0.0,0.0,0.0,0.0,0.0,0.0,0.0,0.00101929,0.0,0.0,0.0,0.0,0.0,0.0,0.0,0.0,0.000694474,0.0,0.0,0.0,0.0,0.0,0.0139382,0.0,0.00210199,0.0,0.0,0.0,0.0,0.0,0.0,0.0,0.0,0.00132712,0.0498584,0.0,0.0,0.0,0.000727167,0.0,0.0011361,0.0,0.0,0.0,0.0,0.0,0.0,0.0,0.000735125,0.0,0.0,0.0,0.0,0.0,0.0,0.0,0.0,0.0,0.00085362,0.0,0.0,0.00238831,0.00154988,0.000996413,0.0,0.000671342,0.0,0.00144255,0.0,0.0,0.0,0.0,0.0,0.0,0.00181989,0.0,0.0,0.0,0.0,0.0,0.0,0.0,0.00185031,0.0011128,0.0,0.0,0.0,0.0011882,0.0,0.0,0.0,0.0,0.0,0.0,0.000709493,0.0,0.0,0.00141253,0.0,0.0,0.0,0.0,0.0,0.0,0.0,0.0,0.00213915,0.0,0.0,0.000629424,0.0,0.0,0.000904673,0.0,0.0,0.0,0.0,0.000630423,0.0,0.0,0.0,0.0,0.0,0.0,0.0,0.0,0.0,0.00120501,0.0,0.0,0.0,0.0,0.0,0.0,0.0,0.0,0.000721768,0.0,0.0,0.0,0.0,0.0,0.0,0.0,0.0,0.0,0.0,0.0,0.0,0.0,0.0,0.0,0.0,0.0,0.0,0.0,0.0,0.0,0.0,0.0,0.0,0.0,0.0,0.0,0.0,0.0,0.0,0.0,0.0,0.0,0.0,0.0,0.0,0.0,0.0,0.0,0.0,0.0,0.0,0.0,0.0,0.0,0.0,0.0,0.0,0.0,0.0,0.0,0.0,0.0,0.0,0.0,0.0,0.0,0.0,0.0,0.0,0.0,0.0,0.0,0.0,0.0,0.0,0.0,0.0,0.0,0.0,0.0,0.0,0.0,0.0,0.0,0.0,0.0,0.0,0.0,0.0,0.0,0.0,0.0,0.0,0.0,0.0,0.0,0.0,0.0,0.0,0.0,0.0,0.0,0.0,0.0,0.0,0.0,0.0,0.0,0.0,0.0,0.0,0.0,0.0,0.0,0.0,0.0,0.0,0.0,0.0,0.0,0.0,0.0,0.0,0.0,0.0,0.0,0.0,0.0,0.0,0.0,0.0,0.0,0.0,0.0,0.0,0.0,0.0,0.0,0.0,0.0,0.0,0.0,0.0,0.0,0.0,0.0,0.0,0.0,0.0,0.0,0.0,0.0,0.0,0.0,0.0,0.0,0.0,0.0,0.0,0.0,0.0,0.0,0.0,0.0,0.0,0.0,0.0,0.0,0.0,0.0,0.0,0.0,0.0,0.0,0.0,0.0,0.0,0.0,0.0,0.0,0.0,0.0,0.0,0.0,0.0,0.0,0.0,0.0,0.0,0.0,0.0,0.0,0.0,0.0,0.0,0.0,0.0,0.0,0.0,0.0,0.0,0.0,0.0,0.0,0.0,0.0,0.0,0.0,0.0,0.0,0.0,0.0,0.0,0.0,0.0,0.0,0.0,0.0,0.0,0.0,0.0,0.0
Reef 122,0.0,0.0,0.0,0.0,0.0,0.0,0.0,9.52e-06,0.0,0.0,0.0,5.95e-05,0.0,6.07e-06,0.000477348,2.4e-05,0.0,0.000697966,0.000463108,7.23e-06,0.000307216,0.000451727,1.29e-05,0.0,0.0,3.12e-05,0.00413191,0.0,0.0,0.00037654,0.0,0.0,0.0,7.64e-05,1.14e-05,0.00280158,1.27e-05,0.0,3.72e-06,0.00127682,5.54e-06,3.65e-06,0.0,4.8e-06,0.0,0.0,0.0,0.0,0.000917815,1.69e-05,0.0,6.89e-06,0.0,0.0,0.0,0.0,0.0,0.0409404,2.34e-05,9.84e-06,4.57e-05,0.0,8.85e-06,1.56e-05,3.22e-05,5.26e-06,0.000115166,0.0,0.0,1.86e-05,0.000258643,0.00295624,2.8e-06,0.0,0.0,0.0,0.0,0.0,8.34e-06,0.0,0.000925553,1.77e-05,3.41e-05,0.0,0.0,0.0,4.94e-06,0.000107467,0.0,0.000155264,0.0,3.46e-06,4.57e-05,6.26e-05,3.24e-06,0.000959821,8.02e-05,0.0141116,0.0,5.53e-06,4.24e-05,2.52e-05,0.0,3.77e-05,0.0,6.51e-06,0.000357198,0.0253136,0.0,3.62e-06,0.0,0.000113878,0.0,6.14e-05,1.59e-05,0.0,0.000520544,6.46e-05,0.0,0.0,2.82e-06,0.0117001,0.0,0.0131546,0.0,3.43e-06,0.0,3.91e-05,0.0,1.21e-05,0.000281041,3.25e-05,0.0,0.0,0.00219105,0.00181668,5.65e-05,0.0,0.000952929,0.0,7.88e-05,0.0,0.0,0.0,0.0,0.0,0.0,0.000102694,0.0,0.0,0.0,0.0,0.0,5.78e-06,0.0,0.000699553,5.75e-05,0.0,0.0,0.0,2.82e-05,0.0,0.0,0.0,0.0,0.0,0.0,2.49e-05,0.0,0.0,8.01e-05,3.3e-06,0.0,0.0,0.0,0.0,0.0,0.0,0.0,4.37e-06,0.0,0.0,2.3e-05,0.0,0.0,7.53e-05,0.0,0.0,0.0,0.0,1.02e-05,0.0,0.0,0.0,0.0,0.0,0.0,0.0,0.0,0.0,8.52e-05,0.0,0.0,0.0,0.0,0.0,0.0,0.0,0.0,5.88e-06,0.0,0.0,5.05e-06,2e-05,0.0,0.0,0.0,0.0,0.0,0.0,0.0,0.0,0.0,0.0,0.0,0.0,0.0,0.0,0.0,0.0,0.0,0.0,0.0,0.0,0.0,0.0,0.0,0.0,0.0,0.0,0.0,0.0,0.0,0.0,0.0,0.0,0.0,0.0,0.0,0.0,0.0,0.0,0.0,0.0,0.0,0.0,0.0,0.0,0.0,0.0,0.0,0.0,0.0,0.0,0.0,0.0,0.0,0.0,0.0,0.0,0.0,0.0,0.0,0.0,0.0,0.0,0.0,0.0,0.0,0.0,0.0,0.0,0.0,0.0,0.0,0.0,0.0,0.0,0.0,0.0,0.0,0.0,0.0,0.0,0.0,0.0,0.0,0.0,0.0,0.0,0.0,0.0,0.0,0.0,0.0,0.0,0.0,0.0,0.0,0.0,0.0,0.0,0.0,0.0,0.0,0.0,0.0,0.0,0.0,0.0,0.0,0.0,0.0,0.0,0.0,0.0,0.0,0.0,0.0,0.0,0.0,0.0,0.0,0.0,0.0,0.0,0.0,0.0,0.0,0.0,0.0,0.0,0.0,0.0,0.0,0.0,0.0,0.0,0.0,0.0,0.0,0.0,0.0,0.0,0.0,0.0,0.0,0.0,0.0,0.0,0.0,0.0,0.0,0.0,0.0,0.0,0.0,0.0,0.0,0.0,0.0,0.0,0.0,0.0,0.0,0.0,0.0,0.0,0.0,0.0,0.0,0.0,0.0,0.0,0.0,0.0,0.0,0.0,0.0,0.0,0.0,0.0,0.0,0.0,0.0,0.0,0.0,0.0,0.0,0.0,0.0,0.0,0.0,0.0,0.0,0.0,0.0,0.0,0.0,0.0,0.0,0.0,0.0,0.0,0.0,0.0,0.0,0.0,0.0,0.0,0.0,0.0,0.0
Reef 123,0.0,0.0,0.0,0.0,0.0,0.0,0.0,3.29e-05,0.0,0.0,0.0,0.000120146,0.0,0.00195779,0.000446877,3.35e-05,0.0,0.000351228,0.0001,0.0,0.00141431,0.000120865,0.0,0.00228647,0.0,7.36e-05,0.000607716,0.0,0.0,6.53e-05,0.0,0.0,0.0,0.0001184,0.0,0.00411803,4.7e-05,0.00348254,0.0,0.000526487,0.0,0.0,0.0,0.0,8.59e-05,0.0,0.0,0.000359777,0.000124755,7.37e-05,0.0,0.0,3.67e-05,0.0,0.000516124,0.0,0.0,0.00471147,5.39e-05,0.0,0.000116359,0.0,0.0,0.0,8.5e-05,0.0,0.000132465,0.0,0.0,0.0,8.92e-05,0.00205262,0.0,0.0,0.0,0.000434088,8.67e-05,0.0,0.0,0.0,0.000509808,5.52e-05,0.0,0.0,0.0,0.0,0.0,0.0,0.0,0.000275984,0.0010215,0.0,0.0,0.0,0.0,0.0100122,0.0,0.0013138,0.0,0.0,0.0,0.0,0.0,0.0,0.0,0.0,0.000292078,7.54e-05,0.00604177,0.0,0.0,0.000208356,0.00991405,0.000251807,0.000153066,0.0,0.0,6.09e-05,0.00101365,0.00946072,6.05e-05,0.000498285,0.00282659,0.000480648,0.0,0.000182572,0.000497184,0.0,0.0,0.000124285,5.2e-05,0.000274633,0.0,0.0,7.9e-05,0.00171943,0.00064841,0.0,0.000613425,0.0,0.000542735,0.0,0.0,0.0,0.0,0.0,0.0,0.00181635,0.0,0.0,0.0,0.0,0.0,0.0,0.0,0.00405989,0.000747091,0.0,0.0,0.0,0.000933311,0.0,0.0,0.0,0.0,0.0,0.0,0.000607972,0.0,0.0,0.00269798,8.27e-05,0.0,0.0,0.0,0.0,0.0,0.0,0.0,0.000796294,0.0,0.0,0.000231396,0.0,0.0,0.00113831,0.0,0.0,0.0,0.0,0.000321315,0.0,0.0,0.0,0.0,0.0,0.0,0.0,0.0,0.0,0.000235406,0.0,0.0,0.0,0.0,0.0,0.0,0.0,0.0,8.28e-05,0.0,0.0,0.0,0.0,0.0,0.0,0.0,0.0,0.0,0.0,0.0,0.0,0.0,0.0,0.0,0.0,0.0,0.0,0.0,0.0,3.18e-05,0.0,0.0,0.0,0.0,0.0,0.0,0.0,0.0,0.0,0.0,0.0,0.0,0.0,0.0,0.0,0.0,0.0,0.0,0.0,0.0,0.0,0.0,0.0,0.0,0.0,0.0,0.0,0.0,0.0,0.0,0.0,0.0,0.0,0.0,0.0,0.0,0.0,0.0,0.0,0.0,0.0,0.0,0.0,0.0,0.0,0.0,0.0,0.0,0.0,0.0,0.0,0.0,0.0,0.0,0.0,0.0,0.0,0.0,0.0,0.0,0.0,0.0,0.0,0.0,0.0,0.0,0.0,0.0,0.0,0.0,0.0,0.0,0.0,0.0,0.0,0.0,0.0,0.0,0.0,0.0,0.0,0.0,0.0,0.0,0.0,0.0,0.0,0.0,0.0,0.0,0.0,0.0,0.0,0.0,0.0,0.0,0.0,0.0,0.0,0.0,0.0,0.0,0.0,0.0,0.0,0.0,0.0,0.0,0.0,0.0,0.0,0.0,0.0,0.0,0.0,0.0,0.0,0.0,0.0,0.0,0.0,0.0,0.0,0.0,0.0,0.0,0.0,0.0,0.0,0.0,0.0,0.0,0.0,0.0,0.0,0.0,0.0,0.0,0.0,0.0,0.0,0.0,0.0,0.0,0.0,0.0,0.0,0.0,0.0,0.0,0.0,0.0,0.0,0.0,0.0,0.0,0.0,0.0,0.0,0.0,0.0,0.0,0.0,0.0,0.0,0.0,0.0,0.0,0.0,0.0,0.0,0.0,0.0,0.0,0.0,0.0,0.0,0.0,0.0,0.0,0.0,0.0,0.0,0.0,0.0,0.0,0.0,0.0,0.0,0.0,0.0,0.0
Reef 124,0.0,0.0,0.0,0.0,0.0,0.0,0.0,1.83e-06,4.28e-07,1.33e-06,2.55e-06,0.00016203,0.0,1.17e-05,0.000563721,2.56e-05,2.55e-06,0.00192278,0.000302981,5.78e-06,0.0017059,0.000609819,1.59e-05,0.0,1.62e-06,3.05e-05,0.00505138,0.0,1.4e-06,3.63e-05,0.0,0.0,0.0,6.16e-05,2.69e-05,0.0193898,1.51e-06,0.0,7.25e-06,0.0055811,9.25e-07,1.11e-05,0.0,1.57e-05,0.0,0.0,0.0,0.0,0.0104508,2.24e-06,0.0,7.41e-06,0.0,0.0,0.0,0.0,0.0,0.0253763,0.000107416,1.26e-05,5.15e-06,7.62e-07,1.1e-05,6.17e-05,8.45e-06,3.48e-06,0.042284,4.62e-07,0.0,8.54e-06,0.000197189,0.015236,8.32e-07,9.19e-07,0.0,0.0,0.0,6.71e-07,3.06e-06,8.01e-07,0.000643826,3.07e-06,6.92e-06,5.03e-07,0.0,5.07e-07,2.09e-06,0.00110638,0.0,2.72e-05,0.0,5.02e-07,3.53e-05,0.00022768,0.0,7.91e-05,5.7e-05,0.0177388,0.0,6.16e-07,8.76e-06,3.15e-06,0.0,5.64e-07,4.63e-07,5.55e-07,3.54e-05,0.00829158,0.0,4.37e-07,4.1e-07,3.81e-05,0.0,5.08e-06,1.44e-06,0.0,0.000137888,0.00156613,0.0,0.0,4.98e-07,0.000351096,0.0,0.0235943,0.0,0.0,0.0,2.97e-06,6.02e-06,0.000199212,3.33e-05,8.31e-05,0.0,0.0,0.000161619,0.000121661,0.000686778,0.0,0.000107664,0.0,2.66e-05,0.0,0.0,0.0,0.0,0.0,0.0,5.41e-05,0.0,0.0,0.0,0.0,0.0,2.04e-06,0.0,5.1e-05,2.92e-05,0.0,0.0,0.0,0.000214826,0.0,0.0,0.0,0.0,0.0,0.0,7.09e-05,1.12e-05,0.0,7.73e-06,2.7e-05,2.16e-05,1.46e-06,0.0,0.0,4.89e-06,0.0,0.0,3.89e-06,0.0,0.0,1.06e-06,0.0,0.0,8.87e-05,0.0,0.0,0.0,0.0,6.97e-07,0.0,0.0,0.0,0.0,0.0,0.0,0.0,0.0,0.0,3.53e-06,0.0,0.0,0.0,0.0,0.0,0.0,0.0,0.0,3.58e-05,0.0,0.0,1.03e-05,2.91e-05,0.0,0.0,0.0,0.0,0.0,7.36e-07,0.0,0.0,0.0,0.0,7.45e-07,0.0,0.0,4.5e-07,0.0,0.0,1.92e-06,0.0,0.0,0.0,0.0,0.0,0.0,0.0,0.0,0.0,0.0,0.0,0.0,0.0,0.0,0.0,0.0,0.0,0.0,0.0,0.0,0.0,0.0,0.0,0.0,0.0,0.0,0.0,0.0,0.0,0.0,0.0,0.0,0.0,0.0,0.0,0.0,0.0,0.0,0.0,0.0,0.0,0.0,0.0,0.0,0.0,0.0,0.0,0.0,0.0,0.0,0.0,0.0,0.0,0.0,0.0,0.0,0.0,0.0,0.0,0.0,0.0,0.0,0.0,0.0,0.0,0.0,0.0,0.0,0.0,0.0,0.0,0.0,0.0,0.0,0.0,0.0,0.0,0.0,0.0,0.0,0.0,0.0,0.0,0.0,0.0,0.0,0.0,0.0,0.0,0.0,0.0,0.0,0.0,0.0,0.0,0.0,0.0,0.0,0.0,0.0,0.0,0.0,0.0,0.0,0.0,0.0,0.0,0.0,0.0,0.0,0.0,0.0,0.0,0.0,0.0,0.0,0.0,0.0,0.0,0.0,0.0,0.0,0.0,0.0,0.0,0.0,0.0,0.0,0.0,0.0,0.0,0.0,0.0,0.0,0.0,0.0,0.0,0.0,0.0,0.0,0.0,0.0,0.0,0.0,0.0,0.0,0.0,0.0,0.0,0.0,0.0,0.0,0.0,0.0,0.0,0.0,0.0,0.0,0.0,0.0,0.0,0.0,0.0,0.0,0.0,0.0,0.0,0.0,0.0,0.0,0.0,0.0,0.0,0.0,0.0,0.0,0.0,0.0,0.0,0.0,0.0,0.0,0.0,0.0,0.0,0.0,0.0,0.0,0.0,0.0,0.0,0.0
Reef 125,0.0,0.0,0.000224173,0.000236753,0.000267935,0.000293849,0.0,0.0,0.0,0.0,0.0,0.0,0.0,0.0,0.0,0.0,0.0,0.0,0.0,0.0,0.0,0.0,0.0,0.0,0.0,0.0,0.0,0.0,0.0,0.0,0.0,0.0,0.0,0.0,0.0,0.0,0.0,0.0,0.0,0.0,0.0,0.0,0.0,0.0,0.0,0.0,0.0,0.0,0.0,0.0,0.0,0.0,0.0,0.0,0.0,0.0,0.0,0.0,0.0,0.0,0.0,0.0,0.0,0.0,0.0,0.0,0.0,0.0,0.0,0.0,0.0,0.0,0.0,0.0,0.0,0.0,0.0,0.0,0.0,0.0,0.0,0.0,0.0,0.0,0.0,0.0,0.0,0.0,0.0,0.0,0.0,0.0,0.0,0.0,0.0,0.0,0.0,0.0,0.00062434,0.0,0.0,0.0,0.0,0.0,0.0,0.0,0.0,0.0,0.0,0.0,0.0,0.0,0.0,0.0,0.0,0.0,0.0,0.0,0.0,0.0,0.0,0.0,0.0,0.0,0.00324633,0.0,0.0,0.0,0.0,0.0,0.0,0.0,0.00155575,0.000563962,0.0,0.0,0.0,0.000625761,0.0,0.000237281,0.0,0.0023468,0.0,0.0,0.00119694,0.000497136,0.0,0.0,0.0,0.0,0.0,0.0,0.0,0.0,0.0,0.0,0.0,0.0,0.0,0.0,0.0,0.0,0.0,0.000243269,0.00177735,0.0,0.0,0.0,0.0,0.00193232,0.0,0.0,0.0,0.0,0.0,0.0,0.0,0.0,0.0,0.0,0.0,0.0,0.0,0.0,0.0,0.0,0.0,0.0,0.0,0.0,0.0,0.000200855,0.0,0.0,0.0,0.0,0.0,0.00443959,0.0,0.0,0.0,0.0,0.0,0.0,0.0,0.0,0.0,0.000707393,0.0,0.0,0.0,0.0,0.0,0.0,0.0,0.0,0.0,0.0,0.0,0.0,0.0,0.0,0.0,0.0,0.0,0.0,0.0,0.0,0.0,0.0,0.0,0.0,0.0,0.0,0.0,0.0,0.0,0.0,0.0,0.0,0.0,0.0,0.0,0.0,0.0,0.0,0.0,0.0,0.0,0.0,0.0,0.0,0.0,0.0,0.0,0.0,0.0,0.0,0.0,0.0,0.0,0.0,0.0,0.0,0.0,0.0,0.0,0.0,0.0,0.0,0.0,0.0,0.0,0.0,0.0,0.0,0.0,0.0,0.0,0.0,0.0,0.0,0.0,0.0,0.0,0.0,0.0,0.0,0.0,0.0,0.0,0.0,0.0,0.0,0.0,0.0,0.0,0.0,0.0,0.0,0.0,0.0,0.0,0.0,0.0,0.0,0.0,0.0,0.0,0.0,0.0,0.0,0.0,0.0,0.0,0.0,0.0,0.0,0.0,0.0,0.0,0.0,0.0,0.0,0.0,0.0,0.0,0.0,0.0,0.0,0.0,0.0,0.0,0.0,0.0,0.0,0.0,0.0,0.0,0.0,0.0,0.0,0.0,0.0,0.0,0.0,0.0,0.0,0.0,0.0,0.0,0.0,0.0,0.0,0.0,0.0,0.0,0.0,0.0,0.0,0.0,0.0,0.0,0.0,0.0,0.0,0.0,0.0,0.0,0.0,0.0,0.0,0.0,0.0,0.0,0.0,0.0,0.0,0.0,0.0,0.0,0.0,0.0,0.0,0.0,0.0,0.0,0.0,0.0,0.0,0.0,0.0,0.0,0.0,0.0,0.0,0.0,0.0,0.0,0.0,0.0,0.0,0.0,0.0,0.0,0.0,0.0,0.0,0.0,0.0,0.0,0.0,0.0,0.0,0.0,0.0,0.0,0.0,0.0,0.0,0.0,0.0,0.0
Reef 126,0.0,0.0,0.0,0.0,0.0,0.0,0.0,1.56e-05,0.0,0.0,0.0,1.7e-05,0.0,0.00220063,0.00040503,1.5e-05,0.0,0.000390084,1.09e-05,0.0,0.00158332,0.000115046,0.0,0.00260069,0.0,4.11e-05,0.000644771,0.0,0.0,0.000156297,1.05e-05,0.0,0.0,1.22e-05,9.84e-06,0.00471624,9.93e-06,0.00369094,0.0,0.00061462,0.0,0.0,1.43e-05,0.0,6.6e-05,1.75e-05,2.17e-05,0.000318036,0.000144497,1.98e-05,0.0,0.0,2.88e-05,1.63e-05,0.000408062,0.0,0.0,2.86e-05,2.2e-05,0.0,0.000145616,0.0,0.0,0.0,5.2e-05,1.15e-05,0.000141195,0.0,0.0,0.0,0.000100319,0.00233168,0.0,0.0,0.0,0.000691999,0.000241066,0.0,0.0,0.0,0.000582823,4.42e-05,1.04e-05,0.0,0.0,0.0,1.78e-05,0.0,0.0,0.000362241,0.00157035,0.0,0.0,0.0,0.0,0.0333343,1.65e-05,0.00146641,0.0,1.49e-05,0.0,0.0,0.0,0.0,0.0,2.45e-05,0.000407583,0.00010182,0.00235298,8.08e-06,1.01e-05,0.000209121,0.00583569,0.000350673,0.00013653,0.0,9.92e-06,4.15e-05,0.000679342,0.00342027,2.02e-05,0.000484892,0.00196232,0.000451398,0.0,0.00400681,0.00033866,1.2e-05,0.0,0.000111608,4.63e-05,0.000243292,0.0,0.0,9.75e-05,0.0016538,0.000621702,0.0,0.000520939,0.0,0.000518571,0.0,0.0,0.0,0.0,0.0,0.0,0.00154294,0.0,0.0,0.0,0.0,0.0,1.08e-05,0.0,0.00415272,0.000704096,0.0,0.0,0.0,0.00095917,0.0,0.0,0.0,0.0,0.0,0.0,0.000612252,0.0,0.0,0.0027645,8.74e-05,0.0,0.0,0.0,0.0,0.0,0.0,0.0,0.000794026,0.0,0.0,0.000214711,0.0,0.0,0.00109522,0.0,0.0,0.0,0.0,0.000293515,0.0,0.0,0.0,0.0,0.0,0.0,0.0,0.0,0.0,0.000167672,0.0,0.0,0.0,0.0,0.0,0.0,0.0,0.0,1.15e-05,0.0,0.0,1.75e-05,0.0,0.0,0.0,0.0,0.0,0.0,0.0,0.0,0.0,0.0,0.0,0.0,0.0,0.0,8.49e-06,0.0,0.0,3.35e-05,0.0,0.0,0.0,0.0,0.0,0.0,0.0,0.0,0.0,0.0,0.0,0.0,0.0,0.0,0.0,0.0,0.0,0.0,0.0,0.0,0.0,0.0,0.0,0.0,0.0,0.0,0.0,0.0,0.0,0.0,0.0,0.0,0.0,0.0,0.0,0.0,0.0,0.0,0.0,0.0,0.0,0.0,0.0,0.0,0.0,0.0,0.0,0.0,0.0,0.0,0.0,0.0,0.0,0.0,0.0,0.0,0.0,0.0,0.0,0.0,0.0,0.0,0.0,0.0,0.0,0.0,0.0,0.0,0.0,0.0,0.0,0.0,0.0,0.0,0.0,0.0,0.0,0.0,0.0,0.0,0.0,0.0,0.0,0.0,0.0,0.0,0.0,0.0,0.0,0.0,0.0,0.0,0.0,0.0,0.0,0.0,0.0,0.0,0.0,0.0,0.0,0.0,0.0,0.0,0.0,0.0,0.0,0.0,0.0,0.0,0.0,0.0,0.0,0.0,0.0,0.0,0.0,0.0,0.0,0.0,0.0,0.0,0.0,0.0,0.0,0.0,0.0,0.0,0.0,0.0,0.0,0.0,0.0,0.0,0.0,0.0,0.0,0.0,0.0,0.0,0.0,0.0,0.0,0.0,0.0,0.0,0.0,0.0,0.0,0.0,0.0,0.0,0.0,0.0,0.0,0.0,0.0,0.0,0.0,0.0,0.0,0.0,0.0,0.0,0.0,0.0,0.0,0.0,0.0,0.0,0.0,0.0,0.0,0.0,0.0,0.0,0.0,0.0,0.0,0.0,0.0,0.0,0.0,0.0,0.0,0.0,0.0,0.0,0.0,0.0,0.0,0.0
Reef 127,0.0,0.0,0.0,0.0,0.0,0.0,7.81e-07,0.000391536,1.22e-06,9.63e-07,9.1e-06,0.000137918,0.0,0.00296859,0.001154,1.65e-05,3.57e-07,3.81e-05,5.37e-07,1.35e-06,0.000106561,0.000127562,0.0,0.00434085,0.0,1.92e-05,8.48e-05,9.95e-07,5.21e-07,3.57e-07,5.33e-06,0.0,2.07e-06,5.25e-05,1.02e-06,0.000172053,6.34e-05,0.00526702,0.0,1.3e-05,5.35e-06,0.0,6.27e-05,0.0,0.00333461,0.000310927,0.000103844,0.000772679,7.88e-07,7.77e-05,0.0,0.0,0.00136774,0.000496933,0.0027581,1.54e-06,0.0,0.000584491,7.47e-07,0.0,2.22e-05,0.0,0.0,0.0,1.38e-05,5.44e-07,0.0,3.62e-07,0.0,2.32e-06,8.82e-06,3.77e-05,3.47e-07,0.0,0.0,5.03e-06,1.71e-06,0.0,1.06e-06,4.85e-07,1.77e-05,1.66e-06,3.99e-07,6.51e-07,0.0,3.72e-07,8.17e-07,0.0,4.73e-07,5.38e-07,6.14e-06,7.52e-07,0.0,0.0,6.75e-07,1.64e-06,3.96e-07,8.78e-06,0.0,1.41e-06,0.0,0.0,0.0,0.0,0.0,1.19e-06,3.96e-05,0.00107326,0.000171635,7.6e-07,5.46e-07,4.13e-05,1.01e-06,5.32e-05,1.41e-05,0.0,3.51e-07,5.86e-07,0.000129044,9.49e-05,2.08e-06,1.7e-05,6.37e-05,8.79e-06,9.91e-07,0.00010791,0.0767538,4.61e-06,4.92e-07,5.35e-06,1.98e-05,2.43e-05,1.62e-06,0.0,0.00167317,0.000745432,0.000373258,0.0,0.00053053,0.0,0.000147375,0.0,0.0,0.000156039,0.0,0.0,0.119351,0.00143138,0.0,0.0,0.0,0.0036759,2.12e-06,3.54e-06,0.0,0.00272182,0.0003625,0.0,0.0,0.000114646,0.000368556,0.0,0.0,0.0,0.0,0.000561001,0.00190446,0.000258158,0.0,0.0,0.00116398,1.91e-05,5.27e-07,0.0,0.0,1.5e-06,0.0,0.0,5.86e-07,0.000331279,0.0,6.72e-07,3.32e-06,0.0,0.0,0.000421892,3.4e-07,0.0,0.0,0.0,6.3e-07,0.0,0.0,0.0,0.0,0.0,0.0,0.0,0.0,0.0,6.75e-06,0.0,0.0,0.0,0.0,0.0,0.0,0.0,0.0,4.52e-07,0.0,0.0,0.0,0.0,0.0,0.0,0.0,0.0,0.0,0.0,0.0,9.23e-05,0.0,0.0,0.0,0.0,0.000586347,1.09e-06,0.0,0.0,4.36e-06,0.0,0.0,0.0,0.0,0.0,0.0,0.0,0.0,0.0,0.0,0.0,0.0,0.0,0.0,0.0,0.0,0.0,0.0,0.0,0.0,0.0,0.0,0.0,0.0,0.0,0.0,0.0,0.0,0.0,0.0,0.0,0.0,0.0,0.0,0.0,0.0,0.0,0.0,0.0,0.0,0.0,0.0,0.0,0.0,0.0,0.0,0.0,0.0,0.0,0.0,0.0,0.0,0.0,0.0,0.0,0.0,0.0,0.0,0.0,0.0,0.0,0.0,0.0,0.0,0.0,0.0,0.0,0.0,0.0,0.0,0.0,0.0,0.0,0.0,0.0,0.0,0.0,0.0,0.0,0.0,0.0,0.0,0.0,0.0,0.0,0.0,0.0,0.0,0.0,0.0,0.0,0.0,0.0,0.0,0.0,0.0,0.0,0.0,0.0,0.0,0.0,0.0,0.0,0.0,0.0,0.0,0.0,0.0,0.0,0.0,0.0,0.0,0.0,0.0,0.0,0.0,0.0,0.0,0.0,0.0,0.0,0.0,0.0,0.0,0.0,0.0,0.0,0.0,0.0,0.0,0.0,0.0,0.0,0.0,0.0,0.0,0.0,0.0,0.0,0.0,0.0,0.0,0.0,0.0,0.0,0.0,0.0,0.0,0.0,0.0,0.0,0.0,0.0,0.0,0.0,0.0,0.0,0.0,0.0,0.0,0.0,0.0,0.0,0.0,0.0,0.0,0.0,0.0,0.0,0.0,0.0,0.0,0.0,0.0,0.0,0.0,0.0,0.0,0.0,0.0,0.0,0.0,0.0,0.0,0.0,0.0,0.0,0.0,0.0,0.0,0.0,0.0
Reef 128,0.0,0.0,0.0,0.0,0.0,0.0,0.0,0.0,0.0,0.0,0.0,0.0,0.0,0.0,0.000205465,0.000207919,0.0,0.000130418,0.000220465,0.0,0.00643846,0.000163346,0.0,0.0,0.0,0.000164845,0.00105121,0.0,0.0,0.00298334,0.0,0.0,0.0,0.000249657,0.0,0.000176884,0.0,0.0,0.0,0.000164229,0.0,0.0,0.0,0.0,0.0,0.0,0.0,0.0,0.00100701,0.000151517,0.0,0.0,0.0,0.0,0.0,0.0,0.0,0.0200204,0.000171187,0.0,0.0,0.0,0.0,0.0,0.000355069,0.0,0.00118723,0.0,0.0,0.0,0.000304135,0.000213879,0.0,0.0,0.0,0.0,0.0,0.0,0.0,0.0,0.000421111,0.0011872,0.0,0.0,0.0,0.0,0.0,0.0,0.0,0.000500475,0.0,0.0,0.0,0.000175578,0.0,0.0056423,0.0,0.000708012,0.0,0.0,0.0,0.0,0.0,0.0,0.0,0.0,0.000312793,0.0295047,0.0,0.0,0.0,0.000905974,0.0,0.000181337,0.0,0.0,0.000405768,0.00217804,0.0,0.0,0.0,0.000513782,0.0,0.0120092,0.0,0.000275337,0.0,0.000527726,0.0,0.000892049,0.00028593,0.00220943,0.0,0.0,0.0218303,0.00783357,0.00114779,0.0,0.000127408,0.0,0.0013034,0.0,0.0,0.0,0.0,0.0,0.0,0.00512075,0.0,0.0,0.0,0.0,0.0,0.0,0.0,0.0104102,0.000731306,0.0,0.0,0.0,0.000226289,0.0,0.0,0.0,0.0,0.0,0.0,0.000210008,0.0,0.0,0.00786881,0.0,0.0,0.0,0.0,0.0,0.0,0.0,0.0,0.000490722,0.0,0.0,0.000371206,0.0,0.0,0.00184529,0.0,0.0,0.0,0.0,0.000640164,0.0,0.0,0.0,0.0,0.0,0.0,0.0,0.0,0.0,0.00166663,0.0,0.0,0.0,0.0,0.0,0.0,0.0,0.0,0.000211552,0.0,0.000159452,0.00376679,0.0,0.0,0.0,0.0,0.0,0.0,0.0,0.0,0.0,0.0,0.0,0.0,0.0,0.0,0.0,0.0,0.0,0.0,0.0,0.0,0.0,0.0,0.0,0.0,0.0,0.0,0.0,0.000195836,0.0,0.0,0.0,0.0,0.0,0.0,0.0,0.0,0.0,0.0,0.0,0.0,0.0,0.0,0.0,0.0,0.0,0.0,0.0,0.0,0.0,0.0,0.0,0.0,0.0,0.0,0.0,0.0,0.0,0.0,0.0,0.0,0.0,0.0,0.0,0.0,0.0,0.0,0.0,0.0,0.0,0.0,0.0,0.0,0.0,0.0,0.0,0.0,0.0,0.0,0.0,0.0,0.0,0.0,0.0,0.0,0.0,0.0,0.0,0.0,0.0,0.0,0.0,0.0,0.0,0.0,0.0,0.0,0.0,0.0,0.0,0.0,0.0,0.0,0.0,0.0,0.0,0.0,0.0,0.0,0.0,0.0,0.0,0.0,0.0,0.0,0.0,0.0,0.0,0.0,0.0,0.0,0.0,0.0,0.0,0.0,0.0,0.0,0.0,0.0,0.0,0.0,0.0,0.0,0.0,0.0,0.0,0.0,0.0,0.0,0.0,0.0,0.0,0.0,0.0,0.0,0.0,0.0,0.0,0.0,0.0,0.0,0.0,0.0,0.0,0.0,0.0,0.0,0.0,0.0,0.0,0.0,0.0,0.0,0.0,0.0,0.0,0.0,0.0,0.0,0.0,0.0,0.0,0.0,0.0,0.0,0.0,0.0,0.0,0.0,0.0,0.0,0.0,0.0,0.0,0.0,0.0,0.0,0.0,0.0,0.0,0.0,0.0,0.0,0.0,0.0,0.0,0.0,0.0,0.0,0.0,0.0,0.0,0.0,0.0,0.0,0.0,0.0,0.0,0.0,0.0,0.0
Reef 129,0.0,0.0,0.0,0.0,0.0,0.0,0.0,0.0,0.0,0.0,0.0,0.0,0.0,0.0,0.0,0.000324402,0.0,0.000496167,0.0,0.0,0.000252012,0.000171523,0.0,0.0,0.0,0.0,0.00314843,0.0,0.0,0.0,0.0,0.0,0.0,0.0,0.0,0.00666492,0.0,0.0,0.0,0.00300095,0.0,0.0,0.0,0.0,0.0,0.0,0.0,0.0,0.0112933,0.0,0.0,0.0,0.0,0.0,0.0,0.0,0.0,0.0122886,0.000108301,0.0,0.0,0.0,0.0,0.0,0.0,0.0,0.0133468,0.0,0.0,0.0,0.000172752,0.00921454,0.0,0.0,0.0,0.0,0.0,0.0,0.0,0.0,0.0007,0.000746808,0.0,0.0,0.0,0.0,0.0,0.00199932,0.0,0.0,0.0,0.0,0.0,0.00514004,0.0,0.0,0.0,0.014998,0.0,0.0,0.0,0.0,0.0,0.0,0.0,0.0,0.0,0.00480507,0.0,0.0,0.0,0.000285459,0.0,0.0,0.0,0.0,0.000296635,0.000860723,0.0,0.0,0.0,0.00252546,0.0,0.0309345,0.0,0.0,0.0,0.000117956,0.000458751,0.000305568,0.000197047,0.0177236,0.0,0.0,0.000141684,0.00108744,0.00214129,0.0,0.0001914,0.0,0.000291902,0.0,0.0,0.0,0.0,0.0,0.0,0.0124539,0.0,0.0,0.0,0.0,0.0,0.0,0.0,0.000447945,0.000114301,0.0,0.0,0.0,0.000682117,0.0,0.0,0.0,0.0,0.0,0.0,0.000178983,0.0,0.0,0.000213196,0.000103059,0.0,0.0,0.0,0.0,0.0,0.0,0.0,0.0,0.0,0.0,0.00017599,0.0,0.0,0.000189623,0.0,0.0,0.0,0.0,0.000574515,0.0,0.0,0.0,0.0,0.0,0.0,0.0,0.0,0.0,0.000120853,0.0,0.0,0.0,0.0,0.0,0.0,0.0,0.0,0.00139693,0.0,0.0,0.0,0.000947984,0.0,0.0,0.0,0.0,0.0,0.0,0.0,0.0,0.0,0.0,0.0,0.0,0.0,0.0,0.0,0.0,0.0,0.0,0.0,0.0,0.0,0.0,0.0,0.0,0.0,0.0,0.0,0.0,0.0,0.0,0.0,0.0,0.0,0.0,0.0,0.0,0.0,0.0,0.0,0.0,0.0,0.0,0.0,0.0,0.0,0.0,0.0,0.0,0.0,0.0,0.0,0.0,0.0,0.0,0.0,0.0,0.0,0.0,0.0,0.0,0.0,0.0,0.0,0.0,0.0,0.0,0.0,0.0,0.0,0.0,0.0,0.0,0.0,0.0,0.0,0.0,0.0,0.0,0.0,0.0,0.0,0.0,0.0,0.0,0.0,0.0,0.0,0.0,0.0,0.0,0.0,0.0,0.0,0.0,0.0,0.0,0.0,0.0,0.0,0.0,0.0,0.0,0.0,0.0,0.0,0.0,0.0,0.0,0.0,0.0,0.0,0.0,0.0,0.0,0.0,0.0,0.0,0.0,0.0,0.0,0.0,0.0,0.0,0.0,0.0,0.0,0.0,0.0,0.0,0.0,0.0,0.0,0.0,0.0,0.0,0.0,0.0,0.0,0.0,0.0,0.0,0.0,0.0,0.0,0.0,0.0,0.0,0.0,0.0,0.0,0.0,0.0,0.0,0.0,0.0,0.0,0.0,0.0,0.0,0.0,0.0,0.0,0.0,0.0,0.0,0.0,0.0,0.0,0.0,0.0,0.0,0.0,0.0,0.0,0.0,0.0,0.0,0.0,0.0,0.0,0.0,0.0,0.0,0.0,0.0,0.0,0.0,0.0,0.0,0.0,0.0,0.0,0.0,0.0,0.0,0.0,0.0,0.0,0.0,0.0,0.0,0.0,0.0,0.0,0.0,0.0,0.0,0.0,0.0
Reef 130,0.0,0.0,0.0,0.0,0.0,0.0,0.0,0.0,0.0,0.0,0.0,0.0,0.0,0.0,0.0,3.61e-06,0.0,4.64e-06,0.0,0.0,4.18e-06,0.0,0.0,0.0,0.0,0.0,6.62e-05,0.0,0.0,0.0,0.0,0.0,0.0,0.0,0.0,0.000184592,0.0,0.0,0.0,7.31e-05,0.0,0.0,0.0,0.0,0.0,0.0,0.0,0.0,0.00315633,0.0,0.0,0.0,0.0,0.0,0.0,0.0,0.0,0.000340648,3.9e-06,0.0,0.0,0.0,0.0,3.51e-05,0.0,0.0,0.0365994,0.0,0.0,0.0,1.72e-05,0.00219596,0.0,0.0,0.0,0.0,0.0,0.0,0.0,0.0,0.000113813,0.00341618,0.0,0.0,0.0,0.0,0.0,0.00199458,0.0,0.0,0.0,0.0,2.36e-05,0.00327122,0.0,0.0,2.58e-05,0.0058316,0.0,0.0,7.48e-06,8.59e-06,0.0,1.51e-05,0.0,0.0,6.18e-06,0.000142817,0.0,0.0,0.0,3.49e-06,0.0,0.0,0.0,0.0,0.000779626,0.0387458,0.0,0.0,0.0,0.001288,0.0,0.0298722,0.0,0.0,0.0,2.94e-05,0.000180769,0.00280602,3.38e-05,0.0314591,0.0,0.0,1.68e-05,0.00050722,1.75e-05,0.0,4.93e-05,0.0,0.000142156,0.0,0.0,0.0,0.0,0.0,0.0,0.000106818,0.0,0.0,0.0,0.0,0.0,5.57e-06,0.0,2.29e-05,4.74e-05,0.0,0.0,0.0,0.00102745,0.0,0.0,0.0,0.0,0.0,0.0,0.000313504,9.53e-05,0.0,3.28e-06,0.000194251,0.000139922,1.28e-05,0.0,0.0,5.71e-05,0.0,0.0,3.66e-06,0.0,0.0,1.18e-05,0.0,0.0,4.34e-05,0.0,0.0,0.0,0.0,2.88e-05,0.0,0.0,0.0,0.0,7.94e-06,0.0,0.0,0.0,0.0,1.57e-05,9.93e-06,0.0,0.0,0.0,0.0,0.0,0.0,0.0,7.52e-05,4.7e-05,0.000227072,0.000180542,3.71e-06,4.76e-05,4.57e-05,0.0,5.25e-06,0.0,0.0,0.0,0.0,0.0,0.0,0.0,0.0,0.0,5.89e-06,0.0,0.0,1.75e-05,0.0,0.0,0.0,0.0,0.0,0.0,0.0,0.0,0.0,5.02e-06,0.0,0.0,0.0,0.0,0.0,0.0,0.0,0.0,0.0,0.0,0.0,0.0,0.0,0.0,0.0,0.0,0.0,0.0,0.0,0.0,0.0,0.0,0.0,0.0,0.0,0.0,0.0,0.0,0.0,0.0,0.0,0.0,0.0,0.0,0.0,0.0,0.0,0.0,0.0,0.0,0.0,0.0,0.0,0.0,0.0,0.0,0.0,0.0,0.0,0.0,0.0,0.0,0.0,0.0,0.0,0.0,0.0,0.0,0.0,0.0,0.0,0.0,0.0,0.0,0.0,0.0,0.0,0.0,0.0,0.0,0.0,0.0,0.0,0.0,0.0,0.0,0.0,0.0,0.0,0.0,0.0,0.0,0.0,0.0,0.0,0.0,0.0,0.0,0.0,0.0,0.0,0.0,0.0,0.0,0.0,0.0,0.0,0.0,0.0,0.0,0.0,0.0,0.0,0.0,0.0,0.0,0.0,0.0,0.0,0.0,0.0,0.0,0.0,0.0,0.0,0.0,0.0,0.0,0.0,0.0,0.0,0.0,0.0,0.0,0.0,0.0,0.0,0.0,0.0,0.0,0.0,0.0,0.0,0.0,0.0,0.0,0.0,0.0,0.0,0.0,0.0,0.0,0.0,0.0,0.0,0.0,0.0,0.0,0.0,0.0,0.0,0.0,0.0,0.0,0.0,0.0,0.0,0.0,0.0,0.0,0.0,0.0,0.0,0.0,0.0,0.0,0.0,0.0,0.0,0.0,0.0,0.0,0.0,0.0,0.0,0.0,0.0,0.0,0.0,0.0,0.0,0.0
Reef 131,0.0,0.0,0.0,0.0,0.0,0.0,0.0,0.0,0.0,0.0,0.0,9.9e-05,0.0,0.0,0.000802905,0.000213268,0.0,0.000667311,0.00129867,2e-05,0.0002857,0.000965206,2.66e-05,0.0,0.0,7.94e-05,0.00423047,0.0,0.0,0.00145725,0.0,0.0,0.0,0.000136379,3.15e-05,0.00149856,3.45e-05,0.0,9.59e-06,0.00107354,8.26e-06,1.27e-05,0.0,2.24e-05,0.0,0.0,0.0,0.0,0.00040294,7.36e-05,0.0,1.16e-05,0.0,0.0,0.0,0.0,0.0,0.0584556,1.52e-05,1.62e-05,3.16e-05,0.0,1.61e-05,7.53e-06,0.000196938,0.0,3.68e-05,0.0,0.0,2.8e-05,0.000386981,0.000591383,0.0,0.0,0.0,0.0,0.0,0.0,7.88e-06,0.0,0.00116195,7.13e-05,2.34e-05,0.0,0.0,0.0,0.0,5.23e-05,0.0,0.000203062,0.0,0.0,2.54e-05,1.09e-05,0.0,0.000486543,2.97e-05,4.84e-05,0.0,0.0,5.75e-05,1.2e-05,0.0,1.11e-05,0.0,9.53e-06,0.000143419,0.0592602,0.0,1.34e-05,1.14e-05,0.00032303,0.0,1.1e-05,2.23e-05,0.0,6.91e-05,0.000113776,0.0,0.0,4.64e-05,0.00196403,0.0,1.94e-05,0.0,0.0,0.0,1.71e-05,0.0,6.37e-05,0.000884848,0.000191422,0.0,0.0,0.000697086,0.000327394,8.19e-05,0.0,0.000171795,0.0,0.000171124,0.0,0.0,0.0,0.0,0.0,0.0,0.00293501,0.0,0.0,0.0,0.0,0.0,1.3e-05,0.0,0.000112123,0.000117228,0.0,0.0,0.0,4.05e-05,0.0,0.0,0.0,0.0,0.0,0.0,3.68e-05,0.0,0.0,1.46e-05,0.0,0.0,0.0,0.0,0.0,0.0,0.0,0.0,4.09e-05,0.0,0.0,3.79e-05,0.0,0.0,0.000177152,0.0,0.0,0.0,0.0,5.48e-05,0.0,0.0,0.0,0.0,0.0,0.0,0.0,0.0,0.0,0.000122322,0.0,0.0,0.0,0.0,0.0,0.0,0.0,0.0,1.22e-05,0.0,0.0,3.94e-05,0.0,0.0,0.0,0.0,0.0,0.0,0.0,0.0,0.0,0.0,0.0,0.0,0.0,0.0,0.0,0.0,0.0,0.0,0.0,0.0,0.0,0.0,0.0,0.0,0.0,0.0,0.0,0.0,0.0,0.0,0.0,0.0,0.0,0.0,0.0,0.0,0.0,0.0,0.0,0.0,0.0,0.0,0.0,0.0,0.0,0.0,0.0,0.0,0.0,0.0,0.0,0.0,0.0,0.0,0.0,0.0,0.0,0.0,0.0,0.0,0.0,0.0,0.0,0.0,0.0,0.0,0.0,0.0,0.0,0.0,0.0,0.0,0.0,0.0,0.0,0.0,0.0,0.0,0.0,0.0,0.0,0.0,0.0,0.0,0.0,0.0,0.0,0.0,0.0,0.0,0.0,0.0,0.0,0.0,0.0,0.0,0.0,0.0,0.0,0.0,0.0,0.0,0.0,0.0,0.0,0.0,0.0,0.0,0.0,0.0,0.0,0.0,0.0,0.0,0.0,0.0,0.0,0.0,0.0,0.0,0.0,0.0,0.0,0.0,0.0,0.0,0.0,0.0,0.0,0.0,0.0,0.0,0.0,0.0,0.0,0.0,0.0,0.0,0.0,0.0,0.0,0.0,0.0,0.0,0.0,0.0,0.0,0.0,0.0,0.0,0.0,0.0,0.0,0.0,0.0,0.0,0.0,0.0,0.0,0.0,0.0,0.0,0.0,0.0,0.0,0.0,0.0,0.0,0.0,0.0,0.0,0.0,0.0,0.0,0.0,0.0,0.0,0.0,0.0,0.0,0.0,0.0,0.0,0.0,0.0,0.0,0.0,0.0,0.0,0.0,0.0,0.0,0.0,0.0,0.0,0.0,0.0,0.0,0.0,0.0,0.0,0.0,0.0,0.0,0.0,0.0,0.0,0.0,0.0,0.0
Reef 132,0.0,0.0,0.0,0.0,0.0,0.0,0.0,0.0,0.0,0.0,0.0,9.72e-07,0.0,0.0,4.36e-06,9.38e-07,0.0,0.000258387,1.77e-06,0.0,0.000124584,9.5e-05,1.73e-06,0.0,0.0,2.1e-06,0.00183698,0.0,0.0,1.01e-06,0.0,0.0,0.0,9.84e-06,2.17e-05,0.00452291,0.0,0.0,4.42e-06,0.00202719,0.0,4e-06,0.0,9.97e-06,0.0,0.0,0.0,0.0,0.0155343,0.0,0.0,4.41e-06,0.0,0.0,0.0,0.0,0.0,0.00660963,8.39e-05,9.95e-06,0.0,0.0,8.55e-06,1.56e-05,0.0,0.0,0.0183184,0.0,0.0,0.0,0.000139791,0.00937005,0.0,0.0,0.0,0.0,0.0,0.0,0.0,0.0,0.000693262,0.000196164,0.0,0.0,0.0,0.0,0.0,0.00188815,0.0,1.04e-06,0.0,0.0,3.69e-05,0.0074046,0.0,1.48e-06,6.25e-05,0.0142938,0.0,0.0,1.99e-05,2.33e-05,0.0,1.72e-05,3.66e-06,0.0,1.98e-06,0.00222561,0.0,0.0,1.02e-06,3.2e-05,0.0,1.82e-06,4.2e-06,0.0,0.000420454,0.000953685,0.0,0.0,2.48e-06,0.00217172,0.0,0.033494,0.0,0.0,0.0,3.66e-06,9.36e-06,1.24e-05,0.000119065,0.0492979,0.0,0.0,2.44e-06,1.93e-05,0.00121764,0.0,0.000109973,0.0,2.06e-06,0.0,0.0,0.0,0.0,0.0,0.0,5.87e-05,0.0,0.0,0.0,0.0,0.0,2.79e-06,0.0,1.2e-06,1.2e-06,0.0,0.0,0.0,0.000350866,0.0,0.0,0.0,0.0,0.0,0.0,0.000105626,2.37e-05,0.0,8.25e-06,5.34e-05,4.38e-05,2.95e-06,0.0,0.0,1.19e-05,0.0,0.0,2.87e-06,0.0,0.0,5.85e-06,0.0,0.0,0.000232284,0.0,0.0,0.0,0.0,1.58e-06,0.0,0.0,0.0,0.0,0.0,0.0,0.0,0.0,0.0,0.00010505,0.0,4.45e-06,0.0,0.0,0.0,0.0,0.0,0.0,8.52e-06,2.01e-06,9.58e-06,1.02e-05,0.00051384,2.06e-06,1.98e-06,0.0,0.0,0.0,1.46e-05,0.0,0.0,0.0,0.0,1.38e-05,0.0,0.0,1.09e-06,0.0,0.0,4.17e-06,0.0,0.0,0.0,0.0,0.0,0.0,0.0,0.0,0.0,0.0,0.0,0.0,0.0,0.0,0.0,0.0,0.0,0.0,0.0,0.0,0.0,0.0,0.0,0.0,0.0,0.0,0.0,0.0,0.0,0.0,0.0,0.0,0.0,0.0,0.0,0.0,0.0,0.0,0.0,0.0,0.0,0.0,0.0,0.0,0.0,0.0,0.0,0.0,0.0,0.0,0.0,0.0,0.0,0.0,0.0,0.0,0.0,0.0,0.0,0.0,0.0,0.0,0.0,0.0,0.0,0.0,0.0,0.0,0.0,0.0,0.0,0.0,0.0,0.0,0.0,0.0,0.0,0.0,0.0,0.0,0.0,0.0,0.0,0.0,0.0,0.0,0.0,0.0,0.0,0.0,0.0,0.0,0.0,0.0,0.0,0.0,0.0,0.0,0.0,0.0,0.0,0.0,0.0,0.0,0.0,0.0,0.0,0.0,0.0,0.0,0.0,0.0,0.0,0.0,0.0,0.0,0.0,0.0,0.0,0.0,0.0,0.0,0.0,0.0,0.0,0.0,0.0,0.0,0.0,0.0,0.0,0.0,0.0,0.0,0.0,0.0,0.0,0.0,0.0,0.0,0.0,0.0,0.0,0.0,0.0,0.0,0.0,0.0,0.0,0.0,0.0,0.0,0.0,0.0,0.0,0.0,0.0,0.0,0.0,0.0,0.0,0.0,0.0,0.0,0.0,0.0,0.0,0.0,0.0,0.0,0.0,0.0,0.0,0.0,0.0,0.0,0.0,0.0,0.0,0.0,0.0,0.0,0.0,0.0,0.0,0.0,0.0,0.0,0.0,0.0,0.0,0.0
Reef 133,0.0,0.0,3.2e-06,8.54e-06,1.06e-05,9.08e-06,0.0,0.0,0.0,0.0,0.0,0.0,0.0,0.0,0.0,0.0,0.0,0.0,0.0,0.0,0.0,0.0,0.0,0.0,0.0,0.0,0.0,0.0,0.0,0.0,0.0,0.0,0.0,0.0,0.0,0.0,0.0,0.0,0.0,0.0,0.0,0.0,0.0,0.0,0.0,0.0,0.0,0.0,0.0,0.0,0.0,0.0,0.0,0.0,0.0,0.0,0.0,0.0,0.0,0.0,0.0,0.0,0.0,0.0,0.0,0.0,0.0,0.0,0.0,0.0,0.0,0.0,0.0,0.0,0.0,0.0,0.0,0.0,0.0,0.0,0.0,0.0,0.0,0.0,0.0,0.0,0.0,0.0,0.0,0.0,0.0,0.0,0.0,0.0,0.0,0.0,0.0,0.0,2.84e-07,0.0,0.0,0.0,0.0,0.0,0.0,0.0,0.0,0.0,0.0,0.0,0.0,0.0,0.0,0.0,0.0,0.0,0.0,0.0,0.0,0.0,0.0,0.0,0.0,0.0,0.0,0.0,0.0,0.0,0.0,0.0,0.0,0.0,0.236048,0.0,0.0,0.0,0.0,1.61e-05,0.0,4.3e-06,0.0,4.15e-07,0.0,0.0,5.64e-05,0.0,0.0,0.0,5.11e-07,0.0,3.92e-07,0.0,0.0,0.0,0.0,0.0,0.0,0.0,0.0,0.0,0.0,0.0,0.0,0.000176882,0.000327831,0.0,0.0,0.0,0.0,4.97e-05,0.0,0.0,0.0,0.0,0.00476497,0.0,0.0,0.0,0.0,0.0,0.0,0.0,0.0,0.000366427,0.00201022,0.0,0.0,0.0,0.0,0.0,0.0,2.73e-05,0.0,0.0,0.0,0.0,0.0,0.0107941,0.0,0.00270807,0.0,0.0,0.0,0.0,0.0,0.0,0.0,0.000947428,0.0,0.0,0.0,0.0,0.0,0.0,0.0,0.0,0.0,0.0,0.0,0.0,0.0,0.0,0.0,0.0,0.0,0.0,0.0,0.0,0.0,0.0,0.0,0.0,0.0,0.0,0.0,0.0,0.0,0.0,0.0,0.0,0.0,0.0,0.0,0.0,0.0,0.0,0.0,0.0,0.0,0.0,0.0,0.0,0.0,0.0,0.0,0.0,0.0,0.0,0.0,0.0,0.0,0.0,0.0,0.0,0.0,0.0,0.0,0.0,0.0,0.0,0.0,0.0,0.0,0.0,0.0,0.0,0.0,0.0,0.0,0.0,0.0,0.0,0.0,0.0,0.0,0.0,0.0,0.0,0.0,0.0,0.0,0.0,0.0,0.0,0.0,0.0,0.0,0.0,0.0,0.0,0.0,0.0,0.0,0.0,0.0,0.0,0.0,0.0,0.0,0.0,0.0,0.0,0.0,0.0,0.0,0.0,0.0,0.0,0.0,0.0,0.0,0.0,0.0,0.0,0.0,0.0,0.0,0.0,0.0,0.0,0.0,0.0,0.0,0.0,0.0,0.0,0.0,0.0,0.0,0.0,0.0,0.0,0.0,0.0,0.0,0.0,0.0,0.0,0.0,0.0,0.0,0.0,0.0,0.0,0.0,0.0,0.0,0.0,0.0,0.0,0.0,0.0,0.0,0.0,0.0,0.0,0.0,0.0,0.0,0.0,0.0,0.0,0.0,0.0,0.0,0.0,0.0,0.0,0.0,0.0,0.0,0.0,0.0,0.0,0.0,0.0,0.0,0.0,0.0,0.0,0.0,0.0,0.0,0.0,0.0,0.0,0.0,0.0,0.0,0.0,0.0,0.0,0.0,0.0,0.0,0.0,0.0,0.0,0.0,0.0,0.0,0.0,0.0,0.0,0.0,0.0,0.0,0.0,0.0,0.0,0.0,0.0,0.0
Reef 134,0.0,0.0,0.0,0.0,0.0,0.0,0.0,0.0,0.0,0.0,0.0,0.0,0.0,0.0,0.0,0.0,0.0,0.0,0.0,0.0,0.0,0.0,0.0,0.0,0.0,0.0,0.0,0.0,0.0,0.0,0.0,0.0,0.0,0.0,0.0,0.0,0.0,0.0,0.0,0.0,0.0,0.0,0.0,0.0,0.0,0.0,0.0,0.0,0.0,0.0,0.0,0.0,0.0,0.0,0.0,0.0,0.0,0.0,0.0,0.0,0.0,0.0,0.0,0.0,0.0,0.0,0.0,0.0,0.0,0.0,0.0,0.0,0.0,0.0,0.0,0.0,0.0,0.0,0.0,0.0,0.0,0.0,0.0,0.0,0.0,0.0,0.0,0.0,0.0,0.0,0.0,0.0,0.0,0.0,0.0,0.0,0.0,0.0,0.000242412,0.0,0.0,0.0,0.0,0.0,0.0,0.0,0.0,0.0,0.0,0.0,0.0,0.0,0.0,0.0,0.0,0.0,0.0,0.0,0.0,0.0,0.0,0.0,0.0,0.0,0.000102779,0.0,0.0,0.0,0.0,0.0,0.0,0.0,0.132837,0.000159498,0.0,0.0,0.0,0.00136138,0.0,0.000393491,0.0,0.000206895,0.000317557,0.0,0.000260589,0.000379375,0.0,0.0,0.0,0.0,0.0,0.0,0.0,0.0,0.0,0.0,0.0,0.0,0.0,0.0,0.0,0.0,0.0,0.000160526,0.00122239,0.0,0.0,0.0,0.0,0.00360356,0.0,0.0,0.0,0.0,0.000200241,0.0,0.0,0.0,0.0,0.0,0.0,0.0,0.0,0.0,0.000113971,0.0,0.0,0.0,0.0,0.0,0.0,0.000326873,0.0,0.0,0.0,0.0,0.0,0.00528568,0.0,0.000624329,0.0,0.0,0.0,0.0,0.0,0.0,0.0,0.00174472,0.0,0.0,0.0,0.0,0.0,0.0,0.0,0.0,0.0,0.0,0.0,0.0,0.0,0.0,0.0,0.0,0.0,0.0,0.0,0.0,0.0,0.0,0.0,0.0,0.0,0.0,0.0,0.0,0.0,0.0,0.0,0.0,0.0,0.0,0.0,0.0,0.0,0.0,0.0,0.0,0.0,0.0,0.0,0.0,0.0,0.0,0.0,0.0,0.0,0.0,0.0,0.0,0.0,0.0,0.0,0.0,0.0,0.0,0.0,0.0,0.0,0.0,0.0,0.0,0.0,0.0,0.0,0.0,0.0,0.0,0.0,0.0,0.0,0.0,0.0,0.0,0.0,0.0,0.0,0.0,0.0,0.0,0.0,0.0,0.0,0.0,0.0,0.0,0.0,0.0,0.0,0.0,0.0,0.0,0.0,0.0,0.0,0.0,0.0,0.0,0.0,0.0,0.0,0.0,0.0,0.0,0.0,0.0,0.0,0.0,0.0,0.0,0.0,0.0,0.0,0.0,0.0,0.0,0.0,0.0,0.0,0.0,0.0,0.0,0.0,0.0,0.0,0.0,0.0,0.0,0.0,0.0,0.0,0.0,0.0,0.0,0.0,0.0,0.0,0.0,0.0,0.0,0.0,0.0,0.0,0.0,0.0,0.0,0.0,0.0,0.0,0.0,0.0,0.0,0.0,0.0,0.0,0.0,0.0,0.0,0.0,0.0,0.0,0.0,0.0,0.0,0.0,0.0,0.0,0.0,0.0,0.0,0.0,0.0,0.0,0.0,0.0,0.0,0.0,0.0,0.0,0.0,0.0,0.0,0.0,0.0,0.0,0.0,0.0,0.0,0.0,0.0,0.0,0.0,0.0,0.0,0.0,0.0,0.0,0.0,0.0,0.0,0.0,0.0,0.0,0.0,0.0,0.0,0.0,0.0,0.0,0.0,0.0,0.0,0.0
Reef 135,0.0,0.0,0.0,0.0,0.0,0.0,0.0,2.41e-06,0.0,0.0,0.0,4.82e-07,0.0,0.00176163,5.28e-06,8.21e-05,2.94e-06,7e-06,7.86e-06,8.16e-07,2.87e-06,4.76e-06,1.85e-06,0.00207572,0.0,7.81e-06,5.67e-05,8.82e-07,4.3e-07,0.000952646,2.25e-06,0.0,5.73e-07,1.8e-05,1.37e-05,8.5e-06,2.08e-05,0.00297898,3.11e-06,1.3e-06,7.1e-07,3.91e-06,1.18e-05,7.28e-06,5.33e-05,1.45e-05,1.8e-05,0.000264672,5.27e-07,3.96e-05,0.0,2.7e-06,2.38e-05,1.29e-05,0.000333021,1.84e-06,0.0,0.000782863,2.69e-05,1.38e-06,2.59e-05,1.34e-06,1.39e-06,4.24e-07,6.36e-05,2.56e-06,0.000216535,1.91e-06,4.33e-07,1.13e-05,6.03e-07,9.48e-07,2.06e-06,1.23e-06,0.0,0.000380095,0.000163361,9.33e-07,3.28e-06,8.69e-07,8.74e-07,0.000573382,7.49e-06,5.17e-07,1.38e-06,1.39e-06,1.17e-06,1.27e-05,1.21e-06,0.000118722,0.000965726,4.19e-07,2.29e-06,3.35e-05,3.89e-06,0.0412935,8.18e-06,0.000672967,0.0,3.38e-06,2.43e-06,4.97e-07,4.33e-07,5.75e-07,0.0,6.03e-06,0.000115733,0.00149525,0.00120953,2.8e-06,2.57e-06,5.39e-05,0.00589477,0.000205247,5.72e-05,8.24e-07,4.92e-05,0.000968794,0.000471714,0.00115737,5.55e-06,0.000324573,0.000732332,0.00184312,0.0,0.000685658,2.69e-05,7.12e-06,4.12e-05,0.000641712,6.74e-05,0.00169401,0.0,0.0,0.0321247,0.00222185,0.00102119,0.0,0.000789686,0.0,0.00144033,0.0,0.0,0.0,0.0,0.0,0.0,0.00254998,0.0,0.0,0.0,0.0,0.0,4.87e-06,0.0,0.0127717,0.00114075,0.0,0.0,0.0,0.00107352,0.0,0.0,0.0,0.0,0.0,0.0,0.000710276,4.71e-06,0.0,0.00702425,0.000100039,1.37e-05,1.45e-06,0.0,0.0,4.67e-06,0.0,0.0,0.00134445,0.0,0.0,0.000821082,0.0,0.0,0.00189111,0.0,0.0,0.0,0.0,0.000972315,0.0,0.0,0.0,0.0,9.47e-07,0.0,0.0,0.0,0.0,0.0010926,1.11e-06,2.97e-06,0.0,0.0,0.0,0.0,0.0,0.0,9.91e-05,5.74e-06,3.43e-05,0.00119836,3.14e-06,5.64e-06,5.53e-06,0.0,0.0,0.0,0.0,0.0,0.0,7.36e-07,0.0,2.41e-06,0.0,0.0,1.12e-05,0.0,0.0,4.33e-05,0.0,0.0,7.74e-07,0.0,0.0,0.0,0.0,0.0,0.0,7.09e-07,1.49e-06,0.0,0.0,0.0,0.0,0.0,0.0,0.0,0.0,0.0,0.0,0.0,0.0,0.0,0.0,0.0,0.0,0.0,0.0,0.0,0.0,0.0,0.0,0.0,0.0,0.0,0.0,0.0,0.0,0.0,0.0,0.0,0.0,0.0,0.0,0.0,0.0,0.0,0.0,0.0,0.0,0.0,0.0,0.0,0.0,0.0,0.0,0.0,0.0,0.0,0.0,0.0,0.0,0.0,0.0,0.0,0.0,0.0,0.0,0.0,0.0,0.0,0.0,0.0,0.0,0.0,0.0,0.0,0.0,0.0,0.0,0.0,0.0,0.0,0.0,0.0,0.0,0.0,0.0,0.0,0.0,0.0,0.0,0.0,0.0,0.0,0.0,0.0,0.0,0.0,0.0,0.0,0.0,0.0,0.0,0.0,0.0,0.0,0.0,0.0,0.0,0.0,0.0,0.0,0.0,0.0,0.0,0.0,0.0,0.0,0.0,0.0,0.0,0.0,0.0,0.0,0.0,0.0,0.0,0.0,0.0,0.0,0.0,0.0,0.0,0.0,0.0,0.0,0.0,0.0,0.0,0.0,0.0,0.0,0.0,0.0,0.0,0.0,0.0,0.0,0.0,0.0,0.0,0.0,0.0,0.0,0.0,0.0,0.0,0.0,0.0,0.0,0.0,0.0,0.0,0.0,0.0,0.0,0.0,0.0,0.0,0.0,0.0,0.0,0.0,0.0,0.0,0.0,0.0,0.0,0.0,0.0,0.0,0.0,0.0,0.0,0.0,0.0,0.0,0.0,0.0,0.0
Reef 136,0.0,0.0,0.0,0.0,0.0,0.0,0.0,0.0,0.0,0.0,0.0,5.74e-05,0.0,1.02e-05,0.000967854,1.98e-05,0.0,0.000129386,0.000655043,6.81e-06,5.97e-05,0.000336336,7.59e-06,9.2e-06,0.0,5.82e-05,0.0011915,3.51e-06,0.0,0.00365911,9.99e-06,5.35e-06,0.0,0.000146019,1.06e-05,0.000330451,7.72e-05,7.37e-06,0.0,0.00012738,1.6e-05,0.0,0.0,3.63e-06,0.0,0.0,0.0,0.0,4.91e-05,0.000159268,0.0,0.0,0.0,0.0,0.0,5.04e-06,0.0,0.0502988,4.78e-06,0.0,5.99e-05,4.78e-06,0.0,0.0,0.000272719,9.25e-06,4.45e-06,6.76e-06,0.0,3.93e-05,0.000135551,7.61e-05,7e-06,4.17e-06,0.0,1.06e-05,1.69e-05,0.0,1.19e-05,0.0,0.000265808,0.0016286,2.69e-05,0.0,0.0,4.68e-06,6.65e-06,0.000195469,0.0,0.000355313,2.52e-05,4.94e-06,5.54e-06,0.00038599,0.0,0.00360221,4.31e-06,1.05e-05,0.0,7.82e-06,6.61e-06,5.31e-06,0.0,7.02e-06,0.0,8.78e-06,0.000630693,0.037756,3.13e-05,7.9e-06,5.15e-06,0.000894219,5.53e-05,4.67e-05,1.68e-05,0.0,0.000636982,0.00332669,0.0,3.46e-05,2.29e-05,4.31e-06,3.58e-05,0.0197925,0.0,0.000168646,0.0,2.24e-05,3.18e-05,0.00084151,0.000290013,0.00166911,0.0,0.0,0.00862167,0.0042401,0.00131799,0.0,0.000196168,0.0,0.00103853,0.0,0.0,0.0,0.0,0.0,0.0,0.00686869,0.0,0.0,0.0,0.0,0.0,7.36e-06,0.0,0.00558412,0.00080011,0.0,0.0,0.0,0.000303528,0.0,0.0,0.0,0.0,0.0,0.0,0.000353401,2.06e-05,0.0,0.0096884,4.7e-05,2.89e-05,0.0,0.0,0.0,1.39e-05,0.0,0.0,0.00109245,0.0,0.0,5.56e-05,0.0,0.0,0.00329096,0.0,0.0,0.0,0.0,0.00214227,0.0,0.0,0.0,0.0,2.28e-05,0.0,0.0,0.0,0.0,0.00354735,2.98e-05,1.16e-05,3.77e-06,0.0,0.0,0.0,0.0,0.0,0.000396176,0.00013998,4.66e-05,0.00154641,0.0,0.000154743,0.000152283,0.0,0.0,0.0,0.0,0.0,0.0,0.0,0.0,3.48e-06,0.0,0.0,7.37e-06,0.0,0.0,2.38e-05,0.0,0.0,0.0,0.0,0.0,0.0,0.0,0.0,4.62e-06,1.49e-05,5.74e-06,0.0,0.0,0.0,0.0,2.26e-05,4.76e-05,0.0,0.0,0.0,0.0,0.0,0.0,0.0,0.0,0.0,0.0,0.0,4.05e-06,0.0,0.0,0.0,0.0,0.0,0.0,0.0,0.0,0.0,5.53e-06,0.0,0.0,2.83e-05,0.0,0.0,0.0,5.83e-06,0.0,0.0,0.0,0.0,0.0,0.0,0.0,0.0,0.0,0.0,0.0,0.0,5.81e-05,0.0,0.0,0.0,0.0,0.0,0.0,0.0,0.0,0.0,0.0,0.0,0.0,0.0,0.0,0.0,0.0,0.0,0.0,0.0,0.0,0.0,0.0,0.0,0.0,0.0,0.0,0.0,0.0,0.0,0.0,0.0,0.0,0.0,0.0,0.0,0.0,0.0,0.0,0.0,0.0,0.0,0.0,0.0,0.0,0.0,0.0,0.0,0.0,0.0,0.0,0.0,0.0,0.0,0.0,0.0,0.0,0.0,0.0,0.0,0.0,0.0,0.0,0.0,0.0,0.0,0.0,0.0,0.0,0.0,0.0,0.0,0.0,0.0,0.0,0.0,0.0,0.0,0.0,0.0,0.0,0.0,0.0,0.0,0.0,0.0,0.0,0.0,0.0,0.0,0.0,0.0,0.0,0.0,0.0,0.0,0.0,0.0,0.0,0.0,0.0,0.0,0.0,0.0,0.0,0.0,0.0,0.0,0.0,0.0,0.0,0.0,0.0,0.0,0.0,0.0,0.0,0.0,0.0,0.0,0.0,0.0,0.0,0.0,0.0,0.0,0.0,0.0,0.0,0.0,0.0,0.0,0.0,0.0
Reef 137,0.000162545,0.0,0.0,0.0,0.0,0.0,0.0,0.0,0.0,0.0,0.0,0.0,0.0,0.0,0.0,6.67e-06,0.0,0.0,0.0,0.0,0.000169544,2.19e-06,0.0,0.0,0.0,0.0,7.25e-06,0.0,0.0,0.0,0.0,0.0,0.0,0.0,0.0,1.35e-05,0.0,0.0,0.0,3.39e-06,0.0,0.0,0.0,0.0,0.0,0.0,0.0,0.0,0.000432369,0.0,0.0,0.0,0.0,0.0,0.0,0.0,0.0,7.66e-05,0.0,0.0,0.0,0.0,0.0,1.12e-05,0.0,0.0,0.0124124,0.0,0.0,0.0,4.53e-06,0.00052197,0.0,0.0,0.0,0.0,0.0,0.0,0.0,0.0,2.59e-05,0.00489873,0.0,0.0,0.0,0.0,0.0,0.00168581,0.0,0.0,0.0,0.0,1.21e-05,0.00294986,0.0,0.0,1.05e-05,0.00423933,0.0,0.0,2.99e-06,3.36e-06,0.0,5.83e-06,1.03e-06,0.0,2.3e-05,5.41e-05,0.0,0.0,0.0,2.3e-06,0.0,2.49e-06,7.29e-06,0.0,0.000693973,0.0132425,0.0,0.0,2.68e-06,0.00128013,0.0,0.0192093,0.0,0.0,0.0,2.17e-06,0.000305335,0.0113908,9.22e-05,0.0505139,0.0,0.0,6.09e-05,1.72e-05,0.0176949,0.0,0.000124655,0.0,0.00175951,0.0,0.0,0.0,0.0,0.0,0.0,0.000441373,0.0,0.0,0.0,0.0,0.0,8.56e-06,0.0,3.77e-06,1.57e-05,0.0,0.0,0.0,0.000727269,0.0,0.0,0.0,0.0,0.0,0.0,1.05e-05,0.000158997,0.0,1.86e-05,0.000184966,0.000396613,1.76e-05,0.0,0.0,9.83e-05,0.0,0.0,2.13e-05,0.0,0.0,7.46e-05,0.0,0.0,2.32e-06,0.0,0.0,0.0,0.0,9.81e-07,0.0,0.0,0.0,0.0,2.11e-06,0.0,0.0,0.0,0.0,9.98e-06,2.6e-06,4.81e-06,0.0,0.0,0.0,0.0,0.0,0.0,0.00029907,1.25e-05,6.9e-05,4.99e-05,1.44e-05,1.26e-05,1.2e-05,6.99e-06,2.08e-05,0.0,4.9e-06,4.27e-06,0.0,6.86e-06,0.0,0.0,0.0,0.0,1.78e-05,0.0,0.0,3.81e-05,0.0,0.0,1.24e-06,0.0,0.0,0.0,0.0,0.0,0.0,1.38e-06,0.0,0.0,0.0,0.0,0.0,0.0,0.0,0.0,0.0,0.0,0.0,0.0,0.0,0.0,0.0,0.0,0.0,0.0,0.0,0.0,0.0,0.0,0.0,0.0,0.0,0.0,1.62e-06,0.0,0.0,0.0,0.0,0.0,0.0,0.0,0.0,0.0,0.0,0.0,0.0,0.0,0.0,0.0,0.0,0.0,0.0,0.0,0.0,0.0,0.0,0.0,0.0,0.0,0.0,0.0,0.0,0.0,0.0,0.0,0.0,0.0,0.0,0.0,0.0,0.0,0.0,0.0,0.0,0.0,0.0,0.0,0.0,0.0,0.0,0.0,0.0,0.0,0.0,0.0,0.0,0.0,0.0,0.0,0.0,0.0,0.0,0.0,0.0,0.0,0.0,0.0,0.0,0.0,0.0,0.0,0.0,0.0,0.0,0.0,0.0,0.0,0.0,0.0,0.0,0.0,0.0,0.0,0.0,0.0,0.0,0.0,0.0,0.0,0.0,0.0,0.0,0.0,0.0,0.0,0.0,0.0,0.0,0.0,0.0,0.0,0.0,0.0,0.0,0.0,0.0,0.0,0.0,0.0,0.0,0.0,0.0,0.0,0.0,0.0,0.0,0.0,0.0,0.0,0.0,0.0,0.0,0.0,0.0,0.0,0.0,0.0,0.0,0.0,0.0,0.0,0.0,0.0,0.0,0.0,0.0,0.0,0.0,0.0,0.0,0.0,0.0,0.0,0.0,0.0,0.0,0.0,0.0,0.0,0.0,0.0,0.0,0.0,0.0,0.0,0.0,0.0,0.0,0.0
Reef 138,0.0,0.0,0.0,7.25e-05,0.000118772,4.37e-05,0.0,0.0,0.0,0.0,0.0,0.0,0.0,0.0,0.0,0.0,0.0,0.0,0.0,0.0,0.0,0.0,0.0,0.0,0.0,0.0,0.0,0.0,0.0,0.0,0.0,0.0,0.0,0.0,0.0,0.0,0.0,0.0,0.0,0.0,0.0,0.0,0.0,0.0,0.0,0.0,0.0,0.0,0.0,0.0,0.0,0.0,0.0,0.0,0.0,0.0,0.0,0.0,0.0,0.0,0.0,0.0,0.0,0.0,0.0,0.0,0.0,0.0,0.0,0.0,0.0,0.0,0.0,0.0,0.0,0.0,0.0,0.0,0.0,0.0,0.0,0.0,0.0,0.0,0.0,0.0,0.0,0.0,0.0,0.0,0.0,0.0,0.0,0.0,0.0,0.0,0.0,0.0,0.0,0.0,0.0,0.0,0.0,0.0,0.0,0.0,0.0,0.0,0.0,0.0,0.0,0.0,0.0,0.0,0.0,0.0,0.0,0.0,0.0,0.0,0.0,0.0,0.0,0.0,0.0,0.0,0.0,0.0,0.0,0.0,0.0,0.0,0.000512401,0.0,0.0,0.0,0.0,0.0187678,0.0,0.00185061,0.0,0.0,0.0,0.0,0.0,0.0,0.0,0.0,0.000109965,0.0,7.31e-05,0.0,0.0,0.0,0.0,0.0,0.0,0.0,0.0,0.0,0.0,0.0,0.0,0.0,0.0,0.0,0.0,0.0,0.0,0.0,0.0,0.0,0.0,0.0,0.00229246,0.0,0.0,0.0,0.0,0.0,0.0,0.0,0.0,0.00170832,0.00546665,0.0,0.0,0.0,0.0,0.0,0.0,0.0,0.0,0.0,0.0,0.0,0.0,0.000295417,0.0,0.00145821,0.0,0.0,0.0,0.0,0.0,0.0,0.0,5.56e-05,0.0,0.0,0.0,0.0,0.0,0.0,0.0,0.0,0.0,0.0,0.0,0.0,0.0,0.0,0.0,0.0,0.0,0.0,0.0,0.0,0.0,0.0,0.0,0.0,0.0,0.0,0.0,0.0,0.0,0.0,0.0,0.0,0.0,0.0,0.0,0.0,0.0,0.0,0.0,0.0,0.0,0.0,0.0,0.0,0.0,0.0,0.0,0.0,0.0,0.0,0.0,0.0,0.0,0.0,0.0,0.0,0.0,0.0,0.0,0.0,0.0,0.0,0.0,0.0,0.0,0.0,0.0,0.0,0.0,0.0,0.0,0.0,0.0,0.0,0.0,0.0,0.0,0.0,0.0,0.0,0.0,0.0,0.0,0.0,0.0,0.0,0.0,0.0,0.0,0.0,0.0,0.0,0.0,0.0,0.0,0.0,0.0,0.0,0.0,0.0,0.0,0.0,0.0,0.0,0.0,0.0,0.0,0.0,0.0,0.0,0.0,0.0,0.0,0.0,0.0,0.0,0.0,0.0,0.0,0.0,0.0,0.0,0.0,0.0,0.0,0.0,0.0,0.0,0.0,0.0,0.0,0.0,0.0,0.0,0.0,0.0,0.0,0.0,0.0,0.0,0.0,0.0,0.0,0.0,0.0,0.0,0.0,0.0,0.0,0.0,0.0,0.0,0.0,0.0,0.0,0.0,0.0,0.0,0.0,0.0,0.0,0.0,0.0,0.0,0.0,0.0,0.0,0.0,0.0,0.0,0.0,0.0,0.0,0.0,0.0,0.0,0.0,0.0,0.0,0.0,0.0,0.0,0.0,0.0,0.0,0.0,0.0,0.0,0.0,0.0,0.0,0.0,0.0,0.0,0.0,0.0,0.0,0.0,0.0,0.0,0.0,0.0,0.0,0.0,0.0,0.0,0.0,0.0,0.0,0.0,0.0,0.0,0.0,0.0,0.0
Reef 139,0.0,0.0,0.0,0.0,0.0,0.0,0.0,2.26e-06,0.0,0.0,0.0,3.96e-05,0.0,2.61e-06,0.000356292,0.000156249,2.35e-06,0.000281356,0.000513638,8.33e-06,0.000118716,0.000384376,1.07e-05,2.15e-06,0.0,6.45e-05,0.00209969,3.09e-06,2.91e-06,0.003023,1.05e-05,0.0,4e-06,0.000122112,1.66e-05,0.000369364,7.56e-05,1.66e-06,4.08e-06,0.000169853,2.45e-06,5.32e-06,0.0,9.5e-06,0.0,0.0,0.0,0.0,6.36e-05,0.000153307,0.0,4.26e-06,0.0,0.0,0.0,5.35e-06,2.51e-06,0.0338014,2.32e-06,3.62e-06,7.28e-05,1.02e-05,3.73e-06,5.37e-06,0.000406336,1.99e-05,5.73e-06,1.09e-05,3.04e-06,8.17e-05,0.000108929,9.51e-05,1.31e-05,8.86e-06,1.98e-06,4.98e-06,1.42e-05,6.67e-06,2.42e-05,6.42e-06,0.000223369,0.00108823,5.54e-05,3.41e-06,2.62e-06,2.71e-06,1.05e-05,7.94e-05,2.45e-06,0.000478795,1.84e-05,4.94e-06,4.71e-06,0.000134614,2.48e-06,0.00345547,2.19e-05,2.81e-06,0.0,5.23e-06,7.27e-06,2.28e-05,2.28e-06,1.93e-05,0.0,2.04e-06,0.000257193,0.0483301,1.02e-05,6.3e-06,4.67e-06,0.001029,2.47e-05,1.9e-05,9.81e-06,3.71e-06,0.000307798,0.00186885,0.0,1.01e-05,3.2e-05,4.01e-05,1.73e-05,0.00945992,0.0,0.000114662,0.0,0.000224463,5.58e-05,0.000778991,1.4e-05,0.00218898,0.0,0.0,0.0114404,0.00557454,0.000954211,0.0,0.0033619,0.0,0.00143402,0.0,0.0,0.0,0.0,0.0,0.0,0.00610687,0.0,0.0,0.0,0.0,0.0,9.65e-06,0.0,0.00431692,0.000871432,0.0,0.0,0.0,0.000286497,0.0,0.0,0.0,0.0,0.0,0.0,0.000249706,8.34e-06,0.0,0.00316377,3.9e-05,1.58e-05,0.0,0.0,0.0,6.43e-06,0.0,0.0,0.000216318,0.0,0.0,5.77e-06,0.0,0.0,0.0016883,0.0,0.0,0.0,0.0,0.000603452,0.0,0.0,0.0,0.0,5.18e-06,0.0,0.0,0.0,0.0,0.00148984,6.86e-06,5e-06,0.0,0.0,0.0,0.0,0.0,0.0,0.000174084,3.19e-05,0.000207817,3.96e-05,0.0,3.59e-05,3.54e-05,0.0,0.0,0.0,0.0,0.0,0.0,0.0,0.0,0.0,0.0,0.0,5.99e-06,0.0,0.0,2.15e-05,0.0,0.0,0.0,0.0,0.0,0.0,0.0,0.0,9.61e-06,3.39e-06,0.0,0.0,0.0,0.0,0.0,6.59e-06,9.13e-06,0.0,0.0,0.0,0.0,0.0,0.0,0.0,0.0,0.0,0.0,0.0,4.17e-06,0.0,0.0,0.0,0.0,0.0,0.0,0.0,0.0,0.0,0.0,0.0,0.0,7.39e-06,0.0,0.0,0.0,1.76e-06,0.0,0.0,0.0,0.0,0.0,0.0,0.0,0.0,0.0,0.0,0.0,0.0,1.1e-05,0.0,0.0,0.0,0.0,0.0,0.0,0.0,0.0,0.0,0.0,0.0,0.0,0.0,0.0,0.0,0.0,0.0,0.0,0.0,0.0,0.0,0.0,0.0,0.0,0.0,0.0,0.0,0.0,0.0,0.0,0.0,0.0,0.0,0.0,0.0,0.0,0.0,0.0,0.0,0.0,0.0,0.0,0.0,0.0,0.0,0.0,0.0,0.0,0.0,0.0,0.0,0.0,0.0,0.0,0.0,0.0,0.0,0.0,0.0,0.0,0.0,0.0,0.0,0.0,0.0,0.0,0.0,0.0,0.0,0.0,0.0,0.0,0.0,0.0,0.0,0.0,0.0,0.0,0.0,0.0,0.0,0.0,0.0,0.0,0.0,0.0,0.0,0.0,0.0,0.0,0.0,0.0,0.0,0.0,0.0,0.0,0.0,0.0,0.0,0.0,0.0,0.0,0.0,0.0,0.0,0.0,0.0,0.0,0.0,0.0,0.0,0.0,0.0,0.0,0.0,0.0,0.0,0.0,0.0,0.0,0.0,0.0,0.0,0.0,0.0,0.0,0.0,0.0,0.0,0.0,0.0,0.0,0.0
Reef 140,0.0,1.36e-05,1.6e-05,0.000274887,0.000443891,0.000227932,0.0,0.0,0.0,0.0,0.0,0.0,0.0,0.0,0.0,0.0,0.0,0.0,0.0,0.0,0.0,0.0,0.0,0.0,0.0,0.0,0.0,0.0,0.0,0.0,0.0,0.0,0.0,0.0,0.0,0.0,0.0,0.0,0.0,0.0,0.0,0.0,0.0,0.0,0.0,0.0,0.0,0.0,0.0,0.0,0.0,0.0,0.0,0.0,0.0,0.0,0.0,0.0,0.0,0.0,0.0,0.0,0.0,0.0,0.0,0.0,0.0,0.0,0.0,0.0,0.0,0.0,0.0,0.0,0.0,0.0,0.0,0.0,0.0,0.0,0.0,0.0,0.0,0.0,0.0,0.0,0.0,0.0,0.0,0.0,0.0,0.0,0.0,0.0,0.0,0.0,0.0,0.0,0.0,0.0,0.0,0.0,0.0,0.0,0.0,0.0,0.0,0.0,0.0,0.0,0.0,0.0,0.0,0.0,0.0,0.0,0.0,0.0,0.0,0.0,0.0,0.0,0.0,0.0,0.0,0.0,0.0,0.0,0.0,0.0,0.0,0.0,0.00021846,0.0,0.0,0.0,0.0,0.000399886,0.0,0.00750613,0.0,0.0,0.0,0.0,0.0,0.0,0.0,0.0,1.55e-05,0.0,6.96e-05,0.0,0.0,0.0,0.0,0.0,0.0,0.0,0.0,0.0,0.0,0.0,0.0,0.0,0.0,0.0,0.0,0.0,0.0,0.0,0.0,0.0,0.0,0.0,0.00124006,0.0,0.0,0.0,0.0,0.0,0.0,0.0,0.0,0.00126426,0.00396961,0.0,0.0,0.0,0.0,0.0,0.0,0.0,0.0,0.0,0.0,0.0,0.0,0.000202568,0.0,0.00147235,0.0,0.0,0.0,0.0,0.0,0.0,0.0,5.01e-05,0.0,0.0,0.0,0.0,0.0,0.0,0.0,0.0,0.0,0.0,0.0,0.0,0.0,0.0,0.0,0.0,0.0,0.0,0.0,0.0,0.0,9.13e-06,0.0,0.0,0.0,0.0,0.0,0.0,0.0,0.0,0.0,0.0,0.0,0.0,0.0,0.0,0.0,0.0,0.0,0.0,0.0,0.0,0.0,0.0,0.0,0.0,0.0,0.0,0.0,0.0,0.0,0.0,0.0,0.0,0.0,0.0,0.0,0.0,0.0,0.0,0.0,0.0,0.0,0.0,0.0,0.0,0.0,0.0,0.0,0.0,0.0,0.0,0.0,0.0,0.0,0.0,0.0,0.0,0.0,0.0,0.0,0.0,0.0,0.0,0.0,0.0,0.0,0.0,0.0,0.0,0.0,0.0,0.0,0.0,0.0,0.0,0.0,0.0,0.0,0.0,0.0,0.0,0.0,0.0,0.0,0.0,0.0,0.0,0.0,0.0,0.0,0.0,0.0,0.0,0.0,0.0,0.0,0.0,0.0,0.0,0.0,0.0,0.0,0.0,0.0,0.0,0.0,0.0,0.0,0.0,0.0,0.0,0.0,0.0,0.0,0.0,0.0,0.0,0.0,0.0,0.0,0.0,0.0,0.0,0.0,0.0,0.0,0.0,0.0,0.0,0.0,0.0,0.0,0.0,0.0,0.0,0.0,0.0,0.0,0.0,0.0,0.0,0.0,0.0,0.0,0.0,0.0,0.0,0.0,0.0,0.0,0.0,0.0,0.0,0.0,0.0,0.0,0.0,0.0,0.0,0.0,0.0,0.0,0.0,0.0,0.0,0.0,0.0,0.0,0.0,0.0,0.0,0.0,0.0,0.0,0.0,0.0,0.0,0.0,0.0,0.0,0.0,0.0,0.0,0.0,0.0,0.0,0.0,0.0,0.0,0.0,0.0,0.0,0.0,0.0
Reef 141,0.0,0.0,0.0,0.0,0.0,0.0,0.0,0.0,0.0,0.0,0.0,0.0,0.0,0.0,0.0,6.82e-06,0.0,6.62e-05,0.0,0.0,2.38e-05,2.94e-05,0.0,0.0,0.0,0.0,0.000886453,0.0,0.0,0.0,0.0,0.0,0.0,0.0,9.72e-06,0.0010614,0.0,0.0,0.0,0.000259636,0.0,0.0,0.0,0.0,0.0,0.0,0.0,0.0,0.00155554,0.0,0.0,0.0,0.0,0.0,0.0,0.0,0.0,0.00453535,1.03e-05,0.0,0.0,0.0,0.0,9.41e-06,0.0,0.0,0.00184782,0.0,0.0,0.0,0.000107492,0.00182584,0.0,0.0,0.0,0.0,0.0,0.0,0.0,0.0,0.000454684,0.00310642,0.0,0.0,0.0,0.0,0.0,0.000105563,0.0,0.0,0.0,0.0,1.18e-05,0.000545647,0.0,0.0,3.16e-05,0.00234311,0.0,0.0,9.12e-06,8.48e-06,0.0,7.45e-06,0.0,0.0,5.46e-06,0.0024143,0.0,0.0,0.0,6.28e-05,0.0,1.17e-05,1.09e-05,0.0,0.000306766,2e-05,0.0,0.0,7.16e-06,0.00219501,0.0,0.01577,0.0,0.0,0.0,1.44e-05,1.85e-05,0.000183265,0.000277523,0.000813177,0.0,0.0,3.46e-05,0.00015613,0.00206582,0.0,0.00112144,0.0,0.0238299,0.0,0.0,0.0,0.0,0.0,0.0,0.00169338,0.0,0.0,0.0,0.0,0.0,2.18e-05,0.0,5.98e-05,4.92e-05,0.0,0.0,0.0,0.00101555,0.0,0.0,0.0,0.0,0.0,0.0,8.93e-06,6.61e-05,0.0,2.35e-05,0.00016517,9.88e-05,9.03e-06,0.0,0.0,3.63e-05,0.0,0.0,3.76e-06,0.0,0.0,1.24e-05,0.0,0.0,1.37e-05,0.0,5.32e-06,0.0,0.0,5.5e-06,0.0,0.0,0.0,0.0,0.000173083,0.0,0.0,0.0,0.0,1.7e-05,0.000226567,1.1e-05,2.71e-05,0.0,0.0,0.0,0.0,0.0,2.05e-05,0.00104585,0.00500374,0.00593266,0.000263168,0.00112998,0.0010987,0.0,0.0,0.0,9.11e-06,0.0,0.0,0.0,0.0,5.98e-06,0.0,0.0,0.0,0.0,0.0,1.26e-05,0.0,0.0,0.0,0.0,1.27e-05,0.0,0.0,0.0,3.63e-05,0.000107454,4.25e-05,0.0,0.0,0.0,0.0,2.18e-05,1.33e-05,0.0,0.0,0.0,0.0,1.32e-05,0.0,0.0,0.0,0.0,0.0,0.0,3.18e-05,0.0,0.0,0.0,0.0,0.0,0.0,0.0,0.0,0.0,4.11e-05,0.0,0.0,2.2e-05,0.0,0.0,0.0,0.0,0.0,0.0,0.0,0.0,0.0,0.0,0.0,0.0,0.0,0.0,0.0,0.0,1.42e-05,0.0,0.0,0.0,0.0,0.0,0.0,0.0,0.0,0.0,0.0,0.0,0.0,0.0,0.0,0.0,0.0,0.0,0.0,0.0,0.0,0.0,0.0,0.0,0.0,0.0,0.0,0.0,0.0,0.0,0.0,0.0,0.0,0.0,0.0,0.0,0.0,0.0,0.0,0.0,0.0,0.0,0.0,0.0,0.0,0.0,0.0,0.0,0.0,0.0,0.0,0.0,0.0,0.0,0.0,0.0,0.0,0.0,0.0,0.0,0.0,0.0,0.0,0.0,0.0,0.0,0.0,0.0,0.0,0.0,0.0,0.0,0.0,0.0,0.0,0.0,0.0,0.0,0.0,0.0,0.0,0.0,0.0,0.0,0.0,0.0,0.0,0.0,0.0,0.0,0.0,0.0,0.0,0.0,0.0,0.0,0.0,0.0,0.0,0.0,0.0,0.0,0.0,0.0,0.0,0.0,0.0,0.0,0.0,0.0,0.0,0.0,0.0,0.0,0.0,0.0,0.0,0.0,0.0,0.0,0.0,0.0,0.0,0.0,0.0,0.0,0.0,0.0,0.0,0.0,0.0,0.0,0.0,0.0
Reef 142,0.0,0.0,0.0,0.0,0.0,0.0,0.0,0.0,0.0,0.0,0.0,0.0,0.0,0.0,0.0,0.0,0.0,0.0,0.0,0.0,0.0,0.0,0.0,0.0,0.0,0.0,0.0,0.0,0.0,0.0,0.0,0.0,0.0,0.0,0.0,0.0,0.0,0.0,0.0,0.0,0.0,0.0,0.0,0.0,0.0,0.0,0.0,0.0,0.0,0.0,0.0,0.0,0.0,0.0,0.0,0.0,0.0,0.0,0.0,0.0,0.0,0.0,0.0,0.0,0.0,0.0,0.0,0.0,0.0,0.0,0.0,0.0,0.0,0.0,0.0,0.0,0.0,0.0,0.0,0.0,0.0,0.0,0.0,0.0,0.0,0.0,0.0,0.0,0.0,0.0,0.0,0.0,0.0,0.0,0.0,0.0,0.0,0.0,0.0,0.0,0.0,0.0,0.0,0.0,0.0,0.0,0.0,0.0,0.0,0.0,0.0,0.0,0.0,0.0,0.0,0.0,0.0,0.0,0.0,0.0,0.0,0.0,0.0,0.0,0.0,0.0,0.0,0.0,0.0,0.0,0.0,0.0,0.00496303,0.0,0.0,0.0,0.0,0.00422897,0.0,0.00239009,0.0,0.000322637,0.0,0.0,0.000342015,0.0,0.0,0.0,0.000397467,0.0,0.000357775,0.0,0.0,0.0,0.0,0.0,0.0,0.0,0.0,0.0,0.0,0.0,0.0,0.000133231,0.00155163,0.0,0.0,0.0,0.0,0.00223021,0.0,0.0,0.0,0.0,0.000236484,0.0,0.0,0.0,0.0,0.0,0.0,0.0,0.0,6.29e-05,5.62e-05,0.0,0.0,0.0,0.0,0.0,0.0,0.000380457,0.0,0.0,0.0,0.0,0.0,0.0088972,0.0,0.00224882,0.0,0.0,0.0,0.0,0.0,0.0,0.0,0.00178869,0.0,0.0,0.0,0.0,0.0,0.0,0.0,0.0,0.0,0.0,0.0,0.0,0.0,0.0,0.0,0.0,0.0,0.0,0.0,0.0,0.0,0.0,0.0,0.0,0.0,0.0,0.0,0.0,0.0,0.0,0.0,0.0,0.0,0.0,0.0,0.0,0.0,0.0,0.0,0.0,0.0,0.0,0.0,0.0,0.0,0.0,0.0,0.0,0.0,0.0,0.0,0.0,0.0,0.0,0.0,0.0,0.0,0.0,0.0,0.0,0.0,0.0,0.0,0.0,0.0,0.0,0.0,0.0,0.0,0.0,0.0,0.0,0.0,0.0,0.0,0.0,0.0,0.0,0.0,0.0,0.0,0.0,0.0,0.0,0.0,0.0,0.0,0.0,0.0,0.0,0.0,0.0,0.0,0.0,0.0,0.0,0.0,0.0,0.0,0.0,0.0,0.0,0.0,0.0,0.0,0.0,0.0,0.0,0.0,0.0,0.0,0.0,0.0,0.0,0.0,0.0,0.0,0.0,0.0,0.0,0.0,0.0,0.0,0.0,0.0,0.0,0.0,0.0,0.0,0.0,0.0,0.0,0.0,0.0,0.0,0.0,0.0,0.0,0.0,0.0,0.0,0.0,0.0,0.0,0.0,0.0,0.0,0.0,0.0,0.0,0.0,0.0,0.0,0.0,0.0,0.0,0.0,0.0,0.0,0.0,0.0,0.0,0.0,0.0,0.0,0.0,0.0,0.0,0.0,0.0,0.0,0.0,0.0,0.0,0.0,0.0,0.0,0.0,0.0,0.0,0.0,0.0,0.0,0.0,0.0,0.0,0.0,0.0,0.0,0.0,0.0,0.0,0.0,0.0,0.0,0.0,0.0,0.0,0.0,0.0,0.0,0.0,0.0,0.0,0.0,0.0,0.0,0.0,0.0,0.0,0.0,0.0,0.0,0.0,0.0
Reef 143,0.0,0.0,0.0,0.0,0.0,0.0,0.0,0.0,0.0,0.0,0.0,0.0,0.0,0.0,0.0,0.0,0.0,0.0,0.0,0.0,0.0,0.0,0.0,0.0,0.0,0.0,0.0,0.0,0.0,0.0,0.0,0.0,0.0,0.0,0.0,0.0,0.0,0.0,0.0,0.0,0.0,0.0,0.0,0.0,0.0,0.0,0.0,0.0,0.0,0.0,0.0,0.0,0.0,0.0,0.0,0.0,0.0,0.0,0.0,0.0,0.0,0.0,0.0,0.0,0.0,0.0,0.0,0.0,0.0,0.0,0.0,0.0,0.0,0.0,0.0,0.0,0.0,0.0,0.0,0.0,0.0,0.0,0.0,0.0,0.0,0.0,0.0,0.0,0.0,0.0,0.0,0.0,0.0,0.0,0.0,0.0,0.0,0.0,0.0,0.0,0.0,0.0,0.0,0.0,0.0,0.0,0.0,0.0,0.0,0.0,0.0,0.0,0.0,0.0,0.0,0.0,0.0,0.0,0.0,0.0,0.0,0.0,0.0,0.0,0.0,0.0,0.0,0.0,0.0,0.0,0.0,0.0,0.0297194,0.000567673,0.0,0.0,0.0,0.00629969,0.0,0.0020446,0.0,0.00123829,0.000163292,0.0,0.000203569,0.000186946,0.0,0.0,0.00026061,0.0,0.00016733,0.0,0.0,0.0,0.0,0.0,0.0,0.0,0.000579027,0.0,0.0,0.0,0.0,9.85e-05,0.000136761,0.0,0.0,0.0,0.0,0.000129146,0.0,0.0,0.0,0.0,0.000364277,0.0,0.0,0.0,0.0,0.0,0.0,0.0,0.0,0.0,0.000204574,0.0,0.0,0.0,0.0,0.0,0.0,0.000244756,0.0,0.0,0.0,0.0,0.0,0.000404713,0.0,0.000121657,0.0,0.0,0.0,0.0,0.0,0.0,0.0,0.00106754,0.0,0.0,0.0,0.0,0.0,0.0,0.0,0.0,0.0,0.0,0.0,0.0,0.0,0.0,0.0,0.0,0.0,0.0,0.0,0.0,0.0,0.0,0.0,0.0,0.0,0.0,0.0,0.0,0.0,0.0,0.0,0.0,0.0,0.0,0.0,0.0,0.0,0.0,0.0,0.0,0.0,0.0,0.0,0.0,0.0,0.0,0.0,0.0,0.0,0.0,0.0,0.0,0.0,0.0,0.0,0.0,0.0,0.0,0.0,0.0,0.0,0.0,0.0,0.0,0.0,0.0,0.0,0.0,0.0,0.0,0.0,0.0,0.0,0.0,0.0,0.0,0.0,0.0,0.0,0.0,0.0,0.0,0.0,0.0,0.0,0.0,0.0,0.0,0.0,0.0,0.0,0.0,0.0,0.0,0.0,0.0,0.0,0.0,0.0,0.0,0.0,0.0,0.0,0.0,0.0,0.0,0.0,0.0,0.0,0.0,0.0,0.0,0.0,0.0,0.0,0.0,0.0,0.0,0.0,0.0,0.0,0.0,0.0,0.0,0.0,0.0,0.0,0.0,0.0,0.0,0.0,0.0,0.0,0.0,0.0,0.0,0.0,0.0,0.0,0.0,0.0,0.0,0.0,0.0,0.0,0.0,0.0,0.0,0.0,0.0,0.0,0.0,0.0,0.0,0.0,0.0,0.0,0.0,0.0,0.0,0.0,0.0,0.0,0.0,0.0,0.0,0.0,0.0,0.0,0.0,0.0,0.0,0.0,0.0,0.0,0.0,0.0,0.0,0.0,0.0,0.0,0.0,0.0,0.0,0.0,0.0,0.0,0.0,0.0,0.0,0.0,0.0,0.0,0.0,0.0,0.0,0.0,0.0,0.0,0.0,0.0,0.0,0.0,0.0,0.0,0.0,0.0,0.0,0.0,0.0,0.0,0.0,0.0,0.0,0.0
Reef 144,0.0,0.0,0.0,0.0,0.0,0.0,0.0,0.0,0.0,0.0,0.0,0.0,0.0,0.0,0.0,0.0,0.0,0.0,0.0,0.0,0.0,0.0,0.0,0.0,0.0,0.0,0.0,0.0,0.0,0.0,0.0,0.0,0.0,0.0,0.0,0.0,0.0,0.0,0.0,0.0,0.0,0.0,0.0,0.0,0.0,0.0,0.0,0.0,0.0,0.0,0.0,0.0,0.0,0.0,0.0,0.0,0.0,0.0,0.0,0.0,0.0,0.0,0.0,0.0,0.0,0.0,0.0,0.0,0.0,0.0,0.0,0.0,0.0,0.0,0.0,0.0,0.0,0.0,0.0,0.0,0.0,0.0,0.0,0.0,0.0,0.0,0.0,0.0,0.0,0.0,0.0,0.0,0.0,0.0,0.0,0.0,0.0,0.0,0.0,0.0,0.0,0.0,0.0,0.0,0.0,0.0,0.0,0.0,0.0,0.0,0.0,0.0,0.0,0.0,0.0,0.0,0.0,0.0,0.0,0.0,0.0,0.0,0.0,0.0,0.0,0.0,7.3e-05,0.0,0.0,0.0,0.0,0.0,0.0,0.0,0.0,0.0,0.0,0.0,0.0,0.0,0.0,0.0,0.0,0.00367293,0.0,0.0,0.0087776,0.0,0.0,0.000231316,0.0,0.00890698,0.000194069,0.0,0.0,0.0,0.0,0.0,0.0,5.66e-05,0.0,0.0,0.0,0.0,0.0,0.000518172,0.000856324,0.0,0.0,0.0,0.0,0.0,0.0,0.0,0.0,9.51e-05,0.0,0.0,0.000228689,0.0,0.0,0.0,0.0,0.0,0.0,0.0,0.000447279,0.0,0.0,0.0,0.0,0.0,0.0,0.0,0.0,0.0,0.0,0.0,0.0,0.0,0.0,0.0,0.0,0.0,0.0,0.0,0.0,0.0,0.0,0.0,0.0,0.0,0.0,0.0,0.0,0.0,0.0,0.0,0.0,0.0,0.0,0.000298835,0.0,0.0,0.0,0.0,0.000276957,0.0,0.0,0.0,0.0,0.0,0.0,0.0,0.0,0.0,0.0,0.0,0.0,0.0,0.0,0.0,0.0,0.0,0.0,0.0,0.0,0.0,0.0,0.0,0.0,0.0,0.0,0.0,0.0,0.0,0.0,0.0,0.0,0.0,0.0,0.0,0.0,0.0,0.0,0.0,0.0,0.0,0.0,0.0,0.0,0.0,0.0,0.0,0.0,0.0,0.0,0.0,0.0,0.0,0.0,0.0,0.0,0.0,0.0,0.0,0.0,0.0,0.0,0.0,0.0,0.0,0.0,0.0,0.0,0.0,0.0,0.0,0.0,0.0,0.0,0.0,0.0,0.0,0.0,0.0,0.0,0.0,0.0,0.0,0.0,0.0,0.0,0.0,0.0,0.0,0.0,0.0,0.0,0.0,0.0,0.0,0.0,0.0,0.0,0.0,0.0,0.0,0.0,0.0,0.0,0.0,0.0,0.0,0.0,0.0,0.0,0.0,0.0,0.0,0.0,0.0,0.0,0.0,0.0,0.0,0.0,0.0,0.0,0.0,0.0,0.0,0.0,0.0,0.0,0.0,0.0,0.0,0.0,0.0,0.0,0.0,0.0,0.0,0.0,0.0,0.0,0.0,0.0,0.0,0.0,0.0,0.0,0.0,0.0,0.0,0.0,0.0,0.0,0.0,0.0,0.0,0.0,0.0,0.0,0.0,0.0,0.0,0.0,0.0,0.0,0.0,0.0,0.0,0.0,0.0,0.0,0.0,0.0,0.0,0.0,0.0,0.0,0.0,0.0,0.0,0.0,0.0,0.0,0.0,0.0,0.0,0.0,0.0,0.0,0.0,0.0,0.0,0.0,0.0,0.0,0.0,0.0
Reef 145,0.0,0.0,0.0,0.0,0.0,0.0,0.0,0.0,0.0,0.0,0.0,0.0,0.0,0.0,0.0,0.0,0.0,0.0,0.0,0.0,0.0,0.0,0.0,0.0,0.0,0.0,0.0,0.0,0.0,0.0,0.0,0.0,0.0,0.0,0.0,0.0,0.0,0.0,0.0,0.0,0.0,0.0,0.0,0.0,0.0,0.0,0.0,0.0,0.0,0.0,0.0,0.0,0.0,0.0,0.0,0.0,0.0,0.0,0.0,0.0,0.0,0.0,0.0,0.0,0.0,0.0,0.0,0.0,0.0,0.0,0.0,0.0,0.0,0.0,0.0,0.0,0.0,0.0,0.0,0.0,0.0,0.0,0.0,0.0,0.0,0.0,0.0,0.0,0.0,0.0,0.0,0.0,0.0,0.0,0.0,0.0,0.0,0.0,0.0,0.0,0.0,0.0,0.0,0.0,0.0,0.0,0.0,0.0,0.0,0.0,0.0,0.0,0.0,0.0,0.0,0.0,0.0,0.0,0.0,0.0,0.0,0.0,0.0,0.0,0.0,0.0,0.0,0.0,0.0,0.0,0.0,0.0,0.00169253,0.0,0.0,0.0,0.0,0.00596891,0.0,0.00403326,0.0,0.000751487,0.0,0.0,0.000259312,0.0,0.0,0.0,0.000563158,0.0,0.00053199,0.0,0.0,0.0,0.0,0.0,0.0,0.0,0.0,0.0,0.0,0.0,0.0,8.28e-05,0.0013435,0.0,0.0,0.0,0.0,0.00259364,0.0,0.0,0.0,0.0,0.000467194,0.0,0.0,0.0,0.0,0.0,0.0,0.0,0.0,4.18e-05,0.000117937,0.0,0.0,0.0,0.0,0.0,0.0,0.000432882,0.0,0.0,0.0,0.0,0.0,4.25e-05,0.0,0.00167165,0.0,0.0,0.0,0.0,0.0,0.0,0.0,0.00139952,0.0,0.0,0.0,0.0,0.0,0.0,0.0,0.0,0.0,0.0,0.0,0.0,0.0,0.0,0.0,0.0,0.0,0.0,0.0,0.0,0.0,0.0,0.0,0.0,0.0,0.0,0.0,0.0,0.0,0.0,0.0,0.0,0.0,0.0,0.0,0.0,0.0,0.0,0.0,0.0,0.0,0.0,0.0,0.0,0.0,0.0,0.0,0.0,0.0,0.0,0.0,0.0,0.0,0.0,0.0,0.0,0.0,0.0,0.0,0.0,0.0,0.0,0.0,0.0,0.0,0.0,0.0,0.0,0.0,0.0,0.0,0.0,0.0,0.0,0.0,0.0,0.0,0.0,0.0,0.0,0.0,0.0,0.0,0.0,0.0,0.0,0.0,0.0,0.0,0.0,0.0,0.0,0.0,0.0,0.0,0.0,0.0,0.0,0.0,0.0,0.0,0.0,0.0,0.0,0.0,0.0,0.0,0.0,0.0,0.0,0.0,0.0,0.0,0.0,0.0,0.0,0.0,0.0,0.0,0.0,0.0,0.0,0.0,0.0,0.0,0.0,0.0,0.0,0.0,0.0,0.0,0.0,0.0,0.0,0.0,0.0,0.0,0.0,0.0,0.0,0.0,0.0,0.0,0.0,0.0,0.0,0.0,0.0,0.0,0.0,0.0,0.0,0.0,0.0,0.0,0.0,0.0,0.0,0.0,0.0,0.0,0.0,0.0,0.0,0.0,0.0,0.0,0.0,0.0,0.0,0.0,0.0,0.0,0.0,0.0,0.0,0.0,0.0,0.0,0.0,0.0,0.0,0.0,0.0,0.0,0.0,0.0,0.0,0.0,0.0,0.0,0.0,0.0,0.0,0.0,0.0,0.0,0.0,0.0,0.0,0.0,0.0,0.0,0.0,0.0,0.0,0.0,0.0,0.0,0.0,0.0,0.0,0.0,0.0,0.0
Reef 146,0.0,0.0,0.0,0.0,0.0,0.0,0.0,0.0,0.0,0.0,0.0,0.0,0.0,0.0,0.0,0.0,0.0,0.0,0.0,0.0,0.0,0.0,0.0,0.0,0.0,0.0,0.0,0.0,0.0,0.0,0.0,0.0,0.0,0.0,0.0,0.0,0.0,0.0,0.0,0.0,0.0,0.0,0.0,0.0,0.0,0.0,0.0,0.0,0.0,0.0,0.0,0.0,0.0,0.0,0.0,0.0,0.0,0.0,0.0,0.0,0.0,0.0,0.0,0.0,0.0,0.0,0.0,0.0,0.0,0.0,0.0,0.0,0.0,0.0,0.0,0.0,0.0,0.0,0.0,0.0,0.0,0.0,0.0,0.0,0.0,0.0,0.0,0.0,0.0,0.0,0.0,0.0,0.0,0.0,0.0,0.0,0.0,0.0,0.0,0.0,0.0,0.0,0.0,0.0,0.0,0.0,0.0,0.0,0.0,0.0,0.0,0.0,0.0,0.0,0.0,0.0,0.0,0.0,0.0,0.0,0.0,0.0,0.0,0.0,0.0,0.0,0.0,0.0,0.0,0.0,0.0,0.0,0.00342323,0.0,0.0,0.0,0.0,0.00614973,0.0,0.00473131,0.0,0.00382834,0.0,0.0,0.00204139,0.000164461,0.0,0.0,0.000489025,0.0,0.000423424,0.0,0.0,0.0,0.0,0.0,0.0,0.0,0.0,0.0,0.0,0.0,0.0,0.000114586,9.56e-05,0.0,0.0,0.0,0.0,0.00311317,0.0,0.0,0.0,0.0,0.000463305,0.0,0.0,0.0,0.0,0.0,0.0,0.0,0.0,0.000280782,0.000133139,0.0,0.0,0.0,0.0,0.0,0.0,0.00045858,0.0,0.0,0.0,0.0,0.0,0.000135441,0.0,0.00102346,0.0,0.0,0.0,0.0,0.0,0.0,0.0,0.00114381,0.0,0.0,0.0,0.0,0.0,0.0,0.0,0.0,0.0,0.0,0.0,0.0,0.0,0.0,0.0,0.0,0.0,0.0,0.0,0.0,0.0,0.0,0.0,0.0,0.0,0.0,0.0,0.0,0.0,0.0,0.0,0.0,0.0,0.0,0.0,0.0,0.0,0.0,0.0,0.0,0.0,0.0,0.0,0.0,0.0,0.0,0.0,0.0,0.0,0.0,0.0,0.0,0.0,0.0,0.0,0.0,0.0,0.0,0.0,0.0,0.0,0.0,0.0,0.0,0.0,0.0,0.0,0.0,0.0,0.0,0.0,0.0,0.0,0.0,0.0,0.0,0.0,0.0,0.0,0.0,0.0,0.0,0.0,0.0,0.0,0.0,0.0,0.0,0.0,0.0,0.0,0.0,0.0,0.0,0.0,0.0,0.0,0.0,0.0,0.0,0.0,0.0,0.0,0.0,0.0,0.0,0.0,0.0,0.0,0.0,0.0,0.0,0.0,0.0,0.0,0.0,0.0,0.0,0.0,0.0,0.0,0.0,0.0,0.0,0.0,0.0,0.0,0.0,0.0,0.0,0.0,0.0,0.0,0.0,0.0,0.0,0.0,0.0,0.0,0.0,0.0,0.0,0.0,0.0,0.0,0.0,0.0,0.0,0.0,0.0,0.0,0.0,0.0,0.0,0.0,0.0,0.0,0.0,0.0,0.0,0.0,0.0,0.0,0.0,0.0,0.0,0.0,0.0,0.0,0.0,0.0,0.0,0.0,0.0,0.0,0.0,0.0,0.0,0.0,0.0,0.0,0.0,0.0,0.0,0.0,0.0,0.0,0.0,0.0,0.0,0.0,0.0,0.0,0.0,0.0,0.0,0.0,0.0,0.0,0.0,0.0,0.0,0.0,0.0,0.0,0.0,0.0,0.0,0.0,0.0,0.0,0.0,0.0,0.0,0.0
Reef 147,0.0,0.0,0.0,0.0,0.0,0.0,7.27e-07,0.000341886,1.18e-06,1.51e-06,9.01e-06,0.000398862,0.0,0.00130796,0.00120661,5.87e-05,2.55e-07,5.07e-05,0.000276071,1.11e-06,0.000138933,0.00011769,0.0,0.00182868,0.0,1.49e-05,7.75e-05,7.55e-07,3.76e-07,8.88e-06,3.94e-06,0.0,1.46e-06,3.81e-05,1.05e-06,0.00018715,4.12e-05,0.00239303,0.0,1.48e-05,4.02e-06,0.0,3.38e-05,3.14e-07,0.0027655,0.000231233,6.16e-05,0.00044822,1.04e-06,5.35e-05,0.0,0.0,0.00100794,0.000314811,0.00164299,1.06e-06,0.0,0.000522612,9.34e-07,0.0,1.54e-05,0.0,0.0,0.0,1.13e-05,4.64e-07,3.99e-07,0.0,0.0,3.49e-07,8.66e-06,4.72e-05,0.0,0.0,0.0,1.58e-06,1.09e-05,0.0,4.85e-07,0.0,1.86e-05,1.68e-06,4.08e-07,2.96e-07,0.0,0.0,6.6e-07,0.0,4.19e-07,1.61e-05,2.1e-06,3.41e-07,0.0,0.0,3.03e-07,6.37e-07,3.35e-07,1.12e-05,3.67e-07,1.31e-06,0.0,0.0,0.0,0.0,0.0,8.28e-07,3.27e-05,0.000963042,0.000104483,5.33e-07,4.24e-07,3.51e-05,4.54e-07,4.02e-05,9.73e-06,0.0,0.0,6.19e-07,4.92e-05,5.11e-05,1.66e-06,1.43e-05,4.14e-05,8.24e-06,1.17e-06,7.48e-05,0.0143196,2.77e-06,3.94e-07,4.39e-06,1.18e-05,2.11e-05,2.91e-06,2.16e-05,0.000982673,0.000531994,0.000233277,0.0,0.000333902,0.0,0.00011639,1.28e-05,1.8e-05,0.000980998,7.65e-06,1.06e-05,0.119641,0.000900745,0.0,1.17e-05,0.0,0.0153791,1.63e-05,2.36e-06,2.56e-07,0.00150483,0.000246338,3.89e-05,1.64e-05,0.000231943,0.000262831,0.0,0.0,0.0,7.42e-07,0.0021253,0.00324688,0.000167447,0.0,1.28e-05,0.000750552,1.46e-05,4.23e-07,0.0,0.0,0.000716937,0.0,0.0,2.76e-06,0.000194167,0.0,0.000334492,1.91e-06,0.0,0.0,0.00026188,2.37e-06,2.51e-05,1.39e-06,0.0,4.46e-07,0.0,0.000277504,0.0,0.000162017,0.0,0.0,0.0,1.63e-06,0.0,4.6e-06,5.09e-05,0.0,0.00012612,0.0,8.69e-07,1.1e-06,0.0,0.0,3.04e-07,3.94e-06,0.0,0.0,0.0,1.63e-05,0.0,0.0,0.0,2.64e-07,0.0,0.0,0.000151531,0.0,0.0,0.0,0.0,0.00139141,8.75e-07,0.0,0.0,3.51e-06,0.0,0.0,0.0,0.0,0.0,0.0,0.0,0.0,1.04e-06,0.0,0.0,0.0,0.0,0.0,0.0,0.0,0.0,0.0,0.0,0.0,0.0,6.11e-06,0.0,0.0,0.0,0.0,0.0,0.0,0.0,0.0,0.0,0.0,0.0,5.65e-07,0.0,0.0,0.0,0.0,0.0,0.0,0.0,0.0,0.0,0.0,0.0,0.0,0.0,0.0,0.0,0.0,0.0,0.0,0.0,0.0,0.0,0.0,3.25e-07,0.0,0.0,0.0,0.0,0.0,0.0,0.0,0.0,0.0,0.0,0.0,0.0,0.0,0.0,0.0,0.0,0.0,0.0,0.0,0.0,0.0,0.0,0.0,0.0,0.0,0.0,0.0,0.0,0.0,0.0,0.0,0.0,0.0,0.0,0.0,0.0,0.0,0.0,0.0,0.0,0.0,0.0,0.0,0.0,0.0,0.0,0.0,0.0,0.0,0.0,0.0,0.0,0.0,0.0,0.0,0.0,0.0,0.0,0.0,0.0,0.0,0.0,0.0,0.0,0.0,0.0,0.0,0.0,0.0,0.0,0.0,0.0,0.0,0.0,0.0,0.0,0.0,0.0,0.0,0.0,0.0,0.0,0.0,0.0,0.0,0.0,0.0,0.0,0.0,0.0,0.0,0.0,0.0,0.0,0.0,0.0,0.0,0.0,0.0,0.0,0.0,0.0,0.0,0.0,0.0,0.0,0.0,0.0,0.0,0.0,0.0,0.0,0.0,0.0,0.0,0.0,0.0,0.0,0.0,0.0,0.0,0.0,0.0,0.0,0.0,0.0,0.0,0.0,0.0,0.0,0.0,0.0,0.0,0.0,0.0
Reef 148,0.0,0.0,0.0,0.0,0.0,0.0,0.0,1.29e-06,0.0,0.0,0.0,3.37e-05,0.0,0.0,0.000227542,6.64e-05,1.76e-06,0.000325491,0.000401588,7.18e-06,0.000133967,0.000326957,1e-05,0.0,9.18e-07,4.63e-05,0.0024529,1.74e-06,1.09e-06,0.00182266,6.7e-06,0.0,2.5e-06,9.41e-05,1.76e-06,0.000420361,5.91e-05,0.0,5.36e-06,0.000192909,1.75e-06,7.2e-06,0.0,1.33e-05,0.0,0.0,0.0,0.0,7.13e-05,0.000105818,1.14e-06,6.79e-06,0.0,0.0,0.0,4.92e-06,2.62e-06,0.0295401,2.41e-06,5.63e-06,9.59e-05,9.8e-06,6.42e-06,1.13e-06,0.000303336,2.23e-05,6.78e-06,1.02e-05,3.3e-06,8.43e-05,7.76e-05,0.000108185,1.39e-05,1.04e-05,2.33e-06,1.47e-06,1.15e-05,8.25e-06,2.77e-05,7.47e-06,0.000163554,0.000678149,7.88e-05,4.59e-06,3.63e-06,3.67e-06,1.3e-05,2.61e-05,3.58e-06,0.00052446,1.09e-05,5.29e-06,1.6e-06,4.16e-05,2.64e-06,0.00340859,1.69e-05,1.59e-05,0.0,1.02e-05,3.66e-06,1.23e-06,1.41e-06,3.24e-06,0.0,3.47e-06,0.000282546,0.0409978,1.86e-06,8.5e-06,2.64e-06,0.000837909,5.47e-06,3.84e-05,1.17e-05,1.41e-06,2.03e-06,0.00104994,0.0,1.75e-06,3.14e-05,0.000793325,4.35e-06,2.06e-05,0.0,2.27e-05,0.0,0.000123734,5e-05,0.000695853,0.00231788,0.00193838,0.0,0.0,0.00757677,0.00310539,0.000866641,0.0,0.00911098,0.0,0.00167028,0.0,0.0,0.0,0.0,0.0,0.0,0.00745311,0.0,0.0,0.0,0.0,0.0,2.23e-06,0.0,0.00236237,0.00137522,0.0,0.0,0.0,0.000516746,0.0,0.0,0.0,0.0,0.0,0.0,0.00040989,5.14e-06,0.0,0.000280203,6.72e-05,1.6e-05,1.16e-06,0.0,0.0,5.37e-06,0.0,0.0,5.33e-06,0.0,0.0,1.64e-06,0.0,0.0,0.00186451,0.0,0.0,0.0,0.0,0.000714861,0.0,0.0,0.0,0.0,6.13e-06,0.0,0.0,0.0,0.0,0.00160543,8.6e-06,4.61e-06,1.27e-06,0.0,0.0,0.0,0.0,0.0,0.000148401,3.84e-05,1.35e-05,0.000460937,2.12e-06,4.63e-05,4.58e-05,0.0,0.0,0.0,4.72e-06,0.0,0.0,0.0,0.0,1.47e-06,0.0,0.0,9.56e-06,0.0,0.0,3.62e-05,0.0,0.0,0.0,0.0,0.0,0.0,0.0,0.0,1.42e-06,4.71e-06,2.01e-06,0.0,0.0,0.0,0.0,1.82e-05,2.95e-05,0.0,0.0,0.0,0.0,0.0,0.0,0.0,0.0,0.0,0.0,0.0,1.28e-06,0.0,0.0,0.0,0.0,0.0,0.0,0.0,0.0,0.0,2.07e-06,0.0,0.0,1.17e-06,0.0,0.0,0.0,3.53e-06,0.0,0.0,0.0,0.0,0.0,0.0,0.0,0.0,0.0,0.0,0.0,0.0,3.51e-05,0.0,0.0,0.0,0.0,0.0,0.0,0.0,0.0,0.0,0.0,0.0,0.0,0.0,0.0,0.0,0.0,0.0,0.0,0.0,0.0,0.0,0.0,0.0,0.0,0.0,0.0,0.0,0.0,0.0,0.0,0.0,0.0,0.0,0.0,0.0,0.0,0.0,0.0,0.0,0.0,0.0,0.0,0.0,0.0,0.0,0.0,0.0,0.0,0.0,0.0,0.0,0.0,0.0,0.0,0.0,0.0,0.0,0.0,0.0,0.0,0.0,0.0,0.0,0.0,0.0,0.0,0.0,0.0,0.0,0.0,0.0,0.0,0.0,0.0,0.0,0.0,0.0,0.0,0.0,0.0,0.0,0.0,0.0,0.0,0.0,0.0,0.0,0.0,0.0,0.0,0.0,0.0,0.0,0.0,0.0,0.0,0.0,0.0,0.0,0.0,0.0,0.0,0.0,0.0,0.0,0.0,0.0,0.0,0.0,0.0,0.0,0.0,0.0,0.0,0.0,0.0,0.0,0.0,0.0,0.0,0.0,0.0,0.0,0.0,0.0,0.0,0.0,0.0,0.0,0.0,1.32e-06,0.0,0.0
Reef 149,0.0,0.0,0.0,0.000810911,0.00128534,0.00074111,0.0,0.0,0.0,0.0,0.0,0.0,0.0,0.0,0.0,0.0,0.0,0.0,0.0,0.0,0.0,0.0,0.0,0.0,0.0,0.0,0.0,0.0,0.0,0.0,0.0,0.0,0.0,0.0,0.0,0.0,0.0,0.0,0.0,0.0,0.0,0.0,0.0,0.0,0.0,0.0,0.0,0.0,0.0,0.0,0.0,0.0,0.0,0.0,0.0,0.0,0.0,0.0,0.0,0.0,0.0,0.0,0.0,0.0,0.0,0.0,0.0,0.0,0.0,0.0,0.0,0.0,0.0,0.0,0.0,0.0,0.0,0.0,0.0,0.0,0.0,0.0,0.0,0.0,0.0,0.0,0.0,0.0,0.0,0.0,0.0,0.0,0.0,0.0,0.0,0.0,0.0,0.0,0.0,0.0,0.0,0.0,0.0,0.0,0.0,0.0,0.0,0.0,0.0,0.0,0.0,0.0,0.0,0.0,0.0,0.0,0.0,0.0,0.0,0.0,0.0,0.0,0.0,0.0,0.0,0.0,0.0,0.0,0.0,0.0,0.0,0.0,0.000183633,0.0,0.0,0.0,0.0,0.000829524,0.0,0.0012853,0.0,0.0,0.0,0.0,0.0,0.0,0.0,0.0,0.00086294,0.0,0.000119325,0.0,0.0,0.0,0.0,0.0,0.0,0.0,0.0,0.0,0.0,0.0,0.0,0.0,0.0,0.0,0.0,0.0,0.0,0.0,0.0,0.0,0.0,0.0,0.0,0.0,0.0,0.0,0.0,0.0,0.0,0.0,0.0,0.00236236,0.00336405,0.0,0.0,0.0,0.0,0.0,0.0,0.0,0.0,0.0,0.0,0.0,0.0,0.0,0.0,0.000761966,0.0,0.0,0.0,0.0,0.0,0.0,0.0,0.0,0.0,0.0,0.0,0.0,0.0,0.0,0.0,0.0,0.0,0.0,0.0,0.0,0.0,0.0,0.0,0.0,0.0,0.0,0.0,0.0,0.0,0.000133459,0.0,0.0,0.0,0.0,0.0,0.0,0.0,0.0,0.0,0.0,0.0,0.0,0.0,0.0,0.0,0.0,0.0,0.0,0.0,0.0,0.0,0.0,0.0,0.0,0.0,0.0,0.0,0.0,0.0,0.0,0.0,0.0,0.0,0.0,0.0,0.0,0.0,0.0,0.0,0.0,0.0,0.0,0.0,0.0,0.0,0.0,0.0,0.0,0.0,0.0,0.0,0.0,0.0,0.0,0.0,0.0,0.0,0.0,0.0,0.0,0.0,0.0,0.0,0.0,0.0,0.0,0.0,0.0,0.0,0.0,0.0,0.0,0.0,0.0,0.0,0.0,0.0,0.0,0.0,0.0,0.0,0.0,0.0,0.0,0.0,0.0,0.0,0.0,0.0,0.0,0.0,0.0,0.0,0.0,0.0,0.0,0.0,0.0,0.0,0.0,0.0,0.0,0.0,0.0,0.0,0.0,0.0,0.0,0.0,0.0,0.0,0.0,0.0,0.0,0.0,0.0,0.0,0.0,0.0,0.0,0.0,0.0,0.0,0.0,0.0,0.0,0.0,0.0,0.0,0.0,0.0,0.0,0.0,0.0,0.0,0.0,0.0,0.0,0.0,0.0,0.0,0.0,0.0,0.0,0.0,0.0,0.0,0.0,0.0,0.0,0.0,0.0,0.0,0.0,0.0,0.0,0.0,0.0,0.0,0.0,0.0,0.0,0.0,0.0,0.0,0.0,0.0,0.0,0.0,0.0,0.0,0.0,0.0,0.0,0.0,0.0,0.0,0.0,0.0,0.0,0.0,0.0,0.0,0.0,0.0,0.0,0.0,0.0,0.0,0.0,0.0,0.0,0.0
Reef 150,0.0,0.0,0.0,0.0,0.0,0.0,0.0,0.0,0.0,0.0,0.0,0.0,0.0,0.0,0.0,0.0,0.0,0.0,0.0,0.0,0.0,0.0,0.0,0.0,0.0,0.0,0.0,0.0,0.0,0.0,0.0,0.0,0.0,0.0,0.0,0.0,0.0,0.0,0.0,0.0,0.0,0.0,0.0,0.0,0.0,0.0,0.0,0.0,0.0,0.0,0.0,0.0,0.0,0.0,0.0,0.0,0.0,0.0,0.0,0.0,0.0,0.0,0.0,0.0,0.0,0.0,0.0,0.0,0.0,0.0,0.0,0.0,0.0,0.0,0.0,0.0,0.0,0.0,0.0,0.0,0.0,0.0,0.0,0.0,0.0,0.0,0.0,0.0,0.0,0.0,0.0,0.0,0.0,0.0,0.0,0.0,0.0,0.0,0.0,0.0,0.0,0.0,0.0,0.0,0.0,0.0,0.0,0.0,0.0,0.0,0.0,0.0,0.0,0.0,0.0,0.0,0.0,0.0,0.0,0.0,0.0,0.0,0.0,0.0,0.0,0.0,0.0,0.0,0.0,0.0,0.0,0.0,0.0,0.0,0.0,0.0,0.0,0.0,0.0,0.0,0.0,0.0,0.0,8.99e-06,0.0,0.0,4.47e-05,0.0,0.0,0.0489485,0.0,2.04e-05,0.0107989,0.0,5.61e-06,0.0,0.0,0.0,0.0,0.00436292,4.18e-05,0.0,0.0,0.0,0.0,0.000248744,0.000683873,0.0,0.0,0.0,0.0,1.82e-05,0.0,0.0,0.0,0.0138323,0.0,0.0,0.0,0.0,0.0,1.52e-05,0.0,0.0,0.0,7.72e-05,0.0,8.53e-05,7.48e-05,0.0,0.0,0.0,0.00234667,0.0,0.000538967,2.82e-05,0.0,0.0,0.0,0.0,1.68e-05,6.65e-05,0.0,0.000525575,0.0,0.0,4.77e-06,0.0,0.0,0.000195361,0.00206881,0.000517053,0.000337002,8.78e-05,5.48e-05,0.00083374,0.0,0.0,0.0,0.0,0.0,9.57e-06,0.0,0.0,2.89e-05,0.0,3.41e-05,4.32e-06,0.0,0.0,8.43e-06,0.0,0.0,0.0,0.0,5e-05,0.0,0.0,0.0,0.00041439,0.00122259,0.000107571,0.0,0.0,0.0,2.74e-05,0.000157058,5.12e-05,0.0,0.0,0.0,0.0,0.000140586,0.0,0.0,0.0,0.0,0.0,0.0,0.000276108,0.0,0.0,0.0,0.0,0.00130172,0.0,0.0,0.0,0.0,0.000163045,0.0,0.0,0.00052735,0.0,0.0,9.73e-05,0.000173406,0.0,0.0,0.000102812,0.0,0.000329238,0.0,0.0,0.0,0.0,0.0,3.98e-06,0.0,2.64e-05,0.0,0.0,0.0,0.0,0.0,0.0,0.0,4.22e-05,0.00114052,0.0,0.0,0.0,4.71e-05,0.0,0.0,0.0,0.0,0.0,0.0,0.0,0.0,0.0,0.0,0.0,0.0,0.0,0.0,0.0,0.0,0.0,0.0,0.0,0.0,0.0,0.0,0.0,0.0,0.0,0.0,0.0,0.0,0.0,0.0,0.0,0.0,0.0,0.0,0.0,0.0,0.0,0.0,0.0,0.0,0.0,0.0,0.0,0.0,0.0,0.0,0.0,0.0,0.0,0.0,0.0,0.0,0.0,0.0,0.0,0.0,0.0,0.0,0.0,0.0,0.0,0.0,0.0,0.0,0.0,0.0,0.0,0.0,0.0,0.0,0.0,0.0,0.0,0.0,0.0,0.0,0.0,0.0,0.0,0.0,0.0,0.0,0.0,0.0,0.0,0.0,0.0,0.0,0.0,0.0,0.0,0.0,0.0,0.0,0.0,0.0,0.0,0.0,0.0,0.0,0.0,0.0,0.0,0.0,0.0,0.0,0.0,0.0,0.0,0.0,0.0,0.0,0.0,0.0,0.0,0.0,0.0,0.0,0.0,0.0
Reef 151,0.0,0.0,0.0,0.000547573,0.000874061,0.00049125,0.0,0.0,0.0,0.0,0.0,0.0,0.0,0.0,0.0,0.0,0.0,0.0,0.0,0.0,0.0,0.0,0.0,0.0,0.0,0.0,0.0,0.0,0.0,0.0,0.0,0.0,0.0,0.0,0.0,0.0,0.0,0.0,0.0,0.0,0.0,0.0,0.0,0.0,0.0,0.0,0.0,0.0,0.0,0.0,0.0,0.0,0.0,0.0,0.0,0.0,0.0,0.0,0.0,0.0,0.0,0.0,0.0,0.0,0.0,0.0,0.0,0.0,0.0,0.0,0.0,0.0,0.0,0.0,0.0,0.0,0.0,0.0,0.0,0.0,0.0,0.0,0.0,0.0,0.0,0.0,0.0,0.0,0.0,0.0,0.0,0.0,0.0,0.0,0.0,0.0,0.0,0.0,0.0,0.0,0.0,0.0,0.0,0.0,0.0,0.0,0.0,0.0,0.0,0.0,0.0,0.0,0.0,0.0,0.0,0.0,0.0,0.0,0.0,0.0,0.0,0.0,0.0,0.0,0.0,0.0,0.0,0.0,0.0,0.0,0.0,0.0,0.000145958,0.0,0.0,0.0,0.0,0.000302345,0.0,0.000437445,0.0,0.0,0.0,0.0,0.0,0.0,0.0,0.0,0.00153764,0.0,0.000730648,0.0,0.0,0.0,0.0,0.0,0.0,0.0,0.0,0.0,0.0,0.0,0.0,0.0,0.0,0.0,0.0,0.0,0.0,0.0,0.0,0.0,0.0,0.0,0.0,0.0,0.0,0.0,0.0,0.0,0.0,0.0,0.0,0.00303712,0.00490612,0.0,0.0,0.0,0.0,0.0,0.0,0.0,0.0,0.0,0.0,0.0,0.0,0.0,0.0,0.00114201,0.0,0.0,0.0,0.0,0.0,0.0,0.0,0.0,0.0,0.0,0.0,0.0,0.0,0.0,0.0,0.0,0.0,0.0,0.0,0.0,0.0,0.0,0.0,0.0,0.0,0.0,0.0,0.0,0.0,0.000112602,0.0,0.0,0.0,0.0,0.0,0.0,0.0,0.0,0.0,0.0,0.0,0.0,0.0,0.0,0.0,0.0,0.0,0.0,0.0,0.0,0.0,0.0,0.0,0.0,0.0,0.0,0.0,0.0,0.0,0.0,0.0,0.0,0.0,0.0,0.0,0.0,0.0,0.0,0.0,0.0,0.0,0.0,0.0,0.0,0.0,0.0,0.0,0.0,0.0,0.0,0.0,0.0,0.0,0.0,0.0,0.0,0.0,0.0,0.0,0.0,0.0,0.0,0.0,0.0,0.0,0.0,0.0,0.0,0.0,0.0,0.0,0.0,0.0,0.0,0.0,0.0,0.0,0.0,0.0,0.0,0.0,0.0,0.0,0.0,0.0,0.0,0.0,0.0,0.0,0.0,0.0,0.0,0.0,0.0,0.0,0.0,0.0,0.0,0.0,0.0,0.0,0.0,0.0,0.0,0.0,0.0,0.0,0.0,0.0,0.0,0.0,0.0,0.0,0.0,0.0,0.0,0.0,0.0,0.0,0.0,0.0,0.0,0.0,0.0,0.0,0.0,0.0,0.0,0.0,0.0,0.0,0.0,0.0,0.0,0.0,0.0,0.0,0.0,0.0,0.0,0.0,0.0,0.0,0.0,0.0,0.0,0.0,0.0,0.0,0.0,0.0,0.0,0.0,0.0,0.0,0.0,0.0,0.0,0.0,0.0,0.0,0.0,0.0,0.0,0.0,0.0,0.0,0.0,0.0,0.0,0.0,0.0,0.0,0.0,0.0,0.0,0.0,0.0,0.0,0.0,0.0,0.0,0.0,0.0,0.0,0.0,0.0,0.0,0.0,0.0,0.0,0.0,0.0
Reef 152,0.0,0.0,0.0,0.0,0.0,0.0,0.0,0.000122213,0.0,0.0,3.4e-06,0.000173764,0.0,1.45e-06,0.000482009,2.76e-05,0.0,2.24e-05,0.000129496,1.27e-06,5.51e-05,5.07e-05,0.0,2e-06,0.0,5.17e-06,2.86e-05,0.0,0.0,0.000479863,1.26e-06,0.0,0.0,1.19e-05,0.0,7.32e-05,1.22e-05,2.54e-06,0.0,5.79e-06,1.25e-06,0.0,3.73e-06,0.0,3.25e-06,3.77e-06,2.22e-06,1.35e-05,0.0,1.65e-05,0.0,0.0,3.66e-05,9.44e-06,1.76e-06,0.0,0.0,0.000198104,0.0,0.0,4.98e-06,0.0,0.0,0.0,3.91e-06,0.0,0.0,0.0,0.0,0.0,3.44e-06,1.78e-05,0.0,0.0,0.0,4.84e-05,1.05e-05,0.0,0.0,0.0,7.28e-06,0.0,0.0,0.0,0.0,0.0,0.0,0.0,0.0,7.52e-06,0.000131181,0.0,0.0,0.0,0.0,0.0017337,0.0,4.21e-06,0.0,0.0,0.0,0.0,0.0,0.0,0.0,0.0,1.18e-05,0.000367657,5.44e-05,0.0,0.0,1.53e-05,0.0014813,1.7e-05,3.37e-06,0.0,0.0,0.0,0.000918608,2.69e-05,0.0,5.54e-06,3.38e-05,3e-06,2.25e-06,5.33e-05,0.000414938,0.0,0.0,1.56e-06,3.73e-06,7.55e-06,1.04e-05,4.12e-06,0.00032663,0.000203582,7.67e-05,0.0,0.000109778,0.0,4.09e-05,2.33e-06,3.23e-06,0.00168169,1.41e-06,1.83e-06,9.14e-05,0.000295272,0.0,0.000115279,0.0,0.0321278,0.000107702,0.0,0.0,0.000454913,8.32e-05,7.36e-06,2.97e-06,0.000518353,9.07e-05,0.0,0.0,0.0,0.0,0.0042088,0.00427114,5.58e-05,0.0,2.75e-06,0.000249,5.12e-06,0.0,0.0,0.0,0.00377876,0.0,0.0,1.4e-05,5.99e-05,0.0,0.00199582,0.0,0.0,0.0,8.44e-05,1.62e-05,0.000234581,1.06e-05,0.0,0.0,0.0,0.00131576,0.0,0.000895509,0.0,0.0,0.0,0.0,0.0,1.56e-06,0.00040917,0.0,0.000767481,0.0,0.0,6.07e-06,0.0,0.0,0.0,9.05e-05,0.0,0.0,0.0,0.000211268,4.58e-06,0.0,0.0,0.0,0.0,0.0,0.00117701,0.0,0.0,0.0,0.0,0.00328831,0.0,0.0,0.0,1.25e-06,0.0,0.0,0.0,0.0,0.0,0.0,0.0,0.0,1.39e-05,0.0,0.0,0.0,0.0,0.0,3.37e-06,0.0,0.0,0.0,0.0,0.0,0.0,8.79e-05,0.0,0.0,0.0,0.0,0.0,0.0,0.0,0.0,0.0,0.0,0.0,1.55e-05,0.0,0.0,0.0,0.0,0.0,0.0,0.0,0.0,0.0,0.0,0.0,0.0,0.0,0.0,0.0,0.0,0.0,0.0,0.0,0.0,0.0,0.0,2.97e-06,0.0,0.0,0.0,0.0,0.0,0.0,0.0,0.0,0.0,0.0,0.0,0.0,0.0,0.0,2.47e-06,0.0,0.0,0.0,0.0,0.0,0.0,0.0,0.0,0.0,0.0,0.0,0.0,0.0,0.0,0.0,0.0,0.0,0.0,0.0,0.0,0.0,0.0,0.0,0.0,0.0,0.0,0.0,0.0,0.0,0.0,0.0,0.0,0.0,0.0,0.0,0.0,0.0,0.0,0.0,0.0,0.0,0.0,0.0,0.0,0.0,0.0,0.0,0.0,0.0,0.0,0.0,0.0,0.0,0.0,0.0,0.0,0.0,0.0,0.0,0.0,0.0,0.0,0.0,0.0,0.0,0.0,0.0,0.0,0.0,0.0,0.0,0.0,0.0,0.0,0.0,0.0,0.0,0.0,0.0,0.0,0.0,0.0,0.0,0.0,0.0,0.0,0.0,0.0,0.0,0.0,0.0,0.0,0.0,0.0,0.0,0.0,0.0,0.0,0.0,0.0,0.0,0.0,0.0,0.0,0.0,0.0,0.0,0.0,0.0,0.0,0.0,0.0,0.0,0.0,0.0,0.0,0.0,0.0,0.0,0.0
Reef 153,0.0,0.0,0.0,0.0,0.0,0.0,0.0,0.0,0.0,0.0,0.0,0.0,0.0,0.0,0.0,0.0,0.0,0.0,0.0,0.0,0.0,0.0,0.0,0.0,0.0,0.0,0.0,0.0,0.0,0.0,0.0,0.0,0.0,0.0,0.0,0.0,0.0,0.0,0.0,0.0,0.0,0.0,0.0,0.0,0.0,0.0,0.0,0.0,0.0,0.0,0.0,0.0,0.0,0.0,0.0,0.0,0.0,0.0,0.0,0.0,0.0,0.0,0.0,0.0,0.0,0.0,0.0,0.0,0.0,0.0,0.0,0.0,0.0,0.0,0.0,0.0,0.0,0.0,0.0,0.0,0.0,0.0,0.0,0.0,0.0,0.0,0.0,0.0,0.0,0.0,0.0,0.0,0.0,0.0,0.0,0.0,0.0,0.0,0.0,0.0,0.0,0.0,0.0,0.0,0.0,0.0,0.0,0.0,0.0,0.0,0.0,0.0,0.0,0.0,0.0,0.0,0.0,0.0,0.0,0.0,0.0,0.0,0.0,0.0,0.0,0.0,4.08e-06,0.0,0.0,0.0,0.0,0.0,0.0,0.0,0.0,0.0,0.0,0.0,0.0,0.0,0.0,0.0,0.0,3.31e-05,0.0,0.0,1.04e-06,0.0,0.0,0.000792176,0.0,7.41e-06,0.0295981,0.0,1.66e-05,0.0,0.0,0.0,0.0,0.000410958,3.21e-06,0.0,0.0,0.0,0.0,0.000549048,0.00253057,0.0,0.0,0.0,0.0,1.4e-06,0.0,0.0,0.0,4.7e-05,0.0,0.0,0.0,0.0,0.0,3.13e-06,0.0,0.0,0.0,5.87e-06,1.02e-06,7.12e-05,5.02e-06,0.0,0.0,0.0,2.3e-06,0.0,1.13e-06,2.28e-06,0.0,0.0,0.0,0.0,1.26e-06,0.000135473,0.0,8.55e-07,0.0,0.0,1.4e-06,0.0,0.0,1.5e-05,0.000149286,3.33e-05,2.43e-05,6.63e-06,0.000871986,4.48e-05,0.0,0.0,8.39e-07,0.0,0.0,8.32e-05,0.0,0.0,2.16e-06,0.0,3.29e-05,0.0,0.0,0.0,0.0,0.0,0.0,0.0,0.0,0.0,0.0,0.0,0.0,1.74e-05,7.71e-05,0.0,0.0,0.0,0.0,1.05e-05,5e-06,0.0,0.0,0.0,0.0,0.0,1.47e-05,0.0,0.0,0.0,0.0,0.0,0.0,1.3e-05,0.0,0.0,0.0,0.0,9.07e-05,0.0,0.0,0.0,0.0,8.76e-07,0.0,0.0,2.52e-05,0.0,0.0,6.78e-06,6.26e-06,0.0,0.0,7.48e-06,0.0,2.1e-05,0.0,0.0,0.0,0.0,0.0,2.47e-06,0.0,0.0,0.0,0.0,0.0,0.0,0.0,0.0,0.0,0.0,1.41e-05,0.0,0.0,0.0,4.77e-05,0.0,0.0,0.0,0.0,0.0,0.0,0.0,0.0,0.0,0.0,0.0,0.0,0.0,0.0,0.0,0.0,0.0,0.0,0.0,0.0,0.0,0.0,0.0,0.0,0.0,0.0,0.0,0.0,0.0,0.0,0.0,0.0,0.0,0.0,0.0,0.0,0.0,0.0,0.0,0.0,0.0,0.0,0.0,0.0,0.0,0.0,0.0,0.0,0.0,0.0,0.0,0.0,0.0,0.0,0.0,0.0,0.0,0.0,0.0,0.0,0.0,0.0,0.0,0.0,0.0,0.0,0.0,0.0,0.0,0.0,0.0,0.0,0.0,0.0,0.0,0.0,0.0,0.0,0.0,0.0,0.0,0.0,0.0,0.0,0.0,0.0,0.0,0.0,0.0,0.0,0.0,0.0,0.0,0.0,0.0,0.0,0.0,0.0,0.0,0.0,0.0,0.0,0.0,0.0,0.0,0.0,0.0,0.0,0.0,0.0,0.0,0.0,0.0,0.0,0.0,0.0,0.0,0.0,0.0,0.0
Reef 154,0.0,0.0,0.0,0.0,0.0,0.0,0.0,0.0,0.0,0.0,0.0,0.0,0.0,0.0,0.0,0.0,0.0,0.0,0.0,0.0,0.0,0.0,0.0,0.0,0.0,0.0,0.0,0.0,0.0,0.00121132,0.0,0.0,0.0,0.0,0.0,0.00424331,0.0,0.0,0.0,0.0,0.0,0.0,0.0,0.0,0.0,0.0,0.0,0.0,0.00223973,0.0,0.0,0.0,0.0,0.0,0.0,0.0,0.0,0.006536,0.0,0.0,0.0,0.0,0.0,0.0,0.0,0.0,0.00375379,0.0,0.0,0.0,0.0,0.00201351,0.0,0.0,0.0,0.0,0.0,0.0,0.0,0.0,0.000962679,0.000784418,0.0,0.0,0.0,0.0,0.0,0.00101444,0.0,0.0,0.0,0.0,0.0,0.002561,0.0,0.00739575,0.0,0.00113052,0.0,0.0,0.0,0.0,0.0,0.0,0.0,0.0,0.0,0.00931886,0.0,0.0,0.0,0.0,0.0,0.0,0.0,0.0,0.0,0.0011749,0.0,0.0,0.0,0.000750858,0.0,0.00295565,0.0,0.0,0.0,0.0,0.0,0.00095123,0.00187589,0.00242537,0.0,0.0,0.0205484,0.00850296,0.00129642,0.0,0.0195016,0.0,0.00245434,0.0,0.0,0.0,0.0,0.0,0.0,0.018433,0.0,0.0,0.0,0.0,0.0,0.0,0.0,0.0103411,0.0023007,0.0,0.0,0.0,0.00086173,0.0,0.0,0.0,0.0,0.0,0.0,0.0,0.0,0.0,0.00144422,0.0,0.0,0.0,0.0,0.0,0.0,0.0,0.0,0.0,0.0,0.0,0.0,0.0,0.0,0.00303537,0.0,0.0,0.0,0.0,0.00105222,0.0,0.0,0.0,0.0,0.0,0.0,0.0,0.0,0.0,0.00263394,0.0,0.0,0.0,0.0,0.0,0.0,0.0,0.0,0.00430814,0.0,0.000897092,0.000996508,0.0,0.0,0.0,0.0,0.0,0.0,0.0,0.0,0.0,0.0,0.0,0.0,0.0,0.0,0.0,0.0,0.0,0.0,0.0,0.0,0.0,0.0,0.0,0.0,0.0,0.0,0.0,0.00108993,0.0,0.0,0.0,0.0,0.0,0.0,0.0,0.0,0.0,0.0,0.0,0.0,0.0,0.0,0.0,0.0,0.0,0.0,0.0,0.0,0.0,0.0,0.0,0.0,0.0,0.0,0.0,0.0,0.0,0.0,0.0,0.0,0.0,0.0,0.0,0.0,0.0,0.0,0.0,0.0,0.0,0.0,0.0,0.0,0.0,0.0,0.0,0.0,0.0,0.0,0.0,0.0,0.0,0.0,0.0,0.0,0.0,0.0,0.0,0.0,0.0,0.0,0.0,0.0,0.0,0.0,0.0,0.0,0.0,0.0,0.0,0.0,0.0,0.0,0.0,0.0,0.0,0.0,0.0,0.0,0.0,0.0,0.0,0.0,0.0,0.0,0.0,0.0,0.0,0.0,0.0,0.0,0.0,0.0,0.0,0.0,0.0,0.0,0.0,0.0,0.0,0.0,0.0,0.0,0.0,0.0,0.0,0.0,0.0,0.0,0.0,0.0,0.0,0.0,0.0,0.0,0.0,0.0,0.0,0.0,0.0,0.0,0.0,0.0,0.0,0.0,0.0,0.0,0.0,0.0,0.0,0.0,0.0,0.0,0.0,0.0,0.0,0.0,0.0,0.0,0.0,0.0,0.0,0.0,0.0,0.0,0.0,0.0,0.0,0.0,0.0,0.0,0.0,0.0,0.0,0.0,0.0,0.0,0.0,0.0,0.0,0.0,0.0,0.0,0.0,0.0,0.0,0.0,0.0,0.0,0.0,0.0,0.0,0.0,0.0,0.0,0.0,0.0,0.0,0.0,0.0,0.0
Reef 155,0.0,0.0,0.0,0.0,0.0,0.0,0.0,0.0,0.0,0.0,0.0,0.0,0.0,0.0,0.0,0.0,0.0,0.0,0.0,0.0,0.0,0.0,0.0,0.0,0.0,0.0,0.0,0.0,0.0,0.0,0.0,0.0,0.0,0.0,0.0,0.0,0.0,0.0,0.0,0.0,0.0,0.0,0.0,0.0,0.0,0.0,0.0,0.0,0.0,0.0,0.0,0.0,0.0,0.0,0.0,0.0,0.0,0.0,0.0,0.0,0.0,0.0,0.0,0.0,0.0,0.0,0.0,0.0,0.0,0.0,0.0,0.0,0.0,0.0,0.0,0.0,0.0,0.0,0.0,0.0,0.0,0.0,0.0,0.0,0.0,0.0,0.0,0.0,0.0,0.0,0.0,0.0,0.0,0.0,0.0,0.0,0.0,0.0,0.0,0.0,0.0,0.0,0.0,0.0,0.0,0.0,0.0,0.0,0.0,0.0,0.0,0.0,0.0,0.0,0.0,0.0,0.0,0.0,0.0,0.0,0.0,0.0,0.0,0.0,0.0,0.0,0.0,0.0,0.0,0.0,0.0,0.0,0.0,0.0,0.0,0.0,0.0,0.0,0.0,0.0,0.0,0.0,0.0,0.0011913,0.0,0.0,0.000431853,0.0,0.0,0.00144033,0.0,0.000692624,0.000423871,0.0,0.0,0.0,0.0,0.0,0.0,0.00467373,0.0,0.0,0.0,0.0,0.0,0.00509159,0.0289812,0.0,0.0,0.0,0.0,0.0,0.0,0.0,0.0,0.00783186,0.0,0.0,0.0,0.0,0.0,0.00262443,0.0,0.0,0.0,0.0,0.0,0.00110429,0.0,0.0,0.0,0.0,0.00191524,0.0,0.000907285,0.0,0.0,0.0,0.0,0.0,0.0,0.00138328,0.0,0.00328882,0.0,0.0,0.0,0.0,0.0,0.0,0.00151084,0.0,0.0,0.0,0.00922324,0.0004535,0.0,0.0,0.0,0.0,0.0,0.000926949,0.0,0.0,0.0,0.0,0.00229964,0.0,0.0,0.0,0.0,0.0,0.0,0.0,0.0,0.0,0.0,0.0,0.0,0.0,0.000913103,0.0,0.0,0.0,0.0,0.0,0.0,0.0,0.0,0.0,0.0,0.0,0.0,0.0,0.0,0.0,0.0,0.0,0.0,0.0,0.0,0.0,0.0,0.0,0.00201567,0.0,0.0,0.0,0.0,0.0,0.0,0.0,0.000430329,0.0,0.0,0.0,0.0,0.0,0.0,0.0,0.0,0.000435117,0.0,0.0,0.0,0.0,0.0,0.0,0.0,0.0,0.0,0.0,0.0,0.0,0.0,0.0,0.0,0.0,0.0,0.0,0.0,0.0,0.0,0.0,0.0,0.0,0.0,0.0,0.0,0.0,0.0,0.0,0.0,0.0,0.0,0.0,0.0,0.0,0.0,0.0,0.0,0.0,0.0,0.0,0.0,0.0,0.0,0.0,0.0,0.0,0.0,0.0,0.0,0.0,0.0,0.0,0.0,0.0,0.0,0.0,0.0,0.0,0.0,0.0,0.0,0.0,0.0,0.0,0.0,0.0,0.0,0.0,0.0,0.0,0.0,0.0,0.0,0.0,0.0,0.0,0.0,0.0,0.0,0.0,0.0,0.0,0.0,0.0,0.0,0.0,0.0,0.0,0.0,0.0,0.0,0.0,0.0,0.0,0.0,0.0,0.0,0.0,0.0,0.0,0.0,0.0,0.0,0.0,0.0,0.0,0.0,0.0,0.0,0.0,0.0,0.0,0.0,0.0,0.0,0.0,0.0,0.0,0.0,0.0,0.0,0.0,0.0,0.0,0.0,0.0,0.0,0.0,0.0,0.0,0.0,0.0,0.0,0.0,0.0,0.0,0.0,0.0,0.0
Reef 156,0.0,0.0,0.0,0.0,0.0,0.0,0.0,0.0,0.0,0.0,0.0,2.73e-06,0.0,0.000110697,2.58e-05,2.88e-06,0.0,3.98e-05,2.87e-05,3.69e-06,1.63e-05,2.56e-05,1.73e-06,0.000109246,0.0,1.8e-05,0.000315663,1.57e-06,0.0,0.00146017,4.71e-06,0.0,1.45e-06,3.95e-05,6.76e-06,4.62e-05,3.93e-05,0.000107335,0.0,6.66e-06,3.38e-06,0.0,0.0,3.14e-06,0.0,0.0,0.0,2.27e-06,2.74e-06,7.56e-05,0.0,0.0,0.0,0.0,1.25e-06,3.35e-06,1.57e-06,0.00445779,6.72e-06,0.0,4.45e-05,5.97e-06,0.0,1.33e-06,0.000189439,1.11e-05,0.000412743,5.92e-06,1.73e-06,4.98e-05,3.28e-06,4.97e-06,7.05e-06,4.81e-06,0.0,5.35e-05,2.93e-05,3.42e-06,1.38e-05,3.55e-06,4.71e-06,0.000596837,2.73e-05,1.55e-06,1.18e-06,1.43e-06,5.02e-06,3.88e-05,1.47e-06,0.000273938,9.59e-05,1.53e-06,6.16e-06,7.76e-05,4.49e-06,0.00670927,1.45e-06,0.000247834,0.0,2.63e-06,1.3e-06,5.27e-06,1.23e-06,7.34e-06,0.0,2.76e-06,0.000167318,0.00710897,0.000459335,4.28e-06,8.73e-06,0.000308991,0.000577852,5.29e-05,2.68e-05,1.5e-06,0.000139339,0.00113785,1.52e-06,0.000555929,2.28e-05,0.000164159,0.000384918,0.00441899,0.0,0.00135492,0.0,9.15e-06,3e-05,0.000592418,9.76e-05,0.00142477,0.0,0.0,0.0445545,0.000296148,0.000874027,0.0,1.8e-06,0.0,0.00103064,0.0,0.0,0.0,0.0,0.0,0.0,0.00313146,0.0,0.0,0.0,0.0,0.0,3.52e-06,0.0,0.0241522,0.000765419,0.0,0.0,0.0,0.000558213,0.0,0.0,0.0,0.0,0.0,0.0,0.000391733,5.88e-06,0.0,3.87e-05,5.26e-05,1.18e-05,0.0,0.0,0.0,4.72e-06,0.0,0.0,0.00182724,0.0,0.0,0.000786722,0.0,0.0,0.0015505,0.0,0.0,0.0,0.0,0.000879555,0.0,0.0,0.0,0.0,1.71e-05,0.0,0.0,0.0,0.0,0.00118835,2.08e-05,3.76e-06,2.15e-06,0.0,0.0,0.0,0.0,0.0,0.000123943,0.00010362,6.92e-05,0.00218991,0.0,0.000105152,0.000102362,0.0,0.0,0.0,0.0,0.0,0.0,0.0,0.0,6.03e-06,0.0,0.0,6.09e-06,0.0,0.0,2.26e-05,0.0,0.0,0.0,0.0,0.0,0.0,0.0,0.0,3.5e-06,1.17e-05,4.25e-06,0.0,0.0,0.0,0.0,2.12e-06,1.33e-06,0.0,0.0,0.0,0.0,0.0,0.0,0.0,0.0,0.0,0.0,0.0,2.83e-06,0.0,0.0,0.0,0.0,0.0,0.0,0.0,0.0,0.0,3.29e-06,0.0,0.0,1.76e-06,0.0,0.0,0.0,1.64e-06,0.0,0.0,0.0,0.0,0.0,0.0,0.0,0.0,0.0,0.0,0.0,0.0,1e-05,0.0,0.0,0.0,0.0,0.0,0.0,0.0,0.0,0.0,0.0,0.0,0.0,0.0,0.0,0.0,0.0,0.0,0.0,0.0,0.0,0.0,0.0,0.0,0.0,0.0,0.0,0.0,0.0,0.0,0.0,0.0,0.0,0.0,0.0,0.0,0.0,0.0,0.0,0.0,0.0,0.0,0.0,0.0,0.0,0.0,0.0,0.0,0.0,0.0,0.0,0.0,0.0,0.0,0.0,0.0,0.0,0.0,0.0,0.0,0.0,0.0,0.0,0.0,0.0,0.0,0.0,0.0,0.0,0.0,0.0,0.0,0.0,0.0,0.0,0.0,0.0,0.0,0.0,0.0,0.0,0.0,0.0,0.0,0.0,0.0,0.0,0.0,0.0,0.0,0.0,0.0,0.0,0.0,0.0,0.0,0.0,0.0,0.0,0.0,0.0,0.0,0.0,0.0,0.0,0.0,0.0,0.0,0.0,0.0,0.0,0.0,0.0,0.0,0.0,0.0,0.0,0.0,0.0,0.0,0.0,0.0,0.0,0.0,0.0,0.0,0.0,0.0,0.0,0.0,0.0,0.0,0.0,0.0
Reef 157,0.0,0.0,0.0,0.0,0.0,0.0,0.0,0.0,0.0,0.0,0.0,0.0,0.0,0.0,0.0,0.0,0.0,5e-06,0.0,0.0,1.26e-05,0.0,0.0,0.0,0.0,0.0,7.41e-05,0.0,0.0,0.0,0.0,0.0,0.0,0.0,0.0,9e-05,0.0,0.0,0.0,1.1e-05,0.0,0.0,0.0,0.0,0.0,0.0,0.0,0.0,1.32e-05,0.0,0.0,0.0,0.0,0.0,0.0,0.0,0.0,0.000658751,0.0,0.0,0.0,0.0,0.0,0.0,0.0,0.0,4.16e-05,0.0,0.0,0.0,2.49e-05,4.25e-05,0.0,0.0,0.0,0.0,0.0,0.0,0.0,0.0,8.92e-05,0.000844577,0.0,0.0,0.0,0.0,0.0,0.000119908,0.0,0.0,0.0,0.0,0.0,0.000351719,0.0,0.0,3.39e-06,9.33e-05,0.0,0.0,0.0,0.0,0.0,0.0,0.0,0.0,4.16e-06,0.000675278,0.0,0.0,0.0,4.73e-05,0.0,7.42e-06,5.82e-06,0.0,7.76e-06,1.7e-05,0.0,0.0,0.0,0.000220683,0.0,0.000299348,0.0,0.0,0.0,2.99e-05,3.34e-06,1.91e-05,0.000145981,6.25e-06,0.0,0.0,2.38e-05,0.000809525,8.86e-05,0.0,0.00230755,0.0,0.000297593,0.0,0.0,0.0,0.0,0.0,0.0,0.00309743,0.0,0.0,0.0,0.0,0.0,7.77e-06,0.0,8.54e-05,0.0488452,0.0,0.0,0.0,0.000431569,1.2e-05,0.0,0.0,0.0,0.0,0.0,0.002368,0.000505698,0.0,0.000129251,3.63e-05,0.000703752,8.08e-05,0.0,0.0,0.000351473,0.0,0.0,6.1e-05,0.0,0.0,0.000238942,0.0,0.0,0.0199989,0.0,1.12e-05,8.71e-06,0.0,0.000124822,0.0,0.0,4.67e-06,0.0,0.000582103,0.0,0.0,0.0,0.0,0.000435107,0.000736778,8.76e-06,7.71e-05,0.0,0.0,0.0,0.0,0.0,0.000471882,0.00344364,2.98e-05,0.000398119,0.00016014,0.00351658,0.00336587,7.51e-06,2.24e-05,0.0,5.54e-06,5.29e-06,0.0,1.15e-05,0.0,0.00499858,0.0,0.0,3.42e-05,0.0,0.0,8.98e-05,0.0,0.0,8.23e-06,0.0,4.17e-05,0.0,0.0,0.0,0.000124224,0.000355601,0.000108808,0.0,0.0,0.0,0.0,7.45e-05,4.43e-05,0.0,0.0,0.0,0.0,4.43e-05,0.0,0.0,0.0,0.0,0.0,0.0,0.000104359,0.0,0.0,0.0,0.0,0.0,0.0,0.0,3.43e-05,0.0,0.000120834,0.0,0.0,6.41e-05,0.0,0.0,0.0,0.0,0.0,0.0,0.0,0.0,0.0,0.0,0.0,0.0,0.0,0.0,0.0,0.0,6.76e-06,0.0,0.0,0.0,0.0,0.0,0.0,0.0,0.0,0.0,0.0,0.0,0.0,0.0,0.0,0.0,0.0,0.0,0.0,0.0,0.0,0.0,0.0,0.0,0.0,0.0,0.0,0.0,0.0,0.0,0.0,0.0,0.0,0.0,0.0,0.0,0.0,0.0,0.0,0.0,0.0,0.0,0.0,0.0,0.0,0.0,0.0,0.0,0.0,0.0,0.0,0.0,0.0,0.0,0.0,0.0,0.0,0.0,0.0,0.0,0.0,0.0,0.0,0.0,0.0,0.0,0.0,0.0,0.0,0.0,0.0,0.0,0.0,0.0,0.0,0.0,0.0,0.0,0.0,0.0,0.0,0.0,0.0,0.0,0.0,0.0,0.0,0.0,0.0,0.0,0.0,0.0,0.0,0.0,0.0,0.0,0.0,0.0,0.0,0.0,0.0,0.0,0.0,0.0,0.0,0.0,0.0,0.0,0.0,0.0,0.0,0.0,0.0,0.0,0.0,0.0,0.0,0.0,0.0,0.0,0.0,0.0,0.0,0.0,0.0,0.0,0.0,0.0,0.0,0.0,0.0,0.0,0.0,0.0
Reef 158,0.0,0.0,0.0,0.0,0.0,0.0,0.0,0.0,0.0,0.0,0.0,0.0,0.0,0.0,0.0,0.0,0.0,0.0,0.0,0.0,0.0,0.0,0.0,0.0,0.0,0.0,0.0,0.0,0.0,0.0,0.0,0.0,0.0,0.0,0.0,0.0,0.0,0.0,0.0,0.0,0.0,0.0,0.0,0.0,0.0,0.0,0.0,0.0,0.0,0.0,0.0,0.0,0.0,0.0,0.0,0.0,0.0,0.0,0.0,0.0,0.0,0.0,0.0,0.0,0.0,0.0,0.0,0.0,0.0,0.0,0.0,0.0,0.0,0.0,0.0,0.0,0.0,0.0,0.0,0.0,0.0,0.0,0.0,0.0,0.0,0.0,0.0,0.0,0.0,0.0,0.0,0.0,0.0,0.0,0.0,0.0,0.0,0.0,0.0,0.0,0.0,0.0,0.0,0.0,0.0,0.0,0.0,0.0,0.0,0.0,0.0,0.0,0.0,0.0,0.0,0.0,0.0,0.0,0.0,0.0,0.0,0.0,0.0,0.0,0.0,0.0,0.0,0.0,0.0,0.0,0.0,0.0,0.000200907,0.0,0.0,0.0,0.0,0.000700467,0.0,0.000281154,0.0,0.00019298,0.0,0.0,8.66e-05,0.000189805,0.0,0.0,9.98e-05,0.0,9.68e-05,0.0,0.0,0.0,0.0,0.0,0.0,0.00667162,0.000200442,0.0,0.0,0.0,0.0,0.000120669,0.000617841,0.0,0.0,0.0,0.0,0.00192505,0.0,0.0,0.0,0.0,0.000387763,0.0,0.0,0.0,0.0,0.0,0.0,0.0,0.0,0.0,0.000298078,0.0,0.0,0.0,0.0,0.0,0.0,0.0,0.0,0.0,0.0,0.0,0.0,0.00102022,0.0,0.000285401,0.0,0.0,0.0,0.0,0.0,0.0,0.0,8.2e-05,0.0,0.0,0.0,0.0,0.0,0.0,0.0,0.0,0.0,0.0,0.0,0.0,0.0,0.0,0.0,0.0,0.0,0.0,0.0,0.0,0.0,0.0,0.0,0.0,0.0,0.0,0.0,0.0,0.0,0.0,0.0,0.0,0.0,0.0,0.0,0.0,0.0,0.0,0.0,0.0,0.0,0.0,0.0,0.0,0.0,0.0,0.0,0.0,0.0,0.0,0.0,0.0,0.0,0.0,0.0,0.0,0.0,0.0,0.0,0.0,0.0,0.0,0.0,0.0,0.0,0.0,0.0,0.0,0.0,0.0,0.0,0.0,0.0,0.0,0.0,0.0,0.0,0.0,0.0,0.0,0.0,0.0,0.0,0.0,0.0,0.0,0.0,0.0,0.0,0.0,0.0,0.0,0.0,0.0,0.0,0.0,0.0,0.0,0.0,0.0,0.0,0.0,0.0,0.0,0.0,0.0,0.0,0.0,0.0,0.0,0.0,0.0,0.0,0.0,0.0,0.0,0.0,0.0,0.0,0.0,0.0,0.0,0.0,0.0,0.0,0.0,0.0,0.0,0.0,0.0,0.0,0.0,0.0,0.0,0.0,0.0,0.0,0.0,0.0,0.0,0.0,0.0,0.0,0.0,0.0,0.0,0.0,0.0,0.0,0.0,0.0,0.0,0.0,0.0,0.0,0.0,0.0,0.0,0.0,0.0,0.0,0.0,0.0,0.0,0.0,0.0,0.0,0.0,0.0,0.0,0.0,0.0,0.0,0.0,0.0,0.0,0.0,0.0,0.0,0.0,0.0,0.0,0.0,0.0,0.0,0.0,0.0,0.0,0.0,0.0,0.0,0.0,0.0,0.0,0.0,0.0,0.0,0.0,0.0,0.0,0.0,0.0,0.0,0.0,0.0,0.0,0.0,0.0,0.0,0.0,0.0,0.0,0.0,0.0,0.0
Reef 159,0.0,0.0,0.0,0.0,0.0,0.0,0.0,0.0,0.0,0.0,0.0,0.0,0.0,0.0,0.0,0.0,0.0,0.0,0.0,0.0,0.0,0.0,0.0,0.0,0.0,0.0,0.0,0.0,0.0,0.0,0.0,0.0,0.0,0.0,0.0,0.0,0.0,0.0,0.0,0.0,0.0,0.0,0.0,0.0,0.0,0.0,0.0,0.0,0.0,0.0,0.0,0.0,0.0,0.0,0.0,0.0,0.0,0.0,0.0,0.0,0.0,0.0,0.0,0.0,0.0,0.0,0.0,0.0,0.0,0.0,0.0,0.0,0.0,0.0,0.0,0.0,0.0,0.0,0.0,0.0,0.0,0.0,0.0,0.0,0.0,0.0,0.0,0.0,0.0,0.0,0.0,0.0,0.0,0.0,0.0,0.0,0.0,0.0,0.0,0.0,0.0,0.0,0.0,0.0,0.0,0.0,0.0,0.0,0.0,0.0,0.0,0.0,0.0,0.0,0.0,0.0,0.0,0.0,0.0,0.0,0.0,0.0,0.0,0.0,0.0,0.0,0.0,0.0,0.0,0.0,0.0,0.0,0.00137963,0.0,0.0,0.0,0.0,0.000543573,0.0,0.00131522,0.0,0.000396774,0.0,0.0,0.000216881,0.000156757,0.0,0.0,9.28e-05,0.0,0.000121759,0.0,0.0,0.0,0.0,0.0,0.0,0.0,0.000206781,0.0,0.0,0.0,0.0,0.000137361,0.00137984,0.0,0.0,0.0,0.0,0.00416831,0.0,0.0,0.0,0.0,0.000506585,0.0,0.0,0.0,0.0,0.0,0.0,0.0,0.0,0.000118546,0.000493047,0.0,0.0,0.0,0.0,0.0,0.0,0.00027973,0.0,0.0,0.0,0.0,0.0,0.00164514,0.0,0.00394619,0.0,0.0,0.0,0.0,0.0,0.0,0.0,0.00228031,0.0,0.0,0.0,0.0,0.0,0.0,0.0,0.0,0.0,0.0,0.0,0.0,0.0,0.0,0.0,0.0,0.0,0.0,0.0,0.0,0.0,0.0,0.0,0.0,0.0,0.0,0.0,0.0,0.0,0.0,0.0,0.0,0.0,0.0,0.0,0.0,0.0,0.0,0.0,0.0,0.0,0.0,0.0,0.0,0.0,0.0,0.0,0.0,0.0,0.0,0.0,0.0,0.0,0.0,0.0,0.0,0.0,0.0,0.0,0.0,0.0,0.0,0.0,0.0,0.0,0.0,0.0,0.0,0.0,0.0,0.0,0.0,0.0,0.0,0.0,0.0,0.0,0.0,0.0,0.0,0.0,0.0,0.0,0.0,0.0,0.0,0.0,0.0,0.0,0.0,0.0,0.0,0.0,0.0,0.0,0.0,0.0,0.0,0.0,0.0,0.0,0.0,0.0,0.0,0.0,0.0,0.0,0.0,0.0,0.0,0.0,0.0,0.0,0.0,0.0,0.0,0.0,0.0,0.0,0.0,0.0,0.0,0.0,0.0,0.0,0.0,0.0,0.0,0.0,0.0,0.0,0.0,0.0,0.0,0.0,0.0,0.0,0.0,0.0,0.0,0.0,0.0,0.0,0.0,0.0,0.0,0.0,0.0,0.0,0.0,0.0,0.0,0.0,0.0,0.0,0.0,0.0,0.0,0.0,0.0,0.0,0.0,0.0,0.0,0.0,0.0,0.0,0.0,0.0,0.0,0.0,0.0,0.0,0.0,0.0,0.0,0.0,0.0,0.0,0.0,0.0,0.0,0.0,0.0,0.0,0.0,0.0,0.0,0.0,0.0,0.0,0.0,0.0,0.0,0.0,0.0,0.0,0.0,0.0,0.0,0.0,0.0,0.0,0.0,0.0,0.0,0.0,0.0,0.0,0.0,0.0,0.0,0.0,0.0,0.0
Reef 160,0.0,0.0,0.0,0.0,0.0,0.0,0.0,0.0,0.0,0.0,0.0,0.0,0.0,0.0,0.0,0.0,0.0,0.0,0.0,0.0,0.0,0.0,0.0,0.0,0.0,0.0,0.0,0.0,0.0,0.0,0.0,0.0,0.0,0.0,0.0,0.0,0.0,0.0,0.0,0.0,0.0,0.0,0.0,0.0,0.0,0.0,0.0,4.42e-07,0.0,0.0,0.0,0.0,1.61e-06,7.98e-07,4.76e-06,0.0,0.0,0.0,0.0,0.0,0.0,0.0,0.0,0.0,0.0,0.0,0.0,0.0,0.0,0.0,0.0,0.0,0.0,0.0,0.0,0.0,0.0,0.0,0.0,0.0,0.0,0.0,0.0,0.0,0.0,0.0,0.0,0.0,0.0,0.0,0.0,0.0,0.0,0.0,0.0,0.0,0.0,0.0,0.0,0.0,0.0,0.0,0.0,0.0,0.0,0.0,0.0,0.0,0.0,0.0,0.0,0.0,0.0,0.0,0.0,0.0,0.0,0.0,4.97e-07,0.0,0.0,0.0,0.0,0.0,0.0,0.0,1.76e-06,0.0,0.0,0.0,0.0,0.0,0.0,0.0,0.0,0.0,1.23e-06,0.0,0.0,0.0,0.0,0.0,8.42e-07,5.84e-05,0.0,0.0,2.89e-06,0.0,0.0,0.00177421,0.0,1.78e-05,0.0254963,0.0,0.000115616,0.0,1.64e-06,0.0,0.0,0.0243361,0.000102297,0.0,0.0,0.0,0.0,0.00361601,0.0187816,1.93e-06,4.16e-06,0.0,0.0,4.64e-05,4.06e-06,1.31e-06,0.0,0.000789739,5.35e-06,0.0,0.000225609,0.0,0.0,0.000318636,0.0,0.0,0.0,0.000242862,0.000511583,3.51e-05,1.43e-06,0.0,0.0,0.0,0.000198188,0.0,0.000126005,7.47e-05,0.0,0.0,8.07e-06,0.0,5.56e-05,5.59e-05,0.0,0.000107686,0.0,7e-06,5.27e-06,0.0,0.0,0.000618965,1.57e-05,0.00184657,0.00113242,0.000264979,4.02e-05,1.31e-06,1.36e-06,2.29e-06,9.88e-06,4.91e-06,2.37e-06,5.05e-05,2.57e-06,7.32e-06,8.81e-05,0.0,0.000301975,1.05e-05,0.0,0.0,2.25e-05,0.0,9.15e-07,0.0,0.0,6.66e-07,0.0,0.0,0.0,2.6e-06,0.00335172,1.14e-05,0.0,0.0,0.0,3.35e-05,0.000308069,9.64e-06,0.0,0.0,0.0,4.63e-07,1.6e-05,0.0,0.0,0.0,0.0,0.0,0.0,0.000752895,0.0,0.0,0.0,0.0,2.95e-06,0.0,0.0,0.0,0.0,2.7e-06,0.0,0.0,0.00200669,0.0,0.0,0.000435623,0.000597221,0.0,0.0,0.000461605,0.0,0.00152167,0.0,0.0,0.0,0.0,0.0,4.07e-06,0.0,7.6e-05,0.0,0.0,0.0,0.0,0.0,0.0,0.0,9.82e-05,0.00254897,0.0,0.0,0.0,6.01e-05,0.0,0.0,0.0,0.0,0.0,0.0,0.0,0.0,0.0,0.0,0.0,0.0,0.0,0.0,0.0,0.0,0.0,0.0,0.0,0.0,0.0,0.0,0.0,0.0,2.1e-06,0.0,2.75e-06,0.0,0.0,0.0,1.01e-06,0.0,5.62e-07,2.39e-06,0.0,1.66e-06,0.0,0.0,0.0,1.14e-06,0.0,0.0,0.0,0.0,0.0,0.0,0.0,0.0,0.0,0.0,0.0,0.0,0.0,0.0,0.0,0.0,0.0,0.0,0.0,0.0,0.0,0.0,0.0,0.0,0.0,0.0,0.0,0.0,0.0,0.0,0.0,0.0,0.0,0.0,0.0,0.0,0.0,0.0,0.0,0.0,0.0,0.0,0.0,0.0,0.0,0.0,0.0,0.0,0.0,0.0,0.0,0.0,0.0,0.0,0.0,0.0,0.0,0.0,0.0,0.0,0.0,0.0,0.0,0.0,0.0,0.0,0.0,0.0,0.0,0.0,0.0,0.0,0.0,0.0,0.0,0.0,0.0,0.0,0.0,0.0
Reef 161,0.000356855,0.0,0.0,0.0,0.0,0.0,0.0,0.0,0.0,0.0,0.0,0.0,0.0,0.0,0.0,4.92e-06,0.0,0.0,0.0,0.0,5.49e-05,0.0,0.0,0.0,0.0,0.0,1.15e-05,0.0,0.0,0.0,0.0,0.0,0.0,0.0,0.0,2.31e-05,0.0,0.0,0.0,1.24e-06,0.0,0.0,0.0,0.0,0.0,0.0,0.0,0.0,1.26e-05,0.0,0.0,0.0,0.0,0.0,0.0,0.0,0.0,0.000309225,0.0,0.0,0.0,0.0,0.0,6.94e-07,0.0,0.0,0.000896297,0.0,0.0,0.0,2.1e-05,6.43e-05,0.0,0.0,0.0,0.0,0.0,0.0,0.0,0.0,9.58e-05,0.000748294,0.0,0.0,0.0,0.0,0.0,0.000367782,0.0,0.0,0.0,0.0,5.04e-06,0.000796783,0.0,0.0,5.36e-06,0.00168162,0.0,0.0,2.87e-06,3.73e-06,0.0,3.77e-06,6.98e-07,0.0,2.01e-06,0.000353199,0.0,0.0,0.0,2.61e-05,0.0,0.0,7.46e-07,0.0,0.000451888,0.00152059,0.0,0.0,0.0,0.0037485,0.0,0.012103,0.0,0.0,0.0,2.35e-05,2.88e-05,0.00438804,0.000721014,0.00706282,0.0,0.0,6.05e-06,0.000218744,0.0319052,0.0,0.00158857,0.0,0.00531888,0.0,0.0,0.0,0.0,0.0,0.0,0.00510806,0.0,0.0,0.0,0.0,0.0,2.25e-06,0.0,9.44e-07,0.000806054,0.0,0.0,0.0,0.0275706,8.15e-06,0.0,0.0,0.0,0.0,0.0,0.000259887,7.56e-07,0.0,1.38e-06,1.55e-05,7.95e-07,2.5e-06,0.0,0.0,7.19e-06,0.0,0.0,5.71e-07,0.0,0.0,6.44e-06,0.0,0.0,0.00126488,0.0,0.0,0.0,0.0,2.93e-05,0.0,0.0,0.0,0.0,1.36e-06,0.0,0.0,0.0,0.0,0.00035069,1.46e-06,1.6e-06,0.0,0.0,0.0,0.0,0.0,0.0,3.56e-05,8.68e-06,0.00011338,3.29e-06,7.95e-07,8.26e-06,8.44e-06,1.72e-06,1.27e-06,0.0,2.01e-06,0.000704234,0.0,0.000185737,0.0,2.72e-05,0.0,0.0,1.18e-06,0.0,0.0,8.18e-07,0.0,0.0,0.0,0.0,0.0,0.0,0.0,0.0,1.35e-06,1.31e-06,4.99e-07,0.0,0.0,0.0,0.0,7.77e-07,0.0,0.0,0.0,0.0,0.0,0.0,0.0,0.0,0.0,0.0,0.0,0.0,5.09e-07,0.0,0.0,0.0,0.0,0.0,0.0,0.0,0.0,0.0,0.0,0.0,0.0,9.21e-07,0.0,0.0,0.0,0.0,0.0,0.0,0.0,0.0,0.0,0.0,0.0,0.0,0.0,0.0,0.0,0.0,0.0,0.0,0.0,0.0,0.0,0.0,0.0,0.0,0.0,0.0,0.0,0.0,0.0,0.0,0.0,0.0,0.0,0.0,0.0,0.0,0.0,0.0,0.0,0.0,0.0,0.0,0.0,0.0,0.0,0.0,0.0,0.0,0.0,0.0,0.0,0.0,0.0,0.0,0.0,0.0,0.0,0.0,0.0,0.0,0.0,0.0,0.0,0.0,0.0,0.0,0.0,0.0,0.0,0.0,0.0,0.0,0.0,0.0,0.0,0.0,0.0,0.0,0.0,0.0,0.0,0.0,0.0,0.0,0.0,0.0,0.0,0.0,0.0,0.0,0.0,0.0,0.0,0.0,0.0,0.0,0.0,0.0,0.0,0.0,0.0,0.0,0.0,0.0,0.0,0.0,0.0,0.0,0.0,0.0,0.0,0.0,0.0,0.0,0.0,0.0,0.0,0.0,0.0,0.0,0.0,0.0,0.0,0.0,0.0,0.0,0.0,0.0,0.0,0.0,0.0,0.0,0.0,0.0,0.0,0.0,0.0,0.0,0.0,0.0,0.0,0.0,0.0,0.0,0.0,0.0,0.0,0.0,0.0,4.65e-07
Reef 162,0.0,0.0,0.0,0.0,0.0,0.0,0.0,0.0,0.0,0.0,0.0,0.0,0.0,0.0,0.0,0.0,0.0,0.0,0.0,0.0,0.0,0.0,0.0,0.0,0.0,0.0,0.0,0.0,0.0,0.0,0.0,0.0,0.0,0.0,0.0,0.0,0.0,0.0,0.0,0.0,0.0,0.0,0.0,0.0,0.0,0.0,0.0,0.0,0.0,0.0,0.0,0.0,0.0,0.0,0.0,0.0,0.0,0.0,0.0,0.0,0.0,0.0,0.0,0.0,0.0,0.0,0.0,0.0,0.0,0.0,0.0,0.0,0.0,0.0,0.0,0.0,0.0,0.0,0.0,0.0,0.0,0.00288933,0.0,0.0,0.0,0.0,0.0,0.0,0.0,0.0,0.0,0.0,0.0,0.0016993,0.0,0.0,0.0,0.00110208,0.0,0.0,0.0,0.0,0.0,0.0,0.0,0.0,0.0,0.0,0.0,0.0,0.0,0.0,0.0,0.0,0.0,0.0,0.0,0.00626814,0.0,0.0,0.0,0.00328652,0.0,0.00740258,0.0,0.0,0.0,0.0,0.0,0.00155201,0.000704607,0.00170176,0.0,0.0,0.0,0.0,0.0165557,0.0,0.00166823,0.0,0.00414818,0.0,0.0,0.0,0.0,0.0,0.0,0.00592827,0.0,0.0,0.0,0.0,0.0,0.0,0.0,0.0,0.00175305,0.0,0.0,0.0,0.037618,0.0,0.0,0.0,0.0,0.0,0.0,0.00163464,0.00097176,0.0,0.0,0.0221124,0.000812746,0.000995747,0.0,0.0,0.0012542,0.0,0.0,0.0,0.0,0.0,0.0,0.0,0.0,0.00368983,0.0,0.0,0.0,0.0,0.0,0.0,0.0,0.0,0.0,0.0,0.0,0.0,0.0,0.0,0.000778511,0.0,0.0,0.0,0.0,0.0,0.0,0.0,0.0,0.0,0.0,0.0,0.0,0.00224299,0.0,0.0,0.0,0.0,0.0,0.00236035,0.0,0.0,0.0,0.0,0.0,0.0,0.0,0.0,0.0,0.0,0.0,0.0,0.0,0.0,0.0,0.0,0.0,0.0,0.0,0.0,0.0,0.0,0.0,0.0,0.0,0.0,0.0,0.0,0.0,0.0,0.0,0.0,0.0,0.0,0.0,0.0,0.0,0.0,0.0,0.0,0.0,0.0,0.0,0.0,0.0,0.0,0.0,0.0,0.0,0.0,0.0,0.0,0.0,0.0,0.0,0.0,0.0,0.0,0.0,0.0,0.0,0.0,0.0,0.0,0.0,0.0,0.0,0.0,0.0,0.0,0.0,0.0,0.0,0.0,0.0,0.0,0.0,0.0,0.0,0.0,0.0,0.0,0.0,0.0,0.0,0.0,0.0,0.0,0.0,0.0,0.0,0.0,0.0,0.0,0.0,0.0,0.0,0.0,0.0,0.0,0.0,0.0,0.0,0.0,0.0,0.0,0.0,0.0,0.0,0.0,0.0,0.0,0.0,0.0,0.0,0.0,0.0,0.0,0.0,0.0,0.0,0.0,0.0,0.0,0.0,0.0,0.0,0.0,0.0,0.0,0.0,0.0,0.0,0.0,0.0,0.0,0.0,0.0,0.0,0.0,0.0,0.0,0.0,0.0,0.0,0.0,0.0,0.0,0.0,0.0,0.0,0.0,0.0,0.0,0.0,0.0,0.0,0.0,0.0,0.0,0.0,0.0,0.0,0.0,0.0,0.0,0.0,0.0,0.0,0.0,0.0,0.0,0.0,0.0,0.0,0.0,0.0,0.0,0.0,0.0,0.0,0.0,0.0,0.0,0.0,0.0,0.0,0.0,0.0,0.0,0.0,0.0,0.0,0.0,0.0,0.0,0.0,0.0,0.0,0.0,0.0,0.0,0.0
Reef 163,0.0,0.0,0.0,0.0,0.0,0.0,0.0,0.0,0.0,0.0,0.0,0.0,0.0,0.0,0.0,0.0,0.0,0.0,0.0,0.0,0.0,0.0,0.0,0.0,0.0,0.0,0.0,0.0,0.0,0.0,0.0,0.0,0.0,0.0,0.0,0.0,0.0,0.0,0.0,0.0,0.0,0.0,0.0,0.0,0.0,0.0,0.0,0.0,0.0,0.0,0.0,0.0,0.0,0.0,0.0,0.0,0.0,0.0,0.0,0.0,0.0,0.0,0.0,0.0,0.0,0.0,0.0,0.0,0.0,0.0,0.0,0.0,0.0,0.0,0.0,0.0,0.0,0.0,0.0,0.0,0.0,0.0,0.0,0.0,0.0,0.0,0.0,0.0,0.0,0.0,0.0,0.0,0.0,0.0,0.0,0.0,0.0,0.0,0.0,0.0,0.0,0.0,0.0,0.0,0.0,0.0,0.0,0.0,0.0,0.0,0.0,0.0,0.0,0.0,0.0,0.0,0.0,0.0,0.0,0.0,0.0,0.0,0.0,0.0,0.0,0.0,0.0,0.0,0.0,0.0,0.0,0.0,0.0,0.0,0.0,0.0,0.0,0.0,0.0,0.0,0.0,0.0,0.0,0.0,0.0,0.0,0.0,0.0,0.0,0.0,0.0,0.0,0.0,0.0,0.0,0.0,0.0,0.0,0.0,0.0,0.0,0.0,0.00356007,0.0,0.0,0.0,0.0,0.0,0.0,0.0,0.0,0.0,0.0,0.0,4.1e-05,0.0,0.0,0.000506297,0.0,0.0,0.000277739,0.0,0.0,1.99e-05,1.37e-05,0.0,0.0,0.0,0.0,0.0,0.0,0.0,0.0,0.0,0.0,0.0,0.0,0.00061641,0.0,1.13e-05,0.0,0.0,0.0,0.0,0.0,0.0,0.0,0.00023044,0.0,0.0,0.0,0.0,0.0,0.0,0.0,0.0,0.0,0.0,0.0,0.0,0.0,0.0,0.0,0.0,0.0,1.26e-05,0.0,0.0,0.0,0.000923049,0.0,0.0,0.0,0.0,0.0,0.0,0.0,0.0,0.0,0.0,0.0,0.0,0.0,0.0,0.0,0.0,0.0,0.0,0.0,0.0,0.0,0.0,0.0,0.0,0.0,0.0,0.0,0.0,0.0,0.0,0.0,0.0,0.0,0.0,0.0,0.0,0.0,0.0,0.0,0.0,0.0,0.0,0.0,0.0,0.0,0.0,0.0,0.0,0.0,0.0,0.0,0.0,0.0,0.0,0.0,0.0,0.0,0.0,0.0,0.0,0.0,0.0,0.0,0.0,0.0,0.0,0.0,0.0,0.0,0.0,0.0,0.0,0.0,0.0,0.0,0.0,0.0,0.0,0.0,0.0,0.0,0.0,0.0,0.0,0.0,0.0,0.0,0.0,0.0,0.0,0.0,0.0,0.0,0.0,0.0,0.0,0.0,0.0,0.0,0.0,0.0,0.0,0.0,0.0,0.0,0.0,0.0,0.0,0.0,0.0,0.0,0.0,0.0,0.0,0.0,0.0,0.0,0.0,0.0,0.0,0.0,0.0,0.0,0.0,0.0,0.0,0.0,0.0,0.0,0.0,0.0,0.0,0.0,0.0,0.0,0.0,0.0,0.0,0.0,0.0,0.0,0.0,0.0,0.0,0.0,0.0,0.0,0.0,0.0,0.0,0.0,0.0,0.0,0.0,0.0,0.0,0.0,0.0,0.0,0.0,0.0,0.0,0.0,0.0,0.0,0.0,0.0,0.0,0.0,0.0,0.0,0.0,0.0,0.0,0.0,0.0,0.0,0.0,0.0,0.0,0.0,0.0,0.0,0.0,0.0,0.0,0.0,0.0,0.0,0.0,0.0,4.03e-05,0.0
Reef 164,0.0,0.0,0.0,0.0,0.0,0.0,0.0,0.0,0.0,0.0,0.0,0.0,0.0,0.0,0.0,0.0,0.0,0.0,0.0,0.0,0.0,0.0,0.0,0.0,0.0,0.0,0.0,0.0,0.0,0.0,0.0,0.0,0.0,0.0,0.0,0.0,0.0,0.0,0.0,0.0,0.0,0.0,0.0,0.0,0.0,0.0,0.0,0.0,0.0,0.0,0.0,0.0,0.0,0.0,0.0,0.0,0.0,0.0,0.0,0.0,0.0,0.0,0.0,0.0,0.0,0.0,0.0,0.0,0.0,0.0,0.0,0.0,0.0,0.0,0.0,0.0,0.0,0.0,0.0,0.0,0.0,0.0,0.0,0.0,0.0,0.0,0.0,0.0,0.0,0.0,0.0,0.0,0.0,0.0,0.0,0.0,0.0,0.0,0.0,0.0,0.0,0.0,0.0,0.0,0.0,0.0,0.0,0.0,0.0,0.0,0.0,0.0,0.0,0.0,0.0,0.0,0.0,0.0,0.0,0.0,0.0,0.0,0.0,0.0,0.0,0.0,0.0,0.0,0.0,0.0,0.0,0.0,0.00158671,0.0,0.0,0.0,0.0,0.000371808,0.0,0.00152332,0.0,0.0,0.0,0.0,0.0,0.0,0.0,0.0,0.00126369,0.0,0.00106443,0.0,0.0,0.0,0.0,0.0,0.0,0.0,0.0,0.0,0.0,0.0,0.0,0.000673908,0.000224515,0.0,0.0,0.0,0.0,0.0,0.0,0.0,0.0,0.0,0.00221646,0.0,0.0,0.0,0.0,0.0,0.0,0.0,0.0,0.000788285,0.000163658,0.0,0.0,0.0,0.0,0.0,0.0,0.000416685,0.0,0.0,0.0,0.0,0.0,0.000484395,0.0,0.00189854,0.0,0.0,0.0,0.0,0.0,0.0,0.0,0.000565433,0.0,0.0,0.0,0.0,0.0,0.0,0.0,0.0,0.0,0.0,0.0,0.0,0.0,0.0,0.0,0.0,0.0,0.0,0.0,0.0,0.0,0.0,0.0,0.0,0.0,0.0,0.0,0.0,0.0,0.0,0.0,0.0,0.0,0.0,0.0,0.0,0.0,0.0,0.0,0.0,0.0,0.0,0.0,0.0,0.0,0.0,0.0,0.0,0.0,0.0,0.0,0.0,0.0,0.0,0.0,0.0,0.0,0.0,0.0,0.0,0.0,0.0,0.0,0.0,0.0,0.0,0.0,0.0,0.0,0.0,0.0,0.0,0.0,0.0,0.0,0.0,0.0,0.0,0.0,0.0,0.0,0.0,0.0,0.0,0.0,0.0,0.0,0.0,0.0,0.0,0.0,0.0,0.0,0.0,0.0,0.0,0.0,0.0,0.0,0.0,0.0,0.0,0.0,0.0,0.0,0.0,0.0,0.0,0.0,0.0,0.0,0.0,0.0,0.0,0.0,0.0,0.0,0.0,0.0,0.0,0.0,0.0,0.0,0.0,0.0,0.0,0.0,0.0,0.0,0.0,0.0,0.0,0.0,0.0,0.0,0.0,0.0,0.0,0.0,0.0,0.0,0.0,0.0,0.0,0.0,0.0,0.0,0.0,0.0,0.0,0.0,0.0,0.0,0.0,0.0,0.0,0.0,0.0,0.0,0.0,0.0,0.0,0.0,0.0,0.0,0.0,0.0,0.0,0.0,0.0,0.0,0.0,0.0,0.0,0.0,0.0,0.0,0.0,0.0,0.0,0.0,0.0,0.0,0.0,0.0,0.0,0.0,0.0,0.0,0.0,0.0,0.0,0.0,0.0,0.0,0.0,0.0,0.0,0.0,0.0,0.0,0.0,0.0,0.0,0.0,0.0,0.0,0.0,0.0,0.0,0.0,0.0,0.0,0.0,0.0
Reef 165,0.0,0.0,0.0,0.0,0.0,0.0,0.0,0.0,0.0,0.0,0.0,0.0,0.0,0.0,0.0,0.0,0.0,0.0,0.0,0.0,0.0,0.0,0.0,0.0,0.0,0.0,0.0,0.0,0.0,0.0,0.0,0.0,0.0,0.0,0.0,0.0,0.0,0.0,0.0,0.0,0.0,0.0,0.0,0.0,0.0,0.0,0.0,0.0,0.0,0.0,0.0,0.0,0.0,0.0,0.0,0.0,0.0,0.0,0.0,0.0,0.0,0.0,0.0,0.0,0.0,0.0,0.0,0.0,0.0,0.0,0.0,0.0,0.0,0.0,0.0,0.0,0.0,0.0,0.0,0.0,0.0,0.0,0.0,0.0,0.0,0.0,0.0,0.0,0.0,0.0,0.0,0.0,0.0,0.0,0.0,0.0,0.0,0.0,0.0,0.0,0.0,0.0,0.0,0.0,0.0,0.0,0.0,0.0,0.0,0.0,0.0,0.0,0.0,0.0,0.0,0.0,0.0,0.0,0.0,0.0,0.0,0.0,0.0,0.0,0.0,0.0,0.0,0.0,0.0,0.0,0.0,0.0,0.00010558,0.0,0.0,0.0,0.0,0.000257149,0.0,0.00102837,0.0,6.6e-05,0.0,0.0,3.52e-05,0.0,0.0,0.0,0.00117067,0.0,0.000912374,0.0,0.0,0.0,0.0,0.0,0.0,0.0,0.0,0.0,0.0,0.0,0.0,0.000593853,0.000255177,0.0,0.0,0.0,0.0,2.07e-05,0.0,0.0,0.0,0.0,0.00320066,0.0,0.0,0.0,0.0,0.0,0.0,0.0,0.0,0.000109716,0.000293634,0.0,0.0,0.0,0.0,0.0,0.0,3.24e-05,0.0,0.0,0.0,0.0,0.0,0.00102095,0.0,7.78e-05,0.0,0.0,0.0,0.0,0.0,0.0,0.0,4.36e-05,0.0,0.0,0.0,0.0,0.0,0.0,0.0,0.0,0.0,0.0,0.0,0.0,0.0,0.0,0.0,0.0,0.0,0.0,0.0,0.0,0.0,0.0,0.0,0.0,0.0,0.0,0.0,0.0,0.0,0.0,0.0,0.0,0.0,0.0,0.0,0.0,0.0,0.0,0.0,0.0,0.0,0.0,0.0,0.0,0.0,0.0,0.0,0.0,0.0,0.0,0.0,0.0,0.0,0.0,0.0,0.0,0.0,0.0,0.0,0.0,0.0,0.0,0.0,0.0,0.0,0.0,0.0,0.0,0.0,0.0,0.0,0.0,0.0,0.0,0.0,0.0,0.0,0.0,0.0,0.0,0.0,0.0,0.0,0.0,0.0,0.0,0.0,0.0,0.0,0.0,0.0,0.0,0.0,0.0,0.0,0.0,0.0,0.0,0.0,0.0,0.0,0.0,0.0,0.0,0.0,0.0,0.0,0.0,0.0,0.0,0.0,0.0,0.0,0.0,0.0,0.0,0.0,0.0,0.0,0.0,0.0,0.0,0.0,0.0,0.0,0.0,0.0,0.0,0.0,0.0,0.0,0.0,0.0,0.0,0.0,0.0,0.0,0.0,0.0,0.0,0.0,0.0,0.0,0.0,0.0,0.0,0.0,0.0,0.0,0.0,0.0,0.0,0.0,0.0,0.0,0.0,0.0,0.0,0.0,0.0,0.0,0.0,0.0,0.0,0.0,0.0,0.0,0.0,0.0,0.0,0.0,0.0,0.0,0.0,0.0,0.0,0.0,0.0,0.0,0.0,0.0,0.0,0.0,0.0,0.0,0.0,0.0,0.0,0.0,0.0,0.0,0.0,0.0,0.0,0.0,0.0,0.0,0.0,0.0,0.0,0.0,0.0,0.0,0.0,0.0,0.0,0.0,0.0,0.0,0.0,0.0,0.0,0.0,0.0,0.0
Reef 166,0.0,0.0,0.0,0.0,0.0,0.0,0.0,4.25e-06,0.0,0.0,0.0,0.0,0.0,3.76e-06,1.12e-05,0.0,0.0,0.0,6.53e-06,0.0,0.0,0.0,0.0,7.95e-06,0.0,0.0,0.0,0.0,0.0,1.88e-05,0.0,0.0,0.0,0.0,0.0,0.0,0.0,2.97e-06,0.0,0.0,0.0,0.0,0.0,0.0,5.15e-06,0.0,0.0,3.54e-06,0.0,0.0,0.0,0.0,9.8e-06,6.47e-06,7.67e-06,0.0,0.0,0.0,0.0,0.0,0.0,0.0,0.0,0.0,0.0,0.0,0.0,0.0,0.0,0.0,0.0,0.0,0.0,0.0,0.0,3.5e-06,0.0,0.0,0.0,0.0,0.0,0.0,0.0,0.0,0.0,0.0,0.0,0.0,0.0,0.0,1.01e-05,0.0,0.0,0.0,0.0,0.000135011,0.0,0.0,0.0,0.0,0.0,0.0,0.0,0.0,0.0,0.0,0.0,3.5e-06,4.83e-06,0.0,0.0,0.0,8.95e-05,0.0,0.0,0.0,0.0,0.0,7e-05,2.56e-06,0.0,0.0,3.98e-06,0.0,0.0,5.59e-06,6.34e-05,0.0,0.0,0.0,0.0,0.0,0.0,0.0,5.24e-06,3.77e-06,0.0,0.0,0.0,0.0,0.0,0.0,0.0,0.000288092,0.0,0.0,0.00396683,0.0,0.0,0.000290182,0.0,0.000416449,0.000489165,0.0,2.91e-06,0.0,0.0,0.0,0.0,0.00191733,0.0,0.0,0.0,0.0,0.0,0.0251533,0.0231934,0.0,0.0,0.0,0.0,0.0,0.0,0.0,0.0,0.00401709,0.0,0.0,0.000487258,0.0,0.0,0.0017874,0.0,0.0,0.0,2.48e-06,0.00115657,0.000310977,1.2e-05,0.0,0.0,0.0,0.0011199,0.0,0.0008334,2.55e-06,0.0,0.0,1.52e-05,0.0,0.0,0.000543629,0.0,0.00100664,0.0,7.73e-06,5.1e-06,0.0,0.0,6.26e-06,0.000378835,1.21e-05,9.81e-06,2.82e-06,0.00158913,9.76e-05,0.0,0.0,8.67e-06,0.0,0.0,0.000953801,0.0,5.47e-06,0.0,0.0,0.00200758,0.0,0.0,0.0,0.0,0.0,4.64e-06,0.0,0.0,0.0,0.0,0.0,0.0,4.57e-05,3.29e-05,0.0,0.0,0.0,0.0,2.77e-05,0.0,0.0,0.0,0.0,0.0,0.0,0.000292862,0.0,0.0,0.0,0.0,0.0,0.0,4.46e-06,0.0,0.0,0.0,0.0,5e-05,0.0,0.0,0.0,0.0,0.0,0.0,0.0,7.26e-06,0.0,0.0,3.07e-06,0.0,0.0,0.0,0.0,0.0,7.08e-06,0.0,0.0,0.0,0.0,0.0,9.63e-06,0.0,0.0,0.0,0.0,0.0,0.0,0.0,0.0,0.0,0.0,3.11e-06,0.0,0.0,0.0,3.44e-05,0.0,0.0,0.0,0.0,0.0,0.0,0.0,0.0,0.0,0.0,0.0,0.0,0.0,0.0,0.0,0.0,0.0,0.0,0.0,0.0,0.0,0.0,0.0,0.0,0.0,0.0,0.0,0.0,0.0,0.0,0.0,0.0,0.0,0.0,0.0,0.0,0.0,0.0,0.0,0.0,0.0,0.0,0.0,0.0,0.0,0.0,0.0,0.0,0.0,0.0,0.0,0.0,0.0,0.0,0.0,0.0,0.0,0.0,0.0,0.0,0.0,0.0,0.0,0.0,0.0,0.0,0.0,0.0,0.0,0.0,0.0,0.0,0.0,0.0,0.0,0.0,0.0,0.0,0.0,0.0,0.0,0.0,0.0,0.0,0.0,0.0,0.0,0.0,0.0,0.0,0.0,0.0,0.0,0.0,0.0,0.0,0.0,0.0,0.0,0.0,0.0,0.0,0.0,0.0,0.0,0.0,0.0,0.0,0.0,0.0,0.0,0.0,0.0,0.0,0.0,0.0,0.0,0.0,0.0,0.0
Reef 167,0.0,0.0,0.0,0.0,0.0,0.0,0.0,0.0,0.0,0.0,0.0,0.0,0.0,0.0,0.0,0.0,0.0,0.0,0.0,0.0,0.0,0.0,0.0,0.0,0.0,0.0,0.0,0.0,0.0,0.0,0.0,0.0,0.0,0.0,0.0,0.0,0.0,9.84e-07,0.0,0.0,0.0,0.0,0.0,0.0,7.85e-07,0.0,0.0,9.76e-07,0.0,0.0,0.0,0.0,3.23e-06,1.61e-06,9.85e-06,0.0,0.0,0.0,0.0,0.0,0.0,0.0,0.0,0.0,0.0,0.0,0.0,0.0,0.0,0.0,0.0,0.0,0.0,0.0,0.0,0.0,0.0,0.0,0.0,0.0,0.0,0.0,0.0,0.0,0.0,0.0,0.0,0.0,0.0,0.0,0.0,0.0,0.0,0.0,0.0,0.0,0.0,0.0,0.0,0.0,0.0,0.0,0.0,0.0,0.0,0.0,0.0,0.0,0.0,0.0,0.0,0.0,0.0,0.0,0.0,0.0,0.0,0.0,1.07e-06,0.0,0.0,0.0,0.0,0.0,0.0,0.0,4.14e-06,0.0,0.0,0.0,0.0,0.0,0.0,7.65e-07,0.0,0.0,0.0,0.0,0.0,0.0,0.0,0.0,1.81e-06,0.000327074,0.0,0.0,9.94e-07,0.0,0.0,5.04e-05,0.0,0.00024064,0.000275998,0.0,2.3e-05,0.0,0.0,5.13e-07,0.0,0.0192201,3.35e-05,0.0,0.0,0.0,0.0,0.00686205,0.101656,6.26e-07,1.64e-06,0.0,0.0,1.49e-05,1.62e-06,0.0,0.0,0.00173818,1.85e-06,0.0,0.000507028,0.0,0.0,0.000787238,0.0,0.0,0.0,7.29e-05,0.00120123,7.4e-05,3.43e-06,0.0,0.0,0.0,0.000569557,0.0,0.000343418,2.56e-05,0.0,0.0,1.2e-05,0.0,1.58e-05,0.000129168,0.0,0.000274956,0.0,7.09e-06,4.67e-06,0.0,0.0,0.000190442,2.42e-05,0.000459074,0.000344131,8.77e-05,6.35e-05,1.46e-06,4.78e-07,9.78e-07,9.86e-06,1.61e-06,1.12e-06,0.000162211,1.23e-06,7.28e-06,2.76e-05,0.0,0.000692806,4.14e-06,0.0,0.0,7.08e-06,0.0,7.91e-07,0.0,0.0,0.0,0.0,0.0,0.0,4.2e-06,0.00113543,3.59e-06,0.0,0.0,0.0,2.8e-05,8.35e-05,3.36e-06,0.0,0.0,0.0,0.0,2.59e-05,0.0,0.0,0.0,0.0,0.0,0.0,0.000241883,0.0,0.0,0.0,0.0,4.32e-06,0.0,0.0,0.0,0.0,8.5e-07,0.0,0.0,0.000606035,0.0,0.0,0.000219006,0.000192917,0.0,0.0,0.000234542,0.0,0.0006092,0.0,0.0,0.0,0.0,0.0,3.94e-06,0.0,2.19e-05,0.0,0.0,0.0,0.0,0.0,0.0,0.0,2.23e-05,0.000536602,0.0,0.0,0.0,6.49e-05,0.0,0.0,0.0,0.0,0.0,0.0,0.0,0.0,0.0,0.0,0.0,0.0,0.0,0.0,0.0,0.0,0.0,0.0,0.0,0.0,0.0,0.0,0.0,0.0,0.0,0.0,0.0,0.0,0.0,0.0,0.0,0.0,0.0,0.0,0.0,0.0,0.0,0.0,0.0,0.0,0.0,0.0,0.0,0.0,0.0,0.0,0.0,0.0,0.0,0.0,0.0,0.0,0.0,0.0,0.0,0.0,0.0,0.0,0.0,0.0,0.0,0.0,0.0,0.0,0.0,0.0,0.0,0.0,0.0,0.0,0.0,0.0,0.0,0.0,0.0,0.0,0.0,0.0,0.0,0.0,0.0,0.0,0.0,0.0,0.0,0.0,0.0,0.0,0.0,0.0,0.0,0.0,0.0,0.0,0.0,0.0,0.0,0.0,0.0,0.0,0.0,0.0,0.0,0.0,0.0,0.0,0.0,0.0,0.0,0.0,0.0,0.0,0.0,0.0,0.0,0.0,0.0,0.0,0.0,0.0
Reef 168,0.00055781,0.0,0.0,0.0,0.0,0.0,0.0,0.0,0.0,0.0,0.0,0.0,0.0,0.0,0.0,0.0,0.0,0.0,0.0,0.0,0.0,0.0,0.0,0.0,0.0,0.0,0.00010977,0.0,0.0,0.0,0.0,0.0,0.0,0.0,0.0,0.000176808,0.0,0.0,0.0,1.32e-05,0.0,0.0,0.0,0.0,0.0,0.0,0.0,0.0,1.79e-05,0.0,0.0,0.0,0.0,0.0,0.0,0.0,0.0,0.0019966,0.0,0.0,0.0,0.0,0.0,0.0,0.0,0.0,0.000185739,0.0,0.0,0.0,0.000104591,9.44e-05,0.0,0.0,0.0,0.0,0.0,0.0,0.0,0.0,0.000405554,1.07e-05,0.0,0.0,0.0,0.0,0.0,1.17e-05,0.0,0.0,0.0,0.0,4.71e-06,1.5e-05,0.0,0.0,1.28e-05,0.00056574,0.0,0.0,5.77e-06,4.85e-06,0.0,0.0,0.0,0.0,3.66e-06,0.00211777,0.0,0.0,0.0,0.000165454,0.0,5.86e-06,1.34e-05,0.0,5.54e-05,3.25e-05,0.0,0.0,4.4e-06,0.00163029,0.0,0.000933349,0.0,0.0,0.0,8.51e-05,8.18e-06,9.27e-05,0.000751837,0.00143261,0.0,0.0,9.27e-06,0.00153539,4.32e-05,0.0,0.0067823,0.0,0.0101507,0.0,0.0,0.0,0.0,0.0,0.0,0.0069846,0.0,0.0,0.0,0.0,0.0,9.96e-06,0.0,7.31e-05,0.00309458,0.0,0.0,0.0,8.01e-05,1.43e-05,0.0,0.0,0.0,0.0,0.0,0.00169453,0.000210642,0.0,0.000120856,1.93e-05,0.000425878,3.39e-05,0.0,0.0,9.17e-05,0.0,0.0,4.4e-05,0.0,0.0,0.000253567,0.0,0.0,0.00570204,0.0,0.0,0.0,0.0,0.000134388,0.0,0.0,0.0,0.0,1.62e-05,0.0,0.0,0.0,0.0,0.000562879,1.85e-05,1.71e-05,0.0,0.0,0.0,0.0,0.0,0.0,0.000124912,9.84e-05,0.000909465,5.75e-05,1.71e-05,9.53e-05,9.06e-05,2.61e-05,6.05e-06,0.0,3.06e-05,0.0005027,0.0,1.76e-05,0.0,0.000678309,0.0,0.0,6.73e-06,0.0,0.0,1.9e-05,0.0,0.0,0.0,0.0,3.57e-06,0.0,0.0,0.0,3.25e-06,1.2e-05,1.18e-05,0.0,0.0,0.0,0.0,3.01e-05,6.3e-05,0.0,0.0,0.0,0.0,0.0,0.0,0.0,0.0,0.0,0.0,0.0,1.77e-05,0.0,0.0,0.0,0.0,0.0,0.0,0.0,0.0,0.0,0.0,0.0,0.0,3.2e-05,0.0,0.0,0.0,6.81e-06,0.0,0.0,0.0,0.0,0.0,0.0,0.0,0.0,0.0,0.0,0.0,0.0,6.33e-05,0.0,0.0,0.0,0.0,0.0,0.0,0.0,0.0,0.0,0.0,0.0,0.0,0.0,0.0,0.0,0.0,0.0,0.0,0.0,0.0,0.0,0.0,0.0,0.0,0.0,0.0,0.0,0.0,0.0,0.0,0.0,0.0,0.0,0.0,0.0,0.0,0.0,0.0,0.0,0.0,0.0,0.0,0.0,0.0,0.0,0.0,0.0,0.0,0.0,0.0,0.0,0.0,0.0,0.0,0.0,0.0,0.0,0.0,0.0,0.0,0.0,0.0,0.0,0.0,0.0,0.0,0.0,0.0,0.0,0.0,0.0,0.0,0.0,0.0,0.0,0.0,0.0,0.0,0.0,0.0,0.0,0.0,0.0,0.0,0.0,0.0,0.0,0.0,0.0,0.0,0.0,0.0,0.0,0.0,0.0,0.0,0.0,0.0,0.0,0.0,0.0,0.0,0.0,0.0,0.0,0.0,0.0,0.0,0.0,0.0,0.0,0.0,0.0,0.0,0.0,0.0,0.0,0.0,0.0,0.0,0.0,0.0,0.0,0.0,0.0,0.0,0.0,0.0,0.0,0.0,0.0,0.0,0.0
Reef 169,0.000158409,0.0,0.0,0.0,0.0,0.0,0.0,0.0,0.0,0.0,0.0,0.0,0.0,0.0,0.0,0.0,0.0,0.0,0.0,0.0,0.0,0.0,0.0,0.0,0.0,0.0,0.0,0.0,0.0,0.0,0.0,0.0,0.0,0.0,0.0,0.0,0.0,0.0,0.0,0.0,0.0,0.0,0.0,0.0,0.0,0.0,0.0,0.0,0.0,0.0,0.0,0.0,0.0,0.0,0.0,0.0,0.0,3.75e-05,0.0,0.0,0.0,0.0,0.0,0.0,0.0,0.0,0.000167907,0.0,0.0,0.0,0.0,9.08e-06,0.0,0.0,0.0,0.0,0.0,0.0,0.0,0.0,1.44e-05,9.61e-05,0.0,0.0,0.0,0.0,0.0,0.000105574,0.0,0.0,0.0,0.0,0.0,0.000303205,0.0,0.0,0.0,0.000371501,0.0,0.0,0.0,0.0,0.0,0.0,0.0,0.0,0.0,5.08e-05,0.0,0.0,0.0,0.0,0.0,0.0,0.0,0.0,0.000165619,0.000877236,0.0,0.0,0.0,0.00112119,0.0,0.0056131,0.0,0.0,0.0,1.05e-05,9.57e-06,0.000644149,0.000325386,0.00141705,0.0,0.0,0.0,9.02e-05,0.00655754,0.0,0.000920701,0.0,0.00220282,0.0,0.0,0.0,0.0,0.0,0.0,0.00363719,0.0,0.0,0.0,0.0,0.0,0.0,0.0,0.0,0.00214004,0.0,0.0,0.0,0.0393996,2.21e-05,0.0,0.0,0.0,0.0,0.0,0.000830793,0.0154253,0.0,0.0,0.000211575,2.18e-05,7.98e-06,0.0,0.0,0.000216597,0.0,0.0,0.0,0.0,0.0,5.63e-06,0.0,0.0,0.00262244,0.0,0.0,0.0,0.0,4.76e-05,0.0,0.0,0.0,0.0,0.0,0.0,0.0,0.0,0.0,0.000547005,0.0,0.0,0.0,0.0,0.0,0.0,0.0,0.0,5.76e-05,0.0,1.52e-05,3.64e-05,2.78e-05,0.0,0.0,0.000207665,0.000247101,0.0,8.12e-06,4.27e-05,0.0,3.24e-05,0.0,1.37e-05,0.0,0.0,1.42e-05,0.0,0.0,3.11e-05,0.0,0.0,0.0,0.0,0.0,0.0,0.0,0.0,0.0,0.0,0.0,0.0,0.0,0.0,0.0,0.0,0.0,0.0,0.0,0.0,0.0,0.0,0.0,0.0,0.0,0.0,0.0,0.0,0.0,0.0,0.0,0.0,0.0,0.0,0.0,0.0,0.0,0.0,0.0,0.0,0.0,0.0,0.0,0.0,0.0,0.0,0.0,0.0,0.0,0.0,0.0,0.0,0.0,0.0,0.0,0.0,0.0,0.0,0.0,0.0,0.0,0.0,0.0,0.0,0.0,0.0,0.0,0.0,0.0,0.0,0.0,0.0,0.0,0.0,0.0,0.0,0.0,0.0,0.0,0.0,0.0,0.0,0.0,0.0,0.0,0.0,0.0,0.0,0.0,0.0,0.0,0.0,0.0,0.0,0.0,0.0,0.0,0.0,0.0,0.0,0.0,0.0,0.0,0.0,0.0,0.0,0.0,0.0,0.0,0.0,0.0,0.0,0.0,0.0,0.0,0.0,0.0,0.0,0.0,0.0,0.0,0.0,0.0,0.0,0.0,0.0,0.0,0.0,0.0,0.0,0.0,0.0,0.0,0.0,0.0,0.0,0.0,0.0,0.0,0.0,0.0,0.0,0.0,0.0,0.0,0.0,0.0,0.0,0.0,0.0,0.0,0.0,0.0,0.0,0.0,0.0,0.0,0.0,0.0,0.0,0.0,0.0,0.0,0.0,0.0,0.0,0.0,0.0,0.0,0.0,0.0,0.0,0.0,0.0,0.0,0.0,0.0,0.0,0.0,0.0,0.0,0.0,0.0,0.0,0.0,0.0,0.0,0.0,0.0,0.0,0.0,0.0
Reef 170,0.0,0.0,0.0,0.0,0.0,0.0,0.0,0.0,0.0,0.0,0.0,0.0,0.0,0.0,0.0,0.0,0.0,0.0,0.0,0.0,0.0,0.0,0.0,0.0,0.0,0.0,0.0,0.0,0.0,0.0,0.0,0.0,0.0,0.0,0.0,0.0,0.0,0.0,0.0,0.0,0.0,0.0,0.0,0.0,0.0,0.0,0.0,0.0,0.0,0.0,0.0,0.0,0.0,0.0,0.0,0.0,0.0,0.0,0.0,0.0,0.0,0.0,0.0,0.0,0.0,0.0,0.0,0.0,0.0,0.0,0.0,0.0,0.0,0.0,0.0,0.0,0.0,0.0,0.0,0.0,0.0,0.0,0.0,0.0,0.0,0.0,0.0,0.0,0.0,0.0,0.0,0.0,0.0,0.0,0.0,0.0,0.0,0.0,0.0,0.0,0.0,0.0,0.0,0.0,0.0,0.0,0.0,0.0,0.0,0.0,0.0,0.0,0.0,0.0,0.0,0.0,0.0,0.0,0.0,0.0,0.0,0.0,0.0,0.0,0.0,0.0,0.0,0.0,0.0,0.0,0.0,0.0,0.000128847,0.0,0.0,0.0,0.0,4.08e-05,0.0,0.000243697,0.0,0.000193585,0.0,0.0,0.000110636,0.0,0.0,0.0,0.000717554,0.0,0.000571943,0.0,0.0,0.0,0.0,0.0,0.0,0.0,0.0,0.0,0.0,0.0,0.0,0.000117803,0.000170521,0.0,0.0,0.0,0.0,7.63e-05,0.0,0.0,0.0,0.0,0.00436895,0.0,0.0,0.0,0.0,0.0,0.0,0.0,0.0,0.000332267,0.000923992,0.0,0.0,0.0,0.0,0.0,0.0,8.74e-05,0.0,0.0,0.0,0.0,0.0,0.00459664,0.0,0.00041756,0.0,0.0,0.0,0.0,0.0,0.0,0.0,0.000311729,0.0,0.0,0.0,0.0,0.0,0.0,0.0,0.0,0.0,0.0,0.0,0.0,0.0,0.0,0.0,0.0,0.0,0.0,0.0,0.0,0.0,0.0,0.0,0.0,0.0,0.0,0.0,0.0,0.0,0.0,0.0,0.0,0.0,0.0,0.0,0.0,0.0,0.0,0.0,0.0,0.0,0.0,0.0,0.0,0.0,0.0,0.0,0.0,0.0,0.0,0.0,0.0,0.0,0.0,0.0,0.0,0.0,0.0,0.0,0.0,0.0,0.0,0.0,0.0,0.0,0.0,0.0,0.0,0.0,0.0,0.0,0.0,0.0,0.0,0.0,0.0,0.0,0.0,0.0,0.0,0.0,0.0,0.0,0.0,0.0,0.0,0.0,0.0,0.0,0.0,0.0,0.0,0.0,0.0,0.0,0.0,0.0,0.0,0.0,0.0,0.0,0.0,0.0,0.0,0.0,0.0,0.0,0.0,0.0,0.0,0.0,0.0,0.0,0.0,0.0,0.0,0.0,0.0,0.0,0.0,0.0,0.0,0.0,0.0,0.0,0.0,0.0,0.0,0.0,0.0,0.0,0.0,0.0,0.0,0.0,0.0,0.0,0.0,0.0,0.0,0.0,0.0,0.0,0.0,0.0,0.0,0.0,0.0,0.0,0.0,0.0,0.0,0.0,0.0,0.0,0.0,0.0,0.0,0.0,0.0,0.0,0.0,0.0,0.0,0.0,0.0,0.0,0.0,0.0,0.0,0.0,0.0,0.0,0.0,0.0,0.0,0.0,0.0,0.0,0.0,0.0,0.0,0.0,0.0,0.0,0.0,0.0,0.0,0.0,0.0,0.0,0.0,0.0,0.0,0.0,0.0,0.0,0.0,0.0,0.0,0.0,0.0,0.0,0.0,0.0,0.0,0.0,0.0,0.0,0.0,0.0,0.0,0.0,0.0,0.0
Reef 171,0.0,0.0,0.0,0.0,0.0,0.0,0.0,0.0,0.0,0.0,0.0,5.08e-06,0.0,8.7e-06,2.69e-06,2.24e-06,0.0,9.49e-06,3.64e-06,0.0,3.86e-06,4.67e-06,0.0,8.16e-06,0.0,2.69e-06,9.25e-05,0.0,0.0,0.000222179,0.0,0.0,0.0,6.37e-06,3.53e-06,3.06e-05,6.94e-06,7.61e-06,0.0,3.17e-06,0.0,0.0,0.0,1.99e-06,0.0,0.0,0.0,0.0,7.92e-06,1.23e-05,0.0,0.0,0.0,0.0,0.0,0.0,0.0,0.00124596,4.39e-06,0.0,1.08e-05,1.29e-06,0.0,3.9e-06,3.33e-05,2.7e-06,0.0014436,1.16e-06,0.0,1.14e-05,6.28e-06,4.42e-06,1.49e-06,1.18e-06,0.0,6.63e-06,5.86e-06,0.0,3.69e-06,1.08e-06,1.51e-05,0.000935215,8.16e-06,0.0,0.0,0.0,1.52e-06,0.000141805,0.0,5.82e-05,1.38e-05,1.9e-06,1.56e-06,0.000273998,1.59e-06,0.00124561,6.96e-06,1.38e-06,0.0,9.59e-07,3.25e-06,1.12e-06,1.07e-06,2.29e-06,9.77e-07,2.22e-06,0.000185285,0.00334078,3.54e-05,3.46e-06,4.83e-06,0.000161779,5.08e-05,3.42e-05,2.52e-05,1.66e-06,0.000403903,0.00173994,0.0,4.54e-05,1.93e-05,0.000553063,4.1e-05,0.0140139,0.0,0.000173775,0.0,7.83e-06,2.22e-05,0.000448413,1.25e-06,0.00102101,0.0,0.0,0.0081103,0.00242135,0.000921063,0.0,0.000544605,0.0,9.19e-06,0.0,0.0,0.0,0.0,0.0,0.0,5.18e-05,0.0,0.0,0.0,0.0,0.0,8.21e-06,0.0,0.0175087,9.33e-05,0.0,0.0,0.0,0.000314839,0.0,0.0,0.0,0.0,0.0,0.0,0.000348458,1.21e-05,0.0,0.0877456,4.17e-05,1.94e-05,1.42e-06,0.0,0.0,8.29e-06,0.0,0.0,0.00892663,0.0,0.0,0.00178449,0.0,0.0,7.62e-05,0.0,8.82e-06,4.07e-06,0.0,0.000394977,0.0,0.0,1.71e-06,1.41e-06,0.000210465,0.0,0.0,0.0,0.0,3.23e-05,0.000283481,6.62e-06,3.8e-05,0.0,0.0,0.0,0.0,0.0,0.000214763,0.00129799,2.57e-05,0.000770976,1.06e-06,0.00147994,0.00146609,0.0,1.71e-06,0.0,0.0,0.0,0.0,0.0,0.0,4.01e-06,0.0,0.0,5.58e-06,0.0,0.0,1.81e-05,0.0,0.0,0.0,0.0,2.08e-05,0.0,0.0,0.0,4.32e-05,0.000138058,1.61e-06,0.0,0.0,0.0,0.0,2.59e-05,1.63e-05,0.0,0.0,0.0,0.0,1.61e-05,0.0,0.0,0.0,0.0,0.0,0.0,3.94e-05,0.0,0.0,0.0,0.0,0.0,0.0,0.0,0.0,0.0,5.72e-05,0.0,0.0,3.16e-05,0.0,0.0,0.0,3.23e-06,0.0,0.0,0.0,0.0,0.0,0.0,0.0,0.0,0.0,0.0,0.0,0.0,6.39e-05,0.0,0.0,0.0,0.0,0.0,0.0,0.0,0.0,0.0,0.0,0.0,0.0,0.0,0.0,0.0,0.0,0.0,0.0,0.0,0.0,0.0,0.0,0.0,0.0,0.0,0.0,0.0,0.0,0.0,0.0,0.0,0.0,0.0,0.0,0.0,0.0,0.0,0.0,0.0,0.0,0.0,0.0,0.0,0.0,0.0,0.0,0.0,0.0,0.0,0.0,0.0,0.0,0.0,0.0,0.0,0.0,0.0,0.0,0.0,0.0,0.0,0.0,0.0,0.0,0.0,0.0,0.0,0.0,0.0,0.0,0.0,0.0,0.0,0.0,0.0,0.0,0.0,0.0,0.0,0.0,0.0,0.0,0.0,0.0,0.0,0.0,0.0,0.0,0.0,0.0,0.0,0.0,0.0,0.0,0.0,0.0,0.0,0.0,0.0,0.0,0.0,0.0,0.0,0.0,0.0,0.0,0.0,0.0,0.0,0.0,0.0,0.0,0.0,0.0,0.0,0.0,0.0,0.0,0.0,0.0,0.0,0.0,0.0,0.0,0.0,0.0,0.0,0.0,0.0,0.0,0.0,0.0,0.0
Reef 172,0.000163508,0.0,0.0,0.0,0.0,0.0,0.0,0.0,0.0,0.0,0.0,0.0,0.0,0.0,0.0,0.0,0.0,0.0,0.0,0.0,0.0,0.0,0.0,0.0,0.0,0.0,4.98e-06,0.0,0.0,0.0,0.0,0.0,0.0,0.0,0.0,1.05e-05,0.0,0.0,0.0,0.0,0.0,0.0,0.0,0.0,0.0,0.0,0.0,0.0,6.89e-06,0.0,0.0,0.0,0.0,0.0,0.0,0.0,0.0,0.000145987,0.0,0.0,0.0,0.0,0.0,0.0,0.0,0.0,0.000243465,0.0,0.0,0.0,1.08e-05,2.91e-05,0.0,0.0,0.0,0.0,0.0,0.0,0.0,0.0,5.09e-05,0.000100421,0.0,0.0,0.0,0.0,0.0,7.58e-05,0.0,0.0,0.0,0.0,0.0,0.000150699,0.0,0.0,0.0,0.000760951,0.0,0.0,0.0,0.0,0.0,0.0,0.0,0.0,0.0,0.000180855,0.0,0.0,0.0,1.44e-05,0.0,0.0,0.0,0.0,0.000209897,0.000194494,0.0,0.0,0.0,0.00251359,0.0,0.00431958,0.0,0.0,0.0,2.08e-05,1.24e-05,0.000781388,0.000586488,0.00104231,0.0,0.0,9.4e-06,0.000190929,0.00796558,0.0,0.00159254,0.0,0.00308707,0.0,0.0,0.0,0.0,0.0,0.0,0.00569479,0.0,0.0,0.0,0.0,0.0,0.0,0.0,0.0,0.00310157,0.0,0.0,0.0,0.0302328,8.32e-06,0.0,0.0,0.0,0.0,0.0,0.00204446,6.58e-06,0.0,9.88e-06,0.00238253,0.00336241,1.86e-05,0.0,0.0,0.00206221,0.0,0.0,1.33e-05,0.0,0.0,9.69e-06,0.0,0.0,0.00879703,0.0,0.0,0.0,0.0,7.23e-05,0.0,0.0,0.0,0.0,0.0,0.0,0.0,0.0,0.0,0.000894499,0.0,5.24e-06,0.0,0.0,0.0,0.0,0.0,0.0,0.000102855,0.0,3.2e-05,1.07e-05,2.06e-05,0.0,0.0,1.27e-05,9.35e-06,0.0,1.5e-05,0.00485687,0.0,0.0081185,0.0,0.000104301,0.0,0.0,1.79e-05,0.0,0.0,4.05e-05,0.0,0.0,0.0,0.0,0.0,0.0,0.0,0.0,0.0,0.0,0.0,0.0,0.0,0.0,0.0,0.0,0.0,0.0,0.0,0.0,0.0,0.0,0.0,0.0,0.0,0.0,0.0,0.0,0.0,0.0,0.0,0.0,0.0,0.0,0.0,0.0,6.46e-06,0.0,0.0,0.0,0.0,0.0,0.0,0.0,0.0,0.0,0.0,6.31e-06,0.0,0.0,0.0,0.0,0.0,0.0,0.0,7.52e-06,0.0,0.0,0.0,0.0,0.0,0.0,0.0,0.0,0.0,0.0,0.0,0.0,0.0,0.0,0.0,0.0,0.0,0.0,0.0,0.0,0.0,0.0,0.0,0.0,0.0,0.0,0.0,0.0,0.0,0.0,0.0,0.0,0.0,0.0,0.0,0.0,0.0,0.0,0.0,0.0,0.0,0.0,0.0,0.0,0.0,0.0,0.0,0.0,0.0,0.0,0.0,0.0,0.0,0.0,0.0,0.0,0.0,0.0,0.0,0.0,0.0,0.0,0.0,0.0,0.0,0.0,0.0,0.0,0.0,0.0,0.0,0.0,0.0,0.0,0.0,0.0,0.0,0.0,0.0,0.0,0.0,0.0,0.0,0.0,0.0,0.0,0.0,0.0,0.0,0.0,0.0,0.0,0.0,0.0,0.0,0.0,0.0,0.0,0.0,0.0,0.0,0.0,0.0,0.0,0.0,0.0,0.0,0.0,0.0,0.0,0.0,0.0,0.0,0.0,0.0,0.0,0.0,0.0,0.0,0.0,0.0,0.0,0.0,0.0,0.0,0.0,0.0,0.0,0.0,0.0,0.0,0.0,0.0,0.0,0.0,0.0
Reef 173,0.000261854,0.0,0.0,0.0,0.0,0.0,0.0,0.0,0.0,0.0,0.0,0.0,0.0,0.0,0.0,0.0,0.0,0.0,0.0,0.0,0.0,0.0,0.0,0.0,0.0,0.0,0.0,0.0,0.0,0.0,0.0,0.0,0.0,0.0,0.0,6.5e-06,0.0,0.0,0.0,0.0,0.0,0.0,0.0,0.0,0.0,0.0,0.0,0.0,4.84e-06,0.0,0.0,0.0,0.0,0.0,0.0,0.0,0.0,0.0,0.0,0.0,0.0,0.0,0.0,0.0,0.0,0.0,0.000128248,0.0,0.0,0.0,0.0,0.0,0.0,0.0,0.0,0.0,0.0,0.0,0.0,0.0,0.0,0.000167556,0.0,0.0,0.0,0.0,0.0,0.000181099,0.0,0.0,0.0,0.0,0.0,0.000759253,0.0,0.0,0.0,0.000121394,0.0,0.0,0.0,0.0,0.0,0.0,0.0,0.0,0.0,2.54e-06,0.0,0.0,0.0,0.0,0.0,0.0,0.0,0.0,0.000100704,0.00450518,0.0,0.0,0.0,0.000125196,0.0,0.00797423,0.0,0.0,0.0,0.0,3e-05,0.000758126,6.08e-05,0.00369004,0.0,0.0,0.0,1.06e-05,0.00513514,0.0,0.000212438,0.0,0.00266249,0.0,0.0,0.0,0.0,0.0,0.0,0.00106937,0.0,0.0,0.0,0.0,0.0,0.0,0.0,0.0,0.00105884,0.0,0.0,0.0,0.0450039,1.04e-05,0.0,0.0,0.0,0.0,0.0,0.000349785,0.00069511,0.0,0.0,0.000104853,0.00271534,2.18e-05,0.0,0.0,6.35e-06,0.0,0.0,0.0,0.0,0.0,0.0,0.0,0.0,0.00033238,0.0,0.0,0.0,0.0,7.36e-06,0.0,0.0,0.0,0.0,0.0,0.0,0.0,0.0,0.0,7.64e-05,0.0,0.0,0.0,0.0,0.0,0.0,0.0,0.0,9.12e-06,0.0,1.75e-05,4.46e-05,5.34e-05,0.0,0.0,6.53e-06,4.09e-06,0.0,1.71e-05,0.000450446,0.0,0.00220638,0.0,3.26e-06,0.0,0.0,0.000304165,0.0,0.0,3.57e-05,0.0,0.0,5.7e-06,0.0,0.0,0.0,0.0,0.0,0.0,0.0,0.0,0.0,0.0,0.0,0.0,0.0,0.0,0.0,0.0,0.0,0.0,0.0,0.0,0.0,0.0,0.0,0.0,0.0,0.0,0.0,0.0,0.0,0.0,0.0,0.0,0.0,0.0,0.0,0.0,0.0,0.0,0.0,0.0,0.0,0.0,0.0,0.0,0.0,0.0,0.0,0.0,0.0,0.0,0.0,0.0,0.0,0.0,0.0,0.0,0.0,0.0,0.0,0.0,0.0,0.0,0.0,0.0,0.0,0.0,0.0,0.0,0.0,0.0,0.0,0.0,0.0,0.0,0.0,0.0,0.0,0.0,0.0,0.0,0.0,0.0,0.0,0.0,0.0,0.0,0.0,0.0,0.0,0.0,0.0,0.0,0.0,0.0,0.0,0.0,0.0,0.0,0.0,0.0,0.0,0.0,0.0,0.0,0.0,0.0,0.0,0.0,0.0,0.0,0.0,0.0,0.0,0.0,0.0,0.0,0.0,0.0,0.0,0.0,0.0,0.0,0.0,0.0,0.0,0.0,0.0,0.0,0.0,0.0,0.0,0.0,0.0,0.0,0.0,0.0,0.0,0.0,0.0,0.0,0.0,0.0,0.0,0.0,0.0,0.0,0.0,0.0,0.0,0.0,0.0,0.0,0.0,0.0,0.0,0.0,0.0,0.0,0.0,0.0,0.0,0.0,0.0,0.0,0.0,0.0,0.0,0.0,0.0,0.0,0.0,0.0,0.0,0.0,0.0,0.0,0.0,0.0,0.0,0.0,0.0,0.0,0.0,0.0,0.0,0.0,0.0,0.0,0.0
Reef 174,0.00013083,0.0,0.0,0.0,0.0,0.0,0.0,0.0,0.0,0.0,0.0,0.0,0.0,0.0,0.0,0.0,0.0,0.0,0.0,0.0,0.0,0.0,0.0,0.0,0.0,0.0,0.0,0.0,0.0,0.0,0.0,0.0,0.0,0.0,0.0,0.0,0.0,0.0,0.0,0.0,0.0,0.0,0.0,0.0,0.0,0.0,0.0,0.0,0.0,0.0,0.0,0.0,0.0,0.0,0.0,0.0,0.0,8.86e-05,0.0,0.0,0.0,0.0,0.0,0.0,0.0,0.0,0.00022355,0.0,0.0,0.0,0.0,1.97e-05,0.0,0.0,0.0,0.0,0.0,0.0,0.0,0.0,3.26e-05,9.99e-05,0.0,0.0,0.0,0.0,0.0,8.84e-05,0.0,0.0,0.0,0.0,0.0,0.000181211,0.0,0.0,0.0,0.000620507,0.0,0.0,0.0,0.0,0.0,0.0,0.0,0.0,0.0,0.000114617,0.0,0.0,0.0,0.0,0.0,0.0,0.0,0.0,0.000207862,0.000322725,0.0,0.0,0.0,0.00202927,0.0,0.00500336,0.0,0.0,0.0,1.73e-05,0.0,0.000983274,0.000513467,0.00138929,0.0,0.0,0.0,0.000153478,0.00870236,0.0,0.00141256,0.0,0.00305047,0.0,0.0,0.0,0.0,0.0,0.0,0.00543326,0.0,0.0,0.0,0.0,0.0,0.0,0.0,0.0,0.0033877,0.0,0.0,0.0,0.0330553,4.37e-05,0.0,0.0,0.0,0.0,0.0,0.00192863,0.000119859,0.0,0.0,0.00525319,4.63e-05,0.000132561,0.0,0.0,2.44e-05,0.0,0.0,0.0,0.0,0.0,0.0,0.0,0.0,0.00655212,0.0,0.0,0.0,0.0,7.41e-05,0.0,0.0,0.0,0.0,0.0,0.0,0.0,0.0,0.0,0.000885725,0.0,0.0,0.0,0.0,0.0,0.0,0.0,0.0,9.93e-05,0.0,2.23e-05,5.21e-05,3.79e-05,0.0,0.0,0.000768186,0.0010781,0.0,0.0026584,0.000197583,0.0,8.1e-05,0.0,4.42e-05,0.0,0.0,2.65e-05,0.0,0.0,6.14e-05,0.0,0.0,0.0,0.0,0.0,0.0,0.0,0.0,0.0,0.0,0.0,0.0,0.0,0.0,0.0,0.0,0.0,0.0,0.0,0.0,0.0,0.0,0.0,0.0,0.0,0.0,0.0,0.0,0.0,0.0,0.0,0.0,0.0,0.0,0.0,0.0,0.0,0.0,0.0,0.0,0.0,0.0,0.0,0.0,0.0,0.0,0.0,0.0,0.0,0.0,0.0,0.0,0.0,0.0,0.0,0.0,0.0,0.0,0.0,0.0,0.0,0.0,0.0,0.0,0.0,0.0,0.0,0.0,0.0,0.0,0.0,0.0,0.0,0.0,0.0,0.0,0.0,0.0,0.0,0.0,0.0,0.0,0.0,0.0,0.0,0.0,0.0,0.0,0.0,0.0,0.0,0.0,0.0,0.0,0.0,0.0,0.0,0.0,0.0,0.0,0.0,0.0,0.0,0.0,0.0,0.0,0.0,0.0,0.0,0.0,0.0,0.0,0.0,0.0,0.0,0.0,0.0,0.0,0.0,0.0,0.0,0.0,0.0,0.0,0.0,0.0,0.0,0.0,0.0,0.0,0.0,0.0,0.0,0.0,0.0,0.0,0.0,0.0,0.0,0.0,0.0,0.0,0.0,0.0,0.0,0.0,0.0,0.0,0.0,0.0,0.0,0.0,0.0,0.0,0.0,0.0,0.0,0.0,0.0,0.0,0.0,0.0,0.0,0.0,0.0,0.0,0.0,0.0,0.0,0.0,0.0,0.0,0.0,0.0,0.0,0.0,0.0,0.0,0.0,0.0,0.0,0.0,0.0,0.0,0.0,0.0,0.0,0.0,0.0,0.0,0.0,0.0
Reef 175,0.0,0.0,0.0,0.0,0.0,0.0,0.0,0.0,0.0,0.0,0.0,0.0,0.0,0.0,0.0,0.0,0.0,0.0,0.0,0.0,0.0,0.0,0.0,0.0,0.0,0.0,0.0,0.0,0.0,0.0,0.0,0.0,0.0,0.0,0.0,0.0,0.0,0.0,0.0,0.0,0.0,0.0,0.0,0.0,0.0,0.0,0.0,0.0,0.0,0.0,0.0,0.0,0.0,0.0,0.0,0.0,0.0,0.0,0.0,0.0,0.0,0.0,0.0,0.0,0.0,0.0,0.0,0.0,0.0,0.0,0.0,0.0,0.0,0.0,0.0,0.0,0.0,0.0,0.0,0.0,0.0,0.0,0.0,0.0,0.0,0.0,0.0,0.0,0.0,0.0,0.0,0.0,0.0,0.0,0.0,0.0,0.0,0.0,0.0,0.0,0.0,0.0,0.0,0.0,0.0,0.0,0.0,0.0,0.0,0.0,0.0,0.0,0.0,0.0,0.0,0.0,0.0,0.0,0.0,0.0,0.0,0.0,0.0,0.0,0.0,0.0,0.0,0.0,0.0,0.0,0.0,0.0,3.71e-05,0.0,0.0,0.0,0.0,1.12e-05,0.0,4.02e-05,0.0,0.0,0.0,0.0,0.0,0.0,0.0,0.0,0.000120166,0.0,7.51e-05,0.0,0.0,0.0,0.0,0.0,0.0,0.0,0.0,0.0,0.0,0.0,0.0,0.0,0.0,0.0,0.0,0.0,0.0,0.0,0.0,0.0,0.0,0.0,0.00350908,0.0,0.0,0.0,0.0,0.0,0.0,0.0,0.0,0.000116544,3.47e-05,0.0,0.0,0.0,0.0,0.0,0.0,0.0,0.0,0.0,0.0,0.0,0.0,0.0014861,0.0,0.0122179,0.0,0.0,0.0,0.0,0.0,0.0,0.0,0.000567932,0.0,0.0,0.0,0.0,0.0,0.0,0.0,0.0,0.0,0.0,0.0,0.0,0.0,0.0,0.0,0.0,0.0,0.0,0.0,0.0,0.0,0.0,0.0,0.0,0.0,0.0,0.0,0.0,0.0,0.0,0.0,0.0,0.0,0.0,0.0,0.0,0.0,0.0,0.0,0.0,0.0,0.0,0.0,0.0,0.0,0.0,0.0,0.0,0.0,0.0,0.0,0.0,0.0,0.0,0.0,0.0,0.0,0.0,0.0,0.0,0.0,0.0,0.0,0.0,0.0,0.0,0.0,0.0,0.0,0.0,0.0,0.0,0.0,0.0,0.0,0.0,0.0,0.0,0.0,0.0,0.0,0.0,0.0,0.0,0.0,0.0,0.0,0.0,0.0,0.0,0.0,0.0,0.0,0.0,0.0,0.0,0.0,0.0,0.0,0.0,0.0,0.0,0.0,0.0,0.0,0.0,0.0,0.0,0.0,0.0,0.0,0.0,0.0,0.0,0.0,0.0,0.0,0.0,0.0,0.0,0.0,0.0,0.0,0.0,0.0,0.0,0.0,0.0,0.0,0.0,0.0,0.0,0.0,0.0,0.0,0.0,0.0,0.0,0.0,0.0,0.0,0.0,0.0,0.0,0.0,0.0,0.0,0.0,0.0,0.0,0.0,0.0,0.0,0.0,0.0,0.0,0.0,0.0,0.0,0.0,0.0,0.0,0.0,0.0,0.0,0.0,0.0,0.0,0.0,0.0,0.0,0.0,0.0,0.0,0.0,0.0,0.0,0.0,0.0,0.0,0.0,0.0,0.0,0.0,0.0,0.0,0.0,0.0,0.0,0.0,0.0,0.0,0.0,0.0,0.0,0.0,0.0,0.0,0.0,0.0,0.0,0.0,0.0,0.0,0.0,0.0,0.0,0.0,0.0,0.0,0.0,0.0,0.0,0.0,0.0
Reef 176,0.0,0.0,0.0,0.0,0.0,0.0,0.0,0.0,0.0,0.0,0.0,0.0,0.0,7.79e-07,1.02e-06,0.0,0.0,0.0,9.16e-07,0.0,0.0,0.0,0.0,1.73e-06,0.0,0.0,0.0,0.0,0.0,4.48e-06,0.0,0.0,0.0,0.0,0.0,0.0,0.0,1.55e-05,0.0,0.0,0.0,0.0,0.0,0.0,0.0,0.0,0.0,8.38e-06,0.0,0.0,0.0,0.0,8.74e-07,5.98e-07,1.31e-05,0.0,0.0,0.0,0.0,0.0,0.0,0.0,0.0,0.0,0.0,0.0,0.0,0.0,0.0,0.0,0.0,0.0,0.0,0.0,0.0,1.34e-06,0.0,0.0,0.0,0.0,0.0,0.0,0.0,0.0,0.0,0.0,0.0,0.0,0.0,0.0,1.17e-06,0.0,0.0,0.0,0.0,2.68e-05,0.0,0.0,0.0,0.0,0.0,0.0,0.0,0.0,0.0,0.0,0.0,0.0,0.0,0.0,0.0,0.0,1.03e-06,0.0,0.0,0.0,0.0,0.0,7.57e-07,0.0,0.0,0.0,0.0,0.0,0.0,0.0,7.76e-05,0.0,0.0,0.0,0.0,0.0,0.0,0.0,0.0,0.0,0.0,0.0,0.0,0.0,0.0,0.0,0.0,2.3e-05,0.0,0.0,0.00127593,0.0,0.0,0.0239157,0.0,0.000612699,0.0188786,0.0,1.53e-05,0.0,0.0,0.0,0.0,0.00996032,4.14e-05,0.0,0.0,0.0,0.0,2.5e-05,0.00262106,5.9e-07,1.45e-06,0.0,0.0,1.78e-05,1.38e-06,4.83e-07,0.0,0.182779,1.78e-06,0.0,4.11e-06,0.0,0.0,0.00461235,0.0,0.0,0.0,6.57e-05,2.7e-06,7.41e-06,0.000328841,0.0,0.0,0.0,1.54e-05,8.01e-07,5.61e-06,4.54e-05,6.12e-07,0.0,1.51e-06,0.0,1.49e-05,1.33e-06,0.0,3.56e-06,0.0,1.09e-06,3.81e-05,0.0,1.1e-06,0.0001787,0.00253056,0.000653876,0.000329923,8e-05,0.00525559,2.42e-05,0.0,7.49e-07,2.35e-06,1.53e-06,8.15e-07,9.46e-07,8.98e-07,1.56e-06,2.59e-05,0.0,0.000108411,3.56e-06,0.0,0.0,7.97e-06,0.0,6.7e-06,0.0,0.0,0.000135382,0.0,0.0,0.0,9.06e-05,1.62e-06,2.46e-06,0.0,0.0,0.0,0.000214524,1.66e-05,2.34e-06,0.0,0.0,0.0,3.25e-06,6.71e-05,0.0,0.0,0.0,0.0,0.0,0.0,5.43e-05,1.64e-05,0.0,0.0,0.0,7.78e-06,1.53e-06,0.0,0.0,1.28e-06,5.04e-07,0.0,0.0,8.2e-05,0.0,1.1e-06,6.53e-05,4.41e-05,0.0,0.0,6.78e-05,0.0,8.14e-06,0.0,0.0,0.0,0.0,0.0,7.48e-06,0.0,1.46e-05,0.0,0.0,0.0,0.0,0.0,0.0,0.0,3.99e-05,1.23e-06,0.0,0.0,0.0,0.000342085,0.0,0.0,0.0,0.0,0.0,0.0,0.0,0.0,0.0,0.0,1.11e-06,0.0,0.0,0.0,0.0,0.0,0.0,0.0,0.0,0.0,0.0,0.0,0.0,0.0,1.18e-06,0.0,1.55e-06,0.0,0.0,0.0,5.81e-07,0.0,0.0,1.44e-06,0.0,9.65e-07,0.0,0.0,0.0,6.58e-07,0.0,0.0,0.0,0.0,0.0,0.0,0.0,0.0,0.0,0.0,0.0,0.0,0.0,0.0,0.0,0.0,0.0,0.0,0.0,0.0,0.0,0.0,0.0,0.0,0.0,0.0,0.0,0.0,0.0,0.0,0.0,0.0,0.0,0.0,0.0,0.0,0.0,0.0,0.0,0.0,0.0,0.0,0.0,0.0,0.0,0.0,0.0,0.0,0.0,0.0,0.0,0.0,0.0,0.0,0.0,0.0,0.0,0.0,0.0,0.0,0.0,0.0,0.0,0.0,0.0,0.0,0.0,0.0,0.0,0.0,0.0,0.0,0.0,0.0,0.0,0.0,0.0,0.0,0.0,0.0
Reef 177,0.000167536,0.0,0.0,0.0,0.0,0.0,0.0,0.0,0.0,0.0,0.0,0.0,0.0,0.0,0.0,0.0,0.0,0.0,0.0,0.0,0.0,0.0,0.0,0.0,0.0,0.0,0.0,0.0,0.0,0.0,0.0,0.0,0.0,0.0,0.0,0.0,0.0,0.0,0.0,0.0,0.0,0.0,0.0,0.0,0.0,0.0,0.0,0.0,0.0,0.0,0.0,0.0,0.0,0.0,0.0,0.0,0.0,7.5e-06,0.0,0.0,0.0,0.0,0.0,0.0,0.0,0.0,0.000148021,0.0,0.0,0.0,0.0,0.0,0.0,0.0,0.0,0.0,0.0,0.0,0.0,0.0,0.0,0.00015752,0.0,0.0,0.0,0.0,0.0,0.000179775,0.0,0.0,0.0,0.0,0.0,0.00072206,0.0,0.0,0.0,0.000188615,0.0,0.0,0.0,0.0,0.0,0.0,0.0,0.0,0.0,1.15e-05,0.0,0.0,0.0,0.0,0.0,0.0,0.0,0.0,0.000148229,0.00290944,0.0,0.0,0.0,0.000384279,0.0,0.00933453,0.0,0.0,0.0,0.0,2.85e-05,0.000667776,0.000166983,0.00321048,0.0,0.0,0.0,3.65e-05,0.00526783,0.0,0.000575631,0.0,0.00323215,0.0,0.0,0.0,0.0,0.0,0.0,0.00270825,0.0,0.0,0.0,0.0,0.0,0.0,0.0,0.0,0.00245551,0.0,0.0,0.0,0.0730254,1.7e-05,0.0,0.0,0.0,0.0,0.0,0.000948228,0.00891458,0.0,0.0,0.000525271,0.00180111,5.17e-05,0.0,0.0,0.000148746,0.0,0.0,0.0,0.0,0.0,0.0,0.0,0.0,0.0015813,0.0,0.0,0.0,0.0,2.78e-05,0.0,0.0,0.0,0.0,0.0,0.0,0.0,0.0,0.0,0.000300906,0.0,0.0,0.0,0.0,0.0,0.0,0.0,0.0,3.47e-05,0.0,3.78e-05,9.42e-05,5.3e-05,0.0,0.0,5.94e-06,0.00103328,0.0,1.57e-05,0.00043771,0.0,0.000941415,0.0,0.0,0.0,0.0,2.29e-05,0.0,0.0,3.77e-05,0.0,0.0,0.0,0.0,0.0,0.0,0.0,0.0,0.0,0.0,0.0,0.0,0.0,0.0,0.0,0.0,0.0,0.0,0.0,0.0,0.0,0.0,0.0,0.0,0.0,0.0,0.0,0.0,0.0,0.0,0.0,0.0,0.0,0.0,0.0,0.0,8.06e-06,0.0,0.0,0.0,0.0,0.0,0.0,0.0,0.0,0.0,0.0,5.53e-06,0.0,0.0,0.0,0.0,0.0,0.0,0.0,6.65e-06,0.0,0.0,0.0,0.0,0.0,0.0,0.0,0.0,0.0,0.0,0.0,0.0,0.0,0.0,0.0,0.0,0.0,0.0,0.0,0.0,0.0,0.0,0.0,0.0,0.0,0.0,0.0,0.0,0.0,0.0,0.0,0.0,0.0,0.0,0.0,0.0,0.0,0.0,0.0,0.0,0.0,0.0,0.0,0.0,0.0,0.0,0.0,0.0,0.0,0.0,0.0,0.0,0.0,0.0,0.0,0.0,0.0,0.0,0.0,0.0,0.0,0.0,0.0,0.0,0.0,0.0,0.0,0.0,0.0,0.0,0.0,0.0,0.0,0.0,0.0,0.0,0.0,0.0,0.0,0.0,0.0,0.0,0.0,0.0,0.0,0.0,0.0,0.0,0.0,0.0,0.0,0.0,0.0,0.0,0.0,0.0,0.0,0.0,0.0,0.0,0.0,0.0,0.0,0.0,0.0,0.0,0.0,0.0,0.0,0.0,0.0,0.0,0.0,0.0,0.0,0.0,0.0,0.0,0.0,0.0,0.0,0.0,0.0,0.0,0.0,0.0,0.0,0.0,0.0,0.0,0.0,0.0,0.0,0.0,0.0,0.0
Reef 178,0.0,0.0,0.0,0.0,0.0,0.0,0.0,0.0,0.0,0.0,0.0,0.0,0.0,0.0,0.0,0.0,0.0,0.0,0.0,0.0,0.0,0.0,0.0,0.0,0.0,0.0,0.0,0.0,0.0,0.0,0.0,0.0,0.0,0.0,0.0,0.0,0.0,0.0,0.0,0.0,0.0,0.0,0.0,0.0,0.0,0.0,0.0,0.0,0.0,0.0,0.0,0.0,0.0,0.0,0.0,0.0,0.0,0.0,0.0,0.0,0.0,0.0,0.0,0.0,0.0,0.0,0.0,0.0,0.0,0.0,0.0,0.0,0.0,0.0,0.0,0.0,0.0,0.0,0.0,0.0,0.0,0.0,0.0,0.0,0.0,0.0,0.0,0.0,0.0,0.0,0.0,0.0,0.0,0.0,0.0,0.0,0.0,0.0,0.0,0.0,0.0,0.0,0.0,0.0,0.0,0.0,0.0,0.0,0.0,0.0,0.0,0.0,0.0,0.0,0.0,0.0,0.0,0.0,0.0,0.0,0.0,0.0,0.0,0.0,0.0,0.0,0.0,0.0,0.0,0.0,0.0,0.0,0.0,0.0,0.0,0.0,0.0,0.0,0.0,0.0,0.0,0.0,0.0,0.0,0.0,0.0,0.0,0.0,0.0,0.0,0.0,0.0,0.0,0.0,0.0,0.0,0.0,0.0,0.0,0.0,0.0,0.0,0.00712566,0.0,0.0,0.0,0.0,0.0,0.0,0.0,0.0,0.0,0.0,0.0,3.37e-05,0.0,0.0,0.00216719,0.0,0.0,0.00108182,0.0,0.0,2.24e-05,4.95e-05,0.0,0.0,0.0,0.0,0.0,0.0,0.0,0.0,0.0,0.0,0.0,0.0,0.000470596,0.0,3.79e-05,0.0,0.0,0.0,0.0,0.0,0.0,0.0,0.000174336,0.0,0.0,0.0,0.0,0.0,0.0,0.0,0.0,0.0,0.0,0.0,0.0,0.0,0.0,0.0,0.0,0.0,0.000244724,0.0,0.0,0.0,0.000589933,0.0,0.0,0.0,0.0,0.0,0.0,0.0,0.0,0.0,0.0,0.0,0.0,0.0,0.0,0.0,0.0,0.0,0.0,0.0,0.0,0.0,0.0,0.0,0.0,0.0,0.0,0.0,0.0,0.0,0.0,0.0,0.0,0.0,0.0,0.0,0.0,0.0,0.0,0.0,0.0,0.0,0.0,0.0,0.0,0.0,0.0,0.0,0.0,0.0,0.0,0.0,0.0,0.0,0.0,0.0,0.0,0.0,0.0,0.0,0.0,0.0,0.0,0.0,0.0,0.0,0.0,0.0,0.0,0.0,0.0,0.0,0.0,0.0,0.0,0.0,0.0,0.0,0.0,0.0,0.0,0.0,0.0,0.0,0.0,0.0,0.0,0.0,0.0,0.0,0.0,0.0,0.0,0.0,0.0,0.0,0.0,0.0,0.0,0.0,0.0,0.0,0.0,0.0,0.0,0.0,0.0,0.0,0.0,0.0,0.0,0.0,0.0,0.0,0.0,0.0,0.0,0.0,0.0,0.0,0.0,0.0,0.0,0.0,0.0,0.0,0.0,0.0,0.0,0.0,0.0,0.0,0.0,0.0,0.0,0.0,0.0,0.0,0.0,0.0,0.0,0.0,0.0,0.0,0.0,0.0,0.0,0.0,0.0,0.0,0.0,0.0,0.0,0.0,0.0,0.0,0.0,0.0,0.0,0.0,0.0,0.0,0.0,0.0,0.0,0.0,0.0,0.0,0.0,0.0,0.0,0.0,0.0,0.0,0.0,0.0,0.0,0.0,0.0,0.0,0.0,0.0,0.0,0.0,0.0,0.0,0.0,0.0,0.0,0.0,0.0,0.0,4.68e-05,0.0
Reef 179,0.0,0.0,3.13e-05,5.84e-05,6.75e-05,7.69e-05,0.0,1.13e-05,0.0,0.0,0.0,2.8e-06,0.0,0.00012091,5.71e-05,0.0,0.0,0.0,2.89e-05,0.0,0.0,7.4e-06,0.0,0.000134827,0.0,2.64e-06,0.0,0.0,0.0,7.53e-05,0.0,0.0,0.0,0.0,0.0,0.0,3.55e-06,0.000275022,0.0,0.0,0.0,0.0,9.58e-05,0.0,0.000468089,1.42e-05,3.56e-06,7.12e-05,0.0,4.11e-06,0.0,0.0,0.000296397,7.13e-05,0.000334502,0.0,0.0,0.0,0.0,0.0,0.0,0.0,0.0,0.0,0.0,0.0,0.0,0.0,0.0,0.0,0.0,0.0,0.0,0.0,0.0,1.13e-05,3.8e-06,0.0,0.0,0.0,0.0,0.0,0.0,0.0,0.0,0.0,0.0,0.0,0.0,1.04e-05,1.73e-05,0.0,0.0,0.0,0.0,2.29e-05,0.0,0.0,1.33e-05,0.0,0.0,0.0,0.0,0.0,0.0,0.0,2.72e-06,2.66e-05,2.87e-06,0.0,0.0,2.52e-06,2.83e-06,4.54e-06,0.0,0.0,0.0,0.0,8.51e-05,0.0,0.0,0.0,0.0,0.0,5.24e-05,0.0,4.19e-06,0.0,0.0,0.0,0.0,0.0,0.0341965,0.00028439,2.68e-06,0.0,0.0,0.00118392,0.0,0.000818321,0.0,0.000686483,0.000237392,0.0,0.000258424,0.000201649,7.83e-05,0.0,5.97e-06,0.0,1.52e-05,0.0,0.0,0.0,0.0,0.0,0.0,0.000190979,0.000113362,0.0,0.0,0.0,0.0,3.3e-06,4.97e-05,0.0,0.0,0.0,0.0,7e-05,0.0,0.0,0.0,0.0,0.000268394,0.0,0.0,0.0,0.0133143,0.0,0.0,0.0,0.0,2.16e-05,0.000110603,0.0,3.8e-06,0.0,0.0,0.0,0.0,5.57e-06,0.0,0.0,0.0,0.0,0.0,0.000330298,0.00226831,8.34e-06,0.0,0.0,0.0,0.0,0.0,0.0,0.000151261,1.25e-05,0.0,0.0,0.0,0.0,0.0,0.0,0.0,0.0,0.0,0.0,0.0,0.0,0.0,0.0,0.0,0.0,0.0,0.0,0.0,0.0,0.0,0.0,0.0,0.0,0.0,0.0,0.0,0.0,0.0,0.0,0.0,0.0,0.0,0.0,0.0,0.0,0.0,0.0,0.0,0.0,0.0,0.0,0.0,0.0,0.0,0.0,0.0,0.0,0.0,0.0,0.0,0.0,0.0,0.0,0.0,0.0,0.0,0.0,0.0,0.0,0.0,0.0,0.0,0.0,0.0,0.0,0.0,0.0,0.0,0.0,0.0,0.0,0.0,0.0,0.0,0.0,0.0,0.0,0.0,0.0,0.0,0.0,0.0,0.0,0.0,0.0,0.0,0.0,0.0,0.0,0.0,0.0,0.0,0.0,0.0,0.0,0.0,0.0,0.0,0.0,0.0,0.0,0.0,0.0,0.0,0.0,0.0,0.0,0.0,0.0,0.0,0.0,0.0,0.0,0.0,0.0,0.0,0.0,0.0,0.0,0.0,0.0,0.0,0.0,0.0,0.0,0.0,0.0,0.0,0.0,0.0,0.0,0.0,0.0,0.0,0.0,0.0,0.0,0.0,0.0,0.0,0.0,0.0,0.0,0.0,0.0,0.0,0.0,0.0,0.0,0.0,0.0,0.0,0.0,0.0,0.0,0.0,0.0,0.0,0.0,0.0,0.0,0.0,0.0,0.0,0.0,0.0,0.0,0.0,0.0,0.0,0.0,0.0,0.0,0.0,0.0,0.0,0.0,0.0,0.0,0.0,0.0,0.0,0.0,0.0,0.0,0.0,0.0,0.0,0.0,0.0,0.0,0.0,0.0,0.0,0.0,0.0,0.0,0.0,0.0,0.0,0.0,0.0,0.0,0.0,0.0,0.0,0.0,0.0,0.0,0.0,0.0,0.0,0.0,0.0
Reef 180,0.0,0.0,0.0,0.0,0.0,0.0,0.0,0.0,0.0,0.0,0.0,0.0,0.0,0.0,0.0,0.0,0.0,0.0,0.0,0.0,4.46e-06,0.0,0.0,0.0,0.0,0.0,2.49e-05,0.0,0.0,1.14e-05,0.0,0.0,0.0,0.0,0.0,2.36e-05,0.0,0.0,0.0,5.35e-05,0.0,0.0,0.0,0.0,0.0,0.0,0.0,0.0,9.22e-06,0.0,0.0,0.0,0.0,0.0,0.0,0.0,0.0,0.000449528,0.0,0.0,0.0,0.0,0.0,0.0,0.0,0.0,0.00131316,0.0,0.0,0.0,6.55e-06,3.51e-06,0.0,0.0,0.0,0.0,0.0,0.0,0.0,0.0,1.58e-05,0.000869383,0.0,0.0,0.0,0.0,0.0,0.000133645,0.0,8.09e-06,0.0,0.0,3.77e-06,0.000298235,0.0,9.3e-05,4.6e-06,0.00107892,0.0,0.0,2.75e-06,2.64e-06,0.0,3.87e-06,0.0,0.0,0.000197765,0.00258894,0.0,3.35e-06,3.55e-06,0.000101153,0.0,3.36e-05,2.48e-05,0.0,0.0003212,0.00167967,0.0,0.0,1.45e-05,3.21e-06,0.0,3.72e-06,0.0,2.84e-06,0.0,1.37e-05,1.76e-05,0.000467356,3.61e-05,0.000912089,0.0,0.0,0.00132996,0.00342099,0.000985241,0.0,0.00184305,0.0,0.000113074,0.0,0.0,0.0,0.0,0.0,0.0,0.00166512,0.0,0.0,0.0,0.0,0.0,8.61e-06,0.0,0.00312719,0.00124284,0.0,0.0,0.0,0.000437132,0.0,0.0,0.0,0.0,0.0,0.0,0.000498965,2.86e-05,0.0,0.0182469,7.03e-05,4.23e-05,3.35e-06,0.0,0.0,2.01e-05,0.0,0.0,0.0287898,0.0,0.0,0.0124301,0.0,0.0,5.37e-05,0.0,1.34e-05,5.71e-06,0.0,0.0116969,0.0,0.0,0.0,0.0,0.000274795,0.0,0.0,0.0,0.0,0.00269964,0.000378024,1.02e-05,5.37e-05,0.0,0.0,0.0,0.0,0.0,1.86e-05,0.00171447,1.77e-05,0.000287506,3.76e-06,0.00201829,0.00201537,0.0,7.15e-06,0.0,0.0,0.0,0.0,2.67e-06,0.0,1.4e-05,0.0,0.0,1.09e-05,0.0,0.0,3.04e-05,0.0,0.0,0.0,0.0,3.37e-05,0.0,0.0,0.0,5.85e-05,0.000192927,8.37e-05,0.0,0.0,0.0,0.0,3.47e-05,2.2e-05,0.0,0.0,0.0,0.0,2.25e-05,0.0,0.0,0.0,0.0,0.0,0.0,5.45e-05,0.0,0.0,0.0,0.0,0.0,0.0,0.0,0.0,0.0,8.56e-05,0.0,0.0,4.8e-05,0.0,0.0,0.0,5.62e-06,0.0,0.0,0.0,0.0,0.0,0.0,0.0,0.0,0.0,0.0,0.0,0.0,6.89e-05,0.0,0.0,0.0,0.0,0.0,0.0,0.0,0.0,0.0,0.0,0.0,0.0,0.0,0.0,0.0,0.0,0.0,0.0,0.0,0.0,0.0,0.0,0.0,0.0,0.0,0.0,0.0,0.0,0.0,0.0,0.0,0.0,0.0,0.0,0.0,0.0,0.0,0.0,0.0,0.0,0.0,0.0,0.0,0.0,0.0,0.0,0.0,0.0,0.0,0.0,0.0,0.0,0.0,0.0,0.0,0.0,0.0,0.0,0.0,0.0,0.0,0.0,0.0,0.0,0.0,0.0,0.0,0.0,0.0,0.0,0.0,0.0,0.0,0.0,0.0,0.0,0.0,0.0,0.0,0.0,0.0,0.0,0.0,0.0,0.0,0.0,0.0,0.0,0.0,0.0,0.0,0.0,0.0,0.0,0.0,0.0,0.0,0.0,0.0,0.0,0.0,0.0,0.0,0.0,0.0,0.0,0.0,0.0,0.0,0.0,0.0,0.0,0.0,0.0,0.0,0.0,0.0,0.0,0.0,0.0,0.0,0.0,0.0,0.0,0.0,0.0,0.0,0.0,0.0,0.0,0.0,0.0,0.0
Reef 181,0.0,0.0,0.0,0.0,0.0,0.0,0.0,0.0,0.0,0.0,0.0,0.0,0.0,0.0,0.0,0.0,0.0,0.0,0.0,0.0,0.0,0.0,0.0,0.0,0.0,0.0,0.0,0.0,0.0,0.0,0.0,0.0,0.0,0.0,0.0,0.0,0.0,0.0,0.0,0.0,0.0,0.0,0.0,0.0,0.0,0.0,0.0,0.0,0.0,0.0,0.0,0.0,0.0,0.0,0.0,0.0,0.0,0.0,0.0,0.0,0.0,0.0,0.0,0.0,0.0,0.0,0.0,0.0,0.0,0.0,0.0,0.0,0.0,0.0,0.0,0.0,0.0,0.0,0.0,0.0,0.0,0.0,0.0,0.0,0.0,0.0,0.0,0.0,0.0,0.0,0.0,0.0,0.0,0.0,0.0,0.0,0.0,0.0,0.0,0.0,0.0,0.0,0.0,0.0,0.0,0.0,0.0,0.0,0.0,0.0,0.0,0.0,0.0,0.0,0.0,0.0,0.0,0.0,0.0,0.0,0.0,0.0,0.0,0.0,0.0,0.0,0.0,0.0,0.0,0.0,0.0,0.0,0.0,0.0,0.0,0.0,0.0,0.0,0.0,0.0,0.0,0.0,0.0,0.0,0.0,0.0,0.0,0.0,0.0,0.0,0.0,0.0,0.0,0.0,0.0,0.0,0.0,0.0,0.0,0.0,0.0,0.0,0.00780006,0.0,0.0,0.0,0.0,0.0,0.0,0.0,0.0,0.0,0.0,0.0,3.85e-05,0.0,0.0,0.00438354,0.0,0.0,0.00135418,0.0,0.0,0.0,5.9e-05,0.0,0.0,0.0,0.0,0.0,0.0,0.0,0.0,0.0,0.0,0.0,0.0,0.000555686,0.0,5.18e-05,0.0,0.0,0.0,0.0,0.0,0.0,0.0,0.000206354,0.0,0.0,0.0,0.0,0.0,0.0,0.0,0.0,0.0,0.0,0.0,0.0,0.0,0.0,0.0,0.0,0.0,0.000299455,0.0,0.0,0.0,0.000662426,0.0,0.0,0.0,0.0,0.0,0.0,0.0,0.0,0.0,0.0,0.0,0.0,0.0,0.0,0.0,0.0,0.0,0.0,0.0,0.0,0.0,0.0,0.0,0.0,0.0,0.0,0.0,0.0,0.0,0.0,0.0,0.0,0.0,0.0,0.0,0.0,0.0,0.0,0.0,0.0,0.0,0.0,0.0,0.0,0.0,0.0,0.0,0.0,0.0,0.0,0.0,0.0,0.0,0.0,0.0,0.0,0.0,0.0,0.0,0.0,0.0,0.0,0.0,0.0,0.0,0.0,0.0,0.0,0.0,0.0,0.0,0.0,0.0,0.0,0.0,0.0,0.0,0.0,0.0,0.0,0.0,0.0,0.0,0.0,0.0,0.0,0.0,0.0,0.0,0.0,0.0,0.0,0.0,0.0,0.0,0.0,0.0,0.0,0.0,0.0,0.0,0.0,0.0,0.0,0.0,0.0,0.0,0.0,0.0,0.0,0.0,0.0,0.0,0.0,0.0,0.0,0.0,0.0,0.0,0.0,0.0,0.0,0.0,0.0,0.0,0.0,0.0,0.0,0.0,0.0,0.0,0.0,0.0,0.0,0.0,0.0,0.0,0.0,0.0,0.0,0.0,0.0,0.0,0.0,0.0,0.0,0.0,0.0,0.0,0.0,0.0,0.0,0.0,0.0,0.0,0.0,0.0,0.0,0.0,0.0,0.0,0.0,0.0,0.0,0.0,0.0,0.0,0.0,0.0,0.0,0.0,0.0,0.0,0.0,0.0,0.0,0.0,0.0,0.0,0.0,0.0,0.0,0.0,0.0,0.0,0.0,0.0,0.0,0.0,0.0,0.0,5.33e-05,0.0
Reef 182,0.0,0.0,0.0,0.0,0.0,0.0,0.0,0.0,0.0,0.0,0.0,0.0,0.0,7.69e-07,9.55e-07,0.0,0.0,0.0,9.09e-07,0.0,0.0,0.0,0.0,1.67e-06,0.0,0.0,0.0,0.0,0.0,4.23e-06,0.0,0.0,0.0,0.0,0.0,0.0,0.0,1.29e-05,0.0,0.0,0.0,0.0,0.0,0.0,0.0,0.0,0.0,7.24e-06,0.0,0.0,0.0,0.0,8.86e-07,5.09e-07,1.1e-05,0.0,0.0,0.0,0.0,0.0,0.0,0.0,0.0,0.0,0.0,0.0,0.0,0.0,0.0,0.0,0.0,0.0,0.0,0.0,0.0,1.13e-06,0.0,0.0,0.0,0.0,0.0,0.0,0.0,0.0,0.0,0.0,0.0,0.0,0.0,0.0,1.02e-06,0.0,0.0,0.0,0.0,2.51e-05,0.0,0.0,0.0,0.0,0.0,0.0,0.0,0.0,0.0,0.0,0.0,0.0,0.0,0.0,0.0,0.0,1.24e-06,0.0,0.0,0.0,0.0,0.0,9.17e-07,0.0,0.0,0.0,0.0,0.0,0.0,0.0,7.99e-05,0.0,0.0,0.0,0.0,0.0,0.0,0.0,0.0,0.0,4.41e-07,0.0,0.0,0.0,0.0,0.0,0.0,1.78e-05,0.0,0.0,0.00114113,0.0,0.0,0.0235115,0.0,0.000496672,0.0151697,0.0,1.52e-05,0.0,4.84e-07,0.0,0.0,0.0109443,4.99e-05,0.0,0.0,0.0,0.0,2.27e-05,0.00268845,7.42e-07,1.9e-06,0.0,0.0,2.14e-05,1.83e-06,5.93e-07,0.0,0.120504,2.24e-06,0.0,6.96e-07,0.0,0.0,0.120299,0.0,0.0,0.0,8.24e-05,1.5e-06,0.000449406,0.000741037,0.0,0.0,0.0,0.000594094,5.05e-07,7.96e-06,0.000290813,7.64e-07,0.0,5.73e-07,0.0,1.82e-05,1.83e-06,0.0,4.92e-06,0.0,5.42e-07,1.48e-05,0.0,1.02e-06,0.000217808,0.00747718,0.000717158,0.000398066,9.9e-05,3.71e-07,0.00016263,5.33e-07,9.83e-07,4.21e-07,1.88e-06,1.08e-06,1.2e-06,1.19e-06,1.51e-06,3.2e-05,0.0,0.000145317,4.54e-06,0.0,0.0,9.69e-06,4.03e-07,6.51e-06,0.0,0.0,0.00019801,0.0,0.0,0.0,0.000153275,4.92e-06,3.28e-06,0.0,0.0,0.0,0.000223571,5.36e-05,3.32e-06,0.0,0.0,0.0,3.18e-06,5.3e-05,0.0,0.0,0.0,0.0,0.0,0.0,0.000132984,1.56e-05,0.0,0.0,0.0,5.96e-06,1.53e-06,0.0,0.0,1.14e-06,7.06e-07,0.0,0.0,0.000325945,0.0,1.08e-06,9.9e-05,0.000299752,0.0,0.0,0.000102928,0.0,7.86e-05,0.0,0.0,0.0,0.0,0.0,2.12e-05,0.0,8.47e-05,0.0,0.0,0.0,0.0,0.0,0.0,0.0,5.73e-05,1.23e-05,0.0,0.0,0.0,0.000391616,0.0,0.0,0.0,0.0,0.0,0.0,0.0,0.0,0.0,0.0,1.89e-06,0.0,0.0,0.0,0.0,0.0,0.0,0.0,0.0,0.0,0.0,0.0,0.0,0.0,1.66e-06,0.0,2.18e-06,0.0,0.0,0.0,8.17e-07,0.0,4.6e-07,2.02e-06,0.0,1.36e-06,0.0,0.0,0.0,9.25e-07,0.0,0.0,0.0,0.0,0.0,0.0,0.0,0.0,0.0,0.0,0.0,0.0,0.0,0.0,0.0,0.0,0.0,0.0,0.0,0.0,0.0,0.0,0.0,0.0,0.0,0.0,0.0,0.0,0.0,0.0,0.0,0.0,0.0,0.0,0.0,0.0,0.0,0.0,0.0,0.0,0.0,0.0,0.0,0.0,0.0,0.0,0.0,0.0,0.0,0.0,0.0,0.0,0.0,0.0,0.0,0.0,0.0,0.0,0.0,0.0,0.0,0.0,0.0,0.0,0.0,0.0,0.0,0.0,0.0,0.0,0.0,0.0,0.0,0.0,0.0,0.0,0.0,0.0,0.0,0.0
Reef 183,0.0,0.0,0.0,0.0,0.0,0.0,0.0,0.0,0.0,0.0,0.0,0.0,0.0,0.0,0.0,0.0,0.0,0.0,0.0,0.0,0.0,0.0,0.0,0.0,0.0,0.0,7.08e-06,0.0,0.0,5.69e-06,0.0,0.0,0.0,0.0,0.0,6.47e-06,0.0,0.0,0.0,6.8e-05,0.0,0.0,0.0,0.0,0.0,0.0,0.0,0.0,5.8e-06,0.0,0.0,0.0,0.0,0.0,0.0,0.0,0.0,0.000132388,0.0,0.0,0.0,0.0,0.0,0.0,0.0,0.0,0.000994374,0.0,0.0,0.0,3.49e-06,2.01e-05,0.0,0.0,0.0,0.0,0.0,0.0,0.0,0.0,4.65e-06,0.000712024,0.0,0.0,0.0,0.0,0.0,9.91e-05,0.0,3.12e-06,0.0,0.0,3.2e-06,0.000218864,0.0,4.49e-05,3.72e-06,0.000741766,0.0,0.0,0.0,0.0,0.0,3.2e-06,0.0,0.0,5.64e-05,0.000724468,0.0,0.0,0.0,2.66e-05,0.0,9.65e-06,7.3e-06,0.0,0.000248793,0.00145909,0.0,0.0,4.02e-06,2.07e-05,0.0,1.58e-05,0.0,0.0,0.0,9.04e-06,1.54e-05,0.000486131,0.000104718,4.09e-05,0.0,0.0,0.000457692,0.00128075,0.000874372,0.0,0.00171325,0.0,0.000386036,0.0,0.0,0.0,0.0,0.0,0.0,0.00445334,0.0,0.0,0.0,0.0,0.0,2.34e-05,0.0,0.00106535,2.5e-05,0.0,0.0,0.0,0.000368048,0.0,0.0,0.0,0.0,0.0,0.0,6.74e-06,2.73e-05,0.0,0.00436627,6.06e-05,3.89e-05,3.22e-06,0.0,0.0,1.94e-05,0.0,0.0,0.00691048,0.0,0.0,0.0209449,0.0,0.0,0.000676577,0.0,8.14e-06,3.19e-06,0.0,0.0189299,0.0,0.0,0.0,0.0,0.00013842,0.0,0.0,0.0,0.0,0.0172355,0.000196568,2.73e-06,3.01e-05,0.0,0.0,0.0,0.0,0.0,0.000164051,0.000881818,0.00575663,8.14e-06,1.43e-05,0.0010855,0.00109797,0.0,5.9e-06,0.0,0.0,0.0,0.0,0.0,0.0,2.52e-05,0.0,0.0,9.59e-06,0.0,0.0,2.68e-05,0.0,0.0,0.0,0.0,2.24e-05,0.0,0.0,0.0,3.51e-05,0.000121815,4.95e-05,0.0,0.0,0.0,0.0,1.96e-05,1.22e-05,0.0,0.0,0.0,0.0,1.46e-05,0.0,0.0,0.0,0.0,0.0,0.0,3.15e-05,0.0,0.0,0.0,0.0,0.0,0.0,0.0,0.0,0.0,5.23e-05,0.0,0.0,2.92e-05,0.0,0.0,0.0,3.68e-06,0.0,0.0,0.0,0.0,0.0,0.0,0.0,0.0,0.0,0.0,0.0,0.0,0.000125306,0.0,0.0,0.0,0.0,0.0,0.0,0.0,0.0,0.0,0.0,0.0,0.0,0.0,0.0,0.0,0.0,0.0,0.0,0.0,0.0,0.0,0.0,0.0,0.0,0.0,0.0,0.0,0.0,0.0,0.0,0.0,0.0,0.0,0.0,0.0,0.0,0.0,0.0,0.0,0.0,0.0,0.0,0.0,0.0,0.0,0.0,0.0,0.0,0.0,0.0,0.0,0.0,0.0,0.0,0.0,0.0,0.0,0.0,0.0,0.0,0.0,0.0,0.0,0.0,0.0,0.0,0.0,0.0,0.0,0.0,0.0,0.0,0.0,0.0,0.0,0.0,0.0,0.0,0.0,0.0,0.0,0.0,0.0,0.0,0.0,0.0,0.0,0.0,0.0,0.0,0.0,0.0,0.0,0.0,0.0,0.0,0.0,0.0,0.0,0.0,0.0,0.0,0.0,0.0,0.0,0.0,0.0,0.0,0.0,0.0,0.0,0.0,0.0,0.0,0.0,0.0,0.0,0.0,0.0,0.0,0.0,0.0,0.0,0.0,0.0,0.0,0.0,0.0,0.0,0.0,0.0,0.0,0.0
Reef 184,0.0,0.0,0.0,0.0,3.34e-05,0.0,0.0,0.0,0.0,0.0,0.0,0.0,0.0,0.0,0.0,0.0,0.0,0.0,0.0,0.0,0.0,0.0,0.0,0.0,0.0,0.0,0.0,0.0,0.0,0.0,0.0,0.0,0.0,0.0,0.0,0.0,0.0,0.0,0.0,0.0,0.0,0.0,0.0,0.0,0.0,0.0,0.0,0.0,0.0,0.0,0.0,0.0,0.0,0.0,0.0,0.0,0.0,0.0,0.0,0.0,0.0,0.0,0.0,0.0,0.0,0.0,0.0,0.0,0.0,0.0,0.0,0.0,0.0,0.0,0.0,0.0,0.0,0.0,0.0,0.0,0.0,0.0,0.0,0.0,0.0,0.0,0.0,0.0,0.0,0.0,0.0,0.0,0.0,0.0,0.0,0.0,0.0,0.0,0.0,0.0,0.0,0.0,0.0,0.0,0.0,0.0,0.0,0.0,0.0,0.0,0.0,0.0,0.0,0.0,0.0,0.0,0.0,0.0,0.0,0.0,0.0,0.0,0.0,0.0,0.0,0.0,0.0,0.0,0.0,0.0,0.0,0.0,0.0,0.0,0.0,0.0,0.0,6.1e-05,0.0,6.24e-05,0.0,0.0,0.0,0.0,0.0,0.0,0.0,0.0,0.000110863,0.0,0.0,0.0,0.0,0.0,0.0,0.0,0.0,0.0,0.0,0.0,0.0,0.0,0.0,0.0,0.0,0.0,0.0,0.0,0.0,0.0,0.0,0.0,0.0,0.0,3.98e-05,0.0,0.0,0.0,0.0,0.0,0.0,0.0,0.0,0.000202008,0.000253172,0.0,0.0,0.0,0.0,0.0,0.0,0.0,0.0,0.0,0.0,0.0,0.0,0.00010302,0.0,0.00358724,0.0,0.0,0.0,0.0,0.0,0.0,0.0,0.000125068,0.0,0.0,0.0,0.0,0.0,0.0,0.0,0.0,0.0,0.0,0.0,0.0,0.0,0.0,0.0,0.0,0.0,0.0,0.0,0.0,0.0,0.000186642,0.0,0.0,0.0,0.0,0.0,0.0,0.0,0.0,0.0,0.0,0.0,0.0,0.0,0.0,0.0,0.0,0.0,0.0,0.0,0.0,0.0,0.0,0.0,0.0,0.0,0.0,0.0,0.0,0.0,0.0,0.0,0.0,0.0,0.0,0.0,0.0,0.0,0.0,0.0,0.0,0.0,0.0,0.0,0.0,0.0,0.0,0.0,0.0,0.0,0.0,0.0,0.0,0.0,0.0,0.0,0.0,0.0,0.0,0.0,0.0,0.0,0.0,0.0,0.0,0.0,0.0,0.0,0.0,0.0,0.0,0.0,0.0,0.0,0.0,0.0,0.0,0.0,0.0,0.0,0.0,0.0,0.0,0.0,0.0,0.0,0.0,0.0,0.0,0.0,0.0,0.0,0.0,0.0,0.0,0.0,0.0,0.0,0.0,0.0,0.0,0.0,0.0,0.0,0.0,0.0,0.0,0.0,0.0,0.0,0.0,0.0,0.0,0.0,0.0,0.0,0.0,0.0,0.0,0.0,0.0,0.0,0.0,0.0,0.0,0.0,0.0,0.0,0.0,0.0,0.0,0.0,0.0,0.0,0.0,0.0,0.0,0.0,0.0,0.0,0.0,0.0,0.0,0.0,0.0,0.0,0.0,0.0,0.0,0.0,0.0,0.0,0.0,0.0,0.0,0.0,0.0,0.0,0.0,0.0,0.0,0.0,0.0,0.0,0.0,0.0,0.0,0.0,0.0,0.0,0.0,0.0,0.0,0.0,0.0,0.0,0.0,0.0,0.0,0.0,0.0,0.0,0.0,0.0,0.0,0.0,0.0,0.0,0.0,0.0,0.0,0.0,0.000108596,0.0
Reef 185,0.0,0.0,0.0,0.0,1.27e-05,0.0,0.0,0.0,0.0,0.0,0.0,0.0,0.0,0.0,0.0,0.0,0.0,0.0,0.0,0.0,0.0,0.0,0.0,0.0,0.0,0.0,0.0,0.0,0.0,0.0,0.0,0.0,0.0,0.0,0.0,0.0,0.0,0.0,0.0,0.0,0.0,0.0,0.0,0.0,0.0,0.0,0.0,0.0,0.0,0.0,0.0,0.0,0.0,0.0,0.0,0.0,0.0,0.0,0.0,0.0,0.0,0.0,0.0,0.0,0.0,0.0,0.0,0.0,0.0,0.0,0.0,0.0,0.0,0.0,0.0,0.0,0.0,0.0,0.0,0.0,0.0,0.0,0.0,0.0,0.0,0.0,0.0,0.0,0.0,0.0,0.0,0.0,0.0,0.0,0.0,0.0,0.0,0.0,0.0,0.0,0.0,0.0,0.0,0.0,0.0,0.0,0.0,0.0,0.0,0.0,0.0,0.0,0.0,0.0,0.0,0.0,0.0,0.0,0.0,0.0,0.0,0.0,0.0,0.0,0.0,0.0,0.0,0.0,0.0,0.0,0.0,0.0,0.0,0.0,0.0,0.0,0.0,1.58e-05,0.0,2.38e-05,0.0,0.0,0.0,0.0,0.0,0.0,0.0,0.0,2.12e-05,0.0,0.000168776,0.0,0.0,0.0,0.0,0.0,0.0,0.0,0.0,0.0,0.0,0.0,0.0,0.0,0.0,0.0,0.0,0.0,0.0,0.0,0.0,0.0,0.0,0.0,9.51e-05,0.0,0.0,0.0,0.0,0.0,0.0,0.0,0.0,0.00103294,0.000287786,0.0,0.0,0.0,0.0,0.0,0.0,0.0,0.0,0.0,0.0,0.0,0.0,0.00135268,0.0,0.00661904,0.0,0.0,0.0,0.0,0.0,0.0,0.0,0.000756088,0.0,0.0,0.0,0.0,0.0,0.0,0.0,0.0,0.0,0.0,0.0,0.0,0.0,0.0,0.0,0.0,0.0,0.0,0.0,0.0,0.0,7.62e-05,0.0,0.0,0.0,0.0,0.0,0.0,0.0,0.0,0.0,0.0,0.0,0.0,0.0,0.0,0.0,0.0,0.0,0.0,0.0,0.0,0.0,0.0,0.0,0.0,0.0,0.0,0.0,0.0,0.0,0.0,0.0,0.0,0.0,0.0,0.0,0.0,0.0,0.0,0.0,0.0,0.0,0.0,0.0,0.0,0.0,0.0,0.0,0.0,0.0,0.0,0.0,0.0,0.0,0.0,0.0,0.0,0.0,0.0,0.0,0.0,0.0,0.0,0.0,0.0,0.0,0.0,0.0,0.0,0.0,0.0,0.0,0.0,0.0,0.0,0.0,0.0,0.0,0.0,0.0,0.0,0.0,0.0,0.0,0.0,0.0,0.0,0.0,0.0,0.0,0.0,0.0,0.0,0.0,0.0,0.0,0.0,0.0,0.0,0.0,0.0,0.0,0.0,0.0,0.0,0.0,0.0,0.0,0.0,0.0,0.0,0.0,0.0,0.0,0.0,0.0,0.0,0.0,0.0,0.0,0.0,0.0,0.0,0.0,0.0,0.0,0.0,0.0,0.0,0.0,0.0,0.0,0.0,0.0,0.0,0.0,0.0,0.0,0.0,0.0,0.0,0.0,0.0,0.0,0.0,0.0,0.0,0.0,0.0,0.0,0.0,0.0,0.0,0.0,0.0,0.0,0.0,0.0,0.0,0.0,0.0,0.0,0.0,0.0,0.0,0.0,0.0,0.0,0.0,0.0,0.0,0.0,0.0,0.0,0.0,0.0,0.0,0.0,0.0,0.0,0.0,0.0,0.0,0.0,0.0,0.0,0.0,0.0,0.0,0.0,0.0,0.0,6.96e-05,0.0
Reef 186,8.13e-05,0.0,0.0,0.0,0.0,0.0,0.0,0.0,0.0,0.0,0.0,0.0,0.0,0.0,0.0,0.0,0.0,0.0,0.0,0.0,0.0,0.0,0.0,0.0,0.0,0.0,4.93e-05,0.0,0.0,0.0,0.0,0.0,0.0,0.0,0.0,6.05e-05,0.0,0.0,0.0,6.54e-06,0.0,0.0,0.0,0.0,0.0,0.0,0.0,0.0,1.18e-06,0.0,0.0,0.0,0.0,0.0,0.0,0.0,0.0,0.000532105,0.0,0.0,0.0,0.0,0.0,0.0,0.0,0.0,4.77e-06,0.0,0.0,0.0,2.07e-05,1.72e-05,0.0,0.0,0.0,0.0,0.0,0.0,0.0,0.0,7.11e-05,4.99e-06,0.0,0.0,0.0,0.0,0.0,1.18e-06,0.0,0.0,0.0,0.0,2.07e-06,7.67e-06,0.0,0.0,1.7e-06,3.87e-05,0.0,0.0,8.84e-07,0.0,0.0,1.07e-06,0.0,0.0,1.05e-05,0.00075236,0.0,0.0,0.0,6.57e-05,0.0,1.25e-06,2.1e-06,0.0,4.94e-06,1.36e-06,0.0,0.0,2.85e-06,0.000214476,0.0,0.000109723,0.0,0.0,0.0,4.74e-05,7.4e-06,9.97e-06,0.000217442,4.84e-05,0.0,0.0,5.83e-05,0.00170214,7.19e-05,0.0,0.00390736,0.0,0.000516934,0.0,0.0,0.0,0.0,0.0,0.0,0.0057954,0.0,0.0,0.0,0.0,0.0,1.94e-05,0.0,0.000204996,0.00156407,0.0,0.0,0.0,0.000359744,2.21e-06,0.0,0.0,0.0,0.0,0.0,0.00140873,1.36e-05,0.0,0.00039054,0.000184468,2.85e-06,4.08e-06,0.0,0.0,1.13e-06,0.0,0.0,0.000307429,0.0,0.0,0.000920673,0.0,0.0,0.0245125,0.0,4.17e-06,2.4e-06,0.0,0.000638494,0.0,0.0,1.59e-06,9.46e-07,0.000184198,0.0,0.0,0.0,0.0,0.00155517,0.000222801,8.25e-06,2.47e-05,0.0,0.0,0.0,0.0,0.0,0.00127502,0.00116255,1.68e-05,0.00023619,8.9e-05,0.00121529,0.00122403,1.43e-06,3.69e-06,0.0,9.04e-07,1.27e-06,0.0,3.51e-06,0.0,0.00218364,0.0,0.0,2.64e-05,0.0,0.0,9.1e-05,5.03e-06,0.0,3.82e-06,0.0,0.000147569,0.0,0.0,0.0,4.42e-05,0.000196749,8.79e-05,0.0,0.0,0.0,0.0,2.51e-05,1.72e-05,0.0,0.0,0.0,0.0,1.61e-05,0.0,0.0,0.0,0.0,0.0,0.0,3.4e-05,0.0,0.0,0.0,0.0,0.0,0.0,0.0,9.25e-06,0.0,6.99e-06,0.0,0.0,2.44e-05,0.0,0.0,0.0,2.04e-06,0.0,2.24e-06,0.0,0.0,8.75e-07,0.0,0.0,0.0,0.0,2.67e-06,0.0,0.0,0.000302709,0.0,0.0,0.0,0.0,0.0,0.0,0.0,0.0,0.0,0.0,0.0,0.0,0.0,0.0,0.0,0.0,0.0,0.0,0.0,0.0,0.0,0.0,0.0,0.0,0.0,0.0,0.0,0.0,0.0,0.0,0.0,0.0,0.0,0.0,0.0,0.0,0.0,0.0,0.0,0.0,0.0,0.0,0.0,0.0,0.0,0.0,0.0,0.0,0.0,0.0,0.0,0.0,0.0,0.0,0.0,0.0,0.0,0.0,0.0,0.0,0.0,0.0,0.0,0.0,0.0,0.0,0.0,0.0,0.0,0.0,0.0,0.0,0.0,0.0,0.0,0.0,0.0,0.0,0.0,0.0,0.0,0.0,0.0,0.0,0.0,0.0,0.0,0.0,0.0,0.0,0.0,0.0,0.0,0.0,0.0,0.0,0.0,0.0,0.0,0.0,0.0,0.0,0.0,0.0,0.0,0.0,0.0,0.0,0.0,0.0,0.0,0.0,0.0,0.0,0.0,0.0,0.0,0.0,0.0,0.0,0.0,0.0,0.0,0.0,0.0,0.0,0.0,0.0,0.0,0.0,0.0,0.0,0.0
Reef 187,0.0,0.0,7.37e-06,2.31e-06,2.82e-06,2.77e-06,0.0,3.71e-05,0.0,0.0,0.0,2.35e-06,0.0,0.00126761,0.000174235,0.0,0.0,7.29e-06,8.73e-05,0.0,6.15e-06,1.94e-05,0.0,0.00140035,0.0,4.57e-06,0.0,0.0,0.0,0.00023178,0.0,0.0,0.0,2.22e-06,0.0,0.0,3.36e-06,0.00287091,0.0,0.0,0.0,0.0,1.94e-05,0.0,0.00567917,0.000209564,4.2e-05,0.000745072,0.0,6.71e-06,0.0,0.0,0.00345745,0.000778022,0.00346537,0.0,0.0,0.0,0.0,0.0,3.55e-06,0.0,0.0,0.0,2.94e-06,0.0,0.0,0.0,0.0,0.0,0.0,0.0,0.0,0.0,0.0,3.42e-06,6.75e-06,0.0,0.0,0.0,0.0,0.0,0.0,0.0,0.0,0.0,0.0,0.0,0.0,1.66e-05,6.41e-06,0.0,0.0,0.0,0.0,7.41e-05,0.0,0.0,3.39e-06,0.0,0.0,0.0,0.0,0.0,0.0,0.0,4.85e-06,3.66e-06,4.36e-06,0.0,0.0,4.97e-06,1.01e-05,8.05e-06,3.56e-06,0.0,0.0,0.0,2.8e-06,0.0,0.0,0.0,0.0,0.0,5.47e-05,0.0,1.76e-05,0.0,0.0,0.0,0.0,0.0,0.00294218,0.000111703,5.87e-06,2.07e-06,0.0,0.000354886,0.0,0.00015416,0.0,7.84e-05,5.57e-05,0.0,3.05e-05,3.04e-05,3.91e-06,0.0,2.39e-06,0.0,3.95e-06,2.11e-06,0.0,0.0,0.0,0.0,0.0,3.61e-05,3.66e-05,0.0,0.0,0.0,0.0,6.37e-05,5.4e-06,0.0,0.0,0.0,0.0,6.63e-06,0.0,0.0,0.0,0.0,7.24e-05,0.0,0.0,0.0,0.00546302,0.0,0.0,0.0,0.0,0.0,9.13e-06,0.0,0.000816457,0.0,0.0,0.0,0.0,1.32e-05,0.0,0.0,0.0,0.0,0.0,0.000127557,0.0120098,0.0,0.0,0.0,0.0,0.0,0.0,0.0,0.000779271,2.07e-06,0.0,0.0,0.0,0.0,0.0,0.0,0.0,0.0,0.0,0.0,0.0,0.0,0.0,0.0,0.0,0.0,0.0,0.0,0.0,0.0,0.0,0.0,0.0,0.0,0.0,0.0,0.0,0.0,0.0,0.0,0.0,0.0,0.0,0.0,0.0,0.0,0.0,0.0,0.0,0.0,0.0,0.0,0.0,0.0,0.0,0.0,0.0,0.0,0.0,0.0,0.0,0.0,0.0,0.0,0.0,0.0,0.0,0.0,0.0,0.0,0.0,0.0,0.0,0.0,0.0,0.0,0.0,0.0,0.0,0.0,0.0,0.0,0.0,0.0,0.0,0.0,0.0,0.0,0.0,0.0,0.0,0.0,0.0,0.0,0.0,0.0,0.0,0.0,0.0,0.0,0.0,0.0,0.0,0.0,0.0,0.0,0.0,0.0,0.0,0.0,0.0,0.0,0.0,0.0,0.0,0.0,0.0,0.0,0.0,0.0,0.0,0.0,0.0,0.0,0.0,0.0,0.0,0.0,0.0,0.0,0.0,0.0,0.0,0.0,0.0,0.0,0.0,0.0,0.0,0.0,0.0,0.0,0.0,0.0,0.0,0.0,0.0,0.0,0.0,0.0,0.0,0.0,0.0,0.0,0.0,0.0,0.0,0.0,0.0,0.0,0.0,0.0,0.0,0.0,0.0,0.0,0.0,0.0,0.0,0.0,0.0,0.0,0.0,0.0,0.0,0.0,0.0,0.0,0.0,0.0,0.0,0.0,0.0,0.0,0.0,0.0,0.0,0.0,0.0,0.0,0.0,0.0,0.0,0.0,0.0,0.0,0.0,0.0,0.0,0.0,0.0,0.0,0.0,0.0,0.0,0.0,0.0,0.0,0.0,0.0,0.0,0.0,0.0,0.0,0.0,0.0,0.0,0.0,0.0,0.0,0.0,0.0,0.0,0.0,0.0
Reef 188,0.0,0.0,0.0,0.0,0.0,0.0,0.0,0.0,0.0,0.0,0.0,0.0,0.0,0.0,5.11e-07,0.0,0.0,0.0,4.69e-07,0.0,0.0,0.0,0.0,8.66e-07,0.0,0.0,0.0,0.0,0.0,2.25e-06,0.0,0.0,0.0,0.0,0.0,0.0,0.0,7.51e-06,0.0,0.0,0.0,0.0,0.0,0.0,0.0,0.0,0.0,4.11e-06,0.0,0.0,0.0,0.0,4.52e-07,0.0,6.37e-06,0.0,0.0,0.0,0.0,0.0,0.0,0.0,0.0,0.0,0.0,0.0,0.0,0.0,0.0,0.0,0.0,0.0,0.0,0.0,0.0,6.49e-07,0.0,0.0,0.0,0.0,0.0,0.0,0.0,0.0,0.0,0.0,0.0,0.0,0.0,0.0,5.71e-07,0.0,0.0,0.0,0.0,1.33e-05,0.0,0.0,0.0,0.0,0.0,0.0,0.0,0.0,0.0,0.0,0.0,0.0,0.0,0.0,0.0,0.0,6.05e-07,0.0,0.0,0.0,0.0,0.0,4.48e-07,0.0,0.0,0.0,0.0,0.0,0.0,0.0,3.9e-05,0.0,0.0,0.0,0.0,0.0,0.0,0.0,0.0,0.0,7.01e-07,0.0,0.0,0.0,1.13e-06,0.0,0.0,1.06e-05,0.0,0.0,0.000626581,0.0,0.0,0.0129596,0.0,0.000295282,0.0104657,0.0,1.14e-05,0.0,7.58e-07,0.0,0.0,0.0102469,7.05e-05,0.0,0.0,0.0,0.0,1.86e-06,0.00214429,1.13e-06,2.93e-06,0.0,0.0,3.08e-05,2.84e-06,8.77e-07,0.0,0.102176,3.43e-06,0.0,5.72e-07,0.0,0.0,0.120671,0.0,0.0,0.0,0.000129749,1.2e-06,0.0774559,3.78e-05,0.0,0.0,0.0,0.00799037,4.63e-07,0.00157029,1.14e-05,7.05e-07,0.0,4.65e-07,0.0,2.91e-05,0.000351096,0.0,0.00064114,9.24e-07,4.39e-07,1.16e-05,0.0,8.73e-07,0.00035024,0.000201902,0.00100368,0.000615294,0.000152577,0.00036968,3.31e-05,8.51e-07,1.67e-06,1.41e-06,2.89e-06,1.89e-06,0.000156816,2.07e-06,9.62e-07,4.9e-05,0.0,0.000236475,7.42e-06,0.0,0.0,1.42e-05,0.0,4.26e-06,0.0,0.0,0.000100701,0.0,0.0,0.0,0.000132187,3.89e-06,5.02e-06,0.0,0.0,0.0,0.000142905,4.44e-05,4.83e-06,0.0,0.0,0.0,2.09e-06,4.75e-05,0.0,0.0,0.0,0.0,0.0,0.0,0.000107079,7.35e-06,0.0,0.0,0.0,5.24e-06,7.1e-07,0.0,0.0,0.0,1.05e-06,0.0,0.0,0.000255966,0.0,7.27e-07,0.000169439,0.000232977,0.0,0.0,0.00017998,0.0,6.18e-05,0.0,0.0,0.0,0.0,0.0,1.59e-05,0.0,6.61e-05,0.0,0.0,0.0,0.0,0.0,0.0,0.0,5.85e-05,9.73e-06,0.0,0.0,0.0,0.000229183,0.0,0.0,0.0,0.0,0.0,0.0,0.0,0.0,0.0,0.0,0.0,0.0,0.0,0.0,0.0,0.0,0.0,0.0,0.0,0.0,0.0,0.0,0.0,0.0,1.5e-06,0.0,1.97e-06,0.0,0.0,0.0,7.33e-07,0.0,4.11e-07,1.79e-06,0.0,1.21e-06,0.0,0.0,0.0,8.3e-07,0.0,0.0,0.0,0.0,0.0,0.0,0.0,0.0,0.0,0.0,0.0,0.0,0.0,0.0,0.0,0.0,0.0,0.0,0.0,0.0,0.0,0.0,0.0,0.0,0.0,0.0,0.0,0.0,0.0,0.0,0.0,0.0,0.0,0.0,0.0,0.0,0.0,0.0,0.0,0.0,0.0,0.0,0.0,0.0,0.0,0.0,0.0,0.0,0.0,0.0,0.0,0.0,0.0,0.0,0.0,0.0,0.0,0.0,0.0,0.0,0.0,0.0,0.0,0.0,0.0,0.0,0.0,0.0,0.0,0.0,0.0,0.0,0.0,0.0,0.0,0.0,0.0,0.0,0.0,0.0
Reef 189,0.0,0.0,0.0,0.0,0.0,0.0,0.0,0.0,0.0,0.0,0.0,0.0,0.0,0.0,0.0,0.0,0.0,0.0,0.0,0.0,0.0,0.0,0.0,0.0,0.0,0.0,0.0,0.0,0.0,0.0,0.0,0.0,0.0,0.0,0.0,0.0,0.0,0.0,0.0,0.0,0.0,0.0,0.0,0.0,0.0,0.0,0.0,0.0,0.0,0.0,0.0,0.0,0.0,0.0,0.0,0.0,0.0,0.0,0.0,0.0,0.0,0.0,0.0,0.0,0.0,0.0,0.0,0.0,0.0,0.0,0.0,0.0,0.0,0.0,0.0,0.0,0.0,0.0,0.0,0.0,0.0,0.0,0.0,0.0,0.0,0.0,0.0,0.0,0.0,0.0,0.0,0.0,0.0,0.0,0.0,2.34e-05,0.0,0.0,0.0,0.0,0.0,0.0,0.0,0.0,0.0,0.0,0.0,0.0,0.0,0.0,0.0,0.0,0.0,0.0,0.0,0.0,0.0,0.0,0.0,0.0,0.0,0.0,0.0,0.0,0.0,0.0,6.81e-05,0.0,0.0,0.0,0.0,0.0,0.0,0.0,0.0,0.0,0.0,0.0,0.0,0.0,2.13e-05,0.0,0.0,1.6e-05,0.0,0.0,0.000996908,0.0,0.0,0.00508898,0.0,0.000455527,0.00796965,0.0,0.0,0.0,0.0,0.0,0.0,0.00910341,5.12e-05,0.0,0.0,0.0,0.0,0.000658475,0.00188656,0.0,0.0,0.0,0.0,2.23e-05,0.0,0.0,0.0,0.0826349,0.0,0.0,0.0,0.0,0.0,0.0814439,0.0,0.0,0.0,9.15e-05,0.0,0.0697756,0.00255905,0.0,0.0,0.0,0.0336808,0.0,0.0146869,0.000197096,0.0,0.0,0.0,0.0,2.11e-05,0.00543531,0.0,0.0124428,0.0,0.0,2.52e-05,0.0,0.000128774,0.000260386,0.00354092,0.000807718,0.000467222,0.000111103,0.00956848,0.00075559,0.0,0.0,0.0,0.0,0.0,0.000164269,0.0,0.0,3.51e-05,0.0,0.000419846,0.0,0.0,0.0,0.0,0.0,0.0,0.0,0.0,0.000217694,0.0,0.0,0.0,0.000188767,0.00147089,0.000463746,0.0,0.0,0.0,0.000200396,6.73e-05,0.000203768,0.0,0.0,0.0,0.0,4.81e-05,0.0,0.0,0.0,0.0,0.0,0.0,0.000130495,0.0,0.0,0.0,0.0,0.00175111,0.0,0.0,0.0,0.0,0.000720447,0.0,0.0,0.000309541,0.0,0.0,0.00013159,0.000294347,0.0,0.0,0.000139238,0.0,8.78e-05,0.0,0.0,0.0,0.0,0.0,4.33e-05,0.0,8.26e-05,0.0,0.0,0.0,0.0,0.0,0.0,0.0,4.29e-05,0.00113895,0.0,0.0,0.0,0.000334213,0.0,0.0,0.0,0.0,0.0,0.0,0.0,0.0,0.0,0.0,0.0,0.0,0.0,0.0,0.0,0.0,0.0,0.0,0.0,0.0,0.0,0.0,0.0,0.0,0.0,0.0,0.0,0.0,0.0,0.0,0.0,0.0,0.0,0.0,0.0,0.0,0.0,0.0,0.0,0.0,0.0,0.0,0.0,0.0,0.0,0.0,0.0,0.0,0.0,0.0,0.0,0.0,0.0,0.0,0.0,0.0,0.0,0.0,0.0,0.0,0.0,0.0,0.0,0.0,0.0,0.0,0.0,0.0,0.0,0.0,0.0,0.0,0.0,0.0,0.0,0.0,0.0,0.0,0.0,0.0,0.0,0.0,0.0,0.0,0.0,0.0,0.0,0.0,0.0,0.0,0.0,0.0,0.0,0.0,0.0,0.0,0.0,0.0,0.0,0.0,0.0,0.0,0.0,0.0,0.0,0.0,0.0,0.0,0.0,0.0,0.0,0.0,0.0,0.0,0.0,0.0,0.0,0.0,0.0,0.0
Reef 190,0.0,0.0,0.0,0.0,0.0,0.0,0.0,0.0,0.0,0.0,0.0,0.0,0.0,0.0,0.0,0.0,0.0,0.0,0.0,0.0,0.0,0.0,0.0,0.0,0.0,0.0,0.0,0.0,0.0,0.0,0.0,0.0,0.0,0.0,0.0,0.0,0.0,0.0,0.0,0.0,0.0,0.0,0.0,0.0,0.0,0.0,0.0,0.0,0.0,0.0,0.0,0.0,0.0,0.0,0.0,0.0,0.0,0.0,0.0,0.0,0.0,0.0,0.0,0.0,0.0,0.0,0.0,0.0,0.0,0.0,0.0,0.0,0.0,0.0,0.0,0.0,0.0,0.0,0.0,0.0,0.0,0.0,0.0,0.0,0.0,0.0,0.0,0.0,0.0,0.0,0.0,0.0,0.0,0.0,0.0,0.0,0.0,0.0,0.0,0.0,0.0,0.0,0.0,0.0,0.0,0.0,0.0,0.0,0.0,0.0,0.0,0.0,0.0,0.0,0.0,0.0,0.0,0.0,0.0,0.0,0.0,0.0,0.0,0.0,0.0,0.0,0.0,0.0,0.0,0.0,0.0,0.0,0.0,0.0,0.0,0.0,0.0,0.0,0.0,0.0,0.0,0.0,0.0,0.0,0.0,0.0,0.0,0.0,0.0,0.0,0.0,0.0,0.0,0.0,0.0,0.0,0.0,0.0,0.0,0.0,0.0,0.0,0.0,0.0,0.0,0.0,0.0,0.0,0.0,0.0,0.0,0.0,0.0,0.0,0.0,0.00294444,0.0,0.0,0.0,0.0,0.0,0.000930433,0.0,0.0,0.0,0.0,0.0,0.00416814,0.0,0.000861187,0.0,0.0,0.00125798,0.0120649,0.00220925,0.0170514,0.00967988,0.0,0.0,0.0,0.0,0.0148327,0.0,0.00661962,0.000650209,0.0,0.0,0.0,0.00238687,0.0,0.0617959,0.0,0.0,0.0,0.0160363,0.00220692,0.0,0.0,0.0,0.0,0.0,0.0,0.0,0.0,0.0,0.0,0.0,0.0,0.0,0.0,0.0,0.0,0.0,0.0,0.0,0.0,0.0,0.0,0.0,0.0,0.000708082,0.0,0.0,0.0,0.0,0.0,0.0,0.0,0.0,0.0,0.0,0.0,0.0,0.0,0.0,0.0,0.0,0.0,0.0,0.0,0.0,0.0,0.0,0.0,0.000692439,0.0,0.0,0.0,0.0,0.0,0.0,0.0,0.0,0.0,0.0,0.0,0.0,0.0,0.0,0.0,0.0,0.0,0.0,0.0,0.0,0.0,0.0,0.0,0.0,0.0,0.0,0.0,0.0,0.0,0.0,0.0,0.0,0.0,0.0,0.0,0.0,0.0,0.0,0.0,0.0,0.0,0.0,0.0,0.0,0.0,0.0,0.0,0.0,0.0,0.0,0.0,0.0,0.0,0.0,0.0,0.0,0.0,0.0,0.0,0.0,0.0,0.0,0.0,0.0,0.0,0.0,0.0,0.0,0.0,0.0,0.0,0.0,0.0,0.0,0.0,0.0,0.0,0.0,0.0,0.0,0.0,0.0,0.0,0.0,0.0,0.0,0.0,0.0,0.0,0.0,0.0,0.0,0.0,0.0,0.0,0.0,0.0,0.0,0.0,0.0,0.0,0.0,0.0,0.0,0.0,0.0,0.0,0.0,0.0,0.0,0.0,0.0,0.0,0.0,0.0,0.0,0.0,0.0,0.0,0.0,0.0,0.0,0.0,0.0,0.0,0.0,0.0,0.0,0.0,0.0,0.0,0.0,0.0,0.0,0.0,0.0,0.0,0.0,0.0,0.0,0.0,0.0,0.0,0.0,0.0,0.0,0.0,0.0,0.0,0.0,0.0,0.0,0.0,0.0,0.0,0.0,0.0,0.0
Reef 191,0.0,0.0,0.0,0.0,0.0,0.0,0.0,0.0,0.0,0.0,0.0,0.0,0.0,0.0,0.0,0.0,0.0,0.0,0.0,0.0,0.0,0.0,0.0,0.0,0.0,0.0,4.73e-06,0.0,0.0,0.0,0.0,0.0,0.0,0.0,0.0,4.05e-06,0.0,0.0,0.0,5.92e-05,0.0,0.0,0.0,0.0,0.0,0.0,0.0,0.0,3.32e-06,0.0,0.0,0.0,0.0,0.0,0.0,0.0,0.0,3.27e-06,2.02e-06,0.0,0.0,0.0,0.0,0.0,0.0,0.0,0.000596822,0.0,0.0,0.0,8.13e-06,9.91e-06,0.0,0.0,0.0,0.0,0.0,0.0,0.0,0.0,6.09e-06,0.000402155,0.0,0.0,0.0,0.0,0.0,5.93e-05,0.0,0.0,0.0,0.0,0.0,0.00013304,0.0,0.0,0.0,0.000434581,0.0,0.0,0.0,0.0,0.0,0.0,0.0,0.0,3.81e-06,1.15e-05,0.0,0.0,0.0,8.58e-06,0.0,2.92e-06,0.0,0.0,0.000145428,4.84e-06,0.0,0.0,0.0,1.36e-05,0.0,9.37e-06,0.0,0.0,0.0,2.79e-06,7.01e-06,7.53e-06,4.88e-05,0.000158964,0.0,0.0,6.83e-06,7.5e-05,8.57e-06,0.0,0.000537844,0.0,0.000460128,0.0,0.0,0.0,0.0,0.0,0.0,0.00194217,0.0,0.0,0.0,0.0,0.0,9.97e-06,0.0,3.12e-05,1.62e-05,0.0,0.0,0.0,0.000184167,0.0,0.0,0.0,0.0,0.0,0.0,4.77e-06,2.35e-05,0.0,0.00104378,4.03e-05,3.22e-05,2.8e-06,0.0,0.0,1.66e-05,0.0,0.0,0.000584963,0.0,0.0,0.00809876,0.0,0.0,0.000449875,0.0,2.27e-06,0.0,0.0,0.0637914,0.0,0.0,0.0,2.15e-06,1.94e-05,0.0,0.0,0.0,0.0,0.011869,3.24e-05,2.08e-06,6.67e-06,0.0,0.0,0.0,0.0,0.0,0.000108998,0.000135464,1.94e-06,6.29e-06,1.24e-05,0.000203282,0.000213919,0.0,5.1e-06,0.0,0.0,0.0,0.0,0.0,0.0,1.94e-05,0.0,0.0,6.51e-06,0.0,0.0,1.64e-05,0.0,0.0,0.0,0.0,6.69e-06,0.0,0.0,0.0,7.5e-06,2.99e-05,1.14e-05,0.0,0.0,0.0,0.0,3.71e-06,2.23e-06,0.0,0.0,0.0,0.0,3.7e-06,0.0,0.0,0.0,0.0,0.0,0.0,6.63e-06,0.0,0.0,0.0,0.0,0.0,0.0,0.0,0.0,0.0,1.29e-05,0.0,0.0,7.51e-06,0.0,0.0,0.0,1.25e-05,0.0,0.0,0.0,0.0,0.0,0.0,0.0,0.0,0.0,0.0,0.0,0.0,7.62e-05,0.0,0.0,0.0,0.0,0.0,0.0,0.0,0.0,0.0,0.0,0.0,0.0,0.0,0.0,0.0,0.0,0.0,0.0,0.0,0.0,0.0,0.0,0.0,0.0,0.0,0.0,0.0,0.0,0.0,0.0,0.0,0.0,0.0,0.0,0.0,0.0,0.0,0.0,0.0,0.0,0.0,0.0,0.0,0.0,0.0,0.0,0.0,0.0,0.0,0.0,0.0,0.0,0.0,0.0,0.0,0.0,0.0,0.0,0.0,0.0,0.0,0.0,0.0,0.0,0.0,0.0,0.0,0.0,0.0,0.0,0.0,0.0,0.0,0.0,0.0,0.0,0.0,0.0,0.0,0.0,0.0,0.0,0.0,0.0,0.0,0.0,0.0,0.0,0.0,0.0,0.0,0.0,0.0,0.0,0.0,0.0,0.0,0.0,0.0,0.0,0.0,0.0,0.0,0.0,0.0,0.0,0.0,0.0,0.0,0.0,0.0,0.0,0.0,0.0,0.0,0.0,0.0,0.0,0.0,0.0,0.0,0.0,0.0,0.0,0.0,0.0,0.0,0.0,0.0,0.0,0.0,0.0,0.0
Reef 192,0.0,0.0,0.0,0.0,0.0,0.0,0.0,0.0,0.0,0.0,0.0,0.0,0.0,0.0,0.0,0.0,0.0,0.0,0.0,0.0,0.0,0.0,0.0,0.0,0.0,0.0,0.0,0.0,0.0,0.0,0.0,0.0,0.0,0.0,0.0,0.0,0.0,0.0,0.0,0.0,0.0,0.0,0.0,0.0,0.0,0.0,0.0,0.0,0.0,0.0,0.0,0.0,0.0,0.0,0.0,0.0,0.0,0.0,0.0,0.0,0.0,0.0,0.0,0.0,0.0,0.0,0.0,0.0,0.0,0.0,0.0,0.0,0.0,0.0,0.0,0.0,0.0,0.0,0.0,0.0,0.0,0.0,0.0,0.0,0.0,0.0,0.0,0.0,0.0,0.0,0.0,0.0,0.0,0.0,0.0,0.0,0.0,0.0,0.0,0.0,0.0,0.0,0.0,0.0,0.0,0.0,0.0,0.0,0.0,0.0,0.0,0.0,0.0,0.0,0.0,0.0,0.0,0.0,0.0,0.0,0.0,0.0,0.0,0.0,0.0,0.0,0.0,0.0,0.0,0.0,0.0,0.0,0.0,0.0,0.0,0.0,0.0,0.000308961,0.0,0.000591226,0.0,0.0,0.0,0.0,0.0,0.0,0.0,0.0,0.000380996,0.0,0.000304934,0.0,0.0,0.0,0.0,0.0,0.0,0.0,0.0,0.0,0.0,0.0,0.0,0.0,0.0,0.0,0.0,0.0,0.0,0.0,0.0,0.0,0.0,0.0,0.000368065,0.0,0.0,0.0,0.0,0.0,0.0,0.0,0.0,0.000891276,0.00167113,0.0,0.0,0.0,0.0,0.0,0.0,0.000223779,0.0,0.0,0.0,0.0,0.0,0.013542,0.0,0.00624469,0.0,0.0,0.0,0.0,0.0,0.0,0.0,0.00430922,0.0,0.0,0.0,0.0,0.0,0.0,0.0,0.0,0.0,0.0,0.0,0.0,0.0,0.0,0.0,0.0,0.0,0.0,0.0,0.0,0.0,0.0,0.0,0.0,0.0,0.0,0.0,0.0,0.0,0.0,0.0,0.0,0.0,0.0,0.0,0.0,0.0,0.0,0.0,0.0,0.0,0.0,0.0,0.0,0.0,0.0,0.0,0.0,0.0,0.0,0.0,0.0,0.0,0.0,0.0,0.0,0.0,0.0,0.0,0.0,0.0,0.0,0.0,0.0,0.0,0.0,0.0,0.0,0.0,0.0,0.0,0.0,0.0,0.0,0.0,0.0,0.0,0.0,0.0,0.0,0.0,0.0,0.0,0.0,0.0,0.0,0.0,0.0,0.0,0.0,0.0,0.0,0.0,0.0,0.0,0.0,0.0,0.0,0.0,0.0,0.0,0.0,0.0,0.0,0.0,0.0,0.0,0.0,0.0,0.0,0.0,0.0,0.0,0.0,0.0,0.0,0.0,0.0,0.0,0.0,0.0,0.0,0.0,0.0,0.0,0.0,0.0,0.0,0.0,0.0,0.0,0.0,0.0,0.0,0.0,0.0,0.0,0.0,0.0,0.0,0.0,0.0,0.0,0.0,0.0,0.0,0.0,0.0,0.0,0.0,0.0,0.0,0.0,0.0,0.0,0.0,0.0,0.0,0.0,0.0,0.0,0.0,0.0,0.0,0.0,0.0,0.0,0.0,0.0,0.0,0.0,0.0,0.0,0.0,0.0,0.0,0.0,0.0,0.0,0.0,0.0,0.0,0.0,0.0,0.0,0.0,0.0,0.0,0.0,0.0,0.0,0.0,0.0,0.0,0.0,0.0,0.0,0.0,0.0,0.0,0.0,0.0,0.0,0.0,0.0,0.0,0.0,0.0,0.0,0.0,0.0,0.0,0.0,0.0,0.0
Reef 193,0.0,0.0,0.0,0.0,0.0,0.0,0.0,0.0,0.0,0.0,0.0,0.0,0.0,2.57e-06,2.31e-06,0.0,0.0,0.0,2.73e-06,0.0,0.0,0.0,0.0,5.3e-06,0.0,0.0,0.0,0.0,0.0,1.14e-05,0.0,0.0,0.0,0.0,0.0,0.0,0.0,2.72e-05,0.0,0.0,0.0,0.0,0.0,0.0,0.0,0.0,0.0,1.29e-05,0.0,0.0,0.0,0.0,0.0,0.0,1.96e-05,0.0,0.0,0.0,0.0,0.0,0.0,0.0,0.0,0.0,0.0,0.0,0.0,0.0,0.0,0.0,0.0,0.0,0.0,0.0,0.0,2.09e-06,0.0,0.0,0.0,0.0,0.0,0.0,0.0,0.0,0.0,0.0,0.0,0.0,0.0,0.0,2.3e-06,0.0,0.0,0.0,0.0,7.19e-05,0.0,0.0,0.0,0.0,0.0,0.0,0.0,0.0,0.0,0.0,0.0,0.0,0.0,0.0,0.0,0.0,7.59e-06,0.0,0.0,0.0,0.0,0.0,5.78e-06,0.0,0.0,0.0,0.0,0.0,0.0,0.0,0.000166967,0.0,0.0,0.0,0.0,6.15e-06,0.0,0.0,0.0,0.0,0.0,0.0,0.0,0.0,3.5e-05,0.0,0.0,2.14e-05,0.0,0.0,0.00189577,0.0,0.0,0.0102418,0.0,0.000824433,0.00962684,0.0,1.03e-05,0.0,2.47e-06,0.0,0.0,0.00929983,5.32e-06,0.0,0.0,0.0,0.0,9.11e-06,0.00218683,0.0,0.0,0.0,0.0,2.29e-06,0.0,0.0,0.0,0.0721827,0.0,0.0,4.8e-06,0.0,0.0,0.100882,0.0,0.0,0.0,7.95e-06,8.02e-06,0.0322953,0.000572177,0.0,0.0,0.0,0.0339544,5.51e-06,0.0242496,0.000436123,2.35e-06,0.0,3.38e-06,0.0,1.94e-06,0.0116174,0.0,0.0291832,1.47e-05,3.17e-06,6.6e-05,0.0,4.45e-06,2.46e-05,0.00790864,4.65e-06,4.87e-05,1.04e-05,0.0241777,0.00184795,0.0,0.0,2.3e-06,0.0,0.0,0.000333465,0.0,3.49e-06,3.24e-06,0.0,0.000286707,0.0,0.0,0.0,0.0,0.0,1.39e-05,0.0,0.0,0.000328514,0.0,0.0,0.0,1.53e-05,1.86e-06,0.000659842,0.0,0.0,0.0,0.000418007,4.13e-06,0.000298525,0.0,0.0,0.0,6.57e-06,2.48e-05,0.0,0.0,0.0,0.0,0.0,0.0,3.74e-06,1.27e-05,0.0,0.0,0.0,3.65e-06,0.0,0.0,0.0,6.54e-06,0.000893366,0.0,0.0,0.000361747,0.0,2.2e-06,8.05e-06,0.000351472,0.0,0.0,8.34e-06,0.0,0.000121031,0.0,0.0,0.0,0.0,0.0,1.2e-05,0.0,9.83e-05,0.0,1.92e-06,0.0,0.0,0.0,0.0,0.0,4.13e-06,2e-05,0.0,0.0,0.0,0.000717707,0.0,0.0,0.0,0.0,0.0,0.0,0.0,0.0,0.0,0.0,1.62e-05,0.0,0.0,0.0,0.0,0.0,0.0,0.0,0.0,0.0,0.0,0.0,0.0,0.0,0.0,0.0,1.84e-06,0.0,0.0,0.0,0.0,0.0,0.0,0.0,0.0,0.0,0.0,0.0,0.0,0.0,0.0,0.0,0.0,0.0,0.0,0.0,0.0,0.0,0.0,0.0,0.0,0.0,0.0,0.0,0.0,0.0,0.0,0.0,0.0,0.0,0.0,0.0,0.0,0.0,0.0,0.0,0.0,0.0,0.0,0.0,0.0,0.0,0.0,0.0,0.0,0.0,0.0,0.0,0.0,0.0,0.0,0.0,0.0,0.0,0.0,0.0,0.0,0.0,0.0,0.0,0.0,0.0,0.0,0.0,0.0,0.0,0.0,0.0,0.0,0.0,0.0,0.0,0.0,0.0,0.0,0.0,0.0,0.0,0.0,0.0,0.0,0.0,0.0,0.0,0.0,0.0,0.0,0.0,0.0,0.0
Reef 194,0.0,0.0,0.0,0.0,0.0,0.0,0.0,0.0,0.0,0.0,0.0,0.0,0.0,0.0,0.0,0.0,0.0,0.0,0.0,0.0,0.0,0.0,0.0,0.0,0.0,0.0,0.0,0.0,0.0,0.0,0.0,0.0,0.0,0.0,0.0,0.0,0.0,0.0,0.0,0.0,0.0,0.0,0.0,0.0,0.0,0.0,0.0,0.0,0.0,0.0,0.0,0.0,0.0,0.0,0.0,0.0,0.0,0.0,0.0,0.0,0.0,0.0,0.0,0.0,0.0,0.0,0.0,0.0,0.0,0.0,0.0,0.0,0.0,0.0,0.0,0.0,0.0,0.0,0.0,0.0,0.0,0.0,0.0,0.0,0.0,0.0,0.0,0.0,0.0,0.0,0.0,0.0,0.0,0.0,0.0,0.0,0.0,0.0,0.0,0.0,0.0,0.0,0.0,0.0,0.0,0.0,0.0,0.0,0.0,0.0,0.0,0.0,0.0,0.0,0.0,0.0,0.0,0.0,0.0,0.0,0.0,0.0,0.0,0.0,0.0,0.0,0.0,0.0,0.0,0.0,0.0,0.0,0.0,0.0,0.0,0.0,0.0,0.0,0.0,0.0,0.0,0.0,0.0,0.0,0.0,0.0,1.33e-05,0.0,0.0,3.51e-05,0.0,0.0,2.67e-05,0.0,0.0,0.0,0.0,0.0,0.0,3.9e-05,3.91e-05,0.0,0.0,0.0,0.0,6.37e-05,1.23e-05,0.0,0.0,0.0,0.0,1.7e-05,0.0,0.0,0.0,0.00174046,0.0,0.0,0.0,0.0,0.0,0.0053413,0.0,0.0,0.0,7.14e-05,0.0,0.0222751,0.00171243,8.26e-05,0.0,0.0,0.00571901,0.0214989,0.00928024,0.0405968,0.00814676,0.0,0.0,0.0,1.62e-05,0.0470327,0.0,0.0245225,8.9e-05,0.0,0.0,0.0,0.000101451,0.000215918,0.135288,0.000835096,0.000394025,7.75e-05,0.0490634,0.00608083,0.0,0.0,0.0,0.0,0.0,0.000647929,0.0,0.0,2.51e-05,0.0,2.01e-05,0.0,0.0,0.0,0.0,0.0,0.0,0.0,0.0,0.0,0.0,0.0,0.0,0.000255725,0.000961401,2.3e-05,0.0,0.0,0.0,3.53e-05,9.19e-05,0.0,0.0,0.0,0.0,0.0,0.000198879,0.0,0.0,0.0,0.0,0.0,0.0,0.000188041,0.0,0.0,0.0,0.0,0.00100881,0.0,0.0,0.0,0.0,2.55e-05,0.0,0.0,0.000248866,0.0,0.0,7.76e-05,6.39e-05,0.0,0.0,8.45e-05,0.0,0.000205346,0.0,0.0,0.0,0.0,0.0,0.0,0.0,1.2e-05,0.0,0.0,0.0,0.0,0.0,0.0,0.0,1.1e-05,0.0002658,0.0,0.0,0.0,5.34e-05,0.0,0.0,0.0,0.0,0.0,0.0,0.0,0.0,0.0,0.0,0.0,0.0,0.0,0.0,0.0,0.0,0.0,0.0,0.0,0.0,0.0,0.0,0.0,0.0,0.0,0.0,0.0,0.0,0.0,0.0,0.0,0.0,0.0,0.0,0.0,0.0,0.0,0.0,0.0,0.0,0.0,0.0,0.0,0.0,0.0,0.0,0.0,0.0,0.0,0.0,0.0,0.0,0.0,0.0,0.0,0.0,0.0,0.0,0.0,0.0,0.0,0.0,0.0,0.0,0.0,0.0,0.0,0.0,0.0,0.0,0.0,0.0,0.0,0.0,0.0,0.0,0.0,0.0,0.0,0.0,0.0,0.0,0.0,0.0,0.0,0.0,0.0,0.0,0.0,0.0,0.0,0.0,0.0,0.0,0.0,0.0,0.0,0.0,0.0,0.0,0.0,0.0,0.0,0.0,0.0,0.0,0.0,0.0,0.0,0.0,0.0,0.0,0.0,0.0,0.0,0.0,0.0,0.0,0.0,0.0
Reef 195,0.0,0.0,0.0,0.0,0.0,0.0,0.0,0.0,0.0,0.0,0.0,0.0,0.0,2.23e-06,2.15e-06,0.0,0.0,0.0,2.42e-06,0.0,0.0,0.0,0.0,4.62e-06,0.0,0.0,0.0,0.0,0.0,1.03e-05,0.0,0.0,0.0,0.0,0.0,0.0,0.0,2.47e-05,0.0,0.0,0.0,0.0,0.0,0.0,0.0,0.0,0.0,1.07e-05,0.0,0.0,0.0,0.0,0.0,0.0,1.64e-05,0.0,0.0,0.0,0.0,0.0,0.0,0.0,0.0,0.0,0.0,0.0,0.0,0.0,0.0,0.0,0.0,0.0,0.0,0.0,0.0,0.0,0.0,0.0,0.0,0.0,0.0,0.0,0.0,0.0,0.0,0.0,0.0,0.0,0.0,0.0,2.1e-06,0.0,0.0,0.0,0.0,6.34e-05,0.0,0.0,0.0,0.0,0.0,0.0,0.0,0.0,0.0,0.0,0.0,0.0,0.0,0.0,0.0,0.0,6.22e-06,0.0,0.0,0.0,0.0,7.5e-06,4.74e-06,0.0,0.0,0.0,0.0,0.0,0.0,0.0,0.000136502,0.0,0.0,2.98e-06,0.0,2.65e-05,0.0,0.0,0.0,0.0,0.0,0.0,0.0,0.0,0.000120079,0.0,0.0,2.13e-05,0.0,0.0,0.00164624,0.0,0.0,0.00048692,0.0,0.000779722,0.000801409,0.0,2.92e-06,0.0,1.18e-05,0.0,0.0,0.000948974,2.59e-05,0.0,0.0,0.0,0.0,0.000826582,0.000204715,0.0,0.0,0.0,0.0,1.12e-05,0.0,0.0,0.0,0.00907838,0.0,0.0,4.34e-06,0.0,0.0,0.0154225,0.0,0.0,0.0,4.2e-05,2.29e-06,0.0159835,0.000757231,0.0,0.0,0.0,0.00725033,2.87e-05,0.0177144,0.00120766,1.38e-05,0.0,2.83e-06,0.0,9.78e-06,0.038189,6.07e-06,0.105729,2.83e-06,0.000130138,1.94e-05,0.0,3.81e-05,0.000120975,0.0302013,5.33e-05,0.000211254,5.08e-05,0.166022,0.00642385,0.0,0.0,4.77e-06,0.0,0.0,2.43e-05,0.0,3e-06,1.62e-05,0.0,0.000160613,2.46e-06,0.0,0.0,5.03e-06,0.0,1.2e-05,0.0,0.0,0.000364633,0.0,0.0,0.0,0.000742831,3.8e-05,0.000714208,0.0,0.0,0.0,0.000339968,0.000114038,0.000332175,0.0,0.0,0.0,5.63e-06,0.000910782,0.0,0.0,0.0,0.0,0.0,0.0,4.52e-05,1.09e-05,0.0,0.0,0.0,0.000140345,0.0,0.0,0.0,3.11e-06,0.000915145,0.0,0.0,9.31e-06,0.0,7.91e-06,6.01e-06,0.000191427,0.0,0.0,2.26e-06,0.0,5.63e-06,0.0,0.0,0.0,0.0,0.0,8.02e-06,0.0,5.42e-05,0.0,0.0,0.0,0.0,0.0,0.0,0.0,1.64e-05,1e-05,0.0,0.0,0.0,0.000500192,0.0,0.0,0.0,0.0,0.0,0.0,0.0,0.0,0.0,0.0,8e-06,0.0,0.0,0.0,0.0,0.0,0.0,0.0,0.0,0.0,0.0,0.0,0.0,0.0,0.0,0.0,0.0,0.0,0.0,0.0,0.0,0.0,0.0,0.0,0.0,0.0,0.0,0.0,0.0,0.0,0.0,0.0,0.0,0.0,0.0,0.0,0.0,0.0,0.0,0.0,0.0,0.0,0.0,0.0,0.0,0.0,0.0,0.0,0.0,0.0,0.0,0.0,0.0,0.0,0.0,0.0,0.0,0.0,0.0,0.0,0.0,0.0,0.0,0.0,0.0,0.0,0.0,0.0,0.0,0.0,0.0,0.0,0.0,0.0,0.0,0.0,0.0,0.0,0.0,0.0,0.0,0.0,0.0,0.0,0.0,0.0,0.0,0.0,0.0,0.0,0.0,0.0,0.0,0.0,0.0,0.0,0.0,0.0,0.0,0.0,0.0,0.0,0.0,0.0,0.0,0.0,0.0,0.0,0.0,0.0
Reef 196,0.0,0.0,0.0,0.0,0.0,0.0,0.0,0.0,0.0,0.0,0.0,0.0,0.0,0.0,0.0,0.0,0.0,0.0,0.0,0.0,0.0,0.0,0.0,0.0,0.0,0.0,0.0,0.0,0.0,0.0,0.0,0.0,0.0,0.0,0.0,0.0,0.0,0.0,0.0,0.0,0.0,0.0,0.0,0.0,0.0,0.0,0.0,0.0,0.0,0.0,0.0,0.0,0.0,0.0,0.0,0.0,0.0,0.0,0.0,0.0,0.0,0.0,0.0,0.0,0.0,0.0,0.0,0.0,0.0,0.0,0.0,0.0,0.0,0.0,0.0,0.0,0.0,0.0,0.0,0.0,0.0,0.0,0.0,0.0,0.0,0.0,0.0,0.0,0.0,0.0,0.0,0.0,0.0,0.0,0.0,0.0,0.0,0.0,0.0,0.0,0.0,0.0,0.0,0.0,0.0,0.0,0.0,0.0,0.0,0.0,0.0,0.0,0.0,0.0,0.0,0.0,0.0,1.38e-06,0.0,0.0,0.0,0.0,0.0,0.0,0.0,0.0,2.62e-06,0.0,0.0,0.0,0.0,5.2e-06,0.0,0.0,0.0,0.0,0.0,0.0,0.0,0.0,2.98e-05,0.0,0.0,0.0,0.0,0.0,3.45e-05,0.0,0.0,0.00021465,0.0,8.58e-06,0.000239922,0.0,0.0,0.0,2.12e-06,0.0,0.0,0.000315371,5.87e-05,0.0,0.0,0.0,0.0,9.14e-05,8.48e-05,0.0,1.75e-06,0.0,0.0,2.59e-05,1.58e-06,0.0,0.0,0.00761706,2.48e-06,0.0,0.0,0.0,0.0,0.0200453,0.0,0.0,0.0,9.86e-05,0.0,0.0469677,0.00161587,3.4e-06,0.0,0.0,0.0112293,9.97e-05,0.0152808,0.06386,4e-05,0.0,0.0,0.0,2.48e-05,0.0731394,1.55e-06,0.0484367,1.85e-06,0.0,2.03e-05,0.0,1.04e-05,0.000311728,0.0304909,8.89e-06,0.000505502,0.000108407,0.0503377,0.00436219,0.0,0.0,0.0,2.13e-06,0.0,1.69e-06,0.0,0.0,3.51e-05,0.0,3.63e-05,5.1e-06,0.0,0.0,1.14e-05,0.0,3.5e-06,0.0,0.0,3.7e-05,0.0,0.0,0.0,4.39e-05,3.19e-06,2.87e-06,0.0,0.0,0.0,0.00012413,9.06e-06,1.52e-06,0.0,0.0,0.0,1.74e-06,6.01e-05,0.0,0.0,0.0,0.0,0.0,0.0,5.86e-06,0.0,0.0,0.0,0.0,9.27e-06,0.0,0.0,0.0,0.0,0.000109825,0.0,0.0,1.44e-05,0.0,0.0,2.56e-05,5.37e-06,0.0,0.0,2.86e-05,0.0,9.63e-05,0.0,0.0,0.0,0.0,0.0,1.28e-05,0.0,1.91e-06,0.0,0.0,0.0,0.0,0.0,0.0,0.0,3.5e-06,8.72e-05,0.0,0.0,0.0,0.000170927,0.0,0.0,0.0,0.0,0.0,0.0,0.0,0.0,0.0,0.0,0.0,0.0,0.0,0.0,0.0,0.0,0.0,0.0,0.0,0.0,0.0,0.0,0.0,0.0,0.0,0.0,0.0,0.0,0.0,0.0,0.0,0.0,0.0,0.0,0.0,0.0,0.0,0.0,0.0,0.0,0.0,0.0,0.0,0.0,0.0,0.0,0.0,0.0,0.0,0.0,0.0,0.0,0.0,0.0,0.0,0.0,0.0,0.0,0.0,0.0,0.0,0.0,0.0,0.0,0.0,0.0,0.0,0.0,0.0,0.0,0.0,0.0,0.0,0.0,0.0,0.0,0.0,0.0,0.0,0.0,0.0,0.0,0.0,0.0,0.0,0.0,0.0,0.0,0.0,0.0,0.0,0.0,0.0,0.0,0.0,0.0,0.0,0.0,0.0,0.0,0.0,0.0,0.0,0.0,0.0,0.0,0.0,0.0,0.0,0.0,0.0,0.0,0.0,0.0,0.0,0.0,0.0,0.0,0.0,0.0
Reef 197,0.0,0.0,0.0,0.0,0.0,0.0,0.0,0.0,0.0,0.0,0.0,0.0,0.0,0.0,0.0,0.0,0.0,0.0,0.0,0.0,0.0,0.0,0.0,0.0,0.0,0.0,0.0,0.0,0.0,0.0,0.0,0.0,0.0,0.0,0.0,0.0,0.0,0.0,0.0,0.0,0.0,0.0,0.0,0.0,0.0,0.0,0.0,0.0,0.0,0.0,0.0,0.0,0.0,0.0,0.0,0.0,0.0,0.0,0.0,0.0,0.0,0.0,0.0,0.0,0.0,0.0,0.0,0.0,0.0,0.0,0.0,0.0,0.0,0.0,0.0,0.0,0.0,0.0,0.0,0.0,0.0,0.0,0.0,0.0,0.0,0.0,0.0,0.0,0.0,0.0,0.0,0.0,0.0,0.0,0.0,0.0,0.0,0.0,0.0,0.0,0.0,0.0,0.0,0.0,0.0,0.0,0.0,0.0,0.0,0.0,0.0,0.0,0.0,0.0,0.0,0.0,0.0,0.0,0.0,0.0,0.0,0.0,0.0,0.0,0.0,0.0,0.0,0.0,0.0,0.0,0.0,0.0,0.0,0.0,0.0,0.0,0.0,0.0,0.0,0.0,0.0,0.0,0.0,0.0,0.0,0.0,1.21e-05,0.0,0.0,1.75e-05,0.0,6.79e-06,1.32e-05,0.0,0.0,0.0,0.0,0.0,0.0,1.97e-05,7.34e-05,0.0,0.0,0.0,0.0,7.54e-05,6.36e-06,0.0,0.0,0.0,0.0,3.16e-05,0.0,0.0,0.0,0.000852226,0.0,0.0,0.0,0.0,0.0,0.00299539,0.0,0.0,0.0,0.000132379,0.0,0.0132992,0.00127866,0.000105269,0.0,0.0,0.00381476,0.0152056,0.00685139,0.0343712,0.039938,0.0,0.0,0.0,2.75e-05,0.0471291,0.0,0.0217787,0.000453614,0.0,0.0,0.0,0.000353753,0.00033345,0.228103,1.07e-05,0.000545557,0.000141291,0.0520525,0.00674184,0.0,0.0,0.0,0.0,0.0,0.000591005,0.0,0.0,4.73e-05,0.0,6.79e-06,8.55e-06,0.0,0.0,1.48e-05,0.0,0.0,0.0,0.0,8.47e-06,0.0,0.0,0.0,6.3e-06,0.00189871,4.09e-06,0.0,0.0,0.0,1.96e-05,0.000107607,4.37e-06,0.0,0.0,0.0,0.0,6.61e-06,0.0,0.0,0.0,0.0,0.0,0.0,4.99e-06,0.0,0.0,0.0,0.0,0.00252939,0.0,0.0,0.0,0.0,2.46e-05,0.0,0.0,0.000458894,0.0,0.0,0.000197348,0.000141137,0.0,0.0,0.000213602,0.0,0.000488296,0.0,0.0,0.0,0.0,0.0,0.0,0.0,3.15e-05,0.0,0.0,0.0,0.0,0.0,0.0,0.0,2.83e-05,0.00067946,0.0,0.0,0.0,3.04e-05,0.0,0.0,0.0,0.0,0.0,0.0,0.0,0.0,0.0,0.0,0.0,0.0,0.0,0.0,0.0,0.0,0.0,0.0,0.0,0.0,0.0,0.0,0.0,0.0,0.0,0.0,0.0,0.0,0.0,0.0,0.0,0.0,0.0,0.0,0.0,0.0,0.0,0.0,0.0,0.0,0.0,0.0,0.0,0.0,0.0,0.0,0.0,0.0,0.0,0.0,0.0,0.0,0.0,0.0,0.0,0.0,0.0,0.0,0.0,0.0,0.0,0.0,0.0,0.0,0.0,0.0,0.0,0.0,0.0,0.0,0.0,0.0,0.0,0.0,0.0,0.0,0.0,0.0,0.0,0.0,0.0,0.0,0.0,0.0,0.0,0.0,0.0,0.0,0.0,0.0,0.0,0.0,0.0,0.0,0.0,0.0,0.0,0.0,0.0,0.0,0.0,0.0,0.0,0.0,0.0,0.0,0.0,0.0,0.0,0.0,0.0,0.0,0.0,0.0,0.0,0.0,0.0,0.0,0.0,0.0
Reef 198,0.0,0.0,0.0,0.0,0.0,0.0,0.0,0.0,0.0,0.0,0.0,0.0,0.0,0.0,0.0,0.0,0.0,0.0,0.0,0.0,0.0,0.0,0.0,0.0,0.0,0.0,0.0,0.0,0.0,0.0,0.0,0.0,0.0,0.0,0.0,0.0,0.0,0.0,0.0,0.0,0.0,0.0,0.0,0.0,0.0,0.0,0.0,0.0,0.0,0.0,0.0,0.0,0.0,0.0,0.0,0.0,0.0,0.0,0.0,0.0,0.0,0.0,0.0,0.0,0.0,0.0,0.0,0.0,0.0,0.0,0.0,0.0,0.0,0.0,0.0,0.0,0.0,0.0,0.0,0.0,0.0,0.0,0.0,0.0,0.0,0.0,0.0,0.0,0.0,0.0,0.0,0.0,0.0,0.0,0.0,0.0,0.0,0.0,0.0,0.0,0.0,0.0,0.0,0.0,0.0,0.0,0.0,0.0,0.0,0.0,0.0,0.0,0.0,0.0,0.0,0.0,0.0,0.0,0.0,0.0,0.0,0.0,0.0,0.0,0.0,0.0,0.0,0.0,0.0,0.0,0.0,0.0,2.99e-06,0.0,0.0,0.0,0.0,8.52e-06,0.0,2.04e-05,0.0,0.0,0.0,0.0,0.0,0.0,0.0,0.0,3.95e-06,0.0,5.33e-06,0.0,0.0,0.0,0.0,0.0,0.0,0.0,0.0,0.0,0.0,0.0,0.0,0.0,0.0,0.0,0.0,0.0,0.0,0.0,0.0,0.0,0.0,0.0,2.08e-05,0.0,0.0,0.0,0.0,0.0,0.0,0.0,0.0,0.00211169,0.00314911,0.0,0.0,0.0,0.0,0.0,0.0,0.0,0.0,0.0,0.0,0.0,0.0,0.00473409,0.0,0.00489803,0.0,0.0,0.0,0.0,0.0,0.0,0.0,0.000120728,0.0,0.0,0.0,0.0,0.0,0.0,0.0,0.0,0.0,0.0,0.0,0.0,0.0,0.0,0.0,0.0,0.0,0.0,0.0,0.0,5.62e-06,2.05e-06,0.0,0.0,0.0,0.0,0.0,0.0,0.0,0.0,0.0,0.0,0.0,0.0,0.0,0.0,0.0,0.0,0.0,0.0,0.0,0.0,0.0,0.0,0.0,0.0,0.0,0.0,0.0,0.0,0.0,0.0,0.0,0.0,0.0,0.0,0.0,0.0,0.0,0.0,0.0,0.0,0.0,0.0,0.0,0.0,0.0,0.0,0.0,0.0,0.0,0.0,0.0,0.0,0.0,0.0,0.0,0.0,0.0,0.0,0.0,0.0,0.0,0.0,0.0,0.0,0.0,0.0,0.0,0.0,0.0,0.0,0.0,0.0,0.0,0.0,0.0,0.0,0.0,0.0,0.0,0.0,0.0,0.0,0.0,0.0,0.0,0.0,0.0,0.0,0.0,0.0,0.0,0.0,0.0,0.0,0.0,0.0,0.0,0.0,0.0,0.0,0.0,0.0,0.0,0.0,0.0,0.0,0.0,0.0,0.0,0.0,0.0,0.0,0.0,0.0,0.0,0.0,0.0,0.0,0.0,0.0,0.0,0.0,0.0,0.0,0.0,0.0,0.0,0.0,0.0,0.0,0.0,0.0,0.0,0.0,0.0,0.0,0.0,0.0,0.0,0.0,0.0,0.0,0.0,0.0,0.0,0.0,0.0,0.0,0.0,0.0,0.0,0.0,0.0,0.0,0.0,0.0,0.0,0.0,0.0,0.0,0.0,0.0,0.0,0.0,0.0,0.0,0.0,0.0,0.0,0.0,0.0,0.0,0.0,0.0,0.0,0.0,0.0,0.0,0.0,0.0,0.0,0.0,0.0,0.0,0.0,0.0,0.0,0.0,0.0,0.0,0.0,6.02e-06,0.0
Reef 199,0.0,0.0,7.98e-06,0.0,0.0,8.84e-06,0.0,1.58e-05,0.0,0.0,0.0,6.41e-06,0.0,0.00174245,6.73e-05,0.0,0.0,0.0,3.32e-05,0.0,0.0,6.25e-06,0.0,0.00190268,0.0,6.22e-06,0.0,0.0,0.0,8.8e-05,0.0,0.0,0.0,0.0,0.0,0.0,7.88e-06,0.00400917,0.0,0.0,0.0,0.0,1.71e-05,0.0,0.00634643,0.000214329,4.64e-05,0.00100043,0.0,9.02e-06,0.0,0.0,0.00419186,0.000970614,0.00449223,0.0,0.0,0.0,0.0,0.0,4.84e-06,0.0,0.0,0.0,4.02e-06,0.0,0.0,0.0,0.0,0.0,0.0,0.0,0.0,0.0,0.0,3e-05,9.64e-06,0.0,0.0,0.0,0.0,0.0,0.0,0.0,0.0,0.0,0.0,0.0,0.0,2.28e-05,3.96e-05,0.0,0.0,0.0,0.0,4.13e-05,0.0,0.0,3.73e-06,0.0,0.0,0.0,0.0,0.0,0.0,0.0,6.88e-06,8.2e-05,6.37e-06,0.0,0.0,7.24e-06,6.41e-06,1.14e-05,5.09e-06,0.0,0.0,0.0,0.000142488,0.0,0.0,0.0,0.0,0.0,4.75e-05,0.0,1.81e-05,0.0,0.0,0.0,0.0,0.0,0.00179345,8.73e-05,8.44e-06,3.98e-06,0.0,0.000335455,0.0,0.000133062,0.0,4.85e-05,3.91e-05,0.0,1.89e-05,1.95e-05,4.03e-06,0.0,0.0,0.0,3.14e-06,3.82e-06,0.0,0.0,0.0,0.0,0.0,2.35e-05,2.48e-05,0.0,0.0,0.0,0.0,5.93e-05,3.35e-06,0.0,0.0,0.0,0.0,4.09e-06,0.0,0.0,0.0,0.0,6.28e-05,0.0,0.0,0.0,0.00301807,0.0,0.0,0.0,0.0,0.0,7.39e-06,0.0,0.000920198,0.0,0.0,0.0,0.0,1.3e-05,0.0,0.0,0.0,0.0,0.0,0.000113178,5.95e-05,0.0,0.0,0.0,0.0,0.0,0.0,3.18e-06,1.21e-05,0.0,0.0,0.0,0.0,0.0,0.0,0.0,0.0,0.0,0.0,0.0,2.82e-05,0.0,0.0,0.0,0.0,0.0,0.0,0.0,0.0,0.0,0.0,0.0,0.0,0.0,0.0,0.0,0.0,0.0,0.0,0.0,0.0,0.0,0.0,0.0,0.0,0.0,0.0,0.0,0.0,0.0,0.0,0.0,0.0,0.0,0.0,0.0,0.0,0.0,0.0,0.0,0.0,0.0,0.0,0.0,0.0,0.0,0.0,0.0,0.0,0.0,0.0,0.0,0.0,0.0,0.0,0.0,0.0,0.0,0.0,0.0,0.0,0.0,0.0,0.0,0.0,0.0,0.0,0.0,0.0,0.0,0.0,0.0,0.0,0.0,0.0,0.0,0.0,0.0,0.0,0.0,0.0,0.0,0.0,0.0,0.0,0.0,0.0,0.0,0.0,0.0,0.0,0.0,0.0,0.0,0.0,0.0,0.0,0.0,0.0,0.0,0.0,0.0,0.0,0.0,0.0,0.0,0.0,0.0,0.0,0.0,0.0,0.0,0.0,0.0,0.0,0.0,0.0,0.0,0.0,0.0,0.0,0.0,0.0,0.0,0.0,0.0,0.0,0.0,0.0,0.0,0.0,0.0,0.0,0.0,0.0,0.0,0.0,0.0,0.0,0.0,0.0,0.0,0.0,0.0,0.0,0.0,0.0,0.0,0.0,0.0,0.0,0.0,0.0,0.0,0.0,0.0,0.0,0.0,0.0,0.0,0.0,0.0,0.0,0.0,0.0,0.0,0.0,0.0,0.0,0.0,0.0,0.0,0.0,0.0,0.0,0.0,0.0,0.0,0.0,0.0,0.0,0.0,0.0,0.0,0.0,0.0,0.0,0.0,0.0,0.0,0.0,0.0,0.0,0.0,0.0,0.0,0.0,0.0,0.0,0.0,0.0,0.0,0.0,0.0,0.0
Reef 200,0.0,0.0,0.0,0.0,0.0,0.0,0.0,0.0,0.0,0.0,0.0,0.0,0.0,0.0,0.0,0.0,0.0,0.0,0.0,0.0,0.0,0.0,0.0,0.0,0.0,0.0,0.0,0.0,0.0,0.0,0.0,0.0,0.0,0.0,0.0,0.0,0.0,0.0,0.0,0.0,0.0,0.0,0.0,0.0,0.0,0.0,0.0,0.0,0.0,0.0,0.0,0.0,0.0,0.0,0.0,0.0,0.0,0.0,0.0,0.0,0.0,0.0,0.0,0.0,0.0,0.0,0.0,0.0,0.0,0.0,0.0,0.0,0.0,0.0,0.0,0.0,0.0,0.0,0.0,0.0,0.0,0.0,0.0,0.0,0.0,0.0,0.0,0.0,0.0,0.0,0.0,0.0,0.0,0.0,0.0,0.0,0.0,0.0,0.0,0.0,0.0,0.0,0.0,0.0,0.0,0.0,0.0,0.0,0.0,0.0,0.0,0.0,0.0,0.0,0.0,0.0,0.0,0.0,0.0,0.0,0.0,0.0,0.0,0.0,0.0,0.0,0.0,0.0,0.0,0.0,0.0,0.0,0.0,0.0,0.0,0.0,0.0,8.58e-06,0.0,1.1e-05,0.0,0.0,0.0,0.0,0.0,0.0,0.0,0.0,1.61e-05,0.0,0.000281755,0.0,0.0,0.0,0.0,0.0,0.0,0.0,0.0,0.0,0.0,0.0,0.0,0.0,0.0,0.0,0.0,0.0,0.0,0.0,0.0,0.0,0.0,0.0,0.000100119,0.0,0.0,0.0,0.0,0.0,0.0,0.0,0.0,0.000714684,0.000586391,0.0,0.0,0.0,0.0,0.0,0.0,0.0,0.0,0.0,0.0,0.0,0.0,0.000144515,0.0,0.0228921,0.0,0.0,0.0,0.0,0.0,0.0,0.0,0.000330892,0.0,0.0,0.0,0.0,0.0,0.0,0.0,0.0,0.0,0.0,0.0,0.0,0.0,0.0,0.0,0.0,0.0,0.0,0.0,0.0,0.0,6.52e-05,0.0,0.0,0.0,0.0,0.0,0.0,0.0,0.0,0.0,0.0,0.0,0.0,0.0,0.0,0.0,0.0,0.0,0.0,0.0,0.0,0.0,0.0,0.0,0.0,0.0,0.0,0.0,0.0,0.0,0.0,0.0,0.0,0.0,0.0,0.0,0.0,0.0,0.0,0.0,0.0,0.0,0.0,0.0,0.0,0.0,0.0,0.0,0.0,0.0,0.0,0.0,0.0,0.0,0.0,0.0,0.0,0.0,0.0,0.0,0.0,0.0,0.0,0.0,0.0,0.0,0.0,0.0,0.0,0.0,0.0,0.0,0.0,0.0,0.0,0.0,0.0,0.0,0.0,0.0,0.0,0.0,0.0,0.0,0.0,0.0,0.0,0.0,0.0,0.0,0.0,0.0,0.0,0.0,0.0,0.0,0.0,0.0,0.0,0.0,0.0,0.0,0.0,0.0,0.0,0.0,0.0,0.0,0.0,0.0,0.0,0.0,0.0,0.0,0.0,0.0,0.0,0.0,0.0,0.0,0.0,0.0,0.0,0.0,0.0,0.0,0.0,0.0,0.0,0.0,0.0,0.0,0.0,0.0,0.0,0.0,0.0,0.0,0.0,0.0,0.0,0.0,0.0,0.0,0.0,0.0,0.0,0.0,0.0,0.0,0.0,0.0,0.0,0.0,0.0,0.0,0.0,0.0,0.0,0.0,0.0,0.0,0.0,0.0,0.0,0.0,0.0,0.0,0.0,0.0,0.0,0.0,0.0,0.0,0.0,0.0,0.0,0.0,0.0,0.0,0.0,0.0,0.0,0.0,0.0,0.0,0.0,0.0,0.0,0.0,0.0,0.0,7.35e-05,0.0
Reef 201,1.37e-05,0.0,0.0,0.0,0.0,0.0,0.0,0.0,0.0,0.0,0.0,0.0,0.0,0.0,0.0,0.0,0.0,0.0,0.0,0.0,0.0,0.0,0.0,0.0,0.0,0.0,1.88e-06,0.0,0.0,0.0,0.0,0.0,0.0,0.0,0.0,2.47e-06,0.0,0.0,0.0,6.63e-06,0.0,0.0,0.0,0.0,0.0,0.0,0.0,0.0,1.74e-06,0.0,0.0,0.0,0.0,0.0,0.0,0.0,0.0,2.72e-05,0.0,0.0,0.0,0.0,0.0,0.0,0.0,0.0,0.000167396,0.0,0.0,0.0,1.46e-06,1.28e-06,0.0,0.0,0.0,0.0,0.0,0.0,0.0,0.0,5.82e-06,0.000159824,0.0,0.0,0.0,0.0,0.0,1.6e-05,0.0,0.0,0.0,0.0,1.14e-06,3.77e-05,0.0,0.0,0.0,5.5e-06,0.0,0.0,0.0,0.0,0.0,1.15e-06,0.0,0.0,1.46e-06,5.6e-05,0.0,0.0,0.0,6.62e-06,0.0,0.0,0.0,0.0,2.85e-06,6.22e-05,0.0,0.0,0.0,9.64e-05,0.0,5.04e-05,0.0,0.0,0.0,1.77e-05,1.75e-06,0.000133238,0.000158411,0.00220642,0.0,0.0,9.58e-06,0.000335992,2.43e-06,0.0,0.00173487,0.0,0.00376933,0.0,0.0,0.0,0.0,0.0,0.0,0.00443855,0.0,0.0,0.0,0.0,0.0,1.58e-05,0.0,3.92e-05,8.11e-05,0.0,0.0,0.0,7.52e-06,0.0,0.0,0.0,0.0,0.0,0.0,5.27e-05,0.000429045,0.0,0.000735968,0.000903296,0.000447491,8.04e-05,0.0,3.17e-06,0.000263018,0.0,0.0,0.00040638,0.0,1.03e-05,0.00180457,0.0,0.0,0.00295422,0.0,5.36e-05,1.59e-05,0.0,0.0162415,0.0,1.77e-06,1.7e-06,9.3e-06,0.000239339,0.0,0.0,0.0,0.0,0.0555426,0.000542585,5.39e-05,0.000139967,0.0,0.0,0.0,0.0,0.0,0.00143825,0.0019385,1.85e-06,0.000113542,1.01e-05,0.00390389,0.00633548,5.37e-06,2.28e-05,0.0,4.45e-06,9.63e-06,0.0,3.34e-05,0.0,0.00038284,0.0,1.49e-05,0.000122742,0.0,0.0,0.000129305,2.47e-06,0.0,1.6e-05,2.85e-06,2.19e-06,2.89e-06,0.0,0.0,0.000409827,5.07e-06,1.36e-05,0.0,0.0,0.0,0.0,0.000127915,5.26e-05,3.12e-06,0.0,0.0,0.0,0.000245515,3.33e-06,0.0,0.0,0.0,0.0,0.0,0.000159046,0.0,0.0,0.0,0.0,2.37e-05,0.0,0.0,4.59e-05,0.0,0.00026053,0.0,0.0,0.000136114,0.0,0.0,2.66e-06,2.59e-05,0.0,1.14e-05,6.06e-06,0.0,6.8e-05,0.0,0.0,0.0,0.0,1.41e-05,0.0,0.0,2.78e-05,0.0,0.0,0.0,3.92e-06,0.0,1.78e-06,0.0,2.03e-06,7.69e-05,0.0,0.0,0.0,0.0,0.0,0.0,0.0,0.0,0.0,0.0,0.0,0.0,0.0,0.0,0.0,0.0,0.0,0.0,0.0,0.0,0.0,0.0,0.0,0.0,0.0,0.0,0.0,0.0,0.0,0.0,0.0,0.0,0.0,0.0,0.0,0.0,0.0,0.0,0.0,0.0,0.0,0.0,0.0,0.0,0.0,0.0,0.0,0.0,0.0,0.0,0.0,0.0,0.0,0.0,0.0,0.0,0.0,0.0,0.0,0.0,0.0,0.0,0.0,0.0,0.0,0.0,0.0,0.0,0.0,0.0,0.0,0.0,0.0,0.0,0.0,0.0,0.0,0.0,0.0,0.0,0.0,0.0,0.0,0.0,0.0,0.0,0.0,0.0,0.0,0.0,0.0,0.0,0.0,0.0,0.0,0.0,0.0,0.0,0.0,0.0,0.0,0.0,0.0,0.0,0.0,0.0,0.0,0.0,0.0,0.0,0.0,0.0,0.0,0.0,0.0,0.0,0.0,0.0,0.0,0.0,0.0,0.0,0.0,0.0
Reef 202,0.0,0.0,0.0,0.0,0.0,0.0,0.0,0.0,0.0,0.0,0.0,0.0,0.0,0.0,0.0,0.0,0.0,0.0,0.0,0.0,0.0,0.0,0.0,0.0,0.0,0.0,0.0,0.0,0.0,1.25e-06,0.0,0.0,0.0,0.0,0.0,0.0,0.0,3.9e-06,0.0,0.0,0.0,0.0,0.0,0.0,0.0,0.0,0.0,2.05e-06,0.0,0.0,0.0,0.0,0.0,0.0,3.17e-06,0.0,0.0,0.0,0.0,0.0,0.0,0.0,0.0,0.0,0.0,0.0,0.0,0.0,0.0,0.0,0.0,0.0,0.0,0.0,0.0,0.0,0.0,0.0,0.0,0.0,0.0,0.0,0.0,0.0,0.0,0.0,0.0,0.0,0.0,0.0,0.0,0.0,0.0,0.0,0.0,7.2e-06,0.0,0.0,0.0,0.0,0.0,0.0,0.0,0.0,0.0,0.0,0.0,0.0,0.0,0.0,0.0,0.0,0.0,0.0,0.0,0.0,0.0,5.74e-06,0.0,0.0,0.0,0.0,0.0,0.0,0.0,0.0,1.91e-05,0.0,0.0,2.28e-06,0.0,2.02e-05,0.0,0.0,0.0,0.0,8.88e-07,0.0,0.0,0.0,9.34e-05,0.0,0.0,5.16e-06,0.0,0.0,0.000307432,0.0,0.0,0.000537147,0.0,0.000150402,0.00084094,0.0,8.59e-07,0.0,9.89e-07,0.0,0.0,0.00102279,9.82e-05,0.0,0.0,0.0,0.0,0.000251239,0.000232742,1.46e-06,3.4e-06,0.0,0.0,4.29e-05,3.16e-06,1.18e-06,0.0,0.0115068,4.35e-06,0.0,0.0,0.0,0.0,0.0268309,0.0,0.0,0.0,0.000165708,1.56e-06,0.0252816,0.00121392,1.22e-06,0.0,0.0,0.00827801,2.28e-05,0.011998,0.00297525,1.1e-05,0.0,9.59e-07,0.0,3.93e-05,0.0636701,4.76e-06,0.0711194,2.22e-06,6.71e-07,1.57e-06,0.0,2.93e-05,0.000481226,0.0332164,5.34e-05,1.73e-06,0.000186927,0.13817,0.00523082,1.05e-06,1.99e-06,1.28e-06,3.64e-06,2.27e-06,2.8e-05,2.49e-06,9.66e-07,6.07e-05,0.0,0.000201932,9.41e-06,0.0,0.0,1.92e-05,0.0,4.5e-06,0.0,0.0,0.000161529,0.0,0.0,0.0,0.00102977,3.79e-05,5.15e-06,0.0,0.0,0.0,0.000150517,0.00015346,3.79e-06,0.0,0.0,0.0,2.21e-06,0.00114272,0.0,0.0,0.0,0.0,0.0,0.0,3.55e-05,7.92e-06,0.0,0.0,0.0,0.000189651,7.81e-07,0.0,0.0,0.0,8.92e-07,0.0,0.0,7.7e-06,0.0,8.09e-07,8.9e-06,4.06e-05,0.0,0.0,3.81e-06,0.0,8.66e-06,0.0,0.0,0.0,0.0,0.0,2.64e-06,0.0,1.19e-05,0.0,0.0,0.0,0.0,0.0,0.0,0.0,2.75e-05,1.67e-06,0.0,0.0,0.0,0.000212342,0.0,0.0,0.0,0.0,0.0,0.0,0.0,0.0,0.0,0.0,0.0,0.0,0.0,0.0,0.0,0.0,0.0,0.0,0.0,0.0,0.0,0.0,0.0,0.0,6.61e-07,0.0,8.67e-07,0.0,0.0,0.0,0.0,0.0,0.0,7.94e-07,0.0,0.0,0.0,0.0,0.0,0.0,0.0,0.0,0.0,0.0,0.0,0.0,0.0,0.0,0.0,0.0,0.0,0.0,0.0,0.0,0.0,0.0,0.0,0.0,0.0,0.0,0.0,0.0,0.0,0.0,0.0,0.0,0.0,0.0,0.0,0.0,0.0,0.0,0.0,0.0,0.0,0.0,0.0,0.0,0.0,0.0,0.0,0.0,0.0,0.0,0.0,0.0,0.0,0.0,0.0,0.0,0.0,0.0,0.0,0.0,0.0,0.0,0.0,0.0,0.0,0.0,0.0,0.0,0.0,0.0,0.0,0.0,0.0,0.0,0.0,0.0,0.0,0.0,0.0,0.0,0.0,0.0,0.0,0.0,0.0,0.0
Reef 203,0.0,0.0,0.0,0.0,0.0,0.0,0.0,0.0,0.0,0.0,0.0,0.0,0.0,0.0,0.0,0.0,0.0,0.0,0.0,0.0,0.0,0.0,0.0,0.0,0.0,0.0,0.0,0.0,0.0,0.0,0.0,0.0,0.0,0.0,0.0,0.0,0.0,0.0,0.0,0.0,0.0,0.0,0.0,0.0,0.0,0.0,0.0,0.0,0.0,0.0,0.0,0.0,0.0,0.0,0.0,0.0,0.0,0.0,0.0,0.0,0.0,0.0,0.0,0.0,0.0,0.0,0.0,0.0,0.0,0.0,0.0,0.0,0.0,0.0,0.0,0.0,0.0,0.0,0.0,0.0,0.0,0.000692531,0.0,0.0,0.0,0.0,0.0,0.0,0.0,0.0,0.0,0.0,0.0,0.000850059,0.0,0.0,0.0,0.0,0.0,0.0,0.0,0.0,0.0,0.0,0.0,0.0,0.0,0.0,0.0,0.0,0.0,0.0,0.0,0.0,0.0,0.0,0.0,0.000547252,0.0,0.0,0.0,0.000303234,0.0,0.00561578,0.0,0.0,0.0,0.0,0.0,0.000471817,0.0,0.00206635,0.0,0.0,0.0,0.0,0.000417652,0.0,0.00101735,0.0,0.00319976,0.0,0.0,0.0,0.0,0.0,0.0,0.000600094,0.0,0.0,0.0,0.0,0.0,0.0,0.0,0.0,0.000668633,0.0,0.0,0.0,0.00213928,0.0,0.0,0.0,0.0,0.0,0.0,0.00281535,0.000563733,0.0,0.000657293,0.00118599,0.0005959,0.0,0.0,0.0,0.000337193,0.0,0.0,0.000390545,0.0,0.0,0.000716125,0.0,0.0,0.00291347,0.0,0.0,0.0,0.0,0.00326891,0.0,0.0,0.0,0.0,0.0,0.0,0.0,0.0,0.0,0.0541689,0.000690719,0.0011011,0.0,0.0,0.0,0.0,0.0,0.0,0.00375064,0.00216695,0.00697776,0.000675543,0.0,0.00543351,0.0108143,0.0,0.0,0.0,0.0,0.0,0.0,0.0,0.0,0.000730111,0.0,0.0,0.0,0.0,0.0,0.0,0.0,0.0,0.0,0.0,0.000296965,0.0,0.0,0.0,0.000672868,0.00531235,0.000396431,0.0,0.0,0.0,0.0,0.0,0.0,0.0,0.0,0.0,0.0,0.000417433,0.0,0.0,0.0,0.0,0.0,0.0,0.0,0.0,0.0,0.0,0.0,0.0,0.0,0.0,0.0,0.0,0.0004471,0.0,0.0,0.0,0.0,0.0,0.0,0.0,0.0,0.0,0.0,0.0,0.0,0.0,0.0,0.0,0.0,0.0,0.0,0.0,0.0,0.0,0.0,0.0,0.0,0.0,0.0,0.0,0.0,0.0,0.0,0.0,0.0,0.0,0.0,0.0,0.0,0.0,0.0,0.0,0.0,0.0,0.0,0.0,0.0,0.0,0.0,0.0,0.0,0.0,0.0,0.0,0.0,0.0,0.0,0.0,0.0,0.0,0.0,0.0,0.0,0.0,0.0,0.0,0.0,0.0,0.0,0.0,0.0,0.0,0.0,0.0,0.0,0.0,0.0,0.0,0.0,0.0,0.0,0.0,0.0,0.0,0.0,0.0,0.0,0.0,0.0,0.0,0.0,0.0,0.0,0.0,0.0,0.0,0.0,0.0,0.0,0.0,0.0,0.0,0.0,0.0,0.0,0.0,0.0,0.0,0.0,0.0,0.0,0.0,0.0,0.0,0.0,0.0,0.0,0.0,0.0,0.0,0.0,0.0,0.0,0.0,0.0,0.0,0.0,0.0,0.0,0.0,0.0,0.0,0.0,0.0,0.0,0.0,0.0,0.0,0.0,0.0,0.0,0.0,0.0,0.0,0.0,0.0,0.0,0.0,0.0,0.0,0.0,0.0,0.0,0.0,0.0,0.0
Reef 204,0.0,0.0,0.0,0.0,0.0,0.0,0.0,0.0,0.0,0.0,0.0,0.0,0.0,2.72e-06,2.78e-06,0.0,0.0,0.0,3.07e-06,0.0,0.0,0.0,0.0,5.62e-06,0.0,0.0,0.0,0.0,0.0,1.29e-05,0.0,0.0,0.0,0.0,0.0,0.0,0.0,2.97e-05,0.0,0.0,0.0,0.0,0.0,0.0,0.0,0.0,0.0,1.15e-05,0.0,0.0,0.0,0.0,1.35e-06,9.29e-07,1.77e-05,0.0,0.0,0.0,0.0,0.0,0.0,0.0,0.0,0.0,0.0,0.0,0.0,0.0,0.0,0.0,0.0,0.0,0.0,0.0,0.0,2.46e-06,0.0,0.0,0.0,0.0,0.0,0.0,0.0,0.0,0.0,0.0,0.0,0.0,0.0,0.0,2.56e-06,0.0,0.0,0.0,0.0,7.7e-05,0.0,0.0,0.0,0.0,0.0,0.0,0.0,0.0,0.0,0.0,0.0,0.0,0.0,0.0,0.0,0.0,7.28e-06,0.0,0.0,0.0,0.0,7e-06,5.56e-06,0.0,0.0,0.0,0.0,0.0,0.0,0.0,0.000156843,0.0,0.0,2.67e-06,0.0,2.29e-05,0.0,0.0,0.0,0.0,0.0,0.0,0.0,0.0,9.62e-05,0.0,0.0,2.25e-05,0.0,0.0,0.00188052,0.0,0.0,1.45e-05,0.0,0.000930562,1.85e-05,0.0,2.79e-06,0.0,1.07e-05,0.0,0.0,2.39e-05,2.15e-05,0.0,0.0,0.0,0.0,0.00076108,6.24e-06,0.0,0.0,0.0,0.0,9.13e-06,0.0,0.0,0.0,0.00042207,9.05e-07,0.0,1.75e-06,0.0,0.0,0.00119122,0.0,0.0,0.0,3.12e-05,5.91e-06,0.00223281,0.000116477,0.0,0.0,0.0,0.000639997,1.88e-05,0.00120049,0.000606057,9.67e-06,0.0,3.27e-06,0.0,7.01e-06,0.0199454,4.91e-06,0.0298054,2.43e-06,2.39e-06,2.34e-06,0.0,3.51e-05,8.65e-05,0.0487951,0.000144478,6e-06,3.91e-05,0.189838,0.00279778,0.0,0.0,5.57e-06,0.0,0.0,9.4e-05,0.0,3.53e-06,1.26e-05,0.0,0.000461163,1.9e-06,0.0,0.0,4.06e-06,8.95e-07,1.39e-05,0.0,0.0,0.000357175,0.0,0.0,0.0,0.00389132,9.68e-05,1.12e-06,0.0,0.0,0.0,0.000368206,0.000584007,1.06e-06,0.0,0.0,0.0,6.49e-06,0.00397639,0.0,0.0,0.0,0.0,0.0,0.0,5.41e-05,9.99e-06,0.0,0.0,0.0,0.000765839,9.88e-07,0.0,0.0,9.93e-07,0.000888062,0.0,0.0,1.34e-05,0.0,2.19e-06,4.04e-05,2.71e-06,0.0,0.0,2e-05,0.0,4.24e-05,0.0,0.0,0.0,0.0,0.0,1.31e-06,0.0,7.77e-06,0.0,0.0,0.0,0.0,0.0,0.0,0.0,1.62e-05,1.29e-06,0.0,0.0,0.0,0.000460651,0.0,0.0,0.0,0.0,0.0,0.0,0.0,0.0,0.0,0.0,2.45e-06,0.0,0.0,0.0,0.0,0.0,0.0,0.0,0.0,0.0,0.0,0.0,0.0,0.0,0.0,0.0,0.0,0.0,0.0,0.0,0.0,0.0,0.0,0.0,0.0,0.0,0.0,0.0,0.0,0.0,0.0,0.0,0.0,0.0,0.0,0.0,0.0,0.0,0.0,0.0,0.0,0.0,0.0,0.0,0.0,0.0,0.0,0.0,0.0,0.0,0.0,0.0,0.0,0.0,0.0,0.0,0.0,0.0,0.0,0.0,0.0,0.0,0.0,0.0,0.0,0.0,0.0,0.0,0.0,0.0,0.0,0.0,0.0,0.0,0.0,0.0,0.0,0.0,0.0,0.0,0.0,0.0,0.0,0.0,0.0,0.0,0.0,0.0,0.0,0.0,0.0,0.0,0.0,0.0,0.0,0.0,0.0,0.0,0.0,0.0,0.0,0.0,0.0,0.0,0.0,0.0,0.0,0.0,0.0,0.0
Reef 205,0.0,0.0,0.0,0.0,0.0,0.0,0.0,0.0,0.0,0.0,0.0,0.0,0.0,0.0,0.0,0.0,0.0,0.0,0.0,0.0,0.0,0.0,0.0,0.0,0.0,0.0,0.0,0.0,0.0,0.0,0.0,0.0,0.0,0.0,0.0,0.0,0.0,0.0,0.0,0.0,0.0,0.0,0.0,0.0,0.0,0.0,0.0,0.0,0.0,0.0,0.0,0.0,0.0,0.0,0.0,0.0,0.0,0.0,0.0,0.0,0.0,0.0,0.0,0.0,0.0,0.0,0.0,0.0,0.0,0.0,0.0,0.0,0.0,0.0,0.0,0.0,0.0,0.0,0.0,0.0,0.0,0.0,0.0,0.0,0.0,0.0,0.0,0.0,0.0,0.0,0.0,0.0,0.0,0.0,0.0,0.0,0.0,0.0,0.0,0.0,0.0,0.0,0.0,0.0,0.0,0.0,0.0,0.0,0.0,0.0,0.0,0.0,0.0,0.0,0.0,0.0,0.0,0.0,0.0,0.0,0.0,0.0,0.0,0.0,0.0,0.0,0.0,0.0,0.0,0.0,0.0,0.0,0.0,0.0,0.0,0.0,0.0,0.0,0.0,0.0,0.0,0.0,0.0,0.0,0.0,0.0,7.4e-06,0.0,0.0,2.98e-05,0.0,0.0,7.15e-05,0.0,0.0,0.0,0.0,0.0,0.0,0.000245057,8.67e-05,0.0,0.0,0.0,0.0,5.67e-05,0.000243028,0.0,0.0,0.0,0.0,3.73e-05,0.0,0.0,0.0,1.77e-05,0.0,0.0,0.0,0.0,0.0,0.000188384,0.0,0.0,0.0,0.000153903,0.0,0.00107751,0.000188622,0.0001295,0.0,0.0,0.000629931,0.00837828,0.00120252,0.0210344,0.023925,0.0,0.0,0.0,3.09e-05,0.0146804,0.0,0.00281215,0.0374706,0.0,0.0,0.0,0.00269133,0.000332641,0.192811,0.000468892,0.00046795,0.000157189,0.0123249,0.00175287,0.0,0.0,0.0,0.0,0.0,0.000124587,0.0,0.0,5.46e-05,0.0,0.000178353,9.3e-06,0.0,0.0,1.75e-05,0.0,0.0,0.0,0.0,9.29e-06,0.0,0.0,0.0,0.0001457,0.00220954,2.48e-05,0.0,0.0,0.0,0.0,7.84e-05,7.1e-06,0.0,0.0,0.0,0.0,0.00015508,0.0,0.0,0.0,0.0,0.0,0.0,0.000198211,0.0,0.0,0.0,0.0,0.0031016,0.0,0.0,0.0,0.0,2.76e-05,0.0,0.0,0.000510546,0.0,0.0,0.000245149,0.000166808,0.0,0.0,0.000263606,0.0,0.000562698,0.0,0.0,0.0,0.0,0.0,0.0,0.0,4.08e-05,0.0,0.0,0.0,0.0,0.0,0.0,0.0,3.68e-05,0.000886579,0.0,0.0,0.0,0.0,0.0,0.0,0.0,0.0,0.0,0.0,0.0,0.0,0.0,0.0,0.0,0.0,0.0,0.0,0.0,0.0,0.0,0.0,0.0,0.0,0.0,0.0,0.0,0.0,0.0,0.0,0.0,0.0,0.0,0.0,0.0,0.0,0.0,0.0,0.0,0.0,0.0,0.0,0.0,0.0,0.0,0.0,0.0,0.0,0.0,0.0,0.0,0.0,0.0,0.0,0.0,0.0,0.0,0.0,0.0,0.0,0.0,0.0,0.0,0.0,0.0,0.0,0.0,0.0,0.0,0.0,0.0,0.0,0.0,0.0,0.0,0.0,0.0,0.0,0.0,0.0,0.0,0.0,0.0,0.0,0.0,0.0,0.0,0.0,0.0,0.0,0.0,0.0,0.0,0.0,0.0,0.0,0.0,0.0,0.0,0.0,0.0,0.0,0.0,0.0,0.0,0.0,0.0,0.0,0.0,0.0,0.0,0.0,0.0,0.0,0.0,0.0,0.0,0.0,0.0,0.0,0.0,0.0,0.0,0.0
Reef 206,0.0,0.0,2.74e-06,0.0,0.0,2.78e-06,0.0,1.9e-05,0.0,0.0,0.0,3.4e-06,0.0,0.00106555,6.04e-06,0.0,0.0,0.0,3.64e-06,0.0,0.0,0.0,0.0,0.00110603,0.0,3.02e-06,0.0,0.0,0.0,2.83e-06,0.0,0.0,0.0,0.0,0.0,0.0,3.65e-06,0.00212394,0.0,0.0,0.0,0.0,3.78e-06,0.0,0.00213969,4.67e-05,1.83e-05,0.000513759,0.0,4.5e-06,0.0,0.0,0.00158508,0.000437084,0.00233416,0.0,0.0,0.0,0.0,0.0,0.0,0.0,0.0,0.0,0.0,0.0,0.0,0.0,0.0,0.0,0.0,0.0,0.0,0.0,0.0,1.44e-05,4.3e-06,0.0,0.0,0.0,0.0,0.0,0.0,0.0,0.0,0.0,0.0,0.0,0.0,1.15e-05,2.36e-05,0.0,0.0,0.0,0.0,2.14e-05,0.0,0.0,2.53e-05,0.0,0.0,0.0,0.0,0.0,0.0,0.0,3.08e-06,3.07e-05,3.78e-06,0.0,0.0,2.96e-06,3.25e-06,5.21e-06,0.0,0.0,0.0,0.0,3.13e-06,0.0,0.0,0.0,0.0,0.0,3.74e-05,0.0,1.98e-05,0.0,0.0,0.0,0.0,0.0,0.000416714,4.57e-05,3.02e-06,0.0,0.0,0.000106029,0.0,3.58e-05,0.0,1.43e-05,1.86e-05,0.0,5.87e-06,6.81e-06,4.49e-06,0.0,0.0,0.0,0.0,3.4e-06,0.0,0.0,0.0,0.0,0.0,1.24e-05,1.29e-05,0.0,0.0,0.0,0.0,3.05e-05,0.00021515,0.0,0.0,0.0,0.0,0.000314333,0.0,0.0,0.0,0.0,2.13e-05,0.0,0.0,0.0,0.00171541,0.0,0.0,0.0,0.0,0.0,0.0,0.0,0.00227147,0.0,0.0,0.0,0.0,1.3e-05,0.0,0.0,0.0,0.0,0.0,4.31e-05,0.00415035,0.0,0.0,0.0,0.0,0.0,0.0,0.0121011,0.000256862,0.0,0.0,0.0,0.0,0.0,0.0,0.0,0.0,0.0,0.0,0.0,0.000258197,0.0,0.0,0.0,0.0,0.0135893,0.0,0.0,0.0,0.0,0.0,0.0,0.0,0.0,0.0103869,0.0,0.0,0.0,0.0,0.0,0.0,0.0,0.0,0.0,0.0,0.0,0.0,8.74e-05,0.0,0.0,0.0,0.0,0.0,0.000120382,0.0,0.0,0.0,0.0,0.0,0.0,0.0,0.0,0.0,0.0,0.0,0.0,0.0,0.0,0.0,0.0,9.82e-06,0.0,0.0,0.0,0.0,0.0,2.32e-05,0.0,0.0,0.0,0.0,0.0,0.0,0.0,0.0,0.0,0.0,0.0,0.0,0.0,8.58e-06,0.0,9.14e-06,1.01e-05,4.19e-06,0.0,0.0,0.0,6.34e-06,0.0,0.0,3.7e-06,0.0,0.0,0.0,0.0,0.0,0.0,8.01e-06,0.0,0.0,0.0,0.0,0.0,0.0,0.0,0.0,0.0,0.0,0.0,0.0,0.0,0.0,0.0,0.0,0.0,0.0,0.0,0.0,0.0,0.0,0.0,0.0,0.0,0.0,0.0,0.0,0.0,0.0,0.0,0.0,0.0,0.0,0.0,0.0,0.0,0.0,0.0,0.0,0.0,0.0,0.0,0.0,0.0,0.0,0.0,0.0,0.0,0.0,0.0,0.0,0.0,0.0,0.0,0.0,0.0,0.0,0.0,0.0,0.0,0.0,0.0,0.0,0.0,0.0,0.0,0.0,0.0,0.0,0.0,0.0,0.0,0.0,0.0,0.0,0.0,0.0,0.0,0.0,0.0,0.0,0.0,0.0,0.0,0.0,0.0,0.0,0.0,0.0,0.0,0.0,0.0,0.0,0.0,0.0,0.0,0.0,0.0,0.0,0.0,0.0,0.0,0.0,0.0,0.0,0.0,0.0,0.0,0.0,0.0,0.0,0.0,0.0,0.0,0.0
Reef 207,0.0,0.0,1.06e-05,0.0,1.83e-06,1.2e-05,0.0,3.11e-05,0.0,0.0,0.0,1.84e-06,0.0,0.00392096,0.000135899,0.0,0.0,1.81e-05,6.68e-05,2e-06,1.46e-05,1.31e-05,0.0,0.00435988,0.0,5.93e-06,0.0,0.0,0.0,3.89e-06,0.0,0.0,0.0,1.67e-06,0.0,2.49e-06,2.51e-06,0.00932813,0.0,0.0,0.0,0.0,6.48e-05,0.0,0.0189092,0.000764202,0.000133566,0.00233045,0.0,9.51e-06,0.0,0.0,0.0115757,0.00243999,0.0103378,0.0,0.0,0.0,0.0,0.0,5.12e-06,0.0,0.0,0.0,4.19e-06,0.0,0.0,0.0,0.0,0.0,0.0,0.0,0.0,0.0,0.0,3.98e-06,1.25e-05,0.0,0.0,0.0,0.0,0.0,0.0,0.0,0.0,0.0,0.0,0.0,0.0,2.41e-05,2.44e-06,0.0,0.0,0.0,0.0,9.7e-06,0.0,0.0,1.94e-06,0.0,0.0,0.0,0.0,0.0,0.0,0.0,7.62e-06,2.94e-06,8.79e-06,0.0,0.0,9.24e-06,1.02e-05,1.3e-05,5.79e-06,0.0,0.0,0.0,3.98e-06,3.67e-06,0.0,0.0,0.0,0.0,1.38e-05,0.0,6.62e-06,0.0,0.0,0.0,0.0,0.0,0.00037855,2.24e-05,1.1e-05,1.88e-06,0.0,0.000203193,0.0,7.23e-05,0.0,8.85e-06,7.47e-06,0.0,3.31e-06,3.46e-06,1.56e-06,0.0,0.0,0.0,0.0,5.68e-05,0.0,0.0,0.0,1.46e-06,0.0,3.75e-06,3.94e-06,0.0,0.0,0.0,0.0,2.55e-05,0.000160126,2e-06,0.0,0.0,0.0,0.00016681,0.0,0.0,0.0,0.0,2.79e-05,0.0,0.0,0.0,0.000390729,0.0,0.0,0.0,0.0,0.0,3.44e-06,0.0,0.00013431,0.0,0.0,0.0,0.0,5.11e-06,0.0,0.0,0.0,0.0,0.0,4.84e-05,1.9e-06,0.0,0.0,0.0,0.0,0.0,0.0,0.000312419,3e-05,1.48e-06,0.0,0.0,0.0,0.0,0.0,0.0,0.0,0.0,0.0,0.0,2.17e-06,0.0,0.0,0.0,0.0,4.77e-05,0.0,0.0,0.0,0.0,0.0,0.0,0.0,0.0,2.44e-05,0.0,0.0,0.0,0.0,0.0,0.0,0.0,0.0,0.0,0.0,0.0,0.0,0.0,0.0,0.0,0.0,0.0,0.0,0.0,0.0,0.0,0.0,0.0,0.0,0.0,0.0,0.0,0.0,0.0,0.0,0.0,0.0,0.0,0.0,0.0,0.0,0.0,0.0,0.0,0.0,0.0,0.0,0.0,0.0,0.0,0.0,0.0,0.0,0.0,0.0,0.0,0.0,0.0,0.0,0.0,0.0,0.0,0.0,0.0,0.0,0.0,0.0,0.0,0.0,0.0,0.0,0.0,0.0,0.0,0.0,0.0,0.0,0.0,0.0,0.0,0.0,0.0,0.0,0.0,0.0,0.0,0.0,0.0,0.0,0.0,0.0,0.0,0.0,0.0,0.0,0.0,0.0,0.0,0.0,0.0,0.0,0.0,0.0,0.0,0.0,0.0,0.0,0.0,0.0,0.0,0.0,0.0,0.0,0.0,0.0,0.0,0.0,0.0,0.0,0.0,0.0,0.0,0.0,0.0,0.0,0.0,0.0,0.0,0.0,0.0,0.0,0.0,0.0,0.0,0.0,0.0,0.0,0.0,0.0,0.0,0.0,0.0,0.0,0.0,0.0,0.0,0.0,0.0,0.0,0.0,0.0,0.0,0.0,0.0,0.0,0.0,0.0,0.0,0.0,0.0,0.0,0.0,0.0,0.0,0.0,0.0,0.0,0.0,0.0,0.0,0.0,0.0,0.0,0.0,0.0,0.0,0.0,0.0,0.0,0.0,0.0,0.0,0.0,0.0,0.0,0.0,0.0,0.0,0.0,0.0,0.0,0.0,0.0,0.0,0.0
Reef 208,0.0,0.0,0.0,0.0,0.0,0.0,0.0,0.0,0.0,0.0,0.0,0.0,0.0,0.0,0.0,0.0,0.0,0.0,0.0,0.0,0.0,0.0,0.0,0.0,0.0,0.0,0.0,0.0,0.0,0.0,0.0,0.0,0.0,0.0,0.0,0.0,0.0,0.0,0.0,0.0,0.0,0.0,0.0,0.0,0.0,0.0,0.0,0.0,0.0,0.0,0.0,0.0,0.0,0.0,0.0,0.0,0.0,0.0,0.0,0.0,0.0,0.0,0.0,0.0,0.0,0.0,0.0,0.0,0.0,0.0,0.0,0.0,0.0,0.0,0.0,0.0,0.0,0.0,0.0,0.0,0.0,0.0,0.0,0.0,0.0,0.0,0.0,0.0,0.0,0.0,0.0,0.0,0.0,0.0,0.0,0.0,0.0,0.0,0.0,0.0,0.0,0.0,0.0,0.0,0.0,0.0,0.0,0.0,0.0,0.0,0.0,0.0,0.0,0.0,0.0,0.0,0.0,0.0,0.0,0.0,0.0,0.0,0.0,0.0,0.0,0.0,0.0,0.0,0.0,0.0,0.0,0.0,0.0,0.0,0.0,0.0,0.0,8.74e-05,0.0,0.000201847,0.0,0.0,0.0,0.0,0.0,0.0,0.0,0.0,0.000195789,0.0,6.02e-05,0.0,0.0,0.0,0.0,0.0,0.0,0.0,0.0,0.0,0.0,0.0,0.0,0.0,0.0,0.0,0.0,0.0,0.0,0.0,0.0,0.0,0.0,0.0,2.26e-05,0.0,0.0,0.0,0.0,0.0,0.0,0.0,0.0,0.000323878,0.000387242,0.0,0.0,0.0,0.0,0.0,0.0,0.0,0.0,0.0,0.0,0.0,0.0,0.000468441,0.0,0.00525971,0.0,0.0,0.0,0.0,0.0,0.0,0.0,0.00221218,0.0,0.0,0.0,0.0,0.0,0.0,0.0,0.0,0.0,0.0,0.0,0.0,0.0,0.0,0.0,0.0,0.0,0.0,0.0,0.0,0.0,2.7e-05,0.0,0.0,0.0,0.0,0.0,0.0,0.0,0.0,0.0,0.0,0.0,0.0,0.0,0.0,0.0,0.0,0.0,0.0,0.0,0.0,0.0,0.0,0.0,0.0,0.0,0.0,0.0,0.0,0.0,0.0,0.0,0.0,0.0,0.0,0.0,0.0,0.0,0.0,0.0,0.0,0.0,0.0,0.0,0.0,0.0,0.0,0.0,0.0,0.0,0.0,0.0,0.0,0.0,0.0,0.0,0.0,0.0,0.0,0.0,0.0,0.0,0.0,0.0,0.0,0.0,0.0,0.0,0.0,0.0,0.0,0.0,0.0,0.0,0.0,0.0,0.0,0.0,0.0,0.0,0.0,0.0,0.0,0.0,0.0,0.0,0.0,0.0,0.0,0.0,0.0,0.0,0.0,0.0,0.0,0.0,0.0,0.0,0.0,0.0,0.0,0.0,0.0,0.0,0.0,0.0,0.0,0.0,0.0,0.0,0.0,0.0,0.0,0.0,0.0,0.0,0.0,0.0,0.0,0.0,0.0,0.0,0.0,0.0,0.0,0.0,0.0,0.0,0.0,0.0,0.0,0.0,0.0,0.0,0.0,0.0,0.0,0.0,0.0,0.0,0.0,0.0,0.0,0.0,0.0,0.0,0.0,0.0,0.0,0.0,0.0,0.0,0.0,0.0,0.0,0.0,0.0,0.0,0.0,0.0,0.0,0.0,0.0,0.0,0.0,0.0,0.0,0.0,0.0,0.0,0.0,0.0,0.0,0.0,0.0,0.0,0.0,0.0,0.0,0.0,0.0,0.0,0.0,0.0,0.0,0.0,0.0,0.0,0.0,0.0,0.0,0.0,1.59e-05,0.0
Reef 209,0.0,0.0,0.0,0.0,0.0,0.0,0.0,0.0,0.0,0.0,0.0,0.0,0.0,0.0,0.0,0.0,0.0,0.0,0.0,0.0,0.0,0.0,0.0,0.0,0.0,0.0,0.0,0.0,0.0,0.0,0.0,0.0,0.0,0.0,0.0,0.0,0.0,0.0,0.0,0.0,0.0,0.0,0.0,0.0,0.0,0.0,0.0,0.0,0.0,0.0,0.0,0.0,0.0,0.0,0.0,0.0,0.0,0.0,0.0,0.0,0.0,0.0,0.0,0.0,0.0,0.0,0.0,0.0,0.0,0.0,0.0,0.0,0.0,0.0,0.0,0.0,0.0,0.0,0.0,0.0,0.0,0.0,0.0,0.0,0.0,0.0,0.0,0.0,0.0,0.0,0.0,0.0,0.0,0.0,0.0,0.0,0.0,0.0,0.0,0.0,0.0,0.0,0.0,0.0,0.0,0.0,0.0,0.0,0.0,0.0,0.0,0.0,0.0,0.0,0.0,0.0,0.0,0.0,0.0,0.0,0.0,0.0,0.0,0.0,0.0,0.0,0.0,0.0,0.0,0.0,0.0,0.0,0.0,0.0,0.0,0.0,0.0,0.0,0.0,0.0,0.0,0.0,0.0,0.0,0.0,0.0,3.26e-05,0.0,0.0,0.000110854,0.0,2.06e-05,0.00027366,0.0,0.0,0.0,0.0,0.0,0.0,0.000708729,0.000111632,0.0,0.0,0.0,0.0,0.000137335,0.000587103,0.0,0.0,0.0,0.0,4.63e-05,0.0,0.0,0.0,3.68e-05,0.0,0.0,0.0,0.0,0.0,0.000265131,0.0,0.0,0.0,0.000157731,0.0,0.00132561,0.000176895,2.8e-05,0.0,0.0,0.000725816,0.00192932,0.00134271,0.0172148,0.00376383,0.0,0.0,0.0,3.01e-05,0.0277132,0.0,0.00550355,0.00332718,0.0,0.0,0.0,0.0129731,0.000353015,0.287418,2.95e-05,0.000570957,0.000182171,0.0577273,0.00439789,0.0,0.0,0.0,0.0,0.0,0.000494201,0.0,0.0,6.16e-05,0.0,0.000395486,0.0,0.0,0.0,2.08e-05,0.0,0.0,0.0,0.0,3.83e-05,0.0,0.0,0.0,0.000152572,0.003012,8.66e-05,0.0,0.0,0.0,1.73e-05,3.65e-05,2.89e-05,0.0,0.0,0.0,0.0,0.000154494,0.0,0.0,0.0,0.0,0.0,0.0,2.25e-05,0.0,0.0,0.0,0.0,2.18e-05,0.0,0.0,0.0,0.0,0.000112936,0.0,0.0,0.000971559,0.0,0.0,0.000231831,0.000407663,0.0,0.0,0.000242072,0.0,0.000706608,0.0,0.0,0.0,0.0,0.0,0.0,0.0,8.77e-05,0.0,0.0,0.0,0.0,0.0,0.0,0.0,0.000127932,0.00344495,0.0,0.0,0.0,2.52e-05,0.0,0.0,0.0,0.0,0.0,0.0,0.0,0.0,0.0,0.0,0.0,0.0,0.0,0.0,0.0,0.0,0.0,0.0,0.0,0.0,0.0,0.0,0.0,0.0,0.0,0.0,0.0,0.0,0.0,0.0,0.0,0.0,0.0,0.0,0.0,0.0,0.0,0.0,0.0,0.0,0.0,0.0,0.0,0.0,0.0,0.0,0.0,0.0,0.0,0.0,0.0,0.0,0.0,0.0,0.0,0.0,0.0,0.0,0.0,0.0,0.0,0.0,0.0,0.0,0.0,0.0,0.0,0.0,0.0,0.0,0.0,0.0,0.0,0.0,0.0,0.0,0.0,0.0,0.0,0.0,0.0,0.0,0.0,0.0,0.0,0.0,0.0,0.0,0.0,0.0,0.0,0.0,0.0,0.0,0.0,0.0,0.0,0.0,0.0,0.0,0.0,0.0,0.0,0.0,0.0,0.0,0.0,0.0,0.0,0.0,0.0,0.0,0.0,0.0,0.0,0.0,0.0,0.0,0.0,0.0
Reef 210,7.07e-05,0.0,0.0,0.0,0.0,0.0,0.0,0.0,0.0,0.0,0.0,0.0,0.0,0.0,0.0,0.0,0.0,0.0,0.0,0.0,0.0,0.0,0.0,0.0,0.0,0.0,0.0,0.0,0.0,0.0,0.0,0.0,0.0,0.0,0.0,2.2e-06,0.0,0.0,0.0,0.0,0.0,0.0,0.0,0.0,0.0,0.0,0.0,0.0,9.98e-05,0.0,0.0,0.0,0.0,0.0,0.0,0.0,0.0,2.94e-06,0.0,0.0,0.0,0.0,0.0,0.0,0.0,0.0,1.06e-05,0.0,0.0,0.0,0.0,5.56e-05,0.0,0.0,0.0,0.0,0.0,0.0,0.0,0.0,0.0,8.97e-05,0.0,0.0,0.0,0.0,0.0,0.000217898,0.0,0.0,0.0,0.0,0.0,1.95e-06,0.0,0.0,0.0,0.00013359,0.0,0.0,0.0,0.0,0.0,0.0,0.0,0.0,0.0,4.6e-06,0.0,0.0,0.0,0.0,0.0,0.0,0.0,0.0,5.35e-05,5.45e-05,0.0,0.0,0.0,2.2e-06,0.0,5.05e-05,0.0,0.0,0.0,6.31e-06,8.66e-05,0.000118561,3.37e-06,0.0012782,0.0,0.0,0.0,1.48e-05,7.1e-06,0.0,4.76e-05,0.0,0.00193278,0.0,0.0,0.0,0.0,0.0,0.0,0.00010108,0.0,0.0,0.0,0.0,0.0,9.2e-06,0.0,1.89e-06,2.47e-05,0.0,0.0,0.0,5.12e-05,2.41e-06,0.0,0.0,0.0,0.0,0.0,3.66e-05,0.00153295,0.0,2.18e-05,1.78e-05,0.00105619,0.000284921,0.0,6.17e-06,0.000864973,0.0,0.0,1.17e-05,0.0,1.99e-05,3.48e-05,0.0,0.0,0.000961087,0.0,9.98e-05,2.8e-05,0.0,0.000343808,0.0,3.45e-06,0.0,1.73e-05,0.000238708,0.0,0.0,0.0,0.0,0.0109328,0.000780626,0.000340808,0.000244218,0.0,0.0,0.0,0.0,0.0,0.0473742,0.00238245,0.000504112,0.00571611,0.000402235,0.0062685,3.06e-06,1.53e-05,4.5e-06,0.0,2.66e-06,3.9e-06,0.0,2.3e-05,0.0,0.0101038,0.0,2.87e-05,0.000106654,0.0,0.0,0.000114823,0.000259873,0.0,1.36e-05,2.4e-06,0.00838559,1.47e-05,0.0,0.0,0.000751467,4.41e-05,0.00135978,0.0,0.0,0.0,0.0,0.000221295,4.3e-05,2.64e-06,0.0,0.0,0.0,0.000477158,2.77e-06,0.0,0.0,0.0,0.0,0.0,0.000266039,4.06e-06,0.0,0.0,0.0,0.000134029,0.0,0.0,3.77e-05,0.0,0.000177185,0.0,0.0,0.00023207,0.0,0.0,1.83e-05,6.87e-05,0.0,1.66e-05,3.52e-05,0.0,0.000327799,0.0,0.0,0.0,0.0,2.03e-05,0.0,0.0,0.000101411,0.0,0.0,0.0,5.51e-06,0.0,2.38e-06,0.0,1.62e-05,0.000527727,0.0,0.0,0.0,0.0,0.0,0.0,0.0,0.0,0.0,0.0,0.0,0.0,0.0,0.0,0.0,0.0,0.0,0.0,0.0,0.0,0.0,0.0,0.0,0.0,0.0,0.0,0.0,0.0,0.0,0.0,0.0,0.0,0.0,0.0,0.0,0.0,0.0,0.0,0.0,0.0,0.0,0.0,0.0,0.0,0.0,0.0,0.0,0.0,0.0,0.0,0.0,0.0,0.0,0.0,0.0,0.0,0.0,0.0,0.0,0.0,0.0,0.0,0.0,0.0,0.0,0.0,0.0,0.0,0.0,0.0,0.0,0.0,0.0,0.0,0.0,0.0,0.0,0.0,0.0,0.0,0.0,0.0,0.0,0.0,0.0,0.0,0.0,0.0,0.0,0.0,0.0,0.0,0.0,0.0,0.0,0.0,0.0,0.0,0.0,0.0,0.0,0.0,0.0,0.0,0.0,0.0,0.0,0.0,0.0,0.0,0.0,0.0,0.0,0.0,0.0,0.0,0.0,0.0,0.0,0.0,0.0,0.0,0.0,0.0
Reef 211,0.0,0.0,0.0,0.0,0.0,0.0,0.0,0.0,0.0,0.0,0.0,0.0,0.0,2.71e-07,3.37e-07,0.0,0.0,0.0,3.32e-07,0.0,0.0,0.0,0.0,5.77e-07,0.0,0.0,0.0,0.0,0.0,1.48e-06,0.0,0.0,0.0,0.0,0.0,0.0,0.0,4.08e-06,0.0,0.0,0.0,0.0,0.0,0.0,0.0,0.0,0.0,1.93e-06,0.0,0.0,0.0,0.0,2.14e-07,0.0,2.98e-06,0.0,0.0,0.0,0.0,0.0,0.0,0.0,0.0,0.0,0.0,0.0,0.0,0.0,0.0,0.0,0.0,0.0,0.0,0.0,0.0,3.64e-07,0.0,0.0,0.0,0.0,0.0,0.0,0.0,0.0,0.0,0.0,0.0,0.0,0.0,0.0,3.34e-07,0.0,0.0,0.0,0.0,8.42e-06,0.0,0.0,0.0,0.0,0.0,0.0,0.0,0.0,0.0,0.0,0.0,0.0,0.0,0.0,0.0,0.0,5.23e-07,0.0,0.0,0.0,0.0,7.23e-07,3.97e-07,0.0,0.0,0.0,0.0,0.0,0.0,0.0,2.07e-05,0.0,0.0,2.98e-07,0.0,2.62e-06,0.0,0.0,0.0,0.0,5.45e-07,0.0,0.0,0.0,1.55e-05,0.0,0.0,4.61e-06,0.0,0.0,0.000311554,0.0,0.0,2.71e-05,0.0,0.000153287,2.61e-05,0.0,1.35e-06,0.0,5.47e-07,0.0,0.0,3.6e-05,6.42e-05,0.0,0.0,0.0,0.0,0.000233344,1.05e-05,9.26e-07,2.51e-06,0.0,0.0,2.72e-05,2.43e-06,7.63e-07,0.0,0.00109158,2.83e-06,0.0,0.0,0.0,0.0,0.00313074,0.0,0.0,0.0,9.93e-05,1.28e-06,0.0105387,0.000644564,4.98e-06,0.0,0.0,0.00281959,0.000540053,0.00489289,0.0110476,0.00124694,0.0,7.68e-07,0.0,2.12e-05,0.0537641,8.25e-07,0.0231326,0.000349749,5.42e-07,3.87e-07,0.0,0.000492342,0.000263228,0.264995,0.000130674,6.34e-06,0.000113964,0.102602,0.00628077,6.86e-07,1.34e-06,1.07e-06,2.22e-06,1.51e-06,1.99e-05,1.69e-06,7.78e-07,3.76e-05,0.0,9.98e-05,6.07e-06,0.0,0.0,1.23e-05,2.59e-07,3.54e-06,2.63e-07,0.0,3.02e-07,0.0,0.0,0.0,0.00114826,4.66e-05,3.43e-06,0.0,0.0,0.0,0.000115398,0.000222838,3.83e-06,0.0,0.0,0.0,1.73e-06,0.00101261,0.0,0.0,0.0,0.0,0.0,0.0,3.66e-05,3.26e-06,0.0,0.0,0.0,0.000170924,3.22e-07,0.0,0.0,0.0,6.74e-07,0.0,0.0,8.1e-06,0.0,6.24e-07,8.82e-06,5.61e-07,0.0,0.0,4.2e-06,0.0,8.58e-06,0.0,0.0,0.0,0.0,0.0,2e-05,0.0,4.32e-06,0.0,0.0,0.0,0.0,0.0,0.0,0.0,5.65e-05,2.25e-06,0.0,0.0,0.0,0.000159837,0.0,0.0,0.0,0.0,0.0,0.0,0.0,0.0,0.0,0.0,0.0,0.0,0.0,0.0,0.0,0.0,0.0,3.06e-07,0.0,0.0,0.0,0.0,0.0,0.0,1.53e-06,0.0,2.02e-06,2.47e-07,0.0,0.0,7.52e-07,0.0,4.23e-07,1.85e-06,0.0,1.25e-06,0.0,0.0,0.0,8.49e-07,0.0,0.0,0.0,1.71e-07,0.0,0.0,0.0,0.0,0.0,0.0,0.0,0.0,0.0,0.0,0.0,0.0,0.0,0.0,0.0,0.0,0.0,0.0,0.0,0.0,0.0,0.0,0.0,0.0,0.0,0.0,0.0,0.0,0.0,0.0,0.0,0.0,0.0,0.0,0.0,0.0,0.0,0.0,0.0,0.0,0.0,0.0,0.0,0.0,0.0,0.0,0.0,0.0,0.0,0.0,0.0,0.0,0.0,0.0,0.0,0.0,0.0,0.0,0.0,0.0,0.0,0.0,0.0,0.0,0.0,0.0,0.0,0.0,0.0,0.0,0.0,0.0,0.0,0.0,0.0,0.0
Reef 212,0.0,0.0,0.0,0.0,0.0,0.0,0.0,0.0,0.0,0.0,0.0,0.0,0.0,0.0,0.0,0.0,0.0,0.0,0.0,0.0,0.0,0.0,0.0,0.0,0.0,0.0,0.0,0.0,0.0,0.0,0.0,0.0,0.0,0.0,0.0,0.0,0.0,0.0,0.0,0.0,0.0,0.0,0.0,0.0,0.0,0.0,0.0,0.0,0.0,0.0,0.0,0.0,0.0,0.0,0.0,0.0,0.0,0.0,0.0,0.0,0.0,0.0,0.0,0.0,0.0,0.0,0.0,0.0,0.0,0.0,0.0,0.0,0.0,0.0,0.0,0.0,0.0,0.0,0.0,0.0,0.0,4.29e-05,0.0,0.0,0.0,0.0,0.0,1.17e-05,0.0,0.0,0.0,0.0,0.0,8.31e-05,0.0,0.0,0.0,6.07e-06,0.0,0.0,0.0,0.0,0.0,0.0,0.0,0.0,0.0,0.0,0.0,0.0,0.0,0.0,0.0,0.0,0.0,0.0,7.51e-06,0.000256365,0.0,0.0,0.0,0.0,0.0,0.000896321,0.0,0.0,0.0,0.0,3.81e-06,0.000348547,1.1e-05,0.00067574,0.0,0.0,0.0,5.44e-06,0.000780981,0.0,0.000153458,0.0,0.00182038,0.0,0.0,0.0,0.0,0.0,4.24e-05,0.000747866,0.0,4.59e-05,0.0,2.39e-05,0.000106676,0.0,0.0,0.0,0.0017211,0.0,0.0,0.000339066,0.000118295,0.0,0.0,0.0,0.0,7.17e-05,0.000330958,0.00152623,4.35e-06,0.0,0.0,4.9e-05,4.17e-06,0.0,0.0,0.000461318,4.88e-06,0.0,0.0,0.0,0.0,0.000209327,0.0,0.0,0.0,3e-06,0.0,2.22e-05,4.34e-06,0.0,0.0,0.0,8.88e-05,0.0,5.94e-05,2.1e-05,0.0,0.0,0.0,0.0,3.73e-05,1.89e-06,7.48e-06,0.000448793,0.0,0.0,0.0,0.0,6.71e-06,9.58e-05,6.18e-05,0.0476908,0.00313614,0.000187733,0.000105147,0.0121929,0.00010949,2.55e-06,0.0,3.82e-06,2.75e-06,0.00020308,3.03e-06,0.0,6.66e-05,0.0,0.000193323,1.15e-05,0.0,0.0,2.43e-05,2.16e-06,0.0,0.0,0.0,2.63e-06,2.67e-05,0.0,0.0,8.83e-06,0.00101221,9.25e-06,0.0,0.0,0.0,4.65e-06,3.47e-05,2.79e-06,0.0,0.0,0.0,0.0,0.000141088,0.0,0.0,0.0,0.0,0.0,0.0,2.08e-05,1.73e-05,0.0,0.0,0.0,0.00233023,0.0,0.0,0.0,0.0,1.66e-05,0.0,0.0,6.02e-06,0.0,0.0,0.000178328,5.98e-05,0.0,0.0,0.000193097,0.0,5.58e-05,0.0,0.0,0.0,0.0,0.0,2.07e-06,0.0,1.58e-05,0.0,0.0,0.0,0.0,0.0,0.0,0.0,5.1e-05,2.13e-05,0.0,0.0,0.0,4.05e-06,0.0,0.0,0.0,0.0,0.0,0.0,0.0,0.0,0.0,0.0,0.0,0.0,0.0,0.0,0.0,0.0,0.0,0.0,0.0,0.0,0.0,0.0,0.0,0.0,0.0,0.0,0.0,0.0,0.0,0.0,0.0,0.0,0.0,0.0,0.0,0.0,0.0,0.0,0.0,0.0,0.0,0.0,0.0,0.0,0.0,0.0,0.0,0.0,0.0,0.0,0.0,0.0,0.0,0.0,0.0,0.0,0.0,0.0,0.0,0.0,0.0,0.0,0.0,0.0,0.0,0.0,0.0,0.0,0.0,0.0,0.0,0.0,0.0,0.0,0.0,0.0,0.0,0.0,0.0,0.0,0.0,0.0,0.0,0.0,0.0,0.0,0.0,0.0,0.0,0.0,0.0,0.0,0.0,0.0,0.0,0.0,0.0,0.0,0.0,0.0,0.0,0.0,0.0,0.0,0.0,0.0,0.0,0.0,0.0,0.0,0.0,0.0,0.0,0.0,0.0,0.0,0.0,0.0,0.0,0.0
Reef 213,1.56e-05,0.0,0.0,0.0,0.0,0.0,0.0,0.0,0.0,0.0,0.0,0.0,0.0,0.0,0.0,0.0,0.0,0.0,0.0,0.0,0.0,0.0,0.0,0.0,0.0,0.0,0.0,0.0,0.0,0.0,0.0,0.0,0.0,0.0,0.0,0.0,0.0,0.0,0.0,0.0,0.0,0.0,0.0,0.0,0.0,0.0,0.0,0.0,0.0,0.0,0.0,0.0,0.0,0.0,0.0,0.0,0.0,0.0,0.0,0.0,0.0,0.0,0.0,0.0,0.0,0.0,2.49e-06,0.0,0.0,0.0,0.0,0.0,0.0,0.0,0.0,0.0,0.0,0.0,0.0,0.0,0.0,2.08e-05,0.0,0.0,0.0,0.0,0.0,7.73e-05,0.0,0.0,0.0,0.0,0.0,0.000365062,0.0,0.0,0.0,4.41e-05,0.0,0.0,0.0,0.0,0.0,0.0,0.0,0.0,0.0,0.0,0.0,0.0,0.0,0.0,0.0,0.0,0.0,0.0,2.42e-05,5.75e-05,0.0,0.0,0.0,4.32e-06,0.0,0.00248839,0.0,0.0,0.0,2.58e-06,1.5e-05,2.34e-05,3.3e-05,3.64e-06,0.0,0.0,0.0,2.61e-05,0.000130589,0.0,0.000362837,0.0,1.06e-05,0.0,0.0,0.0,0.0,0.0,2.22e-05,0.00157069,0.0,5.01e-05,0.0,1.39e-05,0.000126971,0.0,0.0,0.0,2.28e-05,0.0,0.0,0.00034498,0.000595705,0.0,0.0,0.0,0.0,7.04e-05,0.000301627,6.9e-06,0.000232412,0.0,2.64e-06,0.000264854,0.000175011,4.33e-05,0.0,0.000522072,0.000148857,0.0,0.0,0.0,0.0,0.000231155,5.03e-06,0.0,0.0,7.41e-05,0.0,1.31e-05,4.03e-06,0.0,5.41e-06,0.0,9.36e-05,0.0,5.92e-05,2.18e-05,0.0,0.0,0.0,0.0,4.56e-05,0.000836394,2.49e-05,0.000477556,0.0,0.0,0.0,0.0,4.02e-06,0.000540305,2.27e-06,0.0173063,0.0253247,2.02e-06,5.01e-05,0.000126562,1.95e-06,5.31e-06,0.0,5.06e-06,4.55e-06,0.000183617,1.05e-05,0.0,7.46e-05,0.0,0.000216195,3.81e-05,0.0,0.0,5.16e-05,6.88e-06,0.0,3.74e-06,0.0,1.99e-05,1.48e-05,0.0,0.0,0.000631545,0.00725092,0.000430609,0.0,0.0,0.0,1.95e-06,2e-06,4.8e-06,0.0,0.0,0.0,0.0,0.000152518,0.0,0.0,0.0,0.0,0.0,0.0,0.000252149,3.49e-05,2.42e-06,0.0,0.0,0.00231354,1.02e-05,0.0,9.05e-06,0.0,0.00271588,0.0,0.0,4.28e-06,0.0,0.0,0.000176433,2.27e-06,0.0,3.42e-06,0.000189097,0.0,1.95e-06,0.0,0.0,0.0,0.0,4.19e-06,0.0,0.0,3.64e-06,0.0,0.0,0.0,0.0,0.0,0.0,0.0,6.26e-05,0.00159116,0.0,0.0,0.0,0.0,0.0,0.0,0.0,0.0,0.0,0.0,0.0,0.0,0.0,0.0,0.0,0.0,0.0,0.0,0.0,0.0,0.0,0.0,0.0,0.0,0.0,0.0,0.0,0.0,0.0,0.0,2.2e-06,0.0,0.0,0.0,0.0,0.0,0.0,2.08e-06,0.0,0.0,0.0,0.0,0.0,0.0,0.0,0.0,0.0,0.0,0.0,0.0,0.0,0.0,0.0,0.0,0.0,0.0,0.0,0.0,0.0,0.0,0.0,0.0,0.0,0.0,0.0,0.0,0.0,0.0,0.0,0.0,0.0,0.0,0.0,0.0,0.0,0.0,0.0,0.0,0.0,0.0,0.0,0.0,0.0,0.0,0.0,0.0,0.0,0.0,0.0,0.0,0.0,0.0,0.0,0.0,0.0,0.0,0.0,0.0,0.0,0.0,0.0,0.0,0.0,0.0,0.0,0.0,0.0,0.0,0.0,0.0,0.0,0.0,0.0,0.0,0.0,0.0,0.0,0.0,0.0,0.0,0.0,0.0,0.0,0.0
Reef 214,0.000126072,0.0,0.0,0.0,0.0,0.0,0.0,0.0,0.0,0.0,0.0,0.0,0.0,0.0,0.0,0.0,0.0,0.0,0.0,0.0,0.0,0.0,0.0,0.0,0.0,0.0,0.0,0.0,0.0,0.0,0.0,0.0,0.0,0.0,0.0,0.0,0.0,0.0,0.0,0.0,0.0,0.0,0.0,0.0,0.0,0.0,0.0,0.0,3.27e-06,0.0,0.0,0.0,0.0,0.0,0.0,0.0,0.0,0.0,0.0,0.0,0.0,0.0,0.0,0.0,0.0,0.0,6.62e-06,0.0,0.0,0.0,0.0,0.0,0.0,0.0,0.0,0.0,0.0,0.0,0.0,0.0,0.0,6.27e-05,0.0,0.0,0.0,0.0,0.0,8.72e-06,0.0,0.0,0.0,0.0,0.0,8.7e-05,0.0,0.0,0.0,9.63e-05,0.0,0.0,0.0,0.0,0.0,0.0,0.0,0.0,0.0,2.56e-06,0.0,0.0,0.0,0.0,0.0,0.0,0.0,0.0,1.52e-05,0.00254608,0.0,0.0,0.0,5.29e-06,0.0,6.52e-06,0.0,0.0,0.0,8.04e-06,2.23e-06,4.33e-06,5.24e-06,4.81e-06,0.0,0.0,0.0,1.14e-05,0.000132377,0.0,5.02e-05,0.0,3.65e-05,0.0,0.0,0.0,0.0,0.0,0.0,0.000101654,0.0,0.0,0.0,0.0,0.0,5.91e-06,0.0,0.0,0.000359278,0.0,0.0,0.0,0.00100949,3.34e-06,0.0,0.0,0.0,0.0,0.0,0.000442004,5.16e-05,0.0,2.15e-06,0.000543044,4.9e-06,1.84e-05,0.0,4.2e-06,1.37e-05,0.0,0.0,1.34e-05,0.0,1.57e-05,4.71e-06,0.0,0.0,0.00630683,0.0,0.000109535,3.18e-05,0.0,1.3e-05,0.0,2.07e-06,2.54e-06,1.36e-05,0.000362713,0.0,0.0,0.0,0.0,0.000496746,0.000954506,3.57e-05,0.000276658,0.0,0.0,0.0,0.0,0.0,0.00973917,0.00306579,3.12e-05,0.000419649,0.0139886,0.00651742,5.05e-05,4.64e-06,0.000124436,0.0,0.000247595,5.15e-05,0.0,0.000209989,0.0,0.0216005,0.0,4.64e-06,0.000526379,0.0,0.0,0.00020249,0.000401642,0.0,2.43e-05,3.87e-06,0.00847796,1.69e-05,0.0,0.0,0.000200604,0.000228455,0.00106499,0.0,0.0,0.0,0.0,8.98e-05,3.85e-05,4.16e-06,0.0,0.0,0.0,0.000123683,4.45e-06,0.0,0.0,0.0,0.0,0.0,2.16e-06,0.0,0.0,0.0,0.0,5.14e-06,0.0,0.0,6.21e-05,0.0,0.000123665,0.0,0.0,2.18e-06,0.0,0.0,0.0,9.65e-05,0.0,2.09e-05,0.0,0.0,2.12e-05,0.0,0.0,0.0,0.0,2.48e-05,0.0,0.0,1.36e-05,0.0,0.0,0.0,8.86e-06,0.0,3.46e-06,0.0,0.0,6.88e-06,0.0,0.0,0.0,0.0,0.0,0.0,0.0,0.0,0.0,0.0,0.0,0.0,0.0,0.0,0.0,0.0,0.0,0.0,0.0,0.0,0.0,0.0,0.0,0.0,0.0,0.0,0.0,0.0,0.0,0.0,0.0,0.0,0.0,0.0,0.0,0.0,0.0,0.0,0.0,0.0,0.0,0.0,0.0,0.0,0.0,0.0,0.0,0.0,0.0,0.0,0.0,0.0,0.0,0.0,0.0,0.0,0.0,0.0,0.0,0.0,0.0,0.0,0.0,0.0,0.0,0.0,0.0,0.0,0.0,0.0,0.0,0.0,0.0,0.0,0.0,0.0,0.0,0.0,0.0,0.0,0.0,0.0,0.0,0.0,0.0,0.0,0.0,0.0,0.0,0.0,0.0,0.0,0.0,0.0,0.0,0.0,0.0,0.0,0.0,0.0,0.0,0.0,0.0,0.0,0.0,0.0,0.0,0.0,0.0,0.0,0.0,0.0,0.0,0.0,0.0,0.0,0.0,0.0,0.0,0.0,0.0,0.0,0.0,0.0
Reef 215,0.0,0.0,0.0,0.0,0.0,0.0,0.0,0.0,0.0,0.0,0.0,0.0,0.0,3.36e-06,3.62e-06,0.0,0.0,0.0,3.95e-06,0.0,0.0,0.0,0.0,6.94e-06,0.0,0.0,0.0,0.0,0.0,1.64e-05,0.0,0.0,0.0,0.0,0.0,0.0,0.0,3.64e-05,0.0,0.0,0.0,0.0,0.0,0.0,0.0,0.0,0.0,1.33e-05,0.0,0.0,0.0,0.0,1.55e-06,1.09e-06,2.03e-05,0.0,0.0,0.0,0.0,0.0,0.0,0.0,0.0,0.0,0.0,0.0,0.0,0.0,0.0,0.0,0.0,0.0,0.0,0.0,0.0,3.1e-06,5.39e-07,0.0,0.0,0.0,0.0,0.0,0.0,0.0,0.0,0.0,0.0,0.0,0.0,0.0,3.18e-06,0.0,0.0,0.0,0.0,9.5e-05,0.0,0.0,0.0,0.0,0.0,0.0,0.0,0.0,0.0,0.0,0.0,0.0,6.72e-07,0.0,0.0,0.0,8.47e-06,0.0,0.0,0.0,0.0,6.72e-06,6.47e-06,4.51e-07,0.0,0.0,7.12e-07,1.81e-06,0.0,8.8e-07,0.000192806,0.0,0.0,2.64e-06,0.0,1.64e-05,0.0,0.0,8.06e-07,5.35e-07,0.0,0.0,0.0,0.0,7.18e-05,0.0,0.0,2.39e-05,0.0,0.0,0.00227427,6.5e-07,0.0,0.000878656,0.0,0.001132,3.26e-07,0.0,2.8e-06,0.0,7.67e-06,0.0,0.0,2.18e-05,2.64e-05,0.0,0.0,0.0,0.0,0.000764387,0.00427842,6.96e-07,2.44e-06,0.0,0.0,1.16e-05,3.38e-06,5.11e-07,0.0,5.03e-06,2.16e-06,0.0,7.97e-07,0.0,0.0,1.92e-05,0.0,0.0,0.0,4.55e-05,7.3e-06,8.19e-05,1.14e-05,9.47e-07,0.0,0.0,5.16e-05,7.45e-05,0.000100136,0.00105268,4.24e-05,0.0,4.05e-06,0.0,6.88e-06,0.00197618,3.82e-06,0.000453613,1.33e-05,2.97e-06,2.02e-06,0.0,0.000154108,1.44e-06,0.0358809,0.00126734,8.4e-05,3.95e-05,0.0917519,0.0142344,8.19e-07,1.34e-06,6.83e-06,1.21e-06,8.54e-07,6.07e-05,2.3e-06,4.36e-06,1.27e-05,0.0,0.000310747,3.75e-06,0.0,0.0,9.15e-06,2.39e-06,1.73e-05,1.26e-06,0.0,0.000389216,2.11e-06,0.0,0.0,0.00539636,0.000184631,1.15e-06,0.0,0.0,0.0,0.000441399,0.00162496,9.07e-07,0.0,0.0,0.0,7.97e-06,0.00364464,4.03e-07,0.0,0.0,0.0,0.0,0.0,9.87e-05,1.62e-05,4.35e-07,0.0,0.0,0.000822235,1.51e-06,0.0,6e-06,5.49e-07,0.000983622,0.0,0.0,2.22e-05,0.0,2.67e-06,5.33e-05,4.25e-06,0.0,0.0,3.32e-05,0.0,6.37e-05,0.0,0.0,0.0,0.0,0.0,2.49e-06,0.0,7.77e-05,0.0,0.0,0.0,0.0,0.0,0.0,0.0,2.02e-06,7.16e-05,0.0,0.0,0.0,0.000505421,0.0,0.0,0.0,0.0,0.0,0.0,0.0,0.0,0.0,0.0,2.24e-06,0.0,0.0,0.0,0.0,0.0,0.0,0.0,0.0,0.0,0.0,0.0,0.0,0.0,7.94e-07,0.0,1.07e-06,0.0,0.0,0.0,3.75e-07,0.0,0.0,9.49e-07,0.0,5.54e-07,0.0,0.0,0.0,3.29e-07,0.0,0.0,0.0,0.0,0.0,0.0,0.0,0.0,0.0,0.0,0.0,0.0,0.0,0.0,0.0,0.0,0.0,0.0,0.0,0.0,0.0,0.0,0.0,0.0,0.0,0.0,0.0,0.0,0.0,0.0,0.0,0.0,0.0,0.0,0.0,0.0,0.0,0.0,0.0,0.0,0.0,0.0,0.0,0.0,0.0,0.0,0.0,0.0,0.0,0.0,0.0,0.0,0.0,0.0,0.0,0.0,0.0,0.0,0.0,0.0,0.0,0.0,0.0,0.0,0.0,0.0,0.0,0.0,0.0,0.0,0.0,0.0,0.0,0.0,0.0,0.0,0.0,0.0,0.0,0.0
Reef 216,0.0,0.0,0.0,0.0,0.0,0.0,0.0,0.0,0.0,0.0,0.0,0.0,0.0,0.0,0.0,0.0,0.0,0.0,0.0,0.0,0.0,0.0,0.0,0.0,0.0,0.0,0.0,0.0,0.0,2.62e-06,0.0,0.0,0.0,0.0,0.0,0.0,0.0,7.83e-06,0.0,0.0,0.0,0.0,0.0,0.0,0.0,0.0,0.0,3.63e-06,0.0,0.0,0.0,0.0,0.0,0.0,5.69e-06,0.0,0.0,0.0,0.0,0.0,0.0,0.0,0.0,0.0,0.0,0.0,0.0,0.0,0.0,0.0,0.0,0.0,0.0,0.0,0.0,0.0,0.0,0.0,0.0,0.0,0.0,0.0,0.0,0.0,0.0,0.0,0.0,0.0,0.0,0.0,0.0,0.0,0.0,0.0,0.0,1.49e-05,0.0,0.0,0.0,0.0,0.0,0.0,0.0,0.0,0.0,0.0,0.0,0.0,0.0,0.0,0.0,0.0,0.0,0.0,0.0,0.0,0.0,1.86e-06,0.0,0.0,0.0,0.0,0.0,1.1e-05,0.0,0.0,3.58e-05,0.0,0.0,1.38e-05,0.0,6.23e-05,0.0,0.0,0.0,0.0,5.88e-06,0.0,0.0,0.0,0.000286033,0.0,0.0,8.44e-06,0.0,0.0,0.000577822,4.48e-06,0.0,0.000335916,0.0,0.000288133,0.0004085,0.0,0.0,0.0,4.32e-06,0.0,0.0,0.00216406,8.06e-05,0.0,0.0,0.0,0.0,0.000322881,0.0019549,5.04e-06,3.22e-06,0.0,0.0,3.35e-05,3.22e-06,0.0,0.0,0.00215439,3.46e-06,0.0,0.0,0.0,0.0,0.00172896,0.0,0.0,0.0,0.000113733,0.0,1.09e-05,1.93e-06,0.0,0.0,0.0,8.6e-06,1.49e-05,1.71e-05,0.0002109,8.51e-06,0.0,0.0,0.0,2.2e-05,0.000345639,1.56e-05,4.21e-05,2.66e-06,0.0,1.88e-05,0.0,3.01e-05,1.69e-05,0.00603761,0.00598174,0.00085548,0.000130914,0.00786078,0.0406023,0.0,0.0,0.0,2.61e-06,1.88e-06,2.13e-06,2.26e-06,0.0,4.41e-05,0.0,8.94e-06,7.56e-06,0.0,0.0,1.57e-05,2.44e-05,3.62e-06,0.0,0.0,0.000281126,3.1e-05,0.0,0.0,0.000412873,0.00125036,3.68e-06,0.0,0.0,0.0,9.69e-05,0.000590815,4.37e-06,0.0,0.0,0.0,0.0,0.00014813,0.0,0.0,0.0,0.0,0.0,0.0,0.000236919,7.18e-06,0.0,0.0,0.0,1.87e-05,0.0,0.0,0.0,0.0,0.000686654,0.0,0.0,6.07e-05,0.0,0.0,1.25e-05,3.59e-06,0.0,0.0,4.12e-05,0.0,0.00477896,0.0,0.0,0.0,0.0,0.0,2.86e-05,0.0,0.00114237,0.0,0.0,0.0,0.0,0.0,0.0,0.0,4.55e-05,0.00168615,0.0,0.0,0.0,0.000120449,0.0,0.0,0.0,0.0,0.0,0.0,0.0,0.0,0.0,0.0,0.0,0.0,0.0,0.0,0.0,0.0,0.0,0.0,0.0,0.0,0.0,0.0,0.0,0.0,0.0,0.0,2.24e-06,0.0,0.0,0.0,0.0,0.0,0.0,2.06e-06,0.0,0.0,0.0,0.0,0.0,0.0,0.0,0.0,0.0,0.0,0.0,0.0,0.0,0.0,0.0,0.0,0.0,0.0,0.0,0.0,0.0,0.0,0.0,0.0,0.0,0.0,0.0,0.0,0.0,0.0,0.0,0.0,0.0,0.0,0.0,0.0,0.0,0.0,0.0,0.0,0.0,0.0,0.0,0.0,0.0,0.0,0.0,0.0,0.0,0.0,0.0,0.0,0.0,0.0,0.0,0.0,0.0,0.0,0.0,0.0,0.0,0.0,0.0,0.0,0.0,0.0,0.0,0.0,0.0,0.0,0.0,0.0,0.0,0.0,0.0,0.0,0.0,0.0,0.0,0.0,0.0,0.0,0.0,0.0,0.0,0.0
Reef 217,6.42e-05,0.0,0.0,0.0,0.0,0.0,0.0,0.0,0.0,0.0,0.0,0.0,0.0,0.0,0.0,0.0,0.0,0.0,0.0,0.0,0.0,0.0,0.0,0.0,0.0,0.0,0.0,0.0,0.0,0.0,0.0,0.0,0.0,0.0,0.0,0.0,0.0,0.0,0.0,0.0,0.0,0.0,0.0,0.0,0.0,0.0,0.0,0.0,0.0,0.0,0.0,0.0,0.0,0.0,0.0,0.0,0.0,0.0,0.0,0.0,0.0,0.0,0.0,0.0,0.0,0.0,2.98e-05,0.0,0.0,0.0,0.0,0.0,0.0,0.0,0.0,0.0,0.0,0.0,0.0,0.0,0.0,2.34e-05,0.0,0.0,0.0,0.0,0.0,0.0,0.0,0.0,0.0,0.0,0.0,2.53e-05,0.0,0.0,0.0,1.03e-05,0.0,0.0,0.0,0.0,0.0,0.0,0.0,0.0,0.0,0.0,0.0,0.0,0.0,0.0,0.0,0.0,0.0,0.0,9.63e-06,2.84e-05,0.0,0.0,0.0,3.02e-05,0.0,7.07e-05,0.0,0.0,0.0,0.0,1.02e-05,0.000246324,5.44e-05,0.00033816,0.0,0.0,0.0,2.54e-05,0.00113423,0.0,0.000514396,0.0,0.000668852,0.0,0.0,0.0,0.0,0.0,0.0,9.14e-05,0.0,0.0,0.0,0.0,0.0,0.0,0.0,0.0,0.00076577,0.0,0.0,0.0,0.00548801,0.0,0.0,0.0,0.0,0.0,0.0,0.0015675,0.000678311,0.0,8.1e-06,0.00426758,0.00020531,0.000209246,0.0,0.0,5.58e-05,0.0,0.0,0.0,0.0,0.0,8.68e-06,0.0,0.0,0.00855952,0.0,1.35e-05,6.48e-06,0.0,1.46e-05,0.0,0.0,0.0,0.0,0.000275226,0.0,0.0,0.0,0.0,1.33e-05,0.000390086,6.39e-06,5.44e-05,0.0,0.0,0.0,0.0,0.0,0.00118638,0.00173919,7.55e-06,9.61e-05,0.0364665,0.00202289,0.00187903,0.00411961,0.000305896,0.0,0.0164907,2.95e-05,0.0,0.000397636,0.0,0.00661932,0.0,0.0,0.000674327,0.0,0.0,0.000400166,5.43e-05,0.0,5.67e-05,9.72e-06,0.000532333,0.0,0.0,0.0,5.8e-05,0.000371014,9.39e-05,0.0,0.0,0.0,0.0,3.59e-05,3.11e-05,1.05e-05,0.0,0.0,0.0,2.33e-05,1.17e-05,0.0,0.0,0.0,0.0,0.0,7.98e-06,0.0,0.0,0.0,0.0,0.0,0.0,0.0,0.000168162,0.0,0.000107992,0.0,0.0,8.05e-06,0.0,0.0,0.0,0.0,0.0,2.6e-05,0.0,0.0,0.0,0.0,0.0,0.0,0.0,3.15e-05,0.0,0.0,0.0,0.0,0.0,0.0,1.08e-05,0.0,5.33e-06,0.0,0.0,0.0,0.0,0.0,0.0,0.0,0.0,0.0,0.0,0.0,0.0,0.0,0.0,0.0,0.0,0.0,0.0,0.0,0.0,0.0,0.0,0.0,0.0,0.0,0.0,0.0,0.0,0.0,0.0,0.0,0.0,0.0,0.0,0.0,0.0,0.0,0.0,0.0,0.0,0.0,0.0,0.0,0.0,0.0,0.0,0.0,0.0,0.0,0.0,0.0,0.0,0.0,0.0,0.0,0.0,0.0,0.0,0.0,0.0,0.0,0.0,0.0,0.0,0.0,0.0,0.0,0.0,0.0,0.0,0.0,0.0,0.0,0.0,0.0,0.0,0.0,0.0,0.0,0.0,0.0,0.0,0.0,0.0,0.0,0.0,0.0,0.0,0.0,0.0,0.0,0.0,0.0,0.0,0.0,0.0,0.0,0.0,0.0,0.0,0.0,0.0,0.0,0.0,0.0,0.0,0.0,0.0,0.0,0.0,0.0,0.0,0.0,0.0,0.0,0.0,0.0,0.0,0.0,0.0,0.0,0.0,0.0,0.0,0.0,0.0,0.0
Reef 218,7.03e-05,0.0,0.0,0.0,0.0,0.0,0.0,0.0,0.0,0.0,0.0,0.0,0.0,0.0,0.0,0.0,0.0,0.0,0.0,0.0,0.0,0.0,0.0,0.0,0.0,0.0,0.0,0.0,0.0,0.0,0.0,0.0,0.0,0.0,0.0,0.0,0.0,0.0,0.0,0.0,0.0,0.0,0.0,0.0,0.0,0.0,0.0,0.0,6.81e-06,0.0,0.0,0.0,0.0,0.0,0.0,0.0,0.0,0.0,0.0,0.0,0.0,0.0,0.0,0.0,0.0,0.0,2.38e-06,0.0,0.0,0.0,0.0,3.58e-06,0.0,0.0,0.0,0.0,0.0,0.0,0.0,0.0,0.0,1.36e-05,0.0,0.0,0.0,0.0,0.0,2.09e-06,0.0,0.0,0.0,0.0,0.0,1.37e-05,0.0,0.0,0.0,5.69e-06,0.0,0.0,0.0,0.0,0.0,0.0,0.0,0.0,0.0,0.0,0.0,0.0,0.0,0.0,0.0,0.0,0.0,0.0,5.18e-06,4.14e-05,0.0,0.0,0.0,2.33e-05,0.0,7.62e-05,0.0,0.0,0.0,0.0,1.32e-05,0.000364919,4.37e-05,0.000479935,0.0,0.0,0.0,1.78e-05,0.00149087,0.0,3.43e-06,0.0,0.000894632,0.0,0.0,0.0,0.0,0.0,0.0,9.23e-05,0.0,0.0,0.0,0.0,0.0,0.0,0.0,0.0,0.00079934,0.0,0.0,0.0,0.00609028,3.02e-06,0.0,0.0,0.0,0.0,0.0,0.00139618,0.000828565,0.0,7.18e-06,0.00447043,0.000312071,0.000244993,0.0,0.0,8.61e-05,0.0,0.0,4.15e-06,0.0,0.0,5.96e-06,0.0,0.0,0.00836369,0.0,6.85e-06,4.5e-06,0.0,9.99e-06,0.0,0.0,2.28e-06,0.0,0.000275896,0.0,0.0,0.0,0.0,7.77e-06,0.000353251,1.87e-06,3.94e-05,0.0,0.0,0.0,0.0,0.0,0.000827832,0.0017117,6.62e-06,8.41e-05,0.0250274,0.00179361,0.00160934,0.0112719,0.00287182,0.0,0.00820705,8.58e-05,0.0,5.01e-06,0.0,0.00596673,0.0,0.0,0.00573415,0.0,0.0,0.00351964,4.37e-05,0.0,0.000108517,8.09e-06,0.000394447,0.0,0.0,0.0,5.86e-05,0.000381285,8.01e-05,0.0,0.0,0.0,0.0,3.61e-05,2.99e-05,8.44e-06,0.0,0.0,0.0,2.1e-05,8.55e-06,0.0,0.0,0.0,2.66e-06,0.0,4.53e-06,0.0,0.0,0.0,0.0,0.0,0.0,0.0,0.000116353,0.0,8.02e-05,0.0,0.0,4.56e-06,0.0,0.0,0.0,2.06e-06,0.0,1.37e-05,0.0,0.0,0.0,0.0,0.0,0.0,0.0,1.61e-05,0.0,0.0,0.0,0.0,0.0,0.0,5.2e-06,0.0,0.0,0.0,0.0,0.0,0.0,0.0,0.0,0.0,0.0,0.0,0.0,0.0,0.0,0.0,0.0,0.0,0.0,0.0,0.0,0.0,0.0,0.0,0.0,0.0,0.0,0.0,0.0,0.0,0.0,0.0,0.0,0.0,0.0,0.0,0.0,0.0,0.0,0.0,0.0,0.0,0.0,0.0,0.0,0.0,0.0,0.0,0.0,0.0,0.0,0.0,0.0,0.0,0.0,0.0,0.0,0.0,0.0,0.0,0.0,0.0,0.0,0.0,0.0,0.0,0.0,0.0,0.0,0.0,0.0,0.0,0.0,0.0,0.0,0.0,0.0,0.0,0.0,0.0,0.0,0.0,0.0,0.0,0.0,0.0,0.0,0.0,0.0,0.0,0.0,0.0,0.0,0.0,0.0,0.0,0.0,0.0,0.0,0.0,0.0,0.0,0.0,0.0,0.0,0.0,0.0,0.0,0.0,0.0,0.0,0.0,0.0,0.0,0.0,0.0,0.0,0.0,0.0,0.0,0.0,0.0,0.0,0.0,0.0,0.0,0.0,0.0,0.0,0.0
Reef 219,0.0,0.0,0.0,0.0,0.0,0.0,0.0,1.84e-06,0.0,0.0,0.0,0.0,0.0,0.000554425,7.21e-06,0.0,0.0,9.1e-07,4.65e-06,0.0,8.72e-07,1.01e-06,0.0,0.000600431,0.0,0.0,0.0,0.0,0.0,4.97e-06,0.0,0.0,0.0,0.0,0.0,0.0,1.01e-06,0.000885899,0.0,0.0,0.0,0.0,3.67e-06,0.0,0.00169913,3.35e-05,1.41e-05,0.000232259,0.0,1.47e-06,0.0,0.0,0.0010407,0.000267755,0.00129156,0.0,0.0,0.0,0.0,0.0,0.0,0.0,0.0,0.0,0.0,0.0,0.0,0.0,0.0,0.0,0.0,0.0,0.0,0.0,0.0,8.51e-07,1.37e-06,0.0,0.0,0.0,0.0,0.0,0.0,0.0,0.0,0.0,0.0,0.0,0.0,3.57e-06,1.37e-06,0.0,0.0,0.0,0.0,3.5e-05,0.0,0.0,1.51e-05,0.0,0.0,0.0,0.0,0.0,0.0,0.0,0.0,1.18e-06,4.05e-06,0.0,0.0,0.0,6.03e-06,1.44e-06,0.0,0.0,0.0,0.0,3.81e-06,1.96e-06,0.0,0.0,0.0,0.0,4.22e-05,0.0,2.45e-05,0.0,0.0,0.0,0.0,0.0,0.000197717,4.11e-05,0.0,9.14e-07,0.0,2.23e-05,0.0,5.79e-06,0.0,8.8e-06,1.64e-05,0.0,3.77e-06,4.92e-06,5.5e-06,0.0,0.0,0.0,0.0,3.64e-05,0.0,0.0,0.0,0.0,0.0,1.28e-05,1.17e-05,1.82e-06,0.0,0.0,0.0,1.21e-05,9.82e-05,1.53e-06,5.64e-06,0.0,0.0,1.16e-06,0.0,0.0,0.0,0.0,4.25e-06,0.0,0.0,0.0,0.0019167,0.0,0.0,0.0,0.0,0.0,0.0,0.0,0.00274109,0.0,0.0,0.0,0.0,9.39e-06,0.0,0.0,0.0,0.0,0.0,9.83e-06,0.00666939,0.0,0.0,0.0,0.0,0.0,0.0,0.0262487,0.000735326,0.0,0.0,0.0,0.0,0.0,0.0,0.0,0.0,0.0,0.0,0.0,0.00399698,0.0,0.0,0.0,0.0,2.25e-06,0.0,0.0,0.0,0.0,0.0,0.0,0.0,0.0,0.0763306,0.0,0.0,0.0,0.0,0.0,0.0,0.0,0.0,0.0,0.0,0.0,0.0,0.00114958,0.0,0.0,0.0,0.0,0.0,0.000977503,0.0,0.0,0.0,0.0,0.0,0.0,0.0,0.0,0.0,0.0,0.0,0.0,0.0,0.0,0.0,0.0,8.75e-05,0.0,0.0,0.0,0.0,0.0,0.000216722,0.0,0.0,0.0,0.0,0.0,0.0,0.0,0.0,0.0,0.0,0.0,0.0,0.0,0.000114313,0.0,0.00011416,0.00021323,0.000111461,0.0,0.0,0.0,0.000135856,0.0,0.0,9.28e-05,0.0,0.0,1.79e-06,0.0,0.0,0.0,0.000226028,0.0,4.26e-06,0.0,0.0,0.0,0.0,0.0,0.0,0.0,0.0,0.0,0.0,0.0,0.0,0.0,0.0,0.0,0.0,0.0,0.0,0.0,0.0,0.0,0.0,0.0,0.0,0.0,0.0,0.0,0.0,0.0,0.0,0.0,0.0,0.0,0.0,0.0,0.0,0.0,0.0,0.0,0.0,0.0,0.0,0.0,0.0,0.0,0.0,0.0,0.0,0.0,0.0,0.0,0.0,0.0,0.0,0.0,0.0,0.0,0.0,0.0,0.0,0.0,0.0,0.0,0.0,0.0,0.0,0.0,0.0,0.0,0.0,0.0,0.0,0.0,0.0,0.0,0.0,0.0,0.0,0.0,0.0,0.0,0.0,0.0,0.0,0.0,0.0,0.0,0.0,0.0,0.0,0.0,0.0,0.0,0.0,0.0,0.0,0.0,0.0,0.0,0.0,0.0,0.0,0.0,0.0,0.0,0.0,0.0,0.0,0.0,0.0,0.0,0.0,0.0,0.0
Reef 220,8.04e-06,0.0,0.0,0.0,0.0,0.0,0.0,0.0,0.0,0.0,0.0,0.0,0.0,0.0,0.0,0.0,0.0,0.0,0.0,0.0,0.0,0.0,0.0,0.0,0.0,0.0,0.0,0.0,0.0,0.0,0.0,0.0,0.0,0.0,0.0,0.0,0.0,0.0,0.0,0.0,0.0,0.0,0.0,0.0,0.0,0.0,0.0,0.0,0.0,0.0,0.0,0.0,0.0,0.0,0.0,0.0,0.0,0.0,0.0,0.0,0.0,0.0,0.0,0.0,0.0,0.0,0.0,0.0,0.0,0.0,0.0,0.0,0.0,0.0,0.0,0.0,0.0,0.0,0.0,0.0,0.0,2.21e-05,0.0,0.0,0.0,0.0,0.0,2.79e-06,0.0,0.0,0.0,0.0,0.0,2.4e-05,0.0,0.0,0.0,7.8e-06,0.0,0.0,0.0,0.0,0.0,0.0,0.0,0.0,0.0,0.0,0.0,0.0,0.0,0.0,0.0,0.0,0.0,0.0,2.38e-06,0.000481513,0.0,0.0,0.0,1.88e-05,0.0,4.79e-06,0.0,0.0,0.0,0.0,0.0,2.54e-05,3.46e-05,2.55e-05,0.0,0.0,0.0,1.59e-05,0.000321608,0.0,0.000334035,0.0,7.59e-05,0.0,0.0,0.0,0.0,0.0,0.0,1.24e-05,0.0,0.0,0.0,0.0,0.0,0.0,0.0,0.0,0.000157063,0.0,0.0,0.0,0.00247602,0.0,0.0,0.0,0.0,0.0,0.0,0.000392067,0.000309706,0.0,2.81e-06,0.00219266,4.47e-05,0.000102112,0.0,0.0,1.24e-05,0.0,0.0,0.0,0.0,2.48e-06,6.28e-06,0.0,0.0,0.00239899,0.0,2.37e-05,8.91e-06,0.0,1.04e-05,0.0,0.0,2.02e-06,2.85e-06,0.00025754,0.0,0.0,0.0,0.0,0.000200134,0.000418442,2.49e-06,7.56e-05,0.0,0.0,0.0,0.0,0.0,6.34e-05,0.0017099,1.81e-05,6.14e-06,0.035925,0.0023339,2.75e-06,0.000257072,6.59e-05,0.0,0.0369566,9.3e-05,0.0,0.000312476,0.0,0.000531175,0.0,0.0,0.000504504,0.0,0.0,0.000341218,4.39e-06,0.0,5.26e-05,9.57e-06,3.96e-05,0.0,0.0,0.0,5.39e-05,0.0003795,5.99e-06,0.0,0.0,0.0,0.0,3.44e-06,3.16e-05,1.04e-05,0.0,0.0,0.0,2.48e-05,1.22e-05,0.0,0.0,0.0,2.99e-06,0.0,8.45e-06,0.0,0.0,0.0,0.0,0.0,0.0,0.0,0.000179362,0.0,0.000157049,0.0,0.0,8.52e-06,0.0,0.0,0.0,3.15e-06,0.0,1.6e-05,0.0,0.0,0.0,0.0,0.0,0.0,0.0,1.96e-05,0.0,0.0,0.0,0.0,0.0,0.0,5.97e-06,0.0,3.34e-06,0.0,0.0,0.0,0.0,0.0,0.0,0.0,0.0,0.0,0.0,0.0,0.0,0.0,0.0,0.0,0.0,0.0,0.0,0.0,0.0,0.0,0.0,0.0,0.0,0.0,0.0,0.0,0.0,0.0,0.0,0.0,0.0,0.0,0.0,0.0,0.0,0.0,0.0,0.0,0.0,0.0,0.0,0.0,0.0,0.0,0.0,0.0,0.0,0.0,0.0,0.0,0.0,0.0,0.0,0.0,0.0,0.0,0.0,0.0,0.0,0.0,0.0,0.0,0.0,0.0,0.0,0.0,0.0,0.0,0.0,0.0,0.0,0.0,0.0,0.0,0.0,0.0,0.0,0.0,0.0,0.0,0.0,0.0,0.0,0.0,0.0,0.0,0.0,0.0,0.0,0.0,0.0,0.0,0.0,0.0,0.0,0.0,0.0,0.0,0.0,0.0,0.0,0.0,0.0,0.0,0.0,0.0,0.0,0.0,0.0,0.0,0.0,0.0,0.0,0.0,0.0,0.0,0.0,0.0,0.0,0.0,0.0,0.0,0.0,0.0,0.0,0.0
Reef 221,4.72e-05,0.0,0.0,0.0,0.0,0.0,0.0,0.0,0.0,0.0,0.0,0.0,0.0,0.0,0.0,0.0,0.0,0.0,0.0,0.0,0.0,0.0,0.0,0.0,0.0,0.0,0.0,0.0,0.0,0.0,0.0,0.0,0.0,0.0,0.0,0.0,0.0,0.0,0.0,0.0,0.0,0.0,0.0,0.0,0.0,0.0,0.0,0.0,7.11e-06,0.0,0.0,0.0,0.0,0.0,0.0,0.0,0.0,0.0,0.0,0.0,0.0,0.0,0.0,0.0,0.0,0.0,4.09e-05,0.0,0.0,0.0,0.0,0.0,0.0,0.0,0.0,0.0,0.0,0.0,0.0,0.0,0.0,1.25e-05,0.0,0.0,0.0,0.0,0.0,5.32e-06,0.0,0.0,0.0,0.0,0.0,1.14e-05,0.0,0.0,0.0,5.46e-06,0.0,0.0,0.0,0.0,0.0,0.0,0.0,0.0,0.0,0.0,0.0,0.0,0.0,0.0,0.0,0.0,0.0,0.0,7.69e-06,7.05e-05,0.0,0.0,0.0,2.12e-05,0.0,6.78e-05,0.0,0.0,0.0,0.0,9.68e-06,0.00073904,4.25e-05,0.000824877,0.0,0.0,0.0,1.43e-05,0.00299618,0.0,0.000377464,0.0,0.00148552,0.0,0.0,0.0,0.0,0.0,0.0,8.17e-05,0.0,0.0,0.0,0.0,0.0,0.0,0.0,0.0,0.000733059,0.0,0.0,0.0,0.00963494,6.55e-06,0.0,0.0,0.0,0.0,0.0,0.000930306,0.00176246,0.0,8.66e-06,0.0064319,0.000875647,0.000476993,0.0,0.0,0.000243735,0.0,0.0,0.0,0.0,0.0,5.27e-06,0.0,0.0,0.00654418,0.0,0.0,0.0,0.0,8.73e-06,0.0,0.0,0.0,0.0,0.000106494,0.0,0.0,0.0,0.0,0.00039851,0.000122114,5.43e-06,1.12e-05,0.0,0.0,0.0,0.0,0.0,0.000202437,0.000670224,0.0025048,3.8e-05,0.0153348,0.000654076,0.000559058,0.00534699,0.0062295,0.0,0.00561064,0.0010093,0.0,1.72e-05,0.0,0.0027481,0.0,0.0,0.0200046,0.0,0.0,0.0105693,1.66e-05,0.0,0.000332615,1.87e-05,0.000135502,0.0,0.0,0.0,2.16e-05,0.000195833,3.38e-05,0.0,0.0,0.0,0.0,1.34e-05,1.15e-05,1.92e-05,0.0,0.0,0.0,6.47e-06,1.91e-05,0.0,0.0,0.0,6.15e-06,0.0,1.77e-05,0.0,0.0,0.0,0.0,0.0,0.0,0.0,0.000256569,0.0,2.14e-05,0.0,0.0,1.05e-05,0.0,0.0,0.0,0.0,0.0,1.41e-05,0.0,0.0,0.0,0.0,0.0,0.0,0.0,1.65e-05,0.0,0.0,0.0,0.0,0.0,0.0,0.0,0.0,0.0,0.0,0.0,0.0,0.0,0.0,0.0,0.0,0.0,0.0,0.0,0.0,0.0,0.0,0.0,0.0,0.0,0.0,0.0,0.0,0.0,0.0,0.0,0.0,0.0,0.0,0.0,0.0,0.0,0.0,0.0,0.0,0.0,0.0,0.0,0.0,0.0,0.0,0.0,0.0,0.0,0.0,0.0,0.0,0.0,0.0,0.0,0.0,0.0,0.0,0.0,0.0,0.0,0.0,0.0,0.0,0.0,0.0,0.0,0.0,0.0,0.0,0.0,0.0,0.0,0.0,0.0,0.0,0.0,0.0,0.0,0.0,0.0,0.0,0.0,0.0,0.0,0.0,0.0,0.0,0.0,0.0,0.0,0.0,0.0,0.0,0.0,0.0,0.0,0.0,0.0,0.0,0.0,0.0,0.0,0.0,0.0,0.0,0.0,0.0,0.0,0.0,0.0,0.0,0.0,0.0,0.0,0.0,0.0,0.0,0.0,0.0,0.0,0.0,0.0,0.0,0.0,0.0,0.0,0.0,0.0,0.0,0.0,0.0,0.0,0.0,0.0,0.0
Reef 222,0.0,0.0,0.0,0.0,0.0,0.0,0.0,0.0,0.0,0.0,0.0,0.0,0.0,0.0,0.0,0.0,0.0,0.0,0.0,0.0,0.0,0.0,0.0,0.0,0.0,0.0,0.0,0.0,0.0,0.0,0.0,0.0,0.0,0.0,0.0,0.0,0.0,7.79e-06,0.0,0.0,0.0,0.0,0.0,0.0,0.0,0.0,0.0,5.76e-06,0.0,0.0,0.0,0.0,0.0,0.0,9.17e-06,0.0,0.0,0.0,0.0,0.0,0.0,0.0,0.0,0.0,0.0,0.0,0.0,0.0,0.0,0.0,0.0,0.0,0.0,0.0,0.0,0.0,0.0,0.0,0.0,0.0,0.0,0.0,0.0,0.0,0.0,0.0,0.0,0.0,0.0,0.0,0.0,0.0,0.0,0.0,0.0,5.22e-06,0.0,0.0,0.0,0.0,0.0,0.0,0.0,0.0,0.0,0.0,0.0,0.0,0.0,0.0,0.0,0.0,0.0,0.0,0.0,0.0,0.0,0.0,0.0,0.0,0.0,0.0,0.0,0.0,0.0,0.0,3.27e-05,0.0,0.0,0.0,0.0,0.0,0.0,0.0,0.0,0.0,1.76e-06,0.0,0.0,0.0,0.0,0.0,0.0,1.17e-05,0.0,0.0,0.000763443,0.0,0.0,0.000596709,0.0,0.000326108,0.00122108,0.0,1.3e-06,0.0,1.48e-06,0.0,0.0,0.0017878,0.000137216,0.0,0.0,0.0,0.0,0.00118651,0.00057302,2.58e-06,6.14e-06,0.0,0.0,6.04e-05,5.78e-06,1.77e-06,0.0,0.00506703,7.21e-06,0.0,8.98e-05,0.0,0.0,0.00745484,0.0,0.0,0.0,0.000283045,0.000335308,0.00472896,0.000176474,0.0,0.0,0.0,0.00426881,2.11e-06,0.00534312,0.000384139,0.0,0.0,0.000470608,0.0,5.44e-05,0.00617742,0.0,0.0119916,0.0,0.00080499,1.3e-06,0.0,3.61e-06,0.000630659,0.011145,8.55e-06,0.00104354,0.000342889,0.0278488,0.00279114,1.7e-06,3.66e-06,0.00157187,6.08e-06,4.44e-06,0.000886401,4.86e-06,0.0019263,0.000108587,0.0,0.00126934,1.66e-05,0.0,0.0,2.76e-05,0.0,2.22e-06,0.0,0.0,0.0,0.0,0.0,0.0,0.000918539,1.22e-05,1.11e-05,0.0,0.0,0.0,0.000114535,5.51e-05,9.91e-06,0.0,0.0,0.0,0.000804577,0.00302007,0.0,0.0,0.0,0.0,0.0,0.0,1.23e-05,0.0,0.0,0.0,0.0,0.000595772,0.0,0.0,0.0,0.000133702,2.79e-06,0.0,0.0,2.75e-06,0.0,0.000278011,2.19e-05,1.69e-06,0.0,0.0,7.22e-06,0.0,2.67e-05,0.0,0.0,0.0,0.0,0.0,1.64e-05,0.000121505,1.23e-05,8.81e-05,0.000150592,0.000194834,0.0,0.0,0.0,3.45e-05,1.87e-05,0.00042921,9.59e-06,0.0,0.0,0.00032539,0.0,0.0,0.0,2.02e-05,0.0,9.28e-06,1.92e-06,0.0,0.0,0.0,4.59e-05,0.0,0.0,0.0,2.57e-06,0.0,0.0,0.0,0.0,0.0,0.0,0.0,0.0,0.0,0.0,0.0,2.68e-06,0.0,0.0,0.0,0.0,0.0,0.0,0.0,0.0,0.0,0.0,0.0,0.0,0.0,0.0,0.0,0.0,0.0,0.0,0.0,0.0,0.0,0.0,0.0,0.0,0.0,0.0,0.0,0.0,0.0,0.0,0.0,0.0,0.0,0.0,0.0,0.0,0.0,0.0,0.0,0.0,0.0,0.0,0.0,0.0,0.0,0.0,0.0,0.0,0.0,0.0,0.0,0.0,0.0,0.0,0.0,0.0,0.0,0.0,0.0,0.0,0.0,0.0,0.0,0.0,0.0,0.0,0.0,0.0,0.0,0.0,0.0,0.0,0.0,0.0,0.0,0.0,0.0,0.0,0.0,0.0,0.0,0.0,0.0,0.0,0.0,0.0,0.0,0.0,0.0,0.0,0.0,0.0,0.0
Reef 223,7.1e-05,0.0,0.0,0.0,0.0,0.0,0.0,0.0,0.0,0.0,0.0,0.0,0.0,0.0,0.0,0.0,0.0,0.0,0.0,0.0,0.0,0.0,0.0,0.0,0.0,0.0,0.0,0.0,0.0,0.0,0.0,0.0,0.0,0.0,0.0,0.0,0.0,0.0,0.0,0.0,0.0,0.0,0.0,0.0,0.0,0.0,0.0,0.0,0.0,0.0,0.0,0.0,0.0,0.0,0.0,0.0,0.0,0.0,0.0,0.0,0.0,0.0,0.0,0.0,0.0,0.0,0.0,0.0,0.0,0.0,0.0,0.0,0.0,0.0,0.0,0.0,0.0,0.0,0.0,0.0,0.0,6.2e-06,0.0,0.0,0.0,0.0,0.0,0.0,0.0,0.0,0.0,0.0,0.0,2.95e-06,0.0,0.0,0.0,0.0,0.0,0.0,0.0,0.0,0.0,0.0,0.0,0.0,0.0,0.0,0.0,0.0,0.0,0.0,0.0,0.0,0.0,0.0,5.84e-06,2.7e-05,0.0,0.0,0.0,2.51e-06,0.0,4.71e-05,0.0,0.0,0.0,0.0,4.51e-06,0.000200062,4.67e-06,0.000106781,0.0,0.0,0.0,0.0,0.00187976,0.0,4.06e-05,0.0,0.000152311,0.0,0.0,0.0,0.0,0.0,0.0,0.000210475,0.0,0.0,0.0,0.0,0.0,0.0,0.0,0.0,2.58e-05,0.0,0.0,0.0,0.00463387,2.68e-06,0.0,0.0,0.0,0.0,0.0,0.000237118,0.00169912,0.0,2.7e-06,0.00146656,0.00140258,0.000201127,0.0,0.0,0.000958211,0.0,0.0,0.0,0.0,0.0,4.96e-06,0.0,0.0,0.00185323,0.0,0.0,0.0,0.0,8.3e-06,0.0,0.0,0.0,0.0,1.81e-05,0.0,0.0,0.0,0.0,0.000431081,1.85e-05,7.03e-06,0.0,0.0,0.0,0.0,0.0,0.0,0.00225514,0.000122536,0.00147338,0.00021122,0.00598777,0.00011589,0.000110629,0.00408981,0.00866343,0.0,0.00705568,0.00442887,0.0,0.0119986,0.0,4.27e-05,0.0,0.0,0.0154271,0.0,0.0,0.0112465,0.0,0.0,0.000380178,1.64e-05,9.86e-06,0.0,0.0,0.0,3.42e-06,0.000101953,5.76e-06,0.0,0.0,0.0,0.0,0.0,3.17e-06,1.64e-05,0.0,0.0,0.0,0.0,1.62e-05,0.0,0.0,0.0,5.24e-06,0.0,3.48e-06,0.0,0.0,0.0,0.0,0.0,0.0,0.0,0.000220345,0.0,0.0,0.0,0.0,0.0,0.0,0.0,0.0,0.0,0.0,1.59e-05,0.0,0.0,0.0,0.0,0.0,0.0,0.0,1.85e-05,0.0,0.0,0.0,0.0,0.0,0.0,5.32e-06,0.0,0.0,0.0,0.0,0.0,0.0,0.0,0.0,0.0,0.0,0.0,0.0,0.0,0.0,0.0,0.0,0.0,0.0,0.0,0.0,0.0,0.0,0.0,0.0,0.0,0.0,0.0,0.0,0.0,0.0,0.0,0.0,0.0,0.0,0.0,0.0,0.0,0.0,0.0,0.0,0.0,0.0,0.0,0.0,0.0,0.0,0.0,0.0,0.0,0.0,0.0,0.0,0.0,0.0,0.0,0.0,0.0,0.0,0.0,0.0,0.0,0.0,0.0,0.0,0.0,0.0,0.0,0.0,0.0,0.0,0.0,0.0,0.0,0.0,0.0,0.0,0.0,0.0,0.0,0.0,0.0,0.0,0.0,0.0,0.0,0.0,0.0,0.0,0.0,0.0,0.0,0.0,0.0,0.0,0.0,0.0,0.0,0.0,0.0,0.0,0.0,0.0,0.0,0.0,0.0,0.0,0.0,0.0,0.0,0.0,0.0,0.0,0.0,0.0,0.0,0.0,0.0,0.0,0.0,0.0,0.0,0.0,0.0,0.0,0.0,0.0,0.0,0.0,0.0
Reef 224,0.0,0.0,0.0,0.0,0.0,0.0,0.0,1.94e-06,0.0,0.0,0.0,1.75e-06,0.0,0.000651411,8.11e-06,0.0,0.0,3.06e-06,5.23e-06,0.0,2.29e-06,1.2e-06,0.0,0.000692051,0.0,0.0,0.0,0.0,0.0,5.21e-06,0.0,0.0,0.0,0.0,0.0,0.0,0.0,0.000976918,0.0,0.0,0.0,0.0,3.82e-06,0.0,0.00195346,3.72e-05,1.58e-05,0.000253114,0.0,1.45e-06,0.0,0.0,0.00120951,0.000305894,0.00145098,0.0,0.0,0.0,0.0,0.0,0.0,0.0,0.0,0.0,0.0,0.0,0.0,0.0,0.0,0.0,0.0,0.0,0.0,0.0,0.0,1.11e-05,1.34e-06,0.0,0.0,0.0,0.0,0.0,0.0,0.0,0.0,0.0,0.0,0.0,0.0,3.53e-06,1.51e-06,0.0,0.0,0.0,0.0,3.83e-05,0.0,0.0,3.17e-05,0.0,0.0,0.0,0.0,0.0,0.0,0.0,0.0,1.37e-06,3.85e-06,0.0,0.0,0.0,6.48e-06,1.41e-06,0.0,0.0,0.0,0.0,4.12e-06,1.86e-06,0.0,0.0,0.0,0.0,4.44e-05,0.0,2.64e-05,0.0,0.0,0.0,0.0,0.0,0.000190085,4.31e-05,0.0,0.0,0.0,7.14e-06,0.0,1.58e-06,0.0,8.59e-06,1.68e-05,0.0,3.68e-06,4.87e-06,6.17e-06,0.0,0.0,0.0,1.25e-06,3.71e-05,0.0,0.0,0.0,0.0,0.0,1.25e-05,1.19e-05,1.97e-06,0.0,0.0,0.0,6.65e-06,5.87e-05,1.65e-06,6.11e-06,0.0,0.0,0.000146316,0.0,0.0,0.0,0.0,1.37e-06,0.0,0.0,0.0,0.00181299,0.0,0.0,0.0,0.0,0.0,1.36e-06,0.0,0.00279223,0.0,0.0,0.0,0.0,6.66e-06,0.0,0.0,0.0,0.0,0.0,3.48e-06,0.00553583,0.0,0.0,0.0,0.0,0.0,0.0,0.00909657,0.00151533,0.0,0.0,0.0,0.0,0.0,0.0,0.0,0.0,0.0,0.0,0.0,0.0100068,0.0,0.0,0.0,0.0,0.00093805,0.0,0.0,0.0,0.0,0.0,0.0,0.0,0.0,9.89e-06,0.0,0.0,0.0,0.0,0.0,0.0,0.0,0.0,0.0,0.0,0.0,0.0,0.00377525,0.0,0.0,0.0,0.0,0.0,0.00292961,0.0,0.0,0.0,0.0,0.0,0.0,0.0,0.0,0.0,0.0,0.0,0.0,0.0,0.0,0.0,0.0,0.000267974,0.0,0.0,0.0,0.0,0.0,0.00066984,0.0,0.0,0.0,0.0,0.0,0.0,0.0,0.0,0.0,0.0,0.0,0.0,0.0,0.000372716,0.0,0.000368632,0.000726658,0.000384991,0.0,0.0,0.0,0.000463617,0.0,0.0,0.000319998,0.0,0.0,6.19e-06,0.0,0.0,2.5e-06,0.000787115,0.0,1.48e-05,1.83e-06,0.0,0.0,0.0,0.0,0.0,0.0,0.0,0.0,0.0,0.0,0.0,0.0,0.0,0.0,0.0,0.0,0.0,0.0,0.0,0.0,0.0,0.0,0.0,0.0,0.0,0.0,0.0,0.0,0.0,0.0,0.0,0.0,0.0,0.0,0.0,0.0,0.0,0.0,0.0,0.0,0.0,0.0,0.0,0.0,0.0,0.0,0.0,0.0,0.0,0.0,0.0,0.0,0.0,0.0,0.0,0.0,0.0,0.0,0.0,0.0,0.0,0.0,0.0,0.0,0.0,0.0,0.0,0.0,0.0,0.0,0.0,0.0,0.0,0.0,0.0,0.0,0.0,0.0,0.0,0.0,0.0,0.0,0.0,0.0,0.0,0.0,0.0,0.0,0.0,0.0,0.0,0.0,0.0,0.0,0.0,0.0,0.0,0.0,0.0,0.0,0.0,0.0,0.0,0.0,0.0,0.0,0.0,0.0,0.0,0.0,0.0,0.0,0.0
Reef 225,5.59e-05,0.0,0.0,0.0,0.0,0.0,0.0,0.0,0.0,0.0,0.0,0.0,0.0,0.0,0.0,0.0,0.0,0.0,0.0,0.0,0.0,0.0,0.0,0.0,0.0,0.0,0.0,0.0,0.0,0.0,0.0,0.0,0.0,0.0,0.0,0.0,0.0,0.0,0.0,0.0,0.0,0.0,0.0,0.0,0.0,0.0,0.0,0.0,4.76e-05,0.0,0.0,0.0,0.0,0.0,0.0,0.0,0.0,0.0,0.0,0.0,0.0,0.0,0.0,0.0,0.0,0.0,7.7e-05,0.0,0.0,0.0,0.0,2.57e-05,0.0,0.0,0.0,0.0,0.0,0.0,0.0,0.0,0.0,1.16e-05,0.0,0.0,0.0,0.0,0.0,1.17e-05,0.0,0.0,0.0,0.0,0.0,6.34e-06,0.0,0.0,0.0,5.46e-06,0.0,0.0,0.0,0.0,0.0,0.0,0.0,0.0,0.0,0.0,0.0,0.0,0.0,0.0,0.0,0.0,0.0,0.0,3.96e-05,3.05e-05,0.0,0.0,0.0,0.000194678,0.0,0.000160853,0.0,0.0,0.0,0.0,1.43e-05,9.68e-06,3.4e-05,1.16e-05,0.0,0.0,0.0,3.81e-06,0.000135543,0.0,2.19e-06,0.0,1.96e-05,0.0,0.0,0.0,0.0,0.0,0.0,1.16e-05,0.0,0.0,0.0,0.0,0.0,2.2e-06,0.0,0.0,0.000336419,0.0,0.0,0.0,0.00122442,0.0,0.0,0.0,0.0,0.0,0.0,0.000321962,5.64e-05,0.0,8.21e-05,0.000641521,2.91e-06,2.18e-05,0.0,0.0,4.54e-05,0.0,0.0,4.58e-05,0.0,5.56e-06,9.5e-05,0.0,0.0,0.00116774,0.0,3.4e-05,9.94e-06,0.0,0.000177285,0.0,1.89e-06,0.0,4.82e-06,0.000102395,0.0,0.0,0.0,0.0,6.91e-06,0.000288508,3.2e-06,8.47e-05,0.0,0.0,0.0,0.0,0.0,0.000441265,0.000942217,7.8e-05,0.00036407,0.00842254,0.00210595,0.000152555,2.89e-06,0.00058526,0.0,0.000226472,0.000216041,0.0,0.000704553,0.0,0.0613581,0.0,7.54e-06,0.000956866,0.0,0.0,0.000435004,0.000686451,0.0,5.78e-05,9.7e-06,0.0038249,5.79e-06,0.0,0.0,0.000207542,0.00125617,0.00048874,0.0,0.0,0.0,0.0,6.88e-05,0.000112519,1.05e-05,0.0,0.0,0.0,0.000122912,1.15e-05,0.0,0.0,0.0,3.12e-06,0.0,4.16e-06,0.0,0.0,0.0,0.0,1.06e-05,0.0,0.0,0.000162268,0.0,0.000182123,0.0,0.0,6.3e-06,0.0,0.0,0.0,3.77e-06,0.0,1.54e-05,2.72e-06,0.0,3.56e-05,0.0,0.0,0.0,0.0,1.9e-05,0.0,0.0,2.01e-05,0.0,0.0,0.0,6.37e-06,0.0,3.2e-06,0.0,0.0,3.39e-05,0.0,0.0,0.0,0.0,0.0,0.0,0.0,0.0,0.0,0.0,0.0,0.0,0.0,0.0,0.0,0.0,0.0,0.0,0.0,0.0,0.0,0.0,0.0,0.0,0.0,0.0,0.0,0.0,0.0,0.0,0.0,0.0,0.0,0.0,0.0,0.0,0.0,0.0,0.0,0.0,0.0,0.0,0.0,0.0,0.0,0.0,0.0,0.0,0.0,0.0,0.0,0.0,0.0,0.0,0.0,0.0,0.0,0.0,0.0,0.0,0.0,0.0,0.0,0.0,0.0,0.0,0.0,0.0,0.0,0.0,0.0,0.0,0.0,0.0,0.0,0.0,0.0,0.0,0.0,0.0,0.0,0.0,0.0,0.0,0.0,0.0,0.0,0.0,0.0,0.0,0.0,0.0,0.0,0.0,0.0,0.0,0.0,0.0,0.0,0.0,0.0,0.0,0.0,0.0,0.0,0.0,0.0,0.0,0.0,0.0,0.0,0.0,0.0,0.0,0.0,0.0,0.0,0.0,0.0,0.0,0.0,0.0,0.0,0.0
Reef 226,0.0,0.0,0.0,0.0,0.0,0.0,0.0,0.0,0.0,0.0,0.0,0.0,0.0,0.0,0.0,0.0,0.0,0.0,0.0,0.0,0.0,0.0,0.0,0.0,0.0,0.0,0.0,0.0,0.0,0.0,0.0,0.0,0.0,0.0,0.0,0.0,0.0,0.0,0.0,0.0,0.0,0.0,0.0,0.0,0.0,0.0,0.0,0.0,0.0,0.0,0.0,0.0,0.0,0.0,0.0,0.0,0.0,0.0,0.0,0.0,0.0,0.0,0.0,0.0,0.0,0.0,0.0,0.0,0.0,0.0,0.0,0.0,0.0,0.0,0.0,0.0,0.0,0.0,0.0,0.0,0.0,0.0,0.0,0.0,0.0,0.0,0.0,0.0,0.0,0.0,0.0,0.0,0.0,0.0,0.0,0.0,0.0,0.0,0.0,0.0,0.0,0.0,0.0,0.0,0.0,0.0,0.0,0.0,0.0,0.0,0.0,0.0,0.0,0.0,0.0,0.0,0.0,0.0,0.0,0.0,0.0,0.0,0.0,0.0,0.0,0.0,0.0,0.0,0.0,0.0,0.0,0.0,0.0,0.0,0.0,0.0,0.0,0.0,0.0,0.0,0.0,0.0,0.0,0.0,0.0,0.0,0.0,0.0,0.0,0.0,0.0,0.0,0.0,0.0,0.0,0.0,0.0,0.0,0.0,0.0,0.0,0.0,0.00134926,0.0,0.0,0.0,0.0,0.0,0.0,0.0,0.0,0.0,0.0,0.0,2.82e-05,0.0,0.0,0.000589163,0.0,0.0,0.000597157,0.0,0.0,2.62e-05,6.5e-05,0.0,0.0,0.0,0.0,0.0,0.0,0.0,0.0,0.0,0.0,0.0,0.0,0.000539324,0.0,0.000178778,0.0,0.0,0.0,0.0,0.0,0.0,0.0,0.000218148,0.0,0.0,0.0,0.0,0.0,0.0,0.0,0.0,0.0,0.0,0.0,0.0,0.0,0.0,0.0,0.0,0.0,0.00118951,0.0,0.0,0.0,0.00183916,0.0,0.0,0.0,0.0,0.0,0.0,0.0,0.0,0.0,0.0,0.0,0.0,0.0,0.0,0.0,0.0,0.0,0.0,0.0,0.0,0.0,0.0,0.0,0.0,0.0,0.0,0.0,0.0,0.0,0.0,0.0,0.0,0.0,0.0,0.0,0.0,0.0,0.0,0.0,0.0,0.0,0.0,0.0,0.0,0.0,0.0,0.0,0.0,0.0,0.0,0.0,0.0,0.0,0.0,0.0,0.0,0.0,0.0,0.0,0.0,0.0,0.0,0.0,0.0,0.0,0.0,0.0,0.0,0.0,0.0,0.0,0.0,0.0,0.0,0.0,0.0,0.0,0.0,0.0,0.0,0.0,0.0,0.0,0.0,0.0,0.0,0.0,0.0,0.0,0.0,0.0,0.0,0.0,0.0,0.0,0.0,0.0,0.0,0.0,0.0,0.0,0.0,0.0,0.0,0.0,0.0,0.0,0.0,0.0,0.0,0.0,0.0,0.0,0.0,0.0,0.0,0.0,0.0,0.0,0.0,0.0,0.0,0.0,0.0,0.0,0.0,0.0,0.0,0.0,0.0,0.0,0.0,0.0,0.0,0.0,0.0,0.0,0.0,0.0,0.0,0.0,0.0,0.0,0.0,0.0,0.0,0.0,0.0,0.0,0.0,0.0,0.0,0.0,0.0,0.0,0.0,0.0,0.0,0.0,0.0,0.0,0.0,0.0,0.0,0.0,0.0,0.0,0.0,0.0,0.0,0.0,0.0,0.0,0.0,0.0,0.0,0.0,0.0,0.0,0.0,0.0,0.0,0.0,0.0,0.0,0.0,0.0,0.0,0.0,0.0,0.0,0.000273748,0.0
Reef 227,0.0,0.0,0.0,0.0,0.0,0.0,0.0,2.49e-06,0.0,0.0,0.0,0.0,0.0,1.41e-05,5.71e-06,0.0,0.0,0.0,9.08e-06,0.0,0.0,0.0,0.0,2.43e-05,0.0,0.0,0.0,0.0,0.0,3.35e-05,0.0,0.0,0.0,0.0,0.0,0.0,0.0,1.41e-06,0.0,0.0,0.0,0.0,0.0,0.0,1.27e-06,0.0,0.0,1.72e-06,0.0,0.0,0.0,0.0,2.03e-06,1.39e-06,8.02e-06,0.0,0.0,0.0,0.0,0.0,0.0,0.0,0.0,0.0,0.0,0.0,0.0,0.0,0.0,0.0,0.0,0.0,0.0,0.0,0.0,5.94e-06,2.99e-06,0.0,0.0,0.0,0.0,0.0,0.0,0.0,0.0,0.0,0.0,0.0,0.0,6.27e-07,1.87e-05,0.0,0.0,0.0,0.0,0.000337228,0.0,0.0,0.0,0.0,0.0,0.0,0.0,0.0,0.0,0.0,0.0,7.63e-07,8.42e-06,0.0,0.0,0.0,0.00016171,8.58e-07,0.0,0.0,0.0,0.0,2.43e-06,4.89e-06,0.0,0.0,7.45e-06,0.0,0.0,9.62e-06,8.77e-05,0.0,0.0,0.0,0.0,0.0,0.0,0.0,8.35e-06,5.1e-06,0.0,0.0,0.0,0.0,0.0,0.0,0.0,1.04e-06,0.0,0.0,4.58e-05,0.0,0.0,7.13e-06,0.0,2.56e-05,1.11e-05,0.0,1.12e-05,6.54e-07,0.0,0.0,0.0,3.28e-05,0.0,0.0,0.0,0.0,0.0,8.46e-05,0.000156081,0.0,0.0,0.0,0.0,0.0,0.0,0.0,0.0,0.000217417,0.0,0.0,5.84e-05,0.0,0.0,0.000163888,0.0,0.0,0.0,1.02e-06,3.48e-06,3.04e-05,1.24e-06,0.0,0.0,0.0,0.000105778,8.69e-07,5.73e-05,9.43e-07,0.0,0.0,2.02e-06,0.0,0.0,5.11e-05,0.0,8.49e-05,0.0,1.48e-06,4.71e-05,0.0,0.0,4.58e-06,4.44e-05,3.54e-05,1.06e-05,1.21e-06,0.000115577,8.5e-06,0.0,0.0,3.98e-06,0.0,0.0,0.00154816,0.0,2.38e-06,7.68e-07,0.0,0.0972911,0.0,0.0,0.0,0.0,0.0,8.66e-06,0.0,0.0,5.68e-05,0.0,0.0,0.0,3.22e-06,1.27e-05,0.00011901,0.0,0.0,0.0,0.000233826,3.33e-06,3.73e-05,0.0,0.0,0.0,4.13e-06,2.13e-05,0.0,0.0,0.0,0.0,0.0,0.0,8.96e-06,0.0,0.0,0.0,0.0,4.07e-06,0.0,0.0,0.0,6.03e-05,0.000169107,0.0,0.0,6.72e-06,0.0,1.48e-06,2.22e-06,6.76e-07,0.0,0.0,7.23e-07,0.0,2.61e-06,0.0,0.0,0.0,0.0,0.0,6.56e-07,9.93e-05,4.29e-05,0.000101492,0.000127855,0.000168645,0.0,0.0,0.0,6.29e-05,9.53e-06,6.26e-05,6.56e-05,0.0,0.0,0.0003165,0.0,0.0,8.51e-07,0.000148477,4.43e-06,6.23e-05,2.04e-05,0.0,0.0,0.0,0.0,0.0,0.0,0.0,0.0,0.0,0.0,0.0,0.0,0.0,0.0,0.0,0.0,0.0,0.0,0.0,0.0,0.0,0.0,0.0,0.0,0.0,0.0,0.0,0.0,0.0,0.0,0.0,0.0,0.0,0.0,0.0,0.0,0.0,0.0,0.0,0.0,0.0,0.0,0.0,0.0,0.0,0.0,0.0,0.0,0.0,0.0,0.0,0.0,0.0,0.0,0.0,0.0,0.0,0.0,0.0,0.0,0.0,0.0,0.0,0.0,0.0,0.0,0.0,0.0,0.0,0.0,0.0,0.0,0.0,0.0,0.0,0.0,0.0,0.0,0.0,0.0,0.0,0.0,0.0,0.0,0.0,0.0,0.0,0.0,0.0,0.0,0.0,0.0,0.0,0.0,0.0,0.0,0.0,0.0,0.0,0.0,0.0,0.0,0.0,0.0,0.0,0.0,0.0,0.0,0.0,0.0,0.0,0.0,0.0
Reef 228,9.32e-05,0.0,0.0,0.0,0.0,0.0,0.0,0.0,0.0,0.0,0.0,0.0,0.0,0.0,0.0,0.0,0.0,0.0,0.0,0.0,0.0,0.0,0.0,0.0,0.0,0.0,0.0,0.0,0.0,0.0,0.0,0.0,0.0,0.0,0.0,0.0,0.0,0.0,0.0,0.0,0.0,0.0,0.0,0.0,0.0,0.0,0.0,0.0,0.0,0.0,0.0,0.0,0.0,0.0,0.0,0.0,0.0,0.0,0.0,0.0,0.0,0.0,0.0,0.0,0.0,0.0,1.77e-06,0.0,0.0,0.0,0.0,0.0,0.0,0.0,0.0,0.0,0.0,0.0,0.0,0.0,0.0,7.85e-06,0.0,0.0,0.0,0.0,0.0,0.0,0.0,0.0,0.0,0.0,0.0,4.34e-06,0.0,0.0,0.0,2.59e-06,0.0,0.0,0.0,0.0,0.0,0.0,0.0,0.0,0.0,0.0,0.0,0.0,0.0,0.0,0.0,0.0,0.0,0.0,6.31e-06,4.93e-05,0.0,0.0,0.0,3.12e-06,0.0,1.85e-06,0.0,0.0,0.0,0.0,5.94e-06,0.000322622,0.0,0.000170112,0.0,0.0,0.0,0.0,0.00230644,0.0,1.56e-06,0.0,0.000192942,0.0,0.0,0.0,0.0,0.0,0.0,1.78e-06,0.0,0.0,0.0,0.0,0.0,0.0,0.0,0.0,2.44e-05,0.0,0.0,0.0,0.00480831,2.55e-06,0.0,0.0,0.0,0.0,0.0,0.000115476,0.00170496,0.0,3.39e-06,0.00085834,0.00205521,0.000159385,0.0,0.0,0.00136823,0.0,0.0,2.53e-06,0.0,0.0,5.98e-06,0.0,0.0,0.000900649,0.0,0.0,0.0,0.0,9.2e-06,0.0,0.0,0.0,0.0,0.0,0.0,0.0,0.0,0.0,8.08e-05,0.0,1.42e-06,0.0,0.0,0.0,0.0,0.0,0.0,0.00047239,0.0,4.44e-05,3.83e-05,0.00287675,0.0,0.0,0.0016776,0.00252323,0.0,0.00279307,0.00233207,0.0,0.00186727,0.0,1.08e-05,0.0,0.0,0.0146044,0.0,0.0,1.88e-06,0.0,0.0,0.000181417,9.32e-06,7.86e-06,0.0,0.0,0.0,0.0,2.09e-06,1.38e-06,0.0,0.0,0.0,0.0,0.0,0.0,9.46e-06,0.0,0.0,0.0,0.0,9.38e-06,0.0,0.0,0.0,3.03e-06,0.0,0.0,0.0,0.0,0.0,0.0,0.0,0.0,0.0,0.000126875,0.0,0.0,0.0,0.0,0.0,0.0,0.0,0.0,0.0,0.0,1.74e-05,0.0,0.0,0.0,0.0,0.0,0.0,0.0,2.01e-05,0.0,0.0,0.0,0.0,0.0,0.0,6.41e-06,0.0,1.97e-06,0.0,0.0,0.0,0.0,0.0,0.0,0.0,0.0,0.0,0.0,0.0,0.0,0.0,0.0,0.0,0.0,0.0,0.0,0.0,0.0,0.0,0.0,0.0,0.0,0.0,0.0,0.0,0.0,0.0,0.0,0.0,0.0,0.0,0.0,0.0,0.0,0.0,0.0,0.0,0.0,0.0,0.0,0.0,0.0,0.0,0.0,0.0,0.0,0.0,0.0,0.0,0.0,0.0,0.0,0.0,0.0,0.0,0.0,0.0,0.0,0.0,0.0,0.0,0.0,0.0,0.0,0.0,0.0,0.0,0.0,0.0,0.0,0.0,0.0,0.0,0.0,0.0,0.0,0.0,0.0,0.0,0.0,0.0,0.0,0.0,0.0,0.0,0.0,0.0,0.0,0.0,0.0,0.0,0.0,0.0,0.0,0.0,0.0,0.0,0.0,0.0,0.0,0.0,0.0,0.0,0.0,0.0,0.0,0.0,0.0,0.0,0.0,0.0,0.0,0.0,0.0,0.0,0.0,0.0,0.0,0.0,0.0,0.0,0.0,0.0,0.0,0.0
Reef 229,0.0,0.0,0.0,0.0,0.0,0.0,0.0,0.0,0.0,0.0,0.0,0.0,0.0,0.0,0.0,0.0,0.0,0.0,0.0,0.0,0.0,0.0,0.0,0.0,0.0,0.0,0.0,0.0,0.0,0.0,0.0,0.0,0.0,0.0,0.0,0.0,0.0,0.0,0.0,0.0,0.0,0.0,0.0,0.0,0.0,0.0,0.0,0.0,0.0,0.0,0.0,0.0,0.0,0.0,0.0,0.0,0.0,0.0,0.0,0.0,0.0,0.0,0.0,0.0,0.0,0.0,0.0,0.0,0.0,0.0,0.0,0.0,0.0,0.0,0.0,0.0,0.0,0.0,0.0,0.0,0.0,0.0,0.0,0.0,0.0,0.0,0.0,0.0,0.0,0.0,0.0,0.0,0.0,0.0,0.0,0.0,0.0,0.0,0.0,0.0,0.0,0.0,0.0,0.0,0.0,0.0,0.0,0.0,0.0,0.0,0.0,0.0,0.0,0.0,0.0,0.0,0.0,0.0,0.0,0.0,0.0,0.0,0.0,0.0,0.0,0.0,0.0,0.0,0.0,0.0,0.0,0.0,0.0,0.0,0.0,0.0,0.0,0.0,0.0,0.0,0.0,0.0,0.0,0.0,0.0,0.0,0.0,0.0,0.0,0.0,0.0,0.0,0.0,0.0,0.0,0.0,0.0,0.0,0.0,0.0,0.0,0.0,0.0,0.0,0.0,0.0,0.0,0.0,0.0,0.0,0.0,0.0,0.0,0.0,0.0,0.0,0.0,0.0,0.0,0.0,0.0,0.0,0.0,0.0,0.0,0.0,0.0,0.0,0.0,0.0,0.0,0.0,0.0,0.0,0.0,0.0,0.0,0.00218559,0.0,0.00464693,0.0,0.0,0.0,0.0,0.0,0.0,0.0,0.0,0.0,0.0,0.0,0.0,0.0,0.0,0.0,0.0,0.0,0.0,0.0,0.0,0.0,0.0,0.0,0.0,0.0,0.0,0.0,0.0,0.0,0.0,0.0,0.0,0.0,0.0,0.0,0.0,0.0,0.0,0.0,0.0,0.0,0.0,0.0,0.0,0.0,0.0,0.0,0.0,0.0,0.0,0.0,0.0,0.0,0.0,0.0,0.0,0.0,0.0,0.0,0.0,0.0,0.0,0.0,0.0,0.0,0.0,0.0,0.0,0.0,0.0,0.0,0.0,0.0,0.0,0.0,0.0,0.0,0.0,0.0,0.0,0.0,0.0,0.0,0.0,0.0,0.0,0.0,0.0,0.0,0.0,0.0,0.0,0.0,0.0,0.0,0.0,0.0,0.0,0.0,0.0,0.0,0.0,0.0,0.0,0.0,0.0,0.0,0.0,0.0,0.0,0.0,0.0,0.0,0.0,0.0,0.0,0.0,0.0,0.0,0.0,0.0,0.0,0.0,0.0,0.0,0.0,0.0,0.0,0.0,0.0,0.0,0.0,0.0,0.0,0.0,0.0,0.0,0.0,0.0,0.0,0.0,0.0,0.0,0.0,0.0,0.0,0.0,0.0,0.0,0.0,0.0,0.0,0.0,0.0,0.0,0.0,0.0,0.0,0.0,0.0,0.0,0.0,0.0,0.0,0.0,0.0,0.0,0.0,0.0,0.0,0.0,0.0,0.0,0.0,0.0,0.0,0.0,0.0,0.0,0.0,0.0,0.0,0.0,0.0,0.0,0.0,0.0,0.0,0.0,0.0,0.0,0.0,0.0,0.0,0.0,0.0,0.0,0.0,0.0,0.0,0.0,0.0,0.0,0.0,0.0,0.0,0.0,0.0,0.0,0.0,0.0,0.0,0.0,0.0,0.0,0.0,0.0,0.0,0.0,0.0,0.0,0.0,0.0
Reef 230,0.0,0.0,0.0,0.0,0.0,0.0,0.0,0.0,0.0,0.0,0.0,0.0,0.0,0.0,0.0,0.0,0.0,0.0,0.0,0.0,0.0,0.0,0.0,0.0,0.0,0.0,0.0,0.0,0.0,0.0,0.0,0.0,0.0,0.0,0.0,0.0,0.0,0.0,0.0,0.0,0.0,0.0,0.0,0.0,0.0,0.0,0.0,0.0,0.0,0.0,0.0,0.0,0.0,0.0,0.0,0.0,0.0,0.0,0.0,0.0,0.0,0.0,0.0,0.0,0.0,0.0,0.0,0.0,0.0,0.0,0.0,0.0,0.0,0.0,0.0,0.0,0.0,0.0,0.0,0.0,0.0,0.0,0.0,0.0,0.0,0.0,0.0,0.0,0.0,0.0,0.0,0.0,0.0,0.0,0.0,0.0,0.0,0.0,0.0,0.0,0.0,0.0,0.0,0.0,0.0,0.0,0.0,0.0,0.0,0.0,0.0,0.0,0.0,0.0,0.0,0.0,0.0,0.0,0.0,0.0,0.0,0.0,0.0,0.0,0.0,0.0,0.0,0.0,0.0,0.0,0.0,0.0,0.0,0.0,0.0,0.0,0.0,0.0,0.0,0.0,0.0,0.0,0.0,0.0,0.0,0.0,0.0,0.0,2.91e-06,0.0,0.0,0.0,0.0,0.0,0.0,0.0,0.0,0.0,0.0,0.0,0.0,0.0,0.000453969,0.0,0.0,0.0,0.0,0.0,0.0,0.0,0.0,0.0,0.0,0.0,3.24e-05,0.0,0.0,0.00024309,0.0,0.0,0.00027411,0.0,0.0,5.41e-05,5.38e-05,0.0,0.0,0.0,0.0,0.0,0.0,0.0,0.0,0.0,0.0,0.0,0.0,5.74e-06,0.0,4.93e-06,0.0,0.0,0.0,0.0,0.0,0.0,0.0,0.0002996,0.0,0.0,0.0,0.0,0.0,0.0,0.0,0.0,0.0,0.0,0.0,0.0,0.0,0.0,0.0,0.0,0.0,0.00283985,0.0,0.0,0.0,0.021522,0.0,0.0,0.0,0.0,0.0,0.0,0.0,0.0,0.0,0.0,0.0,0.0,0.0,0.0,0.0,0.0,0.0,0.0,0.0,0.0,0.0,0.0,0.0,0.0,0.0,0.0,0.0,0.0,0.0,0.0,0.0,0.0,0.0,0.0,0.0,0.0,0.0,0.0,0.0,0.0,0.0,0.0,0.0,0.0,0.0,0.0,0.0,0.0,0.0,0.0,0.0,0.0,0.0,0.0,0.0,0.0,0.0,0.0,0.0,0.0,0.0,0.0,0.0,0.0,0.0,0.0,0.0,0.0,0.0,0.0,0.0,0.0,0.0,0.0,0.0,0.0,0.0,0.0,0.0,0.0,0.0,0.0,0.0,0.0,0.0,0.0,0.0,0.0,0.0,0.0,0.0,0.0,0.0,0.0,0.0,0.0,0.0,0.0,0.0,0.0,0.0,0.0,0.0,0.0,0.0,0.0,0.0,0.0,0.0,0.0,0.0,0.0,0.0,0.0,0.0,0.0,0.0,0.0,0.0,0.0,0.0,0.0,0.0,0.0,0.0,0.0,0.0,0.0,0.0,0.0,0.0,0.0,0.0,0.0,0.0,0.0,0.0,0.0,0.0,0.0,0.0,0.0,0.0,0.0,0.0,0.0,0.0,0.0,0.0,0.0,0.0,0.0,0.0,0.0,0.0,0.0,0.0,0.0,0.0,0.0,0.0,0.0,0.0,0.0,0.0,0.0,0.0,0.0,0.0,0.0,0.0,0.0,0.0,0.0,0.0,0.0,0.0,0.0,0.0,0.0,0.0,0.0,0.0,0.0,0.0,0.0,0.0,0.0,0.0,0.0,0.0,0.000343506,0.0
Reef 231,7.97e-06,0.0,0.0,0.0,0.0,0.0,0.0,0.0,0.0,0.0,0.0,0.0,0.0,0.0,0.0,0.0,0.0,0.0,0.0,0.0,0.0,0.0,0.0,0.0,0.0,0.0,0.0,0.0,0.0,0.0,0.0,0.0,0.0,0.0,0.0,0.0,0.0,0.0,0.0,0.0,0.0,0.0,0.0,0.0,0.0,0.0,0.0,0.0,0.0,0.0,0.0,0.0,0.0,0.0,0.0,0.0,0.0,0.0,0.0,0.0,0.0,0.0,0.0,0.0,0.0,0.0,0.0,0.0,0.0,0.0,0.0,0.0,0.0,0.0,0.0,0.0,0.0,0.0,0.0,0.0,0.0,4.24e-06,0.0,0.0,0.0,0.0,0.0,0.0,0.0,0.0,0.0,0.0,0.0,0.0,0.0,0.0,0.0,0.0,0.0,0.0,0.0,0.0,0.0,0.0,0.0,0.0,0.0,0.0,0.0,0.0,0.0,0.0,0.0,0.0,0.0,0.0,1.66e-06,2.85e-06,0.0,0.0,0.0,0.0,0.0,6.95e-05,0.0,0.0,0.0,0.0,1.01e-06,8.61e-05,0.0,3.8e-05,0.0,0.0,0.0,0.0,0.000915898,0.0,0.0,0.0,6.05e-05,0.0,0.0,0.0,0.0,0.0,0.0,2.02e-05,0.0,0.0,0.0,0.0,0.0,0.0,0.0,0.0,9.38e-06,0.0,0.0,0.0,0.00184648,8.65e-07,0.0,0.0,0.0,0.0,0.0,1.94e-05,0.000594008,0.0,0.0,0.000218567,0.00113969,4.22e-05,0.0,0.0,0.000608375,0.0,0.0,0.0,0.0,0.0,9.07e-07,0.0,0.0,0.000148629,0.0,0.0,0.0,0.0,1.94e-06,0.0,0.0,0.0,0.0,0.0,0.0,0.0,0.0,0.0,0.00029364,0.0,7.35e-06,0.0,0.0,0.0,0.0,0.0,0.0,9.98e-06,0.0,4.42e-06,2.54e-05,0.000526429,0.0,0.0,0.000275676,0.000361467,0.0,0.000458045,0.00049131,0.0,0.000916814,0.0,3.65e-06,0.0,0.0,0.00987722,0.0,0.0,0.013845,0.0,0.0,6.06e-06,2.58e-05,3.82e-06,0.0,0.0,0.0,0.0,0.0,6.8e-07,0.0,0.0,0.0,0.0,0.0,0.0,2.55e-05,0.0,0.0,0.0,0.0,2.51e-05,0.0,0.0,0.0,8.19e-06,0.0,0.0,0.0,0.0,0.0,0.0,0.0,0.0,7.29e-07,0.000340883,0.0,0.0,0.0,0.0,0.0,6.48e-07,0.0,0.0,0.0,0.0,5.21e-06,0.0,0.0,0.0,0.0,0.0,0.0,0.0,6.2e-06,0.0,0.0,0.0,0.0,0.0,0.0,1.68e-06,0.0,6.14e-07,0.0,0.0,0.0,0.0,0.0,0.0,0.0,0.0,0.0,0.0,0.0,0.0,0.0,0.0,0.0,0.0,0.0,0.0,0.0,0.0,0.0,0.0,0.0,0.0,0.0,0.0,0.0,0.0,0.0,0.0,0.0,0.0,0.0,0.0,0.0,0.0,0.0,0.0,0.0,0.0,0.0,0.0,0.0,0.0,0.0,0.0,0.0,0.0,0.0,0.0,0.0,0.0,0.0,0.0,0.0,0.0,0.0,0.0,0.0,0.0,0.0,0.0,0.0,0.0,0.0,0.0,0.0,0.0,0.0,0.0,0.0,0.0,0.0,0.0,0.0,0.0,0.0,0.0,0.0,0.0,0.0,0.0,0.0,0.0,0.0,0.0,0.0,0.0,0.0,0.0,0.0,0.0,0.0,0.0,0.0,0.0,0.0,0.0,0.0,0.0,0.0,0.0,0.0,0.0,0.0,0.0,0.0,0.0,0.0,0.0,0.0,0.0,0.0,0.0,0.0,0.0,0.0,0.0,0.0,0.0,0.0,0.0,0.0,0.0,0.0,0.0,0.0
Reef 232,0.0,0.0,0.0,0.0,0.0,0.0,0.0,0.0,0.0,0.0,0.0,0.0,0.0,0.0,0.0,0.0,0.0,0.0,0.0,0.0,0.0,0.0,0.0,0.0,0.0,0.0,0.0,0.0,0.0,0.0,0.0,0.0,0.0,0.0,0.0,0.0,0.0,0.0,0.0,0.0,0.0,0.0,0.0,0.0,0.0,0.0,0.0,0.0,0.0,0.0,0.0,0.0,0.0,0.0,0.0,0.0,0.0,0.0,0.0,0.0,0.0,0.0,0.0,0.0,0.0,0.0,0.0,0.0,0.0,0.0,0.0,0.0,0.0,0.0,0.0,0.0,0.0,0.0,0.0,0.0,0.0,2.53e-05,0.0,0.0,0.0,0.0,0.0,0.0,0.0,0.0,0.0,0.0,0.0,6.61e-06,0.0,0.0,0.0,0.0,0.0,0.0,0.0,0.0,0.0,0.0,0.0,0.0,0.0,0.0,0.0,0.0,0.0,0.0,0.0,0.0,0.0,0.0,0.0,0.00035381,0.0,0.0,0.0,0.0,0.0,0.000208088,0.0,0.0,0.0,0.0,0.0,4.61e-05,0.0,5.27e-05,0.0,0.0,0.0,0.0,3.3e-05,0.0,3.11e-05,0.0,1.91e-05,0.0,0.0,0.0,0.0,0.0,0.0,0.00025794,0.0,0.0,0.0,0.0,0.0,0.0,0.0,0.0,7.27e-05,0.0,0.0,0.0,0.000324016,0.0,0.0,0.0,0.0,0.0,0.0,7e-05,1.95e-05,0.0,0.0,0.000215732,0.00019569,7.54e-06,0.0,0.0,0.000110906,0.0,0.0,0.0,0.0,0.0,0.0,0.0,0.0,0.000257132,0.0,1.14e-05,0.0,0.0,0.0,0.0,0.0,0.0,0.0,0.000152866,0.0,0.0,0.0,0.0,0.000250651,0.00022894,0.0,3.79e-05,0.0,0.0,0.0,0.0,0.0,2.64e-05,0.00106876,0.000862291,7.35e-05,0.00222424,0.00134459,1.18e-05,5.97e-05,0.000176277,0.0,6.21e-05,8.19e-05,0.0,0.000184971,0.0,0.0326542,0.0,0.0,0.000328134,0.0,0.0,0.000387344,0.00868704,0.0,4.37e-05,6.22e-06,0.0258106,0.000459274,0.0,0.0,3.59e-05,0.000411699,0.000466941,0.0,0.0,0.0,0.0,2.21e-05,0.000106509,7.22e-06,0.0,0.0,0.0,1.53e-05,9.2e-06,0.0,0.0,0.0,0.0,0.0,8.57e-06,0.0,0.0,0.0,0.0,0.0,0.0,0.0,0.000138926,0.0,7.98e-05,0.0,0.0,1.36e-05,0.0,0.0,0.0,8.44e-06,0.0,9.44e-06,0.0,0.0,0.0,0.0,0.0,0.0,0.0,1.14e-05,0.0,0.0,0.000106657,0.0,0.0,0.0,0.0,0.0,0.0,0.0,0.0,0.0,0.0,0.0,0.0,0.0,0.0,0.0,0.0,0.0,0.0,0.0,0.0,0.0,0.0,0.0,0.0,0.0,0.0,0.0,0.0,0.0,0.0,0.0,0.0,0.0,0.0,0.0,0.0,0.0,0.0,0.0,0.0,0.0,0.0,0.0,0.0,0.0,0.0,0.0,0.0,0.0,0.0,0.0,0.0,0.0,0.0,0.0,0.0,0.0,0.0,0.0,0.0,0.0,0.0,0.0,0.0,0.0,0.0,0.0,0.0,0.0,0.0,0.0,0.0,0.0,0.0,0.0,0.0,0.0,0.0,0.0,0.0,0.0,0.0,0.0,0.0,0.0,0.0,0.0,0.0,0.0,0.0,0.0,0.0,0.0,0.0,0.0,0.0,0.0,0.0,0.0,0.0,0.0,0.0,0.0,0.0,0.0,0.0,0.0,0.0,0.0,0.0,0.0,0.0,0.0,0.0,0.0,0.0,0.0,0.0,0.0,0.0,0.0,0.0,0.0,0.0,0.0,0.0,0.0,0.0,0.0,0.0,0.0,0.0,0.0
Reef 233,0.0,0.0,0.0,0.0,0.0,0.0,0.0,2.3e-06,0.0,0.0,0.0,2.46e-06,0.0,0.000277923,1.29e-05,0.0,0.0,4.41e-06,8.42e-06,0.0,3.14e-06,2.35e-06,0.0,0.000363046,0.0,0.0,0.0,0.0,0.0,2.21e-06,0.0,0.0,0.0,0.0,0.0,0.0,9.27e-07,0.000534386,0.0,0.0,0.0,0.0,4.76e-06,0.0,0.00140439,3.22e-05,1.27e-05,0.000158344,0.0,1.3e-06,0.0,0.0,0.000760605,0.000191024,0.0008841,0.0,0.0,0.0,0.0,0.0,0.0,0.0,0.0,0.0,0.0,0.0,0.0,0.0,0.0,0.0,0.0,0.0,0.0,0.0,0.0,9.31e-06,1.19e-06,0.0,0.0,0.0,0.0,0.0,0.0,0.0,0.0,0.0,0.0,0.0,0.0,3.2e-06,2.25e-06,0.0,0.0,0.0,0.0,5.58e-05,0.0,0.0,1.19e-06,0.0,0.0,0.0,0.0,0.0,0.0,0.0,0.0,2.52e-06,3.08e-06,0.0,0.0,0.0,8.8e-06,1.26e-06,0.0,0.0,0.0,0.0,3.9e-06,1.5e-06,0.0,0.0,0.0,0.0,3.51e-05,0.0,2.54e-05,0.0,0.0,0.0,0.0,0.0,8.2e-05,2.87e-05,1.37e-06,1.74e-06,0.0,5.52e-06,0.0,9.37e-06,0.0,4.54e-06,1.13e-05,8.82e-06,2e-06,2.93e-06,5.7e-06,0.0,0.0,0.0,1.27e-06,4.2e-05,0.0,0.0,0.0,0.0,0.0,1.13e-05,7.72e-06,2.72e-06,0.0,0.0,0.0,1.53e-06,1.5e-05,2.28e-06,8.43e-06,0.0,0.0,5.11e-05,0.0,0.0,0.0,0.0,2.16e-05,0.0,0.0,0.0,0.00189553,0.0,0.0,0.0,0.0,0.0,1.36e-06,0.0,0.00235994,0.0,0.0,0.0,0.0,1.85e-06,0.0,0.0,0.0,0.0,0.0,9.61e-07,0.00505461,0.0,0.0,0.0,0.0,0.0,0.0,0.0079034,0.00115718,0.0,0.0,0.0,0.0,0.0,0.0,0.0,0.0,0.0,0.0,0.0,0.0174369,0.0,0.0,1.15e-06,0.0,0.0167901,0.0,0.0,0.0,0.0,0.0,0.0,0.0,0.0,0.0154302,0.0,0.0,0.0,0.0,0.0,0.0,0.0,0.0,0.0,0.0,0.0,0.0,2.2e-06,0.0,0.0,0.0,0.0,0.0,9.07e-05,0.0,0.0,0.0,0.0,0.0,0.0,0.0,0.0,0.0,0.0,0.0,0.0,0.0,0.0,0.0,0.0,5.3e-06,0.0,0.0,0.0,0.0,0.0,1.47e-05,0.0,0.0,0.0,0.0,0.0,0.0,0.0,0.0,0.0,0.0,0.0,0.0,0.0,1.04e-06,0.0,1.19e-06,0.000433225,1.54e-06,0.0,0.0,0.0,0.000213293,0.0,0.0,3.84e-05,0.0,0.0,2.51e-06,0.0,0.0,8.09e-05,0.00210695,1.07e-06,1.73e-05,2.17e-06,0.0,0.0,0.0,0.0,0.0,0.0,0.0,0.0,0.0,0.0,0.0,0.0,0.0,0.0,0.0,0.0,0.0,0.0,0.0,0.0,0.0,0.0,0.0,0.0,0.0,0.0,0.0,0.0,0.0,0.0,0.0,0.0,0.0,0.0,0.0,0.0,0.0,0.0,0.0,0.0,0.0,0.0,0.0,0.0,0.0,0.0,0.0,0.0,0.0,0.0,0.0,0.0,0.0,0.0,0.0,0.0,0.0,0.0,0.0,0.0,0.0,0.0,0.0,0.0,0.0,0.0,0.0,0.0,0.0,0.0,0.0,0.0,0.0,0.0,0.0,0.0,0.0,0.0,0.0,0.0,0.0,0.0,0.0,0.0,0.0,0.0,0.0,0.0,0.0,0.0,0.0,0.0,0.0,0.0,0.0,0.0,0.0,0.0,0.0,0.0,0.0,0.0,0.0,0.0,0.0,0.0,0.0,0.0,0.0,0.0,0.0,0.0,0.0
Reef 234,9.33e-06,0.0,0.0,0.0,0.0,0.0,0.0,0.0,0.0,0.0,0.0,0.0,0.0,0.0,0.0,0.0,0.0,0.0,0.0,0.0,0.0,0.0,0.0,0.0,0.0,0.0,0.0,0.0,0.0,0.0,0.0,0.0,0.0,0.0,0.0,0.0,0.0,0.0,0.0,0.0,0.0,0.0,0.0,0.0,0.0,0.0,0.0,0.0,0.0,0.0,0.0,0.0,0.0,0.0,0.0,0.0,0.0,0.0,0.0,0.0,0.0,0.0,0.0,0.0,0.0,0.0,0.0,0.0,0.0,0.0,0.0,0.0,0.0,0.0,0.0,0.0,0.0,0.0,0.0,0.0,0.0,8.46e-06,0.0,0.0,0.0,0.0,0.0,0.0,0.0,0.0,0.0,0.0,0.0,0.0,0.0,0.0,0.0,0.0,0.0,0.0,0.0,0.0,0.0,0.0,0.0,0.0,0.0,0.0,0.0,0.0,0.0,0.0,0.0,0.0,0.0,0.0,0.0,7.74e-05,0.0,0.0,0.0,0.0,0.0,4.25e-05,0.0,0.0,0.0,0.0,0.0,7.79e-05,0.0,3.37e-05,0.0,0.0,0.0,0.0,0.000889692,0.0,0.0,0.0,5.67e-05,0.0,0.0,0.0,0.0,0.0,0.0,1.42e-05,0.0,0.0,0.0,0.0,0.0,0.0,0.0,0.0,9.28e-06,0.0,0.0,0.0,0.00186611,7.34e-06,0.0,0.0,0.0,0.0,0.0,1.57e-05,0.000591346,0.0,0.0,0.000207302,0.00128616,4.07e-05,0.0,0.0,0.000642764,0.0,0.0,0.0,0.0,0.0,0.0,0.0,0.0,0.000119461,0.0,0.0,0.0,0.0,0.0,0.0,0.0,0.0,0.0,0.0,0.0,0.0,0.0,0.0,0.000230564,0.0,5.94e-06,0.0,0.0,0.0,0.0,0.0,0.0,5.11e-06,0.0,0.0,0.0,0.000439214,0.0,0.0,0.000225981,0.000306678,0.0,0.000374238,0.000318203,0.0,0.000757335,0.0,1.01e-05,0.0,0.0,0.0067487,0.0,0.0,0.0328848,0.0,0.0,0.000562689,5.98e-05,0.0,0.0,0.0,0.0,0.0,0.0,0.0,0.0,0.0,0.0,0.0,0.0,0.0,4.65e-05,0.0,0.0,0.0,0.0,4.5e-05,0.0,0.0,0.0,1.52e-05,0.0,0.0,0.0,0.0,0.0,0.0,0.0,0.0,0.0,0.000676567,0.0,0.0,0.0,0.0,0.0,9.4e-05,0.0,0.0,0.0,2.01e-05,5.05e-06,0.0,0.0,0.0,0.0,0.0,0.0,0.0,5.98e-06,0.0,0.0,0.0,0.0,0.0,0.0,0.0,0.0,0.0,0.0,0.0,0.0,0.0,0.0,0.0,0.0,0.0,0.0,0.0,0.0,0.0,0.0,0.0,0.0,0.0,0.0,0.0,0.0,0.0,0.0,0.0,0.0,0.0,0.0,0.0,0.0,0.0,0.0,0.0,0.0,0.0,0.0,0.0,0.0,0.0,0.0,0.0,0.0,0.0,0.0,0.0,0.0,0.0,0.0,0.0,0.0,0.0,0.0,0.0,0.0,0.0,0.0,0.0,0.0,0.0,0.0,0.0,0.0,0.0,0.0,0.0,0.0,0.0,0.0,0.0,0.0,0.0,0.0,0.0,0.0,0.0,0.0,0.0,0.0,0.0,0.0,0.0,0.0,0.0,0.0,0.0,0.0,0.0,0.0,0.0,0.0,0.0,0.0,0.0,0.0,0.0,0.0,0.0,0.0,0.0,0.0,0.0,0.0,0.0,0.0,0.0,0.0,0.0,0.0,0.0,0.0,0.0,0.0,0.0,0.0,0.0,0.0,0.0,0.0,0.0,0.0,0.0,0.0,0.0,0.0,0.0,0.0,0.0,0.0,0.0,0.0
Reef 235,0.0,0.0,0.0,0.0,0.0,0.0,0.0,0.0,0.0,0.0,0.0,0.0,0.0,0.0,0.0,0.0,0.0,0.0,0.0,0.0,0.0,0.0,0.0,0.0,0.0,0.0,0.0,0.0,0.0,0.0,0.0,0.0,0.0,0.0,0.0,0.0,0.0,0.0,0.0,0.0,0.0,0.0,0.0,0.0,0.0,0.0,0.0,0.0,0.0,0.0,0.0,0.0,0.0,0.0,0.0,0.0,0.0,0.0,0.0,0.0,0.0,0.0,0.0,0.0,0.0,0.0,0.0,0.0,0.0,0.0,0.0,0.0,0.0,0.0,0.0,0.0,0.0,0.0,0.0,0.0,0.0,0.0,0.0,0.0,0.0,0.0,0.0,0.0,0.0,0.0,0.0,0.0,0.0,0.0,0.0,0.0,0.0,0.0,0.0,0.0,0.0,0.0,0.0,0.0,0.0,0.0,0.0,0.0,0.0,0.0,0.0,0.0,0.0,0.0,0.0,0.0,0.0,7.02e-05,0.0,0.0,0.0,0.0,0.0,0.0,0.0,0.0,0.0,0.0,0.0,0.0,0.0,0.0,0.0,0.0,0.0,0.0,0.00048092,0.0,0.0,0.0,0.000156751,0.0,0.0,0.0,0.0,0.0,0.0,0.0,0.0,0.0,0.0,0.0,0.0,0.0,0.0,0.0,0.000119258,0.0,0.0,0.0,0.00085199,0.0,0.0,0.0,0.0,0.0,0.0,9.43e-05,0.000266828,0.0,0.0,6.89e-05,0.000941346,0.000249266,0.0,0.0,0.000394459,0.0,0.0,0.0,0.0,0.0,0.0,0.0,0.0,5.17e-05,0.0,0.0,0.0,0.0,0.0,0.0,0.0,0.0,0.0,0.0,0.0,0.0,0.0,0.0,0.0,0.0,0.0,0.0,0.0,0.0,0.0,0.0,0.0,0.0,0.0,0.0,0.0,6.75e-05,0.0,0.0,0.000104947,4.77e-05,0.0,5.08e-05,0.000125946,0.0,0.000476808,0.0,0.0,0.0,0.0,0.00493127,0.0,0.0,0.0313014,0.0,0.0,0.00477659,0.000149196,0.0,0.0,0.0,0.0,0.0,0.0,0.0,0.0,0.0,0.0,0.0,0.0,0.0,0.000154874,0.0,0.0,0.0,0.0,0.000146896,0.0,0.0,0.0,5.28e-05,0.0,0.0,0.0,0.0,0.0,0.0,0.0,0.0,0.0,0.000448783,0.0,0.0,0.0,0.0,0.0,0.000563744,0.0,0.0,0.0,0.000124624,0.0,0.0,0.0,0.0,0.0,0.0,0.0,0.0,0.0,0.0,0.0,0.0,0.0,0.0,0.0,0.0,0.0,0.0,0.0,0.0,0.0,0.0,0.0,0.0,0.0,0.0,0.0,0.0,0.0,0.0,0.0,0.0,0.0,0.0,0.0,0.0,0.0,0.0,0.0,0.0,0.0,0.0,0.0,0.0,0.0,0.0,0.0,0.0,0.0,0.0,0.0,0.0,0.0,0.0,0.0,0.0,0.0,0.0,0.0,0.0,0.0,0.0,0.0,0.0,0.0,0.0,0.0,0.0,0.0,0.0,0.0,0.0,0.0,0.0,0.0,0.0,0.0,0.0,0.0,0.0,0.0,0.0,0.0,0.0,0.0,0.0,0.0,0.0,0.0,0.0,0.0,0.0,0.0,0.0,0.0,0.0,0.0,0.0,0.0,0.0,0.0,0.0,0.0,0.0,0.0,0.0,0.0,0.0,0.0,0.0,0.0,0.0,0.0,0.0,0.0,0.0,0.0,0.0,0.0,0.0,0.0,0.0,0.0,0.0,0.0,0.0,0.0,0.0,0.0,0.0,0.0,0.0,0.0,0.0,0.0,0.0,0.0,0.0,0.0,0.0,0.0,0.0,0.0,0.0,0.0
Reef 236,0.0,0.0,0.0,0.0,0.0,0.0,0.0,0.0,0.0,0.0,0.0,0.0,0.0,0.0,0.0,0.0,0.0,0.0,0.0,0.0,0.0,0.0,0.0,0.0,0.0,0.0,0.0,0.0,0.0,0.0,0.0,0.0,0.0,0.0,0.0,0.0,0.0,0.0,0.0,0.0,0.0,0.0,0.0,0.0,0.0,0.0,0.0,0.0,0.0,0.0,0.0,0.0,0.0,0.0,0.0,0.0,0.0,0.0,0.0,0.0,0.0,0.0,0.0,0.0,0.0,0.0,0.0,0.0,0.0,0.0,0.0,0.0,0.0,0.0,0.0,0.0,0.0,0.0,0.0,0.0,0.0,2.94e-06,0.0,0.0,0.0,0.0,0.0,0.0,0.0,0.0,0.0,0.0,0.0,3.59e-06,0.0,0.0,0.0,0.0,0.0,0.0,0.0,0.0,0.0,0.0,0.0,0.0,0.0,0.0,0.0,0.0,0.0,0.0,0.0,0.0,0.0,0.0,0.0,1.9e-06,0.0,0.0,0.0,0.0,0.0,8.18e-05,0.0,0.0,0.0,0.0,0.0,6.33e-05,0.0,8.41e-05,0.0,0.0,0.0,0.0,7.37e-06,0.0,1.19e-05,0.0,5.75e-06,0.0,0.0,0.0,0.0,0.0,0.0,9.66e-05,0.0,0.0,0.0,0.0,0.0,0.0,0.0,0.0,1.62e-05,0.0,0.0,0.0,7.17e-05,0.0,0.0,0.0,0.0,0.0,0.0,1.56e-05,4.23e-06,0.0,0.0,4.7e-05,0.000136132,1.64e-06,0.0,0.0,7.51e-05,0.0,0.0,0.0,0.0,2.32e-06,0.0,0.0,0.0,5.97e-05,0.0,2.02e-05,6.79e-06,0.0,0.0,0.0,0.0,0.0,2.28e-06,0.000131267,0.0,0.0,0.0,0.0,6.9e-05,0.000252619,0.0,5.61e-05,0.0,0.0,0.0,0.0,0.0,2.42e-05,0.000983632,1.88e-06,7.74e-05,0.000503484,0.00155971,9.15e-06,8.18e-05,0.000247024,0.0,1.3e-05,0.000119304,0.0,0.000254915,0.0,0.0121672,0.0,0.0,0.000446166,0.0,0.0,0.000530541,0.00507186,0.0,4.94e-05,5.26e-06,0.113838,0.00300212,0.0,0.0,1.64e-06,0.000435691,0.000457888,0.0,0.0,0.0,0.0,7.88e-06,0.000112542,6.09e-06,0.0,0.0,0.0,2.57e-05,7.94e-06,0.0,0.0,0.0,1.59e-06,0.0,1.92e-05,0.0,0.0,0.0,0.0,1.77e-06,0.0,0.0,0.000120904,0.0,3.43e-05,0.0,0.0,3.11e-05,0.0,0.0,0.0,1.94e-05,0.0,4.98e-06,0.0,0.0,4.98e-06,0.0,0.0,0.0,0.0,5.98e-06,0.0,0.0,8.97e-06,0.0,0.0,0.0,1.33e-06,0.0,0.0,0.0,0.0,3.46e-06,0.0,0.0,0.0,0.0,0.0,0.0,0.0,0.0,0.0,0.0,0.0,0.0,0.0,0.0,0.0,0.0,0.0,0.0,0.0,0.0,0.0,0.0,0.0,0.0,0.0,0.0,0.0,0.0,0.0,0.0,0.0,0.0,0.0,0.0,0.0,0.0,0.0,0.0,0.0,0.0,0.0,0.0,0.0,0.0,0.0,0.0,0.0,0.0,0.0,0.0,0.0,0.0,0.0,0.0,0.0,0.0,0.0,0.0,0.0,0.0,0.0,0.0,0.0,0.0,0.0,0.0,0.0,0.0,0.0,0.0,0.0,0.0,0.0,0.0,0.0,0.0,0.0,0.0,0.0,0.0,0.0,0.0,0.0,0.0,0.0,0.0,0.0,0.0,0.0,0.0,0.0,0.0,0.0,0.0,0.0,0.0,0.0,0.0,0.0,0.0,0.0,0.0,0.0,0.0,0.0,0.0,0.0,0.0,0.0,0.0,0.0,0.0,0.0,0.0,0.0,0.0,0.0,0.0,0.0,0.0,0.0,0.0,0.0,0.0
Reef 237,0.0,0.0,0.0,0.0,0.0,0.0,0.0,0.0,0.0,0.0,0.0,0.0,0.0,0.0,0.0,0.0,0.0,0.0,0.0,0.0,0.0,0.0,0.0,0.0,0.0,0.0,0.0,0.0,0.0,0.0,0.0,0.0,0.0,0.0,0.0,0.0,0.0,0.0,0.0,0.0,0.0,0.0,0.0,0.0,0.0,0.0,0.0,0.0,0.0,0.0,0.0,0.0,0.0,0.0,0.0,0.0,0.0,0.0,0.0,0.0,0.0,0.0,0.0,0.0,0.0,0.0,0.0,0.0,0.0,0.0,0.0,0.0,0.0,0.0,0.0,0.0,0.0,0.0,0.0,0.0,0.0,0.0,0.0,0.0,0.0,0.0,0.0,0.0,0.0,0.0,0.0,0.0,0.0,0.0,0.0,0.0,0.0,0.0,0.0,0.0,0.0,0.0,0.0,0.0,0.0,0.0,0.0,0.0,0.0,0.0,0.0,0.0,0.0,0.0,0.0,0.0,0.0,7.38e-05,0.0,0.0,0.0,0.0,0.0,0.0,0.0,0.0,0.0,0.0,0.0,3.89e-05,0.0,4.57e-05,0.0,0.0,0.0,0.0,7.45e-06,0.0,0.0,0.0,8.05e-06,0.0,0.0,0.0,0.0,0.0,0.0,6.07e-06,0.0,0.0,0.0,0.0,0.0,0.0,0.0,0.0,2.23e-05,0.0,0.0,0.0,1.22e-05,0.0,0.0,0.0,0.0,0.0,0.0,1.8e-05,2.49e-05,0.0,0.0,8.09e-06,2.74e-05,0.0,0.0,0.0,1.58e-05,0.0,0.0,0.0,0.0,0.0,0.0,0.0,0.0,1.01e-05,0.0,0.0,0.0,0.0,0.0,0.0,0.0,0.0,0.0,1.61e-05,0.0,0.0,0.0,0.0,4.46e-05,2.5e-05,0.0,0.0,0.0,0.0,0.0,0.0,0.0,1.11e-05,0.000113047,0.000140936,3.92e-05,9.27e-05,0.000146907,6.84e-06,1.77e-05,4.84e-05,0.0,3.51e-05,2.42e-05,0.0,4.89e-05,0.0,0.00590827,0.0,0.0,9.49e-05,0.0,0.0,0.000133838,0.00702781,0.0,8.93e-06,0.0,0.0168288,0.0354925,0.0,0.0,1.06e-05,0.000115613,0.000109383,0.0,0.0,0.0,0.0,6.33e-06,2.86e-05,0.0,0.0,0.0,0.0,0.0,0.0,0.0,0.0,0.0,0.0,0.0,1.54e-05,0.0,0.0,0.0,0.0,0.0,0.0,0.0,1.63e-05,0.0,1.26e-05,0.0,0.0,2.36e-05,0.0,0.0,0.0,1.36e-05,0.0,0.0,0.0,0.0,0.0,0.0,0.0,0.0,0.0,0.0,0.0,0.0,5.47e-06,0.0,0.0,0.0,0.0,0.0,0.0,0.0,0.0,0.0,0.0,0.0,0.0,0.0,0.0,0.0,0.0,0.0,0.0,0.0,0.0,0.0,0.0,0.0,0.0,0.0,0.0,0.0,0.0,0.0,0.0,0.0,0.0,0.0,0.0,0.0,0.0,0.0,0.0,0.0,0.0,0.0,0.0,0.0,0.0,0.0,0.0,0.0,0.0,0.0,0.0,0.0,0.0,0.0,0.0,0.0,0.0,0.0,0.0,0.0,0.0,0.0,0.0,0.0,0.0,0.0,0.0,0.0,0.0,0.0,0.0,0.0,0.0,0.0,0.0,0.0,0.0,0.0,0.0,0.0,0.0,0.0,0.0,0.0,0.0,0.0,0.0,0.0,0.0,0.0,0.0,0.0,0.0,0.0,0.0,0.0,0.0,0.0,0.0,0.0,0.0,0.0,0.0,0.0,0.0,0.0,0.0,0.0,0.0,0.0,0.0,0.0,0.0,0.0,0.0,0.0,0.0,0.0,0.0,0.0,0.0,0.0,0.0,0.0,0.0,0.0,0.0,0.0,0.0,0.0,0.0,0.0,0.0,0.0
Reef 238,0.000706025,0.0,0.0,0.0,0.0,0.0,0.0,0.0,0.0,0.0,0.0,0.0,0.0,0.0,0.0,0.0,0.0,0.0,0.0,0.0,0.0,0.0,0.0,0.0,0.0,0.0,0.0,0.0,0.0,0.0,0.0,0.0,0.0,0.0,0.0,0.0,0.0,0.0,0.0,0.0,0.0,0.0,0.0,0.0,0.0,0.0,0.0,0.0,0.0,0.0,0.0,0.0,0.0,0.0,0.0,0.0,0.0,0.0,0.0,0.0,0.0,0.0,0.0,0.0,0.0,0.0,0.0,0.0,0.0,0.0,0.0,0.0,0.0,0.0,0.0,0.0,0.0,0.0,0.0,0.0,0.0,0.0,0.0,0.0,0.0,0.0,0.0,0.0,0.0,0.0,0.0,0.0,0.0,0.0,0.0,0.0,0.0,0.0,0.0,0.0,0.0,0.0,0.0,0.0,0.0,0.0,0.0,0.0,0.0,0.0,0.0,0.0,0.0,0.0,0.0,0.0,0.0,0.0,0.0,0.0,0.0,0.0,0.0,0.0,0.0,0.0,0.0,0.0,0.0,0.0,0.0,0.0,0.0,0.0,0.0,0.0,0.000314277,0.0,0.0,0.0,0.0,0.0,0.0,0.0,0.0,0.0,0.0,0.0,0.0,0.0,0.0,0.0,0.0,0.0,0.0,0.0,0.0,0.0,0.0,0.0,0.000210093,0.0,0.0,0.0,0.0,0.0,0.0,0.0,0.000398922,0.0,0.0,0.000714762,0.000166844,0.0,0.0,0.0,0.000284329,0.0,0.0,0.0,0.0,0.0,0.0,0.0,0.0,0.0,0.0,0.0,0.0,0.0,0.0,0.0,0.0,0.0,0.0,0.0,0.0,0.0,0.0,0.0,0.0,0.0,0.0,0.0,0.0,0.0,0.0,0.0,0.0,0.0,0.0,0.0,0.0,0.0,0.0,0.0,0.0,0.000132476,0.0,0.000206796,0.000112455,0.0,0.00119165,0.0,0.0,0.0,0.0,0.000146012,0.0,0.0,0.00101187,0.0,0.0,0.000235195,0.0,0.0,0.0,0.000484084,0.000141156,0.0,0.0,0.0,0.0,0.000267454,0.00135197,0.0,0.0,0.0,0.0,0.000110277,0.000530821,0.0,0.0,0.0,0.000145118,0.0,0.0,0.0,0.000411341,0.0,0.0,0.0,0.0,0.0,0.0,0.0,0.0,0.000851651,0.0,0.0,0.000617646,0.0014334,0.0,0.00140763,0.0,0.0,0.0,0.011034,0.0,0.0,0.0,0.0,0.000111868,0.0,0.0,0.0,0.0,0.0,0.0,0.0,0.0,0.0,0.0,0.0,0.0,0.0,0.0,0.0,0.0,0.0,0.0,0.0,0.0,0.0,0.0,0.0,0.0,0.0,0.0,0.0,0.0,0.0,0.0,0.0,0.0,0.0,0.0,0.0,0.0,0.0,0.0,0.0,0.0,0.0,0.0,0.0,0.0,0.0,0.0,0.0,0.0,0.0,0.0,0.0,0.0,0.0,0.0,0.0,0.0,0.0,0.0,0.0,0.0,0.0,0.0,0.0,0.0,0.0,0.0,0.0,0.0,0.0,0.0,0.0,0.0,0.0,0.0,0.0,0.0,0.0,0.0,0.0,0.0,0.0,0.0,0.0,0.0,0.0,0.0,0.0,0.0,0.0,0.0,0.0,0.0,0.0,0.0,0.0,0.0,0.0,0.0,0.0,0.0,0.0,0.0,0.0,0.0,0.0,0.0,0.0,0.0,0.0,0.0,0.0,0.0,0.0,0.0,0.0,0.0,0.0,0.0,0.0,0.0,0.0,0.0,0.0,0.0,0.0,0.0,0.0,0.0,0.0,0.0,0.0,0.0,0.0,0.0,0.0,0.0,0.0,0.0,0.0,0.0
Reef 239,6.97e-06,0.0,0.0,0.0,0.0,0.0,0.0,0.0,0.0,0.0,0.0,0.0,0.0,0.0,0.0,0.0,0.0,0.0,0.0,0.0,0.0,0.0,0.0,0.0,0.0,0.0,0.0,0.0,0.0,0.0,0.0,0.0,0.0,0.0,0.0,0.0,0.0,0.0,0.0,0.0,0.0,0.0,0.0,0.0,0.0,0.0,0.0,0.0,0.0,0.0,0.0,0.0,0.0,0.0,0.0,0.0,0.0,0.0,0.0,0.0,0.0,0.0,0.0,0.0,0.0,0.0,0.0,0.0,0.0,0.0,0.0,0.0,0.0,0.0,0.0,0.0,0.0,0.0,0.0,0.0,0.0,0.0,0.0,0.0,0.0,0.0,0.0,0.0,0.0,0.0,0.0,0.0,0.0,0.0,0.0,0.0,0.0,0.0,0.0,0.0,0.0,0.0,0.0,0.0,0.0,0.0,0.0,0.0,0.0,0.0,0.0,0.0,0.0,0.0,0.0,0.0,0.0,0.0,0.0,0.0,0.0,0.0,0.0,0.0,0.0,0.0,0.0,0.0,0.0,0.0,0.0,0.0,0.0,0.0,0.0,0.0,1.13e-05,0.0,0.0,0.0,0.0,0.0,0.0,0.0,0.0,0.0,0.0,0.0,0.0,0.0,0.0,0.0,0.0,0.0,0.0,0.0,0.0,0.0,0.0,0.0,0.000327195,0.0,0.0,0.0,0.0,0.0,0.0,0.0,0.000149651,0.0,0.0,3.29e-05,0.000205766,6.89e-06,0.0,0.0,6.34e-05,0.0,0.0,0.0,0.0,0.0,0.0,0.0,0.0,0.0,0.0,0.0,0.0,0.0,0.0,0.0,0.0,0.0,0.0,0.0,0.0,0.0,0.0,0.0,0.0,0.0,0.0,0.0,0.0,0.0,0.0,0.0,0.0,0.0,0.0,0.0,0.0,0.0,0.0,0.0,0.0,0.0,0.0,0.0,1.26e-06,0.0,3.53e-06,0.0,0.0,0.0,0.0,0.00010572,0.0,0.0,0.000736538,0.0,0.0,3.42e-05,3.51e-05,0.0,0.0,6.42e-05,0.00592944,0.0,0.0,0.0,3.37e-05,1.27e-06,7.15e-06,0.0,0.0,0.0,5.28e-05,2.73e-05,0.00225048,0.0,0.0,5.13e-05,0.000123562,0.0,0.0,1.81e-05,0.00276901,0.0,0.0,0.0,0.0,0.0,0.0,0.0,1.65e-06,1.62e-06,0.0,0.0,3.69e-05,2.45e-05,0.0,0.00562492,0.0,0.0,0.0,0.000150566,0.000232795,0.0,0.0,0.0,0.0,2.34e-06,0.0,4.44e-05,0.000105685,0.0,0.0,0.0,0.0,0.0,0.0,0.000173046,0.000234149,2.26e-06,0.0,0.0,0.0,0.0,8.15e-06,1.46e-06,0.0,1.34e-06,1.85e-06,0.0,0.0,0.0,0.0,0.0,0.0,0.0,0.0,0.0,0.0,0.0,1.22e-06,0.0,0.0,0.0,0.0,0.0,0.0,0.0,0.0,0.0,0.0,0.0,0.0,0.0,0.0,0.0,0.0,0.0,0.0,0.0,0.0,0.0,0.0,0.0,0.0,0.0,0.0,0.0,0.0,0.0,0.0,0.0,0.0,0.0,0.0,0.0,0.0,0.0,0.0,0.0,0.0,0.0,0.0,0.0,0.0,0.0,0.0,0.0,0.0,0.0,0.0,0.0,0.0,0.0,0.0,0.0,0.0,0.0,0.0,0.0,0.0,0.0,0.0,0.0,0.0,0.0,0.0,0.0,0.0,0.0,0.0,0.0,0.0,0.0,0.0,0.0,0.0,0.0,0.0,0.0,0.0,0.0,0.0,0.0,0.0,0.0,0.0,0.0,0.0,0.0,0.0,0.0,0.0,0.0,0.0,0.0,0.0,0.0,0.0,0.0,0.0,0.0,0.0,0.0,0.0,0.0,0.0
Reef 240,0.0,0.0,0.0,0.0,0.0,0.0,0.0,0.0,0.0,0.0,0.0,0.0,0.0,0.0,0.0,0.0,0.0,0.0,0.0,0.0,0.0,0.0,0.0,0.0,0.0,0.0,0.0,0.0,0.0,0.0,0.0,0.0,0.0,0.0,0.0,0.0,0.0,0.0,0.0,0.0,0.0,0.0,0.0,0.0,0.0,0.0,0.0,0.0,0.0,0.0,0.0,0.0,0.0,0.0,0.0,0.0,0.0,0.0,0.0,0.0,0.0,0.0,0.0,0.0,0.0,0.0,0.0,0.0,0.0,0.0,0.0,0.0,0.0,0.0,0.0,0.0,0.0,0.0,0.0,0.0,0.0,0.0,0.0,0.0,0.0,0.0,0.0,0.0,0.0,0.0,0.0,0.0,0.0,0.0,0.0,0.0,0.0,0.0,0.0,0.0,0.0,0.0,0.0,0.0,0.0,0.0,0.0,0.0,0.0,0.0,0.0,0.0,0.0,0.0,0.0,0.0,0.0,3.98e-06,0.0,0.0,0.0,0.0,0.0,0.0,0.0,0.0,0.0,0.0,0.0,3.78e-06,0.0,4.36e-06,0.0,0.0,0.0,0.0,1.89e-05,0.0,0.0,0.0,4.24e-06,0.0,0.0,5.08e-06,0.0,0.0,1.23e-05,0.0,0.0,0.000110124,0.0,1.05e-05,0.00030001,0.0,3.35e-06,0.0,5.95e-06,0.0,0.0,0.00058027,0.000928574,0.0,0.0,0.0,0.0,9.19e-05,0.00036414,4.57e-05,0.00023421,0.0,0.0,0.000466944,0.000306501,4.22e-05,0.0,3.75e-06,0.000163254,0.0,6.83e-05,0.0,0.0,3.22e-06,0.0,0.0,0.0,0.00196419,0.000272724,4.78e-05,8.86e-06,0.0,2.48e-06,0.0,1.86e-06,0.0,0.000398897,4.38e-06,0.0,0.0,0.000404349,0.0,0.000112982,0.00167784,0.0,4.64e-06,0.0,0.000699708,0.000791786,0.0,2.58e-06,0.0025543,1.87e-05,9.02e-05,0.00360365,0.000583343,0.00021417,3.12e-05,1.95e-05,4.38e-05,0.00170443,2.47e-05,2.3e-05,0.000533625,7.68e-05,0.00223525,0.000190353,0.0,0.000202245,0.000105127,0.0,0.0,0.000201501,0.0,0.00481472,3.04e-05,6.08e-06,2.9e-06,0.0,0.0,0.0,0.0278661,0.000745433,1.5e-05,0.0,0.0,0.0,0.00523126,0.00966763,9.82e-06,7.28e-06,0.0,0.0,0.0011377,0.0143621,9.12e-06,0.0,0.0,0.0,1.96e-06,0.0,0.00214498,0.0,0.0,0.0,0.0,0.00762685,0.0,0.0,0.000136038,0.000178493,5.68e-06,0.0,0.0,0.00336419,0.0,0.000410059,0.000998816,0.000753443,0.0,4.03e-06,0.00175847,0.0,0.00714036,0.0,0.0,0.0,0.0,4.76e-06,1.98e-05,5.58e-05,3.54e-05,2.35e-05,8.63e-05,0.000106572,0.0,0.0,0.0,1.73e-05,0.000349161,0.00532161,0.0,0.0,0.0,8.95e-06,0.0,0.0,0.0,0.0,0.0,0.0,0.0,0.0,0.0,0.0,0.000215935,0.0,0.0,0.0,2.82e-05,0.0,0.0,2.18e-06,7.98e-06,0.0,0.0,0.0,8.17e-06,0.0,1.19e-05,0.0,1.56e-05,1.98e-06,0.0,0.0,6.06e-06,0.0,3.45e-06,1.69e-05,0.0,1.02e-05,0.0,0.0,0.0,6.98e-06,0.0,0.0,0.0,0.0,0.0,0.0,0.0,0.0,0.0,0.0,0.0,0.0,0.0,0.0,0.0,0.0,0.0,0.0,0.0,0.0,0.0,0.0,0.0,0.0,0.0,0.0,0.0,0.0,0.0,0.0,0.0,0.0,0.0,0.0,0.0,0.0,0.0,0.0,0.0,0.0,0.0,0.0,0.0,0.0,0.0,0.0,0.0,0.0,0.0,0.0,0.0,0.0,0.0,0.0,0.0,0.0,0.0,0.0,0.0,0.0,0.0,0.0,0.0,0.0,0.0,0.0,0.0,0.0,0.0,0.0,0.0,0.0,0.0,0.0,0.0,0.0,0.0,0.0,0.0,0.0
Reef 241,0.0,0.0,0.0,0.0,0.0,0.0,0.0,0.0,0.0,0.0,0.0,0.0,0.0,0.0,0.0,0.0,0.0,0.0,0.0,0.0,0.0,0.0,0.0,0.0,0.0,0.0,0.0,0.0,0.0,0.0,0.0,0.0,0.0,0.0,0.0,0.0,0.0,0.0,0.0,0.0,0.0,0.0,0.0,0.0,0.0,0.0,0.0,0.0,0.0,0.0,0.0,0.0,0.0,0.0,0.0,0.0,0.0,0.0,0.0,0.0,0.0,0.0,0.0,0.0,0.0,0.0,0.0,0.0,0.0,0.0,0.0,0.0,0.0,0.0,0.0,0.0,0.0,0.0,0.0,0.0,0.0,0.0,0.0,0.0,0.0,0.0,0.0,0.0,0.0,0.0,0.0,0.0,0.0,7.78e-07,0.0,0.0,0.0,0.0,0.0,0.0,0.0,0.0,0.0,0.0,0.0,0.0,0.0,0.0,0.0,0.0,0.0,0.0,0.0,0.0,0.0,0.0,2.62e-06,3.91e-06,0.0,0.0,0.0,7.75e-07,0.0,1.19e-05,0.0,0.0,0.0,0.0,6.65e-07,5.79e-06,0.0,9.62e-06,0.0,0.0,0.0,0.0,7.56e-06,0.0,1.98e-06,0.0,2.56e-05,0.0,0.0,7.07e-06,0.0,0.0,1.02e-05,1.21e-05,0.0,5.63e-05,0.0,8.8e-06,0.00014539,0.0,0.0,0.0,6.19e-06,0.0,0.0,0.000376459,0.000722437,0.0,0.0,0.0,0.0,7.69e-05,0.000318756,1.35e-05,3.3e-05,0.0,0.0,0.000301712,3.81e-05,9.29e-06,0.0,0.000589596,3.53e-05,0.0,0.0,0.0,0.0,0.000258157,1.22e-06,0.0,0.0,0.00118545,0.0,8.93e-06,2.72e-06,0.0,8.52e-07,0.0,9.71e-05,1.42e-06,2.68e-05,1.54e-05,1.27e-06,0.0,0.0,0.0,0.000201058,0.000606521,3.86e-05,0.000299047,9e-07,0.0,0.0,0.0,6.29e-06,4.06e-06,3.75e-06,1.26e-05,5.11e-05,0.00114379,9.37e-05,0.000259678,1e-05,1.52e-05,0.0,2.59e-05,1.16e-05,0.000157571,2.14e-05,0.0,0.000389156,0.0,0.000235695,6.48e-05,0.0,0.0,0.000181828,1.05e-06,0.0,1.34e-05,2.23e-06,8.34e-06,7.19e-07,0.0,0.0,0.000673996,0.0068469,0.00251621,0.0,0.0,0.0,0.0,0.000385523,0.000844291,2.9e-06,0.0,0.0,0.0,1.32e-06,3.79e-06,0.0,7.03e-07,0.0,7.55e-07,0.0,2.39e-06,0.000396338,2.09e-05,1.01e-06,0.0,2.2e-05,8.23e-06,0.0,5.65e-05,0.0,0.0311676,0.0,0.0,9.57e-05,0.0,0.0,6.04e-06,2.11e-05,0.0,0.0,1.13e-05,0.0,5.48e-06,0.0,0.0,0.0,0.0,6.53e-07,2.75e-05,0.0,0.0014974,0.0,0.0,0.0,0.0,0.0,0.0,0.0,1.55e-05,0.000412244,0.0,0.0,0.0,0.0,0.0,0.0,0.0,0.0,0.0,0.0,0.0,0.0,0.0,0.0,0.0,0.0,0.0,0.0,0.0,0.0,0.0,0.0,0.0,0.0,0.0,0.0,0.0,0.0,3.46e-06,0.0,4.53e-06,0.0,0.0,0.0,1.75e-06,9.4e-07,9.91e-07,4.84e-06,0.0,2.93e-06,0.0,0.0,0.0,2.02e-06,0.0,0.0,0.0,0.0,0.0,0.0,0.0,0.0,0.0,0.0,0.0,0.0,0.0,0.0,0.0,0.0,0.0,0.0,0.0,0.0,0.0,0.0,0.0,0.0,0.0,0.0,0.0,0.0,0.0,0.0,0.0,0.0,0.0,0.0,0.0,0.0,0.0,0.0,0.0,0.0,0.0,0.0,0.0,0.0,0.0,0.0,0.0,0.0,0.0,0.0,0.0,0.0,0.0,0.0,0.0,0.0,0.0,0.0,0.0,0.0,0.0,0.0,0.0,0.0,0.0,0.0,0.0,0.0,0.0,0.0,0.0,0.0,0.0,0.0,0.0,0.0,0.0,0.0,0.0,0.0
Reef 242,3.14e-06,0.0,0.0,0.0,0.0,0.0,0.0,0.0,0.0,0.0,0.0,0.0,0.0,0.0,0.0,0.0,0.0,0.0,0.0,0.0,0.0,0.0,0.0,0.0,0.0,0.0,0.0,0.0,0.0,0.0,0.0,0.0,0.0,0.0,0.0,0.0,0.0,0.0,0.0,0.0,0.0,0.0,0.0,0.0,0.0,0.0,0.0,0.0,1.75e-06,0.0,0.0,0.0,0.0,0.0,0.0,0.0,0.0,0.0,0.0,0.0,0.0,0.0,0.0,0.0,0.0,0.0,3.86e-06,0.0,0.0,0.0,0.0,9.62e-07,0.0,0.0,0.0,0.0,0.0,0.0,0.0,0.0,0.0,4.77e-06,0.0,0.0,0.0,0.0,0.0,1.08e-06,0.0,0.0,0.0,0.0,0.0,2.1e-06,0.0,0.0,0.0,8.27e-06,0.0,0.0,0.0,0.0,0.0,0.0,0.0,0.0,0.0,0.0,0.0,0.0,0.0,0.0,0.0,0.0,0.0,0.0,6.35e-06,1.32e-05,0.0,0.0,0.0,9.08e-06,0.0,2.33e-05,0.0,0.0,0.0,0.0,2.26e-06,4.12e-06,2.3e-06,1.16e-06,0.0,0.0,0.0,0.0,3.61e-05,0.0,3.02e-06,0.0,1.49e-06,0.0,0.0,0.0,0.0,0.0,0.0,2.2e-05,0.0,0.0,0.0,0.0,0.0,0.0,0.0,0.0,1.5e-05,0.0,0.0,0.0,0.000202822,0.0,0.0,0.0,0.0,0.0,0.0,1.07e-05,7.13e-05,0.0,1.67e-05,7.32e-05,7.92e-05,1.05e-05,0.0,0.0,4.71e-05,0.0,0.0,1.1e-05,0.0,0.0,2.16e-05,0.0,0.0,2.53e-05,0.0,7.08e-06,2.4e-06,0.0,3.78e-05,0.0,1.54e-06,0.0,5.31e-06,4.71e-05,0.0,0.0,0.0,0.0,2.52e-05,9e-05,1.13e-05,1.97e-05,0.0,0.0,0.0,0.0,0.0,6.77e-05,0.000358576,1.61e-05,0.000156077,5.38e-06,0.000564613,1.13e-06,6.35e-05,0.000189918,0.0,0.000148185,9.31e-05,0.0,0.000203765,0.0,0.00287071,0.0,0.0,0.000361467,0.0,0.0,0.00042679,0.00326459,0.0,3.63e-05,3.41e-06,0.0437446,0.00259759,0.0,0.0,3.73e-06,0.000188509,0.0814517,0.0,0.0,0.0,0.0,1.29e-05,3.45e-06,3.79e-06,0.0,0.0,0.0,1.67e-05,4.86e-06,0.0,0.0,0.0,9.99e-07,0.0,3.07e-05,0.000972334,7.38e-05,0.0,0.0,2.36e-05,0.000146255,0.0,7.38e-05,0.0,0.00628945,0.0,0.0,5.66e-05,0.0,0.0,3.5e-06,4.09e-05,0.0,2.41e-06,6.18e-06,0.0,5.46e-05,9.12e-07,0.0,0.0,0.0,2.89e-06,0.0,0.0,1.55e-06,0.0,0.0,0.0,0.0,0.0,0.0,0.0,3.01e-06,9.46e-05,0.0,0.0,0.0,0.0,0.0,0.0,0.0,0.0,0.0,0.0,0.0,0.0,0.0,0.0,0.0,0.0,0.0,0.0,0.0,0.0,0.0,0.0,0.0,0.0,0.0,0.0,0.0,0.0,0.0,0.0,0.0,0.0,0.0,0.0,0.0,0.0,0.0,0.0,0.0,0.0,0.0,0.0,0.0,0.0,0.0,0.0,0.0,0.0,0.0,0.0,0.0,0.0,0.0,0.0,0.0,0.0,0.0,0.0,0.0,0.0,0.0,0.0,0.0,0.0,0.0,0.0,0.0,0.0,0.0,0.0,0.0,0.0,0.0,0.0,0.0,0.0,0.0,0.0,0.0,0.0,0.0,0.0,0.0,0.0,0.0,0.0,0.0,0.0,0.0,0.0,0.0,0.0,0.0,0.0,0.0,0.0,0.0,0.0,0.0,0.0,0.0,0.0,0.0,0.0,0.0,0.0,0.0,0.0,0.0,0.0,0.0,0.0,0.0,0.0,0.0,0.0,0.0,0.0,0.0,0.0,0.0,0.0,0.0,0.0
Reef 243,0.000382385,0.0,0.0,0.0,0.0,0.0,0.0,0.0,0.0,0.0,0.0,0.0,0.0,0.0,0.0,0.0,0.0,0.0,0.0,0.0,0.0,0.0,0.0,0.0,0.0,0.0,0.0,0.0,0.0,0.0,0.0,0.0,0.0,0.0,0.0,0.0,0.0,0.0,0.0,0.0,0.0,0.0,0.0,0.0,0.0,0.0,0.0,0.0,0.0,0.0,0.0,0.0,0.0,0.0,0.0,0.0,0.0,0.0,0.0,0.0,0.0,0.0,0.0,0.0,0.0,0.0,0.0,0.0,0.0,0.0,0.0,0.0,0.0,0.0,0.0,0.0,0.0,0.0,0.0,0.0,0.0,0.0,0.0,0.0,0.0,0.0,0.0,0.0,0.0,0.0,0.0,0.0,0.0,0.0,0.0,0.0,0.0,0.0,0.0,0.0,0.0,0.0,0.0,0.0,0.0,0.0,0.0,0.0,0.0,0.0,0.0,0.0,0.0,0.0,0.0,0.0,0.0,0.0,0.0,0.0,0.0,0.0,0.0,0.0,0.0,0.0,0.0,0.0,0.0,0.0,0.0,0.0,0.0,0.0,0.0,0.0,0.0,0.0,0.0,0.0,0.0,0.0,0.0,0.0,0.0,0.0,0.0,0.0,0.0,0.0,0.0,0.0,0.0,0.0,0.0,0.0,0.0,0.0,0.0,0.0,0.000264733,0.0,0.0,0.0,0.0,0.0,0.0,0.0,0.0,0.0,0.0,0.000354389,0.0,0.0,0.0,0.0,0.0,0.0,0.0,0.0,0.0,0.0,0.0,0.0,0.0,0.0,0.0,0.0,0.0,0.0,0.0,0.0,0.0,0.0,0.0,0.0,0.0,0.0,0.0,0.0,0.0,0.0,0.0,0.0,0.0,0.0,0.0,0.0,0.0,0.0,0.0,0.0,0.0,0.0,0.0,0.0,0.0,0.0,0.0,0.0,0.0,0.0,0.0,0.0,0.0,0.0,0.0,0.000242952,0.0,0.0,0.00170253,0.0,0.0,0.000754583,0.0,0.0,0.0,0.000923059,0.000383425,0.0,0.0,0.0,0.000556564,0.000916406,0.00519317,0.0,0.0,0.0,0.000459511,0.0,0.000273038,0.0,0.0,0.000482,0.000826916,0.0,0.0,0.000265104,0.00114189,0.0,0.0,0.0,0.0,0.0,0.0,0.0,0.0,0.00639969,0.0,0.0,0.00077458,0.00367412,0.0,0.0384552,0.0,0.0,0.0,0.00802651,0.0,0.0,0.0,0.0,0.000263989,0.0,0.0,0.0,0.0,0.0,0.0,0.0,0.0,0.0,0.0,0.0,0.0,0.0,0.0,0.0,0.0,0.0,0.0,0.0,0.0,0.0,0.0,0.0,0.0,0.0,0.0,0.0,0.0,0.0,0.0,0.0,0.0,0.0,0.0,0.0,0.0,0.0,0.0,0.0,0.0,0.0,0.0,0.0,0.0,0.0,0.0,0.0,0.0,0.0,0.0,0.0,0.0,0.0,0.0,0.0,0.0,0.0,0.0,0.0,0.0,0.0,0.0,0.0,0.0,0.0,0.0,0.0,0.0,0.0,0.0,0.0,0.0,0.0,0.0,0.0,0.0,0.0,0.0,0.0,0.0,0.0,0.0,0.0,0.0,0.0,0.0,0.0,0.0,0.0,0.0,0.0,0.0,0.0,0.0,0.0,0.0,0.0,0.0,0.0,0.0,0.0,0.0,0.0,0.0,0.0,0.0,0.0,0.0,0.0,0.0,0.0,0.0,0.0,0.0,0.0,0.0,0.0,0.0,0.0,0.0,0.0,0.0,0.0,0.0,0.0,0.0,0.0,0.0,0.0,0.0,0.0,0.0,0.0,0.0,0.0,0.0,0.0,0.0,0.0,0.0
Reef 244,0.000218822,0.0,0.0,0.0,0.0,0.0,0.0,0.0,0.0,0.0,0.0,0.0,0.0,0.0,0.0,0.0,0.0,0.0,0.0,0.0,0.0,0.0,0.0,0.0,0.0,0.0,0.0,0.0,0.0,0.0,0.0,0.0,0.0,0.0,0.0,0.0,0.0,0.0,0.0,0.0,0.0,0.0,0.0,0.0,0.0,0.0,0.0,0.0,0.0,0.0,0.0,0.0,0.0,0.0,0.0,0.0,0.0,0.0,0.0,0.0,0.0,0.0,0.0,0.0,0.0,0.0,0.0,0.0,0.0,0.0,0.0,0.0,0.0,0.0,0.0,0.0,0.0,0.0,0.0,0.0,0.0,0.0,0.0,0.0,0.0,0.0,0.0,0.0,0.0,0.0,0.0,0.0,0.0,0.0,0.0,0.0,0.0,0.0,0.0,0.0,0.0,0.0,0.0,0.0,0.0,0.0,0.0,0.0,0.0,0.0,0.0,0.0,0.0,0.0,0.0,0.0,0.0,0.0,0.0,0.0,0.0,0.0,0.0,0.0,0.0,0.0,0.0,0.0,0.0,0.0,0.0,0.0,0.0,0.0,0.0,0.0,0.0,0.0,0.0,0.0,0.0,0.0,0.0,0.0,0.0,0.0,0.0,0.0,0.0,0.0,0.0,0.0,0.0,0.0,0.0,0.0,0.0,0.0,0.0,0.0,0.000255744,0.0,0.0,0.0,0.0,0.0,0.0,0.0,0.000109867,0.0,0.0,6.06e-05,0.000192768,0.0,0.0,0.0,6.44e-05,0.0,0.0,0.0,0.0,0.0,0.0,0.0,0.0,0.0,0.0,0.0,0.0,0.0,0.0,0.0,0.0,0.0,0.0,0.0,0.0,0.0,0.0,0.0,0.0,0.0,0.0,0.0,0.0,0.0,0.0,0.0,0.0,0.0,0.0,0.0,0.0,0.0,0.0,0.0,0.0,0.0,0.0,0.0,0.0,0.0,0.0,0.0,0.0,0.0,0.0,0.000245526,0.0,0.0,0.00170282,0.0,0.0,8.88e-05,0.000177781,0.0,0.0,0.000154223,0.000377167,0.0,0.0,0.0,0.000222956,0.0019774,0.00501126,0.0,0.0,0.0,0.000637875,0.00011015,0.000162888,0.0,0.0,0.000621278,0.000568953,0.0,0.0,0.000342108,0.00113796,0.0,0.0,0.0,0.0,0.0,0.0,0.0,0.000206732,0.0100241,0.0,0.000140907,0.000773954,0.00363555,0.0,0.031986,0.0,0.0,0.0,0.00661247,0.0,0.0,0.0,0.0,0.000198024,0.0,0.0,0.0,0.0,0.0,0.0,0.0,0.0,0.0,0.0,0.0,0.0,0.0,0.0,0.0,0.0,0.0,0.0,0.0,0.0,0.0,0.0,0.0,0.0,0.0,0.0,0.0,0.0,0.0,0.0,0.0,0.0,0.0,0.0,0.0,0.0,0.0,0.0,0.0,0.0,0.0,0.0,0.0,0.0,0.0,0.0,0.0,0.0,0.0,0.0,0.0,0.0,0.0,0.0,0.0,0.0,0.0,0.0,0.0,0.0,0.0,0.0,0.0,0.0,0.0,0.0,0.0,0.0,0.0,0.0,0.0,0.0,0.0,0.0,0.0,0.0,0.0,0.0,0.0,0.0,0.0,0.0,0.0,0.0,0.0,0.0,0.0,0.0,0.0,0.0,0.0,0.0,0.0,0.0,0.0,0.0,0.0,0.0,0.0,0.0,0.0,0.0,0.0,0.0,0.0,0.0,0.0,0.0,0.0,0.0,0.0,0.0,0.0,0.0,0.0,0.0,0.0,0.0,0.0,0.0,0.0,0.0,0.0,0.0,0.0,0.0,0.0,0.0,0.0,0.0,0.0,0.0,0.0,0.0,0.0,0.0,0.0,0.0,0.0,0.0
Reef 245,0.000121062,0.0,0.0,0.0,0.0,0.0,0.0,0.0,0.0,0.0,0.0,0.0,0.0,0.0,0.0,0.0,0.0,0.0,0.0,0.0,0.0,0.0,0.0,0.0,0.0,0.0,0.0,0.0,0.0,0.0,0.0,0.0,0.0,0.0,0.0,0.0,0.0,0.0,0.0,0.0,0.0,0.0,0.0,0.0,0.0,0.0,0.0,0.0,0.0,0.0,0.0,0.0,0.0,0.0,0.0,0.0,0.0,0.0,0.0,0.0,0.0,0.0,0.0,0.0,0.0,0.0,0.0,0.0,0.0,0.0,0.0,0.0,0.0,0.0,0.0,0.0,0.0,0.0,0.0,0.0,0.0,4.03e-06,0.0,0.0,0.0,0.0,0.0,0.0,0.0,0.0,0.0,0.0,0.0,0.0,0.0,0.0,0.0,0.0,0.0,0.0,0.0,0.0,0.0,0.0,0.0,0.0,0.0,0.0,0.0,0.0,0.0,0.0,0.0,0.0,0.0,0.0,0.0,5.37e-06,0.0,0.0,0.0,0.0,0.0,0.0,0.0,0.0,0.0,0.0,0.0,0.0,0.0,0.0,0.0,0.0,0.0,0.0,1.54e-05,0.0,0.0,0.0,0.0,0.0,0.0,0.0,0.0,0.0,0.0,0.0,0.0,0.0,0.0,0.0,0.0,0.0,0.0,0.0,0.0,0.0,0.0,0.0,1.53e-05,0.0,0.0,0.0,0.0,0.0,0.0,0.0,1.08e-05,0.0,0.0,3.61e-05,7.41e-05,6.66e-06,0.0,0.0,1.09e-05,0.0,0.0,0.0,0.0,0.0,0.0,0.0,0.0,5.31e-06,0.0,0.0,0.0,0.0,0.0,0.0,0.0,0.0,0.0,0.0,0.0,0.0,0.0,0.0,0.0,0.0,0.0,0.0,0.0,0.0,0.0,0.0,0.0,0.0,0.0,0.0,0.0,0.0,0.0,0.0,0.0,0.0,0.0,0.0,0.0,0.0,7.32e-06,0.0,0.0,0.0,0.0,0.000228225,0.0,0.0,0.00160461,0.0,0.0,7.89e-05,0.000198604,0.0,0.0,0.000249211,0.000505448,0.0,1.29e-05,4.62e-06,8.26e-05,1.89e-05,0.0110136,0.0,0.0,0.0,0.000598441,1.45e-05,0.000225888,0.0,0.0,0.000559665,1.22e-05,0.0,0.0,0.000299645,0.00154501,0.0,2.22e-05,1.48e-05,0.0,0.0,1.34e-05,7.55e-06,0.000138511,0.0099671,0.0,7.46e-05,1.37e-05,0.00591506,0.0,1.2e-05,0.0,0.0,0.0,0.00218408,5.47e-05,0.0,0.0,1.31e-05,0.000101472,4.47e-06,0.0,0.0,6.23e-05,0.0,0.0,6.65e-06,0.0,0.0,0.0,2.52e-05,0.0,8.13e-06,0.0,0.0,2.04e-05,0.0,0.0,0.0,0.0,0.0,0.0,0.0,0.0,0.0,0.0,0.0,0.0,0.0,0.0,0.0,0.0,0.0,0.0,0.0,0.0,0.0,0.0,0.0,0.0,0.0,0.0,0.0,0.0,0.0,0.0,0.0,0.0,0.0,0.0,0.0,0.0,0.0,0.0,0.0,0.0,0.0,0.0,0.0,0.0,0.0,0.0,0.0,0.0,0.0,0.0,0.0,0.0,0.0,0.0,0.0,0.0,0.0,0.0,0.0,0.0,0.0,0.0,0.0,0.0,0.0,0.0,0.0,0.0,0.0,0.0,0.0,0.0,0.0,0.0,0.0,0.0,0.0,0.0,0.0,0.0,0.0,0.0,0.0,0.0,0.0,0.0,0.0,0.0,0.0,0.0,0.0,0.0,0.0,0.0,0.0,0.0,0.0,0.0,0.0,0.0,0.0,0.0,0.0,0.0,0.0,0.0,0.0,0.0,0.0,0.0,0.0,0.0,0.0,0.0,0.0,0.0,0.0,0.0,0.0,0.0,0.0,0.0,0.0,0.0
Reef 246,0.0,0.0,0.0,0.0,0.0,0.0,0.0,5e-06,0.0,0.0,0.0,4.11e-07,0.0,0.000155134,2.69e-05,0.0,0.0,3.56e-07,1.7e-05,5.53e-07,5.83e-06,4.79e-06,0.0,0.000273626,0.0,8.34e-07,0.0,0.0,0.0,4.16e-05,0.0,0.0,0.0,6.85e-07,0.0,0.0,5.96e-07,0.00048011,0.0,0.0,0.0,0.0,1.18e-05,0.0,0.00160329,5.41e-05,1.94e-05,0.000195457,0.0,4.21e-06,0.0,0.0,0.000731008,0.000187934,0.000946637,0.0,0.0,5.5e-07,0.0,0.0,2.28e-06,0.0,0.0,0.0,1.57e-06,0.0,0.0,0.0,0.0,0.0,0.0,0.0,0.0,0.0,0.0,1.72e-06,7.54e-07,0.0,0.0,0.0,0.0,0.0,0.0,0.0,0.0,0.0,0.0,0.0,0.0,4.02e-07,4.56e-06,0.0,0.0,0.0,0.0,0.0001,0.0,0.0,4.95e-07,0.0,0.0,0.0,0.0,0.0,0.0,0.0,8.98e-07,5.4e-06,8.83e-07,0.0,0.0,6.85e-07,1.72e-05,9.58e-07,2.42e-06,0.0,0.0,0.0,4.8e-06,4.75e-07,5.36e-07,0.0,7.41e-07,0.0,1.71e-05,1.04e-06,3.08e-05,0.0,0.0,0.0,0.0,0.0,1.5e-05,1.19e-05,2.74e-06,3.58e-06,0.0,8.65e-07,0.0,5.48e-06,0.0,1.35e-06,5.4e-06,6.55e-07,6.13e-07,1.14e-06,9.24e-06,7.3e-07,3.57e-07,0.0,8.25e-07,0.000400619,6.81e-07,0.0,0.0,6.59e-07,0.0,8.68e-06,3.07e-06,2.46e-05,0.0,0.0,0.0,4.14e-06,4.43e-05,2.07e-05,7.6e-05,0.0,0.0,7.34e-07,1.6e-06,0.0,0.0,0.0,2.06e-05,0.0,0.0,0.0,0.0020341,0.0,0.0,0.0,0.0,4.15e-07,1.05e-06,0.0,0.00246472,0.0,0.0,0.0,0.0,8.34e-07,0.0,0.0,0.0,0.0,0.0,1.28e-06,0.00516768,0.0,0.0,0.0,0.0,0.0,0.0,0.0102512,0.000919369,0.0,0.0,0.0,0.0,0.0,0.0,0.0,0.0,0.0,0.0,0.0,0.020665,0.0,0.0,9.3e-06,0.0,0.0345796,0.0,0.0,7.29e-07,0.0,0.0,0.0,0.0,0.0,0.0527828,0.0,0.0,0.0,0.0,0.0,0.0,0.0,0.0,0.0,0.0,0.0,0.0,0.0193449,0.0,0.0,0.0,0.0,0.0,0.00731897,0.0,0.0,0.0,0.0,0.0,0.0,0.0,0.0,0.0,0.0,0.0,0.0,0.0,0.0,0.0,0.0,0.000778932,0.0,0.0,0.0,0.0,0.0,0.00183609,0.0,0.0,0.0,0.0,0.0,0.0,0.0,0.0,0.0,0.0,0.0,0.0,0.0,0.000203106,0.0,0.000229347,0.000202943,0.000660806,0.0,0.0,0.0,5.67e-05,0.0,0.0,4.48e-05,0.0,0.0,4.04e-05,0.0,0.0,3.92e-07,4.24e-05,4.51e-05,7.63e-07,0.000313893,0.0,1.09e-06,0.0,0.0,0.0,0.0,0.0,0.0,0.0,0.0,0.0,0.0,0.0,0.0,0.0,0.0,0.0,0.0,0.0,0.0,0.0,0.0,0.0,0.0,0.0,0.0,0.0,0.0,0.0,0.0,0.0,0.0,0.0,0.0,0.0,0.0,0.0,0.0,0.0,0.0,0.0,0.0,0.0,0.0,0.0,0.0,0.0,0.0,0.0,0.0,0.0,0.0,0.0,0.0,0.0,0.0,0.0,0.0,0.0,0.0,0.0,0.0,0.0,0.0,0.0,0.0,0.0,0.0,0.0,0.0,0.0,0.0,0.0,0.0,0.0,0.0,0.0,0.0,0.0,0.0,0.0,0.0,0.0,0.0,0.0,0.0,0.0,0.0,0.0,0.0,0.0,0.0,0.0,0.0,0.0,0.0,0.0,0.0,0.0,0.0,0.0,0.0,0.0,0.0,0.0,0.0,0.0,0.0,0.0,0.0,0.0,0.0,0.0
Reef 247,0.0,0.0,0.0,0.0,0.0,0.0,0.0,0.0,0.0,0.0,0.0,0.0,0.0,0.0,0.0,0.0,0.0,0.0,0.0,0.0,0.0,0.0,0.0,0.0,0.0,0.0,0.0,0.0,0.0,0.0,0.0,0.0,0.0,0.0,0.0,0.0,0.0,0.0,0.0,0.0,0.0,0.0,0.0,0.0,0.0,0.0,0.0,0.0,0.0,0.0,0.0,0.0,0.0,0.0,0.0,0.0,0.0,0.0,0.0,0.0,0.0,0.0,0.0,0.0,0.0,0.0,0.0,0.0,0.0,0.0,0.0,0.0,0.0,0.0,0.0,0.0,0.0,0.0,0.0,0.0,0.0,0.0,0.0,0.0,0.0,0.0,0.0,0.0,0.0,0.0,0.0,0.0,0.0,0.0,0.0,0.0,0.0,0.0,0.0,0.0,0.0,0.0,0.0,0.0,0.0,0.0,0.0,0.0,0.0,0.0,0.0,0.0,0.0,0.0,0.0,0.0,0.0,3.54e-06,0.0,0.0,0.0,0.0,0.0,0.0,0.0,0.0,0.0,0.0,0.0,2.98e-06,0.0,3.36e-06,0.0,0.0,0.0,0.0,1.66e-05,0.0,0.0,0.0,3.31e-06,0.0,0.0,5.94e-06,0.0,0.0,1.1e-05,0.0,0.0,0.000106102,0.0,9.44e-06,0.000289793,0.0,0.0,0.0,5.24e-06,0.0,0.0,0.000549669,0.000893513,0.0,0.0,0.0,0.0,8.45e-05,0.000334297,4.1e-05,0.000217988,0.0,0.0,0.000445803,0.000290183,3.93e-05,0.0,0.000975945,0.000153929,0.0,6.25e-06,0.0,0.0,1.08e-05,0.0,0.0,0.0,0.00177063,3.18e-05,2.12e-05,4.01e-06,0.0,0.0,0.0,6.17e-05,0.0,0.000181398,9.06e-06,0.0,0.0,5.94e-05,0.0,0.000110424,0.000905023,0.0,0.00383982,0.0,0.00010473,0.000138161,0.0,0.0,0.00239647,1.4e-05,0.000117972,0.00349645,0.000583957,0.000180546,2.92e-05,2.09e-05,4.45e-05,0.000269344,2.48e-05,2.39e-05,1.89e-05,8.33e-05,0.000334013,0.000188974,0.0,5.86e-06,0.000106298,0.0,0.0,0.000203007,4.46e-05,0.00070282,3.07e-05,6.12e-06,9.74e-06,4.92e-05,0.0,0.0,0.00439433,0.0118279,0.000121451,0.0,0.0,0.0,0.000849362,0.0448414,7.71e-05,7.32e-06,0.0,0.0,0.000133918,0.000214207,9.14e-06,0.0,0.0,0.0,0.0,0.0,0.0301469,0.00078992,4.67e-05,0.0,0.0,0.000109797,6.87e-05,0.0,0.000136001,1.84e-05,0.000381314,0.0,0.0,0.0166213,0.0,4.33e-05,1.18e-05,0.00230074,0.0,3.83e-06,1.36e-05,0.0,0.000882678,0.0,0.0,0.0,0.0,4.51e-06,2.11e-05,4.9e-06,0.000138,0.0,7.17e-06,7.66e-06,0.0,0.0,0.0,0.0,9.97e-05,6.44e-05,0.0,0.0,0.0,0.0,0.0,0.0,0.0,0.0,0.0,0.0,0.0,0.0,0.0,0.0,2.65e-05,0.0,0.0,0.0,3.05e-06,0.0,0.0,0.0,0.0,0.0,0.0,0.0,0.0,0.0,1.13e-05,0.0,1.49e-05,0.0,0.0,0.0,5.77e-06,0.0,3.29e-06,1.6e-05,0.0,9.68e-06,0.0,0.0,0.0,6.61e-06,0.0,0.0,0.0,0.0,0.0,0.0,0.0,0.0,0.0,0.0,0.0,0.0,0.0,0.0,0.0,0.0,0.0,0.0,0.0,0.0,0.0,0.0,0.0,0.0,0.0,0.0,0.0,0.0,0.0,0.0,0.0,0.0,0.0,0.0,0.0,0.0,0.0,0.0,0.0,0.0,0.0,0.0,0.0,0.0,0.0,0.0,0.0,0.0,0.0,0.0,0.0,0.0,0.0,0.0,0.0,0.0,0.0,0.0,0.0,0.0,0.0,0.0,0.0,0.0,0.0,0.0,0.0,0.0,0.0,0.0,0.0,0.0,0.0,0.0,0.0,0.0,0.0,0.0,0.0,0.0
Reef 248,5e-05,0.0,0.0,0.0,0.0,0.0,0.0,0.0,0.0,0.0,0.0,0.0,0.0,0.0,0.0,0.0,0.0,0.0,0.0,0.0,0.0,0.0,0.0,0.0,0.0,0.0,0.0,0.0,0.0,0.0,0.0,0.0,0.0,0.0,0.0,0.0,0.0,0.0,0.0,0.0,0.0,0.0,0.0,0.0,0.0,0.0,0.0,0.0,0.0,0.0,0.0,0.0,0.0,0.0,0.0,0.0,0.0,0.0,0.0,0.0,0.0,0.0,0.0,0.0,0.0,0.0,0.0,0.0,0.0,0.0,0.0,0.0,0.0,0.0,0.0,0.0,0.0,0.0,0.0,0.0,0.0,8.23e-05,0.0,0.0,0.0,0.0,0.0,0.0,0.0,0.0,0.0,0.0,0.0,6.92e-05,0.0,0.0,0.0,0.0,0.0,0.0,0.0,0.0,0.0,0.0,0.0,0.0,0.0,0.0,0.0,0.0,0.0,0.0,0.0,0.0,0.0,0.0,0.0,0.000222229,0.0,0.0,0.0,0.0,0.0,0.000475974,0.0,0.0,0.0,0.0,0.0,6.85e-05,0.0,2.87e-05,0.0,0.0,0.0,0.0,0.000469088,0.0,5.61e-05,0.0,0.00357939,0.0,0.0,0.0,0.0,0.0,0.0,0.000272151,0.0,0.0,0.0,0.0,3.75e-05,0.0,0.0,0.0,2.59e-05,0.0,0.0,7.9e-05,0.000782754,0.0,0.0,0.0,0.0,0.0,5.45e-05,8.36e-05,0.000322772,0.0,0.0,0.000342708,0.000336257,5.43e-05,0.0,0.000131715,0.000227291,0.0,0.0,0.0,0.0,5.54e-05,0.0,0.0,0.0,0.0027878,0.0,8.45e-05,0.0,0.0,2.55e-05,0.0,5.63e-05,0.0,5.95e-05,0.000108,0.0,0.0,0.0,0.0,6.75e-05,0.000334437,2.75e-05,0.000146473,0.0,0.0,0.0,0.0,0.0,4.04e-05,0.000820263,0.000667697,0.000437962,0.000267731,0.00112044,0.00399036,0.000499684,7.54e-05,0.0,0.000105732,3.15e-05,0.0,0.000126087,0.0,5.33e-05,0.0,4.35e-05,0.000261393,0.0,0.0,0.000179406,0.000130583,0.0,0.0,0.0,0.0168645,2.55e-05,0.0,0.0,4.6e-05,0.0188677,0.000131825,0.0,0.0,0.0,0.0,2.53e-05,0.00301206,0.0,0.0,0.0,0.0,0.000266392,0.0,0.0,0.0,0.0,0.0,0.0,3.74e-05,0.00277858,4.43e-05,0.0,0.0,0.000250314,0.000148257,0.0,6.11e-05,0.0,0.0309755,0.0,0.0,8.18e-05,0.0,0.0,0.000137634,3.62e-05,0.0,0.0,0.000238357,0.0,9.41e-05,0.0,0.0,0.0,0.0,0.0,0.0,0.0,0.000314213,0.0,0.0,0.0,0.0,0.0,0.0,0.0,0.000126133,6.45e-05,0.0,0.0,0.0,0.0,0.0,0.0,0.0,0.0,0.0,0.0,0.0,0.0,0.0,0.0,0.0,0.0,0.0,0.0,0.0,0.0,0.0,0.0,0.0,0.0,0.0,0.0,0.0,0.0,0.0,0.0,0.0,0.0,0.0,0.0,0.0,0.0,0.0,0.0,0.0,0.0,0.0,0.0,0.0,0.0,0.0,0.0,0.0,0.0,0.0,0.0,0.0,0.0,0.0,0.0,0.0,0.0,0.0,0.0,0.0,0.0,0.0,0.0,0.0,0.0,0.0,0.0,0.0,0.0,0.0,0.0,0.0,0.0,0.0,0.0,0.0,0.0,0.0,0.0,0.0,0.0,0.0,0.0,0.0,0.0,0.0,0.0,0.0,0.0,0.0,0.0,0.0,0.0,0.0,0.0,0.0,0.0,0.0,0.0,0.0,0.0,0.0,0.0,0.0,0.0,0.0,0.0,0.0,0.0,0.0,0.0,0.0,0.0,0.0,0.0,0.0,0.0,0.0,0.0,0.0,0.0,0.0,0.0,0.0,0.0
Reef 249,0.0,0.0,0.0,0.0,0.0,0.0,0.0,0.0,0.0,0.0,0.0,0.0,0.0,0.0,0.0,0.0,0.0,0.0,0.0,0.0,0.0,0.0,0.0,0.0,0.0,0.0,0.0,0.0,0.0,0.0,0.0,0.0,0.0,0.0,0.0,0.0,0.0,0.0,0.0,0.0,0.0,0.0,0.0,0.0,0.0,0.0,0.0,0.0,0.0,0.0,0.0,0.0,0.0,0.0,0.0,0.0,0.0,0.0,0.0,0.0,0.0,0.0,0.0,0.0,0.0,0.0,0.0,0.0,0.0,0.0,0.0,0.0,0.0,0.0,0.0,0.0,0.0,0.0,0.0,0.0,0.0,0.0,0.0,0.0,0.0,0.0,0.0,0.0,0.0,0.0,0.0,0.0,0.0,0.0,0.0,0.0,0.0,0.0,0.0,0.0,0.0,0.0,0.0,0.0,0.0,0.0,0.0,0.0,0.0,0.0,0.0,0.0,0.0,0.0,0.0,0.0,0.0,1.8e-05,0.0,0.0,0.0,0.0,0.0,0.0,0.0,0.0,0.0,0.0,0.0,2.21e-05,0.0,9.67e-06,0.0,0.0,0.0,0.0,4.46e-06,0.0,0.0,0.0,4.6e-06,0.0,0.0,0.0,0.0,0.0,5.08e-06,0.0,0.0,6.87e-06,0.0,4.33e-06,8.49e-06,0.0,0.0,0.0,5.79e-06,0.0,0.0,0.000109507,5.09e-05,0.0,0.0,0.0,0.0,3.56e-05,0.000141259,7.37e-06,0.000156753,0.0,0.0,0.000111237,7.49e-05,3.57e-05,0.0,5.21e-05,0.000130761,0.0,0.0,0.0,0.0,2.16e-05,0.0,0.0,0.0,9.31e-06,0.0,0.0,0.0,0.0,0.0,0.0,7.1e-06,0.0,0.0,0.0,0.0,0.0,0.0,0.0,1.82e-05,9.92e-06,0.0,6e-06,0.0,0.0,0.0,0.0,0.0,0.000313138,1.35e-05,0.000165703,0.000368639,2.22e-05,3.99e-05,3.96e-05,1.48e-05,0.000228588,0.0,6.31e-06,0.00029227,4.75e-06,1.11e-05,0.0,0.000122826,0.0,0.000148071,8.43e-05,0.0,0.0,0.000583478,0.0,0.0,0.000223813,1.88e-05,1.85e-05,0.0,6.88e-06,0.0,0.0,0.000789232,0.000125332,0.0,5.2e-06,8.39e-06,0.0,0.0,5.31e-05,0.0253773,2.96e-05,0.0,0.0,3.34e-05,0.0311384,7.32e-06,2.04e-05,4.44e-05,0.000509658,0.0,1.27e-05,0.000364968,0.000253259,4.44e-05,1.57e-05,0.00122441,9.9e-05,1.23e-05,0.00550605,0.0,0.0033838,0.000131299,7.72e-06,0.000141441,7.81e-05,0.0,8.23e-05,8.1e-05,0.000130317,0.0,6.17e-05,5.02e-06,0.000393927,4.13e-05,0.0,3.61e-05,0.0,0.0,0.0,0.0,0.000211748,0.0,0.0,0.0,0.0,0.0,0.0,0.0,2.57e-05,0.000605156,0.0,0.0,0.0,0.0,0.0,0.0,0.0,0.0,0.0,0.0,0.0,0.0,0.0,0.0,0.0,0.0,0.0,0.0,0.0,0.0,0.0,0.0,0.0,0.0,0.0,0.0,0.0,0.0,0.0,0.0,0.0,0.0,0.0,0.0,0.0,0.0,0.0,0.0,0.0,0.0,0.0,0.0,0.0,0.0,0.0,0.0,0.0,0.0,0.0,0.0,0.0,0.0,0.0,0.0,0.0,0.0,0.0,0.0,0.0,0.0,0.0,0.0,0.0,0.0,0.0,0.0,0.0,0.0,0.0,0.0,0.0,0.0,0.0,0.0,0.0,0.0,0.0,0.0,0.0,0.0,0.0,0.0,0.0,0.0,0.0,0.0,0.0,0.0,0.0,0.0,0.0,0.0,0.0,0.0,0.0,0.0,0.0,0.0,0.0,0.0,0.0,0.0,0.0,0.0,0.0,0.0,0.0,0.0,0.0,0.0,0.0,0.0,0.0,0.0,0.0,0.0,0.0,0.0,0.0,0.0,0.0,0.0,0.0,0.0
Reef 250,0.000847547,0.0,0.0,0.0,0.0,0.0,0.0,0.0,0.0,0.0,0.0,0.0,0.0,0.0,0.0,0.0,0.0,0.0,0.0,0.0,0.0,0.0,0.0,0.0,0.0,0.0,0.0,0.0,0.0,0.0,0.0,0.0,0.0,0.0,0.0,0.0,0.0,0.0,0.0,0.0,0.0,0.0,0.0,0.0,0.0,0.0,0.0,0.0,0.0,0.0,0.0,0.0,0.0,0.0,0.0,0.0,0.0,0.0,0.0,0.0,0.0,0.0,0.0,0.0,0.0,0.0,0.0,0.0,0.0,0.0,0.0,0.0,0.0,0.0,0.0,0.0,0.0,0.0,0.0,0.0,0.0,0.0,0.0,0.0,0.0,0.0,0.0,0.0,0.0,0.0,0.0,0.0,0.0,0.0,0.0,0.0,0.0,0.0,0.0,0.0,0.0,0.0,0.0,0.0,0.0,0.0,0.0,0.0,0.0,0.0,0.0,0.0,0.0,0.0,0.0,0.0,0.0,0.0,0.0,0.0,0.0,0.0,0.0,0.0,0.0,0.0,0.0,0.0,0.0,0.0,0.0,0.0,0.0,0.0,0.0,0.0,0.0,0.0,0.0,0.0,0.0,0.0,0.0,0.0,0.0,0.0,0.0,0.0,0.0,0.0,0.0,0.0,0.0,0.0,0.0,0.0,0.0,0.0,0.0,0.0,0.00185728,0.0,0.0,0.0,0.0,0.0,0.0,0.0,0.0,0.0,0.0,0.000591314,0.00047177,0.0,0.0,0.0,0.0,0.0,0.0,0.0,0.0,0.0,0.0,0.0,0.0,0.0,0.0,0.0,0.0,0.0,0.0,0.0,0.0,0.0,0.0,0.0,0.0,0.0,0.0,0.0,0.0,0.0,0.0,0.0,0.0,0.0,0.0,0.0,0.0,0.0,0.0,0.0,0.0,0.0,0.0,0.0,0.0,0.0,0.0,0.0,0.0,0.0,0.00134605,0.0,0.0,0.0,0.0,0.00201431,0.0,0.0,0.000808355,0.0,0.0,0.000671018,0.0,0.0,0.0,0.0,0.00135276,0.0,0.0,0.0,0.0,0.0,0.0010996,0.0,0.0,0.0,0.0,0.0,0.000513092,0.0,0.0,0.0,0.000734274,0.0,0.0,0.0,0.00101745,0.0,0.0,0.0,0.0,0.0,0.0,0.0,0.0,0.000634334,0.0,0.0,0.000565108,0.00151026,0.0,0.0365888,0.0,0.0,0.0,0.00117993,0.0,0.0,0.0,0.0,0.0,0.0,0.0,0.0,0.0,0.0,0.0,0.0,0.0,0.0,0.0,0.0,0.0,0.0,0.0,0.0,0.0,0.0,0.0,0.0,0.0,0.0,0.0,0.0,0.0,0.0,0.0,0.0,0.0,0.0,0.0,0.0,0.0,0.0,0.0,0.0,0.0,0.0,0.0,0.0,0.0,0.0,0.0,0.0,0.0,0.0,0.0,0.0,0.0,0.0,0.0,0.0,0.0,0.0,0.0,0.0,0.0,0.0,0.0,0.0,0.0,0.0,0.0,0.0,0.0,0.0,0.0,0.0,0.0,0.0,0.0,0.0,0.0,0.0,0.0,0.0,0.0,0.0,0.0,0.0,0.0,0.0,0.0,0.0,0.0,0.0,0.0,0.0,0.0,0.0,0.0,0.0,0.0,0.0,0.0,0.0,0.0,0.0,0.0,0.0,0.0,0.0,0.0,0.0,0.0,0.0,0.0,0.0,0.0,0.0,0.0,0.0,0.0,0.0,0.0,0.0,0.0,0.0,0.0,0.0,0.0,0.0,0.0,0.0,0.0,0.0,0.0,0.0,0.0,0.0,0.0,0.0,0.0,0.0,0.0,0.0,0.0,0.0,0.0,0.0,0.0
Reef 251,4.29e-06,0.0,0.0,0.0,0.0,0.0,0.0,0.0,0.0,0.0,0.0,0.0,0.0,0.0,0.0,0.0,0.0,0.0,0.0,0.0,0.0,0.0,0.0,0.0,0.0,0.0,0.0,0.0,0.0,0.0,0.0,0.0,0.0,0.0,0.0,0.0,0.0,0.0,0.0,0.0,0.0,0.0,0.0,0.0,0.0,0.0,0.0,0.0,0.0,0.0,0.0,0.0,0.0,0.0,0.0,0.0,0.0,0.0,0.0,0.0,0.0,0.0,0.0,0.0,0.0,0.0,0.0,0.0,0.0,0.0,0.0,0.0,0.0,0.0,0.0,0.0,0.0,0.0,0.0,0.0,0.0,0.0,0.0,0.0,0.0,0.0,0.0,0.0,0.0,0.0,0.0,0.0,0.0,0.0,0.0,0.0,0.0,0.0,0.0,0.0,0.0,0.0,0.0,0.0,0.0,0.0,0.0,0.0,0.0,0.0,0.0,0.0,0.0,0.0,0.0,0.0,0.0,0.0,0.0,0.0,0.0,0.0,0.0,0.0,0.0,0.0,0.0,0.0,0.0,0.0,0.0,0.0,0.0,0.0,0.0,0.0,1.39e-05,0.0,0.0,0.0,0.0,0.0,0.0,0.0,0.0,0.0,0.0,0.0,0.0,0.0,0.0,0.0,0.0,0.0,0.0,0.0,0.0,0.0,0.0,0.0,0.000388898,0.0,0.0,0.0,0.0,0.0,0.0,0.0,0.000175154,0.0,0.0,3.98e-05,0.000241568,8.23e-06,0.0,0.0,7.46e-05,0.0,0.0,0.0,0.0,0.0,0.0,0.0,0.0,0.0,0.0,0.0,0.0,0.0,0.0,0.0,0.0,0.0,0.0,0.0,0.0,0.0,0.0,0.0,0.0,0.0,0.0,0.0,0.0,0.0,0.0,0.0,0.0,0.0,0.0,0.0,0.0,0.0,0.0,0.0,0.0,0.0,0.0,0.0,0.0,0.0,9.42e-06,0.0,0.0,0.0,0.0,6.71e-05,0.0,0.0,0.000479403,0.0,0.0,2.29e-05,1.74e-05,0.0,0.0,7.62e-05,0.0104575,0.0,0.0,0.0,3.69e-05,0.000159851,1.76e-05,0.0,0.0,0.0,2.62e-05,2.9e-05,0.00495178,0.0,0.0,2.55e-05,0.000128886,0.0,0.0,8.91e-06,0.0104705,0.0,0.0,0.0,0.0,0.0,0.0,0.0,0.0,0.000340344,0.0,0.0,3.7e-05,0.000125921,0.0,0.00626011,0.0,0.0,0.0,0.000215161,0.000774454,0.0,0.0,0.0,0.0,1.28e-05,0.0,0.000175757,0.000125846,0.0,0.0,0.0,0.0,0.0,0.0,0.000887896,0.00111094,3.7e-05,0.0,0.0,0.0,0.0,4.96e-05,0.0,0.0,0.0,3.21e-05,0.0,0.0,0.0,0.0,0.0,0.0,0.0,0.0,0.0,0.0,0.0,0.0,0.0,0.0,0.0,0.0,0.0,0.0,0.0,0.0,0.0,0.0,0.0,0.0,0.0,0.0,0.0,0.0,0.0,0.0,0.0,0.0,0.0,0.0,0.0,0.0,0.0,0.0,0.0,0.0,0.0,0.0,0.0,0.0,0.0,0.0,0.0,0.0,0.0,0.0,0.0,0.0,0.0,0.0,0.0,0.0,0.0,0.0,0.0,0.0,0.0,0.0,0.0,0.0,0.0,0.0,0.0,0.0,0.0,0.0,0.0,0.0,0.0,0.0,0.0,0.0,0.0,0.0,0.0,0.0,0.0,0.0,0.0,0.0,0.0,0.0,0.0,0.0,0.0,0.0,0.0,0.0,0.0,0.0,0.0,0.0,0.0,0.0,0.0,0.0,0.0,0.0,0.0,0.0,0.0,0.0,0.0,0.0,0.0,0.0,0.0,0.0,0.0,0.0,0.0,0.0,0.0,0.0
Reef 252,0.0,0.0,0.0,0.0,0.0,0.0,0.0,2.7e-06,0.0,0.0,0.0,0.0,0.0,3.82e-05,1.35e-05,0.0,0.0,1.79e-06,8.54e-06,0.0,1.69e-06,2.31e-06,0.0,6.91e-05,0.0,0.0,0.0,0.0,0.0,2.09e-05,0.0,0.0,0.0,0.0,0.0,0.0,0.0,0.000132087,0.0,0.0,0.0,0.0,4e-06,0.0,0.000487934,1.77e-05,6.25e-06,5.94e-05,0.0,1.63e-06,0.0,0.0,0.000211682,5.49e-05,0.00028209,0.0,0.0,0.0,0.0,0.0,0.0,0.0,0.0,0.0,0.0,0.0,0.0,0.0,0.0,0.0,0.0,0.0,0.0,0.0,0.0,1.5e-05,1.65e-06,0.0,0.0,0.0,0.0,0.0,0.0,0.0,0.0,0.0,0.0,0.0,0.0,4.05e-06,2.35e-06,0.0,0.0,0.0,0.0,5.45e-05,0.0,0.0,1.66e-05,0.0,0.0,0.0,0.0,0.0,0.0,0.0,0.0,2.59e-06,4.82e-06,0.0,0.0,0.0,9.34e-06,1.76e-06,0.0,0.0,0.0,0.0,1.91e-06,2.38e-06,0.0,0.0,0.0,0.0,2.44e-06,0.0,1.2e-05,0.0,0.0,0.0,0.0,0.0,0.000593215,1.7e-06,0.0,1.8e-06,0.0,5.51e-06,0.0,3.08e-06,0.0,1.49e-05,8e-06,2.4e-06,4.83e-06,3.15e-06,4.5e-06,0.0,0.0,0.0,0.0,9.52e-05,0.0,0.0,0.0,0.0,0.0,1.68e-06,1.03e-05,5.53e-06,0.0,0.0,0.0,2.31e-06,2.41e-05,4.64e-06,1.71e-05,0.0,0.0,0.000114963,0.0,0.0,0.0,0.0,1.61e-05,0.0,0.0,0.0,0.000503299,0.0,0.0,0.0,0.0,0.0,0.0,0.0,0.000703999,0.0,0.0,0.0,0.0,2.53e-06,0.0,0.0,0.0,0.0,0.0,0.0,0.00152782,0.0,0.0,0.0,0.0,0.0,0.0,0.00382182,0.000173349,0.0,0.0,0.0,0.0,0.0,0.0,0.0,0.0,0.0,0.0,0.0,0.00858628,0.0,0.0,0.0,0.0,0.0158112,0.0,0.0,0.0,0.0,0.0,0.0,0.0,0.0,0.0571497,0.0,0.0,0.0,0.0,0.0,0.0,0.0,0.0,0.0,0.0,0.0,0.0,0.000386423,0.0,0.0,0.0,0.0,0.0,0.0355312,0.0,0.0,0.0,0.0,0.0,0.0,0.0,0.0,0.0,0.0,0.0,0.0,0.0,0.0,0.0,0.0,0.00129629,0.0,0.0,0.0,0.0,0.0,0.00308822,0.0,0.0,0.0,0.0,0.0,0.0,0.0,0.0,0.0,0.0,0.0,0.0,0.0,0.000235407,0.0,0.000242241,0.000166941,0.000573948,0.0,0.0,0.0,3.7e-05,0.0,0.0,2.86e-05,0.0,0.0,2.96e-05,0.0,0.0,0.00158775,2.71e-05,7.23e-06,1.07e-05,3.37e-06,0.0,0.0,0.0,0.0,0.0,0.0,0.0,0.0,0.0,0.0,0.0,0.0,0.0,0.0,0.0,0.0,0.0,0.0,0.0,0.0,0.0,0.0,0.0,0.0,0.0,0.0,0.0,0.0,0.0,0.0,0.0,0.0,0.0,0.0,0.0,0.0,0.0,0.0,0.0,0.0,0.0,0.0,0.0,0.0,0.0,0.0,0.0,0.0,0.0,0.0,0.0,0.0,0.0,0.0,0.0,0.0,0.0,0.0,0.0,0.0,0.0,0.0,0.0,0.0,0.0,0.0,0.0,0.0,0.0,0.0,0.0,0.0,0.0,0.0,0.0,0.0,0.0,0.0,0.0,0.0,0.0,0.0,0.0,0.0,0.0,0.0,0.0,0.0,0.0,0.0,0.0,0.0,0.0,0.0,0.0,0.0,0.0,0.0,0.0,0.0,0.0,0.0,0.0,0.0,0.0,0.0,0.0,0.0,0.0,0.0,0.0,0.0,0.0
Reef 253,0.0,0.0,0.0,0.0,0.0,0.0,0.0,0.0,0.0,0.0,0.0,0.0,0.0,8.21e-06,1.17e-05,0.0,0.0,0.0,1.04e-05,0.0,0.0,0.0,0.0,1.61e-05,0.0,0.0,0.0,0.0,0.0,4.11e-05,0.0,0.0,0.0,0.0,0.0,0.0,0.0,0.000110732,0.0,0.0,0.0,0.0,0.0,0.0,0.0,0.0,0.0,2.53e-05,0.0,0.0,0.0,0.0,2.91e-06,3.4e-06,4.15e-05,0.0,0.0,0.0,0.0,0.0,0.0,0.0,0.0,0.0,0.0,0.0,0.0,0.0,0.0,0.0,0.0,0.0,0.0,0.0,0.0,4.21e-06,0.0,0.0,0.0,0.0,0.0,0.0,0.0,0.0,0.0,0.0,0.0,0.0,0.0,0.0,5.4e-06,0.0,0.0,0.0,0.0,0.000163703,0.0,0.0,0.0,0.0,0.0,0.0,0.0,0.0,0.0,0.0,0.0,0.0,0.0,0.0,0.0,0.0,2.92e-05,0.0,0.0,0.0,0.0,0.0,2.22e-05,0.0,0.0,0.0,0.0,0.0,0.0,2.17e-06,0.000109427,0.0,0.0,0.0,0.0,0.0,0.0,0.0,0.0,0.0,0.0,0.0,0.0,0.0,0.0,0.0,0.0,6.74e-06,0.0,0.0,0.000964704,0.0,0.0,0.00021296,0.0,0.00045619,0.000324517,0.0,3.2e-06,0.0,0.0,0.0,0.0,6.31e-06,0.000101918,0.0,0.0,0.0,0.0,0.00021289,0.00102765,3.52e-06,1.53e-05,0.0,0.0,4.73e-05,2.2e-05,2.91e-06,0.0,6.99e-06,1.23e-05,0.0,4.48e-06,0.0,0.0,6.58e-06,0.0,0.0,0.0,0.000184352,9.3e-06,7.43e-06,1.89e-05,0.0,0.0,0.0,4.76e-06,0.0,3.06e-06,3.55e-06,0.0,0.0,3.9e-06,0.0,2.14e-05,3.91e-06,0.0,7.74e-06,0.0,3.73e-06,0.0001,0.0,0.0,0.000314257,5.09e-06,6.69e-06,0.000696169,0.000120606,2.66e-05,4.16e-06,3.86e-06,6.42e-06,3.21e-06,4.63e-06,3.55e-06,0.00128648,1.22e-05,1.45e-05,3.79e-05,0.0,0.00030523,1.6e-05,0.0,0.0,3.87e-05,0.0,4.8e-05,6.27e-06,0.0,4.26e-06,0.0,0.0,0.0,2.45e-06,0.00033573,3.19e-06,0.0,0.0,0.0,0.000621213,1.18e-05,0.0,0.0,0.0,0.0,2.23e-05,0.00793107,2.02e-06,0.0,0.0,0.0,0.0,0.0,7.36e-05,0.0,0.0,0.0,0.0,0.0191556,0.0,0.0,3.01e-05,1.92e-06,4.57e-06,0.0,0.0,0.00487658,0.0,7.64e-06,0.00176506,0.00111372,0.0,0.0,0.00225356,0.0,0.0108666,0.0,0.0,0.0,0.0,0.0,3.71e-06,0.000177789,7.7e-05,8.55e-05,0.000289134,0.000422636,0.0,0.0,0.0,5.95e-05,0.000514471,0.00738619,3.29e-06,0.0,0.0,0.000247756,0.0,0.0,0.0,1.03e-05,0.0,5.13e-06,0.0,0.0,0.0,0.0,0.00047728,3.93e-06,0.0,0.0,6.17e-05,3.02e-06,0.0,3.31e-05,1.67e-05,2.58e-06,0.0,0.0,1.98e-05,0.0,2.53e-06,0.0,3.43e-06,2.55e-05,0.0,0.0,1.48e-05,0.0,8.19e-06,3.13e-06,0.0,0.0,0.0,0.0,0.0,0.0,0.0,0.0,0.0,0.0,0.0,0.0,0.0,0.0,0.0,0.0,0.0,0.0,0.0,0.0,0.0,0.0,0.0,0.0,0.0,0.0,0.0,0.0,0.0,0.0,0.0,0.0,0.0,0.0,0.0,0.0,0.0,0.0,0.0,0.0,0.0,0.0,0.0,0.0,0.0,0.0,0.0,0.0,0.0,0.0,0.0,0.0,0.0,0.0,0.0,0.0,0.0,0.0,0.0,0.0,0.0,0.0,0.0,0.0,0.0,0.0,0.0,0.0,0.0,0.0,0.0,0.0,0.0,0.0,0.0,0.0,0.0,0.0,0.0,0.0,0.0,0.0,0.0,0.0,0.0,0.0
Reef 254,0.0,0.0,0.0,0.0,0.0,0.0,0.0,0.0,0.0,0.0,0.0,0.0,0.0,0.0,0.0,0.0,0.0,0.0,0.0,0.0,0.0,0.0,0.0,0.0,0.0,0.0,0.0,0.0,0.0,0.0,0.0,0.0,0.0,0.0,0.0,0.0,0.0,0.0,0.0,0.0,0.0,0.0,0.0,0.0,0.0,0.0,0.0,0.0,0.0,0.0,0.0,0.0,0.0,0.0,0.0,0.0,0.0,0.0,0.0,0.0,0.0,0.0,0.0,0.0,0.0,0.0,0.0,0.0,0.0,0.0,0.0,0.0,0.0,0.0,0.0,0.0,0.0,0.0,0.0,0.0,0.0,0.0,0.0,0.0,0.0,0.0,0.0,0.0,0.0,0.0,0.0,0.0,0.0,0.0,0.0,0.0,0.0,0.0,0.0,0.0,0.0,0.0,0.0,0.0,0.0,0.0,0.0,0.0,0.0,0.0,0.0,0.0,0.0,0.0,0.0,0.0,0.0,5.25e-05,0.0,0.0,0.0,0.0,0.0,0.0,0.0,0.0,0.0,0.0,0.0,6.47e-05,0.0,2.81e-05,0.0,0.0,0.0,0.0,0.000797993,0.0,0.0,0.0,1.32e-05,0.0,0.0,0.0,0.0,0.0,0.0,0.0,0.0,0.0,0.0,0.0,0.0,0.0,0.0,0.0,1.68e-05,0.0,0.0,6.02e-05,6.48e-05,0.0,0.0,0.0,0.0,1.98e-05,7.86e-05,8.95e-06,0.000207631,0.0,0.0,0.000136695,0.000117417,4.46e-05,0.0,2.82e-05,0.0001952,0.0,0.0,0.0,0.0,1.18e-05,0.0,0.0,0.0,9.99e-06,0.0,0.0,0.0,0.0,0.0,0.0,0.0,0.0,0.0,0.0,0.0,0.0,0.0,0.0,1.29e-05,0.0,0.0,0.0,0.0,0.0,0.0,0.0,0.0,0.000214784,8.19e-06,8.62e-05,0.000210952,2.19e-05,2.46e-05,2.05e-05,1.04e-05,0.000138323,0.0,3.52e-05,0.000175897,0.0,0.000257403,0.0,8.03e-05,0.0,0.000115176,1.92e-05,0.0,0.0,0.000120886,0.0,0.0,5.07e-05,8.18e-05,9.09e-06,0.0,1.88e-05,0.0,0.0,0.000682088,0.000114234,0.0,0.0,2.25e-05,0.0,0.0,3.9e-05,7.7e-05,1.71e-05,0.0,0.0,2.34e-05,0.0412391,2.49e-05,3.64e-05,9.39e-05,0.0052439,1.83e-05,1.1e-05,0.000685736,0.000436797,8.4e-05,2.03e-05,0.000944333,0.000211066,0.0148217,0.00583773,0.0,0.00368812,8.05e-05,1.73e-05,0.00013097,0.000381901,0.0,8.57e-05,8.09e-05,9.81e-06,0.0,6.35e-05,6.36e-05,0.00043039,0.00540818,0.0,5.75e-05,0.0,0.0,0.0,0.0,0.000201313,0.0,0.0,0.0,0.0,0.0,0.0,0.0,2.6e-05,0.00061158,0.0,0.0,0.0,0.0,0.0,0.0,0.0,0.0,0.0,0.0,0.0,0.0,0.0,0.0,0.0,0.0,0.0,0.0,0.0,0.0,0.0,0.0,0.0,0.0,0.0,0.0,0.0,0.0,0.0,0.0,0.0,0.0,0.0,0.0,0.0,0.0,0.0,0.0,0.0,0.0,0.0,0.0,0.0,0.0,0.0,0.0,0.0,0.0,0.0,0.0,0.0,0.0,0.0,0.0,0.0,0.0,0.0,0.0,0.0,0.0,0.0,0.0,0.0,0.0,0.0,0.0,0.0,0.0,0.0,0.0,0.0,0.0,0.0,0.0,0.0,0.0,0.0,0.0,0.0,0.0,0.0,0.0,0.0,0.0,0.0,0.0,0.0,0.0,0.0,0.0,0.0,0.0,0.0,0.0,0.0,0.0,0.0,0.0,0.0,0.0,0.0,0.0,0.0,0.0,0.0,0.0,0.0,0.0,0.0,0.0,0.0,0.0,0.0,0.0,0.0,0.0,0.0,0.0,0.0,0.0,0.0,0.0,0.0,0.0
Reef 255,0.000695756,0.0,0.0,0.0,0.0,0.0,0.0,0.0,0.0,0.0,0.0,0.0,0.0,0.0,0.0,0.0,0.0,0.0,0.0,0.0,0.0,0.0,0.0,0.0,0.0,0.0,0.0,0.0,0.0,0.0,0.0,0.0,0.0,0.0,0.0,0.0,0.0,0.0,0.0,0.0,0.0,0.0,0.0,0.0,0.0,0.0,0.0,0.0,0.0,0.0,0.0,0.0,0.0,0.0,0.0,0.0,0.0,0.0,0.0,0.0,0.0,0.0,0.0,0.0,0.0,0.0,0.0,0.0,0.0,0.0,0.0,0.0,0.0,0.0,0.0,0.0,0.0,0.0,0.0,0.0,0.0,0.0,0.0,0.0,0.0,0.0,0.0,0.0,0.0,0.0,0.0,0.0,0.0,0.0,0.0,0.0,0.0,0.0,0.0,0.0,0.0,0.0,0.0,0.0,0.0,0.0,0.0,0.0,0.0,0.0,0.0,0.0,0.0,0.0,0.0,0.0,0.0,0.0,0.0,0.0,0.0,0.0,0.0,0.0,0.0,0.0,0.0,0.0,0.0,0.0,0.0,0.0,0.0,0.0,0.0,0.0,0.000305383,0.0,0.0,0.0,0.0,0.0,0.0,0.0,0.0,0.0,0.0,0.0,0.0,0.0,0.0,0.0,0.0,0.0,0.0,0.0,0.0,0.0,0.0,0.0,0.00176658,0.0,0.0,0.0,0.0,0.0,0.0,4.31e-05,0.000334642,0.0,0.0,0.000591163,0.00037603,5.34e-05,0.0,0.0,0.000230688,0.0,0.0,0.0,0.0,0.0,0.0,0.0,0.0,4.82e-05,0.0,0.0,0.0,0.0,0.0,0.0,0.0,0.0,0.0,0.0,0.0,0.0,0.0,0.0,0.0,0.0,0.0,0.0,0.0,0.0,0.0,0.0,0.0,0.0,0.0,0.0,0.0,0.0,0.0,0.0,4.39e-05,0.000125902,0.0,0.000197479,0.00010645,0.0,0.00113769,0.0,0.0,0.0,0.0,9.12e-05,0.0,0.0,0.000196945,0.0,0.0,7.29e-05,3.98e-05,0.0,0.0,0.000151781,0.000119823,0.0,0.0,0.0,4.22e-05,8.82e-05,0.000274866,0.0,0.0,0.0,0.000207808,4.34e-05,4.3e-05,0.0,0.0,0.00022168,0.00198849,0.0,0.0,0.000122202,0.000265984,0.0,0.0,0.0,0.0,0.0,0.0,0.0,0.000101691,0.000383164,0.0,9e-05,0.000152749,0.00158148,0.0,0.0374979,0.0,0.0,0.0,0.00119541,0.0,0.0,0.0,0.0,0.000135825,5.39e-05,0.0,0.0,0.0,0.0,0.0,0.0,0.0,0.0,0.0,0.0,0.0,0.0,0.0,0.0,0.0,0.0,0.0,0.0,0.0,0.0,0.0,0.0,0.0,0.0,0.0,0.0,0.0,0.0,0.0,0.0,0.0,0.0,0.0,0.0,0.0,0.0,0.0,0.0,0.0,0.0,0.0,0.0,0.0,0.0,0.0,0.0,0.0,0.0,0.0,0.0,0.0,0.0,0.0,0.0,0.0,0.0,0.0,0.0,0.0,0.0,0.0,0.0,0.0,0.0,0.0,0.0,0.0,0.0,0.0,0.0,0.0,0.0,0.0,0.0,0.0,0.0,0.0,0.0,0.0,0.0,0.0,0.0,0.0,0.0,0.0,0.0,0.0,0.0,0.0,0.0,0.0,0.0,0.0,0.0,0.0,0.0,0.0,0.0,0.0,0.0,0.0,0.0,0.0,0.0,0.0,0.0,0.0,0.0,0.0,0.0,0.0,0.0,0.0,0.0,0.0,0.0,0.0,0.0,0.0,0.0,0.0,0.0,0.0,0.0,0.0,0.0,0.0,0.0,0.0,0.0,0.0,0.0,0.0,0.0,0.0,0.0,0.0,0.0,0.0
Reef 256,0.0,0.0,0.0,0.0,0.0,0.0,0.0,0.0,0.0,0.0,0.0,0.0,0.0,0.0,0.0,0.0,0.0,0.0,0.0,0.0,0.0,0.0,0.0,0.0,0.0,0.0,0.0,0.0,0.0,0.0,0.0,0.0,0.0,0.0,0.0,0.0,0.0,0.0,0.0,0.0,0.0,0.0,0.0,0.0,0.0,0.0,0.0,0.0,0.0,0.0,0.0,0.0,0.0,0.0,0.0,0.0,0.0,0.0,0.0,0.0,0.0,0.0,0.0,0.0,0.0,0.0,0.0,0.0,0.0,0.0,0.0,0.0,0.0,0.0,0.0,0.0,0.0,0.0,0.0,0.0,0.0,0.0,0.0,0.0,0.0,0.0,0.0,0.0,0.0,0.0,0.0,0.0,0.0,0.0,0.0,0.0,0.0,0.0,0.0,0.0,0.0,0.0,0.0,0.0,0.0,0.0,0.0,0.0,0.0,0.0,0.0,0.0,0.0,0.0,0.0,0.0,0.0,0.0,0.0,0.0,0.0,0.0,0.0,0.0,0.0,0.0,0.0,0.0,0.0,0.0,0.0,0.0,0.0,0.0,0.0,0.0,0.0,0.0,0.0,0.0,0.0,0.0,0.0,0.0,0.0,0.0,0.0,0.0,0.0,0.0,0.0,0.0,0.0,0.0,0.0,0.0,0.0,0.0,0.0,0.0,0.0,0.0,0.0,0.0,0.0,0.0,0.0,0.0,0.0,0.0,0.0,0.0,0.0,0.0,0.0,0.0,0.0,0.0,0.0,0.0,0.0,0.0,0.0,0.0,0.0,0.0,0.0,0.0,0.0,0.0,0.0,0.0,0.0,0.0,0.0,0.0,0.0,0.0,0.0,0.0,0.0,0.0,0.0,0.0,0.0,0.0,0.0,0.0,0.0,0.0,0.0,0.0,0.0,0.0,0.000466504,0.0,0.0,0.0,0.0,0.0,0.0,0.0,0.0,0.0,0.0,0.0,0.0,0.0,0.0,0.0,0.0,0.0,0.0,0.0,0.0,0.0,0.0,0.0,0.0,0.0,0.0,0.0,0.0,0.0,0.0,0.0,0.0,0.0,0.0,0.0,0.0,0.0,0.0,0.0,0.0,0.0020794,0.0,0.0,0.0,0.0,0.000719275,0.0109874,0.00052583,0.0,0.000437594,0.000446999,0.0010073,0.0,0.0,0.000243749,0.0,0.0,0.0,0.0,0.0,0.0,0.0,0.0,0.0,0.0,0.000513234,0.0,0.000415934,0.0,0.000631028,0.0,0.0,0.0,0.0,0.0,0.0,0.0,0.0,0.0,0.0,0.0,0.0,0.0,0.000816569,0.0,0.0,0.0,0.0,0.0,0.0,0.0,0.0,0.0,0.0,0.0,0.0,0.0,0.0,0.0,0.0,0.0,0.0,0.0,0.0,0.0,0.0,0.0,0.0,0.0,0.0,0.0,0.0,0.0,0.0,0.0,0.0,0.0,0.0,0.0,0.0,0.0,0.0,0.0,0.0,0.0,0.0,0.0,0.0,0.0,0.0,0.0,0.0,0.0,0.0,0.0,0.0,0.0,0.0,0.0,0.0,0.0,0.0,0.0,0.0,0.0,0.0,0.0,0.0,0.0,0.0,0.0,0.0,0.0,0.0,0.0,0.0,0.0,0.0,0.0,0.0,0.0,0.0,0.0,0.0,0.0,0.0,0.0,0.0,0.0,0.0,0.0,0.0,0.0,0.0,0.0,0.0,0.0,0.0,0.0,0.0,0.0,0.0,0.0,0.0,0.0,0.0,0.0,0.0,0.0,0.0,0.0,0.0,0.0,0.0,0.0,0.0,0.0,0.0,0.0,0.0,0.0,0.0,0.0,0.0,0.0,0.0,0.0,0.0
Reef 257,0.0,0.0,0.0,0.0,0.0,0.0,0.0,0.0,0.0,0.0,0.0,0.0,0.0,0.0,0.0,0.0,0.0,0.0,0.0,0.0,0.0,0.0,0.0,0.0,0.0,0.0,0.0,0.0,0.0,0.0,0.0,0.0,0.0,0.0,0.0,0.0,0.0,0.0,0.0,0.0,0.0,0.0,0.0,0.0,0.0,0.0,0.0,0.0,0.0,0.0,0.0,0.0,0.0,0.0,0.0,0.0,0.0,0.0,0.0,0.0,0.0,0.0,0.0,0.0,0.0,0.0,0.0,0.0,0.0,0.0,0.0,0.0,0.0,0.0,0.0,0.0,0.0,0.0,0.0,0.0,0.0,0.0,0.0,0.0,0.0,0.0,0.0,0.0,0.0,0.0,0.0,0.0,0.0,0.0,0.0,0.0,0.0,0.0,0.0,0.0,0.0,0.0,0.0,0.0,0.0,0.0,0.0,0.0,0.0,0.0,0.0,0.0,0.0,0.0,0.0,0.0,0.0,0.0,0.0,0.0,0.0,0.0,0.0,0.0,0.0,0.0,0.0,0.0,0.0,0.0,0.0,0.0,0.0,0.0,0.0,0.0,0.0,0.0,0.0,0.0,0.0,0.0,0.0,0.0,0.0,0.0,0.0,0.0,0.0,0.0,0.0,0.0,0.0,0.0,0.0,0.0,0.0,0.0,0.0,0.0002472,0.0,0.0,0.0,0.0,0.0,0.0,0.000334242,0.0,0.0,0.0,0.0,0.0,0.0,0.0,0.0,0.0,0.0,0.0,0.0,0.0,0.0,0.0,0.0,0.0,0.0,0.00050009,0.0,0.0,0.0,0.0,0.0,0.0,0.0,0.0,0.0,0.0,0.0,0.0,0.0,0.0,0.0,0.0,0.0,0.0,0.0,0.0,0.0,0.0,0.0,0.000644946,0.0,0.000255088,0.000649608,0.000402422,0.0,0.0,0.0,0.0,0.0,0.0,0.0,0.0,0.000187253,0.0,0.000179927,0.0,0.000312962,0.0022343,0.0,0.0,0.000570409,0.0,0.0,0.000261813,0.000200784,0.0,0.0,0.0,0.0,0.0,0.00154308,0.000209775,0.0,0.0,0.0,0.0,0.0,0.0,0.00653599,0.0,0.0,0.0,0.0,0.0173498,0.0,0.0,0.0024813,0.00233753,0.0,0.0,0.000517098,0.000506954,0.0,0.0,0.00268585,0.000151602,0.000790281,0.00446308,0.0,0.0051951,0.000151512,0.0,0.000287891,0.0029424,0.0,0.000168605,0.000160299,0.0,0.0,0.0,0.000485913,0.000789171,0.000148846,0.0,0.0,0.0,0.0,0.0,0.0,0.000371536,0.0,0.0,0.0,0.0,0.0,0.0,0.0,0.0,0.00118706,0.0,0.0,0.0,0.0,0.0,0.0,0.0,0.0,0.0,0.0,0.0,0.0,0.0,0.0,0.0,0.0,0.0,0.0,0.0,0.0,0.0,0.0,0.0,0.0,0.0,0.0,0.0,0.0,0.0,0.0,0.0,0.0,0.0,0.0,0.0,0.0,0.0,0.0,0.0,0.0,0.0,0.0,0.0,0.0,0.0,0.0,0.0,0.0,0.0,0.0,0.0,0.0,0.0,0.0,0.0,0.0,0.0,0.0,0.0,0.0,0.0,0.0,0.0,0.0,0.0,0.0,0.0,0.0,0.0,0.0,0.0,0.0,0.0,0.0,0.0,0.0,0.0,0.0,0.0,0.0,0.0,0.0,0.0,0.0,0.0,0.0,0.0,0.0,0.0,0.0,0.0,0.0,0.0,0.0,0.0,0.0,0.0,0.0,0.0,0.0,0.0,0.0,0.0,0.0,0.0,0.0,0.0,0.0,0.0,0.0,0.0,0.0,0.0,0.0,0.0,0.0,0.0,0.0,0.0,0.0,0.0,0.0,0.0,0.0
Reef 258,0.0,0.0,0.0,0.0,0.0,0.0,0.0,0.0,0.0,0.0,0.0,0.0,0.0,0.0,0.0,0.0,0.0,0.0,0.0,0.0,0.0,0.0,0.0,0.0,0.0,0.0,0.0,0.0,0.0,0.0,0.0,0.0,0.0,0.0,0.0,0.0,0.0,0.0,0.0,0.0,0.0,0.0,0.0,0.0,0.0,0.0,0.0,0.0,0.0,0.0,0.0,0.0,0.0,0.0,0.0,0.0,0.0,0.0,0.0,0.0,0.0,0.0,0.0,0.0,0.0,0.0,0.0,0.0,0.0,0.0,0.0,0.0,0.0,0.0,0.0,0.0,0.0,0.0,0.0,0.0,0.0,0.0,0.0,0.0,0.0,0.0,0.0,0.0,0.0,0.0,0.0,0.0,0.0,0.0,0.0,0.0,0.0,0.0,0.0,0.0,0.0,0.0,0.0,0.0,0.0,0.0,0.0,0.0,0.0,0.0,0.0,0.0,0.0,0.0,0.0,0.0,0.0,0.0,0.0,0.0,0.0,0.0,0.0,0.0,0.0,0.0,0.0,0.0,0.0,0.0,0.0,0.0,0.0,0.0,0.0,0.0,2.19e-05,0.0,0.0,0.0,0.0,0.0,0.0,0.0,0.0,0.0,1.34e-05,0.0,0.0,1.6e-05,0.0,1.15e-05,1.86e-05,0.0,0.0,0.0,0.0,0.0,0.0,0.000286567,6.99e-05,0.0,0.0,0.0,0.0,9.7e-05,0.000386707,0.0,1.58e-05,0.0,0.0,2.95e-05,5.29e-05,0.0,0.0,0.000121919,1.09e-05,0.0,0.0,0.0,0.0,5e-05,0.0,0.0,0.0,0.000588401,0.0,0.0,0.0,0.0,0.0,0.0,1.62e-05,0.0,0.0,0.0,0.0,0.0,0.0,0.0,4.22e-05,1.72e-05,0.0,1.06e-05,0.0,0.0,0.0,0.0,0.0,0.00076078,2.34e-05,0.000304168,0.000770883,0.000480264,7.27e-05,6.88e-05,4.89e-05,0.000125162,0.0,0.000105703,0.000184267,1.09e-05,1.07e-05,0.0,0.000215865,0.0,0.000364996,8.45e-05,0.0,0.0,0.000818227,0.0,0.0,0.000345451,3.21e-05,2.62e-05,0.0,9.77e-06,0.0,0.0,0.00185226,0.000249948,0.0,0.0,4.25e-05,0.0,0.0,0.000124268,0.0106803,2.84e-05,0.0,0.0,8.87e-05,0.0289954,0.000170059,5.05e-05,3.21e-05,0.0169279,0.0,3.18e-05,0.000586186,0.000595944,0.000114365,6.25e-05,0.00317598,0.000175149,0.000168767,0.0054347,0.0,0.00615729,6.33e-05,1.22e-05,0.000344399,4.62e-05,0.0,0.000198337,0.000191926,0.000129201,0.0,0.000150487,0.000108088,0.000934313,9.99e-06,0.0,8.07e-05,0.0,0.0,0.0,0.0,0.00044159,0.0,0.0,0.0,0.0,0.0,0.0,0.0,5.84e-05,0.00139553,0.0,0.0,0.0,0.0,0.0,0.0,0.0,0.0,0.0,0.0,0.0,0.0,0.0,0.0,0.0,0.0,0.0,0.0,0.0,0.0,0.0,0.0,0.0,0.0,0.0,0.0,0.0,0.0,0.0,0.0,0.0,0.0,0.0,0.0,0.0,0.0,0.0,0.0,0.0,0.0,0.0,0.0,0.0,0.0,0.0,0.0,0.0,0.0,0.0,0.0,0.0,0.0,0.0,0.0,0.0,0.0,0.0,0.0,0.0,0.0,0.0,0.0,0.0,0.0,0.0,0.0,0.0,0.0,0.0,0.0,0.0,0.0,0.0,0.0,0.0,0.0,0.0,0.0,0.0,0.0,0.0,0.0,0.0,0.0,0.0,0.0,0.0,0.0,0.0,0.0,0.0,0.0,0.0,0.0,0.0,0.0,0.0,0.0,0.0,0.0,0.0,0.0,0.0,0.0,0.0,0.0,0.0,0.0,0.0,0.0,0.0,0.0,0.0,0.0,0.0,0.0,0.0,0.0,0.0,0.0,0.0,0.0,0.0,0.0
Reef 259,1.6e-06,0.0,0.0,0.0,0.0,0.0,0.0,0.0,0.0,0.0,0.0,0.0,0.0,0.0,0.0,0.0,0.0,0.0,0.0,0.0,0.0,0.0,0.0,0.0,0.0,0.0,0.0,0.0,0.0,0.0,0.0,0.0,0.0,0.0,0.0,0.0,0.0,0.0,0.0,0.0,0.0,0.0,0.0,0.0,0.0,0.0,0.0,0.0,0.0,0.0,0.0,0.0,0.0,0.0,0.0,0.0,0.0,0.0,0.0,0.0,0.0,0.0,0.0,0.0,0.0,0.0,0.0,0.0,0.0,0.0,0.0,0.0,0.0,0.0,0.0,0.0,0.0,0.0,0.0,0.0,0.0,0.0,0.0,0.0,0.0,0.0,0.0,0.0,0.0,0.0,0.0,0.0,0.0,0.0,0.0,0.0,0.0,0.0,0.0,0.0,0.0,0.0,0.0,0.0,0.0,0.0,0.0,0.0,0.0,0.0,0.0,0.0,0.0,0.0,0.0,0.0,0.0,0.0,0.0,0.0,0.0,0.0,0.0,0.0,0.0,0.0,0.0,0.0,0.0,0.0,0.0,0.0,0.0,0.0,0.0,0.0,1.47e-05,0.0,0.0,0.0,0.0,0.0,0.0,0.0,0.0,0.0,0.0,0.0,0.0,0.0,0.0,0.0,0.0,0.0,0.0,0.0,0.0,0.0,0.0,0.0,0.000381292,0.0,0.0,0.0,0.0,0.0,0.0,0.0,0.000164919,0.0,0.0,4.05e-05,2.95e-06,8.13e-06,0.0,0.0,7.07e-05,0.0,0.0,0.0,0.0,0.0,0.0,0.0,0.0,0.0,0.0,0.0,0.0,0.0,0.0,0.0,0.0,0.0,0.0,0.0,0.0,0.0,0.0,0.0,0.0,0.0,0.0,0.0,0.0,0.0,0.0,0.0,0.0,0.0,0.0,0.0,0.0,0.0,0.0,0.0,0.0,3.85e-06,0.0,4.05e-06,1.87e-06,0.0,4.88e-06,0.0,0.0,0.0,0.0,0.00012911,0.0,0.0,0.000855347,0.0,0.0,3.94e-05,1.35e-05,0.0,0.0,2.33e-05,0.00984416,0.0,0.0,0.0,8.18e-06,2.24e-05,2.11e-06,0.0,0.0,0.0,2.63e-05,1.74e-06,0.00436267,0.0,0.0,2.42e-05,2.68e-06,0.0,0.0,1.08e-05,0.00834335,0.0,0.0,0.0,0.0,0.0,0.0,0.0,1.95e-06,1.88e-06,0.0,0.0,4.55e-05,0.000415154,0.0,2.37e-06,0.0,0.0,0.0,4.33e-06,0.000622927,0.0,0.0,0.0,0.0,1.84e-06,0.0,0.000182162,1.77e-06,0.0,0.0,0.0,0.0,0.0,0.0,0.0011481,0.00134246,8.06e-05,0.0,0.0,0.0,0.0,6.78e-05,3.25e-06,0.0,3.2e-06,7.08e-05,0.0,0.0,0.0,0.0,0.0,0.0,0.0,0.0,0.0,0.0,0.0,2.63e-06,0.0,0.0,0.0,0.0,0.0,0.0,0.0,0.0,0.0,0.0,0.0,0.0,0.0,0.0,0.0,0.0,0.0,0.0,0.0,0.0,0.0,0.0,0.0,0.0,0.0,0.0,0.0,0.0,0.0,0.0,0.0,0.0,0.0,0.0,0.0,0.0,0.0,0.0,0.0,0.0,0.0,0.0,0.0,0.0,0.0,0.0,0.0,0.0,0.0,0.0,0.0,0.0,0.0,0.0,0.0,0.0,0.0,0.0,0.0,0.0,0.0,0.0,0.0,0.0,0.0,0.0,0.0,0.0,0.0,0.0,0.0,0.0,0.0,0.0,0.0,0.0,0.0,0.0,0.0,0.0,0.0,0.0,0.0,0.0,0.0,0.0,0.0,0.0,0.0,0.0,0.0,0.0,0.0,0.0,0.0,0.0,0.0,0.0,0.0,0.0,0.0,0.0,0.0,0.0,0.0,0.0
Reef 260,0.0,0.0,0.0,0.0,0.0,0.0,0.0,0.0,0.0,0.0,0.0,0.0,0.0,0.0,0.0,0.0,0.0,0.0,0.0,0.0,0.0,0.0,0.0,0.0,0.0,0.0,0.0,0.0,0.0,0.0,0.0,0.0,0.0,0.0,0.0,0.0,0.0,0.0,0.0,0.0,0.0,0.0,0.0,0.0,0.0,0.0,0.0,0.0,0.0,0.0,0.0,0.0,0.0,0.0,0.0,0.0,0.0,0.0,0.0,0.0,0.0,0.0,0.0,0.0,0.0,0.0,0.0,0.0,0.0,0.0,0.0,0.0,0.0,0.0,0.0,0.0,0.0,0.0,0.0,0.0,0.0,0.0,0.0,0.0,0.0,0.0,0.0,0.0,0.0,0.0,0.0,0.0,0.0,0.0,0.0,0.0,0.0,0.0,0.0,0.0,0.0,0.0,0.0,0.0,0.0,0.0,0.0,0.0,0.0,0.0,0.0,0.0,0.0,0.0,0.0,0.0,0.0,0.0,0.0,0.0,0.0,0.0,0.0,0.0,0.0,0.0,0.0,0.0,0.0,0.0,0.0,0.0,0.0,0.0,0.0,0.0,1.09e-05,0.0,0.0,0.0,5.51e-06,0.0,0.0,0.0,0.0,0.0,8.31e-06,0.0,0.0,7.26e-05,0.0,7.15e-06,0.000196559,0.0,0.0,0.0,3.93e-06,0.0,0.0,0.00039415,0.000727521,0.0,0.0,0.0,0.0,6.39e-05,0.00025498,3.04e-05,0.000160161,0.0,0.0,0.000356791,0.000224875,2.88e-05,0.0,0.000666944,0.000118253,0.0,0.0,0.0,0.0,0.000274273,0.0,0.0,0.0,0.00134271,0.0,6.72e-06,0.000204006,0.0,0.0,0.0,9.06e-06,0.0,2.89e-05,1.18e-05,0.0,0.0,0.0,0.0,0.000106949,0.000190848,0.0,0.00103057,0.0,0.0,0.0,0.0,0.0,0.0020315,0.000631865,8.11e-06,2.42e-05,0.000600971,8.49e-06,0.00462616,2.77e-05,4.95e-05,0.0,2.82e-05,2.65e-05,8.92e-05,9.91e-05,0.0,0.000184346,0.0,5.3e-06,0.000114684,0.0,0.0,0.000240222,0.000146037,0.0,4.15e-05,8.42e-06,4.78e-06,0.000163719,0.0,0.0,4.61e-05,0.0177054,0.00080976,0.0,0.0,0.0,0.0,0.00292042,0.000367914,1.03e-05,0.0,0.0,0.0,7.27e-06,1.31e-05,0.0,7.82e-06,0.0,0.0,0.0,0.0553822,7.17e-06,0.000215762,1.11e-05,0.0,6.11e-06,0.000332319,0.0,0.000193982,0.0,0.00250505,0.0,0.0,0.0193311,0.0,0.0,6.2e-06,0.00260719,0.0,0.0,1.56e-05,3.6e-06,0.00175398,0.0,0.0,0.0,0.0,4.05e-06,2.44e-05,0.0,0.000332958,0.0,0.0,0.0,0.0,0.0,0.0,0.0,1.36e-05,0.000511257,0.0,0.0,0.0,0.0,0.0,0.0,0.0,0.0,0.0,0.0,0.0,0.0,0.0,0.0,0.0,0.0,0.0,0.0,0.0,0.0,0.0,0.0,0.0,0.0,0.0,0.0,0.0,0.0,1.4e-05,0.0,1.89e-05,0.0,0.0,0.0,6.65e-06,0.0,4e-06,1.76e-05,0.0,9.79e-06,0.0,0.0,0.0,5.71e-06,0.0,0.0,0.0,0.0,0.0,0.0,0.0,0.0,0.0,0.0,0.0,0.0,0.0,0.0,0.0,0.0,0.0,0.0,0.0,0.0,0.0,0.0,0.0,0.0,0.0,0.0,0.0,0.0,0.0,0.0,0.0,0.0,0.0,0.0,0.0,0.0,0.0,0.0,0.0,0.0,0.0,0.0,0.0,0.0,0.0,0.0,0.0,0.0,0.0,0.0,0.0,0.0,0.0,0.0,0.0,0.0,0.0,0.0,0.0,0.0,0.0,0.0,0.0,0.0,0.0,0.0,0.0,0.0,0.0,0.0,0.0,0.0,0.0,0.0,0.0,0.0,0.0,0.0,0.0,0.0
Reef 261,0.0,0.0,0.0,0.0,0.0,0.0,0.0,0.0,0.0,0.0,0.0,0.0,0.0,0.0,0.0,0.0,0.0,0.0,0.0,0.0,0.0,0.0,0.0,0.0,0.0,0.0,0.0,0.0,0.0,0.0,0.0,0.0,0.0,0.0,0.0,0.0,0.0,0.0,0.0,0.0,0.0,0.0,0.0,0.0,0.0,0.0,0.0,0.0,0.0,0.0,0.0,0.0,0.0,0.0,0.0,0.0,0.0,0.0,0.0,0.0,0.0,0.0,0.0,0.0,0.0,0.0,0.0,0.0,0.0,0.0,0.0,0.0,0.0,0.0,0.0,0.0,0.0,0.0,0.0,0.0,0.0,0.0,0.0,0.0,0.0,0.0,0.0,0.0,0.0,0.0,0.0,0.0,0.0,0.0,0.0,0.0,0.0,0.0,0.0,0.0,0.0,0.0,0.0,0.0,0.0,0.0,0.0,0.0,0.0,0.0,0.0,0.0,0.0,0.0,0.0,0.0,0.0,0.0,0.0,0.0,0.0,0.0,0.0,0.0,0.0,0.0,0.0,0.0,0.0,0.0,0.0,0.0,0.0,0.0,0.0,0.0,0.0,0.0,0.0,0.0,0.0,0.0,0.0,0.0,0.0,0.0,3.66e-05,0.0,0.0,8.1e-05,0.0,2.19e-05,0.000221773,0.0,0.0,0.0,0.0,0.0,0.0,0.000976467,6.66e-05,0.0,0.0,0.0,0.0,0.000156985,0.000694381,7.54e-06,3.85e-05,0.0,0.0,4e-05,5.44e-05,5.16e-06,0.0,0.000683943,2.75e-05,0.0,0.0,0.0,0.0,0.000274644,0.0,0.0,0.0,0.000211182,0.0,4.23e-05,7.68e-06,0.0,0.0,0.0,0.000219643,0.0,0.000101236,9.72e-06,0.0,0.0,0.0,0.0,1.01e-05,0.000499793,0.0,0.000632403,0.0,0.0,4.71e-06,0.0,0.0,0.000256389,0.00061178,0.000296482,0.000412702,0.000375079,0.00251461,0.000402678,3.91e-05,0.00010259,0.0,5.89e-05,5.3e-05,0.000605244,0.000131854,0.0,0.000132074,0.0,0.000534213,0.000170854,0.0,0.0,0.000244163,4.19e-06,0.0,3.75e-05,6.32e-06,0.00013938,0.0,0.0,0.0,9.29e-05,0.00016362,0.000237273,0.0,0.0,0.0,2.29e-05,1.17e-05,1.46e-05,7.98e-06,0.0,0.0,0.0,0.000150726,1.04e-05,0.0,0.000131639,5.74e-06,7.09e-06,0.0,2.63e-05,0.0154061,0.00515926,0.000312277,9.36e-06,0.000940493,0.00508118,0.000423838,0.000156602,0.0,0.00587768,0.0,0.0,3.7e-05,0.0,0.0,0.000175562,7.97e-06,0.0,0.0,0.000163846,0.000788469,7.08e-05,0.0015172,0.0,0.000163436,0.0,0.0,5.86e-06,0.0,4.85e-05,0.0,0.0,0.0,0.0,0.0,0.0,0.0,8.02e-05,0.00281329,0.0,0.0,0.0,2.2e-05,0.0,0.0,0.0,0.0,0.0,0.0,0.0,0.0,0.0,0.0,1.47e-05,0.0,0.0,0.0,4.67e-06,0.0,0.0,3.7e-05,0.0,8.09e-06,0.0,0.0,1.19e-05,0.0,0.000297743,0.0,0.000402576,6.11e-05,0.0,0.0,0.000147187,0.00023663,9.27e-05,0.00066156,0.0,0.000213109,1.99e-05,0.0,0.0,0.000128602,1.44e-05,3.21e-05,0.0,3.15e-05,0.0,0.0,0.0,0.0,5.28e-06,0.0,0.0,0.0,0.0,0.0,0.0,0.0,0.0,0.0,6.16e-06,0.0,0.0,0.0,0.0,0.0,0.0,0.0,0.0,0.0,0.0,0.0,0.0,0.0,0.0,0.0,0.0,0.0,0.0,0.0,0.0,0.0,0.0,0.0,0.0,0.0,0.0,0.0,0.0,0.0,0.0,0.0,0.0,0.0,0.0,0.0,0.0,0.0,0.0,0.0,0.0,0.0,0.0,0.0,0.0,0.0,0.0,0.0,0.0,0.0,0.0,0.0,0.0,0.0,0.0,0.0,0.0,0.0,0.0,0.0,0.0,0.0
Reef 262,0.0,0.0,0.0,0.0,0.0,0.0,0.0,0.0,0.0,0.0,0.0,0.0,0.0,0.0,0.0,0.0,0.0,0.0,0.0,0.0,0.0,0.0,0.0,0.0,0.0,0.0,0.0,0.0,0.0,0.0,0.0,0.0,0.0,0.0,0.0,0.0,0.0,0.0,0.0,0.0,0.0,0.0,0.0,0.0,0.0,0.0,0.0,0.0,0.0,0.0,0.0,0.0,0.0,0.0,0.0,0.0,0.0,0.0,0.0,0.0,0.0,0.0,0.0,0.0,0.0,0.0,0.0,0.0,0.0,0.0,0.0,0.0,0.0,0.0,0.0,0.0,0.0,0.0,0.0,0.0,0.0,0.0,0.0,0.0,0.0,0.0,0.0,0.0,0.0,0.0,0.0,0.0,0.0,0.0,0.0,0.0,0.0,0.0,0.0,0.0,0.0,0.0,0.0,0.0,0.0,0.0,0.0,0.0,0.0,0.0,0.0,0.0,0.0,0.0,0.0,0.0,0.0,0.0,0.0,0.0,0.0,0.0,0.0,0.0,0.0,0.0,0.0,0.0,0.0,0.0,0.0,0.0,0.0,0.0,0.0,0.0,0.0,0.0,0.0,0.0,0.0,0.0,0.0,0.0,0.0,0.0,1.8e-05,0.0,0.0,3.69e-05,0.0,0.0,0.00010031,0.0,0.0,0.0,0.0,0.0,0.0,0.000445034,3.63e-05,0.0,0.0,0.0,0.0,7.31e-05,0.000322753,0.0,2.36e-05,0.0,0.0,2.1e-05,3.34e-05,0.0,0.0,0.000309249,1.64e-05,0.0,0.0,0.0,0.0,0.000124444,0.0,0.0,0.0,0.0001719,0.0,1.78e-05,0.0,0.0,0.0,0.0,9.31e-05,0.0,4.12e-05,0.0,0.0,0.0,0.0,0.0,0.0,0.00021574,0.0,0.000268838,0.0,0.0,0.0,0.0,0.0,0.00021157,0.000264505,0.000149457,0.000257539,0.000241141,0.00109203,0.000178953,2.73e-05,6.8e-05,0.0,4.61e-05,2.96e-05,0.000267476,7e-05,0.0,8.03e-05,0.0,0.000263965,9.15e-05,0.0,0.0,0.000129201,0.0,0.0,1.94e-05,0.0,6.99e-05,0.0,0.0,0.0,4.07e-05,0.00024971,0.00014391,0.0,0.0,0.0,0.0,0.0,1.68e-05,0.000160044,0.0,0.0,0.0,7.65e-05,1.8e-05,0.0,0.000252859,0.000162134,3.19e-05,0.0,1.44e-05,0.00128684,0.0347669,0.000521114,0.0,0.000796727,0.000809294,0.000159776,8.14e-05,0.0,0.000465453,0.0,0.0,5.19e-05,0.0,0.0,0.000115937,2.53e-05,0.0,0.0,0.000100574,0.000646909,0.000134093,0.000666682,0.0,9.17e-05,0.0,0.0,0.0,0.0,5.34e-05,0.0,0.0,0.0,0.0,0.0,0.0,0.0,4.83e-05,0.00149578,0.0,0.0,0.0,0.0,0.0,0.0,0.0,0.0,0.0,0.0,0.0,0.0,0.0,0.0,0.0,0.0,0.0,0.0,0.0,0.0,0.0,1.68e-05,0.0,0.0,0.0,0.0,0.0,0.0,0.000134377,0.0,0.000182443,2.77e-05,0.0,0.0,6.6e-05,2.24e-05,4.19e-05,0.000289389,0.0,9.46e-05,0.0,0.0,0.0,5.63e-05,0.0,1.41e-05,0.0,1.37e-05,0.0,0.0,0.0,0.0,0.0,0.0,0.0,0.0,0.0,0.0,0.0,0.0,0.0,0.0,0.0,0.0,0.0,0.0,0.0,0.0,0.0,0.0,0.0,0.0,0.0,0.0,0.0,0.0,0.0,0.0,0.0,0.0,0.0,0.0,0.0,0.0,0.0,0.0,0.0,0.0,0.0,0.0,0.0,0.0,0.0,0.0,0.0,0.0,0.0,0.0,0.0,0.0,0.0,0.0,0.0,0.0,0.0,0.0,0.0,0.0,0.0,0.0,0.0,0.0,0.0,0.0,0.0,0.0,0.0,0.0,0.0,0.0,0.0,0.0,0.0,0.0
Reef 263,0.0,0.0,0.0,0.0,0.0,0.0,0.0,0.0,0.0,0.0,0.0,0.0,0.0,0.0,0.0,0.0,0.0,0.0,0.0,0.0,0.0,0.0,0.0,0.0,0.0,0.0,0.0,0.0,0.0,0.0,0.0,0.0,0.0,0.0,0.0,0.0,0.0,0.0,0.0,0.0,0.0,0.0,0.0,0.0,0.0,0.0,0.0,0.0,0.0,0.0,0.0,0.0,0.0,0.0,0.0,0.0,0.0,0.0,0.0,0.0,0.0,0.0,0.0,0.0,0.0,0.0,0.0,0.0,0.0,0.0,0.0,0.0,0.0,0.0,0.0,0.0,0.0,0.0,0.0,0.0,0.0,0.0,0.0,0.0,0.0,0.0,0.0,0.0,0.0,0.0,0.0,0.0,0.0,0.0,0.0,0.0,0.0,0.0,0.0,0.0,0.0,0.0,0.0,0.0,0.0,0.0,0.0,0.0,0.0,0.0,0.0,0.0,0.0,0.0,0.0,0.0,0.0,0.0,0.0,0.0,0.0,0.0,0.0,0.0,0.0,0.0,0.0,0.0,0.0,0.0,0.0,0.0,0.0,0.0,0.0,0.0,0.0,0.0,0.0,0.0,0.0,0.0,0.0,0.0,0.0,0.0,0.0,0.0,0.0,0.0,0.0,0.0,0.0,0.0,0.0,0.0,0.0,0.0,0.0,0.000273081,0.0,0.0,0.0,0.0,0.0,0.0,0.000190414,0.0,0.0,0.0,0.0,0.0,0.0,0.0,0.0,0.00019355,0.0,0.0,0.0,0.0,0.0,0.0,0.0,0.0,0.0,0.000175617,0.0,0.0,0.0,0.0,0.0,0.0,0.0,0.0,0.0,0.0,0.0,0.0,0.0,0.0,0.0,0.000132411,0.0,0.000159257,0.0,0.0,0.0,0.0,0.0,0.000217947,0.000163718,0.000119241,0.000260781,0.000255684,0.000631879,9.94e-05,0.0,0.0,0.0,0.0,0.0,0.000165234,0.0,0.0,8.91e-05,0.0,0.000164396,8.47e-05,0.0,0.0,0.000118333,0.0,0.0,0.0,0.0,0.0,0.0,0.0,0.0,0.0,0.000235407,0.00013668,0.0,0.0,0.0,0.0,0.0,0.0,8.25e-05,0.0,0.0,0.0,0.0,0.0,0.0,0.00106005,9.13e-05,0.000312454,0.0,0.0,0.00068228,0.00716338,0.00311598,0.0,0.00053079,0.000429368,0.00011555,0.000109764,0.0,0.000221453,0.0,0.0,0.0,0.0,0.0,0.0,0.0,0.0,0.0,0.0,0.000682892,0.000120831,0.000510322,0.0,7.96e-05,0.0,0.0,0.0,0.0,0.0,0.0,0.0,0.0,0.0,0.0,0.0,0.0,0.0,0.00116786,0.0,0.0,0.0,0.0,0.0,0.0,0.0,0.0,0.0,0.0,0.0,0.0,0.0,0.0,0.0,0.0,0.0,0.0,0.0,0.0,0.0,0.0,0.0,0.0,0.0,0.0,0.0,0.0,0.0001029,0.0,0.000139583,0.0,0.0,0.0,0.0,0.0,0.0,0.000233578,0.0,0.0,0.0,0.0,0.0,0.0,0.0,0.0,0.0,0.0,0.0,0.0,0.0,0.0,0.0,0.0,0.0,0.0,0.0,0.0,0.0,0.0,0.0,0.0,0.0,0.0,0.0,0.0,0.0,0.0,0.0,0.0,0.0,0.0,0.0,0.0,0.0,0.0,0.0,0.0,0.0,0.0,0.0,0.0,0.0,0.0,0.0,0.0,0.0,0.0,0.0,0.0,0.0,0.0,0.0,0.0,0.0,0.0,0.0,0.0,0.0,0.0,0.0,0.0,0.0,0.0,0.0,0.0,0.0,0.0,0.0,0.0,0.0,0.0,0.0,0.0,0.0,0.0,0.0,0.0,0.0,0.0,0.0,0.0,0.0,0.0
Reef 264,0.0,0.0,0.0,0.0,0.0,0.0,0.0,0.0,0.0,0.0,0.0,0.0,0.0,0.0,0.0,0.0,0.0,0.0,0.0,0.0,0.0,0.0,0.0,0.0,0.0,0.0,0.0,0.0,0.0,0.0,0.0,0.0,0.0,0.0,0.0,0.0,0.0,0.0,0.0,0.0,0.0,0.0,0.0,0.0,0.0,0.0,0.0,0.0,0.0,0.0,0.0,0.0,0.0,0.0,0.0,0.0,0.0,0.0,0.0,0.0,0.0,0.0,0.0,0.0,0.0,0.0,0.0,0.0,0.0,0.0,0.0,0.0,0.0,0.0,0.0,0.0,0.0,0.0,0.0,0.0,0.0,0.0,0.0,0.0,0.0,0.0,0.0,0.0,0.0,0.0,0.0,0.0,0.0,0.0,0.0,0.0,0.0,0.0,0.0,0.0,0.0,0.0,0.0,0.0,0.0,0.0,0.0,0.0,0.0,0.0,0.0,0.0,0.0,0.0,0.0,0.0,0.0,0.0,0.0,0.0,0.0,0.0,0.0,0.0,0.0,0.0,0.0,0.0,0.0,0.0,0.0,0.0,0.0,0.0,0.0,0.0,0.0,0.0,0.0,0.0,0.0,0.0,0.0,0.0,0.0,0.0,0.0,0.0,0.0,0.0,0.0,0.0,0.0,0.0,0.0,0.0,0.0,0.0,0.0,0.0,0.0,0.0,0.0,0.0,0.0,0.0,0.0,0.0,0.0,0.0,0.0,0.0,0.0,0.0,0.0,0.0,0.0,0.0,0.0,0.0,0.0,0.0,0.0,0.0,0.0,0.0,0.0,0.0,0.0,0.0,0.0,0.0,0.0,0.0,0.0,0.0,0.0,0.0,0.0,0.0,0.0,0.0,0.0,0.0,0.0,0.0,0.0,0.0,0.0,0.0,0.0,0.0,0.0,0.0,0.0,0.0,0.0,0.0,0.0,0.0,0.0,0.0,0.0,0.0,0.0,0.0,0.0,0.00309832,0.0,0.0,0.000946006,0.0,0.0,0.00348029,0.0,0.0,0.0,0.0,0.0,0.0,0.00166494,0.0,0.0,0.0,0.0,0.0,0.0,0.0,0.00950184,0.0,0.0,0.0,0.0,0.031759,0.0,0.0,0.0,0.00945169,0.0,0.0,0.00165242,0.00111945,0.0,0.0,0.00284271,0.0,0.000991165,0.00622108,0.0,0.00581568,0.0,0.0,0.0,0.00391197,0.0,0.0,0.0,0.0,0.0,0.0,0.0,0.000861501,0.00506501,0.0,0.0,0.0,0.0,0.0,0.0,0.0,0.0,0.0,0.0,0.0,0.0,0.0,0.0,0.0,0.00129609,0.0,0.0,0.0,0.0,0.0,0.0,0.0,0.0,0.0,0.0,0.0,0.0,0.0,0.0,0.0,0.0,0.0,0.0,0.0,0.0,0.0,0.0,0.0,0.0,0.0,0.0,0.0,0.0,0.0,0.0,0.0,0.0,0.0,0.0,0.0,0.0,0.0,0.0,0.0,0.0,0.0,0.0,0.0,0.0,0.0,0.0,0.0,0.0,0.0,0.0,0.0,0.0,0.0,0.0,0.0,0.0,0.0,0.0,0.0,0.0,0.0,0.0,0.0,0.0,0.0,0.0,0.0,0.0,0.0,0.0,0.0,0.0,0.0,0.0,0.0,0.0,0.0,0.0,0.0,0.0,0.0,0.0,0.0,0.0,0.0,0.0,0.0,0.0,0.0,0.0,0.0,0.0,0.0,0.0,0.0,0.0,0.0,0.0,0.0,0.0,0.0,0.0,0.0,0.0,0.0,0.0,0.0,0.0,0.0,0.0,0.0,0.0,0.0,0.0,0.0,0.0,0.0,0.0,0.0,0.0,0.0,0.0,0.0,0.0
Reef 265,0.0,0.0,0.0,0.0,0.0,0.0,0.0,0.0,0.0,0.0,0.0,0.0,0.0,5.39e-06,1.37e-05,0.0,0.0,0.0,1.03e-05,0.0,0.0,0.0,0.0,1.1e-05,0.0,0.0,0.0,0.0,0.0,4.13e-05,0.0,0.0,0.0,0.0,0.0,0.0,0.0,0.000123804,0.0,0.0,0.0,0.0,0.0,0.0,0.0,0.0,0.0,2.91e-05,0.0,0.0,0.0,0.0,3.16e-06,3.95e-06,4.67e-05,0.0,0.0,0.0,0.0,0.0,0.0,0.0,0.0,0.0,0.0,0.0,0.0,0.0,0.0,0.0,0.0,0.0,0.0,0.0,0.0,4.87e-06,0.0,0.0,0.0,0.0,0.0,0.0,0.0,0.0,0.0,0.0,0.0,0.0,0.0,0.0,4.73e-06,0.0,0.0,0.0,0.0,0.000117657,0.0,0.0,0.0,0.0,0.0,0.0,0.0,0.0,0.0,0.0,0.0,0.0,0.0,0.0,0.0,0.0,1.01e-05,0.0,0.0,0.0,0.0,0.0,7.74e-06,0.0,0.0,0.0,0.0,0.0,0.0,0.0,0.000135095,0.0,0.0,0.0,0.0,0.0,0.0,0.0,0.0,0.0,0.0,0.0,0.0,0.0,0.0,0.0,0.0,1.25e-05,0.0,0.0,0.0014971,0.0,0.0,0.000427138,0.0,0.000737667,0.000608318,0.0,1.52e-06,0.0,0.0,0.0,0.0,0.0029753,0.0,0.0,0.0,0.0,0.0,0.000355343,0.00182714,0.0,0.0,0.0,0.0,0.0,0.0,0.0,0.0,0.00194029,0.0,0.0,3.14e-06,0.0,0.0,0.000477437,0.0,0.0,0.0,0.0,1.56e-06,1.55e-05,6.16e-06,0.0,0.0,0.0,0.000172014,0.0,1.73e-05,1.31e-05,0.0,0.0,1.15e-05,0.0,0.0,2.77e-06,0.0,1.59e-05,0.0,8.67e-06,1.72e-05,0.0,0.0,3.29e-06,1.61e-05,6.69e-06,2.84e-05,0.0,0.000343104,6.95e-05,0.0,0.0,2.69e-05,0.0,0.0,2.71e-06,0.0,1.56e-05,0.0,0.0,8.3e-06,0.0,0.0,0.0,0.0,0.0,5.08e-05,0.0,0.0,4.38e-05,0.0,0.0,0.0,0.000975876,0.00164016,5.64e-05,0.0,0.0,0.0,0.000701522,6.51e-05,3.46e-05,0.0,0.0,0.0,2.35e-05,0.000316397,0.0,0.0,0.0,0.0,0.0,0.0,0.000324723,1.11e-05,0.0,0.0,0.0,0.0485137,0.0,0.0,0.0,2.02e-06,0.000772533,0.0,0.0,0.0103582,0.0,8.04e-06,0.00798684,0.00202903,0.0,0.0,0.00285445,0.0,0.0320219,0.0,0.0,0.0,0.0,0.0,0.00047198,7.6e-06,0.000689254,3.52e-06,1.2e-05,1.63e-05,0.0,0.0,0.0,2.45e-06,1.46e-05,0.000390321,0.0,0.0,0.0,0.000311521,0.0,0.0,0.0,0.0,0.0,0.0,0.0,0.0,0.0,0.0,2.73e-05,0.0,0.0,0.0,3.29e-06,0.0,0.0,0.0,0.0,0.0,0.0,0.0,0.0,0.0,2.73e-06,0.0,1.11e-05,0.0,0.0,0.0,0.0,6.31e-06,0.0,4.08e-05,0.0,0.0,0.0,0.0,0.0,0.0,0.0,1.69e-06,0.0,0.0,0.0,0.0,0.0,0.0,0.0,0.0,0.0,0.0,0.0,0.0,0.0,0.0,0.0,0.0,0.0,0.0,0.0,0.0,0.0,0.0,0.0,0.0,0.0,0.0,0.0,0.0,0.0,0.0,0.0,0.0,0.0,0.0,0.0,0.0,0.0,0.0,0.0,0.0,0.0,0.0,0.0,0.0,0.0,0.0,0.0,0.0,0.0,0.0,0.0,0.0,0.0,0.0,0.0,0.0,0.0,0.0,0.0,0.0,0.0,0.0,0.0,0.0,0.0,0.0,0.0,0.0,0.0,0.0,0.0,0.0,0.0,0.0,0.0,0.0,0.0,0.0
Reef 266,0.0,0.0,0.0,0.0,0.0,0.0,0.0,0.0,0.0,0.0,0.0,0.0,0.0,0.0,0.0,0.0,0.0,0.0,0.0,0.0,0.0,0.0,0.0,0.0,0.0,0.0,0.0,0.0,0.0,0.0,0.0,0.0,0.0,0.0,0.0,0.0,0.0,0.0,0.0,0.0,0.0,0.0,0.0,0.0,0.0,0.0,0.0,0.0,0.0,0.0,0.0,0.0,0.0,0.0,0.0,0.0,0.0,0.0,0.0,0.0,0.0,0.0,0.0,0.0,0.0,0.0,0.0,0.0,0.0,0.0,0.0,0.0,0.0,0.0,0.0,0.0,0.0,0.0,0.0,0.0,0.0,0.0,0.0,0.0,0.0,0.0,0.0,0.0,0.0,0.0,0.0,0.0,0.0,0.0,0.0,0.0,0.0,0.0,0.0,0.0,0.0,0.0,0.0,0.0,0.0,0.0,0.0,0.0,0.0,0.0,0.0,0.0,0.0,0.0,0.0,0.0,0.0,0.0,0.0,0.0,0.0,0.0,0.0,0.0,0.0,0.0,0.0,0.0,0.0,0.0,0.0,0.0,0.0,0.0,0.0,0.0,0.0,0.0,0.0,0.0,0.0,0.0,0.0,0.0,0.0,0.0,5.5e-05,0.0,0.0,0.000131309,0.0,3.4e-05,0.000356448,0.0,0.0,0.0,0.0,0.0,0.0,0.00168042,4.44e-05,0.0,0.0,0.0,0.0,0.00026941,0.00123853,0.0,2.48e-05,0.0,0.0,2.68e-05,3.55e-05,0.0,0.0,0.00115719,0.0,0.0,0.0,0.0,0.0,0.000470028,0.0,0.0,0.0,0.000141144,0.0,6.61e-05,0.0,0.0,0.0,0.0,0.000347248,0.0,0.000152703,0.0,0.0,0.0,0.0,0.0,0.0,0.000819878,0.0,0.00103669,0.0,0.0,0.0,0.0,0.0,0.000199859,0.00100188,0.000460178,0.000367103,0.000266216,0.00430799,0.000741178,2.84e-05,7.08e-05,0.0,4.1e-05,3.64e-05,0.00103736,9.22e-05,0.0,8.94e-05,0.0,0.000956408,0.000117035,0.0,0.0,0.000170019,0.0,0.0,2.7e-05,0.0,9.31e-05,0.0,0.0,0.0,0.000168714,0.000141986,0.000152566,0.0,0.0,0.0,5.12e-05,1.93e-05,6.31e-05,0.000319433,0.0,0.0,0.0,0.000294951,4.92e-05,0.0,0.000192304,0.000179054,2.01e-05,0.0,4.13e-05,0.00122534,0.00839588,0.000457754,0.0,0.00224328,0.00273545,0.000777393,0.000114956,0.0,0.000556777,0.0,0.0,4.82e-05,0.0,0.0,0.000437138,0.000243543,0.0,0.0,0.000390181,0.00109617,0.000135304,0.00247213,0.0,0.000244542,0.0,0.0,0.0,0.0,0.00014575,0.0,0.0,0.0,0.0,0.0,0.0,0.0,0.000138939,0.00440874,0.0,0.0,0.0,4.54e-05,0.0,0.0,0.0,0.0,0.0,0.0,0.0,0.0,0.0,0.0,2.2e-05,0.0,0.0,0.0,0.0,0.0,0.0,5.34e-05,0.0,0.0,0.0,0.0,0.0,0.0,0.000424685,0.0,0.000577893,8.72e-05,0.0,0.0,0.000204983,0.000141678,0.000130309,0.000860423,0.0,0.000288128,2.66e-05,0.0,0.0,0.000168343,1.91e-05,4.19e-05,0.0,4.08e-05,0.0,0.0,0.0,0.0,0.0,0.0,0.0,0.0,0.0,0.0,0.0,0.0,0.0,0.0,0.0,0.0,0.0,0.0,0.0,0.0,0.0,0.0,0.0,0.0,0.0,0.0,0.0,0.0,0.0,0.0,0.0,0.0,0.0,0.0,0.0,0.0,0.0,0.0,0.0,0.0,0.0,0.0,0.0,0.0,0.0,0.0,0.0,0.0,0.0,0.0,0.0,0.0,0.0,0.0,0.0,0.0,0.0,0.0,0.0,0.0,0.0,0.0,0.0,0.0,0.0,0.0,0.0,0.0,0.0,0.0,0.0,0.0,0.0,0.0,0.0,0.0
Reef 267,0.0,0.0,0.0,0.0,0.0,0.0,0.0,0.0,0.0,0.0,0.0,0.0,0.0,0.0,0.0,0.0,0.0,0.0,0.0,0.0,0.0,0.0,0.0,0.0,0.0,0.0,0.0,0.0,0.0,0.0,0.0,0.0,0.0,0.0,0.0,0.0,0.0,0.0,0.0,0.0,0.0,0.0,0.0,0.0,0.0,0.0,0.0,0.0,0.0,0.0,0.0,0.0,0.0,0.0,0.0,0.0,0.0,0.0,0.0,0.0,0.0,0.0,0.0,0.0,0.0,0.0,0.0,0.0,0.0,0.0,0.0,0.0,0.0,0.0,0.0,0.0,0.0,0.0,0.0,0.0,0.0,0.0,0.0,0.0,0.0,0.0,0.0,0.0,0.0,0.0,0.0,0.0,0.0,0.0,0.0,0.0,0.0,0.0,0.0,0.0,0.0,0.0,0.0,0.0,0.0,0.0,0.0,0.0,0.0,0.0,0.0,0.0,0.0,0.0,0.0,0.0,0.0,0.0,0.0,0.0,0.0,0.0,0.0,0.0,0.0,0.0,0.0,0.0,0.0,0.0,0.0,0.0,0.0,0.0,0.0,0.0,0.0,0.0,0.0,0.0,0.0,0.0,0.0,0.0,0.0,0.0,4.2e-06,0.0,0.0,5.37e-06,0.0,3.59e-06,6.16e-06,0.0,0.0,0.0,0.0,0.0,0.0,8.96e-05,1.78e-05,0.0,0.0,0.0,0.0,2.93e-05,0.000116645,0.0,9.96e-06,0.0,0.0,7.54e-06,1.3e-05,0.0,0.0,4e-05,6.35e-06,0.0,0.0,0.0,0.0,1.63e-05,0.0,0.0,0.0,0.000145907,0.0,0.0,0.0,0.0,0.0,0.0,5.3e-06,0.0,0.0,0.0,0.0,0.0,0.0,0.0,1.06e-05,5.88e-06,0.0,3.61e-06,0.0,0.0,0.0,0.0,0.0,0.000190806,7.99e-06,9.78e-05,0.000223297,0.000133949,2.46e-05,2.34e-05,1.3e-05,2.94e-05,0.0,2.79e-05,5.16e-05,3.52e-06,0.000102316,0.0,6.54e-05,0.0,0.000106914,1.54e-05,0.0,0.0,0.000292141,0.0,0.0,0.000155703,2.02e-05,7.45e-06,0.0,9.05e-06,0.0,0.0,0.0004451,6.68e-05,0.0,0.0,0.0,0.0,0.0,3.11e-05,0.00514673,2.03e-05,0.0,0.0,2.48e-05,0.00897469,4.25e-06,1.09e-05,0.00076397,0.00126262,0.0,7.77e-06,0.000208479,0.000135478,2.41e-05,5.23e-05,0.000876675,5.49e-05,0.0262919,0.00348868,0.0,0.00173568,4.83e-06,0.0,8.42e-05,3.47e-05,0.0,5.24e-05,4.88e-05,3.81e-05,0.0,3.91e-05,1.08e-05,0.000252628,0.000126851,0.0,4.24e-06,0.0,0.0,0.0,0.0,0.000114814,0.0,0.0,0.0,0.0,0.0,0.0,0.0,1.64e-05,0.00038846,0.0,0.0,0.0,0.0,0.0,0.0,0.0,0.0,0.0,0.0,0.0,0.0,0.0,0.0,0.0,0.0,0.0,0.0,0.0,0.0,0.0,0.0,0.0,0.0,0.0,0.0,0.0,0.0,0.0,0.0,0.0,0.0,0.0,0.0,0.0,1.24e-05,0.0,0.0,0.0,0.0,0.0,0.0,0.0,0.0,0.0,0.0,0.0,0.0,0.0,0.0,0.0,0.0,0.0,0.0,0.0,0.0,0.0,0.0,0.0,0.0,0.0,0.0,0.0,0.0,0.0,0.0,0.0,0.0,0.0,0.0,0.0,0.0,0.0,0.0,0.0,0.0,0.0,0.0,0.0,0.0,0.0,0.0,0.0,0.0,0.0,0.0,0.0,0.0,0.0,0.0,0.0,0.0,0.0,0.0,0.0,0.0,0.0,0.0,0.0,0.0,0.0,0.0,0.0,0.0,0.0,0.0,0.0,0.0,0.0,0.0,0.0,0.0,0.0,0.0,0.0,0.0,0.0,0.0,0.0,0.0,0.0,0.0,0.0,0.0
Reef 268,1.27e-06,0.0,0.0,0.0,0.0,0.0,0.0,0.0,0.0,0.0,0.0,0.0,0.0,0.0,0.0,0.0,0.0,0.0,0.0,0.0,0.0,0.0,0.0,0.0,0.0,0.0,0.0,0.0,0.0,0.0,0.0,0.0,0.0,0.0,0.0,0.0,0.0,0.0,0.0,0.0,0.0,0.0,0.0,0.0,0.0,0.0,0.0,0.0,0.0,0.0,0.0,0.0,0.0,0.0,0.0,0.0,0.0,0.0,0.0,0.0,0.0,0.0,0.0,0.0,0.0,0.0,0.0,0.0,0.0,0.0,0.0,0.0,0.0,0.0,0.0,0.0,0.0,0.0,0.0,0.0,0.0,8.47e-05,0.0,0.0,0.0,0.0,0.0,0.0,0.0,0.0,0.0,0.0,0.0,3.56e-06,0.0,0.0,0.0,0.0,0.0,0.0,0.0,0.0,0.0,0.0,0.0,0.0,0.0,0.0,0.0,0.0,0.0,0.0,0.0,0.0,0.0,0.0,0.0,1.18e-05,0.0,0.0,0.0,0.0,0.0,1.6e-06,0.0,0.0,0.0,0.0,0.0,3.98e-06,0.0,1.64e-06,0.0,0.0,0.0,0.0,7.71e-05,0.0,0.0,0.0,3.69e-06,0.0,0.0,0.0,0.0,0.0,2.32e-06,0.0,0.0,3.92e-06,0.0,1.92e-06,7.26e-06,0.0,0.0,0.0,1.35e-05,0.0,0.0,5.79e-05,0.000136476,1.28e-06,0.0,0.0,0.0,1.71e-05,6.75e-05,1.49e-05,4.63e-05,0.0,0.0,8.6e-06,0.000254271,2.52e-06,0.0,3.18e-05,8.8e-05,0.0,0.0,0.0,0.0,1.34e-05,0.0,0.0,0.0,1.43e-05,0.0,0.0,0.0,0.0,0.0,0.0,5.73e-06,0.0,1.25e-06,0.0,0.0,0.0,0.0,0.0,1.24e-05,1.16e-05,0.0,1.02e-05,0.0,0.0,0.0,0.0,0.0,0.000226344,1.55e-05,9.65e-05,0.000240535,4.34e-06,5.1e-05,2.68e-05,1.89e-06,2.99e-06,0.0,3.1e-06,1.99e-05,1.29e-05,0.000110085,0.0,8.82e-05,0.0,9.85e-05,0.00399329,0.0,0.0,0.0281188,0.0,0.0,0.0068136,0.000417497,1.06e-05,0.0,6.05e-06,2.66e-06,1.92e-06,0.000605981,0.000113181,2.31e-06,4.69e-06,1.79e-05,1.64e-06,0.0,3.37e-05,0.00238394,1.55e-06,1.18e-05,0.0,2.31e-05,0.00050209,2.24e-05,3.07e-05,5.39e-05,0.00231386,6.93e-06,1.07e-05,0.000722034,0.000377742,7.1e-05,1.01e-05,0.000915076,0.000227207,0.00476119,0.0163277,0.0,0.00393707,3.04e-06,4.29e-05,0.000117611,0.000673518,0.0,7.34e-05,7.5e-05,2.06e-05,6.1e-06,5.12e-05,6.53e-05,0.000409849,0.00329075,1.78e-06,3.5e-05,0.0,7.07e-06,0.0,0.0,0.000192467,0.0,0.0,0.0,1.94e-06,0.0,0.0,0.0,2.21e-05,0.00052386,0.0,0.0,0.0,1.64e-06,0.0,0.0,0.0,0.0,0.0,0.0,0.0,0.0,0.0,0.0,0.0,0.0,0.0,0.0,0.0,0.0,0.0,0.0,0.0,0.0,0.0,0.0,0.0,0.0,2.28e-06,0.0,3.19e-06,0.0,0.0,0.0,0.0,0.0,0.0,3.4e-06,0.0,0.0,0.0,0.0,0.0,0.0,0.0,0.0,0.0,0.0,0.0,0.0,0.0,0.0,0.0,0.0,0.0,0.0,0.0,0.0,0.0,0.0,0.0,0.0,0.0,0.0,0.0,0.0,0.0,0.0,0.0,0.0,0.0,0.0,0.0,0.0,0.0,0.0,0.0,0.0,0.0,0.0,0.0,0.0,0.0,0.0,0.0,0.0,0.0,0.0,0.0,0.0,0.0,0.0,0.0,0.0,0.0,0.0,0.0,0.0,0.0,0.0,0.0,0.0,0.0,0.0,0.0,0.0,0.0,0.0,0.0,0.0,0.0,0.0,0.0,0.0,0.0,0.0,0.0,0.0,0.0,0.0,0.0,0.0,0.0,0.0
Reef 269,0.0,0.0,0.0,0.0,0.0,0.0,0.0,0.0,0.0,0.0,0.0,0.0,0.0,1.08e-05,0.0,0.0,0.0,0.0,0.0,0.0,0.0,0.0,0.0,8e-06,0.0,0.0,0.0,0.0,0.0,0.0,0.0,0.0,0.0,0.0,0.0,0.0,0.0,3.99e-06,0.0,0.0,0.0,0.0,0.0,0.0,1.53e-05,0.0,0.0,0.0,0.0,0.0,0.0,0.0,4.81e-06,0.0,8.95e-06,0.0,0.0,0.0,0.0,0.0,0.0,0.0,0.0,0.0,0.0,0.0,0.0,0.0,0.0,0.0,0.0,0.0,0.0,0.0,0.0,0.0,0.0,0.0,0.0,0.0,0.0,0.0,0.0,0.0,0.0,0.0,0.0,0.0,0.0,0.0,0.0,0.0,0.0,0.0,0.0,0.0,0.0,0.0,0.0,0.0,0.0,0.0,0.0,0.0,0.0,0.0,0.0,0.0,0.0,0.0,0.0,0.0,0.0,0.0,0.0,0.0,0.0,0.0,0.0,0.0,0.0,0.0,0.0,0.0,0.0,0.0,3.58e-05,0.0,0.0,0.0,0.0,0.0,1.38e-05,0.0,0.0,0.0,0.0,0.0,0.0,0.0,0.0,0.0,0.0,0.0,0.0,0.0,9.14e-05,0.0,0.0,0.0,0.0,4.39e-06,0.0,0.0,0.0,0.0,0.0,0.0,0.0,0.0,0.0,0.0,0.0,0.0,0.0,0.0,0.0,0.0,0.0,0.0,0.0,0.0,0.0,0.0,0.0,0.0,0.0,0.0,4.57e-06,0.0,0.0,0.0,0.0,0.0,0.0,0.0,1.15e-05,0.0,0.0,0.0,0.0,0.0,0.0,0.0,0.0,0.0,0.0,0.0,2.08e-05,0.0,0.0,0.0,0.0,0.0,0.0,5.96e-05,1.96e-05,0.0,0.0,0.0,0.0,0.0,0.0,0.0,0.0,0.0,0.0,0.0,9.15e-06,0.0,0.0,0.0,0.0,2.32e-05,0.0,0.0,0.0,0.0,0.0,0.0,0.0,0.0,8.25e-05,0.0,0.0,0.0,0.0,0.0,0.0,0.0,0.0,0.0,0.0,0.0,0.0,6.33e-05,0.0,0.0,0.0,0.0,0.0,0.000643923,0.0,0.0,0.0,0.0,0.0,0.0,0.0,0.0,0.0,0.0,0.0,0.0,0.0,0.0,0.0,0.0,0.0183614,0.0,0.0,0.0,0.0,0.0,0.0149095,0.0,0.0,0.0,0.0,0.0,0.0,0.0,0.0,0.0,0.0,0.0,0.0,0.0,0.00754569,0.0,0.00785283,0.000757507,0.00327132,0.0,0.0,0.0,0.000130163,0.0,0.0,7.89e-05,0.0,0.0,0.000264187,0.0,0.0,0.0127236,7.52e-05,2.8e-05,4.47e-06,3.13e-05,0.0,0.0,0.0,0.0,0.0,0.0,0.0,0.0,0.0,0.0,0.0,0.0,0.0,0.0,0.0,0.0,0.0,0.0,0.0,0.0,0.0,0.0,0.0,0.0,0.0,0.0,0.0,0.0,0.0,0.0,0.0,0.0,0.0,0.0,0.0,0.0,0.0,0.0,0.0,0.0,0.0,0.0,0.0,0.0,0.0,0.0,0.0,0.0,0.0,0.0,0.0,0.0,0.0,0.0,0.0,0.0,0.0,0.0,0.0,0.0,0.0,0.0,0.0,0.0,0.0,0.0,0.0,0.0,0.0,0.0,0.0,0.0,0.0,0.0,0.0,0.0,0.0,0.0,0.0,0.0,0.0,0.0,0.0,0.0,0.0,0.0,0.0,0.0,0.0,0.0,0.0,0.0,0.0,0.0,0.0,0.0,0.0,0.0,0.0,0.0,0.0,0.0,0.0,0.0,0.0,0.0,0.0,0.0,0.0,0.0,0.0,0.0,0.0
Reef 270,0.0,0.0,0.0,0.0,0.0,0.0,0.0,0.0,0.0,0.0,0.0,0.0,0.0,0.0,0.0,0.0,0.0,0.0,0.0,0.0,0.0,0.0,0.0,0.0,0.0,0.0,0.0,0.0,0.0,0.0,0.0,0.0,0.0,0.0,0.0,0.0,0.0,0.0,0.0,0.0,0.0,0.0,0.0,0.0,0.0,0.0,0.0,0.0,0.0,0.0,0.0,0.0,0.0,0.0,0.0,0.0,0.0,0.0,0.0,0.0,0.0,0.0,0.0,0.0,0.0,0.0,0.0,0.0,0.0,0.0,0.0,0.0,0.0,0.0,0.0,0.0,0.0,0.0,0.0,0.0,0.0,1.33e-06,0.0,0.0,0.0,0.0,0.0,0.0,0.0,0.0,0.0,0.0,0.0,0.0,0.0,0.0,0.0,0.0,0.0,0.0,0.0,0.0,0.0,0.0,0.0,0.0,0.0,0.0,0.0,0.0,0.0,0.0,0.0,0.0,0.0,0.0,0.0,4.1e-06,0.0,0.0,0.0,0.0,0.0,0.0,0.0,0.0,0.0,0.0,0.0,3.57e-06,0.0,4.6e-06,0.0,0.0,0.0,0.0,1.26e-05,0.0,0.0,0.0,4.25e-06,0.0,0.0,0.0,0.0,0.0,1.5e-05,0.0,0.0,4.37e-05,0.0,9.61e-06,0.00012178,0.0,0.0,0.0,2.86e-06,0.0,0.0,0.000498062,0.000266105,0.0,0.0,0.0,0.0,8.2e-05,0.000342551,2.33e-05,0.000122693,0.0,0.0,0.000144704,0.000155165,1.89e-05,0.0,0.00034629,8.14e-05,0.0,0.0,0.0,0.0,0.000136137,0.0,0.0,0.0,0.000783768,0.0,2.22e-05,4.05e-06,0.0,1.88e-06,0.0,0.000113528,0.0,5.41e-05,5.25e-06,0.0,0.0,0.0,0.0,1.76e-05,0.000266798,0.0,0.00033036,0.0,0.0,2.51e-06,0.0,0.0,0.000697407,0.000336302,0.00032058,0.000613548,0.000568533,0.00129546,0.000295615,6.69e-05,0.000162787,0.0,9.1e-05,8.14e-05,0.000287374,0.000212849,0.0,0.000188248,0.0,0.000252645,0.00026111,0.0,0.0,0.000366519,2.91e-06,0.0,6.09e-05,1.1e-05,9.76e-07,3.86e-06,0.0,0.0,4.65e-05,9.52e-06,3e-06,0.0,0.0,0.0,1.24e-05,7.01e-06,2.41e-06,1.36e-05,0.0,0.0,0.0,6.74e-05,1.76e-05,0.0,1.7e-05,7.67e-05,3.56e-06,0.0,1.73e-05,0.0124905,0.00110799,2.69e-05,3.47e-06,0.000294971,0.00145221,1.55e-05,0.000264045,0.0,0.217047,0.0,0.0,3.48e-05,0.0,0.0,4.33e-05,1.31e-05,0.0,4.48e-06,4.32e-05,4.86e-05,0.000126423,7.18e-05,0.0,9.38e-06,0.0,5.27e-06,2.74e-06,0.0,4.97e-05,0.0,0.0,0.0,8.89e-07,0.0,0.0,0.0,4.2e-05,0.00123744,0.0,0.0,0.0,1.26e-05,0.0,0.0,0.0,0.0,0.0,0.0,0.0,0.0,0.0,0.0,7.86e-06,1.02e-06,0.0,0.0,2.45e-06,1.46e-06,0.0,1.94e-05,8.93e-07,4.26e-06,0.0,0.0,6.24e-06,0.0,0.000157655,0.0,0.000212089,3.24e-05,0.0,0.0,7.95e-05,0.000638475,4.99e-05,0.000390526,0.0,0.000118402,1.13e-05,0.0,2.61e-06,7.46e-05,8.26e-06,1.9e-05,0.0,1.86e-05,0.0,0.0,0.0,0.0,3.17e-06,0.0,0.0,0.0,0.0,0.0,0.0,0.0,0.0,9.93e-07,3.72e-06,0.0,0.0,0.0,0.0,0.0,0.0,0.0,0.0,0.0,0.0,0.0,0.0,0.0,0.0,0.0,0.0,0.0,0.0,0.0,0.0,0.0,0.0,0.0,0.0,0.0,0.0,0.0,0.0,0.0,0.0,0.0,0.0,0.0,0.0,0.0,0.0,0.0,0.0,0.0,0.0,0.0,0.0,0.0,0.0,0.0,0.0,0.0,0.0,0.0,0.0,0.0,0.0,0.0,0.0,0.0,0.0,0.0,0.0,0.0,0.0,0.0
Reef 271,6.97e-05,0.0,0.0,0.0,0.0,0.0,0.0,0.0,0.0,0.0,0.0,0.0,0.0,0.0,0.0,0.0,0.0,0.0,0.0,0.0,0.0,0.0,0.0,0.0,0.0,0.0,0.0,0.0,0.0,0.0,0.0,0.0,0.0,0.0,0.0,0.0,0.0,0.0,0.0,0.0,0.0,0.0,0.0,0.0,0.0,0.0,0.0,0.0,0.0,0.0,0.0,0.0,0.0,0.0,0.0,0.0,0.0,0.0,0.0,0.0,0.0,0.0,0.0,0.0,0.0,0.0,0.0,0.0,0.0,0.0,0.0,0.0,0.0,0.0,0.0,0.0,0.0,0.0,0.0,0.0,0.0,0.0,0.0,0.0,0.0,0.0,0.0,0.0,0.0,0.0,0.0,0.0,0.0,0.0,0.0,0.0,0.0,0.0,0.0,0.0,0.0,0.0,0.0,0.0,0.0,0.0,0.0,0.0,0.0,0.0,0.0,0.0,0.0,0.0,0.0,0.0,0.0,0.0,0.0,0.0,0.0,0.0,0.0,0.0,0.0,0.0,0.0,0.0,0.0,0.0,0.0,0.0,0.0,0.0,0.0,0.0,5.24e-05,0.0,0.0,0.0,0.0,0.0,0.0,0.0,0.0,0.0,0.0,0.0,0.0,0.0,0.0,0.0,0.0,0.0,0.0,0.0,0.0,0.0,0.0,0.0,0.00097273,0.0,0.0,0.0,0.0,0.0,0.0,3.46e-05,4.19e-05,0.0,0.0,1.91e-05,5.05e-05,2.86e-05,0.0,0.0,5.33e-05,0.0,0.0,0.0,0.0,0.0,0.0,0.0,0.0,8.69e-05,0.0,0.0,0.0,0.0,0.0,0.0,0.0,0.0,0.0,0.0,0.0,0.0,0.0,0.0,0.0,0.0,0.0,0.0,0.0,0.0,0.0,0.0,0.0,6.53e-05,0.0,0.0,2.84e-05,2.72e-05,0.0,0.0,3.19e-05,8.76e-05,0.0,0.000150991,7.97e-05,0.0,0.000657103,0.0,1.99e-05,0.0,5.98e-05,7.33e-05,0.0,0.0,0.000749059,0.0,0.0,0.000176297,0.000632996,0.0,0.0,2.33e-05,4.56e-05,0.0,0.000291806,8.42e-05,2.04e-05,0.000151288,5.6e-05,0.0,0.0,1.86e-05,0.00374024,4.01e-05,0.0001831,0.0,0.0,0.00364876,0.00017627,3.38e-05,6.36e-05,0.00276963,9.83e-05,0.0,0.000569884,0.000371187,8.97e-05,0.0,0.000298437,0.000193552,0.00362689,0.000495521,0.0,0.00190322,0.000436016,0.000706531,6.49e-05,0.0186087,0.0,5.98e-05,4.87e-05,0.000625802,0.0,4.61e-05,3.3e-05,0.000295727,0.0038476,2.25e-05,4.64e-05,0.0,0.0,0.0,0.0,0.000137254,0.0,0.0,0.0,0.0,0.0,0.0,0.0,1.94e-05,0.000451039,0.0,0.0,0.0,0.0,0.0,0.0,0.0,0.0,0.0,0.0,0.0,0.0,0.0,0.0,0.0,0.0,0.0,0.0,0.0,0.0,0.0,0.0,0.0,0.0,0.0,0.0,0.0,0.0,0.0,0.0,0.0,0.0,0.0,0.0,0.0,0.0,0.0,0.0,0.0,0.0,0.0,0.0,0.0,0.0,0.0,0.0,0.0,0.0,0.0,0.0,0.0,0.0,0.0,0.0,0.0,0.0,0.0,0.0,0.0,0.0,0.0,0.0,0.0,0.0,0.0,0.0,0.0,0.0,0.0,0.0,0.0,0.0,0.0,0.0,0.0,0.0,0.0,0.0,0.0,0.0,0.0,0.0,0.0,0.0,0.0,0.0,0.0,0.0,0.0,0.0,0.0,0.0,0.0,0.0,0.0,0.0,0.0,0.0,0.0,0.0,0.0,0.0,0.0,0.0,0.0,0.0,0.0,0.0,0.0,0.0,0.0,0.0,0.0,0.0,0.0,0.0,0.0,0.0,0.0,0.0,0.0,0.0,0.0,0.0
Reef 272,2.68e-05,0.0,0.0,0.0,0.0,0.0,0.0,0.0,0.0,0.0,0.0,0.0,0.0,0.0,0.0,0.0,0.0,0.0,0.0,0.0,0.0,0.0,0.0,0.0,0.0,0.0,0.0,0.0,0.0,0.0,0.0,0.0,0.0,0.0,0.0,0.0,0.0,0.0,0.0,0.0,0.0,0.0,0.0,0.0,0.0,0.0,0.0,0.0,0.0,0.0,0.0,0.0,0.0,0.0,0.0,0.0,0.0,0.0,0.0,0.0,0.0,0.0,0.0,0.0,0.0,0.0,0.0,0.0,0.0,0.0,0.0,0.0,0.0,0.0,0.0,0.0,0.0,0.0,0.0,0.0,0.0,0.0,0.0,0.0,0.0,0.0,0.0,0.0,0.0,0.0,0.0,0.0,0.0,0.0,0.0,0.0,0.0,0.0,0.0,0.0,0.0,0.0,0.0,0.0,0.0,0.0,0.0,0.0,0.0,0.0,0.0,0.0,0.0,0.0,0.0,0.0,0.0,1.29e-06,0.0,0.0,0.0,0.0,0.0,0.0,0.0,0.0,0.0,0.0,0.0,0.0,0.0,0.0,0.0,0.0,0.0,0.0,1.16e-05,0.0,0.0,0.0,0.0,0.0,0.0,0.0,0.0,0.0,0.0,0.0,0.0,0.0,0.0,0.0,0.0,0.0,0.0,0.0,0.0,0.0,0.0,0.0,6.74e-06,0.0,0.0,0.0,0.0,0.0,0.0,0.0,4.72e-06,0.0,0.0,2.94e-05,3.19e-05,5.64e-06,0.0,0.0,4.72e-06,0.0,0.0,0.0,0.0,0.0,0.0,0.0,0.0,3.77e-06,0.0,0.0,0.0,0.0,0.0,0.0,0.0,0.0,0.0,0.0,0.0,0.0,0.0,0.0,0.0,0.0,0.0,0.0,0.0,0.0,0.0,0.0,0.0,3e-06,0.0,0.0,1.56e-06,1.22e-06,0.0,0.0,0.0,1.57e-06,0.0,2.49e-06,4e-06,0.0,1.06e-05,0.0,0.0,0.0,1.66e-06,0.000287045,0.0,0.0,0.00193664,0.0,0.0,9.05e-05,8.71e-05,0.0,0.0,0.000165298,0.000886178,0.0,9.95e-06,3.31e-06,9.55e-07,3.78e-06,0.000536069,0.0,0.0,0.0,0.00022172,1.09e-05,0.00044654,0.0,0.0,0.00020082,1.63e-05,0.0,0.0,0.000106626,0.00241562,0.0,1.34e-05,7.8e-06,1.82e-06,0.0,9.33e-06,4.52e-06,5.56e-05,4.37e-06,0.0,4.77e-05,1.2e-05,0.0177412,2.06e-06,0.000492015,0.0,1.74e-06,1.58e-06,0.00020764,3.44e-05,1.35e-06,0.0,8.33e-06,7.63e-05,5.23e-06,9.8e-07,8.68e-06,6.8e-05,0.0,0.0,4.29e-06,0.0,0.0,0.0,7.79e-05,4.51e-05,1.14e-06,0.0,0.0,1.34e-05,0.0,1.98e-06,0.0,0.0,0.0,9.59e-07,0.0,0.0,0.0,0.0,0.0,0.0,0.0,0.0,0.0,0.0,0.0,0.0,0.0,0.0,0.0,0.0,0.0,0.0,0.0,0.0,0.0,0.0,0.0,0.0,0.0,0.0,0.0,0.0,0.0,0.0,0.0,0.0,0.0,0.0,0.0,0.0,0.0,0.0,0.0,0.0,0.0,0.0,0.0,0.0,0.0,0.0,0.0,0.0,0.0,0.0,0.0,0.0,0.0,0.0,0.0,0.0,0.0,0.0,0.0,0.0,0.0,0.0,0.0,0.0,0.0,0.0,0.0,0.0,0.0,0.0,0.0,0.0,0.0,0.0,0.0,0.0,0.0,0.0,0.0,0.0,0.0,0.0,0.0,0.0,0.0,0.0,0.0,0.0,0.0,0.0,0.0,0.0,0.0,0.0,0.0,0.0,0.0,0.0,0.0,0.0,0.0,0.0,0.0,0.0,0.0,0.0,0.0,0.0,0.0,0.0,0.0,0.0,0.0,0.0,0.0,0.0,0.0,0.0
Reef 273,0.0,0.0,0.0,0.0,0.0,0.0,0.0,0.0,0.0,0.0,0.0,0.0,0.0,0.0,0.0,0.0,0.0,0.0,0.0,0.0,0.0,0.0,0.0,0.0,0.0,0.0,0.0,0.0,0.0,0.0,0.0,0.0,0.0,0.0,0.0,0.0,0.0,0.0,0.0,0.0,0.0,0.0,0.0,0.0,0.0,0.0,0.0,0.0,0.0,0.0,0.0,0.0,0.0,0.0,0.0,0.0,0.0,0.0,0.0,0.0,0.0,0.0,0.0,0.0,0.0,0.0,0.0,0.0,0.0,0.0,0.0,0.0,0.0,0.0,0.0,0.0,0.0,0.0,0.0,0.0,0.0,4.41e-06,0.0,0.0,0.0,0.0,0.0,0.0,0.0,0.0,0.0,0.0,0.0,0.0,0.0,0.0,0.0,0.0,0.0,0.0,0.0,0.0,0.0,0.0,0.0,0.0,0.0,0.0,0.0,0.0,0.0,0.0,0.0,0.0,0.0,0.0,0.0,1.22e-05,0.0,0.0,0.0,0.0,0.0,0.0,0.0,0.0,0.0,0.0,0.0,5.91e-06,0.0,5.71e-06,0.0,0.0,0.0,0.0,2.9e-05,0.0,0.0,0.0,5.2e-06,0.0,0.0,0.0,0.0,0.0,1.31e-05,0.0,0.0,6.57e-05,0.0,1.13e-05,0.000171042,0.0,0.0,0.0,5.8e-06,0.0,0.0,0.000466003,0.000528334,0.0,0.0,0.0,0.0,9.75e-05,0.000399315,3.07e-05,0.000129899,0.0,0.0,0.000263285,0.000180747,2.27e-05,0.0,0.00063842,9.33e-05,0.0,0.0,0.0,0.0,0.000274311,0.0,0.0,0.0,0.00130917,0.0,7.98e-06,0.000376616,0.0,0.0,0.0,0.00010133,0.0,2.15e-05,1.29e-05,0.0,0.0,0.0,0.0,7.94e-05,0.000500678,0.0,6.57e-06,0.0,0.0,0.0,0.0,4.86e-06,2.75e-05,8.26e-06,0.000131635,0.000349618,0.000486115,0.000163868,6.46e-05,3.89e-05,8.79e-05,0.0,5.56e-05,4.33e-05,0.000127988,0.000164536,0.0,0.000146565,0.0,0.000300282,0.000224271,0.0,0.0,0.000286685,5.65e-06,0.0,5.41e-05,1.1e-05,7.99e-06,0.000144509,0.0,0.0,1.77e-05,0.0780477,0.00300089,0.0,0.0,0.0,0.0,2.04e-05,0.000796943,1.32e-05,0.0,0.0,0.0,2.25e-05,1.66e-05,0.0,9.34e-06,0.0,3.55e-06,0.0,0.00087262,6.65e-05,0.000257536,1.32e-05,0.0,0.000300642,0.000397311,0.0,0.000246337,0.0,0.0100081,0.0,0.0,0.0279774,0.0,0.0,8.98e-05,0.00110925,0.0,6.33e-06,0.000154634,4.27e-06,0.00110136,0.0,0.0,0.0,0.0,7.67e-06,1.64e-05,0.0,0.000343892,0.0,0.0,0.0,0.0,0.0,0.0,0.0,0.000145112,0.0037099,0.0,0.0,0.0,0.0,0.0,0.0,0.0,0.0,0.0,0.0,0.0,0.0,0.0,0.0,0.0,0.0,0.0,0.0,0.0,0.0,0.0,5.18e-06,0.0,0.0,0.0,0.0,0.0,0.0,4.15e-05,0.0,5.75e-05,8.63e-06,0.0,0.0,1.93e-05,1.95e-05,1.23e-05,5.39e-05,0.0,2.53e-05,0.0,0.0,0.0,1.16e-05,0.0,0.0,0.0,0.0,0.0,0.0,0.0,0.0,0.0,0.0,0.0,0.0,0.0,0.0,0.0,0.0,0.0,0.0,0.0,0.0,0.0,0.0,0.0,0.0,0.0,0.0,0.0,0.0,0.0,0.0,0.0,0.0,0.0,0.0,0.0,0.0,0.0,0.0,0.0,0.0,0.0,0.0,0.0,0.0,0.0,0.0,0.0,0.0,0.0,0.0,0.0,0.0,0.0,0.0,0.0,0.0,0.0,0.0,0.0,0.0,0.0,0.0,0.0,0.0,0.0,0.0,0.0,0.0,0.0,0.0,0.0,0.0,0.0,0.0,0.0,0.0,0.0,0.0,0.0,0.0
Reef 274,0.000111127,0.0,0.0,0.0,0.0,0.0,0.0,0.0,0.0,0.0,0.0,0.0,0.0,0.0,0.0,0.0,0.0,0.0,0.0,0.0,0.0,0.0,0.0,0.0,0.0,0.0,0.0,0.0,0.0,0.0,0.0,0.0,0.0,0.0,0.0,0.0,0.0,0.0,0.0,0.0,0.0,0.0,0.0,0.0,0.0,0.0,0.0,0.0,0.0,0.0,0.0,0.0,0.0,0.0,0.0,0.0,0.0,0.0,0.0,0.0,0.0,0.0,0.0,0.0,0.0,0.0,0.0,0.0,0.0,0.0,0.0,0.0,0.0,0.0,0.0,0.0,0.0,0.0,0.0,0.0,0.0,2.27e-06,0.0,0.0,0.0,0.0,0.0,0.0,0.0,0.0,0.0,0.0,0.0,0.0,0.0,0.0,0.0,0.0,0.0,0.0,0.0,0.0,0.0,0.0,0.0,0.0,0.0,0.0,0.0,0.0,0.0,0.0,0.0,0.0,0.0,0.0,0.0,2.68e-06,0.0,0.0,0.0,0.0,0.0,0.0,0.0,0.0,0.0,0.0,0.0,0.0,0.0,0.0,0.0,0.0,0.0,0.0,1.03e-06,0.0,0.0,0.0,0.0,0.0,0.0,0.0,0.0,0.0,0.0,0.0,0.0,0.0,0.0,0.0,0.0,0.0,0.0,0.0,0.0,0.0,0.0,8.22e-06,1.48e-05,0.0,0.0,0.0,0.0,3.28e-06,1.43e-05,0.0,3.11e-06,0.0,0.0,6.07e-06,2.74e-06,1.64e-06,0.0,1.16e-06,3.73e-06,0.0,0.0,0.0,0.0,0.0,0.0,0.0,0.0,8.91e-05,0.0,0.0,0.0,0.0,0.0,0.0,0.0,0.0,0.0,0.0,0.0,0.0,0.0,0.0,8.93e-06,0.0,0.0,0.0,0.0,0.0,0.0,0.0,0.0,6.98e-05,0.0,1.88e-06,3.62e-05,2.75e-05,0.0,0.0,0.0,2.43e-06,0.0,3.64e-06,2.02e-06,0.0,2.06e-05,0.0,1.75e-05,0.0,3.27e-05,3.63e-06,0.0,0.0,8.42e-05,0.0,0.0,3.18e-05,3.05e-06,0.0,0.0,3.79e-06,0.00206816,0.0,0.000218166,7.53e-05,2.93e-06,1e-05,5.73e-06,0.0,0.0,1.63e-05,0.00115123,4.38e-06,0.00076368,0.0,3.6e-06,1.61e-06,5.05e-05,1.48e-05,1.15e-05,0.000709172,0.00376997,3.9e-06,0.000227985,0.000158226,4.06e-05,1.71e-06,0.000192381,7.91e-05,1.21e-06,0.000178032,0.0,0.000923773,9.82e-05,0.0138291,4.44e-05,0.0407495,0.0,3.56e-05,3.36e-05,0.0132755,4.39e-06,2.78e-05,1.01e-05,0.000169804,1.18e-05,1.37e-05,1.77e-05,4.28e-06,4.9e-05,0.0,0.0,9.46e-05,0.0,0.0,0.0,0.000145489,1.71e-06,4.6e-06,0.0,1.13e-05,0.000277855,0.0,0.0,0.0,0.0,0.0,0.0,0.0,0.0,0.0,0.0,0.0,0.0,0.0,0.0,0.0,0.0,0.0,0.0,0.0,0.0,1.18e-06,0.0,0.0,0.0,0.0,0.0,0.0,0.0,0.0,0.0,0.0,0.0,0.0,0.0,0.0,0.0,0.0,0.0,0.0,0.0,0.0,0.0,0.0,0.0,0.0,0.0,0.0,0.0,0.0,0.0,0.0,0.0,0.0,0.0,0.0,0.0,0.0,0.0,0.0,0.0,0.0,0.0,0.0,0.0,0.0,0.0,0.0,0.0,0.0,0.0,0.0,0.0,0.0,0.0,0.0,0.0,0.0,0.0,0.0,0.0,0.0,0.0,0.0,0.0,0.0,0.0,0.0,0.0,0.0,0.0,0.0,0.0,0.0,0.0,0.0,0.0,0.0,0.0,0.0,0.0,0.0,0.0,0.0,0.0,0.0,0.0,0.0,0.0,0.0,0.0,0.0,0.0,0.0,0.0,0.0,0.0,0.0,0.0,0.0,0.0,0.0,0.0,0.0,0.0
Reef 275,0.0,0.0,0.0,0.0,0.0,0.0,0.0,0.0,0.0,0.0,0.0,0.0,0.0,2.16e-06,3e-06,0.0,0.0,0.0,1.94e-06,0.0,0.0,0.0,0.0,3.46e-06,0.0,0.0,0.0,0.0,0.0,5.05e-06,0.0,0.0,0.0,0.0,0.0,0.0,0.0,8.35e-06,0.0,0.0,0.0,0.0,5.75e-06,0.0,8.94e-06,3.12e-05,8.45e-06,2.35e-06,0.0,0.0,0.0,0.0,3.2e-06,3.49e-06,3.9e-06,0.0,0.0,0.0,0.0,0.0,0.0,0.0,0.0,0.0,0.0,0.0,0.0,0.0,0.0,0.0,0.0,0.0,0.0,0.0,0.0,3.08e-06,0.0,0.0,0.0,0.0,0.0,0.0,0.0,0.0,0.0,0.0,0.0,0.0,0.0,0.0,7.64e-06,0.0,0.0,0.0,0.0,1.66e-05,0.0,0.0,3.07e-06,0.0,0.0,0.0,0.0,0.0,0.0,0.0,0.0,0.0,0.0,0.0,0.0,0.0,3.05e-06,0.0,0.0,0.0,0.0,0.0,1.48e-06,0.0,0.0,0.0,0.0,0.0,2.26e-06,0.0,8.08e-05,0.0,0.0,0.0,0.0,0.0,5.64e-05,2.86e-06,0.0,0.0,0.0,3.77e-06,0.0,2.01e-06,0.0,2.49e-06,1.72e-06,0.0,3.07e-06,1.94e-06,7.51e-05,0.0,0.0,0.0,0.0,9.25e-06,0.0,0.0,0.0,0.0,0.0,8.48e-06,2.51e-06,0.0,0.0,0.0,0.0,5.71e-06,4.68e-06,0.0,0.0,0.0,0.0,2.26e-05,0.0,0.0,0.0,0.0,2.87e-06,0.0,0.0,0.0,8.95e-06,0.0,0.0,0.0,0.0,0.0,0.0,0.0,1.82e-05,0.0,0.0,0.0,0.0,0.0,0.0,0.0,0.0,0.0,0.0,0.0,3.7e-05,0.0,0.0,0.0,0.0,0.0,0.0,0.000105501,4.97e-06,0.0,0.0,0.0,0.0,0.0,0.0,0.0,0.0,0.0,0.0,0.0,0.0002575,0.0,0.0,0.0,0.0,0.000551491,0.0,0.0,0.0,0.0,0.0,0.0,0.0,0.0,0.00589668,0.0,0.0,0.0,0.0,0.0,0.0,0.0,0.0,0.0,0.0,0.0,0.0,0.000259993,0.0,0.0,0.0,0.0,0.0,0.0215692,0.0,0.0,0.0,0.0,0.0,0.0,0.0,0.0,0.0,0.0,0.0,0.0,0.0,0.0,0.0,0.0,0.0219676,0.0,0.0,0.0,0.0,0.0,0.0225907,0.0,0.0,0.0,0.0,0.0,0.0,0.0,0.0,0.0,0.0,0.0,0.0,0.0,0.0069298,0.0,0.00717127,0.00084212,0.00356034,0.0,0.0,0.0,0.000142915,0.0,0.0,9.31e-05,0.0,0.0,0.000279122,0.0,0.0,0.0109445,8.91e-05,4.05e-05,4.77e-06,5.79e-06,0.0,0.0,0.0,0.0,0.0,0.0,0.0,0.0,0.0,0.0,0.0,0.0,0.0,0.0,0.0,0.0,0.0,0.0,0.0,0.0,0.0,0.0,0.0,0.0,0.0,0.0,0.0,0.0,0.0,0.0,0.0,0.0,0.0,0.0,0.0,0.0,0.0,0.0,0.0,0.0,0.0,0.0,0.0,0.0,0.0,0.0,0.0,0.0,0.0,0.0,0.0,0.0,0.0,0.0,0.0,0.0,0.0,0.0,0.0,0.0,0.0,0.0,0.0,0.0,0.0,0.0,0.0,0.0,0.0,0.0,0.0,0.0,0.0,0.0,0.0,0.0,0.0,0.0,0.0,0.0,0.0,0.0,0.0,0.0,0.0,0.0,0.0,0.0,0.0,0.0,0.0,0.0,0.0,0.0,0.0,0.0,0.0,0.0,0.0,0.0,0.0,0.0,0.0,0.0,0.0,0.0,0.0,0.0,0.0,0.0,0.0,0.0,0.0
Reef 276,0.0,0.0,0.0,0.0,0.0,0.0,0.0,0.0,0.0,0.0,0.0,0.0,0.0,0.0,0.0,0.0,0.0,0.0,0.0,0.0,0.0,0.0,0.0,0.0,0.0,0.0,0.0,0.0,0.0,1.42e-05,0.0,0.0,0.0,0.0,0.0,0.0,0.0,4.24e-05,0.0,0.0,0.0,0.0,0.0,0.0,0.0,0.0,0.0,0.0,0.0,0.0,0.0,0.0,0.0,0.0,1.97e-05,0.0,0.0,0.0,0.0,0.0,0.0,0.0,0.0,0.0,0.0,0.0,0.0,0.0,0.0,0.0,0.0,0.0,0.0,0.0,0.0,0.0,0.0,0.0,0.0,0.0,0.0,0.0,0.0,0.0,0.0,0.0,0.0,0.0,0.0,0.0,0.0,0.0,0.0,0.0,0.0,5.51e-05,0.0,0.0,0.0,0.0,0.0,0.0,0.0,0.0,0.0,0.0,0.0,0.0,0.0,0.0,0.0,0.0,0.0,0.0,0.0,0.0,0.0,0.0,0.0,0.0,0.0,0.0,0.0,0.0,0.0,0.0,0.000102768,0.0,0.0,0.0,0.0,0.0,0.0,0.0,0.0,0.0,0.0,0.0,0.0,0.0,0.0,0.0,0.0,1.86e-05,0.0,0.0,0.00138292,0.0,0.0,0.00070866,0.0,0.000686705,0.000880031,0.0,0.0,0.0,0.0,0.0,0.0,0.00453553,0.0,0.0,0.0,0.0,0.0,0.000471289,0.00292359,0.0,0.0,0.0,0.0,0.0,0.0,0.0,0.0,0.00354779,0.0,0.0,0.0,0.0,0.0,0.00100274,0.0,0.0,0.0,0.0,0.0,3.03e-05,0.0,0.0,0.0,0.0,0.000381721,0.0,3.45e-05,0.0,0.0,0.0,0.0,0.0,0.0,7.27e-05,0.0,8.74e-05,0.0,0.0,8.76e-05,0.0,0.0,0.0,3.3e-05,1.44e-05,1.82e-05,0.0,0.000260661,1.82e-05,0.0,0.0,0.0,0.0,0.0,9.01e-05,0.0,1.65e-05,0.0,0.0,0.00217613,0.0,0.0,0.0,0.0,0.0,1.86e-05,0.0,0.0,3.41e-05,0.0,0.0,0.0,2e-05,0.00136108,0.000388532,0.0,0.0,0.0,0.000361162,6.36e-05,0.000188189,0.0,0.0,0.0,0.0,8.65e-05,0.0,0.0,0.0,0.0,0.0,0.0,0.000278425,2.4e-05,0.0,0.0,0.0,3.43e-05,0.0,0.0,0.0,0.0,0.00490037,0.0,0.0,0.00578865,0.0,0.0,0.00263716,0.00201926,0.0,0.0,0.0042066,0.0,0.0198141,0.0,0.0,0.0,0.0,0.0,0.000152293,0.0,0.000821683,0.0,0.0,0.0,0.0,0.0,0.0,0.0,1.44e-05,0.000297045,0.0,0.0,0.0,0.000293627,0.0,0.0,0.0,0.0,0.0,0.0,0.0,0.0,0.0,0.0,0.0,0.0,0.0,0.0,0.0,0.0,0.0,0.0,0.0,0.0,0.0,0.0,0.0,0.0,0.0,0.0,0.0,0.0,0.0,0.0,0.0,4.37e-05,0.0,0.0,0.0,0.0,0.0,0.0,0.0,0.0,0.0,0.0,0.0,0.0,0.0,0.0,0.0,0.0,0.0,0.0,0.0,0.0,0.0,0.0,0.0,0.0,0.0,0.0,0.0,0.0,0.0,0.0,0.0,0.0,0.0,0.0,0.0,0.0,0.0,0.0,0.0,0.0,0.0,0.0,0.0,0.0,0.0,0.0,0.0,0.0,0.0,0.0,0.0,0.0,0.0,0.0,0.0,0.0,0.0,0.0,0.0,0.0,0.0,0.0,0.0,0.0,0.0,0.0,0.0,0.0,0.0,0.0,0.0,0.0,0.0,0.0,0.0,0.0,0.0,0.0,0.0,0.0,0.0,0.0,0.0,0.0,0.0,0.0,0.0,0.0
Reef 277,1.09e-05,0.0,0.0,0.0,0.0,0.0,0.0,0.0,0.0,0.0,0.0,0.0,0.0,0.0,0.0,0.0,0.0,0.0,0.0,0.0,0.0,0.0,0.0,0.0,0.0,0.0,0.0,0.0,0.0,0.0,0.0,0.0,0.0,0.0,0.0,0.0,0.0,0.0,0.0,0.0,0.0,0.0,0.0,0.0,0.0,0.0,0.0,0.0,0.0,0.0,0.0,0.0,0.0,0.0,0.0,0.0,0.0,0.0,0.0,0.0,0.0,0.0,0.0,0.0,0.0,0.0,0.0,0.0,0.0,0.0,0.0,0.0,0.0,0.0,0.0,0.0,0.0,0.0,0.0,0.0,0.0,1.51e-05,0.0,0.0,0.0,0.0,0.0,0.0,0.0,0.0,0.0,0.0,0.0,0.0,0.0,0.0,0.0,0.0,0.0,0.0,0.0,0.0,0.0,0.0,0.0,0.0,0.0,0.0,0.0,0.0,0.0,0.0,0.0,0.0,0.0,0.0,0.0,4.17e-05,0.0,0.0,0.0,0.0,0.0,0.0,0.0,0.0,0.0,0.0,0.0,1.61e-05,0.0,1.22e-05,0.0,0.0,0.0,0.0,8.72e-05,0.0,0.0,0.0,1.06e-05,0.0,0.0,0.0,0.0,0.0,1.24e-05,0.0,0.0,8.56e-05,0.0,1.08e-05,0.000228211,0.0,0.0,0.0,1.1e-05,0.0,0.0,0.000511502,0.000497169,0.0,0.0,0.0,0.0,9.38e-05,0.000380265,3.2e-05,8.09e-05,0.0,0.0,0.000231221,0.000100231,1.55e-05,0.0,0.000824058,5.63e-05,0.0,0.0,0.0,0.0,0.000349692,0.0,0.0,0.0,0.00152493,0.0,1.17e-05,0.000203442,0.0,0.0,0.0,0.000128719,0.0,3.2e-05,2.09e-05,0.0,0.0,0.0,0.0,9.7e-05,0.000792732,0.0,0.000352427,0.0,0.0,0.0,0.0,0.0,9.28e-06,0.00198616,4.22e-05,0.000120136,0.000568082,0.0029512,0.00944309,2.48e-05,9.87e-05,0.0,8.01e-05,4.7e-05,0.000165013,0.000166274,0.0,0.00027111,0.0,0.000292929,0.000293804,0.0,0.0,0.000224581,3.05e-05,0.0,2.79e-05,0.0,0.00172909,1.4e-05,0.0,0.0,0.000341065,0.0291052,0.00214398,0.0,0.0,0.0,0.0,4.07e-05,0.000702676,0.0,0.0,0.0,0.0,4.4e-05,0.0,0.0,9.68e-06,0.0,0.0,0.0,0.000195132,4.29e-05,0.000264487,1.36e-05,0.0,0.00049648,0.000389897,0.0,9.07e-05,0.0,0.00752238,0.0,0.0,0.0397435,0.0,0.0,9.85e-05,0.00379023,0.0,8.27e-06,0.0001306,0.0,0.0331557,0.0,0.0,0.0,0.0,1.03e-05,2e-05,0.0,6.57e-05,0.0,0.0,0.0,0.0,0.0,0.0,0.0,0.000291065,0.00417655,0.0,0.0,0.0,0.0,0.0,0.0,0.0,0.0,0.0,0.0,0.0,0.0,0.0,0.0,0.0,0.0,0.0,0.0,0.0,0.0,0.0,0.0,0.0,0.0,0.0,0.0,0.0,0.0,1.02e-05,0.0,1.38e-05,0.0,0.0,0.0,0.0,0.000104164,0.0,1.33e-05,0.0,0.0,0.0,0.0,0.0,0.0,0.0,0.0,0.0,0.0,0.0,0.0,0.0,0.0,0.0,0.0,0.0,0.0,0.0,0.0,0.0,0.0,0.0,0.0,0.0,0.0,0.0,0.0,0.0,0.0,0.0,0.0,0.0,0.0,0.0,0.0,0.0,0.0,0.0,0.0,0.0,0.0,0.0,0.0,0.0,0.0,0.0,0.0,0.0,0.0,0.0,0.0,0.0,0.0,0.0,0.0,0.0,0.0,0.0,0.0,0.0,0.0,0.0,0.0,0.0,0.0,0.0,0.0,0.0,0.0,0.0,0.0,0.0,0.0,0.0,0.0,0.0,0.0,0.0,0.0,0.0,0.0,0.0,0.0,0.0,0.0
Reef 278,0.0,0.0,0.0,0.0,0.0,0.0,0.0,0.0,0.0,0.0,0.0,0.0,0.0,0.0,0.0,0.0,0.0,0.0,0.0,0.0,0.0,0.0,0.0,0.0,0.0,0.0,0.0,0.0,0.0,0.0,0.0,0.0,0.0,0.0,0.0,0.0,0.0,0.0,0.0,0.0,0.0,0.0,0.0,0.0,0.0,0.0,0.0,0.0,0.0,0.0,0.0,0.0,0.0,0.0,0.0,0.0,0.0,0.0,0.0,0.0,0.0,0.0,0.0,0.0,0.0,0.0,0.0,0.0,0.0,0.0,0.0,0.0,0.0,0.0,0.0,0.0,0.0,0.0,0.0,0.0,0.0,0.0,0.0,0.0,0.0,0.0,0.0,0.0,0.0,0.0,0.0,0.0,0.0,0.0,0.0,0.0,0.0,0.0,0.0,0.0,0.0,0.0,0.0,0.0,0.0,0.0,0.0,0.0,0.0,0.0,0.0,0.0,0.0,0.0,0.0,0.0,0.0,0.0,0.0,0.0,0.0,0.0,0.0,0.0,0.0,0.0,0.0,0.0,0.0,0.0,0.0,0.0,0.0,0.0,0.0,0.0,0.0,0.0,0.0,0.0,0.0,0.0,0.0,0.0,0.0,0.0,0.0,0.0,0.0,0.0,0.0,0.0,0.0,0.0,0.0,0.0,0.0,0.0,0.0,1.77e-05,3.08e-05,0.0,0.0,0.0,0.0,7.06e-06,3.07e-05,0.0,8.14e-06,0.0,0.0,1.27e-05,5.65e-05,0.0,0.0,0.0,8.22e-06,0.0,0.0,0.0,0.0,0.0,0.0,0.0,0.0,0.00019304,0.0,0.0,0.0,0.0,0.0,0.0,0.0,0.0,0.0,0.0,0.0,0.0,0.0,0.0,1.99e-05,0.0,0.0,0.0,0.0,0.0,0.0,0.0,0.0,0.000157566,0.0,4.31e-06,8.52e-05,6.28e-05,0.0,0.0,0.0,0.0,0.0,0.0,0.0,0.0,0.0,0.0,3.84e-05,0.0,6.29e-05,2.83e-05,0.0,0.0,8.06e-06,0.0,0.0,1.17e-05,2.48e-05,0.0,0.0,1.76e-05,0.00337408,0.0,0.000473981,0.000161051,1e-05,4.64e-05,0.00131215,0.0,0.0,3.48e-05,0.000613969,4.29e-05,0.00159564,0.0,7.69e-06,0.000493874,0.000700822,2.47e-05,1.18e-05,0.000432003,0.0061552,8.53e-06,0.000403244,0.000268987,6.63e-05,0.0,0.000402628,0.000139667,0.000968217,2.43e-05,0.0,0.00176946,1.35e-05,0.0219214,9.3e-05,0.00220776,0.0,7.08e-05,6.98e-05,0.0253248,0.000257118,5.57e-05,1.6e-05,0.000332207,0.00244366,1.14e-05,3.1e-05,6.54e-05,6.28e-05,0.0,0.0,0.00018942,0.0,0.0,0.0,0.000388157,0.000250893,0.0,0.0,2.21e-05,0.000553113,0.0,7.91e-06,0.0,0.0,0.0,0.0,0.0,0.0,0.0,0.0,0.0,0.0,0.0,0.0,0.0,0.0,0.0,0.0,0.0,0.0,0.0,0.0,0.0,0.0,0.0,0.0,0.0,0.0,0.0,0.0,0.0,0.0,0.0,0.0,0.0,0.0,0.0,0.0,0.0,0.0,0.0,0.0,0.0,0.0,0.0,0.0,0.0,0.0,0.0,0.0,0.0,0.0,0.0,0.0,0.0,0.0,0.0,0.0,0.0,0.0,0.0,0.0,0.0,0.0,0.0,0.0,0.0,0.0,0.0,0.0,0.0,0.0,0.0,0.0,0.0,0.0,0.0,0.0,0.0,0.0,0.0,0.0,0.0,0.0,0.0,0.0,0.0,0.0,0.0,0.0,0.0,0.0,0.0,0.0,0.0,0.0,0.0,0.0,0.0,0.0,0.0,0.0,0.0,0.0,0.0,0.0,0.0,0.0,0.0,0.0,0.0,0.0,0.0,0.0,0.0,0.0,0.0,0.0,0.0,0.0,0.0,0.0,0.0,0.0
Reef 279,0.0,0.0,0.0,0.0,0.0,0.0,0.0,0.0,0.0,0.0,0.0,0.0,0.0,0.0,0.0,0.0,0.0,0.0,0.0,0.0,0.0,0.0,0.0,0.0,0.0,0.0,0.0,0.0,0.0,0.0,0.0,0.0,0.0,0.0,0.0,0.0,0.0,0.0,0.0,0.0,0.0,0.0,0.0,0.0,0.0,0.0,0.0,0.0,0.0,0.0,0.0,0.0,0.0,0.0,0.0,0.0,0.0,0.0,0.0,0.0,0.0,0.0,0.0,0.0,0.0,0.0,0.0,0.0,0.0,0.0,0.0,0.0,0.0,0.0,0.0,0.0,0.0,0.0,0.0,0.0,0.0,0.0,0.0,0.0,0.0,0.0,0.0,0.0,0.0,0.0,0.0,0.0,0.0,0.0,0.0,0.0,0.0,0.0,0.0,0.0,0.0,0.0,0.0,0.0,0.0,0.0,0.0,0.0,0.0,0.0,0.0,0.0,0.0,0.0,0.0,0.0,0.0,0.0,0.0,0.0,0.0,0.0,0.0,0.0,0.0,0.0,0.0,0.0,0.0,0.0,0.0,0.0,0.0,0.0,0.0,0.0,0.0,0.0,0.0,0.0,0.0,0.0,0.0,0.0,0.0,0.0,0.0,0.0,0.0,0.0,0.0,0.0,0.0,0.0,0.0,0.0,0.0,0.0,0.0,0.0,2.67e-05,0.0,0.0,0.0,0.0,0.0,0.0,0.0,1.22e-05,0.0,0.0,7.55e-06,8.88e-05,3.24e-06,0.0,0.0,5.08e-05,0.0,0.0,0.0,0.0,0.0,0.0,0.0,0.0,0.0,0.0,0.0,0.0,0.0,0.0,0.0,0.0,0.0,0.0,0.0,0.0,0.0,0.0,0.0,0.0,0.0,0.0,0.0,0.0,0.0,0.0,0.0,0.0,0.0,0.0,0.0,0.0,0.0,0.0,0.0,0.0,0.0,0.0,0.0,0.0,0.0,0.0,0.0,0.0,0.0,0.0,3.11e-06,0.0,0.0,2.24e-05,0.0,0.0,1.64e-06,0.0,0.0,0.0,0.0,0.00820091,0.0,0.0,0.0,0.0,2.19e-06,3.97e-06,0.0,0.0,0.0,1.32e-05,0.0,0.00103223,0.0,0.0,1.02e-05,3.79e-06,0.0,0.0,7.69e-06,5.63e-05,0.0,0.0,0.0,0.0,0.0,0.0,0.0,7.72e-06,6.96e-05,0.0,0.0,4.68e-06,8.51e-06,0.0,0.000326227,0.0,0.0,0.0,7.49e-05,0.00952382,0.0,0.0,0.0,1.96e-06,8.96e-06,0.0,0.000985755,4.12e-05,0.0,0.0,0.0,0.0,0.0,0.0,0.00857056,0.0126258,0.00140372,0.0,0.0,0.0,0.0,0.000809063,2.24e-05,0.0,6.33e-06,0.00116966,0.0,0.0,0.0,0.0,0.0,0.0,0.0,0.0,0.0,0.0,2.13e-05,1.76e-06,0.0,0.0,4.16e-06,0.0,0.0,0.0,0.0,7.46e-06,0.0,0.0,0.0,0.0,0.0,0.0,0.0,0.0,0.0,0.0,0.0,0.0,0.0,0.0,0.0,0.0,0.0,0.0,0.0,0.0,0.0,0.0,0.0,0.0,0.0,0.0,0.0,0.0,0.0,0.0,0.0,0.0,0.0,0.0,0.0,0.0,0.0,0.0,0.0,0.0,0.0,0.0,0.0,0.0,0.0,0.0,0.0,0.0,0.0,0.0,0.0,0.0,0.0,0.0,0.0,0.0,0.0,0.0,0.0,0.0,0.0,0.0,0.0,0.0,0.0,0.0,0.0,0.0,0.0,0.0,0.0,0.0,0.0,0.0,0.0,0.0,0.0,0.0,0.0,0.0,0.0,0.0,0.0,0.0,0.0,0.0,0.0,0.0,0.0,0.0,0.0,0.0,0.0,0.0,0.0,0.0,0.0,0.0
Reef 280,0.0,0.0,0.0,0.0,0.0,0.0,0.0,0.0,0.0,0.0,0.0,0.0,0.0,0.0,0.0,0.0,0.0,0.0,0.0,0.0,0.0,0.0,0.0,0.0,0.0,0.0,0.0,0.0,0.0,0.0,0.0,0.0,0.0,0.0,0.0,0.0,0.0,4.08e-05,0.0,0.0,0.0,0.0,0.0,0.0,0.0,0.0,0.0,0.0,0.0,0.0,0.0,0.0,0.0,0.0,0.0,0.0,0.0,0.0,0.0,0.0,0.0,0.0,0.0,0.0,0.0,0.0,0.0,0.0,0.0,0.0,0.0,0.0,0.0,0.0,0.0,0.0,0.0,0.0,0.0,0.0,0.0,0.0,0.0,0.0,0.0,0.0,0.0,0.0,0.0,0.0,0.0,0.0,0.0,0.0,0.0,5.07e-05,0.0,0.0,0.0,0.0,0.0,0.0,0.0,0.0,0.0,0.0,0.0,0.0,0.0,0.0,0.0,0.0,0.0,0.0,0.0,0.0,0.0,0.0,0.0,0.0,0.0,0.0,0.0,0.0,0.0,0.0,9.33e-05,0.0,0.0,0.0,0.0,0.0,0.0,0.0,0.0,0.0,0.0,0.0,0.0,0.0,0.0,0.0,0.0,0.0,0.0,0.0,0.00130581,0.0,0.0,0.000815671,0.0,0.000649569,0.000970663,0.0,0.0,0.0,0.0,0.0,0.0,0.00513839,0.0,0.0,0.0,0.0,0.0,0.000514662,0.00334398,0.0,0.0,0.0,0.0,0.0,0.0,0.0,0.0,0.00418168,0.0,0.0,0.0,0.0,0.0,0.00123696,0.0,0.0,0.0,0.0,0.0,3.6e-05,0.0,0.0,0.0,0.0,0.0004744,0.0,4.23e-05,0.0,0.0,0.0,0.0,0.0,0.0,9.14e-05,0.0,0.00010832,0.0,0.0,8.42e-05,0.0,0.0,0.0,4.2e-05,2.97e-05,4.12e-05,0.0,0.00032751,2.39e-05,0.0,0.0,0.0,0.0,0.0,0.000131962,0.0,0.0,0.0,0.0,0.00203296,0.0,0.0,0.0,0.0,0.0,0.0,0.0,0.0,0.000149628,0.0,0.0,0.0,2.5e-05,0.000999168,0.000566941,0.0,0.0,0.0,0.000345784,4.93e-05,0.000247062,0.0,0.0,0.0,0.0,7.71e-05,0.0,0.0,0.0,0.0,0.0,0.0,0.000208488,0.0,0.0,0.0,0.0,0.000915148,0.0,0.0,0.0,0.0,0.00694742,0.0,0.0,0.00413667,0.0,0.0,0.000155151,0.00216218,0.0,0.0,0.00133289,0.0,0.0126134,0.0,0.0,0.0,0.0,0.0,0.000153042,0.0,0.000829041,0.0,0.0,0.0,0.0,0.0,0.0,0.0,0.000214017,0.000402663,0.0,0.0,0.0,0.000281574,0.0,0.0,0.0,0.0,0.0,0.0,0.0,0.0,0.0,0.0,0.0,0.0,0.0,0.0,0.0,0.0,0.0,0.0,0.0,0.0,0.0,0.0,0.0,0.0,0.0,0.0,0.0,0.0,0.0,0.0,0.0,4.94e-05,0.0,0.0,0.0,0.0,0.0,0.0,0.0,0.0,0.0,0.0,0.0,0.0,0.0,0.0,0.0,0.0,0.0,0.0,0.0,0.0,0.0,0.0,0.0,0.0,0.0,0.0,0.0,0.0,0.0,0.0,0.0,0.0,0.0,0.0,0.0,0.0,0.0,0.0,0.0,0.0,0.0,0.0,0.0,0.0,0.0,0.0,0.0,0.0,0.0,0.0,0.0,0.0,0.0,0.0,0.0,0.0,0.0,0.0,0.0,0.0,0.0,0.0,0.0,0.0,0.0,0.0,0.0,0.0,0.0,0.0,0.0,0.0,0.0,0.0,0.0,0.0,0.0,0.0,0.0,0.0,0.0,0.0,0.0,0.0,0.0,0.0,0.0,0.0
Reef 281,0.0,0.0,0.0,0.0,0.0,0.0,0.0,0.0,0.0,0.0,0.0,0.0,0.0,0.0,0.0,0.0,0.0,0.0,0.0,0.0,0.0,0.0,0.0,0.0,0.0,0.0,0.0,0.0,0.0,0.0,0.0,0.0,0.0,0.0,0.0,0.0,0.0,0.0,0.0,0.0,0.0,0.0,0.0,0.0,0.0,0.0,0.0,0.0,0.0,0.0,0.0,0.0,0.0,0.0,0.0,0.0,0.0,0.0,0.0,0.0,0.0,0.0,0.0,0.0,0.0,0.0,0.0,0.0,0.0,0.0,0.0,0.0,0.0,0.0,0.0,0.0,0.0,0.0,0.0,0.0,0.0,0.0,0.0,0.0,0.0,0.0,0.0,0.0,0.0,0.0,0.0,0.0,0.0,0.0,0.0,0.0,0.0,0.0,0.0,0.0,0.0,0.0,0.0,0.0,0.0,0.0,0.0,0.0,0.0,0.0,0.0,0.0,0.0,0.0,0.0,0.0,0.0,0.0,0.0,0.0,0.0,0.0,0.0,0.0,0.0,0.0,0.0,0.0,0.0,0.0,0.0,0.0,0.0,0.0,0.0,0.0,0.0,0.0,0.0,0.0,0.0,0.0,0.0,0.0,0.0,0.0,3.27e-05,0.0,0.0,4.76e-05,0.0,0.0,0.000122713,0.0,0.0,0.0,0.0,0.0,0.0,0.000568903,3.79e-05,0.0,0.0,0.0,0.0,0.000106441,0.000449652,0.0,0.0,0.0,0.0,0.0,3.48e-05,0.0,0.0,0.00038096,0.0,0.0,0.0,0.0,0.0,0.000152416,0.0,0.0,0.0,0.000237312,0.0,0.0,0.0,0.0,0.0,0.0,0.000103507,0.0,4.29e-05,0.0,0.0,0.0,0.0,0.0,0.0,0.000238708,0.0,0.000285309,0.0,0.0,0.0,0.0,0.0,0.000305276,0.000294989,0.000231349,0.000382969,0.000318478,0.00117391,0.00020495,3.58e-05,8.38e-05,0.0,6.56e-05,0.0,0.000310452,6.04e-05,0.0,0.000128352,0.0,0.000381199,0.000175546,0.0,0.0,0.0037752,0.0,0.0,0.000817593,6.96e-05,5.08e-05,0.0,0.0,0.0,4.16e-05,0.000478131,0.000159729,0.0,0.0,0.0,0.0,4.61e-05,3.32e-05,6.17e-05,0.0,0.0,0.0,0.000100883,0.00153072,3.18e-05,0.000100317,4.67e-05,0.000116463,0.0,8.09e-05,0.000551678,0.00157283,0.000599871,3.91e-05,0.00159946,0.00028617,0.00319954,7.15e-05,0.0,0.000173498,0.0,0.0,9.69e-05,0.00081224,0.0,0.000165865,5.68e-05,0.0,0.0,0.000136341,0.00667218,0.000317793,0.00733738,0.0,0.00086655,0.0,0.0,0.0,0.0,0.000154803,0.0,0.0,0.0,0.0,0.0,0.0,0.0,7.53e-05,0.00219282,0.0,0.0,0.0,0.0,0.0,0.0,0.0,0.0,0.0,0.0,0.0,0.0,0.0,0.0,0.0,0.0,0.0,0.0,0.0,0.0,0.0,0.0,0.0,0.0,0.0,0.0,0.0,0.0,0.00016774,0.0,0.000228875,3.47e-05,0.0,0.0,8.24e-05,0.000350466,5.3e-05,0.000358933,0.0,0.000117379,0.0,0.0,0.0,6.98e-05,0.0,0.0,0.0,0.0,0.0,0.0,0.0,0.0,0.0,0.0,0.0,0.0,0.0,0.0,0.0,0.0,0.0,0.0,0.0,0.0,0.0,0.0,0.0,0.0,0.0,0.0,0.0,0.0,0.0,0.0,0.0,0.0,0.0,0.0,0.0,0.0,0.0,0.0,0.0,0.0,0.0,0.0,0.0,0.0,0.0,0.0,0.0,0.0,0.0,0.0,0.0,0.0,0.0,0.0,0.0,0.0,0.0,0.0,0.0,0.0,0.0,0.0,0.0,0.0,0.0,0.0,0.0,0.0,0.0,0.0,0.0,0.0,0.0,0.0,0.0,0.0,0.0,0.0,0.0,0.0
Reef 282,0.0,0.0,0.0,0.0,0.0,0.0,0.0,0.0,0.0,0.0,0.0,0.0,0.0,0.0,0.0,0.0,0.0,0.0,0.0,0.0,0.0,0.0,0.0,0.0,0.0,0.0,0.0,0.0,0.0,0.0,0.0,0.0,0.0,0.0,0.0,0.0,0.0,2.04e-06,0.0,0.0,0.0,0.0,0.0,0.0,0.0,0.0,0.0,0.0,0.0,0.0,0.0,0.0,0.0,0.0,0.0,0.0,0.0,0.0,0.0,0.0,0.0,0.0,0.0,0.0,0.0,0.0,0.0,0.0,0.0,0.0,0.0,0.0,0.0,0.0,0.0,0.0,0.0,0.0,0.0,0.0,0.0,0.0,0.0,0.0,0.0,0.0,0.0,0.0,0.0,0.0,0.0,0.0,0.0,0.0,0.0,3.79e-06,0.0,0.0,0.0,0.0,0.0,0.0,0.0,0.0,0.0,0.0,0.0,0.0,0.0,0.0,0.0,0.0,0.0,0.0,0.0,0.0,0.0,0.0,0.0,0.0,0.0,0.0,0.0,0.0,0.0,0.0,7.69e-06,0.0,0.0,0.0,0.0,0.0,0.0,0.0,0.0,0.0,0.0,0.0,0.0,0.0,0.0,0.0,0.0,3.07e-06,0.0,0.0,0.000124773,0.0,0.0,0.00013798,0.0,6.63e-05,0.000215016,0.0,0.0,0.0,0.0,0.0,0.0,0.000973731,1.28e-05,0.0,0.0,0.0,0.0,0.000128779,0.000686672,0.0,5.02e-06,0.0,0.0,6.72e-06,6.4e-06,0.0,0.0,0.000846609,3.31e-06,0.0,0.0,0.0,0.0,0.000293915,0.0,0.0,0.0,2.78e-05,0.0,1.09e-05,1.28e-06,0.0,0.0,0.0,0.0001258,0.0,1.79e-05,1.6e-06,0.0,0.0,0.0,0.0,0.0,8.33e-05,0.0,9.21e-05,0.0,0.0,5.92e-06,0.0,0.0,2.75e-05,9.21e-05,4.58e-05,2.78e-06,7.67e-06,0.000377195,5.54e-05,1.33e-06,2.29e-06,0.0,0.0,0.0,0.000116248,4.1e-06,0.0,4.56e-06,0.0,2.51e-06,4.27e-06,0.0,0.0,6.02e-06,1.95e-06,1.29e-06,1.3e-06,0.0,0.000201284,1.91e-06,0.0,0.0,3.67e-06,0.00151888,0.000820726,0.0,0.0,0.0,2.74e-05,7.35e-05,0.000334472,0.0,0.0,0.0,0.0,3.57e-05,0.0,0.0,0.0,0.0,0.0,0.0,0.000308731,2.12e-05,0.0,0.0,0.0,1.21e-05,0.0,0.0,6.02e-06,0.0,0.00945532,0.0,0.0,0.00659357,0.0,0.0,4.61e-06,0.00415656,0.0,0.0,2.51e-05,0.0,0.0771099,0.0,0.0,0.0,0.0,0.0,1.14e-05,0.0,0.000944172,0.0,0.0,0.0,0.0,0.0,0.0,0.0,1.85e-05,0.00035342,0.0,0.0,0.0,2.66e-05,0.0,0.0,0.0,0.0,0.0,0.0,0.0,0.0,0.0,0.0,1.1e-05,1.55e-06,0.0,0.0,3.66e-06,2.17e-06,0.0,2.98e-05,1.38e-06,6.62e-06,0.0,0.0,1.01e-05,0.0,0.000252299,0.0,0.000342927,5.36e-05,0.0,0.0,0.000126273,3.95e-05,8.11e-05,0.000471774,0.0,0.000176333,1.56e-05,0.0,0.0,9.05e-05,1.13e-05,2.42e-05,0.0,2.11e-05,0.0,0.0,0.0,0.0,3.57e-06,0.0,0.0,0.0,0.0,0.0,0.0,0.0,0.0,1.43e-06,4.12e-06,0.0,0.0,0.0,0.0,0.0,0.0,0.0,0.0,0.0,0.0,0.0,0.0,0.0,0.0,0.0,0.0,0.0,0.0,0.0,0.0,0.0,0.0,0.0,0.0,0.0,0.0,0.0,0.0,0.0,0.0,0.0,0.0,0.0,0.0,0.0,0.0,0.0,0.0,0.0,0.0,0.0,0.0,0.0,0.0,0.0,0.0,0.0,0.0,0.0,0.0,0.0,0.0,0.0,0.0,0.0,0.0,0.0,0.0,0.0,0.0,0.0
Reef 283,0.0,0.0,0.0,0.0,0.0,0.0,0.0,0.0,0.0,0.0,0.0,0.0,0.0,0.0,0.0,0.0,0.0,0.0,0.0,0.0,0.0,0.0,0.0,0.0,0.0,0.0,0.0,0.0,0.0,0.0,0.0,0.0,0.0,0.0,0.0,0.0,0.0,0.0,0.0,0.0,0.0,0.0,0.0,0.0,0.0,0.0,0.0,0.0,0.0,0.0,0.0,0.0,0.0,0.0,0.0,0.0,0.0,0.0,0.0,0.0,0.0,0.0,0.0,0.0,0.0,0.0,0.0,0.0,0.0,0.0,0.0,0.0,0.0,0.0,0.0,0.0,0.0,0.0,0.0,0.0,0.0,0.0,0.0,0.0,0.0,0.0,0.0,0.0,0.0,0.0,0.0,0.0,0.0,0.0,0.0,0.0,0.0,0.0,0.0,0.0,0.0,0.0,0.0,0.0,0.0,0.0,0.0,0.0,0.0,0.0,0.0,0.0,0.0,0.0,0.0,0.0,0.0,0.0,0.0,0.0,0.0,0.0,0.0,0.0,0.0,0.0,0.0,0.0,0.0,0.0,0.0,0.0,0.0,0.0,0.0,0.0,7.44e-06,0.0,0.0,0.0,0.0,0.0,0.0,0.0,0.0,0.0,1.42e-05,0.0,0.0,1.48e-05,0.0,1.22e-05,1.63e-05,0.0,0.0,0.0,0.0,0.0,0.0,0.000297968,2.7e-05,0.0,0.0,0.0,0.0,0.000103851,0.000416369,0.0,1.36e-05,0.0,0.0,1.17e-05,1.75e-05,0.0,0.0,0.000112208,8.66e-06,0.0,0.0,0.0,0.0,4.39e-05,0.0,0.0,0.0,0.000208525,0.0,0.0,0.0,0.0,0.0,0.0,1.41e-05,0.0,0.0,0.0,0.0,0.0,0.0,0.0,1.59e-05,1.04e-05,0.0,7.44e-06,0.0,0.0,0.0,0.0,0.0,0.000262489,1.41e-05,0.000146383,0.000319324,0.000180792,4.89e-05,3.63e-05,1.57e-05,1.14e-05,0.0,3.32e-05,2.36e-05,1.03e-05,5.37e-05,0.0,9.52e-05,0.0,0.000299272,0.00109175,0.0,0.0,4.35e-05,0.0,0.0,2.72e-05,4.26e-06,1.01e-05,0.0,1.03e-05,0.0,1.25e-05,0.00073583,8.52e-05,0.0,0.0,0.0,0.0,7.81e-06,4.82e-05,0.0015774,2.05e-05,0.0,0.0,7.65e-05,0.00126723,9.72e-05,8.04e-06,0.000109413,0.00108403,0.0,1.59e-05,3.36e-05,3.41e-05,8.39e-06,8.93e-06,0.00257027,1.44e-05,0.0018216,0.000874865,0.0,1.08e-05,5.1e-05,0.0,0.000168603,1.13e-05,0.0,0.000109315,9.71e-05,1.62e-05,0.0,7.31e-05,0.000300016,0.000581053,0.0266325,0.0,0.000119994,0.0,0.0,0.0,0.0,0.000179066,0.0,0.0,0.0,0.0,0.0,0.0,0.0,3.43e-05,0.000846217,0.0,0.0,0.0,0.0,0.0,0.0,0.0,0.0,0.0,0.0,0.0,0.0,0.0,0.0,0.0,0.0,0.0,0.0,0.0,0.0,0.0,0.0,0.0,0.0,0.0,0.0,0.0,0.0,0.0,0.0,0.0,0.0,0.0,0.0,0.0,0.000118342,0.0,0.0,0.0,0.0,0.0,0.0,0.0,0.0,0.0,0.0,0.0,0.0,0.0,0.0,0.0,0.0,0.0,0.0,0.0,0.0,0.0,0.0,0.0,0.0,0.0,0.0,0.0,0.0,0.0,0.0,0.0,0.0,0.0,0.0,0.0,0.0,0.0,0.0,0.0,0.0,0.0,0.0,0.0,0.0,0.0,0.0,0.0,0.0,0.0,0.0,0.0,0.0,0.0,0.0,0.0,0.0,0.0,0.0,0.0,0.0,0.0,0.0,0.0,0.0,0.0,0.0,0.0,0.0,0.0,0.0,0.0,0.0,0.0,0.0,0.0,0.0,0.0,0.0,0.0,0.0,0.0,0.0,0.0,0.0,0.0,0.0,0.0,0.0
Reef 284,0.0,0.0,0.0,0.0,0.0,0.0,0.0,0.0,0.0,0.0,0.0,0.0,0.0,0.0,0.0,0.0,0.0,0.0,0.0,0.0,0.0,0.0,0.0,0.0,0.0,0.0,0.0,0.0,0.0,0.0,0.0,0.0,0.0,0.0,0.0,0.0,0.0,0.0,0.0,0.0,0.0,0.0,0.0,0.0,0.0,0.0,0.0,0.0,0.0,0.0,0.0,0.0,0.0,0.0,0.0,0.0,0.0,0.0,0.0,0.0,0.0,0.0,0.0,0.0,0.0,0.0,0.0,0.0,0.0,0.0,0.0,0.0,0.0,0.0,0.0,0.0,0.0,0.0,0.0,0.0,0.0,0.0,0.0,0.0,0.0,0.0,0.0,0.0,0.0,0.0,0.0,0.0,0.0,0.0,0.0,0.0,0.0,0.0,0.0,0.0,0.0,0.0,0.0,0.0,0.0,0.0,0.0,0.0,0.0,0.0,0.0,0.0,0.0,0.0,0.0,0.0,0.0,0.0,0.0,0.0,0.0,0.0,0.0,0.0,0.0,0.0,0.0,0.0,0.0,0.0,0.0,0.0,0.0,0.0,0.0,0.0,0.0,0.0,0.0,0.0,0.0,0.0,0.0,0.0,0.0,0.0,0.0,0.0,0.0,0.0,0.0,0.0,0.0,0.0,0.0,0.0,0.0,0.0,0.0,0.0,2.28e-05,0.0,0.0,0.0,0.0,0.0,0.0,0.0,1.09e-05,0.0,0.0,9.81e-06,1.55e-05,3.8e-06,0.0,0.0,4.78e-06,0.0,0.0,0.0,0.0,0.0,0.0,0.0,0.0,0.0,0.0,0.0,0.0,0.0,0.0,0.0,0.0,0.0,0.0,0.0,0.0,0.0,0.0,0.0,0.0,0.0,0.0,0.0,0.0,0.0,0.0,0.0,0.0,0.0,0.0,0.0,0.0,0.0,0.0,0.0,0.0,0.0,0.0,0.0,0.0,0.0,6.21e-06,0.0,0.0,0.0,0.0,1.33e-05,0.0,0.0,9.15e-05,0.0,0.0,4.6e-06,0.0,0.0,0.0,4.3e-06,0.0140256,0.0,3.59e-06,0.0,4.99e-05,6.37e-06,2.8e-05,0.0,0.0,0.0,6.74e-06,1.81e-05,0.00694895,0.0,0.0,5.79e-06,0.000129408,0.0,0.0,4.44e-06,0.00735375,0.0,3.82e-06,0.0,0.0,0.0,3.2e-06,0.0,9.74e-06,5.68e-05,0.0,1.5e-05,3.24e-06,0.000236804,0.0,0.000207826,0.0,0.0,0.0,3.95e-06,0.00174826,0.0,0.0,0.0,2.35e-05,0.00198916,0.0,0.00181625,1.03e-05,0.0,0.0,0.0,0.0,0.0,0.0,0.0347865,0.0124252,0.000642976,0.0,0.0,4.44e-06,0.0,0.000701969,7.83e-06,0.0,3.68e-05,0.000557833,0.0,0.0,0.0,0.0,0.0,0.0,0.0,0.0,0.0,0.0,9.91e-06,3.41e-05,0.0,0.0,1.39e-05,0.0,0.0,0.0,0.0,5.74e-06,0.0,0.0,0.0,0.0,0.0,0.0,0.0,0.0,0.0,0.0,0.0,0.0,0.0,0.0,0.0,0.0,0.0,0.0,0.0,0.0,0.0,0.0,0.0,0.0,0.0,0.0,0.0,0.0,0.0,0.0,0.0,0.0,0.0,0.0,0.0,0.0,0.0,0.0,0.0,0.0,0.0,0.0,0.0,0.0,0.0,0.0,0.0,0.0,0.0,0.0,0.0,0.0,0.0,0.0,0.0,0.0,0.0,0.0,0.0,0.0,0.0,0.0,0.0,0.0,0.0,0.0,0.0,0.0,0.0,0.0,0.0,0.0,0.0,0.0,0.0,0.0,0.0,0.0,0.0,0.0,0.0,0.0,0.0,0.0,0.0,0.0,0.0,0.0,0.0,0.0,0.0,0.0,0.0,0.0,0.0,0.0,0.0,0.0
Reef 285,0.0,0.0,0.0,0.0,0.0,0.0,0.0,0.0,0.0,0.0,0.0,0.0,0.0,0.0,0.0,0.0,0.0,0.0,0.0,0.0,0.0,0.0,0.0,0.0,0.0,0.0,0.0,0.0,0.0,0.0,0.0,0.0,0.0,0.0,0.0,0.0,0.0,0.0,0.0,0.0,0.0,0.0,0.0,0.0,0.0,0.0,0.0,0.0,0.0,0.0,0.0,0.0,0.0,0.0,0.0,0.0,0.0,0.0,0.0,0.0,0.0,0.0,0.0,0.0,0.0,0.0,0.0,0.0,0.0,0.0,0.0,0.0,0.0,0.0,0.0,0.0,0.0,0.0,0.0,0.0,0.0,0.0,0.0,0.0,0.0,0.0,0.0,0.0,0.0,0.0,0.0,0.0,0.0,0.0,0.0,0.0,0.0,0.0,0.0,0.0,0.0,0.0,0.0,0.0,0.0,0.0,0.0,0.0,0.0,0.0,0.0,0.0,0.0,0.0,0.0,0.0,0.0,0.0,0.0,0.0,0.0,0.0,0.0,0.0,0.0,0.0,0.0,0.0,0.0,0.0,0.0,0.0,0.0,0.0,0.0,0.0,0.0,0.0,0.0,0.0,0.0,0.0,0.0,0.0,0.0,0.0,0.0,0.0,0.0,0.0001485,0.0,0.0,0.000401671,0.0,0.0,0.0,0.0,0.0,0.0,0.00196671,0.0,0.0,0.0,0.0,0.0,0.000320009,0.00148331,0.0,0.0,0.0,0.0,0.0,0.0,0.0,0.0,0.00132377,0.0,0.0,0.0,0.0,0.0,0.000539831,0.0,0.0,0.0,0.000259101,0.0,0.0,0.0,0.0,0.0,0.0,0.000384479,0.0,0.000165029,0.0,0.0,0.0,0.0,0.0,0.0,0.000930139,0.0,0.00117607,0.0,0.0,0.0,0.0,0.0,0.000293686,0.00113815,0.000585503,0.000405845,0.00022592,0.00500355,0.000929781,0.0,0.0,0.0,0.0,0.0,0.00121865,0.0,0.0,9.52e-05,0.0,0.00114173,0.000775689,0.0,0.0,0.0112556,0.0,0.0,0.00212063,0.000168815,0.000120347,0.0,0.0,0.0,0.000202711,0.000221815,0.000101228,0.0,0.0,0.0,0.0,0.000113988,0.0,0.000522546,0.0,0.0,0.0,0.000366062,0.000188169,0.000106206,0.000141498,0.000396651,0.0005361,0.0,0.000212163,0.000589924,0.000353128,0.000304487,0.0,0.00307473,0.000252417,0.00244224,0.00087661,0.0,0.000173579,0.0,0.0,0.0018247,0.00269714,0.0,0.000560992,0.00288994,0.0,0.0,0.000490515,0.00193493,0.000301334,0.00620006,0.0,0.000632669,0.0,0.0,0.0,0.0,0.000281843,0.0,0.0,0.0,0.0,0.0,0.0,0.0,0.000164234,0.00468516,0.0,0.0,0.0,0.0,0.0,0.0,0.0,0.0,0.0,0.0,0.0,0.0,0.0,0.0,0.0,0.0,0.0,0.0,0.0,0.0,0.0,0.0,0.0,0.0,0.0,0.0,0.0,0.0,0.000439389,0.0,0.000601152,9.05e-05,0.0,0.0,0.000209312,0.000259289,0.000135325,0.000851945,0.0,0.00028835,0.0,0.0,0.0,0.000166677,0.0,0.0,0.0,0.0,0.0,0.0,0.0,0.0,0.0,0.0,0.0,0.0,0.0,0.0,0.0,0.0,0.0,0.0,0.0,0.0,0.0,0.0,0.0,0.0,0.0,0.0,0.0,0.0,0.0,0.0,0.0,0.0,0.0,0.0,0.0,0.0,0.0,0.0,0.0,0.0,0.0,0.0,0.0,0.0,0.0,0.0,0.0,0.0,0.0,0.0,0.0,0.0,0.0,0.0,0.0,0.0,0.0,0.0,0.0,0.0,0.0,0.0,0.0,0.0,0.0,0.0,0.0,0.0,0.0,0.0,0.0,0.0,0.0,0.0,0.0,0.0,0.0,0.0,0.0,0.0
Reef 286,0.0,0.0,0.0,0.0,0.0,0.0,0.0,0.0,0.0,0.0,0.0,0.0,0.0,0.0,0.0,0.0,0.0,0.0,0.0,0.0,0.0,0.0,0.0,0.0,0.0,0.0,0.0,0.0,0.0,0.0,0.0,0.0,0.0,0.0,0.0,0.0,0.0,0.0,0.0,0.0,0.0,0.0,0.0,0.0,0.0,0.0,0.0,0.0,0.0,0.0,0.0,0.0,0.0,0.0,0.0,0.0,0.0,0.0,0.0,0.0,0.0,0.0,0.0,0.0,0.0,0.0,0.0,0.0,0.0,0.0,0.0,0.0,0.0,0.0,0.0,0.0,0.0,0.0,0.0,0.0,0.0,0.0,0.0,0.0,0.0,0.0,0.0,0.0,0.0,0.0,0.0,0.0,0.0,0.0,0.0,0.0,0.0,0.0,0.0,0.0,0.0,0.0,0.0,0.0,0.0,0.0,0.0,0.0,0.0,0.0,0.0,0.0,0.0,0.0,0.0,0.0,0.0,0.0,0.0,0.0,0.0,0.0,0.0,0.0,0.0,0.0,0.0,0.0,0.0,0.0,0.0,0.0,0.0,0.0,0.0,0.0,0.0,0.0,0.0,0.0,0.0,0.0,0.0,0.0,0.0,0.0,0.0,0.0,0.0,0.0,0.0,0.0,0.0,0.0,0.0,0.0,0.0,0.0,0.0,0.0,0.0,0.0,0.0,0.0,0.0,0.0,0.0,0.0,0.0,0.0,0.0,0.0,2.2e-05,0.0,0.0,0.0,0.0,0.0,0.0,0.0,0.0,0.0,0.0,0.0,0.0,0.0,0.0,0.0,0.0,0.0,0.0,0.0,0.0,0.0,0.0,0.0,0.0,0.0,0.0,0.0,0.0,0.0,0.0,0.0,0.0,0.0,0.0,0.0,0.0,0.0,0.0,0.0,0.0,0.0,0.0,0.0,0.0,0.0,0.0,0.0,0.0,0.0,0.0,0.0,0.0,0.0,0.0,0.0,0.0,0.0,2.98e-05,0.0,0.0,1.77e-05,0.0,0.0,0.0,0.0,1.9e-05,0.0,0.0,0.0,0.0,1.41e-05,0.000394536,0.0,0.0,0.0,0.000172425,0.0,0.00156994,0.0,0.0,0.00012633,5.46e-05,0.0,0.0,0.000110557,3.86e-05,0.0,0.0,0.0,0.0,0.0,0.0,0.0,0.000179079,0.000813147,0.0,2.85e-05,5.99e-05,6.9e-05,0.0,0.000166268,0.0,0.0,0.0,0.00159376,0.000125902,0.0,0.0,0.0,4.87e-05,3.87e-05,0.0,0.00120519,5.17e-05,0.0,0.0,0.0,0.0,0.0,0.0,0.133767,0.00296462,0.000199294,0.0,0.0,0.0,0.0,0.000169901,5.33e-05,0.0,3.87e-05,0.00160441,0.0,0.0,0.0,0.0,0.0,0.0,0.0,0.0,0.0,0.0,0.000132011,0.000126456,0.0,0.0,5.35e-05,0.0,0.0,0.0,0.00010001,0.000102069,0.0,2.44e-05,0.0,0.0,0.0,0.0,0.0,0.0,0.0,0.0,0.0,0.0,0.0,0.0,0.0,0.0,0.0,0.0,0.0,0.0,0.0,0.0,0.0,0.0,0.0,0.0,0.0,0.0,0.0,0.0,0.0,0.0,0.0,0.0,0.0,0.0,0.0,0.0,0.0,0.0,0.0,0.0,0.0,0.0,0.0,0.0,0.0,0.0,0.0,0.0,0.0,0.0,0.0,0.0,0.0,0.0,0.0,0.0,0.0,0.0,0.0,0.0,0.0,0.0,0.0,0.0,0.0,0.0,0.0,0.0,0.0,0.0,0.0,0.0,0.0,0.0,0.0,0.0,0.0,0.0,0.0,0.0,0.0,0.0,0.0,0.0,0.0,0.0,0.0,0.0,0.0,0.0,0.0,0.0,0.0,0.0,0.0,0.0
Reef 287,6.27e-06,0.0,0.0,0.0,0.0,0.0,0.0,0.0,0.0,0.0,0.0,0.0,0.0,0.0,0.0,0.0,0.0,0.0,0.0,0.0,0.0,0.0,0.0,0.0,0.0,0.0,0.0,0.0,0.0,0.0,0.0,0.0,0.0,0.0,0.0,0.0,0.0,0.0,0.0,0.0,0.0,0.0,0.0,0.0,0.0,0.0,0.0,0.0,0.0,0.0,0.0,0.0,0.0,0.0,0.0,0.0,0.0,0.0,0.0,0.0,0.0,0.0,0.0,0.0,0.0,0.0,0.0,0.0,0.0,0.0,0.0,0.0,0.0,0.0,0.0,0.0,0.0,0.0,0.0,0.0,0.0,0.0,0.0,0.0,0.0,0.0,0.0,0.0,0.0,0.0,0.0,0.0,0.0,0.0,0.0,0.0,0.0,0.0,0.0,0.0,0.0,0.0,0.0,0.0,0.0,0.0,0.0,0.0,0.0,0.0,0.0,0.0,0.0,0.0,0.0,0.0,0.0,0.0,0.0,0.0,0.0,0.0,0.0,0.0,0.0,0.0,0.0,0.0,0.0,0.0,0.0,0.0,0.0,0.0,0.0,0.0,0.0,0.0,0.0,0.0,0.0,0.0,0.0,0.0,0.0,0.0,0.0,0.0,0.0,0.0,0.0,0.0,0.0,0.0,0.0,0.0,0.0,0.0,0.0,0.0,0.0,0.0,0.0,0.0,0.0,0.0,0.0,0.0,0.0,0.0,0.0,0.0,0.0,0.0,0.0,0.0,0.0,0.0,0.0,0.0,0.0,0.0,0.0,0.0,0.0,0.0,0.0,0.0,0.0,0.0,0.0,0.0,0.0,0.0,0.0,0.0,0.0,0.0,0.0,0.0,0.0,0.0,0.0,0.0,0.0,0.0,0.0,0.0,0.0,0.0,0.0,0.0,0.0,0.0,0.0,0.0,0.0,0.0,0.0,0.0,0.0,0.0,0.0,0.0,0.0,0.0,0.0,0.0,0.0,0.0,0.0,0.0,0.0,0.0,0.0,0.0,0.0,0.0,0.00035969,0.0,0.0,0.0,0.0,2.23e-06,1.59e-05,0.0,0.0,0.0,7.58e-06,0.0,4.21e-06,0.0,0.0,6.58e-06,4.33e-06,0.0,0.0,4.26e-06,3e-06,0.0,0.0,0.0,0.0,0.0,0.0,0.0,3.83e-06,4.49e-05,0.0,0.0,3.51e-06,4.41e-06,0.0,0.000339519,0.0,0.0,0.0,1.72e-05,0.00406895,0.0,0.0,0.0,0.0,1.59e-05,0.0,0.000743301,0.000884144,0.0,0.0,0.0,0.0,0.0,0.0,0.0120204,0.00805319,0.0106845,0.0,0.0,0.0,0.0,0.000782768,0.000245081,0.0,2.33e-05,0.00161415,0.0,0.0,0.0,0.0,0.0,0.0,0.0,0.0,0.0,0.0,1.72e-05,4.73e-06,0.0,0.0,8.9e-06,0.0,0.0,0.0,0.0,1.85e-05,0.0,2.44e-06,0.0,0.0,0.0,0.0,0.0,0.0,0.0,0.0,0.0,0.0,0.0,0.0,0.0,0.0,0.0,0.0,0.0,0.0,0.0,0.0,0.0,0.0,0.0,0.0,0.0,0.0,0.0,0.0,0.0,0.0,0.0,0.0,0.0,0.0,0.0,0.0,0.0,0.0,0.0,0.0,0.0,0.0,0.0,0.0,0.0,0.0,0.0,0.0,0.0,0.0,0.0,0.0,0.0,0.0,0.0,0.0,0.0,0.0,0.0,0.0,0.0,0.0,0.0,0.0,0.0,0.0,0.0,0.0,0.0,0.0,0.0,0.0,0.0,0.0,0.0,0.0,0.0,0.0,0.0,0.0,0.0,0.0,0.0,0.0,0.0,0.0,0.0,0.0,0.0,0.0,0.0,0.0,0.0,0.0,0.0,0.0
Reef 288,0.0,0.0,0.0,0.0,0.0,0.0,0.0,0.00010899,0.0,0.0,0.0,1.46e-05,0.0,0.000363219,0.000962332,0.0,0.0,2.07e-05,0.000492484,0.0,0.0,0.00025117,0.0,0.000642717,0.0,0.0,9.48e-06,0.0,0.0,8.4e-06,0.0,0.0,0.0,8.56e-06,0.0,1.37e-05,1.3e-05,0.00117306,0.0,0.0,0.0,0.0,3.76e-05,0.0,0.00284255,0.000149911,5.09e-05,0.00046491,0.0,1.65e-05,0.0,0.0,0.00120494,0.000323626,0.00181349,0.0,0.0,4.97e-05,0.0,0.0,1.27e-05,0.0,0.0,0.0,0.0,0.0,0.0,0.0,0.0,0.0,0.0,0.0,0.0,0.0,0.0,3.67e-05,8.2e-06,0.0,0.0,0.0,0.0,0.0,0.0,0.0,0.0,0.0,0.0,0.0,0.0,1.08e-05,8.14e-05,0.0,0.0,0.0,0.0,0.00130568,0.0,0.0,8.15e-06,0.0,0.0,0.0,0.0,0.0,0.0,0.0,2.29e-05,0.000185721,8.27e-06,0.0,0.0,1.59e-05,0.000348168,2.36e-05,8.39e-06,0.0,0.0,0.0,0.000163101,0.0,0.0,0.0,0.0,0.0,1.14e-05,0.0,3.71e-05,0.0,0.0,0.0,0.0,0.0,0.00170836,1.44e-05,9.75e-05,0.000125039,0.0,0.0,1.39e-05,0.0,0.0,2.23e-05,0.0,0.000148001,8.3e-06,0.0,1.59e-05,5.53e-05,0.0,0.0,0.0,6.42e-05,0.0,0.0,0.0,2.44e-05,0.0,1.98e-05,0.0,2.33e-05,0.0,0.0,0.0,0.0,1.6e-05,1.12e-05,4.37e-05,0.0,0.0,9.03e-05,7.66e-05,0.0,0.0,0.0,0.0,0.0,0.0,0.0,0.000395532,0.0,0.0,0.0,0.0,0.0,0.0,0.0,0.00101073,0.0,0.0,0.0,0.0,0.0,0.0,0.0,0.0,0.0,0.0,0.0,0.00130292,0.0,0.0,0.0,0.0,0.0,0.0,0.00184343,0.00313763,0.0,0.0,0.0,0.0,0.0,0.0,0.0,0.0,0.0,0.0,0.0,0.00318492,0.0,0.0,0.0,0.0,0.00576292,0.0,0.0,0.0,0.0,0.0,0.0,0.0,0.0,0.009843,0.0,0.0,0.0,0.0,0.0,0.0,0.0,0.0,0.0,0.0,0.0,0.0,0.0237488,0.0,0.0,0.0,0.0,0.0,0.0152693,0.0,0.0,0.0,0.0,0.0,0.0,0.0,0.0,0.0,0.0,0.0,0.0,0.0,0.0,0.0,0.0,0.00316822,0.0,0.0,0.0,0.0,0.0,0.00718715,0.0,0.0,0.0,0.0,0.0,0.0,0.0,0.0,0.0,0.0,0.0,0.0,2.91e-05,0.00212519,0.0,0.00230532,0.00302927,0.00800546,0.0,0.0,0.0,0.00125661,0.0,0.0,0.00135128,0.0,0.0,0.000481434,0.0,0.0,4.95e-05,0.000922326,0.000240523,1.3e-05,0.00143388,3.37e-05,9.49e-06,1.98e-05,0.0,0.0,0.0,0.0,0.0,0.0,0.0,0.0,0.0,0.0,0.0,0.0,0.0,0.0,0.0,0.0,0.0,0.0,0.0,0.0,0.0,0.0,0.0,0.0,0.0,0.0,0.0,0.0,0.0,0.0,0.0,0.0,0.0,0.0,0.0,0.0,0.0,0.0,0.0,0.0,0.0,0.0,0.0,0.0,0.0,0.0,0.0,0.0,0.0,0.0,0.0,0.0,0.0,0.0,0.0,0.0,0.0,0.0,0.0,0.0,0.0,0.0,0.0,0.0,0.0,0.0,0.0,0.0,0.0,0.0,0.0,0.0,0.0,0.0,0.0,0.0,0.0,0.0,0.0,0.0,0.0,0.0,0.0,0.0,0.0,0.0,0.0,0.0,0.0,0.0,0.0,0.0,0.0,0.0,0.0,0.0,0.0,0.0,0.0,0.0,0.0,0.0,0.0,0.0,0.0,0.0,0.0,0.0,0.0,0.0
Reef 289,0.0,0.0,0.0,0.0,0.0,0.0,0.0,0.0,0.0,0.0,0.0,0.0,0.0,2.76e-05,2.02e-06,0.0,0.0,0.0,6.15e-06,0.0,0.0,0.0,0.0,3.88e-05,0.0,0.0,0.0,0.0,0.0,2.91e-05,0.0,0.0,0.0,0.0,0.0,0.0,0.0,0.000129432,0.0,0.0,0.0,0.0,0.0,0.0,1.7e-06,0.0,0.0,1.74e-05,0.0,0.0,0.0,0.0,3.31e-06,2.53e-06,4.42e-05,0.0,0.0,0.0,0.0,0.0,0.0,0.0,0.0,0.0,0.0,0.0,0.0,0.0,0.0,0.0,0.0,0.0,0.0,0.0,0.0,1.43e-06,0.0,0.0,0.0,0.0,0.0,0.0,0.0,0.0,0.0,0.0,0.0,0.0,0.0,0.0,3.15e-06,0.0,0.0,0.0,0.0,7.92e-05,0.0,0.0,0.0,0.0,0.0,0.0,0.0,0.0,0.0,0.0,0.0,0.0,0.0,0.0,0.0,0.0,1.1e-05,0.0,0.0,0.0,0.0,0.0,2.34e-05,0.0,0.0,0.0,0.0,0.0,3.77e-06,0.0,2.05e-05,0.0,0.0,0.0,0.0,0.0,0.000141872,1.29e-06,0.0,0.0,0.0,0.0,0.0,0.0,0.0,2.22e-06,1.45e-06,0.0,1.33e-06,0.0,2.76e-06,0.0,0.0,0.0,0.0,1.08e-05,0.0,0.0,0.0,0.0,0.0,1.67e-06,0.0,0.0,0.0,0.0,0.0,0.0,1.23e-06,0.0,0.0,0.0,0.0,0.0,0.0,0.0,0.0,0.0,0.0,0.0,0.0,0.0,0.000279369,0.0,0.0,0.0,0.0,0.0,0.0,0.0,0.00102617,0.0,0.0,0.0,0.0,0.0,0.0,0.0,0.0,0.0,0.0,0.0,1.14e-06,0.0,0.0,0.0,0.0,0.0,0.0,1.14e-06,0.000696744,0.0,0.0,0.0,0.0,0.0,0.0,0.0,0.0,0.0,0.0,0.0,3.92e-06,0.0,0.0,0.0,0.0,9.99e-06,0.0,0.0,0.0,0.0,0.0,0.0,0.0,0.0,2.93e-05,0.0,0.0,0.0,0.0,0.0,0.0,0.0,0.0,0.0,0.0,0.0,0.0,2.76e-05,0.0,0.0,0.0,0.0,0.0,0.000231889,0.0,0.0,0.0,0.0,0.0,0.0,0.0,0.0,0.0,0.0,0.0,0.0,0.0,0.0,0.0,0.0,0.00525648,0.0,0.0,0.0,0.0,0.0,0.011166,0.0,0.0,0.0,0.0,0.0,0.0,0.0,0.0,0.0,0.0,0.0,0.0,0.0,0.0198336,0.0,0.181481,0.00091116,0.00142013,0.0,0.0,0.0,0.00299708,0.0,0.0,8.02e-05,0.0,0.0,0.000115519,0.0,0.0,2.02e-05,0.000798514,1.14e-06,2.01e-06,5.05e-06,2.92e-06,4.68e-06,6.72e-06,0.0,0.0,0.0,0.0,0.0,0.0,0.0,0.0,0.0,0.0,0.0,0.0,0.0,0.0,0.0,0.0,0.0,0.0,0.0,0.0,0.0,0.0,0.0,0.0,0.0,0.0,0.0,0.0,0.0,0.0,0.0,0.0,0.0,0.0,0.0,0.0,0.0,0.0,0.0,0.0,0.0,0.0,0.0,0.0,0.0,0.0,0.0,0.0,0.0,0.0,0.0,0.0,0.0,0.0,0.0,0.0,0.0,0.0,0.0,0.0,0.0,0.0,0.0,0.0,0.0,0.0,0.0,0.0,0.0,0.0,0.0,0.0,0.0,0.0,0.0,0.0,0.0,0.0,0.0,0.0,0.0,0.0,0.0,0.0,0.0,0.0,0.0,0.0,0.0,0.0,0.0,0.0,0.0,0.0,0.0,0.0,0.0,0.0,0.0,0.0,0.0,0.0,0.0,0.0,0.0,0.0,0.0,0.0,0.0,0.0
Reef 290,1.84e-05,0.0,0.0,0.0,0.0,0.0,0.0,0.0,0.0,0.0,0.0,0.0,0.0,0.0,0.0,0.0,0.0,0.0,0.0,0.0,0.0,0.0,0.0,0.0,0.0,0.0,0.0,0.0,0.0,0.0,0.0,0.0,0.0,0.0,0.0,0.0,0.0,0.0,0.0,0.0,0.0,0.0,0.0,0.0,0.0,0.0,0.0,0.0,0.0,0.0,0.0,0.0,0.0,0.0,0.0,0.0,0.0,0.0,0.0,0.0,0.0,0.0,0.0,0.0,0.0,0.0,0.0,0.0,0.0,0.0,0.0,0.0,0.0,0.0,0.0,0.0,0.0,0.0,0.0,0.0,0.0,2.79e-05,0.0,0.0,0.0,0.0,0.0,0.0,0.0,0.0,0.0,0.0,0.0,0.0,0.0,0.0,0.0,0.0,0.0,0.0,0.0,0.0,0.0,0.0,0.0,0.0,0.0,0.0,0.0,0.0,0.0,0.0,0.0,0.0,0.0,0.0,0.0,7.62e-05,0.0,0.0,0.0,0.0,0.0,0.0,0.0,0.0,0.0,0.0,0.0,2.53e-05,0.0,1.29e-05,0.0,0.0,0.0,0.0,0.000172577,0.0,0.0,0.0,1.07e-05,0.0,0.0,0.0,0.0,0.0,6.87e-06,0.0,0.0,3.57e-05,0.0,5.36e-06,9.6e-05,0.0,0.0,0.0,9.8e-06,0.0,0.0,0.000315484,0.000505601,0.0,0.0,0.0,0.0,5.41e-05,0.000235466,3.63e-05,0.000179506,0.0,0.0,0.000234059,0.000210921,2.93e-05,0.0,0.000339576,0.000115995,0.0,0.0,0.0,0.0,0.000142698,0.0,0.0,0.0,0.00137214,0.0,1.16e-05,6e-06,0.0,0.0,0.0,7.19e-05,0.0,3e-05,1.11e-05,0.0,0.0,0.0,0.0,4.79e-05,0.000445513,0.0,0.000268648,0.0,0.0,0.0,0.0,0.0,0.0011986,0.000998106,0.0050361,2.24e-05,0.000852688,0.00171665,0.00424893,7.12e-05,0.000225056,0.0,0.000216729,9.43e-05,0.000162746,0.000309569,0.0,0.00103482,0.0,7.39e-06,0.000472691,0.0,0.0,0.000420589,0.000239718,0.0,6.74e-05,1.24e-05,5.07e-06,0.000110199,0.0,0.0,1.24e-05,0.00530753,0.00253588,0.0,0.0,0.0,7.8e-06,2.93e-05,0.00089225,1.44e-05,0.0,0.0,0.0,0.000104285,1.78e-05,0.0,0.0,0.0,3.9e-06,0.0,0.000122439,9.32e-05,2.2e-05,0.0,0.0,2.85e-05,3.76e-05,0.0,0.000264125,0.0,0.0187463,0.0,0.0,0.00519028,0.0,0.0,1.13e-05,0.00450494,0.0,1.25e-05,5.62e-05,0.0,0.00672247,0.0,0.0,0.0,0.0,1.55e-05,1.63e-05,0.0,0.0150195,0.0,0.0,0.0,4.31e-06,0.0,0.0,0.0,5.09e-05,0.00093283,0.0,0.0,0.0,7.12e-06,0.0,0.0,0.0,0.0,0.0,0.0,0.0,0.0,0.0,0.0,0.0,0.0,0.0,0.0,0.0,0.0,0.0,0.0,0.0,0.0,0.0,0.0,0.0,0.0,2.81e-05,0.0,3.8e-05,5.64e-06,0.0,0.0,1.34e-05,4.87e-06,8.37e-06,6.15e-05,0.0,1.92e-05,0.0,0.0,0.0,1.2e-05,0.0,0.0,0.0,0.0,0.0,0.0,0.0,0.0,0.0,0.0,0.0,0.0,0.0,0.0,0.0,0.0,0.0,0.0,0.0,0.0,0.0,0.0,0.0,0.0,0.0,0.0,0.0,0.0,0.0,0.0,0.0,0.0,0.0,0.0,0.0,0.0,0.0,0.0,0.0,0.0,0.0,0.0,0.0,0.0,0.0,0.0,0.0,0.0,0.0,0.0,0.0,0.0,0.0,0.0,0.0,0.0,0.0,0.0,0.0,0.0,0.0,0.0,0.0,0.0,0.0,0.0,0.0,0.0,0.0,0.0,0.0,0.0,0.0,0.0,0.0,0.0,0.0,0.0,0.0,0.0
Reef 291,0.0,0.0,0.0,0.0,0.0,0.0,0.0,0.0,0.0,0.0,0.0,0.0,0.0,2.28e-06,0.0,0.0,0.0,0.0,0.0,0.0,0.0,0.0,0.0,3.33e-06,0.0,0.0,0.0,0.0,0.0,2.21e-06,0.0,0.0,0.0,0.0,0.0,0.0,0.0,1.13e-05,0.0,0.0,0.0,0.0,0.0,0.0,0.0,0.0,0.0,1.35e-06,0.0,0.0,0.0,0.0,0.0,0.0,3.04e-06,0.0,0.0,0.0,0.0,0.0,0.0,0.0,0.0,0.0,0.0,0.0,0.0,0.0,0.0,0.0,0.0,0.0,0.0,0.0,0.0,0.0,0.0,0.0,0.0,0.0,0.0,0.0,0.0,0.0,0.0,0.0,0.0,0.0,0.0,0.0,0.0,0.0,0.0,0.0,0.0,5.25e-06,0.0,0.0,0.0,0.0,0.0,0.0,0.0,0.0,0.0,0.0,0.0,0.0,0.0,0.0,0.0,0.0,0.0,0.0,0.0,0.0,0.0,0.0,0.0,0.0,0.0,0.0,0.0,0.0,0.0,0.0,4.95e-06,0.0,0.0,0.0,0.0,0.0,1.09e-05,0.0,0.0,0.0,0.0,0.0,0.0,0.0,0.0,0.0,0.0,0.0,0.0,0.0,1.12e-05,0.0,0.0,0.0,0.0,0.0,0.0,0.0,0.0,0.0,0.0,0.0,0.0,0.0,0.0,0.0,0.0,0.0,0.0,0.0,0.0,0.0,0.0,0.0,0.0,0.0,0.0,0.0,0.0,0.0,0.0,0.0,2.54e-05,0.0,0.0,0.0,0.0,0.0,0.0,0.0,9.41e-05,0.0,0.0,0.0,0.0,0.0,0.0,0.0,0.0,0.0,0.0,0.0,7.88e-05,0.0,0.0,0.0,0.0,0.0,0.0,0.000161026,4.67e-05,0.0,0.0,0.0,0.0,0.0,0.0,0.0,0.0,0.0,0.0,0.0,0.000155489,0.0,0.0,0.0,0.0,0.000191054,0.0,0.0,0.0,0.0,0.0,0.0,0.0,0.0,4.04e-06,0.0,0.0,0.0,0.0,0.0,0.0,0.0,0.0,0.0,0.0,0.0,0.0,2.81e-06,0.0,0.0,0.0,0.0,0.0,3.48e-05,0.0,0.0,0.0,0.0,0.0,0.0,0.0,0.0,0.0,0.0,0.0,0.0,0.0,0.0,0.0,0.0,0.000574067,0.0,0.0,0.0,0.0,0.0,0.00146399,0.0,0.0,0.0,0.0,0.0,0.0,0.0,0.0,0.0,0.0,0.0,0.0,0.0,0.0104955,0.0,0.22103,0.000468954,0.000114109,0.0,0.0,0.0,0.00197959,0.0,0.0,3.81e-05,0.0,0.0,8.33e-06,0.0,0.0,1.52e-05,0.000597021,6.3e-05,1.59e-05,3.97e-06,1.29e-06,1.96e-06,2.14e-06,0.0,0.0,0.0,0.0,0.0,0.0,0.0,0.0,0.0,0.0,0.0,0.0,0.0,0.0,0.0,0.0,0.0,0.0,0.0,0.0,0.0,0.0,0.0,0.0,0.0,0.0,0.0,0.0,0.0,0.0,0.0,0.0,0.0,0.0,0.0,0.0,0.0,0.0,0.0,0.0,0.0,0.0,0.0,0.0,0.0,0.0,0.0,0.0,0.0,0.0,0.0,0.0,0.0,0.0,0.0,0.0,0.0,0.0,0.0,0.0,0.0,0.0,0.0,0.0,0.0,0.0,0.0,0.0,0.0,0.0,0.0,0.0,0.0,0.0,0.0,0.0,0.0,0.0,0.0,0.0,0.0,0.0,0.0,0.0,0.0,0.0,0.0,0.0,0.0,0.0,0.0,0.0,0.0,0.0,0.0,0.0,0.0,0.0,0.0,0.0,0.0,0.0,0.0,0.0,0.0,0.0,0.0,0.0,0.0,0.0
Reef 292,0.0,0.0,0.0,0.0,0.0,0.0,0.0,0.0,0.0,0.0,0.0,0.0,0.0,0.00011869,8.76e-06,0.0,0.0,0.0,3.21e-05,0.0,0.0,0.0,0.0,0.000143473,0.0,0.0,0.0,0.0,0.0,0.00012729,0.0,0.0,0.0,0.0,0.0,0.0,1.6e-06,0.000489509,0.0,0.0,0.0,0.0,0.0,0.0,4.36e-06,3.39e-06,2.09e-06,8.87e-05,0.0,2.23e-06,0.0,0.0,7.72e-06,1.45e-05,0.000291476,0.0,0.0,0.0,0.0,0.0,1.06e-06,0.0,0.0,0.0,8.47e-07,0.0,0.0,0.0,0.0,0.0,0.0,0.0,0.0,0.0,0.0,1.27e-05,1.85e-06,0.0,0.0,0.0,0.0,0.0,0.0,0.0,0.0,0.0,0.0,0.0,0.0,5.07e-06,3.14e-05,0.0,0.0,0.0,0.0,1.65e-06,0.0,0.0,0.0,0.0,0.0,0.0,0.0,0.0,0.0,0.0,0.0,2.42e-06,5.45e-06,0.0,0.0,9.14e-07,0.000114996,2.01e-06,8.83e-07,0.0,0.0,0.0,0.000301396,2.61e-06,0.0,0.0,0.0,0.0,8.78e-06,0.0,0.000324175,0.0,0.0,0.0,0.0,0.0,1.68e-06,2.8e-06,1.03e-06,0.0,0.0,0.0,0.0,0.0,0.0,5.15e-06,3.36e-06,1.05e-06,3.05e-06,2.02e-06,0.000102042,0.0,0.0,0.0,0.0,1.1e-05,0.0,0.0,0.0,0.0,0.0,3.82e-06,0.0,0.0,0.0,0.0,0.0,0.0,3.43e-06,2.35e-06,1.08e-06,0.0,0.0,8.32e-07,0.0,0.0,0.0,0.0,0.0,0.0,0.0,0.0,9.06e-07,0.0,0.0,0.0,0.0,0.0,0.0,0.0,1.66e-06,0.0,0.0,0.0,0.0,0.0,0.0,0.0,0.0,0.0,0.0,0.0,2.57e-06,0.0,0.0,0.0,0.0,0.0,0.0,2.54e-06,1.59e-06,0.0,0.0,0.0,0.0,0.0,0.0,0.0,0.0,0.0,0.0,0.0,8.41e-06,0.0,0.0,0.0,0.0,2.1e-05,0.0,0.0,0.0,0.0,0.0,0.0,0.0,0.0,5.79e-05,0.0,0.0,0.0,0.0,0.0,0.0,0.0,0.0,0.0,0.0,0.0,0.0,5.92e-05,0.0,0.0,0.0,0.0,0.0,0.000539391,0.0,0.0,0.0,0.0,0.0,0.0,0.0,0.0,0.0,0.0,0.0,0.0,0.0,0.0,0.0,0.0,0.0114318,0.0,0.0,0.0,0.0,0.0,0.0224679,0.0,0.0,0.0,0.0,0.0,0.0,0.0,0.0,0.0,0.0,0.0,0.0,0.0,0.0348568,0.0,0.147993,0.00440553,0.00296578,0.0,0.0,0.0,0.0100812,0.0,0.0,0.000223073,0.0,0.0,0.000257035,0.0,0.0,8.04e-05,0.00275228,2.36e-06,4.81e-06,9.47e-07,7.8e-06,1.21e-05,2.11e-05,0.0,0.0,0.0,0.0,0.0,0.0,0.0,0.0,0.0,0.0,0.0,0.0,0.0,0.0,0.0,0.0,0.0,0.0,0.0,0.0,0.0,0.0,0.0,0.0,0.0,0.0,0.0,0.0,0.0,0.0,0.0,0.0,0.0,0.0,0.0,0.0,0.0,0.0,0.0,0.0,0.0,0.0,0.0,0.0,0.0,0.0,0.0,0.0,0.0,0.0,0.0,0.0,0.0,0.0,0.0,0.0,0.0,0.0,0.0,0.0,0.0,0.0,0.0,0.0,0.0,0.0,0.0,0.0,0.0,0.0,0.0,0.0,0.0,0.0,0.0,0.0,0.0,0.0,0.0,0.0,0.0,0.0,0.0,0.0,0.0,0.0,0.0,0.0,0.0,0.0,0.0,0.0,0.0,0.0,0.0,0.0,0.0,0.0,0.0,0.0,0.0,0.0,0.0,0.0,0.0,0.0,0.0,0.0,0.0,0.0
Reef 293,0.0,0.0,0.0,0.0,0.0,0.0,0.0,9.49e-07,0.0,0.0,0.0,0.0,0.0,0.000201109,1.57e-05,0.0,0.0,0.0,5.5e-05,0.0,0.0,0.0,0.0,1.13e-06,0.0,8.99e-07,0.0,0.0,0.0,8.98e-07,0.0,0.0,0.0,7.51e-07,0.0,0.0,2.86e-06,3.12e-06,0.0,0.0,0.0,0.0,8.97e-06,0.0,7.94e-06,5.31e-05,3.64e-06,9.07e-07,0.0,3.81e-06,0.0,0.0,1.46e-05,2.33e-05,2.07e-06,0.0,0.0,0.0,0.0,0.0,1.8e-06,0.0,0.0,0.0,1.43e-06,0.0,0.0,0.0,0.0,0.0,0.0,0.0,0.0,0.0,0.0,1.97e-05,3.08e-06,0.0,0.0,0.0,0.0,0.0,0.0,0.0,0.0,0.0,0.0,0.0,0.0,8.49e-06,4.79e-05,0.0,0.0,0.0,0.0,5.48e-06,0.0,0.0,3.06e-06,0.0,0.0,0.0,0.0,0.0,0.0,0.0,1.25e-06,3.77e-06,8.6e-06,0.0,0.0,1.46e-06,1.11e-06,3.29e-06,1.43e-06,0.0,0.0,0.0,0.000438082,4.15e-06,0.0,0.0,0.0,0.0,1.44e-05,0.0,0.000448183,0.0,0.0,0.0,0.0,0.0,0.000516217,4.41e-06,1.68e-06,0.0,0.0,0.0,0.0,0.0,0.0,7.89e-06,5.11e-06,1.29e-05,4.71e-06,3.12e-06,0.000161579,0.0,0.0,0.0,0.0,1.84e-05,0.0,0.0,0.0,0.0,0.0,5.95e-06,1.07e-06,0.0,0.0,0.0,0.0,4.58e-06,4.58e-06,4.46e-05,1.93e-06,0.0,0.0,1.42e-06,0.0,0.0,0.0,0.0,9.02e-07,0.0,0.0,0.0,2.8e-06,0.0,0.0,0.0,0.0,0.0,0.0,0.0,4.06e-06,0.0,0.0,0.0,0.0,1.68e-06,0.0,0.0,0.0,0.0,0.0,0.0,5.61e-06,0.0,0.0,0.0,0.0,0.0,0.0,5.16e-06,5.32e-06,0.0,0.0,0.0,0.0,0.0,0.0,0.0,0.0,0.0,0.0,0.0,1.42e-05,0.0,0.0,1.05e-06,0.0,3.22e-05,0.0,0.0,0.0,0.0,0.0,0.0,0.0,0.0,7.12e-05,0.0,0.0,0.0,0.0,0.0,0.0,0.0,0.0,0.0,0.0,0.0,0.0,9e-05,0.0,0.0,0.0,0.0,0.0,0.000198052,0.0,0.0,0.0,0.0,0.0,0.0,0.0,0.0,0.0,0.0,0.0,0.0,0.0,0.0,0.0,0.0,0.00347601,0.0,0.0,0.0,0.0,0.0,0.00822026,0.0,0.0,0.0,0.0,0.0,0.0,0.0,0.0,0.0,0.0,0.0,0.0,0.0,0.0534928,0.0,0.17947,0.0302964,0.0360261,0.0,0.0,0.0,0.0244555,0.0,0.0,0.0021386,0.0,0.0,0.00116772,0.0,0.0,0.000133307,0.00542264,4.87e-06,0.000119962,2.85e-05,8.19e-05,8.05e-05,0.000224331,1.42e-06,0.0,0.0,0.0,0.0,0.0,0.0,0.0,0.0,0.0,0.0,0.0,2.19e-06,0.0,0.0,0.0,1.87e-06,8.37e-07,0.0,0.0,2.73e-06,0.0,5.75e-06,0.0,0.0,1.01e-06,0.0,0.0,0.0,0.0,0.0,0.0,0.0,0.0,0.0,0.0,0.0,0.0,0.0,0.0,0.0,0.0,0.0,0.0,0.0,0.0,0.0,0.0,0.0,0.0,0.0,0.0,0.0,0.0,0.0,0.0,0.0,0.0,0.0,0.0,0.0,0.0,0.0,0.0,0.0,0.0,0.0,0.0,0.0,0.0,0.0,0.0,0.0,0.0,0.0,0.0,0.0,0.0,0.0,0.0,0.0,0.0,0.0,0.0,0.0,0.0,0.0,0.0,0.0,0.0,0.0,0.0,0.0,0.0,0.0,0.0,0.0,0.0,0.0,0.0,0.0,0.0,0.0,0.0,0.0,0.0,0.0,0.0,0.0,0.0
Reef 294,3.9e-06,0.0,0.0,0.0,0.0,0.0,0.0,0.0,0.0,0.0,0.0,0.0,0.0,0.0,0.0,0.0,0.0,0.0,0.0,0.0,0.0,0.0,0.0,0.0,0.0,0.0,0.0,0.0,0.0,0.0,0.0,0.0,0.0,0.0,0.0,0.0,0.0,0.0,0.0,0.0,0.0,0.0,0.0,0.0,0.0,0.0,0.0,0.0,0.0,0.0,0.0,0.0,0.0,0.0,0.0,0.0,0.0,0.0,0.0,0.0,0.0,0.0,0.0,0.0,0.0,0.0,0.0,0.0,0.0,0.0,0.0,0.0,0.0,0.0,0.0,0.0,0.0,0.0,0.0,0.0,0.0,0.0,0.0,0.0,0.0,0.0,0.0,0.0,0.0,0.0,0.0,0.0,0.0,0.0,0.0,0.0,0.0,0.0,0.0,0.0,0.0,0.0,0.0,0.0,0.0,0.0,0.0,0.0,0.0,0.0,0.0,0.0,0.0,0.0,0.0,0.0,0.0,0.0,0.0,0.0,0.0,0.0,0.0,0.0,0.0,0.0,0.0,0.0,0.0,0.0,0.0,0.0,0.0,0.0,0.0,0.0,0.0,0.0,0.0,0.0,0.0,0.0,0.0,0.0,0.0,0.0,0.0,0.0,0.0,0.0,0.0,0.0,0.0,0.0,0.0,0.0,0.0,0.0,0.0,0.0,3.56e-07,0.0,0.0,0.0,0.0,0.0,0.0,0.0,2.59e-06,0.0,0.0,0.0,5.06e-07,0.0,0.0,0.0,8.13e-07,0.0,0.0,0.0,0.0,0.0,0.0,0.0,0.0,0.0,0.0,0.0,0.0,0.0,0.0,0.0,0.0,0.0,0.0,0.0,0.0,0.0,0.0,0.0,0.0,0.0,0.0,0.0,0.0,0.0,0.0,0.0,0.0,0.0,0.0,0.0,0.0,0.0,0.0,0.0,0.0,0.0,0.0,0.0,0.0,0.0,0.0,0.0,0.0,0.0,0.0,2.49e-06,0.0,0.0,8.52e-06,0.0,0.0,5.22e-06,5.32e-07,0.0,0.0,5.53e-07,2.59e-05,0.0,0.0,0.0,5.18e-06,3.78e-05,0.00116642,0.0,0.0,0.0,1.63e-06,4.36e-07,1.03e-05,0.0,0.0,1.5e-06,7.82e-07,0.0,0.0,9.15e-07,5.57e-05,0.0,0.0,0.0,0.0,0.0,0.0,0.0,1.03e-06,3.72e-07,0.0,0.0,8.49e-06,9.97e-05,0.0,0.00079168,0.0,0.0,0.0,1.51e-05,8.72e-05,0.0,0.0,0.0,2.09e-06,4.75e-05,0.0,0.000468916,3.57e-05,0.0,0.0,0.0,0.0,0.0,0.0,0.0937351,0.00174689,0.000134709,0.0,0.0,0.0,0.0,0.000101348,6.34e-05,0.0,5.53e-05,0.00182387,0.0,0.0,0.0,0.0,0.0,0.0,0.0,0.0,0.0,0.0,0.000177535,0.00019674,0.0,0.0,6.65e-05,0.0,0.0,0.0,0.000174344,0.000174038,0.0,4.33e-05,0.0,0.0,0.0,0.0,0.0,1.34e-06,0.0,0.0,0.0,0.0,0.0,0.0,0.0,0.0,0.0,0.0,0.0,0.0,0.0,0.0,0.0,0.0,0.0,0.0,0.0,0.0,0.0,0.0,0.0,0.0,0.0,0.0,0.0,0.0,0.0,0.0,0.0,0.0,0.0,0.0,0.0,0.0,0.0,0.0,3.33e-06,2.5e-06,0.0,0.0,0.0,0.0,0.0,0.0,0.0,0.0,0.0,0.0,0.0,0.0,0.0,0.0,0.0,0.0,0.0,0.0,0.0,0.0,0.0,0.0,0.0,0.0,0.0,0.0,0.0,0.0,0.0,0.0,0.0,0.0,0.0,0.0,0.0,0.0,0.0,0.0,0.0,0.0,0.0,0.0,0.0,0.0,0.0,0.0,0.0,0.0,0.0,0.0
Reef 295,0.0,0.0,0.0,0.0,0.0,0.0,0.0,0.0,0.0,0.0,0.0,0.0,0.0,0.0,0.0,0.0,0.0,0.0,0.0,0.0,0.0,0.0,0.0,0.0,0.0,0.0,0.0,0.0,0.0,0.0,0.0,0.0,0.0,0.0,0.0,0.0,0.0,0.0,0.0,0.0,0.0,0.0,0.0,0.0,0.0,0.0,0.0,0.0,0.0,0.0,0.0,0.0,0.0,0.0,0.0,0.0,0.0,0.0,0.0,0.0,0.0,0.0,0.0,0.0,0.0,0.0,0.0,0.0,0.0,0.0,0.0,0.0,0.0,0.0,0.0,0.0,0.0,0.0,0.0,0.0,0.0,0.0,0.0,0.0,0.0,0.0,0.0,0.0,0.0,0.0,0.0,0.0,0.0,0.0,0.0,0.0,0.0,0.0,0.0,0.0,0.0,0.0,0.0,0.0,0.0,0.0,0.0,0.0,0.0,0.0,0.0,0.0,0.0,0.0,0.0,0.0,0.0,0.0,0.0,0.0,0.0,0.0,0.0,0.0,0.0,0.0,0.0,0.0,0.0,0.0,0.0,0.0,0.0,0.0,0.0,0.0,0.0,0.0,0.0,0.0,0.0,0.0,0.0,0.0,0.0,0.0,0.0,0.0,0.0,0.0,0.0,0.0,0.0,0.0,0.0,0.0,0.0,0.0,0.0,0.0,0.0,0.0,0.0,0.0,0.0,0.0,0.0,0.0,0.0,0.0,0.0,0.0,0.0,0.0,0.0,0.0,0.0,0.0,0.0,0.0,0.0,0.0,0.0,0.0,0.0,0.0,0.0,0.0,0.0,0.0,0.0,0.0,0.0,0.0,0.0,0.0,0.0,0.0,0.0,0.0,0.0,0.0,0.0,0.0,0.0,0.0,0.0,0.0,0.0,0.0,0.0,0.0,0.0,0.0,0.0,0.0,0.0,0.0,0.0,0.0,0.0,0.0,0.0,0.0,0.0,0.0,0.0,0.0,0.0,0.0,1.72e-05,0.0,0.0,9.98e-06,1.51e-06,0.0,0.0,0.0,5.33e-05,0.0,2.14e-06,0.0,1.79e-06,1.38e-05,0.000392067,0.0,0.0,0.0,9.93e-05,0.0,1.48e-05,0.0,0.0,7.29e-05,2.92e-05,0.0,1.57e-06,6.14e-05,7.64e-05,0.0,7.3e-06,2.3e-06,0.0,0.0,3.47e-06,1.64e-06,9.28e-05,0.00046633,0.0,1.68e-05,1.54e-06,0.000128994,0.0,0.000142708,0.0,0.0,0.0,2.11e-05,0.00062307,0.0,0.0,2.71e-06,2.65e-05,5.93e-05,0.0,0.00061528,0.000235192,0.0,0.0,0.0,0.0,0.0,0.0,0.0163262,0.0118943,0.000856126,0.0,0.0,3.5e-06,0.0,0.000427634,0.000240445,0.0,0.00017451,0.00506955,0.0,0.0,0.0,0.0,0.0,0.0,0.0,0.0,0.0,0.0,0.000423547,0.000565892,0.0,0.0,7.95e-05,0.0,0.0,0.0,0.000344129,0.000377055,0.0,7.2e-05,0.0,0.0,0.0,0.0,0.0,2.02e-06,0.0,0.0,0.0,0.0,0.0,0.0,0.0,0.0,0.0,0.0,0.0,0.0,0.0,0.0,0.0,0.0,0.0,0.0,0.0,0.0,0.0,0.0,0.0,0.0,0.0,0.0,0.0,0.0,0.0,0.0,0.0,0.0,0.0,0.0,0.0,0.0,0.0,0.0,2.06e-06,1.59e-06,0.0,0.0,0.0,0.0,0.0,0.0,0.0,0.0,0.0,0.0,0.0,0.0,0.0,0.0,0.0,0.0,0.0,0.0,0.0,0.0,0.0,0.0,0.0,0.0,0.0,0.0,0.0,0.0,0.0,0.0,0.0,0.0,0.0,0.0,0.0,0.0,0.0,0.0,0.0,0.0,0.0,0.0,0.0,0.0,0.0,0.0,0.0,0.0,0.0,0.0
Reef 296,0.0,0.0,0.0,0.0,0.0,0.0,0.0,0.0,0.0,0.0,0.0,0.0,0.0,0.0,0.0,0.0,0.0,0.0,0.0,0.0,0.0,0.0,0.0,0.0,0.0,0.0,0.0,0.0,0.0,0.0,0.0,0.0,0.0,0.0,0.0,0.0,0.0,0.0,0.0,0.0,0.0,0.0,0.0,0.0,0.0,0.0,0.0,0.0,0.0,0.0,0.0,0.0,0.0,0.0,0.0,0.0,0.0,0.0,0.0,0.0,0.0,0.0,0.0,0.0,0.0,0.0,0.0,0.0,0.0,0.0,0.0,0.0,0.0,0.0,0.0,0.0,0.0,0.0,0.0,0.0,0.0,0.0,0.0,0.0,0.0,0.0,0.0,0.0,0.0,0.0,0.0,0.0,0.0,0.0,0.0,0.0,0.0,0.0,0.0,0.0,0.0,0.0,0.0,0.0,0.0,0.0,0.0,0.0,0.0,0.0,0.0,0.0,0.0,0.0,0.0,0.0,0.0,0.0,0.0,0.0,0.0,0.0,0.0,0.0,0.0,0.0,0.0,0.0,0.0,0.0,0.0,0.0,0.0,0.0,0.0,0.0,0.0,0.0,0.0,0.0,0.0,0.0,0.0,0.0,0.0,0.0,0.0,0.0,0.0,0.0,0.0,0.0,0.0,0.0,0.0,0.0,0.0,0.0,0.0,0.0,0.0,0.0,0.0,0.0,0.0,0.0,0.0,0.0,0.0,0.0,0.0,0.0,0.0,0.0,0.0,0.0,0.0,0.0,0.0,0.0,0.0,0.0,0.0,0.0,0.0,0.0,0.0,0.0,0.0,0.0,0.0,0.0,0.0,0.0,0.0,0.0,0.0,0.0,0.0,0.0,0.0,0.0,0.0,0.0,0.0,0.0,0.0,0.0,0.0,0.0,0.0,0.0,0.0,0.0,0.0,0.0,0.0,0.0,0.0,0.0,0.0,0.0,0.0,0.0,0.0,0.0,0.0,0.0,0.0,0.0,0.0,0.0,0.0,0.0,0.0,0.0,0.0,0.0,9.09e-05,0.0,0.0,0.0,0.0,0.0,5.6e-06,0.0,0.0,0.0,6.84e-06,0.0,0.000840208,0.0,0.0,6.18e-06,5.67e-06,0.0,0.0,3.79e-06,0.00154163,0.0,0.0,0.0,0.0,0.0,0.0,0.0,3.37e-06,4.18e-05,0.0,0.0,3.68e-06,0.000492131,0.0,0.000475741,0.0,0.0,0.0,2.59e-05,0.00186659,0.0,0.0,0.0,0.0,5.15e-06,0.0,0.000153656,0.000997179,0.0,0.0,0.0,0.0,0.0,0.0,0.00269177,0.000999848,0.0167741,0.0,0.0,0.0,0.0,2.96e-05,0.000797244,0.0,3.64e-05,0.00322784,0.0,0.0,0.0,0.0,0.0,0.0,0.0,0.0,0.0,0.0,5.39e-06,5.08e-06,0.0,0.0,2.89e-06,0.0,0.0,0.0,0.0,1.2e-05,0.0,0.0,0.0,0.0,0.0,0.0,0.0,0.0,0.0,0.0,0.0,0.0,0.0,0.0,0.0,0.0,0.0,0.0,0.0,0.0,0.0,0.0,0.0,0.0,0.0,0.0,0.0,0.0,0.0,0.0,0.0,0.0,0.0,0.0,0.0,0.0,0.0,0.0,0.0,0.0,0.0,0.0,0.0,0.0,0.0,0.0,0.0,0.0,0.0,0.0,0.0,0.0,0.0,0.0,0.0,0.0,0.0,0.0,0.0,0.0,0.0,0.0,0.0,0.0,0.0,0.0,0.0,0.0,0.0,0.0,0.0,0.0,0.0,0.0,0.0,0.0,0.0,0.0,0.0,0.0,0.0,0.0,0.0,0.0,0.0,0.0,0.0,0.0,0.0,0.0,0.0,0.0,0.0,0.0,0.0,0.0,0.0,0.0
Reef 297,0.0,0.0,0.0,0.0,0.0,0.0,0.0,0.0,0.0,0.0,0.0,0.0,0.0,1.7e-06,0.0,0.0,0.0,0.0,0.0,0.0,0.0,0.0,0.0,2.52e-06,0.0,0.0,0.0,0.0,0.0,1.58e-06,0.0,0.0,0.0,0.0,0.0,0.0,0.0,8.79e-06,0.0,0.0,0.0,0.0,0.0,0.0,0.0,0.0,0.0,1.03e-06,0.0,0.0,0.0,0.0,0.0,0.0,2.19e-06,0.0,0.0,0.0,0.0,0.0,0.0,0.0,0.0,0.0,0.0,0.0,0.0,0.0,0.0,0.0,0.0,0.0,0.0,0.0,0.0,0.0,0.0,0.0,0.0,0.0,0.0,0.0,0.0,0.0,0.0,0.0,0.0,0.0,0.0,0.0,0.0,0.0,0.0,0.0,0.0,3.49e-06,0.0,0.0,0.0,0.0,0.0,0.0,0.0,0.0,0.0,0.0,0.0,0.0,0.0,0.0,0.0,0.0,0.0,0.0,0.0,0.0,0.0,0.0,0.0,0.0,0.0,0.0,0.0,0.0,0.0,0.0,9.09e-06,0.0,0.0,0.0,0.0,0.0,7.42e-06,0.0,0.0,0.0,0.0,0.0,0.0,0.0,0.0,0.0,0.0,0.0,0.0,0.0,1.94e-05,0.0,0.0,0.0,0.0,0.0,0.0,0.0,0.0,0.0,0.0,0.0,0.0,0.0,0.0,0.0,0.0,0.0,0.0,0.0,0.0,0.0,0.0,0.0,0.0,0.0,0.0,0.0,0.0,0.0,0.0,0.0,1.95e-05,0.0,0.0,0.0,0.0,0.0,0.0,0.0,7.23e-05,0.0,0.0,0.0,0.0,0.0,0.0,0.0,0.0,0.0,0.0,0.0,6.23e-05,0.0,0.0,0.0,0.0,0.0,0.0,0.000125748,3.49e-05,0.0,0.0,0.0,0.0,0.0,0.0,0.0,0.0,0.0,0.0,0.0,0.000119971,0.0,0.0,0.0,0.0,0.000148771,0.0,0.0,0.0,0.0,0.0,0.0,0.0,0.0,2.03e-06,0.0,0.0,0.0,0.0,0.0,0.0,0.0,0.0,0.0,0.0,0.0,0.0,2.28e-06,0.0,0.0,0.0,0.0,0.0,1.27e-05,0.0,0.0,0.0,0.0,0.0,0.0,0.0,0.0,0.0,0.0,0.0,0.0,0.0,0.0,0.0,0.0,0.000361698,0.0,0.0,0.0,0.0,0.0,0.00114803,0.0,0.0,0.0,0.0,0.0,0.0,0.0,0.0,0.0,0.0,0.0,0.0,0.0,0.00731367,0.0,0.0529781,0.00324645,0.000375343,0.0,0.0,0.0,0.022993,0.0,0.0,0.00297123,0.0,0.0,0.000194818,0.0,0.0,0.0071751,0.0762169,4.39e-06,7.8e-06,1.56e-06,3.67e-06,6e-06,9.34e-06,0.0,0.0,0.0,0.0,0.0,0.0,0.0,0.0,0.0,0.0,0.0,0.0,0.0,0.0,0.0,0.0,0.0,0.0,0.0,0.0,0.0,0.0,0.0,0.0,0.0,0.0,0.0,0.0,0.0,0.0,0.0,0.0,0.0,0.0,0.0,0.0,0.0,0.0,0.0,0.0,0.0,0.0,0.0,0.0,0.0,0.0,0.0,0.0,0.0,0.0,0.0,0.0,0.0,0.0,0.0,0.0,0.0,0.0,0.0,0.0,0.0,0.0,0.0,0.0,0.0,0.0,0.0,0.0,0.0,0.0,0.0,0.0,0.0,0.0,0.0,0.0,0.0,0.0,0.0,0.0,0.0,0.0,0.0,0.0,0.0,0.0,0.0,0.0,0.0,0.0,0.0,0.0,0.0,0.0,0.0,0.0,0.0,0.0,0.0,0.0,0.0,0.0,0.0,0.0,0.0,0.0,0.0,0.0,0.0,0.0
Reef 298,0.0,0.0,0.0,0.0,0.0,0.0,0.0,0.0,0.0,0.0,0.0,0.0,0.0,0.0,0.0,0.0,0.0,0.0,0.0,0.0,0.0,0.0,0.0,0.0,0.0,0.0,0.0,0.0,0.0,0.0,0.0,0.0,0.0,0.0,0.0,0.0,0.0,1.42e-05,0.0,0.0,0.0,0.0,0.0,0.0,0.0,0.0,0.0,0.0,0.0,0.0,0.0,0.0,0.0,0.0,0.0,0.0,0.0,0.0,0.0,0.0,0.0,0.0,0.0,0.0,0.0,0.0,0.0,0.0,0.0,0.0,0.0,0.0,0.0,0.0,0.0,0.0,0.0,0.0,0.0,0.0,0.0,0.0,0.0,0.0,0.0,0.0,0.0,0.0,0.0,0.0,0.0,0.0,0.0,0.0,0.0,2.11e-05,0.0,0.0,0.0,0.0,0.0,0.0,0.0,0.0,0.0,0.0,0.0,0.0,0.0,0.0,0.0,0.0,0.0,0.0,0.0,0.0,0.0,0.0,0.0,0.0,0.0,0.0,0.0,0.0,0.0,0.0,4.22e-05,0.0,0.0,0.0,0.0,0.0,0.0,0.0,0.0,0.0,0.0,0.0,0.0,0.0,0.0,0.0,0.0,1.39e-05,0.0,0.0,0.000710127,0.0,0.0,0.000446558,0.0,0.00036864,0.000784047,0.0,0.0,0.0,0.0,0.0,0.0,0.00366135,0.0,0.0,0.0,0.0,0.0,1.31e-05,1.17e-05,0.0,0.0,0.0,0.0,0.0,0.0,0.0,0.0,0.00194432,0.0,0.0,3.59e-05,0.0,0.0,0.000570933,0.0,0.0,0.0,0.0,5.52e-05,1.79e-05,2.6e-05,0.0,0.0,0.0,0.000213368,0.0,2.41e-05,0.0,0.0,0.0,2.72e-05,0.0,0.0,9.63e-05,0.0,0.000104143,0.0,3.57e-05,0.000247819,0.0,0.0,0.0,6.2e-05,2.34e-05,4.59e-05,0.0,0.00121746,0.000216316,0.0,0.0,2.89e-05,0.0,0.0,2.68e-05,0.0,2.49e-05,0.0,0.0,0.000340125,0.0,0.0,0.0,0.0,0.0,4.57e-05,0.0,0.0,8.3e-05,0.0,0.0,0.0,0.000768299,5e-05,0.000172383,0.0,0.0,0.0,2.08e-05,0.000238365,2.21e-05,0.0,0.0,0.0,1.43e-05,6.05e-05,0.0,0.0,0.0,0.0,0.0,0.0,0.00023066,0.0,0.0,0.0,0.0,0.00317905,0.0,0.0,0.0,0.0,2.69e-05,0.0,0.0,9.04e-05,0.0,0.0,0.00037839,0.000107389,0.0,0.0,0.00029429,0.0,0.0014365,0.0,0.0,0.0,0.0,0.0,1.52e-05,0.0,0.000121922,0.0,0.0,0.0,0.0,0.0,0.0,0.0,0.00131142,0.000621673,0.0,0.0,0.0,0.000204515,0.0,0.0,0.0,0.0,0.0,0.0,0.0,0.0,0.0,0.0,6.58e-05,0.0,0.0,0.0,0.0,0.0,0.0,0.0,0.0,0.0,0.0,0.0,0.0,0.0,3.12e-05,0.0,4.45e-05,0.0,0.0,0.0,1.16e-05,0.0,0.0,1.69e-05,0.0,1.23e-05,0.0,0.0,0.0,0.0,0.0,1.32e-05,0.0,0.0,0.0,0.0,0.0,0.0,0.0,0.0,0.0,0.0,0.0,0.0,0.0,0.0,0.0,0.0,0.0,0.0,0.0,0.0,0.0,0.0,0.0,0.0,0.0,0.0,0.0,0.0,0.0,0.0,0.0,0.0,0.0,0.0,0.0,0.0,0.0,0.0,0.0,0.0,0.0,0.0,0.0,0.0,0.0,0.0,0.0,0.0,0.0,0.0,0.0,0.0,0.0,0.0,0.0,0.0,0.0,0.0,0.0,0.0,0.0,0.0,0.0,0.0,0.0,0.0,0.0,0.0,0.0,0.0,0.0,0.0,0.0,0.0,0.0,0.0,0.0,0.0
Reef 299,0.0,0.0,0.0,0.0,0.0,0.0,0.0,0.0,0.0,0.0,0.0,0.0,0.0,1.56e-06,5.08e-06,0.0,0.0,0.0,3.09e-06,0.0,0.0,0.0,0.0,3.64e-06,0.0,0.0,0.0,0.0,0.0,1.44e-05,0.0,0.0,0.0,0.0,0.0,0.0,0.0,5.1e-05,0.0,0.0,0.0,0.0,0.0,0.0,0.0,0.0,0.0,1.46e-05,0.0,0.0,0.0,0.0,1.55e-06,1.8e-06,2.28e-05,0.0,0.0,0.0,0.0,0.0,0.0,0.0,0.0,0.0,0.0,0.0,0.0,0.0,0.0,0.0,0.0,0.0,0.0,0.0,0.0,2.74e-06,0.0,0.0,0.0,0.0,0.0,0.0,0.0,0.0,0.0,0.0,0.0,0.0,0.0,0.0,2.42e-06,0.0,0.0,0.0,0.0,4.83e-05,0.0,0.0,0.0,0.0,0.0,0.0,0.0,0.0,0.0,0.0,0.0,0.0,0.0,0.0,0.0,0.0,2.66e-06,0.0,0.0,0.0,0.0,0.0,2.03e-06,0.0,0.0,0.0,0.0,0.0,0.0,0.0,9.09e-05,0.0,0.0,0.0,0.0,0.0,0.0,8.77e-07,0.0,0.0,0.0,0.0,0.0,0.0,0.0,0.0,0.0,1.57e-05,0.0,0.0,8.27e-06,0.0,0.0,0.000598183,0.0,9.88e-07,0.000989565,0.0,2.6e-06,0.0,0.0,8.12e-07,0.0,0.00459882,0.0,0.0,0.0,0.0,0.0,1.64e-06,1.27e-06,0.0,0.0,0.0,0.0,0.0,0.0,0.0,0.0,0.00251563,0.0,0.0,2.12e-05,0.0,0.0,0.000643863,0.0,0.0,0.0,0.0,3.39e-05,1.93e-05,1.05e-06,0.0,0.0,0.0,0.000225646,0.0,1.95e-05,6.16e-07,0.0,0.0,1.7e-05,0.0,0.0,2.75e-06,0.0,4.04e-06,0.0,2.22e-05,3.94e-06,0.0,0.0,0.0,4.46e-05,7.43e-06,1.22e-06,0.0,0.000889406,0.000153936,0.0,0.0,2.12e-05,0.0,0.0,1.09e-05,0.0,1.83e-05,2.17e-06,0.0,0.000193935,0.0,0.0,0.0,0.0,0.0,2.43e-05,0.0,0.0,0.000157156,0.0,0.0,0.0,0.000411785,0.000751474,5.4e-05,0.0,0.0,0.0,1.16e-05,2.75e-05,3.27e-05,0.0,0.0,0.0,2.57e-06,1.85e-05,0.0,0.0,0.0,0.0,0.0,0.0,0.000132639,6.31e-07,0.0,0.0,0.0,0.00106962,0.0,0.0,0.0,1.19e-06,0.00074817,0.0,0.0,0.00520857,0.0,4.86e-06,0.000171228,0.00108557,0.0,0.0,0.000322773,0.0,0.00440905,0.0,0.0,0.0,0.0,0.0,1.89e-05,0.0,0.0010835,0.0,0.0,5.49e-07,0.0,0.0,0.0,0.0,0.00488674,0.0488053,0.0,0.0,0.0,0.000309426,0.0,0.0,0.0,0.0,0.0,0.0,0.0,0.0,0.0,0.0,3.3e-06,0.0,0.0,0.0,0.0,0.0,0.0,0.0,0.0,0.0,0.0,0.0,0.0,0.0,9.21e-07,0.0,1.31e-06,0.0,0.0,0.0,0.0,1.2e-06,0.0,3.57e-05,0.0,0.0,0.0,0.0,0.0,0.0,0.0,6.57e-06,0.0,0.0,0.0,0.0,0.0,0.0,0.0,0.0,0.0,0.0,0.0,0.0,0.0,0.0,0.0,0.0,0.0,0.0,0.0,0.0,0.0,0.0,0.0,0.0,0.0,0.0,0.0,0.0,0.0,0.0,0.0,0.0,0.0,0.0,0.0,0.0,0.0,0.0,0.0,0.0,0.0,0.0,0.0,0.0,0.0,0.0,0.0,0.0,0.0,0.0,0.0,0.0,0.0,0.0,0.0,0.0,0.0,0.0,0.0,0.0,0.0,0.0,0.0,0.0,0.0,0.0,0.0,0.0,0.0,0.0,0.0,0.0,0.0,0.0,0.0,0.0,0.0,0.0
Reef 300,0.0,0.0,0.0,0.0,0.0,0.0,0.0,0.0,0.0,0.0,0.0,0.0,0.0,1.58e-05,0.0,0.0,0.0,0.0,1.96e-06,0.0,0.0,0.0,0.0,2.35e-05,0.0,0.0,0.0,0.0,0.0,1.14e-05,0.0,0.0,0.0,0.0,0.0,0.0,0.0,8.11e-05,0.0,0.0,0.0,0.0,0.0,0.0,1.71e-06,0.0,0.0,8.85e-06,0.0,0.0,0.0,0.0,3.17e-06,1.3e-06,1.78e-05,0.0,0.0,0.0,0.0,0.0,0.0,0.0,0.0,0.0,0.0,0.0,0.0,0.0,0.0,0.0,0.0,0.0,0.0,0.0,0.0,0.0,0.0,0.0,0.0,0.0,0.0,0.0,0.0,0.0,0.0,0.0,0.0,0.0,0.0,0.0,0.0,0.0,0.0,0.0,0.0,2.11e-05,0.0,0.0,0.0,0.0,0.0,0.0,0.0,0.0,0.0,0.0,0.0,0.0,0.0,0.0,0.0,0.0,1.08e-06,0.0,0.0,0.0,0.0,0.0,1.7e-06,0.0,0.0,0.0,0.0,0.0,1.63e-06,0.0,9.69e-07,0.0,0.0,0.0,0.0,0.0,4.33e-05,0.0,0.0,0.0,0.0,0.0,0.0,0.0,0.0,8.16e-07,0.0,0.0,0.0,0.0,0.00024692,0.0,0.0,0.0,0.0,9.58e-06,0.0,0.0,0.0,0.0,0.0,0.0,0.0,0.0,0.0,0.0,0.0,0.0,0.0,0.0,0.0,0.0,0.0,0.0,0.0,0.0,0.0,0.0,0.0,0.0,0.0,0.0,9.06e-07,0.0,0.0,0.0,0.0,0.0,0.0,0.0,1.56e-06,0.0,0.0,0.0,0.0,0.0,0.0,0.0,0.0,0.0,0.0,0.0,2.02e-06,0.0,0.0,0.0,0.0,0.0,0.0,1.76e-06,2.38e-06,0.0,0.0,0.0,0.0,0.0,0.0,0.0,0.0,0.0,0.0,0.0,4.85e-06,0.0,0.0,0.0,0.0,1.09e-05,0.0,0.0,0.0,0.0,0.0,0.0,0.0,0.0,2.27e-05,0.0,0.0,0.0,0.0,0.0,0.0,0.0,0.0,0.0,0.0,0.0,0.0,3.84e-05,0.0,0.0,0.0,0.0,0.0,3.34e-05,0.0,0.0,0.0,0.0,0.0,0.0,0.0,0.0,0.0,0.0,0.0,0.0,0.0,0.0,0.0,0.0,0.000490031,0.0,0.0,0.0,0.0,0.0,0.00148994,0.0,0.0,0.0,0.0,0.0,0.0,0.0,0.0,0.0,0.0,0.0,0.0,0.0,0.0107431,0.0,0.0480705,0.0132026,0.0015703,0.0,0.0,0.0,0.0433283,0.0,0.0,0.0118572,0.0,0.0,0.00111232,0.0,0.0,0.0103802,0.126862,6.56e-06,0.000158694,3.01e-05,6.43e-06,9.57e-06,1.84e-05,0.0,0.0,0.0,0.0,0.0,0.0,0.0,0.0,0.0,0.0,0.0,0.0,0.0,0.0,0.0,0.0,0.0,0.0,0.0,0.0,0.0,0.0,0.0,0.0,0.0,0.0,0.0,0.0,0.0,0.0,0.0,0.0,0.0,0.0,0.0,0.0,0.0,0.0,0.0,0.0,0.0,0.0,0.0,0.0,0.0,0.0,0.0,0.0,0.0,0.0,0.0,0.0,0.0,0.0,0.0,0.0,0.0,0.0,0.0,0.0,0.0,0.0,0.0,0.0,0.0,0.0,0.0,0.0,0.0,0.0,0.0,0.0,0.0,0.0,0.0,0.0,0.0,0.0,0.0,0.0,0.0,0.0,0.0,0.0,0.0,0.0,0.0,0.0,0.0,0.0,0.0,0.0,0.0,0.0,0.0,0.0,0.0,0.0,0.0,0.0,0.0,0.0,0.0,0.0,0.0,0.0,0.0,0.0,0.0,0.0
Reef 301,0.0,0.0,0.0,0.0,0.0,0.0,0.0,0.0,0.0,0.0,0.0,0.0,0.0,0.0,0.0,0.0,0.0,0.0,0.0,0.0,0.0,0.0,0.0,0.0,0.0,0.0,0.0,0.0,0.0,0.0,0.0,0.0,0.0,0.0,0.0,0.0,0.0,0.0,0.0,0.0,0.0,0.0,0.0,0.0,0.0,0.0,0.0,0.0,0.0,0.0,0.0,0.0,0.0,0.0,0.0,0.0,0.0,0.0,0.0,0.0,0.0,0.0,0.0,0.0,0.0,0.0,0.0,0.0,0.0,0.0,0.0,0.0,0.0,0.0,0.0,0.0,0.0,0.0,0.0,0.0,0.0,0.0,0.0,0.0,0.0,0.0,0.0,0.0,0.0,0.0,0.0,0.0,0.0,0.0,0.0,0.0,0.0,0.0,0.0,0.0,0.0,0.0,0.0,0.0,0.0,0.0,0.0,0.0,0.0,0.0,0.0,0.0,0.0,0.0,0.0,0.0,0.0,0.0,0.0,0.0,0.0,0.0,0.0,0.0,0.0,0.0,0.0,0.0,0.0,0.0,0.0,0.0,0.0,0.0,0.0,0.0,0.0,0.0,0.0,0.0,0.0,0.0,0.0,0.0,0.0,0.0,0.0,0.0,0.0,0.0,0.0,0.0,0.0,0.0,0.0,0.0,0.0,0.0,0.0,0.0,0.0,0.0,0.0,0.0,0.0,0.0,0.0,0.0,0.0,0.0,0.0,0.0,0.0,0.0,0.0,0.0,0.0,0.0,0.0,0.0,0.0,0.0,0.0,0.0,0.0,0.0,0.0,0.0,0.0,0.0,0.0,0.0,0.0,0.0,0.0,0.0,0.0,0.0,0.0,0.0,0.0,0.0,0.0,0.0,0.0,0.0,0.0,0.0,0.0,0.0,0.0,0.0,0.0,0.0,0.0,0.0,0.0,0.0,0.0,0.0,0.0,0.0,0.0,0.0,0.0,0.0,0.0,0.0,0.0,0.0,0.0,0.0,0.0,0.0,0.0,0.0,0.0,0.0,6.6e-05,0.0,0.0,0.0,0.0,0.0,0.000281504,0.0,0.0,0.0,3.5e-05,0.0,0.00140864,0.0,0.0,2.61e-05,0.0,0.0,0.0,0.0,0.00261216,0.0,0.0,0.0,0.0,0.0,0.0,0.0,3.74e-05,0.000166655,0.0,0.0,0.0,0.00584386,0.0,0.000178479,0.0,0.0,0.0,0.00142628,0.00249446,0.0,0.0,0.0,0.0,0.00332454,0.0,0.000183997,0.0013763,0.0,0.0,0.0,0.0,0.0,0.0,0.00331247,0.00115414,0.00182933,0.0,0.0,0.0,0.0,0.00438923,0.000503736,0.0,0.000120543,0.0266885,0.0,0.0,0.0,0.0,0.0,0.0,0.0,0.0,0.0,0.0,0.000569435,0.000192929,0.0,0.0,0.000262544,0.0,0.0,0.0,0.0,3.37e-05,0.0,0.0,0.0,0.0,0.0,0.0,0.0,0.000111644,0.0,0.0,0.0,0.0,0.0,0.0,0.0,0.0,0.0,0.0,0.0,0.0,0.0,0.0,0.0,0.0,0.0,0.0,0.0,0.0,0.0,0.0,0.0,0.0,0.0,0.0,0.0,0.0,0.0,0.0,0.0,0.0,0.0,0.0,0.0,0.0,0.0,0.0,0.0,0.0,0.0,0.0,0.0,0.0,0.0,0.0,0.0,0.0,0.0,0.0,0.0,0.0,0.0,0.0,0.0,0.0,0.0,0.0,0.0,0.0,0.0,0.0,0.0,0.0,0.0,0.0,0.0,0.0,0.0,0.0,0.0,0.0,0.0,0.0,0.0,0.0,0.0,0.0,0.0,0.0,0.0,0.0,0.0,0.0,0.0,0.0,0.0,0.0,0.0,0.0
Reef 302,5.73e-05,0.0,0.0,0.0,0.0,0.0,0.0,0.0,0.0,0.0,0.0,0.0,0.0,0.0,0.0,0.0,0.0,0.0,0.0,0.0,0.0,0.0,0.0,0.0,0.0,0.0,0.0,0.0,0.0,0.0,0.0,0.0,0.0,0.0,0.0,0.0,0.0,0.0,0.0,0.0,0.0,0.0,0.0,0.0,0.0,0.0,0.0,0.0,0.0,0.0,0.0,0.0,0.0,0.0,0.0,0.0,0.0,0.0,0.0,0.0,0.0,0.0,0.0,0.0,0.0,0.0,0.0,0.0,0.0,0.0,0.0,0.0,0.0,0.0,0.0,0.0,0.0,0.0,0.0,0.0,0.0,0.0,0.0,0.0,0.0,0.0,0.0,0.0,0.0,0.0,0.0,0.0,0.0,0.0,0.0,0.0,0.0,0.0,0.0,0.0,0.0,0.0,0.0,0.0,0.0,0.0,0.0,0.0,0.0,0.0,0.0,0.0,0.0,0.0,0.0,0.0,0.0,0.0,0.0,0.0,0.0,0.0,0.0,0.0,0.0,0.0,0.0,0.0,0.0,0.0,0.0,0.0,0.0,0.0,0.0,0.0,0.0,0.0,0.0,0.0,0.0,0.0,0.0,0.0,0.0,0.0,0.0,0.0,0.0,0.0,0.0,0.0,0.0,0.0,0.0,0.0,0.0,0.0,0.0,0.0,0.0,0.0,0.0,0.0,0.0,0.0,0.0,0.0,0.0,0.0,0.0,0.0,0.0,0.0,0.0,0.0,0.0,0.0,0.0,0.0,0.0,0.0,0.0,0.0,0.0,0.0,0.0,0.0,0.0,0.0,0.0,0.0,0.0,0.0,0.0,0.0,0.0,0.0,0.0,0.0,0.0,0.0,0.0,0.0,0.0,0.0,0.0,0.0,0.0,0.0,0.0,0.0,0.0,0.0,0.0,0.0,0.0,0.0,0.0,0.0,0.0,0.0,0.0,0.0,0.0,0.0,0.0,0.0,0.0,0.0,0.0,0.0,0.0,0.0,0.0,0.0,0.0,0.0,0.000127721,0.0,0.0,0.0,0.0,0.0,1.63e-05,0.0,0.0,0.0,0.0,0.0,2.36e-05,0.0,0.0,0.0,0.0,0.0,0.0,0.0,3.21e-05,0.0,0.0,0.0,0.0,0.0,0.0,0.0,0.0,9.6e-06,0.0,0.0,0.0,6.68e-06,0.0,0.00012464,0.0,0.0,0.0,3.34e-05,0.00163809,0.0,0.0,0.0,0.0,9.41e-06,0.0,8.79e-05,0.00119626,0.0,0.0,0.0,0.0,0.0,0.0,0.000867068,0.00255224,0.00031971,0.0,0.0,0.0,0.0,1.04e-05,0.000382722,0.0,5.44e-05,7.8e-05,0.0,0.0,0.0,0.0,0.0,0.0,0.0,0.0,0.0,0.0,2.62e-05,7.45e-05,0.0,0.0,3.22e-05,0.0,0.0,0.0,4.17e-05,1.76e-05,0.0,8.47e-05,0.0,0.0,0.0,0.0,9.19e-06,7.54e-05,0.0,0.0,0.0,0.0,0.0,0.0,0.0,8.62e-06,0.0,0.0,0.0,0.0,0.0,0.0,0.0,0.0,0.0,0.0,0.0,0.0,0.0,0.0,0.0,0.0,0.0,0.0,0.0,0.0,0.0,0.0,0.0,0.0,0.0,0.0,0.0,0.0,0.0,0.0,0.0,0.0,0.0,0.0,0.0,0.0,0.0,0.0,0.0,0.0,0.0,0.0,0.0,0.0,0.0,0.0,0.0,0.0,0.0,0.0,0.0,0.0,0.0,0.0,0.0,0.0,0.0,0.0,0.0,0.0,0.0,0.0,0.0,0.0,0.0,0.0,0.0,0.0,0.0,0.0,0.0,0.0,0.0,0.0,0.0,0.0,0.0,0.0,0.0,0.0,0.0,0.0
Reef 303,0.0,0.0,0.0,0.0,0.0,0.0,0.0,4.8e-06,0.0,0.0,0.0,0.0,0.0,1.31e-05,2.04e-05,0.0,0.0,0.0,1.21e-05,4.44e-07,0.0,9.61e-07,0.0,1.44e-06,0.0,6.8e-07,0.0,0.0,0.0,3.45e-05,0.0,0.0,0.0,6.12e-07,0.0,0.0,2.45e-06,1.75e-05,0.0,0.0,0.0,0.0,2.04e-06,0.0,1.79e-06,4.69e-07,7.2e-07,1.18e-05,0.0,2.38e-06,0.0,0.0,9.36e-07,2.7e-06,4.63e-05,0.0,0.0,0.0,0.0,0.0,1.16e-06,0.0,0.0,0.0,8.22e-07,0.0,0.0,0.0,0.0,0.0,0.0,0.0,0.0,0.0,0.0,1.31e-06,4.05e-07,0.0,0.0,0.0,0.0,0.0,0.0,0.0,0.0,0.0,0.0,0.0,0.0,4.8e-06,2.49e-06,0.0,0.0,0.0,0.0,5.39e-05,0.0,0.0,5.47e-06,0.0,0.0,0.0,0.0,0.0,0.0,0.0,5.45e-07,1.07e-06,6.55e-07,0.0,0.0,4.82e-07,9.49e-06,1.44e-06,5.67e-07,0.0,0.0,0.0,1.64e-05,1.36e-06,0.0,0.0,5.66e-07,0.0,1.87e-06,8.04e-07,0.000208349,0.0,0.0,0.0,0.0,0.0,1.5e-05,4.03e-06,8.24e-07,9.47e-07,0.0,0.0,0.0,0.0,0.0,3.09e-06,1.26e-06,0.0,9.26e-07,7.69e-07,8.26e-05,0.0,0.0,0.0,0.0,6.1e-06,0.0,0.0,0.0,0.0,0.0,1.33e-05,2.4e-06,0.0,0.0,0.0,0.0,3.41e-06,2.08e-06,2.7e-06,7.36e-06,0.0,0.0,1.08e-06,0.0,0.0,0.0,0.0,0.0,0.0,0.0,0.0,0.0013373,0.0,0.0,0.0,0.0,0.0,0.0,0.0,0.00143621,0.0,0.0,0.0,0.0,2.43e-06,0.0,0.0,0.0,0.0,0.0,0.0,0.00128495,0.0,0.0,0.0,0.0,0.0,0.0,0.00112911,0.00439624,0.0,0.0,0.0,0.0,0.0,0.0,0.0,0.0,0.0,0.0,0.0,0.00209498,0.0,0.0,0.0,0.0,0.00388287,0.0,0.0,0.0,0.0,0.0,0.0,0.0,0.0,0.00667645,0.0,0.0,0.0,0.0,0.0,0.0,0.0,0.0,0.0,0.0,0.0,0.0,0.00702192,0.0,0.0,0.0,0.0,0.0,0.00195861,0.0,0.0,0.0,0.0,0.0,0.0,0.0,0.0,0.0,0.0,0.0,0.0,0.0,0.0,0.0,0.0,0.000266131,0.0,0.0,0.0,0.0,0.0,0.000812609,0.0,0.0,0.0,0.0,0.0,0.0,0.0,0.0,0.0,0.0,0.0,0.0,1.7e-06,0.000255112,0.0,0.000350428,0.00051946,0.000670022,0.0,0.0,0.0,0.000379857,0.0,0.0,0.00105298,0.0,0.0,0.0887282,0.0,0.0,0.000298571,0.00385614,0.000138257,0.00153069,0.00155998,1.21e-05,4.42e-06,1.64e-06,2.52e-05,0.0,0.0,0.0,2.48e-06,0.0,0.0,0.0,1.2e-05,0.0,0.0,0.0,0.000275814,0.0,1.31e-05,2.64e-05,0.000167488,0.000206297,0.0,0.0,0.00169893,0.0,0.00742806,0.0,0.0,0.0031094,0.000138034,0.0,0.0,0.000101798,6.83e-05,0.0,9.66e-07,1.09e-05,0.0,0.00021784,0.0,0.000108576,0.0,0.000731759,0.0,0.0,0.0,0.0,0.000156642,0.0,0.0,0.000449466,0.0,0.0,0.0,0.0,0.0,0.0,0.0,0.0,0.0,0.0,0.0,0.0,0.0,0.0,0.0,0.0,0.0,0.0,0.0,0.0,0.0,0.0,0.0,0.0,0.0,0.0,0.0,0.0,0.0,0.0,0.0,0.0,0.0,0.0,0.0,0.0,3.51e-05,1.22e-05,1.12e-05,0.0,0.0,0.0,0.0,0.0,0.0,0.0,0.0,0.0,7.52e-06,0.0,0.0,0.0,0.0,0.0,0.0,0.0,0.0,0.0,0.0,0.0,0.0,0.0
Reef 304,2.08e-05,0.0,0.0,0.0,0.0,0.0,0.0,0.0,0.0,0.0,0.0,0.0,0.0,0.0,0.0,0.0,0.0,0.0,0.0,0.0,0.0,0.0,0.0,0.0,0.0,0.0,0.0,0.0,0.0,0.0,0.0,0.0,0.0,0.0,0.0,0.0,0.0,0.0,0.0,0.0,0.0,0.0,0.0,0.0,0.0,0.0,0.0,0.0,0.0,0.0,0.0,0.0,0.0,0.0,0.0,0.0,0.0,0.0,0.0,0.0,0.0,0.0,0.0,0.0,0.0,0.0,0.0,0.0,0.0,0.0,0.0,0.0,0.0,0.0,0.0,0.0,0.0,0.0,0.0,0.0,0.0,0.0,0.0,0.0,0.0,0.0,0.0,0.0,0.0,0.0,0.0,0.0,0.0,0.0,0.0,0.0,0.0,0.0,0.0,0.0,0.0,0.0,0.0,0.0,0.0,0.0,0.0,0.0,0.0,0.0,0.0,0.0,0.0,0.0,0.0,0.0,0.0,0.0,0.0,0.0,0.0,0.0,0.0,0.0,0.0,0.0,0.0,0.0,0.0,0.0,0.0,0.0,0.0,0.0,0.0,0.0,0.0,0.0,0.0,0.0,0.0,0.0,0.0,0.0,0.0,0.0,0.0,0.0,0.0,0.0,0.0,0.0,0.0,0.0,0.0,0.0,0.0,0.0,0.0,0.0,0.0,0.0,0.0,0.0,0.0,0.0,0.0,0.0,0.0,0.0,0.0,0.0,0.0,0.0,0.0,0.0,0.0,0.0,0.0,0.0,0.0,0.0,0.0,0.0,0.0,0.0,0.0,0.0,0.0,0.0,0.0,0.0,0.0,0.0,0.0,0.0,0.0,0.0,0.0,0.0,0.0,0.0,0.0,0.0,0.0,0.0,0.0,0.0,0.0,0.0,0.0,0.0,0.0,0.0,0.0,0.0,0.0,0.0,0.0,0.0,0.0,0.0,0.0,0.0,0.0,0.0,0.0,0.0,0.0,0.0,0.0,0.0,0.0,0.0,0.0,0.0,0.0,0.0,7.04e-05,0.0,0.0,0.0,0.0,0.0,1.88e-05,0.0,0.0,0.0,0.0,0.0,3.81e-05,0.0,0.0,0.0,0.0,0.0,0.0,0.0,5.19e-05,0.0,0.0,0.0,0.0,0.0,0.0,0.0,0.0,1.83e-05,0.0,0.0,0.0,1.09e-05,0.0,0.000450372,0.0,0.0,0.0,0.000135009,0.00089727,0.0,0.0,0.0,0.0,1.54e-05,0.0,3.67e-05,0.000311449,0.0,0.0,0.0,0.0,0.0,0.0,0.000360913,0.000993745,8.6e-05,0.0,0.0,0.0,0.0,1.47e-05,0.00277679,0.0,0.000496964,0.000107001,0.0,0.0,0.0,0.0,0.0,0.0,0.0,0.0,0.0,0.0,0.000127576,0.000205046,0.0,0.0,9.33e-06,0.0,0.0,0.0,1.49e-05,4.23e-05,0.0,2.19e-05,0.0,0.0,0.0,0.0,0.0,2.37e-05,0.0,0.0,0.0,0.0,0.0,0.0,0.0,3.21e-05,0.0,0.0,0.0,0.0,0.0,0.0,0.0,0.0,0.0,0.0,0.0,0.0,0.0,0.0,0.0,0.0,0.0,0.0,0.0,0.0,0.0,0.0,0.0,0.0,0.0,0.0,0.0,0.0,0.0,0.0,0.0,0.0,0.0,0.0,0.0,0.0,0.0,0.0,0.0,0.0,0.0,0.0,0.0,0.0,0.0,0.0,0.0,0.0,0.0,0.0,0.0,0.0,0.0,0.0,0.0,0.0,0.0,0.0,0.0,0.0,0.0,0.0,0.0,0.0,0.0,0.0,0.0,0.0,0.0,0.0,0.0,0.0,0.0,0.0,0.0,0.0,0.0,0.0,0.0,0.0,0.0,0.0
Reef 305,0.0,0.0,0.0,0.0,0.0,0.0,0.0,0.0,0.0,0.0,0.0,0.0,0.0,0.0,0.0,0.0,0.0,0.0,0.0,0.0,0.0,0.0,0.0,0.0,0.0,0.0,0.0,0.0,0.0,0.0,0.0,0.0,0.0,0.0,0.0,0.0,0.0,0.0,0.0,0.0,0.0,0.0,0.0,0.0,0.0,0.0,0.0,0.0,0.0,0.0,0.0,0.0,0.0,0.0,0.0,0.0,0.0,0.0,0.0,0.0,0.0,0.0,0.0,0.0,0.0,0.0,0.0,0.0,0.0,0.0,0.0,0.0,0.0,0.0,0.0,0.0,0.0,0.0,0.0,0.0,0.0,0.0,0.0,0.0,0.0,0.0,0.0,0.0,0.0,0.0,0.0,0.0,0.0,0.0,0.0,0.0,0.0,0.0,0.0,0.0,0.0,0.0,0.0,0.0,0.0,0.0,0.0,0.0,0.0,0.0,0.0,0.0,0.0,0.0,0.0,0.0,0.0,0.0,0.0,0.0,0.0,0.0,0.0,0.0,0.0,0.0,0.0,0.0,0.0,0.0,0.0,0.0,0.0,0.0,0.0,0.0,0.0,0.0,0.0,0.0,0.0,0.0,0.0,0.0,0.0,0.0,0.0,0.0,0.0,0.0,0.0,0.0,0.0,0.0,0.0,0.0,0.0,0.0,0.0,0.0,0.0,0.0,0.0,0.0,0.0,0.0,0.0,0.0,0.0,0.0,0.0,0.0,0.0,0.0,0.0,0.0,0.0,0.0,0.0,0.0,0.0,0.0,0.0,0.0,0.0,0.0,0.0,0.0,0.0,0.0,0.0,0.0,0.0,0.0,0.0,0.0,0.0,0.0,0.0,0.0,0.0,0.0,0.0,0.0,0.0,0.0,0.0,0.0,0.0,0.0,0.0,0.0,0.0,0.0,0.0,0.0,0.0,0.0,0.0,0.0,0.0,0.0,0.0,0.0,0.0,0.0,0.0,0.0,0.0,0.0,4.67e-06,0.0,0.0,4.08e-06,0.0,0.0,0.0,0.0,2.99e-05,0.0,1.16e-06,0.0,0.0,0.0,3.34e-06,0.0,0.0,0.0,2.81e-05,1.54e-06,0.000862646,0.0,0.0,2.2e-05,2.85e-05,0.0,8.83e-07,1.91e-05,0.00108652,0.0,3.6e-06,1.76e-06,0.0,0.0,1.87e-06,8.34e-07,4.49e-05,0.000135892,0.0,9.89e-06,1.28e-05,0.000296021,0.0,1.01e-06,0.0,0.0,0.0,2.17e-05,0.000717163,0.0,0.0,1.43e-06,1.42e-05,1.36e-06,0.0,5.41e-05,0.000347639,0.0,0.0,0.0,0.0,0.0,0.0,0.000875299,0.000478351,0.000407383,0.0,0.0,2.22e-06,0.0,1.69e-05,0.00573684,0.0,0.000352012,0.0386033,0.0,0.0,0.0,0.0,0.0,0.0,0.0,0.0,0.0,0.0,0.000141069,0.000262765,0.0,0.0,5.24e-06,0.0,0.0,0.0,0.00014107,0.000298176,0.0,1.17e-05,0.0,0.0,0.0,0.0,6.66e-06,3.69e-06,0.0,0.0,0.0,0.0,0.0,0.0,0.0,3.25e-05,0.0,0.0,0.0,0.0,0.0,0.0,0.0,0.0,0.0,0.0,0.0,0.0,0.0,0.0,0.0,0.0,0.0,0.0,0.0,0.0,0.0,0.0,0.0,0.0,0.0,0.0,0.0,0.0,0.0,0.0,0.0,0.0,0.0,0.0,0.0,0.0,0.0,0.0,0.0,0.0,0.0,0.0,0.0,0.0,0.0,0.0,0.0,0.0,0.0,0.0,0.0,0.0,0.0,0.0,0.0,0.0,0.0,0.0,0.0,0.0,0.0,0.0,0.0,0.0,0.0,0.0,0.0,0.0,0.0,0.0,0.0,0.0,0.0,0.0,0.0,0.0,0.0,0.0,0.0,0.0,0.0,0.0
Reef 306,0.0,0.0,0.0,0.0,0.0,0.0,0.0,0.0,0.0,0.0,0.0,0.0,0.0,0.0,0.0,0.0,0.0,0.0,0.0,0.0,0.0,0.0,0.0,0.0,0.0,0.0,0.0,0.0,0.0,0.0,0.0,0.0,0.0,0.0,0.0,0.0,0.0,0.0,0.0,0.0,0.0,0.0,0.0,0.0,0.0,0.0,0.0,0.0,0.0,0.0,0.0,0.0,0.0,0.0,0.0,0.0,0.0,0.0,0.0,0.0,0.0,0.0,0.0,0.0,0.0,0.0,0.0,0.0,0.0,0.0,0.0,0.0,0.0,0.0,0.0,0.0,0.0,0.0,0.0,0.0,0.0,0.0,0.0,0.0,0.0,0.0,0.0,0.0,0.0,0.0,0.0,0.0,0.0,0.0,0.0,0.0,0.0,0.0,0.0,0.0,0.0,0.0,0.0,0.0,0.0,0.0,0.0,0.0,0.0,0.0,0.0,0.0,0.0,0.0,0.0,0.0,0.0,0.0,0.0,0.0,0.0,0.0,0.0,0.0,0.0,0.0,0.0,0.0,0.0,0.0,0.0,0.0,0.0,0.0,0.0,0.0,0.0,0.0,0.0,0.0,0.0,0.0,0.0,0.0,0.0,0.0,0.0,0.0,0.0,0.0,0.0,0.0,0.0,0.0,0.0,0.0,0.0,0.0,0.0,0.0,0.0,0.0,0.0,0.0,0.0,0.0,0.0,0.0,0.0,0.0,0.0,0.0,0.0,0.0,0.0,0.0,0.0,0.0,0.0,0.0,0.0,0.0,0.0,0.0,0.0,0.0,0.0,0.0,0.0,0.0,0.0,0.0,0.0,0.0,0.0,0.0,0.0,0.0,0.0,0.0,0.0,0.0,0.0,0.0,0.0,0.0,0.0,0.0,0.0,0.0,0.0,0.0,0.0,0.0,0.0,0.0,0.0,0.0,0.0,0.0,0.0,0.0,0.0,0.0,0.0,0.0,0.0,0.0,0.0,0.0,0.0,0.0,0.0,0.0,0.0,0.0,0.0,0.0,0.0,0.0,0.0,0.0,0.0,0.0,0.0,0.0,0.0,0.0,0.0,0.0,0.0,0.0,0.0,0.0,0.0,0.0,0.0,0.0,0.0,0.0,0.0,0.0,0.0,0.0,0.0,0.0,0.0,0.0,2.27e-06,0.0,0.0,0.0,0.0,0.0,2.6e-06,0.0,0.0,0.0,0.0,0.0,0.0,0.0,0.0,0.0,0.0,0.0,0.0,0.0,2.73e-05,0.0,5.65e-05,4.26e-05,1.44e-05,0.0,0.0,0.0,0.000129286,0.0,0.0,0.000285672,0.0,0.0,1.58e-05,0.0,0.0,0.160835,0.0240124,3.82e-06,9.2e-05,3.73e-06,0.0,0.0,0.0,0.0,0.0,0.0,0.0,0.0,0.0,0.0,0.0,0.0,0.0,0.0,0.0,0.0,0.0,0.0,0.0,0.0,0.0,0.0,0.0,0.0,0.0,0.0,0.0,0.0,0.0,0.0,0.0,0.0,0.0,0.0,0.0,0.0,0.0,0.0,0.0,0.0,0.0,0.0,0.0,0.0,0.0,0.0,0.0,0.0,0.0,0.0,0.0,0.0,0.0,0.0,0.0,0.0,0.0,0.0,0.0,0.0,0.0,0.0,0.0,0.0,0.0,0.0,0.0,0.0,0.0,0.0,0.0,0.0,0.0,0.0,0.0,0.0,0.0,0.0,0.0,0.0,0.0,0.0,0.0,0.0,0.0,0.0,0.0,0.0,0.0,0.0,0.0,0.0,0.0,0.0,0.0,0.0,0.0,0.0,0.0,0.0,0.0,0.0,0.0,0.0,0.0,0.0,0.0,0.0,0.0,0.0,0.0,0.0,0.0
Reef 307,0.0,0.0,0.0,0.0,0.0,0.0,0.0,0.0,0.0,0.0,0.0,0.0,0.0,0.0,0.0,0.0,0.0,0.0,0.0,0.0,0.0,0.0,0.0,0.0,0.0,0.0,0.0,0.0,0.0,0.0,0.0,0.0,0.0,0.0,0.0,0.0,0.0,1.75e-07,0.0,0.0,0.0,0.0,0.0,0.0,0.0,0.0,0.0,0.0,0.0,0.0,0.0,0.0,0.0,0.0,0.0,0.0,0.0,0.0,0.0,0.0,0.0,0.0,0.0,0.0,0.0,0.0,0.0,0.0,0.0,0.0,0.0,0.0,0.0,0.0,0.0,0.0,0.0,0.0,0.0,0.0,0.0,0.0,0.0,0.0,0.0,0.0,0.0,0.0,0.0,0.0,0.0,0.0,0.0,0.0,0.0,0.0,0.0,0.0,0.0,0.0,0.0,0.0,0.0,0.0,0.0,0.0,0.0,0.0,0.0,0.0,0.0,0.0,0.0,0.0,0.0,0.0,0.0,0.0,0.0,0.0,0.0,0.0,0.0,0.0,0.0,0.0,2.82e-07,0.0,0.0,0.0,0.0,0.0,0.0,0.0,0.0,0.0,0.0,0.0,0.0,0.0,0.0,0.0,0.0,0.0,0.0,0.0,6.82e-07,0.0,0.0,0.0,0.0,0.0,0.0,0.0,0.0,0.0,0.0,0.0,0.0,0.0,0.0,0.0,0.0,0.0,0.0,0.0,0.0,0.0,0.0,0.0,0.0,0.0,0.0,0.0,0.0,0.0,0.0,0.0,2.09e-07,0.0,0.0,0.0,0.0,0.0,0.0,0.0,3.96e-07,0.0,0.0,0.0,0.0,0.0,0.0,0.0,0.0,0.0,0.0,0.0,5.18e-07,0.0,0.0,0.0,0.0,0.0,0.0,4.58e-07,5.73e-07,0.0,0.0,0.0,0.0,0.0,0.0,0.0,0.0,0.0,0.0,0.0,1.29e-06,0.0,0.0,0.0,0.0,2.93e-06,0.0,0.0,0.0,0.0,0.0,0.0,0.0,0.0,6.3e-06,0.0,0.0,0.0,0.0,0.0,0.0,0.0,0.0,0.0,0.0,0.0,0.0,1.1e-05,0.0,0.0,0.0,0.0,0.0,8.36e-06,0.0,0.0,0.0,0.0,0.0,0.0,0.0,0.0,0.0,0.0,0.0,0.0,0.0,0.0,0.0,0.0,7.55e-05,0.0,0.0,0.0,0.0,0.0,0.000227347,0.0,0.0,0.0,0.0,0.0,0.0,0.0,0.0,0.0,0.0,0.0,0.0,0.0,0.00130384,0.0,0.00393576,0.00148175,0.000310635,0.0,0.0,0.0,0.00589485,0.0,0.0,0.00741277,0.0,0.0,0.000416495,0.0,0.0,0.103913,0.152112,2.07e-06,5.17e-05,9.96e-06,3.45e-07,5.12e-07,4.95e-07,0.0,0.0,0.0,0.0,0.0,0.0,0.0,0.0,0.0,0.0,0.0,0.0,0.0,0.0,0.0,0.0,0.0,0.0,0.0,0.0,0.0,0.0,0.0,0.0,0.0,0.0,0.0,0.0,0.0,0.0,0.0,0.0,0.0,0.0,0.0,0.0,0.0,0.0,0.0,0.0,0.0,0.0,0.0,0.0,0.0,0.0,0.0,0.0,0.0,0.0,0.0,0.0,0.0,0.0,0.0,0.0,0.0,0.0,0.0,0.0,0.0,0.0,0.0,0.0,0.0,0.0,0.0,0.0,0.0,0.0,0.0,0.0,0.0,0.0,0.0,0.0,0.0,0.0,0.0,0.0,0.0,0.0,0.0,0.0,0.0,0.0,0.0,0.0,0.0,0.0,0.0,0.0,0.0,0.0,0.0,0.0,0.0,0.0,0.0,0.0,0.0,0.0,0.0,0.0,0.0,0.0,0.0,0.0,0.0,0.0
Reef 308,0.0,0.0,0.0,0.0,0.0,0.0,0.0,0.0,0.0,0.0,0.0,0.0,0.0,0.0,0.0,0.0,0.0,0.0,0.0,0.0,0.0,0.0,0.0,0.0,0.0,0.0,0.0,0.0,0.0,0.0,0.0,0.0,0.0,0.0,0.0,0.0,0.0,0.0,0.0,0.0,0.0,0.0,0.0,0.0,0.0,0.0,0.0,0.0,0.0,0.0,0.0,0.0,0.0,0.0,0.0,0.0,0.0,0.0,0.0,0.0,0.0,0.0,0.0,0.0,0.0,0.0,0.0,0.0,0.0,0.0,0.0,0.0,0.0,0.0,0.0,0.0,0.0,0.0,0.0,0.0,0.0,0.0,0.0,0.0,0.0,0.0,0.0,0.0,0.0,0.0,0.0,0.0,0.0,0.0,0.0,0.0,0.0,0.0,0.0,0.0,0.0,0.0,0.0,0.0,0.0,0.0,0.0,0.0,0.0,0.0,0.0,0.0,0.0,0.0,0.0,0.0,0.0,0.0,0.0,0.0,0.0,0.0,0.0,0.0,0.0,0.0,0.0,0.0,0.0,0.0,0.0,0.0,0.0,0.0,0.0,0.0,0.0,0.0,0.0,0.0,0.0,0.0,0.0,0.0,0.0,0.0,0.0,0.0,0.0,0.0,0.0,0.0,0.0,0.0,0.0,0.0,0.0,0.0,0.0,0.0,0.0,0.0,0.0,0.0,0.0,0.0,0.0,0.0,0.0,0.0,0.0,0.0,0.0,0.0,0.0,0.0,0.0,0.0,3.62e-05,0.0,0.0,0.0,0.0,0.0,0.0,0.0,2.85e-05,0.0,0.0,0.0,0.0,0.0,0.0,0.0,0.0,0.0,0.0,0.0,2.45e-05,0.0,0.0,0.0,0.0,0.0,0.0,7.47e-05,3.91e-05,0.0,0.0,0.0,0.0,0.0,0.0,0.0,0.0,0.0,0.0,0.0,5.4e-05,0.0,0.0,0.0,0.0,0.00011682,0.0,0.0,0.0,0.0,0.0,0.0,0.0,0.0,0.000218258,0.0,0.0,0.0,0.0,0.0,0.0,0.0,0.0,0.0,0.0,0.0,0.0,0.000417277,0.0,0.0,0.0,0.0,0.0,0.000147107,0.0,0.0,0.0,0.0,0.0,0.0,0.0,0.0,0.0,0.0,0.0,0.0,0.0,0.0,0.0,0.0,0.000448049,0.0,0.0,0.0,0.0,0.0,0.00132131,0.0,0.0,0.0,0.0,0.0,0.0,0.0,0.0,0.0,0.0,0.0,0.0,0.0,0.00582048,0.0,0.0148293,0.00529526,0.00219575,0.0,0.0,0.0,0.012145,0.0,0.0,0.0316473,0.0,0.0,0.00801366,0.0,0.0,0.0219649,0.247065,7.64e-05,0.00161223,0.000347665,0.000104574,4.37e-05,0.000556629,0.0,0.0,0.0,0.0,0.0,0.0,0.0,0.0,0.0,0.0,0.0,0.0,0.0,0.0,0.0,0.0,0.0,0.0,0.0,0.0,0.0,0.0,0.0,0.0,0.0,0.0,0.0,0.0,0.0,0.0,0.0,0.0,0.0,0.0,0.0,0.0,0.0,0.0,0.0,0.0,0.0,0.0,0.0,0.0,0.0,0.0,0.0,0.0,0.0,0.0,0.0,0.0,0.0,0.0,0.0,0.0,0.0,0.0,0.0,0.0,0.0,0.0,0.0,0.0,0.0,0.0,0.0,0.0,0.0,0.0,0.0,0.0,0.0,0.0,0.0,0.0,0.0,0.0,0.0,0.0,0.0,0.0,0.0,0.0,0.0,0.0,0.0,0.0,0.0,0.0,0.0,0.0,0.0,0.0,0.0,0.0,0.0,0.0,0.0,0.0,0.0,0.0,0.0,0.0,0.0,0.0,0.0,0.0,0.0,0.0
Reef 309,0.0,0.0,0.0,0.0,0.0,0.0,0.0,0.0,0.0,0.0,0.0,0.0,0.0,6.71e-06,0.0,0.0,0.0,0.0,0.0,0.0,0.0,0.0,0.0,1.04e-05,0.0,0.0,0.0,0.0,0.0,5.21e-06,0.0,0.0,0.0,0.0,0.0,0.0,0.0,3.94e-06,0.0,0.0,0.0,0.0,0.0,0.0,0.0,0.0,0.0,5.31e-06,0.0,0.0,0.0,0.0,3.06e-06,0.0,1.07e-05,0.0,0.0,0.0,0.0,0.0,0.0,0.0,0.0,0.0,0.0,0.0,0.0,0.0,0.0,0.0,0.0,0.0,0.0,0.0,0.0,0.0,0.0,0.0,0.0,0.0,0.0,0.0,0.0,0.0,0.0,0.0,0.0,0.0,0.0,0.0,0.0,0.0,0.0,0.0,0.0,9.22e-06,0.0,0.0,0.0,0.0,0.0,0.0,0.0,0.0,0.0,0.0,0.0,0.0,0.0,0.0,0.0,0.0,0.0,0.0,0.0,0.0,0.0,0.0,0.0,0.0,0.0,0.0,0.0,0.0,0.0,0.0,6.59e-06,0.0,0.0,0.0,0.0,0.0,9.75e-06,0.0,0.0,0.0,0.0,0.0,0.0,0.0,0.0,0.0,0.0,0.0,0.0,0.0,0.00013956,0.0,0.0,0.0,0.0,9.76e-06,0.0,0.0,0.0,0.0,0.0,3.05e-06,2.84e-06,0.0,0.0,0.0,0.0,0.0,3.84e-06,0.0,0.0,0.0,0.0,9.7e-06,0.0,0.0,0.0,0.0,0.0,0.0,0.0,0.0,0.000149753,0.0,0.0,0.0,0.0,0.0,0.0,0.0,0.000192233,0.0,0.0,0.0,0.0,0.0,0.0,0.0,0.0,0.0,0.0,0.0,0.000208644,0.0,0.0,0.0,0.0,0.0,0.0,0.00017055,0.00049582,0.0,0.0,0.0,0.0,0.0,0.0,0.0,0.0,0.0,0.0,0.0,0.000403075,0.0,0.0,0.0,0.0,0.000818864,0.0,0.0,0.0,0.0,0.0,0.0,0.0,0.0,0.00134518,0.0,0.0,0.0,0.0,0.0,0.0,0.0,0.0,0.0,0.0,0.0,0.0,0.00249886,0.0,0.0,0.0,0.0,0.0,0.000554273,0.0,0.0,0.0,0.0,0.0,0.0,0.0,0.0,0.0,0.0,0.0,0.0,0.0,0.0,0.0,0.0,0.000506133,0.0,0.0,0.0,0.0,0.0,0.00156147,0.0,0.0,0.0,0.0,0.0,0.0,0.0,0.0,0.0,0.0,0.0,0.0,0.0,0.00581786,0.0,0.014123,0.00550941,0.00273921,0.0,0.0,0.0,0.0108223,0.0,0.0,0.0292191,0.0,0.0,0.0261629,0.0,0.0,0.0115667,0.162101,0.000710973,0.0163828,0.00247771,1e-05,1.58e-05,5.53e-06,0.0,0.0,0.0,0.0,0.0,0.0,0.0,0.0,0.0,0.0,0.0,0.0,3.52e-06,0.0,0.0,0.0,3.17e-06,2.12e-06,0.0,0.0,1.13e-05,0.0,2.86e-05,0.0,0.0,8.92e-06,0.0,0.0,0.0,0.0,0.0,0.0,0.0,0.0,0.0,0.0,0.0,0.0,0.0,0.0,0.0,0.0,0.0,0.0,0.0,0.0,0.0,0.0,0.0,0.0,0.0,0.0,0.0,0.0,0.0,0.0,0.0,0.0,0.0,0.0,0.0,0.0,0.0,0.0,0.0,0.0,0.0,0.0,0.0,0.0,0.0,0.0,0.0,0.0,0.0,0.0,0.0,0.0,0.0,0.0,0.0,0.0,0.0,0.0,0.0,0.0,0.0,0.0,0.0,0.0,0.0,0.0,0.0,0.0,0.0,0.0,0.0,0.0,0.0,0.0,0.0,0.0,0.0,0.0,0.0,0.0,0.0,0.0,0.0,0.0
Reef 310,0.0,0.0,0.0,0.0,0.0,0.0,0.0,0.0,0.0,0.0,0.0,0.0,0.0,5.34e-06,0.0,0.0,0.0,0.0,0.0,0.0,0.0,0.0,0.0,8.06e-06,0.0,0.0,0.0,0.0,0.0,1.05e-05,0.0,0.0,0.0,0.0,0.0,0.0,0.0,2.8e-05,0.0,0.0,0.0,0.0,0.0,0.0,5.86e-06,0.0,0.0,5.96e-06,0.0,0.0,0.0,0.0,9.93e-06,0.0,8.45e-06,0.0,0.0,0.0,0.0,0.0,0.0,0.0,0.0,0.0,0.0,0.0,0.0,0.0,0.0,0.0,0.0,0.0,0.0,0.0,0.0,0.0,0.0,0.0,0.0,0.0,0.0,0.0,0.0,0.0,0.0,0.0,0.0,0.0,0.0,0.0,0.0,0.0,0.0,0.0,0.0,2.04e-05,0.0,0.0,0.0,0.0,0.0,0.0,0.0,0.0,0.0,0.0,0.0,0.0,0.0,0.0,0.0,0.0,0.0,0.0,0.0,0.0,0.0,0.0,0.0,0.0,0.0,0.0,0.0,0.0,8.29e-06,0.0,3.83e-05,0.0,0.0,0.0,0.0,0.0,8.38e-06,3.58e-06,0.0,0.0,0.0,0.0,0.0,0.0,0.0,5.41e-06,0.0,0.0,0.0,0.0,4.35e-06,0.0,0.0,0.0,0.0,0.0,0.0,0.0,0.0,0.0,0.0,7.31e-06,6.56e-06,0.0,0.0,0.0,0.0,0.0,1.84e-05,0.0,0.0,0.0,0.0,3.96e-05,0.0,0.0,0.0,0.0,0.0,0.0,0.0,0.0,0.000229405,0.0,0.0,0.0,0.0,0.0,0.0,0.0,0.000224527,0.0,0.0,0.0,0.0,0.0,0.0,0.0,0.0,0.0,0.0,0.0,0.000218235,0.0,0.0,0.0,0.0,0.0,0.0,0.000195867,0.000749915,0.0,0.0,0.0,0.0,0.0,0.0,0.0,0.0,0.0,0.0,0.0,0.000374852,0.0,0.0,0.0,0.0,0.000703169,0.0,0.0,0.0,0.0,0.0,0.0,0.0,0.0,0.00114132,0.0,0.0,0.0,0.0,0.0,0.0,0.0,0.0,0.0,0.0,0.0,0.0,0.00161971,0.0,0.0,0.0,0.0,0.0,0.000352658,0.0,0.0,0.0,0.0,0.0,0.0,0.0,0.0,0.0,0.0,0.0,0.0,0.0,0.0,0.0,0.0,0.000321147,0.0,0.0,0.0,0.0,0.0,0.00100888,0.0,0.0,0.0,0.0,0.0,0.0,0.0,0.0,0.0,0.0,0.0,0.0,0.0,0.00433499,0.0,0.0100182,0.00394469,0.0019655,0.0,0.0,0.0,0.00683173,0.0,0.0,0.0163279,0.0,0.0,0.0265337,0.0,0.0,0.00650454,0.143516,0.00241527,0.0105811,0.00391185,2.45e-05,7.46e-05,2.17e-05,0.0,0.0,0.0,0.0,0.0,0.0,0.0,0.0,0.0,0.0,0.0,0.0,0.0,0.0,0.0,0.0,0.0,0.0,0.0,0.0,7.83e-06,0.0,1.98e-05,0.0,0.0,6.19e-06,0.0,0.0,0.0,0.0,0.0,0.0,0.0,0.0,0.0,0.0,0.0,0.0,0.0,0.0,0.0,0.0,0.0,0.0,0.0,0.0,0.0,0.0,0.0,0.0,0.0,0.0,0.0,0.0,0.0,0.0,0.0,0.0,0.0,0.0,0.0,0.0,0.0,0.0,0.0,0.0,0.0,0.0,0.0,0.0,0.0,0.0,0.0,0.0,0.0,0.0,0.0,0.0,0.0,0.0,0.0,0.0,0.0,0.0,0.0,0.0,0.0,0.0,0.0,0.0,0.0,0.0,0.0,0.0,0.0,0.0,0.0,0.0,0.0,0.0,0.0,0.0,0.0,0.0,0.0,0.0,0.0,0.0,0.0,0.0
Reef 311,0.0,0.0,0.0,0.0,0.0,0.0,0.0,0.0,0.0,0.0,0.0,0.0,0.0,0.0,0.0,0.0,0.0,0.0,0.0,0.0,0.0,0.0,0.0,0.0,0.0,0.0,0.0,0.0,0.0,0.0,0.0,0.0,0.0,0.0,0.0,0.0,0.0,0.0,0.0,0.0,0.0,0.0,0.0,0.0,0.0,0.0,0.0,0.0,0.0,0.0,0.0,0.0,0.0,0.0,0.0,0.0,0.0,0.0,0.0,0.0,0.0,0.0,0.0,0.0,0.0,0.0,0.0,0.0,0.0,0.0,0.0,0.0,0.0,0.0,0.0,0.0,0.0,0.0,0.0,0.0,0.0,0.0,0.0,0.0,0.0,0.0,0.0,0.0,0.0,0.0,0.0,0.0,0.0,0.0,0.0,0.0,0.0,0.0,0.0,0.0,0.0,0.0,0.0,0.0,0.0,0.0,0.0,0.0,0.0,0.0,0.0,0.0,0.0,0.0,0.0,0.0,0.0,0.0,0.0,0.0,0.0,0.0,0.0,0.0,0.0,0.0,0.0,0.0,0.0,0.0,0.0,0.0,0.0,0.0,0.0,0.0,0.0,0.0,0.0,0.0,0.0,0.0,0.0,0.0,0.0,0.0,0.0,0.0,0.0,0.0,0.0,0.0,0.0,0.0,0.0,0.0,0.0,0.0,0.0,0.0,0.0,0.0,0.0,0.0,0.0,0.0,0.0,0.0,0.0,0.0,0.0,0.0,0.0,0.0,0.0,0.0,0.0,0.0,0.000269019,0.0,0.0,0.0,0.0,0.0,0.0,0.0,0.000499019,0.0,0.0,0.0,0.0,0.0,0.0,0.0,0.0,0.0,0.0,0.0,0.000416016,0.0,0.0,0.0,0.0,0.0,0.0,0.000894083,0.000462382,0.0,0.0,0.0,0.0,0.0,0.0,0.0,0.0,0.0,0.0,0.0,0.000232044,0.0,0.0,0.0,0.0,0.00044377,0.0,0.0,0.0,0.0,0.0,0.0,0.0,0.0,0.000698531,0.0,0.0,0.0,0.0,0.0,0.0,0.0,0.0,0.0,0.0,0.0,0.0,0.00123698,0.0,0.0,0.0,0.0,0.0,0.000210168,0.0,0.0,0.0,0.0,0.0,0.0,0.0,0.0,0.0,0.0,0.0,0.0,0.0,0.0,0.0,0.0,0.00030491,0.0,0.0,0.0,0.0,0.0,0.000184621,0.0,0.0,0.0,0.0,0.0,0.0,0.0,0.0,0.0,0.0,0.0,0.0,0.0,0.000534049,0.0,0.00111242,0.00064487,0.000439063,0.0,0.0,0.0,0.00102386,0.0,0.0,0.00247457,0.0,0.0,0.0103156,0.0,0.0,0.000586517,0.0100704,0.000475836,0.00257248,0.0117049,0.00236197,0.0,0.0,0.0,0.0,0.0,0.0,0.0,0.0,0.0,0.0,0.0,0.0,0.0,0.0,0.0,0.0,0.0,0.0,0.0,0.0,0.0,0.0,0.0,0.0,0.0,0.0,0.0,0.0,0.0,0.0,0.0,0.0,0.0,0.0,0.0,0.0,0.0,0.0,0.0,0.0,0.0,0.0,0.0,0.0,0.0,0.0,0.0,0.0,0.0,0.0,0.0,0.0,0.0,0.0,0.0,0.0,0.0,0.0,0.0,0.0,0.0,0.0,0.0,0.0,0.0,0.0,0.0,0.0,0.0,0.0,0.0,0.0,0.0,0.0,0.0,0.0,0.0,0.0,0.0,0.0,0.0,0.0,0.0,0.0,0.0,0.0,0.0,0.0,0.0,0.0,0.0,0.0,0.0,0.0,0.0,0.0,0.0,0.0,0.0,0.0,0.0,0.0,0.0,0.0,0.0,0.0,0.0,0.0,0.0,0.0,0.0,0.0
Reef 312,0.0,0.0,0.0,0.0,0.0,0.0,0.0,0.0,0.0,0.0,0.0,0.0,0.0,0.0,0.0,0.0,0.0,0.0,0.0,0.0,0.0,0.0,0.0,0.0,0.0,0.0,0.0,0.0,0.0,0.0,0.0,0.0,0.0,0.0,0.0,0.0,0.0,0.0,0.0,0.0,0.0,0.0,0.0,0.0,0.0,0.0,0.0,0.0,0.0,0.0,0.0,0.0,0.0,0.0,0.0,0.0,0.0,0.0,0.0,0.0,0.0,0.0,0.0,0.0,0.0,0.0,0.0,0.0,0.0,0.0,0.0,0.0,0.0,0.0,0.0,0.0,0.0,0.0,0.0,0.0,0.0,0.0,0.0,0.0,0.0,0.0,0.0,0.0,0.0,0.0,0.0,0.0,0.0,0.0,0.0,0.0,0.0,0.0,0.0,0.0,0.0,0.0,0.0,0.0,0.0,0.0,0.0,0.0,0.0,0.0,0.0,0.0,0.0,0.0,0.0,0.0,0.0,0.0,0.0,0.0,0.0,0.0,0.0,0.0,0.0,0.0,0.0,0.0,0.0,0.0,0.0,0.0,0.0,0.0,0.0,0.0,0.0,0.0,0.0,0.0,0.0,0.0,0.0,0.0,0.0,0.0,0.0,0.0,0.0,0.0,0.0,0.0,0.0,0.0,0.0,0.0,0.0,0.0,0.0,0.0,0.0,0.0,0.0,0.0,0.0,0.0,0.0,0.0,0.0,0.0,0.0,0.0,0.0,0.0,0.0,0.0,0.0,0.0,0.0,0.0,0.0,0.0,0.0,0.0,0.0,0.0,0.00112263,0.0,0.0,0.0,0.0,0.0,0.0,0.0,0.0,0.0,0.0,0.0,0.000880304,0.0,0.0,0.0,0.0,0.0,0.0,0.00328641,0.0,0.0,0.0,0.0,0.0,0.0,0.0,0.0,0.0,0.0,0.0,0.0,0.00353313,0.0,0.0,0.0,0.0,0.000902613,0.0,0.0,0.0,0.0,0.0,0.0,0.0,0.0,0.000660306,0.0,0.0,0.0,0.0,0.0,0.0,0.0,0.0,0.0,0.0,0.0,0.0,0.00075007,0.0,0.0,0.0,0.0,0.0,0.00235599,0.0,0.0,0.0,0.0,0.0,0.0,0.0,0.0,0.0,0.0,0.0,0.0,0.0,0.0,0.0,0.0,0.000785583,0.0,0.0,0.0,0.0,0.0,0.00107752,0.0,0.0,0.0,0.0,0.0,0.0,0.0,0.0,0.0,0.0,0.0,0.0,0.0,0.00482178,0.0,0.0121779,0.00412408,0.00170337,0.0,0.0,0.0,0.00889753,0.0,0.0,0.0232738,0.0,0.0,0.00511557,0.0,0.0,0.0147066,0.215635,0.000496454,0.0013627,0.000680625,0.0,0.0,0.00056687,0.0,0.0,0.0,0.0,0.0,0.0,0.0,0.0,0.0,0.0,0.0,0.0,0.0,0.0,0.0,0.0,0.0,0.0,0.0,0.0,0.0,0.0,0.0,0.0,0.0,0.0,0.0,0.0,0.0,0.0,0.0,0.0,0.0,0.0,0.0,0.0,0.0,0.0,0.0,0.0,0.0,0.0,0.0,0.0,0.0,0.0,0.0,0.0,0.0,0.0,0.0,0.0,0.0,0.0,0.0,0.0,0.0,0.0,0.0,0.0,0.0,0.0,0.0,0.0,0.0,0.0,0.0,0.0,0.0,0.0,0.0,0.0,0.0,0.0,0.0,0.0,0.0,0.0,0.0,0.0,0.0,0.0,0.0,0.0,0.0,0.0,0.0,0.0,0.0,0.0,0.0,0.0,0.0,0.0,0.0,0.0,0.0,0.0,0.0,0.0,0.0,0.0,0.0,0.0,0.0,0.0,0.0,0.0,0.0,0.0
Reef 313,0.0,0.0,0.0,0.0,0.0,0.0,0.0,0.0,0.0,0.0,0.0,0.0,0.0,0.0,0.0,0.0,0.0,0.0,0.0,0.0,0.0,0.0,0.0,0.0,0.0,0.0,0.0,0.0,0.0,0.0,0.0,0.0,0.0,0.0,0.0,0.0,0.0,0.0,0.0,0.0,0.0,0.0,0.0,0.0,0.0,0.0,0.0,0.0,0.0,0.0,0.0,0.0,0.0,0.0,0.0,0.0,0.0,0.0,0.0,0.0,0.0,0.0,0.0,0.0,0.0,0.0,0.0,0.0,0.0,0.0,0.0,0.0,0.0,0.0,0.0,0.0,0.0,0.0,0.0,0.0,0.0,0.0,0.0,0.0,0.0,0.0,0.0,0.0,0.0,0.0,0.0,0.0,0.0,0.0,0.0,0.0,0.0,0.0,0.0,0.0,0.0,0.0,0.0,0.0,0.0,0.0,0.0,0.0,0.0,0.0,0.0,0.0,0.0,0.0,0.0,0.0,0.0,0.0,0.0,0.0,0.0,0.0,0.0,0.0,0.0,0.0,0.0,0.0,0.0,0.0,0.0,0.0,0.0,0.0,0.0,0.0,0.0,0.0,0.0,0.0,0.0,0.0,0.0,0.0,0.0,0.0,0.0,0.0,0.0,0.0,0.0,0.0,0.0,0.0,0.0,0.0,0.0,0.0,0.0,0.0,0.0,0.0,0.0,0.0,0.0,0.0,0.0,0.0,0.0,0.0,0.0,0.0,0.0,0.0,0.0,0.0,0.0,0.0,0.00101822,0.0,0.0,0.0,0.0,0.0,0.0,0.0,0.00090333,0.0,0.0,0.0,0.0,0.0,0.0,0.0,0.0,0.0,0.0,0.0,0.00107408,0.0,0.0,0.0,0.0,0.0,0.0,0.00081963,0.00106918,0.0,0.0,0.0,0.0,0.0,0.0,0.0,0.0,0.0,0.0,0.0,0.00086472,0.0,0.0,0.0,0.0,0.00115517,0.0,0.0,0.0,0.0,0.0,0.0,0.0,0.0,0.000723057,0.0,0.0,0.0,0.0,0.0,0.0,0.0,0.0,0.0,0.0,0.0,0.0,0.00117563,0.0,0.0,0.0,0.0,0.0,0.00115175,0.0,0.0,0.0,0.0,0.0,0.0,0.0,0.0,0.0,0.0,0.0,0.0,0.0,0.0,0.0,0.0,0.00247558,0.0,0.0,0.0,0.0,0.0,0.00086315,0.0,0.0,0.0,0.0,0.0,0.0,0.0,0.0,0.0,0.0,0.0,0.0,0.0,0.00408338,0.0,0.00880019,0.00411619,0.00229363,0.0,0.0,0.0,0.00617421,0.0,0.0,0.0130613,0.0,0.0,0.0138771,0.0,0.0,0.00351037,0.0873939,0.00225958,0.0112037,0.0113454,0.0,0.0,0.0,0.0,0.0,0.0,0.0,0.0,0.0,0.0,0.0,0.0,0.0,0.0,0.0,0.0,0.0,0.0,0.0,0.0,0.0,0.0,0.0,0.0,0.0,0.0,0.0,0.0,0.0,0.0,0.0,0.0,0.0,0.0,0.0,0.0,0.0,0.0,0.0,0.0,0.0,0.0,0.0,0.0,0.0,0.0,0.0,0.0,0.0,0.0,0.0,0.0,0.0,0.0,0.0,0.0,0.0,0.0,0.0,0.0,0.0,0.0,0.0,0.0,0.0,0.0,0.0,0.0,0.0,0.0,0.0,0.0,0.0,0.0,0.0,0.0,0.0,0.0,0.0,0.0,0.0,0.0,0.0,0.0,0.0,0.0,0.0,0.0,0.0,0.0,0.0,0.0,0.0,0.0,0.0,0.0,0.0,0.0,0.0,0.0,0.0,0.0,0.0,0.0,0.0,0.0,0.0,0.0,0.0,0.0,0.0,0.0,0.0
Reef 314,0.0,0.0,0.0,0.0,0.0,0.0,0.0,1.02e-06,0.0,0.0,0.0,0.0,0.0,5.19e-06,1.69e-05,0.0,0.0,0.0,1.77e-05,0.0,0.0,0.0,0.0,4.59e-06,0.0,0.0,0.0,0.0,0.0,5.44e-05,0.0,0.0,0.0,0.0,0.0,0.0,0.0,4.13e-05,0.0,0.0,0.0,0.0,0.0,0.0,1.03e-06,0.0,9.53e-07,1.42e-05,0.0,0.0,0.0,0.0,2.1e-06,3.95e-06,5.1e-05,0.0,0.0,0.0,0.0,0.0,0.0,0.0,0.0,0.0,0.0,0.0,0.0,0.0,0.0,0.0,0.0,0.0,0.0,0.0,0.0,8.54e-07,0.0,0.0,0.0,0.0,0.0,0.0,0.0,0.0,0.0,0.0,0.0,0.0,0.0,0.0,1.14e-06,0.0,0.0,0.0,0.0,9.32e-05,0.0,0.0,3e-06,0.0,0.0,0.0,0.0,0.0,0.0,0.0,0.0,0.0,0.0,0.0,0.0,0.0,8.33e-07,0.0,0.0,0.0,0.0,0.0,1.87e-05,0.0,0.0,0.0,0.0,0.0,8.02e-07,0.0,0.000166466,0.0,0.0,0.0,0.0,0.0,3.78e-06,6.8e-06,0.0,0.0,0.0,0.0,0.0,0.0,0.0,5.62e-06,1.42e-06,2.28e-06,2.67e-06,2.77e-06,0.000161642,0.0,0.0,1.59e-06,0.0,9.62e-06,4.77e-06,0.0,0.0,0.0,0.0,2.63e-06,2.29e-05,8.74e-05,0.0,0.0,0.0,0.0,5.85e-06,2.61e-06,7.49e-06,0.0,0.0,2.38e-05,0.0,0.0,0.0,0.0,0.0,1.57e-06,0.0,0.0,0.000128108,0.0,0.0,0.0,0.0,0.0,0.0,0.0,0.000355976,0.0,0.0,0.0,0.0,0.0,0.0,0.0,0.0,0.0,0.0,0.0,0.000255627,0.0,0.0,0.0,0.0,0.0,0.0,0.000170657,0.00156325,0.0,0.0,0.0,0.0,0.0,0.0,0.0,0.0,0.0,0.0,0.0,0.00033665,0.0,0.0,2.65e-06,0.0,0.000564427,0.0,0.0,0.0,0.0,0.0,0.0,0.0,0.0,0.000521083,0.0,0.0,0.0,0.0,0.0,0.0,0.0,0.0,0.0,0.0,0.0,0.0,0.00303398,0.0,0.0,0.0,0.0,0.0,9.33e-05,0.0,0.0,0.0,0.0,0.0,0.0,0.0,0.0,0.0,0.0,0.0,0.0,0.0,0.0,0.0,0.0,2.13e-06,0.0,0.0,0.0,0.0,0.0,9.42e-06,0.0,0.0,0.0,0.0,0.0,0.0,0.0,0.0,0.0,0.0,0.0,0.0,0.00124177,9.76e-07,0.0,8.12e-07,1.43e-06,2.04e-06,0.0,0.0,0.0,7.78e-05,0.0,0.0,2.67e-05,0.0,0.0,1.65e-06,0.0,0.0,2.44e-06,0.000204283,7.62e-07,6.15e-06,1.78e-06,1.71e-06,1.11e-06,1.07e-06,0.0406824,8.97e-06,0.0,0.0,0.000245423,0.0,0.0,7.9e-06,9.34e-06,3.04e-05,0.0,0.0,1.05e-06,0.0,0.00244906,0.000144257,1.34e-06,0.00734605,0.0,0.0,0.0170371,0.0,0.0190363,0.0,0.0,0.0145153,0.000796304,0.0,0.0,0.00126888,0.00184788,0.0,5.6e-05,0.00115655,0.0,5.4e-06,0.0,4.01e-06,0.0,3e-05,0.0,0.0,0.0,0.0,0.000774805,0.0,0.0,0.00130979,0.0,0.0,0.0,0.0,0.0,0.0,0.0,0.0,0.0,0.0,0.0,0.0,0.0,0.0,0.0,0.0,0.0,0.0,0.0,0.0,0.0,0.0,0.0,0.0,0.0,0.0,0.0,0.0,0.0,0.0,0.0,0.0,0.0,0.0,0.0,0.0,0.0015814,0.00133983,0.0040432,0.0,0.000110354,0.000202715,0.00129216,8.23e-05,0.0,2.27e-06,0.0,0.000968711,0.0619677,0.0,0.0,0.0,5.53e-06,0.000155236,0.0,0.0,0.0,0.0,0.0,0.0,0.0,0.0
Reef 315,0.0,0.0,0.0,0.0,0.0,0.0,0.0,0.0,0.0,0.0,0.0,0.0,0.0,0.0,0.0,0.0,0.0,0.0,0.0,0.0,0.0,0.0,0.0,0.0,0.0,0.0,0.0,0.0,0.0,0.0,0.0,0.0,0.0,0.0,0.0,0.0,0.0,0.000118275,0.0,0.0,0.0,0.0,0.0,0.0,0.0,0.0,0.0,3.03e-05,0.0,0.0,0.0,0.0,0.0,0.0,5.46e-05,0.0,0.0,0.0,0.0,0.0,0.0,0.0,0.0,0.0,0.0,0.0,0.0,0.0,0.0,0.0,0.0,0.0,0.0,0.0,0.0,0.0,0.0,0.0,0.0,0.0,0.0,0.0,0.0,0.0,0.0,0.0,0.0,0.0,0.0,0.0,0.0,0.0,0.0,0.0,0.0,2.71e-05,0.0,0.0,0.0,0.0,0.0,0.0,0.0,0.0,0.0,0.0,0.0,0.0,0.0,0.0,0.0,0.0,0.0,0.0,0.0,0.0,0.0,0.0,0.0,0.0,0.0,0.0,0.0,0.0,0.0,0.0,0.0,0.0,0.0,0.0,0.0,0.0,0.0,0.0,0.0,0.0,0.0,0.0,0.0,0.0,0.0,0.0,0.0,0.0,0.0,0.0,7.09e-05,0.0,0.0,0.0,0.0,0.00027252,0.0,0.0,0.0,0.0,0.0,0.0,0.0,0.000237004,0.0,0.0,0.0,0.0,0.0,0.000175631,0.000587945,0.0,0.0,0.0,0.0,0.0,0.0,0.0,0.0,0.0,0.0,0.0,0.000456444,0.0,0.0,0.0,0.0,0.0,0.0,0.0,6.48e-05,0.0,0.0,0.0,0.0,0.0,0.0,0.0,0.0,0.0,0.0,0.0,5.67e-05,0.0,0.0,0.0,0.0,0.0,0.0,3.32e-05,0.000427346,0.0,0.0,0.0,0.0,0.0,0.0,0.0,0.0,0.0,0.0,0.0,9.62e-05,0.0,0.0,0.0,0.0,0.000181322,0.0,0.0,0.0,0.0,0.0,0.0,0.0,0.0,0.000149684,0.0,0.0,0.0,0.0,0.0,0.0,0.0,0.0,0.0,0.0,0.0,0.0,0.00126859,0.0,0.0,0.0,0.0,0.0,0.000266155,0.0,0.0,0.0,0.0,0.0,0.0,0.0,0.0,0.0,0.0,0.0,0.0,0.0,0.0,0.0,0.0,8.58e-05,0.0,0.0,0.0,0.0,0.0,0.00029666,0.0,0.0,0.0,0.0,0.0,0.0,0.0,0.0,0.0,0.0,0.0,0.0,0.00143375,6.12e-05,0.0,2.75e-05,6.18e-05,0.0102065,0.0,0.0,0.0,0.000768766,0.0,0.0,2.86e-05,0.0,0.0,0.000199012,0.0,0.0,0.0,2.74e-05,0.0,7.43e-05,0.000202103,0.0,0.0,0.0,0.0340275,0.00132741,0.0,0.0,0.0126724,0.000309657,0.0,0.00281403,0.000442505,0.000170036,0.0,0.0,0.000105869,0.0,0.00389511,0.0,0.00057925,0.0,0.0,0.0,0.0,0.0,0.0,0.0,0.0,0.0,6.39e-05,0.0,0.0,0.00476441,0.0,0.0,0.0,3.75e-05,0.0,0.0,0.0,0.0,0.0,0.0,0.0,0.0,0.0,0.0,0.0,0.0,0.0,0.0,0.0,0.0,0.0,0.0,0.0,0.0,0.0,0.0,0.0,0.0,0.0,0.0,0.0,0.0,0.0,0.0,0.0,0.0,0.0,0.0,0.0,0.0,0.0,0.0,0.0,0.0,0.0,0.0,0.0,0.0,0.0,0.0,0.0,0.0,0.0,0.0,0.00138883,0.00159026,0.00575521,0.0,0.000292058,0.000492216,0.00292784,0.000168888,0.0,0.0,0.0,0.00143036,0.0965868,0.0,0.0,0.0,0.0,0.000229573,0.0,0.0,0.0,0.0,0.0,0.0,0.0,0.0
Reef 316,0.0,0.0,0.0,0.0,0.0,0.0,0.0,0.0,0.0,0.0,0.0,0.0,0.0,0.0,0.0,0.0,0.0,0.0,0.0,0.0,0.0,0.0,0.0,0.0,0.0,0.0,0.0,0.0,0.0,0.0,0.0,0.0,0.0,0.0,0.0,0.0,0.0,0.0,0.0,0.0,0.0,0.0,0.0,0.0,0.0,0.0,0.0,0.0,0.0,0.0,0.0,0.0,0.0,0.0,0.0,0.0,0.0,0.0,0.0,0.0,0.0,0.0,0.0,0.0,0.0,0.0,0.0,0.0,0.0,0.0,0.0,0.0,0.0,0.0,0.0,0.0,0.0,0.0,0.0,0.0,0.0,0.0,0.0,0.0,0.0,0.0,0.0,0.0,0.0,0.0,0.0,0.0,0.0,0.0,0.0,0.0,0.0,0.0,0.0,0.0,0.0,0.0,0.0,0.0,0.0,0.0,0.0,0.0,0.0,0.0,0.0,0.0,0.0,0.0,0.0,0.0,0.0,0.0,0.0,0.0,0.0,0.0,0.0,0.0,0.0,0.0,0.0,0.0,0.0,0.0,0.0,0.0,0.0,0.0,0.0,0.0,0.0,0.0,0.0,0.0,0.0,0.0,0.0,0.0,0.0,0.0,0.0,0.0,0.0,0.0,0.0,0.0,0.0,0.0,0.0,0.0,0.0,0.0,0.0,0.0,0.0,0.0,0.0,0.0,0.0,0.0,0.0,0.0,0.0,0.0,0.0,0.0,0.0,0.0,0.0,0.0,0.0,0.0,0.0,0.0,0.0,0.0,0.0,0.0,0.0,0.0,0.0,0.0,0.0,0.0,0.0,0.0,0.0,0.0,0.0,0.0,0.0,0.0,0.0,0.0,0.0,0.0,0.0,0.0,0.0,0.0,0.0,0.0,0.0,0.0,0.0,0.0,0.0,0.0,0.0,0.0,0.0,0.0,0.0,0.0,0.0,0.0,0.0,0.0,0.0,0.0,0.0,0.0,0.0,0.0,3.7e-05,0.0,0.0,2.22e-05,0.0,0.0,0.0,0.0,4.41e-05,0.0,0.0,0.0,0.0,0.0,0.000227036,0.0,0.0,0.0,0.000223181,0.0,0.000763621,0.0,0.0,0.000162274,5.36e-05,0.0,0.0,0.00013765,0.000977721,0.0,2.59e-05,0.0,0.0,0.0,1.65e-05,0.0,0.000229548,0.000993219,0.0,6.78e-05,7.43e-05,0.000366171,0.0,0.00506746,0.0,0.0,0.0,5.45e-05,0.00113051,0.0,0.0,0.0,8.01e-05,0.000406844,0.0,8.55e-05,0.000588443,0.0,0.0,0.0,0.0,0.0,0.0,0.00147332,0.000573344,0.000573137,0.0,0.0,1.7e-05,0.0,1.82e-05,0.010394,0.0,0.00483029,0.0297031,0.0,0.0,0.0,0.0,0.0,0.0,0.0,0.0,0.0,0.0,0.00192852,0.00119673,0.0,0.0,6.4e-05,0.0,0.0,0.0,0.0,0.000387841,0.0,4.49e-05,0.0,0.0,0.0,0.0,0.000155865,0.00989925,0.0,0.0,0.0,0.0,0.0,0.0,0.0,0.000735388,0.0,0.0,0.0,0.0,0.0,0.0,0.0,0.0,0.0,0.0,0.0,0.0,0.0,0.0,0.0,0.0,0.0,0.0,0.0,0.0,0.0,0.0,0.0,0.0,0.0,0.0,0.0,0.0,0.0,0.0,0.0,0.0,0.0,0.0,0.0,0.0,0.0,0.0,0.0,0.0,0.0,0.0,0.0,0.0,0.0,0.0,0.0,0.0,0.0,0.0,0.0,0.0,0.0,0.0,0.0,0.0,0.0,0.0,0.0,0.0,0.0,0.0,0.0,0.0,0.0,0.0,0.0,0.0,0.0,0.0,0.0,0.0,0.0,0.0,0.0,0.0,0.0,0.0,0.0,0.0,0.0,0.0
Reef 317,0.0,0.0,0.0,0.0,0.0,0.0,0.0,0.0,0.0,0.0,0.0,0.0,0.0,0.0,0.0,0.0,0.0,0.0,0.0,0.0,0.0,0.0,0.0,0.0,0.0,0.0,0.0,0.0,0.0,0.0,0.0,0.0,0.0,0.0,0.0,0.0,0.0,0.0,0.0,0.0,0.0,0.0,0.0,0.0,0.0,0.0,0.0,0.0,0.0,0.0,0.0,0.0,0.0,0.0,0.0,0.0,0.0,0.0,0.0,0.0,0.0,0.0,0.0,0.0,0.0,0.0,0.0,0.0,0.0,0.0,0.0,0.0,0.0,0.0,0.0,0.0,0.0,0.0,0.0,0.0,0.0,0.0,0.0,0.0,0.0,0.0,0.0,0.0,0.0,0.0,0.0,0.0,0.0,0.0,0.0,0.0,0.0,0.0,0.0,0.0,0.0,0.0,0.0,0.0,0.0,0.0,0.0,0.0,0.0,0.0,0.0,0.0,0.0,0.0,0.0,0.0,0.0,0.0,0.0,0.0,0.0,0.0,0.0,0.0,0.0,0.0,0.0,0.0,0.0,0.0,0.0,0.0,0.0,0.0,0.0,0.0,0.0,0.0,0.0,0.0,0.0,0.0,0.0,0.0,0.0,0.0,0.0,0.0,0.0,0.0,0.0,0.0,0.0,0.0,0.0,0.0,0.0,0.0,0.0,0.0,0.0,0.0,0.0,0.0,0.0,0.0,0.0,0.0,0.0,0.0,0.0,0.0,0.0,0.0,0.0,0.0,0.0,0.0,0.0,0.0,0.0,0.0,0.0,0.0,0.0,0.0,0.0,0.0,0.0,0.0,0.0,0.0,0.0,0.0,0.0,0.0,0.0,0.0,0.0,0.0,0.0,0.0,0.0,0.0,0.0,0.0,0.0,0.0,0.0,0.0,0.0,0.0,0.0,0.0,0.0,0.0,0.0,0.0,0.0,0.0,0.0,0.0,0.0,0.0,0.0,0.0,0.0,0.0,0.0,0.0,0.0,0.0,0.0,0.0,0.0,0.0,0.0,0.0,2.61e-05,0.0,0.0,0.0,0.0,0.0,1.01e-05,0.0,0.0,0.0,3.83e-06,0.0,0.000351731,0.0,0.0,4.82e-06,5.26e-06,0.0,0.0,0.0,0.000389827,0.0,0.0,0.0,0.0,0.0,0.0,0.0,8.17e-06,2.73e-05,0.0,0.0,3.05e-06,6.96e-05,0.0,0.000418786,0.0,0.0,0.0,6.88e-06,0.000367317,0.0,0.0,0.0,0.0,8.41e-05,0.0,1.91e-05,0.000101744,0.0,0.0,0.0,0.0,0.0,0.0,0.00027731,0.000271305,8.44e-05,0.0,0.0,0.0,0.0,3.2e-06,0.00544339,0.0,0.00548416,0.00307882,0.0,0.0,0.0,0.0,0.0,0.0,0.0,0.0,0.0,0.0,0.000350612,0.000635809,0.0,0.0,5.94e-06,0.0,0.0,0.0,1.88e-05,0.000147215,0.0,1.71e-05,0.0,0.0,0.0,0.0,2.76e-05,1.81e-05,0.0,0.0,0.0,0.0,0.0,0.0,0.0,0.000144148,0.0,0.0,0.0,0.0,0.0,0.0,0.0,0.0,0.0,0.0,0.0,0.0,0.0,0.0,0.0,0.0,0.0,0.0,0.0,0.0,0.0,0.0,0.0,0.0,0.0,0.0,0.0,0.0,0.0,0.0,0.0,0.0,0.0,0.0,0.0,0.0,0.0,0.0,0.0,0.0,0.0,0.0,0.0,0.0,0.0,0.0,0.0,0.0,0.0,0.0,0.0,0.0,0.0,0.0,0.0,0.0,0.0,0.0,0.0,0.0,0.0,0.0,0.0,0.0,0.0,0.0,0.0,0.0,0.0,0.0,0.0,0.0,0.0,0.0,0.0,0.0,0.0,0.0,0.0,0.0,0.0,0.0
Reef 318,0.0,0.0,0.0,0.0,0.0,0.0,0.0,0.0,0.0,0.0,0.0,0.0,0.0,0.0,1.06e-05,0.0,0.0,0.0,8.28e-06,0.0,0.0,0.0,0.0,6.8e-06,0.0,0.0,0.0,0.0,0.0,2.67e-05,0.0,0.0,0.0,0.0,0.0,0.0,0.0,0.000100121,0.0,0.0,0.0,0.0,0.0,0.0,0.0,0.0,0.0,2.44e-05,0.0,0.0,0.0,0.0,3.91e-06,4.6e-06,4.66e-05,0.0,0.0,0.0,0.0,0.0,0.0,0.0,0.0,0.0,0.0,0.0,0.0,0.0,0.0,0.0,0.0,0.0,0.0,0.0,0.0,0.0,0.0,0.0,0.0,0.0,0.0,0.0,0.0,0.0,0.0,0.0,0.0,0.0,0.0,0.0,0.0,0.0,0.0,0.0,0.0,3.07e-05,0.0,0.0,0.0,0.0,0.0,0.0,0.0,0.0,0.0,0.0,0.0,0.0,0.0,0.0,0.0,0.0,0.0,0.0,0.0,0.0,0.0,0.0,0.0,0.0,0.0,0.0,0.0,0.0,0.0,0.0,5.7e-06,0.0,0.0,0.0,0.0,0.0,5.68e-06,6.08e-06,0.0,0.0,0.0,0.0,0.0,0.0,0.0,0.0,5.85e-06,0.0,0.0,0.0,5.05e-06,0.0,0.0,0.0,0.0,0.000120207,5.54e-06,0.0,0.0,0.0,0.0,3.24e-05,2.02e-05,0.000114943,0.0,0.0,0.0,0.0,0.0,8.82e-05,0.00031668,0.0,0.0,8.13e-06,0.0,0.0,0.0,0.0,0.0,0.0,0.0,0.0,1.54e-05,0.0,0.0,0.0,0.0,0.0,0.0,0.0,8.24e-05,0.0,0.0,0.0,0.0,0.0,0.0,0.0,0.0,0.0,0.0,0.0,6.94e-05,0.0,0.0,0.0,0.0,0.0,0.0,3.86e-05,0.000552301,0.0,0.0,0.0,0.0,0.0,0.0,0.0,0.0,0.0,0.0,0.0,0.000116517,0.0,0.0,0.0,0.0,0.000217083,0.0,0.0,0.0,0.0,0.0,0.0,0.0,0.0,0.000172525,0.0,0.0,0.0,0.0,0.0,0.0,0.0,0.0,0.0,0.0,0.0,0.0,0.00161339,0.0,0.0,0.0,0.0,0.0,9.71e-06,0.0,0.0,0.0,0.0,0.0,0.0,0.0,0.0,0.0,0.0,0.0,0.0,0.0,0.0,0.0,0.0,9.9e-05,0.0,0.0,0.0,0.0,0.0,0.000423704,0.0,0.0,0.0,0.0,0.0,0.0,0.0,0.0,0.0,0.0,0.0,0.0,0.00100036,0.000175517,0.0,4.65e-05,0.000306529,0.000177007,0.0,0.0,0.0,6.46e-05,0.0,0.0,6.96e-05,0.0,0.0,0.000888951,0.0,0.0,5.63e-06,4.08e-05,4.18e-05,4.38e-06,0.000708273,0.0,0.0,0.0,0.123168,6.9e-06,0.0,0.0,0.00196852,0.0,0.0,1.17e-05,0.000680221,4.27e-05,0.0,0.0,4.25e-05,0.0,0.00590936,3.68e-05,2e-05,0.0118677,0.0,0.0,0.018954,0.0,0.00382915,0.0,0.0,0.0143818,0.00162842,0.0,0.0,0.00208126,0.00271635,0.0,7.8e-05,0.00170468,0.0,0.0,0.0,0.0,0.0,0.0,0.0,0.0,0.0,0.0,0.000176614,0.0,0.0,0.000222575,0.0,0.0,0.0,0.0,0.0,0.0,0.0,0.0,0.0,0.0,0.0,0.0,0.0,0.0,0.0,0.0,0.0,0.0,0.0,0.0,0.0,0.0,0.0,0.0,0.0,0.0,0.0,0.0,0.0,0.0,0.0,0.0,0.0,0.0,0.0,0.0,0.00143645,0.00110479,0.00370425,0.0,0.000156008,0.000254053,0.00206083,0.000119519,0.0,4.49e-06,0.0,0.00165684,0.0858334,0.0,0.0,0.0,1.06e-05,0.000290632,0.0,0.0,0.0,0.0,0.0,0.0,0.0,0.0
Reef 319,0.0,0.0,0.0,0.0,0.0,0.0,0.0,0.0,0.0,0.0,0.0,0.0,0.0,0.0,0.0,0.0,0.0,0.0,0.0,0.0,0.0,0.0,0.0,0.0,0.0,0.0,0.0,0.0,0.0,2.13e-05,0.0,0.0,0.0,0.0,0.0,0.0,0.0,0.000132277,0.0,0.0,0.0,0.0,0.0,0.0,0.0,0.0,0.0,3.49e-05,0.0,0.0,0.0,0.0,0.0,0.0,6.13e-05,0.0,0.0,0.0,0.0,0.0,0.0,0.0,0.0,0.0,0.0,0.0,0.0,0.0,0.0,0.0,0.0,0.0,0.0,0.0,0.0,0.0,0.0,0.0,0.0,0.0,0.0,0.0,0.0,0.0,0.0,0.0,0.0,0.0,0.0,0.0,0.0,0.0,0.0,0.0,0.0,0.0,0.0,0.0,0.0,0.0,0.0,0.0,0.0,0.0,0.0,0.0,0.0,0.0,0.0,0.0,0.0,0.0,0.0,0.0,0.0,0.0,0.0,0.0,0.0,0.0,0.0,0.0,0.0,0.0,0.0,0.0,0.0,0.0,0.0,0.0,0.0,0.0,0.0,0.0,0.0,0.0,0.0,0.0,0.0,0.0,0.0,0.0,0.0,0.0,0.0,0.0,0.000103856,0.0,0.0,0.0,0.0,0.000433172,2.42e-05,0.0,0.0,0.0,0.0,0.0,0.0,0.000376156,0.0,0.0,0.0,0.0,0.0,0.000283279,0.000947412,0.0,0.0,0.0,0.0,0.0,0.0,0.0,0.0,0.0,0.0,0.0,0.000213734,0.0,0.0,0.0,0.0,0.0,0.0,0.0,2.72e-05,0.0,0.0,0.0,0.0,0.0,0.0,0.0,0.0,0.0,0.0,0.0,2.4e-05,0.0,0.0,0.0,0.0,0.0,0.0,0.000848048,0.000224387,0.0,0.0,0.0,0.0,0.0,0.0,0.0,0.0,0.0,0.0,0.0,4.35e-05,0.0,0.0,0.0,0.0,8.6e-05,0.0,0.0,0.0,0.0,0.0,0.0,0.0,0.0,7.19e-05,0.0,0.0,0.0,0.0,0.0,0.0,0.0,0.0,0.0,0.0,0.0,0.0,0.000711452,0.0,0.0,0.0,0.0,0.0,6.79e-05,0.0,0.0,0.0,0.0,0.0,0.0,0.0,0.0,0.0,0.0,0.0,0.0,0.0,0.0,0.0,0.0,2.05e-05,0.0,0.0,0.0,0.0,0.0,7.82e-05,0.0,0.0,0.0,0.0,0.0,0.0,0.0,0.0,0.0,0.0,0.0,0.0,0.00113634,0.00231512,0.0,0.00306273,0.0029757,0.00575606,0.0,0.0,0.0,0.000474661,0.0,0.0,6.03e-05,0.0,0.0,0.000127843,0.0,0.0,0.0,0.0,0.0,0.000105981,0.000328287,0.0,0.0,0.0,0.00936973,0.0042724,0.0,0.0,0.00744512,0.00261058,0.0,0.0121827,0.000281541,9.3e-05,0.0,0.0,8.4e-05,0.0,4.37e-05,0.0,0.00112681,0.0,0.0,0.0,0.0,0.0,0.0,0.0,0.0,0.0,0.0,0.0,0.0,0.00427629,0.0,0.0,0.0,0.0,0.0,0.0,0.0,0.0,2.34e-05,0.0,0.0,0.0,0.0,0.0,0.0,0.0,0.0,0.0,5.41e-05,0.0,0.0,0.0,0.0,0.0,0.0,0.0,0.0,0.0,0.0,0.0,0.0,0.0,0.0,0.0,0.0,0.0,0.0,0.0,0.0,0.0,0.0,0.0,0.0,0.0,0.0,0.0,0.0,0.0,0.0,0.0,0.0,0.0,0.0,0.0,0.00121017,0.00133659,0.00511716,0.0,0.000363365,0.00056931,0.00381538,0.000201384,0.0,0.0,0.0,0.00169242,0.106206,0.0,0.0,0.0,0.0,0.000285982,0.0,0.0,0.0,0.0,0.0,0.0,0.0,0.0
Reef 320,0.0,0.0,0.0,0.0,0.0,0.0,0.0,0.0,0.0,0.0,0.0,0.0,0.0,0.0,0.0,0.0,0.0,0.0,0.0,0.0,0.0,0.0,0.0,0.0,0.0,0.0,0.0,0.0,0.0,0.0,0.0,0.0,0.0,0.0,0.0,0.0,0.0,0.0,0.0,0.0,0.0,0.0,0.0,0.0,0.0,0.0,0.0,0.0,0.0,0.0,0.0,0.0,0.0,0.0,0.0,0.0,0.0,0.0,0.0,0.0,0.0,0.0,0.0,0.0,0.0,0.0,0.0,0.0,0.0,0.0,0.0,0.0,0.0,0.0,0.0,0.0,0.0,0.0,0.0,0.0,0.0,0.0,0.0,0.0,0.0,0.0,0.0,0.0,0.0,0.0,0.0,0.0,0.0,0.0,0.0,0.0,0.0,0.0,0.0,0.0,0.0,0.0,0.0,0.0,0.0,0.0,0.0,0.0,0.0,0.0,0.0,0.0,0.0,0.0,0.0,0.0,0.0,0.0,0.0,0.0,0.0,0.0,0.0,0.0,0.0,0.0,0.0,0.0,0.0,0.0,0.0,0.0,0.0,0.0,0.0,0.0,0.0,0.0,0.0,0.0,0.0,0.0,0.0,0.0,0.0,0.0,6.99e-06,0.0,0.0,7.18e-06,0.0,0.0,8.03e-06,0.0,0.0,0.0,0.0,0.0,0.0,0.000139235,1.94e-05,0.0,0.0,0.0,0.0,4.99e-05,0.0001971,0.0,3.41e-05,0.0,0.0,8.43e-06,7.41e-06,0.0,0.0,5.46e-05,3.55e-05,0.0,0.0,0.0,0.0,2.09e-05,0.0,0.0,0.0,0.000123308,0.0,0.0,0.0,0.0,0.0,0.0,6.44e-06,0.0,0.0,0.0,0.0,0.0,0.0,0.0,1.09e-05,0.0,0.0,0.0,0.0,0.0,0.0,0.0,0.0,0.000118293,6.77e-06,6.78e-05,0.000130664,8.04e-05,2.14e-05,1.98e-05,0.0,9.6e-06,0.0,7.66e-06,0.0,0.0,6.19e-06,0.0,4.92e-05,0.0,0.000225187,1.29e-05,0.0,0.0,1.25e-05,0.0,0.0,6.44e-06,0.0,6.64e-06,0.0,9.14e-05,0.00833569,0.0,0.000550632,9.52e-05,5.3e-05,9.41e-05,0.000203398,0.0,0.0,2.91e-05,0.000229391,3.3e-05,0.00180348,0.0,3.56e-05,9.73e-05,2.51e-05,2.44e-05,3.84e-05,0.000630584,0.00311253,1.04e-05,0.000682341,0.000298639,5.69e-05,0.0,0.00125851,0.000218209,2.11e-05,3.1e-05,0.0,0.00229165,7.42e-06,0.00408561,0.000116758,0.000925627,0.0,9.43e-05,7.6e-05,0.000682868,0.000633544,6.7e-05,9.24e-06,0.000471647,0.000222486,0.00472225,1.3e-05,0.0016776,0.000147404,0.0,0.0,0.000150988,0.0,0.0,0.0,0.0215542,0.000890313,0.000257736,0.0,3.54e-05,0.00081735,0.0,0.000131084,3.88e-05,0.0,3.41e-05,8.6e-06,0.0,0.0,0.0,0.0,0.0,0.0,0.0,0.0,0.0,0.0,1.04e-05,3.78e-05,0.0,0.0,7.7e-05,0.0,0.0,0.0,0.0,8.07e-06,0.0,0.0,0.0,0.0,0.0,0.0,0.0,0.0,0.0,0.0,0.0,0.0,0.0,0.0,0.0,0.0,0.0,0.0,0.0,0.0,0.0,0.0,0.0,0.0,0.0,0.0,0.0,0.0,0.0,0.0,0.0,0.0,0.0,0.0,0.0,0.0,0.0,0.0,0.0,0.0,0.0,0.0,0.0,0.0,0.0,0.0,0.0,0.0,0.0,0.0,0.0,0.0,0.0,0.0,0.0,0.0,0.0,0.0,0.0,0.0,0.0,0.0,0.0,0.0,0.0,0.0,0.0,0.0,0.0,0.0,0.0,0.0,0.0,0.0,0.0,0.0,0.0,0.0,0.0,0.0,0.0,0.0,0.0,0.0,0.0,0.0,0.0,0.0,0.0,0.0,0.0,0.0,0.0,0.0,0.0,0.0,0.0,0.0
Reef 321,0.0,0.0,0.0,0.0,0.0,0.0,0.0,0.0,0.0,0.0,0.0,0.0,0.0,0.0,7.74e-06,0.0,0.0,0.0,3.2e-06,0.0,0.0,0.0,0.0,0.0,0.0,0.0,0.0,0.0,0.0,1.67e-05,0.0,0.0,0.0,0.0,0.0,0.0,0.0,0.000111347,0.0,0.0,0.0,0.0,0.0,0.0,0.0,0.0,0.0,2.98e-05,0.0,0.0,0.0,0.0,3.22e-06,4.92e-06,5.22e-05,0.0,0.0,0.0,0.0,0.0,0.0,0.0,0.0,0.0,0.0,0.0,0.0,0.0,0.0,0.0,0.0,0.0,0.0,0.0,0.0,0.0,0.0,0.0,0.0,0.0,0.0,0.0,0.0,0.0,0.0,0.0,0.0,0.0,0.0,0.0,0.0,0.0,0.0,0.0,0.0,1.09e-05,0.0,0.0,0.0,0.0,0.0,0.0,0.0,0.0,0.0,0.0,0.0,0.0,0.0,0.0,0.0,0.0,0.0,0.0,0.0,0.0,0.0,0.0,0.0,0.0,0.0,0.0,0.0,0.0,0.0,0.0,0.0,0.0,0.0,0.0,0.0,0.0,0.0,3.44e-06,0.0,0.0,0.0,0.0,0.0,0.0,0.0,0.0,4.02e-06,5.01e-06,0.0,0.0,9.01e-06,0.0,0.0,2.98e-06,0.0,0.000200264,9.87e-06,0.0,0.0,0.0,0.0,2.15e-05,1.4e-05,0.000185955,0.0,0.0,0.0,0.0,0.0,0.000141368,0.00049723,0.0,0.0,0.0,0.0,0.0,0.0,0.0,0.0,0.0,0.0,0.0,5.13e-06,0.0,0.0,0.0,0.0,0.0,0.0,0.0,2.56e-05,0.0,0.0,0.0,0.0,0.0,0.0,0.0,0.0,0.0,0.0,0.0,2.26e-05,0.0,0.0,0.0,0.0,0.0,0.0,1.23e-05,0.000205228,0.0,0.0,0.0,0.0,0.0,0.0,0.0,0.0,0.0,0.0,0.0,4.19e-05,0.0,0.0,4.71e-06,0.0,8.12e-05,0.0,0.0,0.0,0.0,0.0,0.0,0.0,0.0,6.5e-05,0.0,0.0,0.0,0.0,0.0,0.0,0.0,0.0,0.0,0.0,0.0,0.0,0.000661771,0.0,0.0,0.0,0.0,0.0,5.93e-05,0.0,0.0,0.0,0.0,0.0,0.0,0.0,0.0,0.0,0.0,0.0,0.0,0.0,0.0,0.0,0.0,2.63e-05,0.0,0.0,0.0,0.0,0.0,0.000111868,0.0,0.0,0.0,0.0,0.0,0.0,0.0,0.0,0.0,0.0,0.0,0.0,0.00121339,3.36e-05,0.0,8.64e-06,6.15e-05,3.6e-05,0.0,0.0,0.0,1.05e-05,0.0,0.0,1.51e-05,0.0,0.0,3.58e-06,0.0,0.0,0.0,5.34e-06,1.99e-05,0.000161243,0.000479262,0.0,0.0,0.0,0.0627872,0.000518162,0.0,0.0,0.0354988,0.000222265,0.0,0.00768855,0.00298856,4.36e-05,0.0,0.0,0.000781356,0.0,6.17e-05,0.0,0.0034889,8.31e-06,0.0,0.0,2.27e-05,0.0,0.0,0.0,0.0,7.13e-05,0.000371042,0.0,0.0,0.0140818,4.99e-05,0.0,4.53e-06,0.00033803,0.0,0.0,0.0,0.0,0.0,0.0,0.0,0.0,0.0,0.0,0.0,0.0,0.0,0.0,6.93e-06,0.0,0.0,0.0,0.0,0.0,0.0,0.0,0.0,0.0,0.0,0.0,0.0,0.0,0.0,0.0,0.0,0.0,0.0,0.0,0.0,0.0,0.0,0.0,0.0,0.0,0.0,0.0,0.0,0.0,0.0,0.0,0.0,0.0,0.0,0.0,0.00126239,0.00111632,0.00413626,0.0,0.000281847,0.00042372,0.00377597,0.000188165,0.0,8.02e-06,0.0,0.00209065,0.111494,0.0,0.0,0.0,1.34e-05,0.000373388,0.0,0.0,0.0,0.0,0.0,0.0,0.0,0.0
Reef 322,0.0,0.0,0.0,0.0,0.0,0.0,0.0,0.0,0.0,0.0,0.0,0.0,0.0,0.0,0.0,0.0,0.0,0.0,0.0,0.0,0.0,0.0,0.0,0.0,0.0,0.0,0.0,0.0,0.0,1.76e-05,0.0,0.0,0.0,0.0,0.0,0.0,0.0,7.74e-05,0.0,0.0,0.0,0.0,0.0,0.0,0.0,0.0,0.0,1.97e-05,0.0,0.0,0.0,0.0,0.0,0.0,3.65e-05,0.0,0.0,0.0,0.0,0.0,0.0,0.0,0.0,0.0,0.0,0.0,0.0,0.0,0.0,0.0,0.0,0.0,0.0,0.0,0.0,0.0,0.0,0.0,0.0,0.0,0.0,0.0,0.0,0.0,0.0,0.0,0.0,0.0,0.0,0.0,0.0,0.0,0.0,0.0,0.0,1.75e-05,0.0,0.0,0.0,0.0,0.0,0.0,0.0,0.0,0.0,0.0,0.0,0.0,0.0,0.0,0.0,0.0,0.0,0.0,0.0,0.0,0.0,0.0,0.0,0.0,0.0,0.0,0.0,0.0,0.0,0.0,0.0,0.0,0.0,0.0,0.0,0.0,0.0,0.0,0.0,0.0,0.0,0.0,0.0,0.0,0.0,0.0,0.0,0.0,0.0,0.0,0.0,0.0,0.0,0.0,0.0,4.94e-05,0.0,0.0,0.0,0.0,0.0,1.35e-05,0.0,4.89e-05,0.0,0.0,0.0,0.0,0.0,3.93e-05,0.000143437,0.0,0.0,0.0,0.0,0.0,0.0,0.0,0.0,0.0,0.0,0.0,8.63e-05,0.0,0.0,0.0,0.0,0.0,0.0,0.0,5.92e-05,0.0,0.0,0.0,0.0,0.0,0.0,0.0,0.0,0.0,0.0,0.0,5.04e-05,0.0,0.0,0.0,0.0,0.0,0.0,2.76e-05,0.000415612,0.0,0.0,0.0,0.0,0.0,0.0,0.0,0.0,0.0,0.0,0.0,8.62e-05,0.0,0.0,0.0,0.0,0.000161403,0.0,0.0,0.0,0.0,0.0,0.0,0.0,0.0,0.000126843,0.0,0.0,0.0,0.0,0.0,0.0,0.0,0.0,0.0,0.0,0.0,0.0,0.00123041,0.0,0.0,0.0,0.0,0.0,0.000132334,0.0,0.0,0.0,0.0,0.0,0.0,0.0,0.0,0.0,0.0,0.0,0.0,0.0,0.0,0.0,0.0,8.75e-05,0.0,0.0,0.0,0.0,0.0,0.000391681,0.0,0.0,0.0,0.0,0.0,0.0,0.0,0.0,0.0,0.0,0.0,0.0,0.00083821,0.000172593,0.0,4.22e-05,0.000317728,0.000187894,0.0,0.0,0.0,6.21e-05,0.0,0.0,5.03e-05,0.0,0.0,0.00106511,0.0,0.0,0.0,3.46e-05,5.95e-05,0.000457749,0.00106373,0.0,0.0,0.0,0.0962543,0.0,0.0,0.0,0.00146931,0.0,0.0,0.0,0.00112777,0.0,0.0,0.0,0.000146974,0.0,0.000493941,0.000182357,7.94e-05,0.00805639,0.0,0.0,0.0223173,0.0,0.0234625,0.0,0.0,0.0162085,0.00067129,0.0,0.0,0.000437649,0.00298352,0.0,6.19e-05,0.000994907,0.0,0.0,0.0,0.0,0.0,2.91e-05,0.0,0.0,0.0,0.0,0.000782769,0.0,0.0,0.0011924,0.0,0.0,0.0,0.0,0.0,0.0,0.0,0.0,0.0,0.0,0.0,0.0,0.0,0.0,0.0,0.0,0.0,0.0,0.0,0.0,0.0,0.0,0.0,0.0,0.0,0.0,0.0,0.0,0.0,0.0,0.0,0.0,0.0,0.0,0.0,0.0,0.00166774,0.00115304,0.00368991,0.0,0.000110904,0.000197246,0.00135068,9.25e-05,0.0,0.0,0.0,0.0014369,0.0721047,0.0,0.0,0.0,0.0,0.000260737,0.0,0.0,0.0,0.0,0.0,0.0,0.0,0.0
Reef 323,0.0,0.0,0.0,0.0,0.0,0.0,0.0,0.0,0.0,0.0,0.0,0.0,0.0,0.0,0.0,0.0,0.0,0.0,0.0,0.0,0.0,0.0,0.0,0.0,0.0,0.0,0.0,0.0,0.0,0.0,0.0,0.0,0.0,0.0,0.0,0.0,0.0,8.44e-05,0.0,0.0,0.0,0.0,0.0,0.0,0.0,0.0,0.0,2.36e-05,0.0,0.0,0.0,0.0,0.0,0.0,4.15e-05,0.0,0.0,0.0,0.0,0.0,0.0,0.0,0.0,0.0,0.0,0.0,0.0,0.0,0.0,0.0,0.0,0.0,0.0,0.0,0.0,0.0,0.0,0.0,0.0,0.0,0.0,0.0,0.0,0.0,0.0,0.0,0.0,0.0,0.0,0.0,0.0,0.0,0.0,0.0,0.0,0.0,0.0,0.0,0.0,0.0,0.0,0.0,0.0,0.0,0.0,0.0,0.0,0.0,0.0,0.0,0.0,0.0,0.0,0.0,0.0,0.0,0.0,0.0,0.0,0.0,0.0,0.0,0.0,0.0,0.0,0.0,0.0,0.0,0.0,0.0,0.0,0.0,0.0,0.0,0.0,0.0,0.0,0.0,0.0,0.0,0.0,0.0,0.0,0.0,0.0,0.0,4.81e-05,0.0,0.0,0.0,0.0,0.000232665,0.0,0.0,0.0,0.0,0.0,0.0,0.0,0.000219272,0.0,0.0,0.0,0.0,0.0,0.000166442,0.000588719,0.0,0.0,0.0,0.0,0.0,0.0,0.0,0.0,0.0,0.0,0.0,3.62e-05,0.0,0.0,0.0,0.0,0.0,0.0,0.0,8.71e-05,0.0,0.0,0.0,0.0,0.0,0.0,0.0,0.0,0.0,0.0,0.0,8.43e-05,0.0,0.0,0.0,0.0,0.0,0.0,0.000181586,7.58e-05,0.0,0.0,0.0,0.0,0.0,0.0,0.0,0.0,0.0,0.0,0.0,0.000418765,0.0,0.0,0.0,0.0,3.02e-05,0.0,0.0,0.0,0.0,0.0,0.0,0.0,0.0,2.44e-05,0.0,0.0,0.0,0.0,0.0,0.0,0.0,0.0,0.0,0.0,0.0,0.0,0.000283584,0.0,0.0,0.0,0.0,0.0,0.00346223,0.0,0.0,0.0,0.0,0.0,0.0,0.0,0.0,0.0,0.0,0.0,0.0,0.0,0.0,0.0,0.0,0.00101102,0.0,0.0,0.0,0.0,0.0,3.48e-05,0.0,0.0,0.0,0.0,0.0,0.0,0.0,0.0,0.0,0.0,0.0,0.0,0.000933093,0.0014149,0.0,0.00186236,0.00187724,0.00344008,0.0,0.0,0.0,0.000273721,0.0,0.0,0.000231817,0.0,0.0,0.000599862,0.0,0.0,0.0,4.42e-05,0.0,8.61e-05,0.000327675,0.0,0.0,0.0,0.0380662,0.000671015,0.0,0.0,0.0291944,0.000490833,0.0,0.0135609,0.00691114,0.000410942,0.0,0.0,0.003336,0.0,0.00103098,0.0,0.043013,4.7e-05,0.0,0.0,0.0,0.0,0.0,0.0,0.0,0.0,0.000123667,0.0,0.0,0.0141056,2.09e-05,0.0,0.0,0.000245104,0.0,0.0,0.0,0.0,0.0,0.0,0.0,0.0,0.0,0.0,0.0,0.0,0.0,0.0,0.0,0.0,0.0,0.0,0.0,0.0,0.0,0.0,0.0,0.0,0.0,0.0,0.0,0.0,0.0,0.0,0.0,0.0,0.0,0.0,0.0,0.0,0.0,0.0,0.0,0.0,0.0,0.0,0.0,0.0,0.0,0.0,0.0,0.0,0.0,0.0,0.00125536,0.00108212,0.00406274,0.0,0.000309273,0.000456748,0.00417351,0.000204204,0.0,0.0,0.0,0.00226291,0.115959,0.0,0.0,0.0,0.0,0.000418464,0.0,0.0,0.0,0.0,0.0,0.0,0.0,0.0
Reef 324,0.0,0.0,0.0,0.0,0.0,0.0,0.0,0.0,0.0,0.0,0.0,0.0,0.0,0.0,0.0,0.0,0.0,0.0,0.0,0.0,0.0,0.0,0.0,0.0,0.0,0.0,0.0,0.0,0.0,0.0,0.0,0.0,0.0,0.0,0.0,0.0,0.0,0.0,0.0,0.0,0.0,0.0,0.0,0.0,0.0,0.0,0.0,0.0,0.0,0.0,0.0,0.0,0.0,0.0,0.0,0.0,0.0,0.0,0.0,0.0,0.0,0.0,0.0,0.0,0.0,0.0,0.0,0.0,0.0,0.0,0.0,0.0,0.0,0.0,0.0,0.0,0.0,0.0,0.0,0.0,0.0,0.0,0.0,0.0,0.0,0.0,0.0,0.0,0.0,0.0,0.0,0.0,0.0,0.0,0.0,0.0,0.0,0.0,0.0,0.0,0.0,0.0,0.0,0.0,0.0,0.0,0.0,0.0,0.0,0.0,0.0,0.0,0.0,0.0,0.0,0.0,0.0,0.0,0.0,0.0,0.0,0.0,0.0,0.0,0.0,0.0,0.0,0.0,0.0,0.0,0.0,0.0,0.0,0.0,0.0,0.0,0.0,0.0,0.0,0.0,0.0,0.0,0.0,0.0,0.0,0.0,0.0,0.0,0.0,0.0,0.0,0.0,0.0,0.0,0.0,0.0,0.0,0.0,0.0,0.0,0.0,0.0,0.0,0.0,0.0,0.0,0.0,0.0,0.0,0.0,0.0,0.0,0.0,0.0,0.0,0.0,0.0,0.0,0.0,0.0,0.0,0.0,0.0,0.0,0.0,5.2e-05,0.0,0.0,0.0,0.0,0.0,0.0,0.0,0.0,0.0,0.0,0.0,0.0,0.0,0.0,0.0,0.0,0.0,0.0,0.0,0.0,0.0,0.0,0.0,4.14e-05,0.0,0.0,0.0,0.0,0.0,0.0,0.0,0.0,0.0,0.0,0.0,0.0,0.0,0.0,0.0,0.0,0.0,0.0,0.0,0.0,7.38e-05,0.0,0.0,4.09e-05,0.0,0.0,0.0,0.0,5.49e-05,0.0,0.000150226,4.01e-05,0.0,0.0,0.0,0.0,0.0,0.0,0.00041074,0.0,0.000179568,0.0,0.0,0.000305657,8.91e-05,0.0,0.0,0.000265268,0.000117517,0.0,0.000135868,6.67e-05,0.0,0.0,0.000208675,3.45e-05,0.000565618,0.00165406,0.0,0.000467853,0.000135402,0.000174051,3.86e-05,0.00701678,0.0,0.0,0.0,5.22e-05,0.000390548,0.0,0.0,0.000120048,0.00047239,0.000102532,0.0,0.000147071,0.000263925,0.0,0.0,4.13e-05,0.0,0.0,0.0,0.000251394,5.29e-05,0.000251708,0.0,0.0,0.000153257,0.0,9.39e-05,3.63e-05,0.0,4.53e-05,0.000150605,0.0,0.0,0.0,0.0,0.0,0.0,0.0,0.0,0.0,0.0,0.00194059,5.59e-05,0.0,0.0,0.000603206,0.0,0.0,0.0,0.000215751,8.16e-05,0.0,0.000178897,0.0,0.0,0.0,0.0,4.15e-05,0.00234916,0.0,0.0,0.0,0.0,0.0,0.0,0.0,0.000134549,0.0,0.0,0.0,0.0,0.0,0.0,0.0,0.0,0.0,0.0,0.0,0.0,0.0,0.0,0.0,0.0,0.0,0.0,0.0,0.0,0.0,0.0,0.0,0.0,0.0,0.0,0.0,0.0,0.0,0.0,0.0,0.0,0.0,0.0,0.0,0.0,0.0,0.0,0.0,0.0,0.0,0.0,0.0,0.0,0.0,0.0,0.0,0.0,0.0,0.0,0.0,0.0,0.0,0.0,0.0,0.0,0.0,0.0,0.0,0.0,0.0,0.0,0.0,0.0,0.0,0.0,0.0,0.0,0.0,0.0,0.0,0.0,0.0,0.0,0.0,0.0,0.0,0.0,0.0,0.0,0.0,0.0
Reef 325,0.0,0.0,0.0,0.0,0.0,0.0,0.0,0.0,0.0,0.0,0.0,0.0,0.0,0.0,0.0,0.0,0.0,0.0,0.0,0.0,0.0,0.0,0.0,0.0,0.0,0.0,0.0,0.0,0.0,0.0,0.0,0.0,0.0,0.0,0.0,0.0,0.0,0.0,0.0,0.0,0.0,0.0,0.0,0.0,0.0,0.0,0.0,0.0,0.0,0.0,0.0,0.0,0.0,0.0,0.0,0.0,0.0,0.0,0.0,0.0,0.0,0.0,0.0,0.0,0.0,0.0,0.0,0.0,0.0,0.0,0.0,0.0,0.0,0.0,0.0,0.0,0.0,0.0,0.0,0.0,0.0,0.0,0.0,0.0,0.0,0.0,0.0,0.0,0.0,0.0,0.0,0.0,0.0,0.0,0.0,0.0,0.0,0.0,0.0,0.0,0.0,0.0,0.0,0.0,0.0,0.0,0.0,0.0,0.0,0.0,0.0,0.0,0.0,0.0,0.0,0.0,0.0,0.0,0.0,0.0,0.0,0.0,0.0,0.0,0.0,0.0,0.0,0.0,0.0,0.0,0.0,0.0,0.0,0.0,0.0,0.0,0.0,0.0,0.0,0.0,0.0,0.0,0.0,0.0,0.0,0.0,0.0,0.0,0.0,0.0,0.0,0.0,0.0,0.0,0.0,0.0,0.0,0.0,0.0,0.0,0.0,0.0,0.0,0.0,0.0,0.0,0.0,0.0,0.0,0.0,0.0,0.0,0.0,0.0,0.0,0.0,0.0,0.0,0.0,0.0,0.0,0.0,0.0,0.0,0.0,0.0,0.0,0.0,0.0,0.0,0.0,0.0,0.0,0.0,0.0,0.0,0.0,0.0,0.0,0.0,0.0,0.0,0.0,0.0,0.0,0.0,0.0,0.0,0.0,0.0,0.0,0.0,0.0,0.0,0.0,0.0,0.0,0.0,0.0,0.0,0.0,0.0,0.0,0.0,0.0,0.0,0.0,0.0,0.0,0.0,6.59e-06,0.0,0.0,0.0,0.0,0.0,0.0,0.0,2.78e-05,0.0,1.07e-05,0.0,0.0,0.0,7.86e-06,0.0,0.0,0.0,3.85e-05,0.0,0.000575143,0.0,0.0,2.94e-05,1.05e-05,0.0,0.0,2.7e-05,5.25e-06,0.0,1.3e-05,5.92e-06,0.0,0.0,1.78e-05,0.0,7.26e-05,0.000167624,0.0,3.81e-05,1.45e-05,7.5e-06,0.0,8.13e-06,0.0,0.0,0.0,0.000113864,0.00223121,0.0,0.0,9.83e-06,3.32e-05,5.56e-06,0.0,9.75e-05,0.0013494,0.0,0.0,0.0,0.0,0.0,0.0,0.00160537,0.00061098,0.00141569,0.0,0.0,1.22e-05,0.0,4.04e-05,0.00296012,0.0,0.00342128,0.00593385,0.0,0.0,0.0,0.0,0.0,0.0,0.0,0.0,0.0,0.0,6.19e-05,0.0103492,0.0,0.0,2.22e-05,0.0,0.0,0.0,3.61e-05,0.0159539,0.0,6.58e-05,0.0,0.0,0.0,0.0,2.86e-05,0.000592664,0.0,0.0,0.0,0.0,0.0,0.0,0.0,4.97e-06,0.0,0.0,0.0,0.0,0.0,0.0,0.0,0.0,0.0,0.0,0.0,0.0,0.0,0.0,0.0,0.0,0.0,0.0,0.0,0.0,0.0,0.0,0.0,0.0,0.0,0.0,0.0,0.0,0.0,0.0,0.0,0.0,0.0,0.0,0.0,0.0,0.0,0.0,0.0,0.0,0.0,0.0,0.0,0.0,0.0,0.0,0.0,0.0,0.0,0.0,0.0,0.0,0.0,0.0,0.0,0.0,0.0,0.0,0.0,0.0,0.0,0.0,0.0,0.0,0.0,0.0,0.0,0.0,0.0,0.0,0.0,0.0,0.0,0.0,0.0,0.0,0.0,0.0,0.0,0.0,0.0,0.0
Reef 326,0.0,0.0,0.0,0.0,0.0,0.0,0.0,0.0,0.0,0.0,0.0,0.0,0.0,0.0,0.0,0.0,0.0,0.0,0.0,0.0,0.0,0.0,0.0,0.0,0.0,0.0,0.0,0.0,0.0,6.73e-06,0.0,0.0,0.0,0.0,0.0,0.0,0.0,4.62e-05,0.0,0.0,0.0,0.0,0.0,0.0,0.0,0.0,0.0,1.3e-05,0.0,0.0,0.0,0.0,0.0,0.0,2.31e-05,0.0,0.0,0.0,0.0,0.0,0.0,0.0,0.0,0.0,0.0,0.0,0.0,0.0,0.0,0.0,0.0,0.0,0.0,0.0,0.0,0.0,0.0,0.0,0.0,0.0,0.0,0.0,0.0,0.0,0.0,0.0,0.0,0.0,0.0,0.0,0.0,0.0,0.0,0.0,0.0,4.84e-06,0.0,0.0,0.0,0.0,0.0,0.0,0.0,0.0,0.0,0.0,0.0,0.0,0.0,0.0,0.0,0.0,0.0,0.0,0.0,0.0,0.0,0.0,0.0,0.0,0.0,0.0,0.0,0.0,0.0,0.0,0.0,0.0,0.0,0.0,0.0,0.0,0.0,0.0,0.0,0.0,0.0,0.0,0.0,0.0,0.0,0.0,0.0,0.0,0.0,0.0,8.37e-06,0.0,0.0,0.0,0.0,4.53e-05,0.0,0.0,0.0,0.0,0.0,4.56e-06,0.0,4.46e-05,0.0,0.0,0.0,0.0,0.0,3.6e-05,0.000130717,0.0,0.0,0.0,0.0,0.0,0.0,0.0,0.0,0.0,0.0,0.0,2.33e-05,0.0,0.0,0.0,0.0,0.0,0.0,0.0,2.13e-05,0.0,0.0,0.0,0.0,0.0,0.0,0.0,0.0,0.0,0.0,0.0,1.86e-05,0.0,0.0,0.0,0.0,0.0,0.0,9.89e-06,0.000166888,0.0,0.0,0.0,0.0,0.0,0.0,0.0,0.0,0.0,0.0,0.0,3.36e-05,0.0,0.0,0.0,0.0,6.41e-05,0.0,0.0,0.0,0.0,0.0,0.0,0.0,0.0,4.99e-05,0.0,0.0,0.0,0.0,0.0,0.0,0.0,0.0,0.0,0.0,0.0,0.0,0.000523069,0.0,0.0,0.0,0.0,0.0,4.53e-05,0.0,0.0,0.0,0.0,0.0,0.0,0.0,0.0,0.0,0.0,0.0,0.0,0.0,0.0,0.0,0.0,2.98e-05,0.0,0.0,0.0,0.0,0.0,0.000139415,0.0,0.0,0.0,0.0,0.0,0.0,0.0,0.0,0.0,0.0,0.0,0.0,0.000569718,5.53e-05,0.0,1.22e-05,0.000110187,6.78e-05,0.0,0.0,0.0,1.82e-05,0.0,0.0,1.14e-05,0.0,0.0,1.29e-05,0.0,0.0,0.0,8.51e-06,4.29e-05,0.000321859,0.000842145,4.57e-06,0.0,0.0,0.0953213,7.01e-06,0.0,0.0,0.00685983,0.0,0.0,0.000155264,0.00557545,5.54e-06,0.0,0.0,0.00369312,0.0,5.8e-05,1.18e-05,0.00183256,4.91e-05,0.0,0.0,5.01e-06,0.0,6.21e-06,0.0,0.0,0.0177238,0.000656633,0.0,0.0,0.000311881,0.00281669,0.0,5.62e-05,0.000804629,0.0,1.53e-05,0.0,8.19e-06,0.0,3.7e-05,0.0,0.0,0.0,0.0,0.00102602,0.0,0.0,0.00152391,0.0,0.0,0.0,0.0,0.0,0.0,0.0,0.0,0.0,0.0,0.0,0.0,0.0,0.0,0.0,0.0,0.0,0.0,0.0,0.0,0.0,0.0,0.0,0.0,0.0,0.0,0.0,0.0,0.0,0.0,0.0,0.0,0.0,0.0,0.0,0.0,0.00192052,0.00115602,0.00361221,0.0,7.95e-05,0.000155054,0.000889383,7.26e-05,0.0,0.0,0.0,0.00124623,0.0614238,0.0,0.0,0.0,8.44e-06,0.000237269,0.0,0.0,0.0,0.0,0.0,0.0,0.0,0.0
Reef 327,0.0,0.0,0.0,0.0,0.0,0.0,0.0,0.0,0.0,0.0,0.0,0.0,0.0,0.0,0.0,0.0,0.0,0.0,0.0,0.0,0.0,0.0,0.0,0.0,0.0,0.0,0.0,0.0,0.0,0.0,0.0,0.0,0.0,0.0,0.0,0.0,0.0,0.0,0.0,0.0,0.0,0.0,0.0,0.0,0.0,0.0,0.0,0.0,0.0,0.0,0.0,0.0,0.0,0.0,0.0,0.0,0.0,0.0,0.0,0.0,0.0,0.0,0.0,0.0,0.0,0.0,0.0,0.0,0.0,0.0,0.0,0.0,0.0,0.0,0.0,0.0,0.0,0.0,0.0,0.0,0.0,0.0,0.0,0.0,0.0,0.0,0.0,0.0,0.0,0.0,0.0,0.0,0.0,0.0,0.0,0.0,0.0,0.0,0.0,0.0,0.0,0.0,0.0,0.0,0.0,0.0,0.0,0.0,0.0,0.0,0.0,0.0,0.0,0.0,0.0,0.0,0.0,0.0,0.0,0.0,0.0,0.0,0.0,0.0,0.0,0.0,0.0,0.0,0.0,0.0,0.0,0.0,0.0,0.0,0.0,0.0,0.0,0.0,0.0,0.0,0.0,0.0,0.0,0.0,0.0,0.0,0.0,0.0,0.0,0.0,0.0,0.0,0.0,0.0,0.0,0.0,0.0,0.0,0.0,0.0,0.0,0.0,0.0,0.0,0.0,0.0,0.0,0.0,0.0,0.0,0.0,0.0,0.0,0.0,0.0,0.0,0.0,0.0,0.0,0.0,0.0,0.0,0.0,0.0,0.0,6.67e-05,0.0,0.0,0.0,0.0,0.0,0.0,0.0,0.0,0.0,0.0,0.0,0.0,0.0,0.0,0.0,0.0,0.0,0.0,0.0,0.0,0.0,0.0,0.0,5.33e-05,0.0,0.0,0.0,0.0,0.0,0.0,0.0,0.0,0.0,0.0,0.0,0.0,0.0,0.0,0.0,0.0,0.0,0.0,0.0,0.0,7.19e-05,0.0,0.0,0.0,0.0,0.0,0.0,0.0,5.67e-05,0.0,0.000240387,5.06e-05,0.0,0.0,0.0,0.0,0.0,0.0,0.000400167,0.0,0.00284645,0.0,0.0,0.000293954,9.81e-05,0.0,0.0,0.000299799,0.000123981,0.0,0.000216572,8.19e-05,0.0,0.0,0.000347209,4.78e-05,0.000676604,0.0015489,0.0,0.000633071,0.000133586,0.000178786,6.44e-05,0.00716982,0.0,0.0,0.0,0.00153017,0.00021465,0.0,0.0,0.000193899,0.000652134,0.00010948,0.0,0.000412403,0.000143409,0.0,0.0,5.78e-05,0.0,0.0,0.0,0.000144713,9.78e-05,0.000136007,0.0,0.0,0.000206136,0.0,8.83e-05,9.03e-05,0.0,6.76e-05,7.22e-05,0.0,0.0,0.0,0.0,0.0,0.0,0.0,0.0,0.0,0.0,0.000317724,0.000254373,0.0,0.0,0.000693013,0.0,0.0,0.0,0.000138651,0.00494099,0.0,7.62e-05,0.0,0.0,0.0,0.0,0.000457617,0.00134686,0.0,0.0,0.0,0.0,0.0,0.0,0.0,0.000123683,0.0,0.0,0.0,0.0,0.0,0.0,0.0,0.0,0.0,0.0,0.0,0.0,0.0,0.0,0.0,0.0,0.0,0.0,0.0,0.0,0.0,0.0,0.0,0.0,0.0,0.0,0.0,0.0,0.0,0.0,0.0,0.0,0.0,0.0,0.0,0.0,0.0,0.0,0.0,0.0,0.0,0.0,0.0,0.0,0.0,0.0,0.0,0.0,0.0,0.0,0.0,0.0,0.0,0.0,0.0,0.0,0.0,0.0,0.0,0.0,0.0,0.0,0.0,0.0,0.0,0.0,0.0,0.0,0.0,0.0,0.0,0.0,0.0,0.0,0.0,0.0,0.0,0.0,0.0,0.0,0.0,0.0
Reef 328,0.0,0.0,0.0,0.0,0.0,0.0,0.0,0.0,0.0,0.0,0.0,0.0,0.0,0.0,1.5e-06,0.0,0.0,0.0,5.22e-07,0.0,0.0,0.0,0.0,0.0,0.0,0.0,0.0,0.0,0.0,3.89e-06,0.0,0.0,0.0,0.0,0.0,0.0,0.0,3.42e-05,0.0,0.0,0.0,0.0,0.0,0.0,0.0,0.0,0.0,1.04e-05,0.0,0.0,0.0,0.0,1.11e-06,1.57e-06,1.86e-05,0.0,0.0,0.0,0.0,0.0,0.0,0.0,0.0,0.0,0.0,0.0,0.0,0.0,0.0,0.0,0.0,0.0,0.0,0.0,0.0,5.68e-07,0.0,0.0,0.0,0.0,0.0,0.0,0.0,0.0,0.0,0.0,0.0,0.0,0.0,0.0,0.0,0.0,0.0,0.0,0.0,2.64e-06,0.0,0.0,0.0,0.0,0.0,0.0,0.0,0.0,0.0,0.0,0.0,0.0,0.0,0.0,0.0,0.0,0.0,0.0,0.0,0.0,0.0,0.0,0.0,0.0,0.0,0.0,0.0,0.0,0.0,0.0,0.0,0.0,0.0,0.0,0.0,0.0,0.0,6.75e-07,0.0,0.0,0.0,0.0,0.0,0.0,0.0,0.0,1.01e-06,4.09e-06,0.0,0.0,2.64e-06,0.0,0.0,2.4e-06,0.0,0.000168154,7.95e-06,0.0,0.0,0.0,0.0,6.21e-06,3.51e-06,0.000161736,0.0,0.0,0.0,0.0,0.0,0.000124485,0.000445898,0.0,0.0,0.0,0.0,0.0,0.0,0.0,0.0,6.43e-07,0.0,0.0,4.79e-06,0.0,0.0,0.0,0.0,0.0,0.0,0.0,2.71e-06,0.0,0.0,0.0,0.0,0.0,0.0,0.0,0.0,0.0,0.0,0.0,2.56e-06,0.0,0.0,0.0,0.0,0.0,0.0,1.34e-06,3.01e-05,0.0,0.0,0.0,0.0,0.0,0.0,0.0,0.0,0.0,0.0,0.0,5.84e-06,0.0,0.0,2.43e-06,0.0,1.22e-05,0.0,0.0,0.0,0.0,0.0,0.0,0.0,0.0,1.01e-05,0.0,0.0,0.0,0.0,0.0,0.0,0.0,0.0,0.0,0.0,0.0,0.0,0.000126117,0.0,0.0,0.0,0.0,0.0,4.72e-06,0.0,0.0,0.0,0.0,0.0,0.0,0.0,0.0,0.0,0.0,0.0,0.0,0.0,0.0,0.0,0.0,2.4e-06,0.0,0.0,0.0,0.0,0.0,1.17e-05,0.0,0.0,0.0,0.0,0.0,0.0,0.0,0.0,0.0,0.0,0.0,0.0,0.000546353,3.38e-06,0.0,6.71e-07,7.51e-06,5.33e-06,0.0,0.0,0.0,9.44e-07,0.0,0.0,1.62e-06,0.0,0.0,1e-05,0.0,0.0,0.0,1.27e-06,5.51e-06,2.46e-06,1.06e-06,9.46e-07,0.0,0.0,0.0261928,0.000354169,0.0,0.0,0.0169974,0.000500553,0.0,0.0107474,0.00738187,0.0007037,0.0,0.0,0.0104426,0.0,0.0262082,2.92e-05,0.181257,0.00134392,0.0,0.0,1.58e-05,0.0,5.04e-06,7.49e-07,0.0,2.79e-06,0.000204646,0.0,0.0,0.0195975,7.83e-05,0.0,1.37e-05,0.00134908,0.0,2.61e-06,0.0,0.0,3.44e-06,2.56e-05,0.0,0.0,0.0,0.0,1.09e-06,0.0,0.0,6.36e-07,8.04e-06,0.0,0.0,0.0,0.0,0.0,0.0,0.0,0.0,0.0,0.0,0.0,0.0,0.0,0.0,0.0,0.0,0.0,0.0,0.0,0.0,0.0,0.0,0.0,0.0,0.0,0.0,0.0,0.0,0.0,0.0,0.0,0.0,0.0,0.0,4.91e-07,0.00179992,0.00117164,0.00406662,2.31e-06,0.000209274,0.000332368,0.0029278,0.000167422,2.01e-06,9.57e-06,0.0,0.00249703,1.28e-06,1.42e-06,0.0,0.0,1.78e-05,0.000506276,0.0,0.0,0.0,0.0,0.0,0.0,0.0,0.0
Reef 329,0.0,0.0,0.0,0.0,0.0,0.0,0.0,0.0,0.0,0.0,0.0,0.0,0.0,0.0,0.0,0.0,0.0,0.0,0.0,0.0,0.0,0.0,0.0,0.0,0.0,0.0,0.0,0.0,0.0,0.0,0.0,0.0,0.0,0.0,0.0,0.0,0.0,0.0,0.0,0.0,0.0,0.0,0.0,0.0,0.0,0.0,0.0,0.0,0.0,0.0,0.0,0.0,0.0,0.0,0.0,0.0,0.0,0.0,0.0,0.0,0.0,0.0,0.0,0.0,0.0,0.0,0.0,0.0,0.0,0.0,0.0,0.0,0.0,0.0,0.0,0.0,0.0,0.0,0.0,0.0,0.0,0.0,0.0,0.0,0.0,0.0,0.0,0.0,0.0,0.0,0.0,0.0,0.0,0.0,0.0,0.0,0.0,0.0,0.0,0.0,0.0,0.0,0.0,0.0,0.0,0.0,0.0,0.0,0.0,0.0,0.0,0.0,0.0,0.0,0.0,0.0,0.0,0.0,0.0,0.0,0.0,0.0,0.0,0.0,0.0,0.0,0.0,0.0,0.0,0.0,0.0,0.0,0.0,0.0,0.0,0.0,0.0,0.0,0.0,0.0,0.0,0.0,0.0,0.0,0.0,0.0,0.0,0.0,0.0,0.0,0.0,0.0,0.0,0.0,0.0,0.0,0.0,0.0,0.0,0.0,0.0,0.0,0.0,0.0,0.0,0.0,0.000158031,0.0,0.0,0.0,0.0,0.0,0.0,0.0,0.0,0.0,0.0,0.0,0.000501658,0.0,0.0,0.0,0.0,0.0,0.0,0.0,0.000345252,0.0,0.0,0.0,0.0,0.0,0.0,0.0,0.0,0.0,0.0,0.0,0.000237717,0.0,0.0,0.0,0.0,0.0,0.0,0.000186957,0.000124294,0.0,0.0,0.0,0.0,0.0,0.0,0.0,0.0,0.0,0.0,0.0,0.000168233,0.0,0.0,0.0,0.0,0.000255275,0.0,0.0,0.0,0.0,0.0,0.0,0.0,0.0,0.000404401,0.0,0.0,0.0,0.0,0.0,0.0,0.0,0.0,0.0,0.0,0.0,0.0,0.00011607,0.0,0.0,0.0,0.0,0.0,0.00112056,0.0,0.0,0.0,0.0,0.0,0.0,0.0,0.0,0.0,0.0,0.0,0.0,0.0,0.0,0.0,0.0,0.000239243,0.0,0.0,0.0,0.0,0.0,0.00075358,0.0,0.0,0.0,0.0,0.0,0.0,0.0,0.0,0.0,0.0,0.0,0.0,0.000374554,0.000195538,0.0,0.00024655,0.000321714,0.000636048,0.0,0.0,0.0,0.000208923,0.0,0.0,0.000309425,0.0,0.0,0.00204712,0.0,0.0,0.0,0.0,0.0,0.0,0.000173527,0.0,0.0,0.0,0.048604,0.0,0.0,0.0,0.015954,0.0,0.0,0.00215016,0.0119126,0.000126661,0.0,0.0,0.0259851,0.0,0.00207184,0.000574401,0.0377285,0.00146153,0.0,0.0,0.00012505,0.0,0.000158485,0.0,0.0,0.0177553,0.000450196,0.0,0.0,0.000176491,0.00198653,0.0,0.0,0.000523402,0.0,0.0,0.0,0.0,0.0,0.0,0.0,0.0,0.0,0.0,0.00160249,0.0,0.0,0.0028646,0.0,0.0,0.0,0.0,0.0,0.0,0.0,0.0,0.0,0.0,0.0,0.0,0.0,0.0,0.0,0.0,0.0,0.0,0.0,0.0,0.0,0.0,0.0,0.0,0.0,0.0,0.0,0.0,0.0,0.0,0.0,0.0,0.0,0.0,0.0,0.0,0.00192221,0.00107101,0.00316636,0.0,0.0,0.000107144,0.000467732,0.0,0.0,0.0,0.0,0.00080653,0.0418603,0.0,0.0,0.0,0.0,0.000160215,0.0,0.0,0.0,0.0,0.0,0.0,0.0,0.0
Reef 330,0.0,0.0,0.0,0.0,0.0,0.0,0.0,0.0,0.0,0.0,0.0,0.0,0.0,0.0,2.22e-06,0.0,0.0,0.0,8.4e-07,0.0,0.0,0.0,0.0,4.92e-07,0.0,0.0,0.0,0.0,0.0,5.35e-06,0.0,0.0,0.0,0.0,0.0,0.0,0.0,4.28e-05,0.0,0.0,0.0,0.0,0.0,0.0,9.72e-07,0.0,0.0,1.25e-05,0.0,0.0,0.0,0.0,1.34e-06,1.93e-06,2.22e-05,0.0,0.0,0.0,0.0,0.0,0.0,0.0,0.0,0.0,0.0,0.0,0.0,0.0,0.0,0.0,0.0,0.0,0.0,0.0,0.0,6.88e-07,0.0,0.0,0.0,0.0,0.0,0.0,0.0,0.0,0.0,0.0,0.0,0.0,0.0,0.0,5.26e-07,0.0,0.0,0.0,0.0,3.54e-06,0.0,0.0,0.0,0.0,0.0,0.0,0.0,0.0,0.0,0.0,0.0,0.0,0.0,0.0,0.0,0.0,0.0,0.0,0.0,0.0,0.0,0.0,0.0,0.0,0.0,0.0,0.0,0.0,0.0,0.0,3.76e-07,0.0,0.0,0.0,0.0,0.0,0.0,8.45e-07,0.0,0.0,0.0,0.0,0.0,0.0,0.0,0.0,1.14e-06,2.4e-06,0.0,0.0,3.11e-06,0.0,0.0,1.36e-06,0.0,4.89e-07,4.51e-06,0.0,0.0,0.0,0.0,6.87e-06,4.03e-06,9.65e-05,0.0,0.0,0.0,0.0,0.0,7.56e-05,0.000272887,0.0,0.0,0.0,0.0,0.0,0.0,0.0,0.0,3.64e-07,0.0,0.0,9.56e-07,0.0,0.0,0.0,0.0,0.0,0.0,0.0,7.55e-06,0.0,0.0,0.0,0.0,0.0,0.0,0.0,0.0,0.0,0.0,0.0,6.81e-06,0.0,0.0,0.0,0.0,0.0,0.0,3.54e-06,6.95e-05,0.0,0.0,0.0,0.0,0.0,0.0,0.0,0.0,0.0,0.0,0.0,1.38e-05,0.0,0.0,1.29e-06,0.0,2.73e-05,0.0,0.0,0.0,0.0,0.0,0.0,0.0,0.0,2.16e-05,0.0,0.0,0.0,0.0,0.0,0.0,0.0,0.0,0.0,0.0,0.0,0.0,0.000252225,0.0,0.0,0.0,0.0,0.0,6.11e-07,0.0,0.0,0.0,0.0,0.0,0.0,0.0,0.0,0.0,0.0,0.0,0.0,0.0,0.0,0.0,0.0,1.33e-05,0.0,0.0,0.0,0.0,0.0,6.33e-05,0.0,0.0,0.0,0.0,0.0,0.0,0.0,0.0,0.0,0.0,0.0,0.0,0.000573771,2.25e-05,0.0,4.72e-06,4.67e-05,2.96e-05,0.0,0.0,0.0,6.93e-06,0.0,0.0,4.47e-06,0.0,0.0,1.14e-05,0.0,0.0,6.28e-07,2.88e-06,1.78e-05,1.53e-06,7.18e-07,2.44e-06,4.17e-07,8.54e-07,0.0668484,6.57e-05,0.0,0.0,0.0203075,5.56e-05,0.0,0.00202033,0.0155571,0.000101825,0.0,0.0,0.0203856,0.0,0.00127134,7.2e-05,0.0391529,0.00145641,0.0,0.0,3.58e-05,0.0,1.16e-05,0.0,0.0,7.79e-07,0.00189515,0.0,0.0,0.0112944,0.000898041,0.0,6.02e-05,0.00282499,0.0,5.18e-06,0.0,5.8e-07,0.0,4.95e-05,0.0,0.0,0.0,0.0,2.26e-05,0.0,0.0,1.79e-05,5.65e-07,0.0,0.0,0.0,0.0,0.0,0.0,0.0,0.0,0.0,0.0,0.0,0.0,0.0,0.0,0.0,0.0,0.0,0.0,0.0,0.0,0.0,0.0,0.0,0.0,0.0,0.0,0.0,0.0,0.0,0.0,0.0,0.0,0.0,0.0,3.32e-07,0.00200364,0.00122425,0.00413114,1.63e-06,0.000156336,0.00026513,0.00208242,0.000136005,1.46e-06,6.87e-06,0.0,0.00225526,2.67e-06,1.03e-06,0.0,0.0,1.6e-05,0.000448356,0.0,0.0,0.0,0.0,0.0,0.0,0.0,0.0
Reef 331,0.0,0.0,0.0,0.0,0.0,0.0,0.0,0.0,0.0,0.0,0.0,0.0,0.0,0.0,0.0,0.0,0.0,0.0,0.0,0.0,0.0,0.0,0.0,0.0,0.0,0.0,0.0,0.0,0.0,0.0,0.0,0.0,0.0,0.0,0.0,0.0,0.0,4.83e-06,0.0,0.0,0.0,0.0,0.0,0.0,0.0,0.0,0.0,0.0,0.0,0.0,0.0,0.0,0.0,0.0,2.84e-06,0.0,0.0,0.0,0.0,0.0,0.0,0.0,0.0,0.0,0.0,0.0,0.0,0.0,0.0,0.0,0.0,0.0,0.0,0.0,0.0,0.0,0.0,0.0,0.0,0.0,0.0,0.0,0.0,0.0,0.0,0.0,0.0,0.0,0.0,0.0,0.0,0.0,0.0,0.0,0.0,0.0,0.0,0.0,0.0,0.0,0.0,0.0,0.0,0.0,0.0,0.0,0.0,0.0,0.0,0.0,0.0,0.0,0.0,0.0,0.0,0.0,0.0,0.0,0.0,0.0,0.0,0.0,0.0,0.0,0.0,0.0,0.0,0.0,0.0,0.0,0.0,0.0,0.0,0.0,0.0,0.0,0.0,0.0,0.0,0.0,0.0,0.0,0.0,1.79e-06,0.0,0.0,1.39e-05,0.0,0.0,0.0,0.0,7.34e-05,3.32e-06,0.0,0.0,0.0,0.0,0.0,0.0,7.18e-05,0.0,0.0,0.0,0.0,0.0,5.71e-05,0.000206587,0.0,0.0,0.0,0.0,0.0,0.0,0.0,0.0,0.0,0.0,0.0,2.07e-05,0.0,0.0,0.0,0.0,0.0,0.0,0.0,4.91e-06,0.0,0.0,0.0,0.0,0.0,0.0,0.0,0.0,0.0,0.0,0.0,5.57e-06,0.0,0.0,0.0,0.0,0.0,0.0,1.27e-05,1.18e-05,0.0,0.0,0.0,0.0,0.0,0.0,0.0,0.0,0.0,0.0,0.0,2.39e-06,0.0,0.0,0.0,0.0,5.12e-06,0.0,0.0,0.0,0.0,0.0,0.0,0.0,0.0,4.21e-06,0.0,0.0,0.0,0.0,0.0,0.0,0.0,0.0,0.0,0.0,0.0,0.0,5.73e-05,0.0,0.0,0.0,0.0,0.0,2.24e-06,0.0,0.0,0.0,0.0,0.0,0.0,0.0,0.0,0.0,0.0,0.0,0.0,0.0,0.0,0.0,0.0,7.03e-05,0.0,0.0,0.0,0.0,0.0,5.97e-06,0.0,0.0,0.0,0.0,0.0,0.0,0.0,0.0,0.0,0.0,0.0,0.0,0.000356093,1.76e-06,0.0,5.03e-05,4.05e-06,3.03e-06,0.0,0.0,0.0,5.35e-06,0.0,0.0,1.79e-06,0.0,0.0,9.22e-06,0.0,0.0,0.0,1.28e-05,0.0,4.44e-06,4.57e-05,0.0,0.0,0.0,0.0290356,0.000133376,0.0,0.0,0.0154466,0.00016145,0.0,0.00505636,0.00762146,0.00041328,0.0,0.0,0.0284701,0.0,0.00988005,0.00109544,0.118138,0.0146768,0.0,0.0,0.00112134,0.0,0.000375077,0.0,0.0,1.76e-06,0.00274919,0.0,0.0,0.0068391,0.00126244,1.67e-06,8.79e-05,0.00410594,0.0,0.000124836,0.0,1.39e-05,4.91e-06,0.00116407,4.34e-06,0.0,0.0,0.0,7.51e-05,0.0,0.0,6.44e-05,1.29e-05,0.0,0.0,0.0,0.0,0.0,0.0,0.0,0.0,0.0,0.0,0.0,0.0,0.0,0.0,0.0,0.0,0.0,0.0,0.0,0.0,0.0,0.0,0.0,0.0,0.0,0.0,0.0,0.0,0.0,0.0,0.0,0.0,0.0,0.0,0.0,2.02e-06,0.00138946,3.19e-06,0.0,0.000107486,0.000203997,0.00134726,0.000105385,0.0,6.06e-06,0.0,5.84e-06,6.5e-05,0.0,0.0,0.0,1.43e-05,3.94e-06,0.0,0.0,0.0,0.0,0.0,0.0,0.0,0.0
Reef 332,0.0,0.0,0.0,0.0,0.0,0.0,0.0,0.0,0.0,0.0,0.0,0.0,0.0,0.0,0.0,0.0,0.0,0.0,0.0,0.0,0.0,0.0,0.0,0.0,0.0,0.0,0.0,0.0,0.0,0.0,0.0,0.0,0.0,0.0,0.0,0.0,0.0,0.0,0.0,0.0,0.0,0.0,0.0,0.0,0.0,0.0,0.0,0.0,0.0,0.0,0.0,0.0,0.0,0.0,0.0,0.0,0.0,0.0,0.0,0.0,0.0,0.0,0.0,0.0,0.0,0.0,0.0,0.0,0.0,0.0,0.0,0.0,0.0,0.0,0.0,0.0,0.0,0.0,0.0,0.0,0.0,0.0,0.0,0.0,0.0,0.0,0.0,0.0,0.0,0.0,0.0,0.0,0.0,0.0,0.0,0.0,0.0,0.0,0.0,0.0,0.0,0.0,0.0,0.0,0.0,0.0,0.0,0.0,0.0,0.0,0.0,0.0,0.0,0.0,0.0,0.0,0.0,0.0,0.0,0.0,0.0,0.0,0.0,0.0,0.0,0.0,0.0,0.0,0.0,0.0,0.0,0.0,0.0,0.0,0.0,0.0,0.0,0.0,0.0,0.0,0.0,0.0,0.0,0.0,0.0,0.0,0.0,0.0,0.0,0.0,0.0,0.0,0.0,0.0,0.0,0.0,0.0,0.0,0.0,1.66e-05,1.77e-05,0.0,0.0,0.0,0.0,0.0,3.01e-05,0.0,0.0,0.0,0.0,0.0,1.75e-05,0.0,0.0,0.0,0.0,0.0,0.0,0.0,0.0,0.0,0.0,0.0,0.0,9.12e-05,0.0,0.0,0.0,0.0,0.0,0.0,0.0,0.0,0.0,0.0,0.0,0.0,0.0,0.0,1.02e-05,0.0,0.0,0.0,0.0,0.0,0.0,0.0,0.0,7.47e-05,0.0,0.0,3.06e-05,2.85e-05,0.0,0.0,0.0,0.0,0.0,0.0,0.0,0.0,0.0,0.0,2.14e-05,0.0,5.82e-05,0.0,0.0,0.0,6.16e-05,0.0,0.0,3.47e-05,0.0,0.0,0.0,0.0,6.19e-05,0.0,0.000460093,6.71e-05,0.0,0.0,0.000129601,0.0,0.0,1.72e-05,0.000344851,0.0,2.65e-05,0.0,1.42e-05,0.000247187,0.000109105,0.0,9.78e-06,0.000349955,0.00013583,0.0,0.000386643,9.59e-05,1.89e-05,0.0,0.000671268,7.12e-05,0.000713047,0.0011374,0.0,0.000918899,0.000117502,0.000201988,0.000126657,0.00697324,0.0,5.13e-05,6.77e-05,2.67e-05,1.68e-05,3.19e-05,0.0,0.000360899,0.000927608,0.000130151,1.26e-05,2.24e-05,0.000228607,0.0,0.0,9.28e-05,0.0,0.0,0.0,0.00157482,0.000167701,0.000289951,0.0,1.23e-05,0.000299189,0.0,4.24e-05,0.000193014,0.0,0.00013674,1.79e-05,0.0,0.0,0.0,0.0,0.0,0.0,0.0,0.0,0.0,0.0,0.000144673,0.000240202,0.0,0.0,0.00108148,0.0,0.0,0.0,3.12e-05,1.49e-05,0.0,9.34e-05,0.0,0.0,0.0,0.0,9.32e-05,1.01e-05,0.0,0.0,0.0,0.0,0.0,0.0,0.0,0.00164262,0.0,0.0,0.0,0.0,0.0,0.0,5.4e-05,0.0,2.18e-05,0.0,0.0,0.0,0.0,0.0,1.36e-05,0.0,0.0,0.0,0.0,0.0,0.0,0.0,0.0,0.0,0.0,0.0,0.0,0.0,0.0,0.0,0.0,0.0,0.0,0.0,0.0,0.0,0.0,0.0,0.0,0.0,0.0,0.0,0.0,0.0,0.0,0.0,0.0,0.0,0.0,0.0,0.0,0.0,0.0,0.0,0.0,0.0,0.0,0.0,0.0,0.0,0.0,0.0,0.0,0.0,0.0,0.0,0.0,0.0,0.0,0.0,0.0,0.0,0.0,0.0,0.0,0.0,0.0,0.0,0.0,0.0,0.0,0.0
Reef 333,4.81e-06,0.0,0.0,0.0,0.0,0.0,0.0,0.0,0.0,0.0,0.0,0.0,0.0,0.0,0.0,0.0,0.0,0.0,0.0,0.0,0.0,0.0,0.0,0.0,0.0,0.0,0.0,0.0,0.0,0.0,0.0,0.0,0.0,0.0,0.0,0.0,0.0,0.0,0.0,0.0,0.0,0.0,0.0,0.0,0.0,0.0,0.0,0.0,0.0,0.0,0.0,0.0,0.0,0.0,0.0,0.0,0.0,0.0,0.0,0.0,0.0,0.0,0.0,0.0,0.0,0.0,0.0,0.0,0.0,0.0,0.0,0.0,0.0,0.0,0.0,0.0,0.0,0.0,0.0,0.0,0.0,0.0,0.0,0.0,0.0,0.0,0.0,0.0,0.0,0.0,0.0,0.0,0.0,0.0,0.0,0.0,0.0,0.0,0.0,0.0,0.0,0.0,0.0,0.0,0.0,0.0,0.0,0.0,0.0,0.0,0.0,0.0,0.0,0.0,0.0,0.0,0.0,0.0,0.0,0.0,0.0,0.0,0.0,0.0,0.0,0.0,0.0,0.0,0.0,0.0,0.0,0.0,0.0,0.0,0.0,0.0,0.0,0.0,0.0,0.0,0.0,0.0,0.0,0.0,0.0,0.0,0.0,0.0,0.0,0.0,0.0,0.0,0.0,0.0,0.0,0.0,0.0,0.0,0.0,1.37e-06,1.58e-06,0.0,0.0,0.0,0.0,0.0,2.51e-06,0.0,0.0,0.0,0.0,0.0,2.64e-06,0.0,0.0,0.0,0.0,0.0,0.0,0.0,0.0,0.0,0.0,0.0,0.0,7.63e-06,0.0,0.0,0.0,0.0,0.0,0.0,0.0,0.0,0.0,0.0,0.0,0.0,0.0,0.0,0.0,0.0,0.0,0.0,0.0,0.0,0.0,0.0,0.0,6.35e-06,0.0,0.0,2.28e-06,2.38e-06,0.0,0.0,0.0,0.0,0.0,0.0,0.0,0.0,0.0,0.0,1.94e-06,0.0,5.57e-06,0.0,0.0,0.0,4.79e-06,0.0,0.0,3.24e-06,0.0,0.0,0.0,0.0,2.42e-05,0.0,4.68e-05,5.57e-06,0.0,0.0,9.63e-06,0.0,0.0,1.51e-06,2.77e-05,0.0,3.57e-06,0.0,1.45e-06,2.12e-05,1.1e-05,0.0,0.0,3.22e-05,1.73e-05,0.0,3.89e-05,7.62e-06,1.45e-06,0.0,6.93e-05,6.41e-06,5.97e-05,9.56e-05,0.0,8.25e-05,1.08e-05,2.53e-05,1.32e-05,0.000684345,0.0,5e-06,6.85e-06,3.28e-06,0.00168027,2.99e-06,0.0,3.71e-05,7.87e-05,1.95e-05,1.05e-06,7.26e-05,0.00109952,0.0,0.0,8.63e-06,0.0,0.0,0.0,0.00128744,0.000241349,0.00103025,0.0,1.13e-06,2.72e-05,0.0,1.8e-05,0.000110101,0.0,4.43e-05,0.000396539,0.0,0.0,0.0,0.0,0.0,0.0,0.0,0.0,0.0,0.0,2.22e-05,0.00012384,0.0,0.0,0.000212267,0.0,0.0,0.0,5.83e-06,0.000122802,0.0,9.59e-06,0.0,0.0,0.0,0.0,2.39e-05,0.055334,0.0,0.0,0.0,0.0,0.0,0.0,0.0,1.18e-06,0.0,0.0,0.0,0.0,0.0,0.0,3.46e-06,0.0,0.000113884,0.0,0.0,0.0,0.0,0.0,9.02e-05,0.0,0.0,0.0,0.0,0.0,0.0,0.0,0.0,2.82e-05,0.0,0.0,0.0,0.0,0.0,0.0,0.0,0.0,0.0,0.0,0.0,0.0,0.0,0.0,0.0,0.0,0.0,0.0,0.0,0.0,0.0,0.0,0.0,0.0,0.0,0.0,0.0,0.0,0.0,0.0,0.0,0.0,0.0,0.0,0.0,0.0,0.0,0.0,0.0,0.0,0.0,0.0,0.0,0.0,0.0,0.0,0.0,0.0,0.0,0.0,0.0,0.0,0.0,0.0,0.0,0.0,0.0,0.0
Reef 334,0.0,0.0,0.0,0.0,0.0,0.0,0.0,0.0,0.0,0.0,0.0,0.0,0.0,0.0,0.0,0.0,0.0,0.0,0.0,0.0,0.0,0.0,0.0,0.0,0.0,0.0,0.0,0.0,0.0,0.0,0.0,0.0,0.0,0.0,0.0,0.0,0.0,0.0,0.0,0.0,0.0,0.0,0.0,0.0,0.0,0.0,0.0,0.0,0.0,0.0,0.0,0.0,0.0,0.0,0.0,0.0,0.0,0.0,0.0,0.0,0.0,0.0,0.0,0.0,0.0,0.0,0.0,0.0,0.0,0.0,0.0,0.0,0.0,0.0,0.0,0.0,0.0,0.0,0.0,0.0,0.0,0.0,0.0,0.0,0.0,0.0,0.0,0.0,0.0,0.0,0.0,0.0,0.0,0.0,0.0,0.0,0.0,0.0,0.0,0.0,0.0,0.0,0.0,0.0,0.0,0.0,0.0,0.0,0.0,0.0,0.0,0.0,0.0,0.0,0.0,0.0,0.0,0.0,0.0,0.0,0.0,0.0,0.0,0.0,0.0,0.0,0.0,0.0,0.0,0.0,0.0,0.0,0.0,0.0,0.0,0.0,0.0,0.0,0.0,0.0,0.0,0.0,0.0,0.0,0.0,0.0,2.85e-06,0.0,0.0,0.0,0.0,1.57e-05,0.0,0.0,0.0,0.0,0.0,0.0,0.0,1.56e-05,0.0,0.0,0.0,0.0,0.0,1.29e-05,4.68e-05,0.0,0.0,0.0,0.0,0.0,0.0,0.0,0.0,0.0,0.0,0.0,2.68e-05,0.0,0.0,0.0,0.0,0.0,0.0,0.0,0.000117494,0.0,0.0,0.0,0.0,0.0,0.0,0.0,0.0,0.0,0.0,0.0,0.000119674,0.0,0.0,0.0,0.0,0.0,0.0,1.2e-06,2.96e-06,0.0,0.0,0.0,0.0,0.0,0.0,0.0,0.0,0.0,0.0,0.0,8.59e-06,0.0,0.0,0.0,0.0,1.25e-06,0.0,0.0,0.0,0.0,0.0,0.0,0.0,0.0,1.08e-06,0.0,0.0,0.0,0.0,0.0,0.0,0.0,0.0,0.0,0.0,0.0,0.0,1.54e-05,0.0,0.0,0.0,0.0,0.0,3.06e-06,0.0,0.0,0.0,0.0,0.0,0.0,0.0,0.0,0.0,0.0,0.0,0.0,0.0,0.0,0.0,0.0,1.33e-05,0.0,0.0,0.0,0.0,0.0,1.92e-06,0.0,0.0,0.0,0.0,0.0,0.0,0.0,0.0,0.0,0.0,0.0,0.0,0.000152571,8.37e-06,0.0,7.83e-06,2.08e-05,1.14e-06,0.0,0.0,0.0,1.44e-06,0.0,0.0,0.000149908,0.0,0.0,2.68e-06,0.0,0.0,0.0,8.72e-06,0.0,4.76e-06,2.21e-06,0.0,0.0,0.0,0.0191363,0.000121218,0.0,0.0,0.00736493,0.000186577,0.0,0.00433281,0.00296595,0.000475491,0.0,0.0,0.0142407,0.0,0.0258889,0.00159552,0.146563,0.0271621,0.0,0.0,0.0266553,0.0,0.0422518,0.0,0.0,0.00110691,0.00320975,0.0,0.0,0.00424507,0.00201366,6.08e-06,9.26e-05,0.00343117,0.0,0.000963911,0.0,0.000104206,4.01e-05,0.00746715,3.24e-05,0.0,0.0,0.0,0.000232034,0.0,0.0,0.000239003,0.000168545,0.0,0.0,0.0,0.0,0.0,0.0,0.0,0.0,0.0,0.0,0.0,0.0,0.0,0.0,0.0,0.0,0.0,0.0,0.0,0.0,0.0,0.0,0.0,0.0,0.0,0.0,0.0,0.0,0.0,0.0,0.0,0.0,0.0,0.0,0.0,1.39e-05,5.55e-06,2.2e-05,1.24e-06,2.08e-06,4.99e-06,4.85e-06,7.84e-07,1.04e-06,5.3e-06,0.0,4.01e-05,0.00045237,0.0,0.0,0.0,1.07e-05,3.33e-05,0.0,0.0,0.0,0.0,0.0,0.0,0.0,0.0
Reef 335,0.0,0.0,0.0,0.0,0.0,0.0,0.0,0.0,0.0,0.0,0.0,0.0,0.0,1.87e-06,6.04e-06,0.0,0.0,0.0,2.85e-06,0.0,0.0,0.0,0.0,1.13e-05,0.0,0.0,0.0,0.0,0.0,1.09e-05,0.0,0.0,0.0,0.0,0.0,0.0,0.0,8.11e-05,0.0,0.0,0.0,0.0,0.0,0.0,6.68e-07,0.0,7.12e-07,2.47e-05,0.0,0.0,0.0,0.0,4.39e-06,7.13e-06,8.71e-05,0.0,0.0,0.0,0.0,0.0,0.0,0.0,0.0,0.0,0.0,0.0,0.0,0.0,0.0,0.0,0.0,0.0,0.0,0.0,0.0,7.6e-07,0.0,0.0,0.0,0.0,0.0,0.0,0.0,0.0,0.0,0.0,0.0,0.0,0.0,0.0,6.05e-07,0.0,0.0,0.0,0.0,6.32e-06,0.0,0.0,0.0,0.0,0.0,0.0,0.0,0.0,0.0,0.0,0.0,0.0,0.0,0.0,0.0,0.0,0.0,0.0,0.0,0.0,0.0,0.0,3.02e-05,0.0,0.0,0.0,0.0,0.0,8.05e-07,0.0,0.000292366,0.0,0.0,0.0,0.0,0.0,0.0,3.35e-06,0.0,0.0,0.0,0.0,0.0,0.0,0.0,5.04e-07,4.3e-06,9.17e-07,0.0,0.0,0.000500526,0.0,0.0,1.61e-06,0.0,3.97e-05,4.22e-06,0.0,0.0,0.0,0.0,2.17e-05,1.31e-05,5.87e-07,0.0,0.0,0.0,0.0,0.0,2.41e-05,4.36e-05,0.0,0.0,5.34e-07,0.0,0.0,0.0,0.0,0.0,3.64e-06,0.0,0.0,7.51e-05,0.0,0.0,5.74e-07,0.0,0.0,0.0,0.0,0.000205328,0.0,0.0,0.0,0.0,0.0,0.0,0.0,0.0,0.0,0.0,0.0,0.000139148,0.0,0.0,0.0,0.0,0.0,0.0,9.18e-05,0.000896357,0.0,0.0,0.0,0.0,0.0,0.0,0.0,0.0,0.0,0.0,0.0,0.000166334,0.0,0.0,1.22e-05,0.0,0.000271208,0.0,0.0,6.61e-06,0.0,0.0,0.0,0.0,0.0,0.000247115,0.0,0.0,0.0,0.0,0.0,0.0,0.0,0.0,0.0,0.0,0.0,0.0,0.0014579,0.0,0.0,0.0,0.0,0.0,4.29e-05,0.0,0.0,0.0,0.0,0.0,0.0,0.0,0.0,0.0,0.0,0.0,0.0,0.0,0.0,0.0,0.0,1.28e-06,0.0,0.0,0.0,0.0,0.0,7.41e-06,0.0,0.0,0.0,0.0,0.0,0.0,0.0,0.0,0.0,0.0,0.0,0.0,0.000550786,1.9e-05,0.0,2.1e-05,6.53e-07,1.03e-06,0.0,0.0,0.0,2.31e-06,0.0,0.0,4.56e-05,0.0,0.0,0.00154419,0.0,0.0,0.0,9.42e-06,0.0,0.0,0.0,0.0,0.0,0.0,7.25e-07,2.01e-06,0.0,0.0,1.58e-06,8.93e-06,0.0,2.88e-05,0.000136405,2.15e-06,0.0,0.0,8.46e-07,0.0,8.5e-05,2.99e-05,6.86e-05,1.16e-05,0.0,0.0,2.24e-05,0.00525766,6.71e-06,0.00271657,0.0,1.77e-05,2.7e-06,0.0,1.01e-05,2.12e-05,8e-07,0.000310473,4.4e-05,9.17e-07,0.0,1.95e-05,0.0,1.94e-05,0.00715757,8.05e-05,0.00422606,0.0,0.0,0.0,0.00182129,0.0,0.0,0.00343634,0.00686209,0.0,0.0,0.0,0.0,0.0,0.0,0.0,0.0,0.0,0.0,0.0,0.0,0.0,0.0,0.0,0.0,0.0,0.0,0.0,0.0,0.0,0.0,0.0,0.0,0.0,0.0,0.0,0.0,0.0,0.0,0.0,0.0,0.0,0.0,1.31e-06,0.00564235,0.00163609,0.00205339,5.66e-07,0.000463571,1.38e-06,0.000704278,6.94e-05,0.0,1.22e-06,0.0,2.69e-05,0.00603509,0.0,0.0,0.0,3.48e-05,9.17e-07,0.0,0.0,0.0,0.0,0.0,0.0,0.0,0.0
Reef 336,0.0,0.0,0.0,0.0,0.0,0.0,0.0,0.0,0.0,0.0,0.0,0.0,0.0,0.0,0.0,0.0,0.0,0.0,0.0,0.0,0.0,0.0,0.0,0.0,0.0,0.0,0.0,0.0,0.0,0.0,0.0,0.0,0.0,0.0,0.0,0.0,0.0,0.0,0.0,0.0,0.0,0.0,0.0,0.0,0.0,0.0,0.0,0.0,0.0,0.0,0.0,0.0,0.0,0.0,0.0,0.0,0.0,0.0,0.0,0.0,0.0,0.0,0.0,0.0,0.0,0.0,0.0,0.0,0.0,0.0,0.0,0.0,0.0,0.0,0.0,0.0,0.0,0.0,0.0,0.0,0.0,0.0,0.0,0.0,0.0,0.0,0.0,0.0,0.0,0.0,0.0,0.0,0.0,0.0,0.0,0.0,0.0,0.0,0.0,0.0,0.0,0.0,0.0,0.0,0.0,0.0,0.0,0.0,0.0,0.0,0.0,0.0,0.0,0.0,0.0,0.0,0.0,0.0,0.0,0.0,0.0,0.0,0.0,0.0,0.0,0.0,0.0,0.0,0.0,0.0,0.0,0.0,0.0,0.0,0.0,0.0,0.0,0.0,0.0,0.0,0.0,0.0,0.0,0.0,0.0,0.0,0.0,0.0,0.0,0.0,0.0,2.38e-06,0.0,0.0,0.0,0.0,0.0,0.0,0.0,2.39e-06,0.0,0.0,0.0,0.0,0.0,2.11e-06,7.71e-06,0.0,0.0,0.0,0.0,0.0,0.0,0.0,0.0,0.0,0.0,0.0,8.4e-06,0.0,0.0,0.0,0.0,0.0,0.0,0.0,3.76e-05,0.0,0.0,0.0,0.0,0.0,0.0,0.0,0.0,0.0,0.0,0.0,3.97e-05,0.0,0.0,0.0,0.0,0.0,0.0,5.4e-07,7.49e-07,0.0,0.0,0.0,0.0,0.0,0.0,0.0,0.0,0.0,0.0,0.0,3.94e-06,0.0,0.0,0.0,0.0,6.5e-06,0.0,0.0,0.0,0.0,0.0,0.0,0.0,0.0,1.01e-05,0.0,0.0,0.0,0.0,0.0,0.0,0.0,0.0,0.0,0.0,0.0,0.0,4.63e-06,0.0,0.0,0.0,0.0,0.0,1.06e-06,0.0,0.0,0.0,0.0,0.0,0.0,0.0,0.0,0.0,0.0,0.0,0.0,0.0,0.0,0.0,0.0,3.32e-06,0.0,0.0,0.0,0.0,0.0,6.65e-07,0.0,0.0,0.0,0.0,0.0,0.0,0.0,0.0,0.0,0.0,0.0,0.0,7.51e-05,3.84e-06,0.0,3.45e-06,1.05e-05,2.96e-05,0.0,0.0,0.0,7.11e-07,0.0,0.0,0.00022835,0.0,0.0,1.31e-06,0.0,0.0,0.0,1.58e-05,0.0,5.83e-06,5.87e-07,0.0,0.0,0.0,0.023856,6.31e-05,0.0,0.0,0.00639399,8.32e-05,0.0,0.00226601,0.00335224,0.000237824,0.0,0.0,0.0143974,0.0,0.0149904,0.00154427,0.0953371,0.0209506,0.0,0.0,0.00694804,0.0,0.0547727,0.0,0.0,9.19e-05,0.00082976,0.0,0.0,0.000324392,0.00250361,4.49e-06,4.72e-05,0.00074838,0.0,0.00110813,0.0,0.000120381,4.49e-05,0.00818524,3.46e-05,0.0,0.0,0.0,0.00137953,0.0,0.0,0.00280964,0.000218623,0.0,0.0,0.0,0.0,0.0,0.0,0.0,0.0,0.0,0.0,0.0,0.0,0.0,0.0,0.0,0.0,0.0,0.0,0.0,0.0,0.0,0.0,0.0,0.0,0.0,0.0,0.0,0.0,0.0,0.0,0.0,0.0,0.0,0.0,0.0,1.5e-05,6.06e-06,2.38e-05,5.04e-07,3.12e-06,5.78e-06,9e-06,9.02e-07,0.0,2.14e-06,0.0,4.38e-05,0.000490714,0.0,0.0,0.0,5e-06,4.12e-05,0.0,0.0,0.0,0.0,0.0,0.0,0.0,0.0
Reef 337,0.0,0.0,0.0,0.0,0.0,0.0,0.0,0.0,0.0,0.0,0.0,0.0,0.0,6.01e-06,0.0,0.0,0.0,0.0,0.0,0.0,0.0,0.0,0.0,3.03e-05,0.0,0.0,0.0,0.0,0.0,0.0,0.0,0.0,0.0,0.0,0.0,0.0,0.0,0.000191845,0.0,0.0,0.0,0.0,0.0,0.0,3.61e-06,5.43e-07,1.83e-06,5.87e-05,0.0,0.0,0.0,0.0,1.38e-05,1.88e-05,0.000215917,0.0,0.0,0.0,0.0,0.0,0.0,0.0,0.0,0.0,0.0,0.0,0.0,0.0,0.0,0.0,0.0,0.0,0.0,0.0,0.0,5.08e-07,0.0,0.0,0.0,0.0,0.0,0.0,0.0,0.0,0.0,0.0,0.0,0.0,0.0,0.0,3.17e-07,0.0,0.0,0.0,0.0,0.0,0.0,0.0,0.0,0.0,0.0,0.0,0.0,0.0,0.0,0.0,0.0,0.0,0.0,0.0,0.0,0.0,0.0,0.0,0.0,0.0,0.0,0.0,6.01e-05,0.0,0.0,0.0,0.0,0.0,0.0,0.0,0.000535975,0.0,0.0,0.0,0.0,0.0,0.0,0.0,0.0,0.0,0.0,0.0,0.0,0.0,0.0,0.0,0.0,3.79e-07,0.0,0.0,0.00122091,0.0,0.0,0.0,0.0,9.57e-05,0.0,0.0,0.0,0.0,0.0,1.08e-06,3.83e-07,4.81e-07,0.0,0.0,0.0,0.0,0.0,1.48e-05,3.9e-05,0.0,0.0,0.0,0.0,0.0,0.0,0.0,0.0,0.0,0.0,0.0,0.000240918,0.0,0.0,0.0,0.0,0.0,0.0,0.0,0.000678287,0.0,0.0,0.0,0.0,0.0,0.0,0.0,0.0,0.0,0.0,0.0,0.000549878,0.0,0.0,0.0,0.0,0.0,0.0,0.000448244,0.00264572,0.0,0.0,0.0,0.0,0.0,0.0,0.0,0.0,0.0,0.0,0.0,0.000778575,0.0,0.0,0.0,0.0,0.00123946,0.0,0.0,7.96e-07,0.0,0.0,0.0,0.0,0.0,0.00109682,0.0,0.0,0.0,0.0,0.0,0.0,0.0,0.0,0.0,0.0,0.0,0.0,0.00635973,0.0,0.0,0.0,0.0,0.0,0.000178131,0.0,0.0,0.0,0.0,0.0,0.0,0.0,0.0,0.0,0.0,0.0,0.0,0.0,0.0,0.0,0.0,5.43e-06,0.0,0.0,0.0,0.0,0.0,3.34e-05,0.0,0.0,0.0,0.0,0.0,0.0,0.0,0.0,0.0,0.0,0.0,0.0,0.00190255,9.01e-07,0.0,7.53e-07,2.25e-06,3.8e-06,0.0,0.0,0.0,3.12e-07,0.0,0.0,1.48e-05,0.0,0.0,0.00106445,0.0,0.0,0.0,6.14e-07,0.0,3.37e-07,0.0,0.0,0.0,0.0,1.66e-06,8.25e-05,0.0,0.0,0.000296893,0.000127512,0.0,0.00118541,4.65e-05,0.000119537,0.0,0.0,6.87e-05,0.0,0.00202428,4.19e-06,0.00266467,0.000381195,0.0,0.0,0.000553233,5.8e-07,0.000391849,0.000162599,0.0,0.000380601,4.2e-05,0.0,9.07e-07,0.000267086,2.45e-05,0.000973273,7.75e-07,2.43e-05,0.0,0.000879656,0.0,0.000195568,2.66e-06,3.15e-07,8.32e-06,0.0,0.0,0.0,5.92e-06,0.0,0.0,9.49e-06,1.91e-06,0.0,0.0,0.0,0.0,0.0,0.0,0.0,0.0,0.0,0.0,0.0,0.0,0.0,0.0,0.0,0.0,0.0,0.0,0.0,0.0,0.0,0.0,0.0,0.0,0.0,0.0,0.0,0.0,0.0,0.0,0.0,0.0,0.0,0.0,3.4e-06,4.59e-06,1.21e-06,1.3e-06,1.39e-06,1.44e-05,8.72e-06,7.71e-05,1.33e-06,6.67e-07,6.86e-06,0.0,4.58e-05,3e-06,8.47e-07,0.0,0.0,5.12e-07,7.63e-05,0.0,0.0,0.0,0.0,0.0,0.0,0.0,0.0
Reef 338,0.0,0.0,0.0,0.0,0.0,0.0,0.0,0.0,0.0,0.0,0.0,0.0,0.0,0.0,0.0,0.0,0.0,0.0,0.0,0.0,0.0,0.0,0.0,0.0,0.0,0.0,0.0,0.0,0.0,0.0,0.0,0.0,0.0,0.0,0.0,0.0,0.0,0.0,0.0,0.0,0.0,0.0,0.0,0.0,0.0,0.0,0.0,0.0,0.0,0.0,0.0,0.0,0.0,0.0,0.0,0.0,0.0,0.0,0.0,0.0,0.0,0.0,0.0,0.0,0.0,0.0,0.0,0.0,0.0,0.0,0.0,0.0,0.0,0.0,0.0,0.0,0.0,0.0,0.0,0.0,0.0,0.0,0.0,0.0,0.0,0.0,0.0,0.0,0.0,0.0,0.0,0.0,0.0,0.0,0.0,0.0,0.0,0.0,0.0,0.0,0.0,0.0,0.0,0.0,0.0,0.0,0.0,0.0,0.0,0.0,0.0,0.0,0.0,0.0,0.0,0.0,0.0,0.0,0.0,0.0,0.0,0.0,0.0,0.0,0.0,0.0,0.0,0.0,0.0,0.0,0.0,0.0,0.0,0.0,0.0,0.0,0.0,0.0,0.0,0.0,0.0,0.0,0.0,0.0,0.0,0.0,0.0,0.0,0.0,0.0,0.0,0.0,0.0,0.0,0.0,0.0,0.0,0.0,0.0,0.0,0.0,0.0,0.0,0.0,0.0,0.0,0.0,0.0,0.0,0.0,0.0,0.0,0.0,0.0,0.0,0.0,0.0,0.0,0.0,0.0,0.0,0.0,0.0,0.0,0.0,0.0,0.0,0.0,0.0,0.0,0.0,0.0,0.0,0.0,0.0,0.0,0.0,0.0,0.0,0.0,0.0,0.0,0.0,0.0,0.0,0.0,0.0,0.0,0.0,0.0,0.0,0.0,0.0,0.0,0.0,0.0,0.0,0.0,0.0,0.0,0.0,0.0,0.0,0.0,0.0,0.0,0.0,0.0,0.0,0.0,0.0,0.0,0.0,0.0,0.0,0.0,0.0,0.0,0.00211632,0.0,0.00156406,0.0,0.0,0.0,0.0,0.0,0.0,0.0,0.0,0.0,0.0,0.0,0.0,0.0,0.0,0.0,0.0,0.0,0.00147974,0.0,0.00152607,0.0,0.0,0.0,0.002707,0.0,0.00200971,0.0,0.0,0.00231759,0.0,0.00138697,0.0,0.00233282,0.0,0.0,0.0,0.0,0.0,0.0,0.0,0.00155463,0.00163778,0.0,0.0,0.0,0.00116194,0.0,0.0,0.0,0.0,0.0,0.0,0.00139282,0.0,0.00246843,0.0,0.0,0.0,0.0,0.0,0.00147067,0.0,0.0,0.0136858,0.0,0.0,0.0,0.0,0.0,0.0,0.0,0.0,0.0,0.0,0.0,0.00200952,0.0,0.0,0.0,0.0,0.0,0.0,0.0,0.00248699,0.0,0.0,0.0,0.0,0.0,0.0,0.00713704,0.0101111,0.0,0.0,0.0,0.0,0.0,0.0,0.0,0.00784817,0.0,0.0,0.0,0.0,0.0,0.0,0.0,0.0,0.0,0.0,0.0,0.0,0.0,0.0,0.0,0.0,0.0,0.0,0.0,0.0,0.0,0.0,0.0,0.0,0.0,0.0,0.0,0.0,0.0,0.0,0.0,0.0,0.0,0.0,0.0,0.0,0.0,0.0,0.0,0.0,0.0,0.0,0.0,0.0,0.0,0.0,0.0,0.0,0.0,0.0,0.0,0.0,0.0,0.0,0.0,0.0,0.0,0.0,0.0,0.0,0.0,0.0,0.0,0.0,0.0,0.0,0.0,0.0,0.0,0.0,0.0,0.0,0.0,0.0,0.0,0.0,0.0,0.0,0.0,0.0,0.0,0.0
Reef 339,0.0,0.0,0.0,0.0,0.0,0.0,0.0,0.0,0.0,0.0,0.0,0.0,0.0,0.0,0.0,0.0,0.0,0.0,0.0,0.0,0.0,0.0,0.0,0.0,0.0,0.0,0.0,0.0,0.0,0.0,0.0,0.0,0.0,0.0,0.0,0.0,0.0,0.0,0.0,0.0,0.0,0.0,0.0,0.0,0.0,0.0,0.0,0.0,0.0,0.0,0.0,0.0,0.0,0.0,0.0,0.0,0.0,0.0,0.0,0.0,0.0,0.0,0.0,0.0,0.0,0.0,0.0,0.0,0.0,0.0,0.0,0.0,0.0,0.0,0.0,0.0,0.0,0.0,0.0,0.0,0.0,0.0,0.0,0.0,0.0,0.0,0.0,0.0,0.0,0.0,0.0,0.0,0.0,0.0,0.0,0.0,0.0,0.0,0.0,0.0,0.0,0.0,0.0,0.0,0.0,0.0,0.0,0.0,0.0,0.0,0.0,0.0,0.0,0.0,0.0,0.0,0.0,0.0,0.0,0.0,0.0,0.0,0.0,0.0,0.0,0.0,0.0,0.0,0.0,0.0,0.0,0.0,0.0,0.0,0.0,0.0,0.0,0.0,0.0,0.0,0.0,0.0,0.0,0.0,0.0,0.0,0.0,0.0,0.0,0.0,0.0,0.0,0.0,0.0,0.0,0.0,0.0,0.0,0.0,0.0,0.0,0.0,0.0,0.0,0.0,0.0,0.0,0.0,0.0,0.0,0.0,0.0,0.0,0.0,0.0,0.0,0.0,0.0,2.92e-05,0.0,0.0,0.0,0.0,0.0,0.0,0.0,9.61e-07,0.0,0.0,0.0,0.0,0.0,0.0,0.0,0.0,0.0,0.0,0.0,1.03e-06,0.0,0.0,0.0,0.0,0.0,0.0,0.000268804,5.89e-06,0.0,0.0,0.0,0.0,0.0,0.0,0.0,0.0,0.0,0.0,0.0,1.91e-06,0.0,0.0,0.0,0.0,1.46e-06,0.0,0.0,0.0,0.0,0.0,0.0,0.0,0.0,1.25e-06,0.0,0.0,0.0,0.0,0.0,0.0,0.0,0.0,0.0,0.0,0.0,0.0,1.4e-05,0.0,0.0,0.0,0.0,0.0,1.49e-06,0.0,0.0,0.0,0.0,0.0,0.0,0.0,0.0,0.0,0.0,0.0,0.0,0.0,0.0,0.0,0.0,0.000481839,0.0,0.0,0.0,0.0,0.0,0.00195083,0.0,0.0,0.0,0.0,0.0,0.0,0.0,0.0,0.0,0.0,0.0,0.0,6.22e-05,0.000245742,0.0,5.42e-05,0.000703644,1.45e-06,0.0,0.0,0.0,3.07e-05,0.0,0.0,7.31e-05,0.0,0.0,7.29e-05,0.0,0.0,0.0,2.28e-06,0.0,3.22e-06,0.0,0.0,0.0,0.0,0.0185592,0.000148226,0.0,0.0,0.00379394,0.000203252,0.0,0.00313435,0.00135388,0.000375954,0.0,0.0,0.00476187,0.0,0.0312764,0.000480029,0.0720533,0.0232484,0.0,0.0,0.0515138,0.0,0.122357,4.33e-06,0.0,0.0495352,0.000143587,0.0,0.0,2.88e-05,2.77e-06,4.72e-06,0.000108535,0.00287329,0.0,1.54e-05,0.0,2.35e-06,2.56e-06,3.52e-06,7.28e-05,0.0,0.0,0.0,0.000490227,0.0,0.0,0.000796164,4.66e-06,0.0,0.0,0.0,0.0,0.0,0.0,0.0,0.0,0.0,0.0,0.0,0.0,0.0,0.0,0.0,0.0,0.0,0.0,0.0,0.0,0.0,0.0,0.0,0.0,0.0,0.0,0.0,0.0,0.0,0.0,0.0,0.0,0.0,0.0,0.0,2.57e-05,1.04e-05,4.04e-05,1.09e-06,8.82e-06,1.13e-05,3.38e-05,1.76e-06,8.79e-07,4.61e-06,0.0,7.65e-05,0.00084248,0.0,0.0,0.0,7.14e-06,9.1e-05,0.0,0.0,0.0,0.0,0.0,0.0,0.0,0.0
Reef 340,0.0,0.0,0.0,0.0,0.0,0.0,0.0,0.0,0.0,0.0,0.0,0.0,0.0,0.0,0.0,0.0,0.0,0.0,0.0,0.0,0.0,0.0,0.0,0.0,0.0,0.0,0.0,0.0,0.0,0.0,0.0,0.0,0.0,0.0,0.0,0.0,0.0,0.0,0.0,0.0,0.0,0.0,0.0,0.0,0.0,0.0,0.0,0.0,0.0,0.0,0.0,0.0,0.0,0.0,0.0,0.0,0.0,0.0,0.0,0.0,0.0,0.0,0.0,0.0,0.0,0.0,0.0,0.0,0.0,0.0,0.0,0.0,0.0,0.0,0.0,0.0,0.0,0.0,0.0,0.0,0.0,0.0,0.0,0.0,0.0,0.0,0.0,0.0,0.0,0.0,0.0,0.0,0.0,0.0,0.0,0.0,0.0,0.0,0.0,0.0,0.0,0.0,0.0,0.0,0.0,0.0,0.0,0.0,0.0,0.0,0.0,0.0,0.0,0.0,0.0,0.0,0.0,0.0,0.0,0.0,0.0,0.0,0.0,0.0,0.0,0.0,0.0,0.0,0.0,0.0,0.0,0.0,0.0,0.0,0.0,0.0,0.0,0.0,0.0,0.0,0.0,0.0,0.0,0.0,0.0,0.0,0.0,0.0,0.0,0.0,0.0,0.0,0.0,0.0,0.0,0.0,0.0,0.0,0.0,0.0,0.0,0.0,0.0,0.0,0.0,0.0,0.0,0.0,0.0,0.0,0.0,0.0,0.0,0.0,0.0,0.0,0.0,0.0,0.0,0.0,0.0,0.0,0.0,0.0,0.0,0.0,2.3e-05,0.0,0.0,0.0,0.0,0.0,0.0,0.0,0.0,0.0,0.0,0.0,3.11e-05,0.0,0.0,0.0,0.0,0.0,0.0,3.63e-05,3.48e-05,0.0,0.0,0.0,0.0,0.0,0.0,0.0,0.0,0.0,0.0,0.0,0.000434632,0.0,0.0,0.0,0.0,6.71e-06,0.0,0.0,0.0,0.0,0.0,0.0,0.0,0.0,0.00191318,0.0,0.0,0.0,0.0,0.0,0.0,0.0,0.0,0.0,0.0,0.0,0.0,5.69e-05,0.0,0.0,0.0,0.0,0.0,0.00136462,0.0,0.0,0.0,0.0,0.0,0.0,0.0,0.0,0.0,0.0,0.0,0.0,0.0,0.0,0.0,0.0,0.000129689,0.0,0.0,0.0,0.0,0.0,0.000696845,0.0,0.0,0.0,0.0,0.0,0.0,0.0,0.0,0.0,0.0,0.0,0.0,0.000105748,5.39e-05,0.0,7.95e-06,0.000238338,0.0010299,0.0,0.0,0.0,0.0,0.0,0.0,2.11e-05,0.0,0.0,0.00110404,0.0,0.0,0.0,0.0,0.0,0.0,0.0,0.0,0.0,0.0,0.0121319,0.000133764,0.0,0.0,0.00274989,0.000187289,0.0,0.00325365,0.00134986,0.000349036,0.0,0.0,0.00307826,0.0,0.0303911,0.000120362,0.049721,0.0119328,0.0,0.0,0.0393978,0.0,0.0303107,8.12e-05,0.0,0.105687,0.00609803,0.0,0.0,0.00156626,0.000434421,1.11e-05,1.07e-05,8.8e-06,0.0,9.53e-05,0.0,1.74e-05,1.16e-05,2.72e-05,0.000148602,0.0,0.0,0.0,7.07e-05,0.0,0.0,6.5e-06,2.11e-05,0.0,0.0,0.0,0.0,0.0,0.0,0.0,0.0,0.0,0.0,0.0,0.0,0.0,0.0,0.0,0.0,0.0,0.0,0.0,0.0,0.0,0.0,0.0,0.0,0.0,0.0,0.0,0.0,0.0,0.0,0.0,0.0,0.0,0.0,0.0,5.86e-05,2.42e-05,8.98e-05,0.0,7.93e-05,5.07e-05,0.000438131,8.01e-06,0.0,8.33e-06,0.0,0.000216003,0.0021235,0.0,0.0,0.0,9.71e-06,0.000576902,0.0,0.0,0.0,0.0,0.0,0.0,0.0,0.0
Reef 341,0.0,0.0,0.0,0.0,0.0,0.0,0.0,0.0,0.0,0.0,0.0,0.0,0.0,0.0,0.0,0.0,0.0,0.0,0.0,0.0,0.0,0.0,0.0,0.0,0.0,0.0,0.0,0.0,0.0,0.0,0.0,0.0,0.0,0.0,0.0,0.0,0.0,0.0,0.0,0.0,0.0,0.0,0.0,0.0,0.0,0.0,0.0,0.0,0.0,0.0,0.0,0.0,0.0,0.0,0.0,0.0,0.0,0.0,0.0,0.0,0.0,0.0,0.0,0.0,0.0,0.0,0.0,0.0,0.0,0.0,0.0,0.0,0.0,0.0,0.0,0.0,0.0,0.0,0.0,0.0,0.0,0.0,0.0,0.0,0.0,0.0,0.0,0.0,0.0,0.0,0.0,0.0,0.0,0.0,0.0,0.0,0.0,0.0,0.0,0.0,0.0,0.0,0.0,0.0,0.0,0.0,0.0,0.0,0.0,0.0,0.0,0.0,0.0,0.0,0.0,0.0,0.0,0.0,0.0,0.0,0.0,0.0,0.0,0.0,0.0,0.0,0.0,0.0,0.0,0.0,0.0,0.0,0.0,0.0,0.0,0.0,0.0,0.0,0.0,0.0,0.0,0.0,0.0,0.0,0.0,0.0,0.0,0.0,0.0,0.0,0.0,0.0,0.0,0.0,0.0,0.0,0.0,0.0,0.0,3.44e-05,3.45e-05,0.0,0.0,0.0,0.0,1.55e-05,6.39e-05,0.0,0.0,0.0,0.0,1.58e-05,5.47e-06,0.0,0.0,4.77e-06,0.0,0.0,0.0,0.0,0.0,2.46e-06,0.0,0.0,0.0,0.00015088,0.0,0.0,0.0,0.0,0.0,0.0,0.0,0.0,0.0,0.0,0.0,0.0,0.0,0.0,1.79e-05,0.0,0.0,0.0,0.0,0.0,0.0,0.0,0.0,0.00012252,0.0,4.07e-06,3.4e-05,4.24e-05,0.0,0.0,0.0,0.0,0.0,0.0,0.0,0.0,0.0,0.0,4.01e-05,0.0,0.000143627,3.89e-06,0.0,0.0,8.09e-05,0.0,0.0,5.44e-05,7.07e-06,0.0,0.0,2.07e-06,5.4e-05,0.0,0.00103951,0.000107341,0.0,0.0,2.22e-06,0.0,0.0,3.02e-05,0.000511506,6.03e-06,2.19e-05,0.0,3.63e-05,0.00028761,4.47e-05,9.31e-06,2.1e-05,0.000893204,0.000105249,2.22e-05,0.00108509,0.000120522,1.82e-05,2.17e-06,0.00181603,0.00014123,0.00174706,0.00117128,0.0,0.00179379,0.000156594,0.00015582,0.000330952,0.00285392,0.0,0.000123855,0.000177124,2.02e-05,1.32e-05,6.79e-05,7.49e-06,0.0010226,0.0012536,0.000123033,1.79e-05,1.46e-05,1.06e-05,0.0,0.0,0.000173882,0.0,0.0,0.0,1.57e-05,8.53e-06,1.4e-05,0.0,2.62e-05,0.000618773,0.0,7.57e-06,1.51e-05,0.0,1.24e-05,0.000127149,0.0,0.0,0.0,0.0,0.0,0.0,0.0,0.0,0.0,0.0,1.16e-05,3.73e-05,0.0,0.0,0.00169878,0.0,0.0,0.0,9.77e-06,0.000115261,0.0,1.7e-05,0.0,0.0,0.0,0.0,0.000269331,0.000239322,0.0,0.0,0.0,0.0,3.01e-06,0.0,0.0,0.00141545,0.0,0.0,0.0,0.0,0.0,0.0,1.3e-05,0.0,0.000270829,0.0,0.0,0.0,0.0,0.0,0.000284697,0.0,0.0,0.0,0.0,0.0,0.0,0.0,0.0,0.00012736,0.0,0.0,0.0,0.0,0.0,0.0,2.78e-06,2.47e-06,0.0,0.0,0.0,0.0,0.0,0.0,0.0,0.0,0.0,0.0,0.0,0.0,0.0,0.0,0.0,0.0,0.0,0.0,0.0,0.0,0.0,0.0,0.0,0.0,0.0,0.0,0.0,0.0,0.0,0.0,0.0,0.0,0.0,0.0,0.0,0.0,0.0,0.0,0.0,0.0,0.0,0.0,0.0,0.0,0.0,0.0,0.0,0.0,0.0,0.0
Reef 342,0.0,0.0,0.0,0.0,0.0,0.0,0.0,0.0,0.0,0.0,0.0,0.0,0.0,0.0,0.0,0.0,0.0,0.0,0.0,0.0,0.0,0.0,0.0,0.0,0.0,0.0,0.0,0.0,0.0,0.0,0.0,0.0,0.0,0.0,0.0,0.0,0.0,0.0,0.0,0.0,0.0,0.0,0.0,0.0,0.0,0.0,0.0,0.0,0.0,0.0,0.0,0.0,0.0,0.0,0.0,0.0,0.0,0.0,0.0,0.0,0.0,0.0,0.0,0.0,0.0,0.0,0.0,0.0,0.0,0.0,0.0,0.0,0.0,0.0,0.0,0.0,0.0,0.0,0.0,0.0,0.0,0.0,0.0,0.0,0.0,0.0,0.0,0.0,0.0,0.0,0.0,0.0,0.0,0.0,0.0,0.0,0.0,0.0,0.0,0.0,0.0,0.0,0.0,0.0,0.0,0.0,0.0,0.0,0.0,0.0,0.0,0.0,0.0,0.0,0.0,0.0,0.0,0.0,0.0,0.0,0.0,0.0,0.0,0.0,0.0,0.0,3.76e-06,0.0,0.0,0.0,0.0,0.0,0.0,0.0,0.0,0.0,0.0,0.0,0.0,0.0,0.0,0.0,0.0,0.0,0.0,0.0,2.97e-06,0.0,0.0,0.0,0.0,1.92e-05,0.0,0.0,0.0,0.0,0.0,0.0,0.0,0.0,0.0,0.0,0.0,0.0,0.0,2.41e-06,1.69e-06,0.0,0.0,0.0,0.0,0.0,0.0,0.0,0.0,0.0,0.0,0.0,8.25e-06,0.0,0.0,0.0,0.0,0.0,0.0,0.0,1.69e-05,0.0,0.0,0.0,0.0,0.0,0.0,0.0,0.0,0.0,0.0,0.0,1.36e-05,0.0,0.0,0.0,0.0,0.0,0.0,8.49e-06,0.000117358,0.0,0.0,0.0,0.0,0.0,0.0,0.0,0.0,0.0,0.0,0.0,2.09e-05,0.0,0.0,0.0,0.0,3.9e-05,0.0,0.0,0.0,0.0,0.0,0.0,0.0,0.0,3.64e-05,0.0,0.0,0.0,0.0,0.0,0.0,0.0,0.0,0.0,0.0,0.0,0.0,0.000222189,0.0,0.0,0.0,0.0,0.0,4.29e-06,0.0,0.0,0.0,0.0,0.0,0.0,0.0,0.0,0.0,0.0,0.0,0.0,0.0,0.0,0.0,0.0,0.000131635,0.0,0.0,0.0,0.0,0.0,2.01e-06,0.0,0.0,0.0,0.0,0.0,0.0,0.0,0.0,0.0,0.0,0.0,0.0,9.3e-05,8.07e-05,0.0,4.3e-05,9.67e-05,2.06e-06,0.0,0.0,0.0,7.93e-06,0.0,0.0,1.03e-05,0.0,0.0,0.00095445,0.0,0.0,0.0,0.0,0.0,0.0,0.0,0.0,0.0,0.0,6.99e-06,1.5e-05,0.0,0.0,1.72e-05,6.16e-05,0.0,0.000264679,2.63e-06,2.34e-05,0.0,0.0,1.58e-05,0.0,0.00141202,2.11e-06,0.00121522,0.000287273,0.0,0.0,0.000753985,4.02e-05,0.000250184,0.153213,0.0,0.000796949,0.000155298,0.0,0.000273213,0.00123814,4.96e-05,0.0128135,1.75e-06,5.05e-05,0.0,6.65e-06,0.0,7.2e-06,1.76e-05,3.26e-05,2.88e-06,0.0,0.0,0.0,2.91e-06,0.0,0.0,4.69e-06,0.0115912,0.0,0.0,0.0,0.0,0.0,0.0,0.0,0.0,0.0,0.0,0.0,0.0,0.0,0.0,0.0,0.0,0.0,0.0,0.0,0.0,0.0,0.0,0.0,0.0,0.0,0.0,0.0,0.0,0.0,0.0,0.0,0.0,0.0,0.0,9.03e-05,0.00431633,0.00144577,0.00199885,3.76e-05,5.38e-05,2.57e-06,0.000254249,5.19e-06,1.64e-05,2.5e-05,1.67e-05,2.22e-05,0.0060061,7.09e-06,2.22e-05,4.95e-06,2.26e-06,0.000321827,3.81e-06,0.0,0.0,0.0,0.0,0.0,0.0,0.0
Reef 343,0.0,0.0,0.0,0.0,0.0,0.0,0.0,0.0,0.0,0.0,0.0,0.0,0.0,0.0,0.0,0.0,0.0,0.0,0.0,0.0,0.0,0.0,0.0,0.0,0.0,0.0,0.0,0.0,0.0,0.0,0.0,0.0,0.0,0.0,0.0,0.0,0.0,0.0,0.0,0.0,0.0,0.0,0.0,0.0,0.0,0.0,0.0,0.0,0.0,0.0,0.0,0.0,0.0,0.0,0.0,0.0,0.0,0.0,0.0,0.0,0.0,0.0,0.0,0.0,0.0,0.0,0.0,0.0,0.0,0.0,0.0,0.0,0.0,0.0,0.0,0.0,0.0,0.0,0.0,0.0,0.0,0.0,0.0,0.0,0.0,0.0,0.0,0.0,0.0,0.0,0.0,0.0,0.0,0.0,0.0,0.0,0.0,0.0,0.0,0.0,0.0,0.0,0.0,0.0,0.0,0.0,0.0,0.0,0.0,0.0,0.0,0.0,0.0,0.0,0.0,0.0,0.0,0.0,0.0,0.0,0.0,0.0,0.0,0.0,0.0,0.0,0.0,0.0,0.0,0.0,0.0,0.0,0.0,0.0,0.0,0.0,0.0,0.0,0.0,0.0,0.0,0.0,0.0,0.0,0.0,0.0,0.0,0.0,0.0,0.0,0.0,0.0,0.0,0.0,0.0,0.0,0.0,0.0,0.0,0.0,0.0,0.0,0.0,0.0,0.0,0.0,0.0,0.0,0.0,0.0,0.0,0.0,0.0,0.0,0.0,0.0,0.0,0.0,5.61e-06,0.0,0.0,0.0,0.0,0.0,0.0,0.0,1.78e-05,0.0,0.0,0.0,0.0,0.0,0.0,0.0,0.0,0.0,0.0,0.0,1.4e-05,0.0,0.0,0.0,0.0,0.0,0.0,7.62e-06,0.000172189,0.0,0.0,0.0,0.0,0.0,0.0,0.0,0.0,0.0,0.0,0.0,2.29e-05,0.0,0.0,0.0,0.0,4.37e-05,0.0,0.0,0.0,0.0,0.0,0.0,0.0,0.0,3.76e-05,0.0,0.0,0.0,0.0,0.0,0.0,0.0,0.0,0.0,0.0,0.0,0.0,0.000316218,0.0,0.0,0.0,0.0,0.0,3.1e-06,0.0,0.0,0.0,0.0,0.0,0.0,0.0,0.0,0.0,0.0,0.0,0.0,0.0,0.0,0.0,0.0,1.88e-05,0.0,0.0,0.0,0.0,0.0,1.43e-06,0.0,0.0,0.0,0.0,0.0,0.0,0.0,0.0,0.0,0.0,0.0,0.0,0.000216711,6.96e-06,0.0,0.0,3.98e-05,0.000282474,0.0,0.0,0.0,0.0,0.0,0.0,3.77e-06,0.0,0.0,0.000345449,0.0,0.0,0.0,0.0,0.0,0.0,0.0,0.0,0.0,0.0,0.00558941,7.9e-05,0.0,0.0,0.00125391,0.00013004,0.0,0.00166292,0.000911203,0.000183401,0.0,0.0,0.00301959,0.0,0.0164042,0.00011829,0.0288499,0.0073403,0.0,0.0,0.0196514,1.82e-06,0.012302,0.000240279,0.0,0.0492105,0.0131898,0.0,1.41e-06,0.0154785,0.00570261,2.12e-06,4.95e-05,0.000224365,0.0,8.02e-05,0.0,2.63e-05,0.00014333,4.85e-05,8.88e-05,0.0,0.0,0.0,5.14e-06,0.0,0.0,7.83e-06,0.000257611,0.0,0.0,0.0,0.0,0.0,0.0,0.0,0.0,0.0,0.0,0.0,0.0,0.0,0.0,0.0,0.0,0.0,0.0,0.0,0.0,0.0,0.0,0.0,0.0,0.0,0.0,0.0,0.0,0.0,0.0,0.0,0.0,0.0,0.0,0.0,8.27e-05,3.4e-05,0.000122828,4.96e-06,0.0001191,7.16e-05,0.00066584,1.13e-05,3.49e-06,1.91e-05,0.0,0.000295423,1.38e-06,2.77e-06,0.0,0.0,5.66e-06,0.000829065,0.0,0.0,0.0,0.0,0.0,0.0,0.0,0.0
Reef 344,0.0,0.0,0.0,0.0,0.0,0.0,0.0,0.0,0.0,0.0,0.0,0.0,0.0,0.0,0.0,0.0,0.0,0.0,0.0,0.0,0.0,0.0,0.0,0.0,0.0,0.0,0.0,0.0,0.0,0.0,0.0,0.0,0.0,0.0,0.0,0.0,0.0,0.0,0.0,0.0,0.0,0.0,0.0,0.0,0.0,0.0,0.0,0.0,0.0,0.0,0.0,0.0,0.0,0.0,0.0,0.0,0.0,0.0,0.0,0.0,0.0,0.0,0.0,0.0,0.0,0.0,0.0,0.0,0.0,0.0,0.0,0.0,0.0,0.0,0.0,0.0,0.0,0.0,0.0,0.0,0.0,0.0,0.0,0.0,0.0,0.0,0.0,0.0,0.0,0.0,0.0,0.0,0.0,0.0,0.0,0.0,0.0,0.0,0.0,0.0,0.0,0.0,0.0,0.0,0.0,0.0,0.0,0.0,0.0,0.0,0.0,0.0,0.0,0.0,0.0,0.0,0.0,0.0,0.0,0.0,0.0,0.0,0.0,0.0,0.0,0.0,0.0,0.0,0.0,0.0,0.0,0.0,0.0,0.0,0.0,0.0,0.0,0.0,0.0,0.0,0.0,0.0,0.0,0.0,0.0,0.0,0.0,0.0,0.0,0.0,0.0,0.0,0.0,0.0,0.0,0.0,0.0,0.0,0.0,0.0,0.0,0.0,0.0,0.0,0.0,0.0,0.0,0.0,0.0,0.0,0.0,0.0,0.0,0.0,0.0,0.0,0.0,0.0,0.0,0.0,0.0,0.0,0.0,0.0,0.0,0.0,0.0,0.0,0.0,0.0,0.0,0.0,0.0,0.0,0.0,0.0,0.0,0.0,0.0,0.0,0.0,0.0,0.0,0.0,0.0,0.0,6.56e-06,0.0,0.0,0.0,0.0,0.0,0.0,0.0,0.0,0.0,0.0,0.0,1.65e-05,0.0,0.0,0.0,0.0,2.92e-05,0.0,0.0,0.0,0.0,0.0,0.0,0.0,0.0,9.55e-05,0.0,0.0,0.0,0.0,0.0,0.0,0.0,0.0,0.0,0.0,0.0,0.0,9.24e-06,0.0,0.0,0.0,0.0,0.0,7.2e-05,0.0,0.0,0.0,0.0,0.0,0.0,0.0,0.0,0.0,0.0,0.0,0.0,0.0,0.0,0.0,0.0,6.28e-06,0.0,0.0,0.0,0.0,0.0,3.83e-05,0.0,0.0,0.0,0.0,0.0,0.0,0.0,0.0,0.0,0.0,0.0,0.0,8.68e-05,0.0,0.0,0.0,1.31e-05,7.76e-05,0.0,0.0,0.0,0.0,0.0,0.0,0.0,0.0,0.0,9.71e-05,0.0,0.0,0.0,0.0,0.0,0.0,0.0,0.0,0.0,0.0,0.00298995,2.44e-05,0.0,0.0,0.000638919,4.43e-05,0.0,0.00067431,0.000957411,6.67e-05,0.0,0.0,0.00536463,0.0,0.00679034,0.000338331,0.0247884,0.0113668,0.0,0.0,0.0317826,0.0,0.0388306,5.01e-05,0.0,0.0670138,0.00635359,0.0,0.0,0.00518437,0.00731141,9.43e-05,9.3e-05,0.000499311,0.0,0.000193564,0.0,1.54e-05,1.38e-05,1.03e-05,6.18e-06,0.0,0.0,0.0,1.46e-05,0.0,0.0,1.35e-05,2.38e-05,0.0,0.0,0.0,0.0,0.0,0.0,0.0,0.0,0.0,0.0,0.0,0.0,0.0,0.0,0.0,0.0,0.0,0.0,0.0,0.0,0.0,0.0,0.0,0.0,0.0,0.0,0.0,0.0,0.0,0.0,0.0,0.0,0.0,0.0,0.0,8.97e-05,3.67e-05,0.000127213,0.0,0.000176982,9.52e-05,0.00103598,1.52e-05,0.0,1.39e-05,0.0,0.000345429,2.29e-05,0.0,0.0,0.0,8.27e-06,0.00121503,0.0,0.0,0.0,0.0,0.0,0.0,0.0,0.0
Reef 345,0.0,0.0,0.0,0.0,0.0,0.0,0.0,0.0,0.0,0.0,0.0,0.0,0.0,0.0,0.0,0.0,0.0,0.0,0.0,0.0,0.0,0.0,0.0,7.88e-07,0.0,0.0,0.0,0.0,0.0,0.0,0.0,0.0,0.0,0.0,0.0,0.0,0.0,8.71e-06,0.0,0.0,0.0,0.0,0.0,0.0,0.0,0.0,0.0,7.07e-06,0.0,0.0,0.0,0.0,0.0,1.5e-06,2.8e-05,0.0,0.0,0.0,0.0,0.0,0.0,0.0,0.0,0.0,0.0,0.0,0.0,0.0,0.0,0.0,0.0,0.0,0.0,0.0,0.0,0.0,0.0,0.0,0.0,0.0,0.0,0.0,0.0,0.0,0.0,0.0,0.0,0.0,0.0,0.0,0.0,0.0,0.0,0.0,0.0,0.0,0.0,0.0,0.0,0.0,0.0,0.0,0.0,0.0,0.0,0.0,0.0,0.0,0.0,0.0,0.0,0.0,0.0,0.0,0.0,0.0,0.0,0.0,9.95e-06,0.0,0.0,0.0,0.0,0.0,0.0,0.0,0.000176497,0.0,0.0,0.0,0.0,0.0,0.0,0.0,0.0,0.0,0.0,0.0,0.0,0.0,0.0,0.0,0.0,0.0,0.0,0.0,7.82e-05,0.0,0.0,0.0,0.0,1.01e-05,0.0,0.0,0.0,0.0,0.0,0.0,0.0,0.0,0.0,0.0,0.0,0.0,0.0,1.81e-05,2.67e-05,0.0,0.0,0.0,0.0,0.0,0.0,0.0,0.0,0.0,0.0,0.0,9.26e-05,0.0,0.0,0.0,0.0,0.0,0.0,0.0,0.000213486,0.0,0.0,0.0,0.0,0.0,0.0,0.0,0.0,0.0,0.0,0.0,0.000174827,0.0,0.0,0.0,0.0,0.0,0.0,0.000110924,0.00113774,0.0,0.0,0.0,0.0,0.0,0.0,0.0,0.0,0.0,0.0,0.0,0.000268346,0.0,0.0,0.0,0.0,0.000498147,0.0,0.0,4.35e-06,0.0,0.0,0.0,0.0,0.0,0.00046745,0.0,0.0,0.0,0.0,0.0,0.0,0.0,0.0,0.0,0.0,0.0,0.0,0.00319272,0.0,0.0,0.0,0.0,0.0,5.87e-05,0.0,0.0,0.0,0.0,0.0,0.0,0.0,0.0,0.0,0.0,0.0,0.0,0.0,0.0,0.0,0.0,3.8e-06,0.0,0.0,0.0,0.0,0.0,2.47e-05,0.0,0.0,0.0,0.0,0.0,0.0,0.0,0.0,0.0,0.0,0.0,0.0,0.000723868,7.13e-06,0.0,1.22e-06,1.57e-06,2.98e-06,0.0,0.0,0.0,0.0,0.0,0.0,7.27e-07,0.0,0.0,5.98e-06,0.0,0.0,0.0,0.0,0.0,0.0,0.0,0.0,0.0,0.0,0.000408327,1.37e-05,0.0,0.0,6.45e-05,3.01e-05,0.0,0.000163828,1.62e-05,2.51e-05,0.0,0.0,2.88e-05,0.0,0.00215524,7.95e-07,0.00111969,0.000177326,0.0,0.0,0.000351312,0.000104812,4.97e-05,1.08e-05,0.0,0.000262901,6.94e-05,0.0,0.000127901,0.00117975,6.11e-07,2.82e-06,2.58e-05,2.11e-06,0.0,6.57e-05,0.0,8.21e-05,3.95e-06,0.0018652,7.68e-06,0.0,0.0,0.0,6.46e-07,0.0,0.0,1.08e-06,3.01e-06,0.0,0.0,0.0,0.0,0.0,0.0,0.0,0.0,0.0,0.0,0.0,0.0,0.0,0.0,0.0,0.0,0.0,0.0,0.0,0.0,0.0,0.0,0.0,0.0,0.0,0.0,0.0,0.0,0.0,0.0,0.0,0.0,0.0,0.0,3.3e-06,0.000371894,0.000149122,0.000429129,8.42e-07,0.00105392,0.00033804,0.00716197,5.05e-05,0.000354978,2.15e-05,6.68e-05,0.000917817,2.3e-06,3.64e-06,9.67e-05,2.62e-05,2.13e-05,0.00327478,2.26e-05,2.62e-06,0.0,3.54e-06,0.0,0.0,0.0,0.0
Reef 346,0.0,0.0,0.0,0.0,0.0,0.0,0.0,0.0,0.0,0.0,0.0,0.0,0.0,0.0,0.0,0.0,0.0,0.0,0.0,0.0,0.0,0.0,0.0,0.0,0.0,0.0,0.0,0.0,0.0,0.0,0.0,0.0,0.0,0.0,0.0,0.0,0.0,0.0,0.0,0.0,0.0,0.0,0.0,0.0,0.0,0.0,0.0,0.0,0.0,0.0,0.0,0.0,0.0,0.0,0.0,0.0,0.0,0.0,0.0,0.0,0.0,0.0,0.0,0.0,0.0,0.0,0.0,0.0,0.0,0.0,0.0,0.0,0.0,0.0,0.0,0.0,0.0,0.0,0.0,0.0,0.0,0.0,0.0,0.0,0.0,0.0,0.0,0.0,0.0,0.0,0.0,0.0,0.0,0.0,0.0,0.0,0.0,0.0,0.0,0.0,0.0,0.0,0.0,0.0,0.0,0.0,0.0,0.0,0.0,0.0,0.0,0.0,0.0,0.0,0.0,0.0,0.0,0.0,0.0,0.0,0.0,0.0,0.0,0.0,0.0,0.0,0.0,0.0,0.0,0.0,0.0,0.0,0.0,0.0,0.0,0.0,0.0,0.0,0.0,0.0,0.0,0.0,0.0,0.0,0.0,0.0,0.0,0.0,0.0,0.0,0.0,0.0,0.0,0.0,0.0,0.0,0.0,0.0,0.0,0.0,0.0,0.0,0.0,0.0,0.0,0.0,0.0,0.0,0.0,0.0,0.0,0.0,0.0,0.0,0.0,0.0,0.0,0.0,0.0,0.0,0.0,0.0,0.0,0.0,0.0,0.0,0.0,0.0,0.0,0.0,0.0,0.0,0.0,0.0,0.0,0.0,0.0,0.0,0.0,0.0,0.0,0.0,0.0,0.0,0.0,0.0,0.0,0.0,0.0,0.0,0.0,0.0,0.0,0.0,0.0,0.0,0.0,0.0,0.0,0.0,0.0,0.0,0.0,0.0,0.0,0.0,0.0,0.0,0.0,0.0,0.0,0.0,0.0,0.0,0.0,0.0,0.0,0.0,0.0,0.0,0.0,0.0,0.0,0.0,0.0,0.000975085,0.0,0.0,0.0,0.0,0.0,0.0,0.0,0.0,0.0,0.0,0.0,0.0,0.0,0.0,0.0,0.0,0.0,0.0,0.0,0.0,0.0,0.0,0.0,0.0,0.0,0.0,0.0,0.0,0.0,0.0,0.0,0.0,0.0,0.0,0.0,0.0,0.0,0.0,0.0,0.0,0.0,0.000761792,0.0,0.0,0.0,0.0,0.0,0.0,0.0,0.0,0.0,0.0,0.0,0.0,0.0,0.0,0.0,0.0,0.0,0.0,0.0,0.0,0.0,0.0,0.0,0.0,0.0,0.00199825,0.0,0.0,0.0,0.000459871,0.0,0.0,0.000644219,0.000623245,0.0,0.0,0.0,0.00392851,0.0,0.00483505,0.00028616,0.016248,0.00871921,0.0,0.0,0.0269207,0.0,0.0354343,0.000220946,0.0,0.0538587,0.00605918,0.0,0.0,0.00945623,0.0131187,0.0,0.00041947,0.00333099,0.0,0.000199826,0.0,0.000736159,0.000182938,0.00179375,0.0,0.0,0.0,0.0,0.000202501,0.0,0.0,0.000336697,0.000252148,0.0,0.0,0.0,0.0,0.0,0.0,0.0,0.0,0.0,0.0,0.0,0.0,0.0,0.0,0.0,0.0,0.0,0.0,0.0,0.0,0.0,0.0,0.0,0.0,0.0,0.0,0.0,0.0,0.0,0.0,0.0,0.0,0.0,0.0,0.0,0.00217873,0.00119369,0.000164434,0.0,0.000257319,0.00021963,0.00157247,0.0,0.0,0.0,0.0,0.000437616,0.00419857,0.0,0.0,0.0,0.0,0.00157643,0.0,0.0,0.0,0.0,0.0,0.0,0.0,0.0
Reef 347,0.0,0.0,0.0,0.0,0.0,0.0,0.0,0.0,0.0,0.0,0.0,0.0,0.0,0.0,0.0,0.0,0.0,0.0,0.0,0.0,0.0,0.0,0.0,0.0,0.0,0.0,0.0,0.0,0.0,0.0,0.0,0.0,0.0,0.0,0.0,0.0,0.0,0.0,0.0,0.0,0.0,0.0,0.0,0.0,0.0,0.0,0.0,0.0,0.0,0.0,0.0,0.0,0.0,0.0,0.0,0.0,0.0,0.0,0.0,0.0,0.0,0.0,0.0,0.0,0.0,0.0,0.0,0.0,0.0,0.0,0.0,0.0,0.0,0.0,0.0,0.0,0.0,0.0,0.0,0.0,0.0,0.0,0.0,0.0,0.0,0.0,0.0,0.0,0.0,0.0,0.0,0.0,0.0,0.0,0.0,0.0,0.0,0.0,0.0,0.0,0.0,0.0,0.0,0.0,0.0,0.0,0.0,0.0,0.0,0.0,0.0,0.0,0.0,0.0,0.0,0.0,0.0,0.0,0.0,0.0,0.0,0.0,0.0,0.0,0.0,0.0,0.0,0.0,0.0,0.0,0.0,0.0,0.0,0.0,0.0,0.0,0.0,0.0,0.0,0.0,0.0,0.0,0.0,0.0,0.0,0.0,0.0,0.0,0.0,0.0,0.0,0.0,0.0,0.0,0.0,0.0,0.0,0.0,0.0,0.0,0.0,0.0,0.0,0.0,0.0,0.0,0.0,0.0,0.0,0.0,0.0,0.0,0.0,0.0,0.0,0.0,0.0,0.0,0.0,0.0,0.0,0.0,0.0,0.0,0.0,0.0,0.0,0.0,0.0,0.0,0.0,0.0,0.0,0.0,0.0,0.0,0.0,0.0,0.0,0.0,0.0,0.0,0.0,0.0,0.0,0.0,8.91e-06,0.0,0.0,0.0,0.0,0.0,0.0,0.0,0.0,0.0,0.0,0.0,8.45e-06,0.0,0.0,0.0,0.0,1.55e-05,0.0,0.0,0.0,0.0,0.0,0.0,0.0,0.0,5.23e-05,0.0,0.0,0.0,0.0,0.0,0.0,0.0,0.0,0.0,0.0,0.0,0.0,1.67e-05,0.0,0.0,0.0,0.0,0.0,4.08e-05,0.0,0.0,0.0,0.0,0.0,0.0,0.0,0.0,0.0,0.0,0.0,0.0,0.0,0.0,0.0,0.0,0.0,0.0,0.0,0.0,0.0,0.0,2.25e-05,0.0,0.0,0.0,0.0,0.0,0.0,0.0,0.0,0.0,0.0,0.0,0.0,0.000122336,0.0,0.0,0.0,7.48e-06,6.97e-05,0.0,0.0,0.0,0.0,0.0,0.0,0.0,0.0,0.0,9.73e-05,0.0,0.0,0.0,0.0,0.0,0.0,0.0,0.0,0.0,0.0,0.0015447,3.01e-05,0.0,0.0,0.000404824,5.66e-05,0.0,0.000677828,0.000436014,5.77e-05,0.0,0.0,0.00283118,0.0,0.00397276,0.000221366,0.0115183,0.0064243,0.0,0.0,0.0219946,2.62e-05,0.0317781,0.000127609,0.0,0.0444489,0.00506604,0.0,3.01e-05,0.0119035,0.0132208,1.46e-05,0.000523739,0.007127,0.0,0.000183664,0.0,3.3e-05,0.000669533,4.75e-05,0.000299245,0.0,0.0,0.0,9.41e-05,0.0,0.0,9.22e-05,0.00085987,0.0,0.0,0.0,0.0,0.0,0.0,0.0,0.0,0.0,0.0,0.0,0.0,0.0,0.0,0.0,0.0,0.0,0.0,0.0,0.0,0.0,0.0,0.0,0.0,0.0,0.0,0.0,0.0,0.0,0.0,0.0,0.0,0.0,0.0,0.0,5.36e-05,2.46e-05,3.84e-05,1.27e-05,0.000389831,1.32e-05,0.00255044,2.55e-05,7.92e-06,6.58e-06,0.0,4.13e-05,0.000487243,7.96e-06,0.0,0.0,1.31e-05,3.03e-05,0.0,0.0,0.0,0.0,0.0,0.0,0.0,0.0
Reef 348,3.75e-06,0.0,0.0,0.0,0.0,0.0,0.0,0.0,0.0,0.0,0.0,0.0,0.0,0.0,0.0,0.0,0.0,0.0,0.0,0.0,0.0,0.0,0.0,0.0,0.0,0.0,0.0,0.0,0.0,0.0,0.0,0.0,0.0,0.0,0.0,0.0,0.0,0.0,0.0,0.0,0.0,0.0,0.0,0.0,0.0,0.0,0.0,0.0,0.0,0.0,0.0,0.0,0.0,0.0,0.0,0.0,0.0,0.0,0.0,0.0,0.0,0.0,0.0,0.0,0.0,0.0,0.0,0.0,0.0,0.0,0.0,0.0,0.0,0.0,0.0,0.0,0.0,0.0,0.0,0.0,0.0,0.0,0.0,0.0,0.0,0.0,0.0,0.0,0.0,0.0,0.0,0.0,0.0,0.0,0.0,0.0,0.0,0.0,0.0,0.0,0.0,0.0,0.0,0.0,0.0,0.0,0.0,0.0,0.0,0.0,0.0,0.0,0.0,0.0,0.0,0.0,0.0,0.0,0.0,0.0,0.0,0.0,0.0,0.0,0.0,0.0,0.0,0.0,0.0,0.0,0.0,0.0,0.0,0.0,0.0,0.0,0.0,0.0,0.0,0.0,0.0,0.0,0.0,0.0,0.0,0.0,0.0,0.0,0.0,0.0,0.0,0.0,0.0,0.0,0.0,0.0,0.0,0.0,0.0,0.0,0.0,0.0,0.0,0.0,0.0,0.0,0.0,0.0,0.0,0.0,0.0,0.0,0.0,0.0,0.0,0.0,0.0,0.0,0.0,0.0,0.0,0.0,0.0,0.0,0.0,0.0,0.0,0.0,0.0,0.0,0.0,0.0,0.0,0.0,0.0,0.0,0.0,0.0,0.0,0.0,0.0,0.0,0.0,0.0,0.0,0.0,0.0,0.0,0.0,0.0,0.0,0.0,0.0,0.0,0.0,0.0,0.0,0.0,0.0,0.0,0.0,0.0,0.0,0.0,0.0,0.0,0.0,0.0,0.0,0.0,0.0,0.0,0.0,0.0,0.0,0.0,0.0,0.0,4.14e-06,0.0,0.0,0.0,0.0,0.0,0.0,0.0,0.0,0.0,0.0,0.0,1.89e-05,0.0,0.0,0.0,0.0,0.0,0.0,0.0,2.62e-05,0.0,0.0,0.0,0.0,0.0,0.0,0.0,0.0,0.0,0.0,0.0,0.0,1.63e-05,0.0,1.44e-05,0.0,0.0,0.0,3.7e-06,0.000715798,0.0,0.0,0.0,0.0,8.34e-06,0.0,2.31e-05,0.000474965,0.0,0.0,0.0,0.0,0.0,0.0,0.000400974,8.18e-05,0.00039553,0.0,0.0,0.0,0.0,1.33e-05,7.7e-05,0.0,4.79e-05,0.00039231,0.0,0.0,0.0,0.0,0.0,0.0,0.0,0.0,0.0,0.0,5.45e-05,0.000120859,0.0,0.0,7.72e-06,0.0,0.0,0.0,2.59e-05,0.000201762,0.0,3.25e-05,0.0,0.0,0.0,0.0,0.000505147,0.00863864,0.0,0.0,0.0,0.0,2.5e-06,0.0,0.0,0.00895987,0.0,0.0,0.0,0.0,0.0,0.0,0.000459204,0.0,1.78e-05,0.0,0.0,0.0,0.0,0.0,0.00149804,0.0,0.0,0.0,0.0,0.0,0.0,0.0,0.0,0.000950219,0.0,0.0,0.0,0.0,0.0,0.0,0.0,0.0,0.0,0.0,0.0,0.0,0.00066381,0.0,0.0,0.0,0.0,0.0,0.0,0.0,0.0,6.66e-06,0.0,0.0,0.0,0.0,0.0,0.0,0.0,0.0,0.0,0.0,0.0,0.0,0.0,0.0,0.0,0.0,0.0,0.0,0.0,0.0,0.0,0.0,0.0,0.0,0.0,0.0,0.0,0.0,0.0,0.0,0.0,0.0,0.0,0.0,0.0,0.0
Reef 349,0.0,0.0,0.0,0.0,0.0,0.0,0.0,0.0,0.0,0.0,0.0,0.0,0.0,0.0,0.0,0.0,0.0,0.0,0.0,0.0,0.0,0.0,0.0,0.0,0.0,0.0,0.0,0.0,0.0,0.0,0.0,0.0,0.0,0.0,0.0,0.0,0.0,0.0,0.0,0.0,0.0,0.0,0.0,0.0,0.0,0.0,0.0,0.0,0.0,0.0,0.0,0.0,0.0,0.0,0.0,0.0,0.0,0.0,0.0,0.0,0.0,0.0,0.0,0.0,0.0,0.0,0.0,0.0,0.0,0.0,0.0,0.0,0.0,0.0,0.0,0.0,0.0,0.0,0.0,0.0,0.0,0.0,0.0,0.0,0.0,0.0,0.0,0.0,0.0,0.0,0.0,0.0,0.0,0.0,0.0,0.0,0.0,0.0,0.0,0.0,0.0,0.0,0.0,0.0,0.0,0.0,0.0,0.0,0.0,0.0,0.0,0.0,0.0,0.0,0.0,0.0,0.0,0.0,0.0,0.0,0.0,0.0,0.0,0.0,0.0,0.0,0.0,0.0,0.0,0.0,0.0,0.0,0.0,0.0,0.0,0.0,0.0,0.0,0.0,0.0,0.0,0.0,0.0,0.0,0.0,0.0,0.0,0.0,0.0,0.0,0.0,0.0,0.0,0.0,0.0,0.0,0.0,0.0,0.0,0.0,0.0,0.0,0.0,0.0,0.0,0.0,0.0,0.0,0.0,0.0,0.0,0.0,0.0,0.0,0.0,0.0,0.0,0.0,0.0,0.0,0.0,0.0,0.0,0.0,0.0,0.0,0.0,0.0,0.0,0.0,0.0,0.0,0.0,0.0,0.0,0.0,0.0,0.0,0.0,0.0,0.0,0.0,0.0,0.0,0.0,0.0,0.0,0.0,0.0,0.0,0.0,0.0,0.0,0.0,0.0,0.0,0.0,0.0,0.0,0.0,0.0,0.0,0.0,0.0,0.0,0.0,0.0,0.0,0.0,0.0,0.0,0.0,0.0,0.0,0.0,0.0,0.0,0.0,0.0,0.0,0.0,0.0,0.0,0.0,0.0,0.0,0.0,0.0,0.0,0.0,0.0,0.0,0.0,0.0,0.0,0.0,0.0,0.0,0.0,0.0,0.0,0.0,0.0,0.0,0.0,0.0,0.0,0.0,0.0,0.0,0.0,0.0,0.0,0.0,0.0,0.0,0.0,0.0,0.0,0.0,0.0,0.0,0.0,0.0,0.0,0.0,0.0,0.0,0.0,0.0,0.0,0.0,0.0,0.0,0.0,0.0,0.0,0.0,0.0,0.0,0.0,0.0,0.0,0.0,0.0,0.0,0.0,0.0,0.0,0.0,0.0,0.0,0.0,0.000226126,0.0,0.0,0.0,5.16e-05,0.0,0.0,0.000112349,8.96e-05,0.0,0.0,0.0,0.000768108,0.0,0.000533619,8.15e-05,0.00173227,0.00139645,0.0,0.0,0.00707541,0.0,0.0191212,0.000211209,0.0,0.0181037,0.00118297,0.0,0.0,0.0020838,0.00291203,0.000647183,0.000114363,0.00188501,0.0,0.00585079,0.0,0.00263883,7.57e-05,0.00324376,5.81e-05,0.0,0.0,0.0,0.00113957,0.0,0.0,0.00105328,0.000102228,0.0,0.0,0.0,0.0,0.0,0.0,0.0,0.0,0.0,0.0,0.0,0.0,0.0,0.0,0.0,0.0,0.0,0.0,0.0,0.0,0.0,0.0,0.0,0.0,0.0,0.0,0.0,0.0,0.0,0.0,0.0,0.0,0.0,0.0,0.0,0.000145993,6.72e-05,0.000103804,0.0,0.000116921,2.41e-05,0.00077192,3.97e-05,0.0,0.0,0.0,8.3e-05,0.00096203,0.0,0.0,0.0,0.0,5.45e-05,0.0,0.0,0.0,0.0,0.0,0.0,0.0,0.0
Reef 350,0.0,0.0,0.0,0.0,0.0,0.0,0.0,0.0,0.0,0.0,0.0,0.0,0.0,0.0,0.0,0.0,0.0,0.0,0.0,0.0,0.0,0.0,0.0,0.0,0.0,0.0,0.0,0.0,0.0,0.0,0.0,0.0,0.0,0.0,0.0,0.0,0.0,0.0,0.0,0.0,0.0,0.0,0.0,0.0,0.0,0.0,0.0,0.0,0.0,0.0,0.0,0.0,0.0,0.0,0.0,0.0,0.0,0.0,0.0,0.0,0.0,0.0,0.0,0.0,0.0,0.0,0.0,0.0,0.0,0.0,0.0,0.0,0.0,0.0,0.0,0.0,0.0,0.0,0.0,0.0,0.0,0.0,0.0,0.0,0.0,0.0,0.0,0.0,0.0,0.0,0.0,0.0,0.0,0.0,0.0,0.0,0.0,0.0,0.0,0.0,0.0,0.0,0.0,0.0,0.0,0.0,0.0,0.0,0.0,0.0,0.0,0.0,0.0,0.0,0.0,0.0,0.0,0.0,0.0,0.0,0.0,0.0,0.0,0.0,0.0,0.0,0.0,0.0,0.0,0.0,0.0,0.0,0.0,0.0,0.0,0.0,0.0,0.0,0.0,0.0,0.0,0.0,0.0,0.0,0.0,0.0,0.0,0.0,0.0,0.0,0.0,0.0,0.0,0.0,0.0,0.0,0.0,0.0,0.0,3.93e-05,3.43e-05,0.0,0.0,0.0,0.0,1.72e-05,7.12e-05,0.0,6.65e-06,0.0,0.0,1.55e-05,4.12e-05,0.0,0.0,5.53e-06,6.85e-06,0.0,0.0,0.0,0.0,0.0,0.0,0.0,0.0,0.000159156,0.0,0.0,0.0,0.0,0.0,0.0,0.0,0.0,0.0,0.0,0.0,0.0,0.0,0.0,1.73e-05,0.0,0.0,0.0,0.0,0.0,0.0,0.0,0.0,0.000120235,0.0,0.0,4.06e-05,4.39e-05,0.0,0.0,0.0,0.0,0.0,0.0,0.0,0.0,0.0,0.0,3.79e-05,0.0,0.000143875,9.85e-06,0.0,0.0,9.08e-05,0.0,0.0,6.56e-05,8.24e-06,0.0,0.0,6.15e-06,0.000198215,0.0,0.000830395,0.000119473,0.0,8.47e-06,0.000154302,0.0,0.0,3.12e-05,0.000698556,8.28e-06,7.77e-05,0.0,3.01e-05,0.000356371,2.72e-05,1.73e-05,2.72e-05,0.00115458,0.000348498,1.96e-05,0.00125287,0.000204767,3.58e-05,0.0,0.00155669,0.000197358,0.00224675,0.00135539,0.0,0.00217926,0.000209575,0.000487576,0.000270374,9.34e-06,0.0,0.000118485,0.000155957,8.04e-05,4.09e-05,6.75e-05,9.97e-06,0.000915802,0.00142479,0.000318736,2.1e-05,9.97e-06,2.03e-05,0.0,0.0,0.000156863,0.0,0.0,0.0,0.000227305,0.000128404,3.43e-05,0.0,2.69e-05,0.000642306,0.0,4.99e-06,1.25e-05,0.0,9.56e-06,0.000137672,0.0,0.0,0.0,0.0,0.0,0.0,0.0,0.0,0.0,0.0,8.68e-06,2.56e-05,0.0,0.0,0.00149604,0.0,0.0,0.0,0.000182719,7.42e-06,0.0,1.54e-05,0.0,0.0,0.0,0.0,9.48e-06,1.26e-05,0.0,0.0,0.0,0.0,0.0,0.0,0.0,0.000164436,0.0,0.0,0.0,0.0,0.0,0.0,5.58e-05,0.0,4.74e-05,0.0,0.0,0.0,0.0,0.0,5.56e-06,0.0,0.0,0.0,0.0,0.0,0.0,0.0,9.08e-06,0.0,0.0,2.07e-05,0.0,0.0,0.0,0.0,7.87e-06,0.0,0.0,0.0,0.0,0.0,0.0,0.0,0.0,0.0,0.0,0.0,0.0,0.0,0.0,0.0,0.0,0.0,0.0,0.0,0.0,0.0,0.0,0.0,0.0,0.0,0.0,0.0,0.0,0.0,0.0,0.0,0.0,0.0,0.0,0.0,0.0,0.0,0.0,0.0,0.0,0.0,0.0,0.0,0.0,0.0,0.0,0.0,0.0,0.0,0.0,0.0
Reef 351,0.0,0.0,0.0,0.0,0.0,0.0,0.0,0.0,0.0,0.0,0.0,0.0,0.0,0.0,0.0,0.0,0.0,0.0,0.0,0.0,0.0,0.0,0.0,0.0,0.0,0.0,0.0,0.0,0.0,0.0,0.0,0.0,0.0,0.0,0.0,0.0,0.0,0.0,0.0,0.0,0.0,0.0,0.0,0.0,0.0,0.0,0.0,0.0,0.0,0.0,0.0,0.0,0.0,0.0,0.0,0.0,0.0,0.0,0.0,0.0,0.0,0.0,0.0,0.0,0.0,0.0,0.0,0.0,0.0,0.0,0.0,0.0,0.0,0.0,0.0,0.0,0.0,0.0,0.0,0.0,0.0,0.0,0.0,0.0,0.0,0.0,0.0,0.0,0.0,0.0,0.0,0.0,0.0,0.0,0.0,0.0,0.0,0.0,0.0,0.0,0.0,0.0,0.0,0.0,0.0,0.0,0.0,0.0,0.0,0.0,0.0,0.0,0.0,0.0,0.0,0.0,0.0,0.0,0.0,0.0,0.0,0.0,0.0,0.0,0.0,0.0,0.0,0.0,0.0,0.0,0.0,0.0,0.0,0.0,0.0,0.0,0.0,0.0,0.0,0.0,0.0,0.0,0.0,0.0,0.0,0.0,0.0,0.0,0.0,0.0,0.0,0.0,0.0,0.0,0.0,0.0,0.0,0.0,0.0,0.0,0.0,0.0,0.0,0.0,0.0,0.0,0.0,0.0,0.0,0.0,0.0,0.0,0.0,0.0,0.0,0.0,0.0,0.0,0.0,0.0,0.0,0.0,0.0,0.0,0.0,0.0,0.0,0.0,0.0,0.0,0.0,0.0,0.0,0.0,0.0,0.0,0.0,0.0,0.0,0.0,0.0,0.0,0.0,0.0,0.0,0.0,0.0,0.0,0.0,0.0,0.0,0.0,0.0,0.0,0.0,0.0,0.0,0.0,0.0,0.0,0.0,0.0,0.0,0.0,0.0,0.0,0.0,0.0,0.0,0.0,0.0,0.0,0.0,0.0,0.0,0.0,0.0,0.0,0.0,0.0,0.0,0.0,0.0,0.0,0.0,0.0,0.0,0.0,0.0,0.0,0.0,0.0,0.0,0.0,0.0,0.0,0.0,0.0,0.0,0.0,0.0,0.0,0.0,0.0,0.0,0.0,0.0,0.0,0.0,0.0,0.0,0.0,0.0,0.0,0.0,0.0,0.0,0.0,0.0,0.0,0.0,0.0,0.0,0.0,0.0,0.0,0.0,0.0,0.0,0.0,0.0,0.0,0.0,0.0,0.0,0.0,0.0,0.0,0.0,0.0,0.0,0.0,0.0,0.0,0.0,0.0,0.0,0.0,0.0,0.0,0.0,0.0,0.0,5.91e-05,0.0,0.0,0.0,3.12e-05,0.0,0.0,9.27e-05,0.0,0.0,0.0,0.0,0.000147631,0.0,0.000342068,0.0,0.000677836,0.000371532,0.0,0.0,0.00189518,0.0,0.00486825,0.000180428,0.0,0.00615755,0.000845287,0.0,3.51e-05,0.00243828,0.00298631,0.000764147,0.000156184,0.00300135,0.0,0.00166653,0.0,0.0033862,0.000163366,0.0197468,0.000143931,0.0,0.0,0.0,0.00551408,0.0,0.0,0.00584033,0.000286374,0.0,0.0,0.0,0.0,0.0,0.0,0.0,0.0,0.0,0.0,0.0,0.0,0.0,0.0,0.0,0.0,0.0,0.0,0.0,0.0,0.0,0.0,0.0,0.0,0.0,0.0,0.0,0.0,0.0,0.0,0.0,0.0,0.0,0.0,0.0,0.000880839,0.000325944,0.000471593,0.0,0.000222881,0.000117397,0.00168981,3.66e-05,0.0,0.0,0.0,0.00036616,0.00439458,0.0,0.0,0.0,0.0,0.000263326,0.0,0.0,0.0,0.0,0.0,0.0,0.0,0.0
Reef 352,0.0,0.0,0.0,0.0,0.0,0.0,0.0,0.0,0.0,0.0,0.0,0.0,0.0,0.0,0.0,0.0,0.0,0.0,0.0,0.0,0.0,0.0,0.0,0.0,0.0,0.0,0.0,0.0,0.0,0.0,0.0,0.0,0.0,0.0,0.0,0.0,0.0,0.0,0.0,0.0,0.0,0.0,0.0,0.0,0.0,0.0,0.0,0.0,0.0,0.0,0.0,0.0,0.0,0.0,0.0,0.0,0.0,0.0,0.0,0.0,0.0,0.0,0.0,0.0,0.0,0.0,0.0,0.0,0.0,0.0,0.0,0.0,0.0,0.0,0.0,0.0,0.0,0.0,0.0,0.0,0.0,0.0,0.0,0.0,0.0,0.0,0.0,0.0,0.0,0.0,0.0,0.0,0.0,0.0,0.0,0.0,0.0,0.0,0.0,0.0,0.0,0.0,0.0,0.0,0.0,0.0,0.0,0.0,0.0,0.0,0.0,0.0,0.0,0.0,0.0,0.0,0.0,0.0,0.0,0.0,0.0,0.0,0.0,0.0,0.0,0.0,0.0,0.0,0.0,0.0,0.0,0.0,0.0,0.0,0.0,0.0,0.0,0.0,0.0,0.0,0.0,0.0,0.0,0.0,0.0,0.0,0.0,0.0,0.0,0.0,0.0,3.77e-06,0.0,0.0,0.0,0.0,0.0,0.0,0.0,0.0,0.0,0.0,0.0,0.0,0.0,0.0,0.0,0.0,0.0,0.0,0.0,0.0,0.0,0.0,0.0,0.0,0.0,0.0,0.0,0.0,0.0,0.0,0.0,0.0,0.0,0.0,3.48e-06,0.0,0.0,0.0,0.0,0.0,0.0,0.0,0.0,0.0,0.0,0.0,4.42e-06,0.0,0.0,0.0,0.0,0.0,0.0,3.27e-06,1.75e-05,0.0,0.0,0.0,0.0,0.0,0.0,0.0,0.0,0.0,0.0,0.0,2.33e-05,0.0,0.0,0.0,0.0,2.38e-05,0.0,0.0,4.48e-06,0.0,0.0,0.0,0.0,0.0,3.04e-05,0.0,0.0,0.0,0.0,0.0,0.0,0.0,0.0,0.0,0.0,0.0,0.0,0.000344867,0.0,0.0,0.0,0.0,0.0,1.08e-05,0.0,0.0,0.0,0.0,0.0,0.0,0.0,0.0,0.0,0.0,0.0,0.0,0.0,0.0,0.0,0.0,0.0,0.0,0.0,0.0,0.0,0.0,3.06e-06,0.0,0.0,0.0,0.0,0.0,0.0,0.0,0.0,0.0,0.0,0.0,0.0,6.5e-05,0.0,0.0,0.0,0.0,4.55e-06,0.0,0.0,0.0,0.0,0.0,0.0,0.0,0.0,0.0,0.0,0.0,0.0,0.0,0.0,0.0,0.0,0.0,0.0,0.0,0.0,1.32e-05,5.43e-05,0.0,0.0,6.55e-06,0.000138239,0.0,1.61e-05,3.52e-06,0.000118851,0.0,0.0,1.14e-05,0.0,5.76e-05,0.0,8.68e-05,3.09e-05,0.0,0.0,0.000121175,2.82e-05,0.000188793,3.47e-06,0.0,0.000307644,5.07e-05,0.0,0.000253639,0.000274526,0.000114869,4.36e-06,8.8e-06,0.000222384,0.0,9.09e-06,0.0,7.3e-06,1.93e-05,3.9e-05,4.12e-06,0.0,0.0,0.0,0.000658175,0.0,0.0,0.00048329,5.21e-06,0.0,0.0,0.0,0.0,0.0,0.0,0.0,0.0,0.0,0.0,0.0,0.0,0.0,0.0,0.0,0.0,0.0,0.0,0.0,3.1e-06,0.0,0.0,0.0,0.0,0.0,9.87e-06,0.0,8.59e-06,0.0,0.0,0.0,0.0,0.0,0.0,0.000490707,0.00331238,0.00121604,0.00219089,0.000414319,0.000599518,0.00491632,0.00203123,0.00051125,0.00010215,8.14e-05,1.81e-05,0.00161479,0.0202943,4.49e-05,2.98e-06,7.66e-06,4.21e-05,0.00122679,3.03e-06,0.0,0.0,0.0,0.0,0.0,0.0,0.0
Reef 353,0.0,0.0,0.0,0.0,0.0,0.0,0.0,0.0,0.0,0.0,0.0,0.0,0.0,0.0,0.0,0.0,0.0,0.0,0.0,0.0,0.0,0.0,0.0,0.0,0.0,0.0,0.0,0.0,0.0,0.0,0.0,0.0,0.0,0.0,0.0,0.0,0.0,0.0,0.0,0.0,0.0,0.0,0.0,0.0,0.0,0.0,0.0,0.0,0.0,0.0,0.0,0.0,0.0,0.0,0.0,0.0,0.0,0.0,0.0,0.0,0.0,0.0,0.0,0.0,0.0,0.0,0.0,0.0,0.0,0.0,0.0,0.0,0.0,0.0,0.0,0.0,0.0,0.0,0.0,0.0,0.0,0.0,0.0,0.0,0.0,0.0,0.0,0.0,0.0,0.0,0.0,0.0,0.0,0.0,0.0,0.0,0.0,0.0,0.0,0.0,0.0,0.0,0.0,0.0,0.0,0.0,0.0,0.0,0.0,0.0,0.0,0.0,0.0,0.0,0.0,0.0,0.0,0.0,0.0,0.0,0.0,0.0,0.0,0.0,0.0,0.0,0.0,0.0,0.0,0.0,0.0,0.0,0.0,0.0,0.0,0.0,0.0,0.0,0.0,0.0,0.0,0.0,0.0,0.0,0.0,0.0,0.0,0.0,0.0,0.0,0.0,0.0,0.0,0.0,0.0,0.0,0.0,0.0,0.0,0.0,0.0,0.0,0.0,0.0,0.0,0.0,0.0,0.0,0.0,0.0,0.0,0.0,0.0,0.0,0.0,0.0,0.0,0.0,0.0,0.0,0.0,0.0,0.0,0.0,0.0,0.0,0.0,0.0,0.0,0.0,0.0,0.0,0.0,0.0,0.0,0.0,0.0,0.0,0.0,0.0,0.0,0.0,0.0,0.0,0.0,0.0,0.0,0.0,0.0,0.0,0.0,0.0,0.0,0.0,0.0,0.0,0.0,0.0,0.0,0.0,0.0,0.0,0.0,0.0,0.0,0.0,0.0,0.0,0.0,0.0,0.0,0.0,0.0,0.0,0.0,0.0,0.0,0.0,0.0,0.0,0.0,0.0,0.0,0.0,0.0,0.0,0.0,0.0,0.0,0.0,0.0,0.0,0.0,0.0,0.0,0.0,0.0,0.0,0.0,0.0,0.0,0.0,0.0,0.0,0.0,0.0,0.0,0.0,0.0,0.0,0.0,0.0,0.0,0.0,0.0,0.0,0.0,0.0,0.0,0.0,0.0,0.0,0.0,0.0,0.0,0.0,0.0,0.0,0.0,0.0,0.0,0.0,0.0,0.0,0.0,0.0,0.0,0.0,0.0,0.0,0.0,0.0,0.0,0.0,0.0,0.0,0.0,0.0,0.0,0.0,0.0,0.0,0.0,1.18e-05,0.0,0.0,0.0,9.32e-06,0.0,0.0,3.11e-05,0.0,0.0,0.0,0.0,2.13e-05,0.0,0.000113589,0.0,0.000201479,8.41e-05,0.0,0.0,0.000356302,6.6e-05,0.000610868,4.21e-05,0.0,0.00127766,0.000321607,0.0,7.88e-05,0.00101216,0.00119543,4.22e-05,6.76e-05,0.00136676,0.0,0.000317844,0.0,0.000352415,0.0004896,0.0144422,5.44e-06,0.0,0.0,0.0,0.0108442,0.0,0.0,0.0205614,0.000766133,0.0,0.0,0.0,0.0,0.0,0.0,0.0,0.0,0.0,0.0,0.0,0.0,0.0,0.0,0.0,0.0,0.0,0.0,0.0,0.0,0.0,0.0,0.0,0.0,0.0,0.0,0.0,0.0,0.0,0.0,0.0,0.0,0.0,0.0,0.0,0.00496952,0.00135018,0.0017936,0.0,4.79e-05,0.000329129,5.45e-05,0.000118781,0.0,1.61e-05,0.0,0.00114214,0.0153974,0.0,0.0,0.0,1.42e-05,0.000835146,0.0,0.0,0.0,0.0,0.0,0.0,0.0,0.0
Reef 354,0.0,0.0,0.0,0.0,0.0,0.0,0.0,0.0,0.0,0.0,0.0,0.0,0.0,0.0,0.0,0.0,0.0,0.0,0.0,0.0,0.0,0.0,0.0,0.0,0.0,0.0,0.0,0.0,0.0,0.0,0.0,0.0,0.0,0.0,0.0,0.0,0.0,0.0,0.0,0.0,0.0,0.0,0.0,0.0,0.0,0.0,0.0,0.0,0.0,0.0,0.0,0.0,0.0,0.0,0.0,0.0,0.0,0.0,0.0,0.0,0.0,0.0,0.0,0.0,0.0,0.0,0.0,0.0,0.0,0.0,0.0,0.0,0.0,0.0,0.0,0.0,0.0,0.0,0.0,0.0,0.0,0.0,0.0,0.0,0.0,0.0,0.0,0.0,0.0,0.0,0.0,0.0,0.0,0.0,0.0,0.0,0.0,0.0,0.0,0.0,0.0,0.0,0.0,0.0,0.0,0.0,0.0,0.0,0.0,0.0,0.0,0.0,0.0,0.0,0.0,0.0,0.0,0.0,0.0,0.0,0.0,0.0,0.0,0.0,0.0,0.0,0.0,0.0,0.0,0.0,0.0,0.0,0.0,0.0,0.0,0.0,0.0,0.0,0.0,0.0,0.0,0.0,0.0,0.0,0.0,0.0,0.0,0.0,0.0,0.0,0.0,3.98e-06,0.0,0.0,0.0,0.0,0.0,0.0,0.0,0.0,0.0,0.0,0.0,0.0,0.0,0.0,0.0,0.0,0.0,0.0,0.0,0.0,0.0,0.0,0.0,0.0,0.0,0.0,0.0,0.0,0.0,0.0,0.0,0.0,0.0,0.0,0.0,0.0,0.0,0.0,0.0,0.0,0.0,0.0,0.0,0.0,0.0,0.0,0.0,0.0,0.0,0.0,0.0,0.0,0.0,0.0,4.23e-06,0.0,0.0,0.0,0.0,0.0,0.0,0.0,0.0,0.0,0.0,0.0,3.84e-06,0.0,0.0,0.0,0.0,4.31e-06,0.0,0.0,6.1e-06,0.0,0.0,0.0,0.0,0.0,6.12e-06,0.0,0.0,0.0,0.0,0.0,0.0,0.0,0.0,0.0,0.0,0.0,0.0,0.000174044,0.0,0.0,0.0,0.0,0.0,2.63e-06,0.0,0.0,0.0,0.0,0.0,0.0,0.0,0.0,0.0,0.0,0.0,0.0,0.0,0.0,0.0,0.0,0.0,0.0,0.0,0.0,0.0,0.0,0.0,0.0,0.0,0.0,0.0,0.0,0.0,0.0,0.0,0.0,0.0,0.0,0.0,3.83e-05,0.0,0.0,0.0,0.0,2.87e-06,0.0,0.0,0.0,0.0,0.0,0.0,0.0,0.0,0.0,0.0,0.0,0.0,0.0,0.0,0.0,0.0,0.0,0.0,0.0,0.0,0.000725615,3.89e-05,0.0,0.0,0.000136382,8.52e-05,0.0,0.000673152,4e-05,9.37e-05,0.0,0.0,7.06e-05,0.0,3.79e-06,0.0,5.82e-06,0.000139396,0.0,0.0,8.24e-06,8.49e-05,1.27e-05,1.27e-05,0.0,2.3e-05,4.28e-06,0.0,0.000652959,1.95e-05,9.99e-06,1.6e-05,7.4e-06,1.73e-05,0.0,0.0,0.0,0.0,0.000448126,4.59e-06,3.49e-06,0.0,0.0,0.0,0.000134711,0.0,0.0,0.000127664,0.000213955,0.0,0.0,0.0,0.0,0.0,0.0,0.0,0.0,0.0,0.0,0.0,0.0,0.0,0.0,0.0,0.0,0.0,0.0,0.0,5.51e-06,0.0,0.0,0.0,0.0,0.0,1.67e-05,0.0,1.44e-05,0.0,0.0,0.0,0.0,0.0,0.0,0.000860782,0.00134918,0.000579863,0.00117532,0.000774289,0.000895202,0.00651507,0.00359947,0.000540035,0.000192496,0.000160067,4.32e-06,0.00128723,0.0129039,8.63e-05,5.78e-06,1.07e-05,2.78e-05,0.000907095,5.94e-06,0.0,0.0,0.0,0.0,0.0,0.0,0.0
Reef 355,0.0,0.0,0.0,0.0,0.0,0.0,0.0,0.0,0.0,0.0,0.0,0.0,0.0,0.0,0.0,0.0,0.0,0.0,0.0,0.0,0.0,0.0,0.0,0.0,0.0,0.0,0.0,0.0,0.0,0.0,0.0,0.0,0.0,0.0,0.0,0.0,0.0,0.0,0.0,0.0,0.0,0.0,0.0,0.0,0.0,0.0,0.0,0.0,0.0,0.0,0.0,0.0,0.0,0.0,0.0,0.0,0.0,0.0,0.0,0.0,0.0,0.0,0.0,0.0,0.0,0.0,0.0,0.0,0.0,0.0,0.0,0.0,0.0,0.0,0.0,0.0,0.0,0.0,0.0,0.0,0.0,0.0,0.0,0.0,0.0,0.0,0.0,0.0,0.0,0.0,0.0,0.0,0.0,0.0,0.0,0.0,0.0,0.0,0.0,0.0,0.0,0.0,0.0,0.0,0.0,0.0,0.0,0.0,0.0,0.0,0.0,0.0,0.0,0.0,0.0,0.0,0.0,0.0,0.0,0.0,0.0,0.0,0.0,0.0,0.0,0.0,0.0,0.0,0.0,0.0,0.0,0.0,0.0,0.0,0.0,0.0,1.61e-06,0.0,0.0,0.0,0.0,0.0,0.0,1.32e-06,0.0,0.0,4.2e-05,0.0,0.0,0.000296037,0.0,3.28e-05,0.000673723,0.0,1.58e-06,0.0,0.0,0.0,0.0,0.001527,5.01e-05,0.0,0.0,0.0,0.0,0.000172336,0.000617525,3.34e-06,1.72e-05,0.0,0.0,2.09e-05,2.05e-05,1.63e-06,0.0,0.00268672,1.11e-05,0.0,0.0,0.0,0.0,0.00124668,0.0,0.0,0.0,0.000331841,0.0,1.18e-05,0.0,0.0,0.0,0.0,0.000465628,0.0,1.8e-05,1.58e-06,0.0,0.0,0.0,0.0,3.21e-05,8.18e-05,0.0,7.24e-05,0.0,0.0,0.0,0.0,0.0,0.00048831,9.74e-05,0.00116269,0.00105133,0.00024645,0.000637065,0.000279712,1.17e-05,2.83e-05,0.0,2.54e-05,8.7e-06,0.000238958,1.25e-05,0.0,7.3e-05,0.0,0.00118633,2.39e-05,0.0,0.0,3.01e-05,7.28e-06,0.0,1.15e-06,0.0,5.82e-06,4.06e-06,0.0,0.0,3.78e-05,0.000516285,1.5e-05,0.0,0.0,0.0,1.07e-06,1.02e-06,8.16e-05,0.0,0.0,0.0,0.0,0.000118203,0.0,0.0,0.0,0.0,0.0,0.0,1.21e-05,2.68e-05,3.62e-06,0.0,0.0,7.88e-06,3.7e-06,1.82e-06,0.0,0.0,1.42e-06,0.0,0.0,0.000126047,0.0,0.0,6.13e-06,0.00018694,0.0,0.0,0.000178791,0.0,0.00136111,6.68e-06,0.0,0.0,0.0,0.0,9.02e-06,0.0,0.000328477,0.0,0.0,0.0,0.0,0.0,0.0,0.0,8.3e-05,0.0019055,0.0,0.0,0.0,1.26e-06,0.0,0.0,0.0,0.0,0.0,0.0,0.0,0.0,0.0,0.0,2.34e-05,6.65e-06,0.0,0.0,8.57e-06,1.77e-05,0.0,0.000117391,5.05e-06,2.09e-05,0.0,0.0,4.7e-05,0.0,0.000882094,2.33e-06,0.00102433,0.000236097,0.0,0.0,0.000549197,0.00569165,0.000533634,0.00869231,0.0,0.000531757,3.83e-05,0.0,0.000557017,0.000221781,2.95e-05,0.00163827,0.0,5.5e-05,0.0,0.0,0.0,0.0,6.02e-06,0.0,1.62e-06,1.52e-05,0.0,7.82e-05,3.84e-06,0.000321249,0.000113407,9.65e-06,2.78e-05,8.5e-06,0.0,0.0,2.65e-06,1.22e-05,0.0,0.0,0.00182655,2.37e-05,1.83e-06,0.0,0.0,0.0,1.66e-05,0.0,0.0,3.39e-06,0.0,0.0,0.0,0.0,0.0,0.0,0.0,0.0,0.0,0.0,0.0,0.0,0.0,0.0,0.0,0.0,0.0,0.0,0.0,0.0,0.0,0.0,0.0,0.0,0.0,0.0,0.0,0.0,0.0,0.0,0.0,0.0,0.0,0.0,0.0,0.0,0.0,0.0,0.0,0.0,0.0,0.0,0.0,0.0
Reef 356,0.0,0.0,0.0,0.0,0.0,0.0,0.0,0.0,0.0,0.0,0.0,0.0,0.0,0.0,0.0,0.0,0.0,0.0,0.0,0.0,0.0,0.0,0.0,0.0,0.0,0.0,0.0,0.0,0.0,0.0,0.0,0.0,0.0,0.0,0.0,0.0,0.0,0.0,0.0,0.0,0.0,0.0,0.0,0.0,0.0,0.0,0.0,0.0,0.0,0.0,0.0,0.0,0.0,0.0,0.0,0.0,0.0,0.0,0.0,0.0,0.0,0.0,0.0,0.0,0.0,0.0,0.0,0.0,0.0,0.0,0.0,0.0,0.0,0.0,0.0,0.0,0.0,0.0,0.0,0.0,0.0,0.0,0.0,0.0,0.0,0.0,0.0,0.0,0.0,0.0,0.0,0.0,0.0,0.0,0.0,0.0,0.0,0.0,0.0,0.0,0.0,0.0,0.0,0.0,0.0,0.0,0.0,0.0,0.0,0.0,0.0,0.0,0.0,0.0,0.0,0.0,0.0,0.0,0.0,0.0,0.0,0.0,0.0,0.0,0.0,0.0,0.0,0.0,0.0,0.0,0.0,0.0,0.0,0.0,0.0,0.0,0.0,0.0,0.0,0.0,0.0,0.0,0.0,0.0,0.0,0.0,2.01e-06,0.0,0.0,0.0,0.0,1.78e-06,0.0,0.0,0.0,0.0,0.0,0.0,0.0,4.47e-05,3.72e-05,0.0,0.0,0.0,0.0,1.94e-05,8.05e-05,0.0,3.6e-06,0.0,0.0,1.68e-05,2.36e-05,0.0,0.0,6.32e-06,3.8e-06,0.0,0.0,0.0,0.0,2.93e-06,0.0,0.0,0.0,0.00017354,0.0,0.0,0.0,0.0,0.0,0.0,0.0,0.0,0.0,0.0,0.0,0.0,0.0,0.0,1.83e-05,0.0,0.0,0.0,0.0,0.0,0.0,0.0,0.0,0.000124639,0.0,4.22e-06,4.35e-05,4.54e-05,0.0,0.0,0.0,0.0,0.0,0.0,0.0,0.0,0.0,0.0,3.76e-05,0.0,0.000159713,4.79e-06,0.0,0.0,9.05e-05,0.0,0.0,6.51e-05,8.08e-06,0.0,0.0,1.54e-06,0.000556493,0.0,0.000845379,0.000129926,0.0,5.62e-06,2.67e-06,0.0,0.0,3.46e-05,0.00072897,9.45e-06,0.00021246,0.0,3.09e-05,0.000367114,2.99e-05,2.37e-05,2.62e-05,0.00113883,0.000941035,1.97e-05,0.00134126,0.000271222,5.1e-05,3.43e-06,0.00154281,0.000238691,0.00227915,0.00137381,0.0,0.002434,0.00022386,0.0014259,0.000257315,2.77e-05,0.0,0.000118405,0.000142875,0.000273289,2.73e-05,6.9e-05,1.13e-05,0.000824861,0.00141825,0.000743908,2.17e-05,5.78e-06,1.51e-05,0.0,0.0,0.00016487,0.0,0.0,0.0,1.22e-05,7.35e-05,2.07e-05,0.0,2.84e-05,0.00067348,0.0,3.29e-06,9.35e-06,0.0,7.16e-06,9.97e-05,0.0,0.0,0.0,0.0,0.0,0.0,0.0,0.0,0.0,0.0,6.34e-06,2.13e-05,0.0,0.0,0.00125501,0.0,0.0,0.0,2.79e-06,6.37e-06,0.0,3.68e-06,0.0,0.0,0.0,0.0,5.73e-06,7.7e-06,0.0,0.0,0.0,0.0,0.0,0.0,0.0,9.42e-05,0.0,0.0,0.0,0.0,0.0,0.0,6.18e-06,0.0,1.68e-06,0.0,0.0,0.0,0.0,1.81e-05,4.32e-05,0.0,0.0,0.0,0.0,0.0,0.0,3.87e-06,7.66e-06,1.49e-05,2.29e-06,2.8e-05,0.0,0.0,0.0,0.0,2.18e-06,1.54e-06,0.0,0.0,0.0,0.0,0.0,0.0,0.0,0.0,0.0,0.0,0.0,0.0,0.0,0.0,0.0,0.0,0.0,0.0,0.0,0.0,0.0,0.0,0.0,0.0,0.0,0.0,0.0,0.0,0.0,0.0,0.0,0.0,0.0,0.0,0.0,0.0,0.0,0.0,0.0,0.0,0.0,0.0,0.0,0.0,0.0,0.0,0.0,0.0,0.0,0.0
Reef 357,0.0,0.0,0.0,0.0,0.0,0.0,0.0,0.0,0.0,0.0,0.0,0.0,0.0,0.0,0.0,0.0,0.0,0.0,0.0,0.0,0.0,0.0,0.0,0.0,0.0,0.0,0.0,0.0,0.0,0.0,0.0,0.0,0.0,0.0,0.0,0.0,0.0,0.0,0.0,0.0,0.0,0.0,0.0,0.0,0.0,0.0,0.0,0.0,0.0,0.0,0.0,0.0,0.0,0.0,0.0,0.0,0.0,0.0,0.0,0.0,0.0,0.0,0.0,0.0,0.0,0.0,0.0,0.0,0.0,0.0,0.0,0.0,0.0,0.0,0.0,0.0,0.0,0.0,0.0,0.0,0.0,0.0,0.0,0.0,0.0,0.0,0.0,0.0,0.0,0.0,0.0,0.0,0.0,0.0,0.0,0.0,0.0,0.0,0.0,0.0,0.0,0.0,0.0,0.0,0.0,0.0,0.0,0.0,0.0,0.0,0.0,0.0,0.0,0.0,0.0,0.0,0.0,0.0,0.0,0.0,0.0,0.0,0.0,0.0,0.0,0.0,0.0,0.0,0.0,0.0,0.0,0.0,0.0,0.0,0.0,0.0,0.0,0.0,0.0,0.0,0.0,0.0,0.0,0.0,0.0,0.0,0.0,0.0,0.0,0.0,0.0,0.0,0.0,0.0,0.0,0.0,0.0,0.0,0.0,7.86e-05,0.0,0.0,0.0,0.0,0.0,0.0,7.35e-05,0.0,0.0,0.0,0.0,0.0,0.0,0.0,0.0,8.28e-05,0.0,0.0,0.0,0.0,0.0,0.0,0.0,0.0,0.0,0.0,0.0,0.0,0.0,0.0,0.0,0.0,0.0,0.0,0.0,0.0,0.0,0.0,0.0,0.0,0.0,0.0,0.0,0.0,0.0,0.0,0.0,0.0,0.0,0.0,0.0,0.0,0.0,0.0,0.000132092,0.0,0.0,0.0,0.0,0.0,0.0,8.04e-05,0.0,0.0,0.0,0.0,0.000434158,0.0,0.0,0.0,0.0,0.0,0.0,0.0,0.0,0.0,0.0,0.0,0.0,0.000203644,0.000140485,0.0,0.0,0.0,0.0,0.0,0.000572977,0.0,0.0,0.0,0.0,0.0,0.0,0.0,0.0,0.0,0.0,0.0,0.0,0.00137825,0.0,0.0,0.0,0.0,0.0,0.0,0.0,0.0,0.0,0.0,0.0,0.0,0.000524252,0.0,0.0,0.0,0.000308986,0.0,0.0,0.000123063,0.0,5.09e-05,0.0,0.0,0.0,0.0,0.0,0.0,0.0,0.000528156,0.0,0.0,0.0,0.0,0.0,0.0,0.0,0.000137379,0.000306437,0.0,0.0,0.0,0.0,0.0,0.0,0.0,0.0,0.0,0.0,0.0,0.0,0.0,0.0,7.48e-05,0.0,0.0,0.0,0.0,0.0,0.0,5.11e-05,0.0,0.0,0.0,0.0,0.0,0.0,0.000318282,0.0,0.000376267,0.000102705,0.0,0.0,0.000239122,7.3e-05,0.000255774,6.17e-05,0.0,0.000218129,0.0,0.0,0.000538576,7.99e-05,0.0,0.000176709,0.0,0.0,0.0,0.0,0.0,0.0,0.0,0.0,0.0,0.0,0.0,0.00637276,0.0,0.00102217,0.00210684,0.0,0.0,0.0,0.0,0.0,0.0,0.0,0.0,0.0,0.00456743,0.0,0.0,0.0,0.0,0.0,6.18e-05,0.0,0.0,5.04e-05,0.0,0.0,0.0,0.0,0.0,0.0,0.0,0.0,0.0,0.0,0.0,0.0,0.0,0.0,0.0,0.0,0.0,0.0,0.0,0.0,0.0,0.0,0.0,0.0,0.0,0.0,0.0,0.0,0.0,0.0,0.0,0.0,0.0,0.0,0.0,0.0,0.0,0.0,0.0,0.0,0.0,0.0,0.0,0.0
Reef 358,0.0,0.0,0.0,0.0,0.0,0.0,0.0,0.0,0.0,0.0,0.0,0.0,0.0,0.0,0.0,0.0,0.0,0.0,0.0,0.0,0.0,0.0,0.0,0.0,0.0,0.0,0.0,0.0,0.0,0.0,0.0,0.0,0.0,0.0,0.0,0.0,0.0,0.0,0.0,0.0,0.0,0.0,0.0,0.0,0.0,0.0,0.0,0.0,0.0,0.0,0.0,0.0,0.0,0.0,0.0,0.0,0.0,0.0,0.0,0.0,0.0,0.0,0.0,0.0,0.0,0.0,0.0,0.0,0.0,0.0,0.0,0.0,0.0,0.0,0.0,0.0,0.0,0.0,0.0,0.0,0.0,0.0,0.0,0.0,0.0,0.0,0.0,0.0,0.0,0.0,0.0,0.0,0.0,0.0,0.0,0.0,0.0,0.0,0.0,0.0,0.0,0.0,0.0,0.0,0.0,0.0,0.0,0.0,0.0,0.0,0.0,0.0,0.0,0.0,0.0,0.0,0.0,0.0,0.0,0.0,0.0,0.0,0.0,0.0,0.0,0.0,0.0,0.0,0.0,0.0,0.0,0.0,0.0,0.0,0.0,0.0,0.0,0.0,0.0,0.0,0.0,0.0,0.0,0.0,0.0,0.0,0.0,0.0,0.0,0.0,0.0,0.0,0.0,0.0,0.0,0.0,0.0,0.0,0.0,0.0,0.0,0.0,0.0,0.0,0.0,0.0,0.0,0.0,0.0,0.0,0.0,0.0,0.0,0.0,0.0,0.0,0.0,0.0,0.0,0.0,0.0,0.0,0.0,0.0,0.0,0.0,0.0,0.0,0.0,0.0,0.0,0.0,0.0,0.0,0.0,0.0,0.0,0.0,0.0,0.0,0.0,0.0,0.0,0.0,0.0,0.0,0.0,0.0,0.0,0.0,0.0,0.0,0.0,0.0,0.0,0.0,0.0,0.0,0.0,0.0,0.0,0.0,0.0,0.0,0.0,0.0,0.0,0.0,0.0,0.0,0.0,0.0,0.0,0.0,0.0,0.0,0.0,0.0,0.0,0.0,0.0,0.0,0.0,0.0,0.0,0.0,0.0,0.0,0.0,0.0,0.0,0.0,0.0,0.0,0.0,0.0,0.0,0.0,0.0,0.0,0.0,0.0,0.0,0.0,0.0,0.0,0.0,0.0,0.0,0.0,0.0,0.0,0.0,0.0,0.0,0.0,0.0,0.0,0.0,0.0,0.0,0.0,0.0,0.0,0.0,0.0,0.0,0.0,0.0,0.0,0.0,0.0,0.0,0.0,0.0,0.0,0.0,0.0,0.0,0.0,0.0,0.0,0.0,0.0,0.0,0.0,0.0,0.0,0.0,0.0,0.0,0.0,0.0,2.98e-05,0.0,0.0,0.0,2.03e-05,1.18e-05,0.0,5.95e-05,7.51e-06,2.58e-05,0.0,0.0,3.71e-05,0.0,0.000207888,1.01e-05,0.000340342,0.000128742,0.0,0.0,0.000526975,0.000483574,0.000815825,0.000297375,0.0,0.00169954,0.000376421,0.0,0.000431586,0.00135912,0.00103161,0.000268865,6.45e-05,0.00149224,0.0,0.000153576,0.0,0.000124064,3.05e-05,0.00166848,5.48e-05,0.0,0.0,0.0,0.0159557,0.0,0.0,0.0280115,3.17e-05,0.0,0.0,0.0,0.0,0.0,0.0,0.0,0.0,0.0,0.0,0.0,0.0,0.0,0.0,0.0,0.0,0.0,0.0,0.0,0.0,0.0,0.0,0.0,0.0,0.0,0.0,0.0,0.0,0.0,0.0,0.0,0.0,0.0,0.0,1.55e-05,0.00707418,0.0019812,0.0027568,8.05e-06,8.07e-05,0.000679479,9.5e-05,0.00018696,6.68e-06,9.8e-05,0.0,0.00153714,0.0217097,2.11e-05,0.0,0.0,2.62e-05,0.00114221,0.0,0.0,0.0,0.0,0.0,0.0,0.0,0.0
Reef 359,0.0,0.0,0.0,0.0,0.0,0.0,0.0,0.0,0.0,0.0,0.0,0.0,0.0,0.0,0.0,0.0,0.0,0.0,0.0,0.0,0.0,0.0,0.0,0.0,0.0,0.0,0.0,0.0,0.0,0.0,0.0,0.0,0.0,0.0,0.0,0.0,0.0,0.0,0.0,0.0,0.0,0.0,0.0,0.0,0.0,0.0,0.0,0.0,0.0,0.0,0.0,0.0,0.0,0.0,0.0,0.0,0.0,0.0,0.0,0.0,0.0,0.0,0.0,0.0,0.0,0.0,0.0,0.0,0.0,0.0,0.0,0.0,0.0,0.0,0.0,0.0,0.0,0.0,0.0,0.0,0.0,0.0,0.0,0.0,0.0,0.0,0.0,0.0,0.0,0.0,0.0,0.0,0.0,0.0,0.0,0.0,0.0,0.0,0.0,0.0,0.0,0.0,0.0,0.0,0.0,0.0,0.0,0.0,0.0,0.0,0.0,0.0,0.0,0.0,0.0,0.0,0.0,0.0,0.0,0.0,0.0,0.0,0.0,0.0,0.0,0.0,0.0,0.0,0.0,0.0,0.0,0.0,0.0,0.0,0.0,0.0,0.0,0.0,0.0,0.0,0.0,0.0,0.0,0.0,0.0,0.0,0.0,0.0,0.0,0.0,0.0,0.0,3.89e-05,0.0,0.0,0.0,0.0,0.0,0.0,0.00018444,0.0,0.0,0.0,0.0,0.0,5.69e-05,0.000180503,0.0,0.0,0.0,0.0,0.0,0.0,0.0,0.0,0.000207084,0.0,0.0,0.0,0.0,0.0,0.000103872,0.0,0.0,0.0,0.0,0.0,0.0,0.0,0.0,0.0,0.0,3.88e-05,0.0,0.0,0.0,0.0,0.0,0.0,0.0,0.0,0.0,0.0,0.0,0.0,0.0,0.0,0.0,0.0,0.0,0.0,0.0,2.89e-05,0.0,3.78e-05,0.0,0.0,0.0,0.0,0.0,0.0,4.8e-05,0.0,0.0,0.0,0.0,4.47e-05,0.0,0.0,0.0,0.0,0.0,0.0,0.0,0.0,0.0,0.0,0.0,0.0,4.37e-05,0.000197787,0.0,0.0,0.0,0.0,0.0,0.000267851,0.0,0.0,0.0,0.0,0.0,0.0,0.0,0.0,0.0,0.0,0.0,0.0,0.00112193,4.32e-05,0.0,0.0,0.0,7.21e-05,0.0,0.0,0.0,0.0,0.000227281,0.0,0.0,0.000436911,0.0,0.0,0.0,0.000258629,0.0,0.0,7.13e-05,0.0,8.07e-05,0.0,0.0,0.0,0.0,0.0,0.0,0.0,0.000134493,0.0,0.0,0.0,0.0,0.0,0.0,0.0,0.000109151,0.000282991,0.0,0.0,0.0,0.0,0.0,0.0,0.0,0.0,0.0,0.0,0.0,0.0,0.0,0.0,5.55e-05,0.0,0.0,0.0,0.0,0.0,0.0,9.17e-05,0.0,0.0,0.0,0.0,0.000131128,0.0,0.00182441,0.0,0.00222203,0.000610974,0.0,0.0,0.00138437,0.000385728,0.00153682,0.00301138,0.0,0.00121548,7.37e-05,0.0,0.000558468,0.000387554,6.71e-05,0.000846552,0.0,0.000104204,0.0,0.0,0.0,0.0,0.000104297,0.0,2.77e-05,0.0,0.0,0.0,0.0,0.000762724,4.48e-05,5.02e-05,0.00010598,0.0,0.0,0.0,0.0,0.0,0.0,0.0,0.0184884,0.0,0.0,0.0,0.0,0.0,0.000910237,0.0,0.0,9.79e-05,0.0,0.0,0.0,0.0,0.0,0.0,0.0,0.0,0.0,0.0,0.0,0.0,0.0,0.0,0.0,0.0,0.0,0.0,0.0,0.0,0.0,0.0,0.0,0.0,0.0,0.0,0.0,0.0,0.0,0.0,0.0,0.0,0.0,0.0,0.0,0.0,0.0,0.0,0.0,0.0,0.0,0.0,0.0,0.0
Reef 360,0.0,0.0,0.0,0.0,0.0,0.0,0.0,0.0,0.0,0.0,0.0,0.0,0.0,0.0,0.0,0.0,0.0,0.0,0.0,0.0,0.0,0.0,0.0,0.0,0.0,0.0,0.0,0.0,0.0,0.0,0.0,0.0,0.0,0.0,0.0,0.0,0.0,0.0,0.0,0.0,0.0,0.0,0.0,0.0,0.0,0.0,0.0,0.0,0.0,0.0,0.0,0.0,0.0,0.0,0.0,0.0,0.0,0.0,0.0,0.0,0.0,0.0,0.0,0.0,0.0,0.0,0.0,0.0,0.0,0.0,0.0,0.0,0.0,0.0,0.0,0.0,0.0,0.0,0.0,0.0,0.0,0.0,0.0,0.0,0.0,0.0,0.0,0.0,0.0,0.0,0.0,0.0,0.0,0.0,0.0,0.0,0.0,0.0,0.0,0.0,0.0,0.0,0.0,0.0,0.0,0.0,0.0,0.0,0.0,0.0,0.0,0.0,0.0,0.0,0.0,0.0,0.0,0.0,0.0,0.0,0.0,0.0,0.0,0.0,0.0,0.0,0.0,0.0,0.0,0.0,0.0,0.0,0.0,0.0,0.0,0.0,0.0,0.0,0.0,0.0,0.0,0.0,0.0,0.0,0.0,0.0,0.0,0.0,0.0,0.0,0.0,0.0,0.0,0.0,0.0,0.0,0.0,0.0,0.0,4.02e-05,0.0,0.0,0.0,0.0,0.0,1.42e-05,4.41e-05,0.0,0.0,0.0,0.0,0.0,0.0,0.0,0.0,3.37e-05,0.0,0.0,0.0,0.0,0.0,1.64e-05,0.0,0.0,0.0,0.0,0.0,0.0,0.0,0.0,0.0,0.0,0.0,0.0,0.0,0.0,0.0,0.0,0.0,0.0,0.0,0.0,0.0,0.0,0.0,0.0,0.0,0.0,0.0,0.0,0.0,0.0,0.0,0.0,2.48e-05,0.0,0.0,0.0,0.0,0.0,0.0,1.75e-05,0.0,0.0,0.0,0.0,0.000413695,0.0,0.0,0.0,0.0,0.0,0.0,0.0,0.0,0.0,0.0,0.0,0.0,2.81e-05,1.71e-05,0.0,0.0,0.0,0.0,0.0,0.000107441,0.0,0.0,0.0,0.0,0.0,0.0,0.0,0.0,0.0,0.0,0.0,0.0,0.00034628,0.0,0.0,0.0,0.0,1.56e-05,0.0,0.0,0.0,0.0,0.0,0.0,0.0,0.000158783,0.0,0.0,0.0,0.000101164,0.0,0.0,2.32e-05,0.0,0.000495584,0.0,0.0,0.0,0.0,0.0,1.54e-05,0.0,0.000184627,0.0,0.0,0.0,0.0,0.0,0.0,0.0,2.64e-05,0.000115027,0.0,0.0,0.0,0.0,0.0,0.0,0.0,0.0,0.0,0.0,0.0,0.0,0.0,0.0,0.000126965,0.0,0.0,0.0,2.32e-05,2.22e-05,0.0,9.13e-05,0.0,0.0,0.0,0.0,4.11e-05,0.0,0.000134134,0.0,0.000154617,4.25e-05,0.0,0.0,0.0001014,0.00010436,0.00010644,0.000334248,0.0,9.5e-05,2.13e-05,0.0,0.00107127,4.34e-05,1.51e-05,0.000118312,0.0,0.0,0.0,0.0,0.0,0.0,1.66e-05,0.0,0.0,0.0,0.0,0.00022173,0.0,0.000377254,0.0459528,0.0,1.72e-05,0.0,0.0,0.0,0.0,0.0,0.0,0.0,0.000999712,0.0,0.0,0.0,0.0,0.0,1.99e-05,0.0,0.0,8.85e-05,0.0,0.0,0.0,0.0,0.0,0.0,0.0,0.0,0.0,0.0,0.0,0.0,0.0,0.0,0.0,0.0,0.0,0.0,0.0,0.0,0.0,0.0,0.0,0.0,0.0,0.0,0.0,0.0,0.0,0.0,0.0,0.0,0.0,0.0,0.0,0.0,0.0,0.0,0.0,0.0,0.0,0.0,0.0,0.0
Reef 361,0.0,0.0,0.0,0.0,0.0,0.0,0.0,0.0,0.0,0.0,0.0,0.0,0.0,0.0,0.0,0.0,0.0,0.0,0.0,0.0,0.0,0.0,0.0,0.0,0.0,0.0,0.0,0.0,0.0,0.0,0.0,0.0,0.0,0.0,0.0,0.0,0.0,0.0,0.0,0.0,0.0,0.0,0.0,0.0,0.0,0.0,0.0,0.0,0.0,0.0,0.0,0.0,0.0,0.0,0.0,0.0,0.0,0.0,0.0,0.0,0.0,0.0,0.0,0.0,0.0,0.0,0.0,0.0,0.0,0.0,0.0,0.0,0.0,0.0,0.0,0.0,0.0,0.0,0.0,0.0,0.0,0.0,0.0,0.0,0.0,0.0,0.0,0.0,0.0,0.0,0.0,0.0,0.0,0.0,0.0,0.0,0.0,0.0,0.0,0.0,0.0,0.0,0.0,0.0,0.0,0.0,0.0,0.0,0.0,0.0,0.0,0.0,0.0,0.0,0.0,0.0,0.0,0.0,0.0,0.0,0.0,0.0,0.0,0.0,0.0,0.0,0.0,0.0,0.0,0.0,0.0,0.0,0.0,0.0,0.0,0.0,0.0,0.0,0.0,0.0,0.0,0.0,0.0,0.0,0.0,0.0,0.0,0.0,0.0,0.0,0.0,0.0,0.0,0.0,0.0,0.0,0.0,0.0,0.0,0.0,0.0,0.0,0.0,0.0,0.0,0.0,0.0,0.0,0.0,0.0,0.0,0.0,0.0,0.0,0.0,0.0,0.0,0.0,0.0,0.0,0.0,0.0,0.0,0.0,0.0,0.0,0.0,0.0,0.0,0.0,0.0,0.0,0.0,0.0,0.0,0.0,0.0,0.0,0.0,0.0,0.0,0.0,0.0,0.0,0.0,0.0,0.0,0.0,0.0,0.0,0.0,0.0,0.0,0.0,0.0,0.0,0.0,0.0,0.0,0.0,0.0,0.0,0.0,0.0,0.0,0.0,0.0,0.0,0.0,0.0,0.0,0.0,0.0,0.0,0.0,0.0,0.0,0.0,0.0,0.0,0.0,0.0,0.0,0.0,0.0,0.0,0.0,0.0,0.0,0.0,0.0,0.0,0.0,0.0,0.0,0.0,0.0,0.0,0.0,0.0,0.0,0.0,0.0,0.0,0.0,0.0,0.0,0.0,0.0,0.0,0.0,0.0,0.0,0.0,0.0,0.0,0.0,0.0,0.0,0.0,0.0,0.0,0.0,0.0,0.0,0.0,0.0,0.0,0.0,0.0,0.0,0.0,0.0,0.0,0.0,0.0,0.0,0.0,0.0,0.0,0.0,0.0,0.0,0.0,0.0,0.0,0.0,0.0,0.0,0.0,0.0,0.0,0.0,9.79e-06,4.49e-06,0.0,0.0,7.25e-06,1.21e-05,0.0,2.25e-05,1.58e-05,1.74e-05,0.0,0.0,1.34e-05,0.0,7.91e-05,6.04e-06,0.00013297,5.11e-05,0.0,0.0,0.000206629,0.0005224,0.000307146,0.000319046,0.0,0.000695806,0.000171068,0.0,4.34e-06,0.000581472,0.000499395,0.000285713,3.03e-05,0.000692138,0.0,8.71e-05,0.0,6.34e-05,3.46e-05,0.000631647,6.15e-05,0.0,0.0,0.0,0.00847766,0.0,0.0,0.0182921,3.66e-05,0.0,0.0,0.0,0.0,0.0,0.0,0.0,0.0,0.0,0.0,0.0,0.0,0.0,0.0,0.0,0.0,0.0,0.0,0.0,0.0,0.0,0.0,0.0,0.0,0.0,0.0,0.0,0.0,0.0,0.0,0.0,0.0,0.0,0.0,2.22e-05,0.0100276,0.00246587,0.00337864,1.18e-05,8.2e-05,0.000782691,9.88e-05,0.000179978,6.13e-06,0.000102243,0.0,0.00147171,0.0222134,2.22e-05,0.0,0.0,2.98e-05,0.0010682,0.0,0.0,0.0,0.0,0.0,0.0,0.0,0.0
Reef 362,0.0,0.0,0.0,0.0,0.0,0.0,0.0,0.0,0.0,0.0,0.0,0.0,0.0,0.0,0.0,0.0,0.0,0.0,0.0,0.0,0.0,0.0,0.0,0.0,0.0,0.0,0.0,0.0,0.0,0.0,0.0,0.0,0.0,0.0,0.0,0.0,0.0,0.0,0.0,0.0,0.0,0.0,0.0,0.0,0.0,0.0,0.0,0.0,0.0,0.0,0.0,0.0,0.0,0.0,0.0,0.0,0.0,0.0,0.0,0.0,0.0,0.0,0.0,0.0,0.0,0.0,0.0,0.0,0.0,0.0,0.0,0.0,0.0,0.0,0.0,0.0,0.0,0.0,0.0,0.0,0.0,0.0,0.0,0.0,0.0,0.0,0.0,0.0,0.0,0.0,0.0,0.0,0.0,0.0,0.0,0.0,0.0,0.0,0.0,0.0,0.0,0.0,0.0,0.0,0.0,0.0,0.0,0.0,0.0,0.0,0.0,0.0,0.0,0.0,0.0,0.0,0.0,0.0,0.0,0.0,0.0,0.0,0.0,0.0,0.0,0.0,0.0,0.0,0.0,0.0,0.0,0.0,0.0,0.0,0.0,0.0,0.0,0.0,0.0,0.0,0.0,0.0,0.0,0.0,0.0,0.0,0.0,0.0,0.0,0.0,0.0,0.0,0.0,0.0,0.0,0.0,0.0,0.0,0.0,0.0,0.0,0.0,0.0,0.0,0.0,0.0,0.0,0.0,0.0,0.0,0.0,0.0,0.0,0.0,0.0,0.0,0.0,0.0,0.0,0.0,0.0,0.0,0.0,0.0,0.0,0.0,0.0,0.0,0.0,0.0,0.0,0.0,0.0,0.0,0.0,0.0,0.0,0.0,0.0,0.0,0.0,0.0,0.0,0.0,0.0,0.0,0.0,0.0,0.0,0.0,0.0,0.0,0.0,0.0,0.0,0.0,0.0,0.0,0.0,0.0,0.0,0.0,0.0,0.0,0.0,0.0,1.08e-05,0.0,0.0,0.0,0.0,0.0,0.0,0.0,0.0,0.0,0.0,0.0,0.0,0.0,0.0,0.0,0.0,0.0,0.0,1.95e-05,0.0,0.0,0.0,0.0,0.0,0.0,0.0,0.0,0.0,0.0,0.0,0.0,0.0,0.0,0.0,0.0,0.0,0.0,0.0,0.0,0.0,0.0,0.0,0.0,0.0,0.0,0.0,0.0,0.0,0.0,0.0,0.0,0.0,0.0,0.0,0.0,0.0,0.0,0.0,0.0,0.0,0.000326576,0.0,0.0,0.0,0.0,0.0,0.0,0.0,0.0,0.0,0.0,0.0,0.0,0.0,0.0,0.0,0.0,0.0,0.0,0.0,0.0,0.0,0.0,0.0,0.0,0.0,0.0119308,0.000181685,0.0,0.0,0.00191514,0.00031092,0.0,0.00569114,0.00147259,0.000950627,0.0,0.0,0.00379951,0.0,1.33e-05,0.00014032,2.7e-06,4.46e-06,0.0,0.0,8.35e-06,0.00069097,6.02e-06,0.000115531,0.0,1.29e-05,5.88e-06,0.0,0.0021904,9.12e-05,3.45e-05,0.000106611,1.97e-05,1.45e-05,0.0,2.45e-05,0.0,9e-06,3.55e-06,1.76e-05,6.89e-06,0.0,0.0,0.0,3.12e-05,0.0,0.0,8.08e-05,0.00254441,0.0,0.0,0.0,0.0,0.0,0.0,0.0,0.0,0.0,0.0,0.0,0.0,0.0,0.0,0.0,0.0,0.0,0.0,0.0,1.62e-05,0.0,0.0,0.0,0.0,0.0,3.79e-05,0.0,2.51e-05,0.0,0.0,0.0,0.0,0.0,0.0,0.000893013,0.00591009,0.00224345,0.00386593,0.0010128,0.000853524,0.00406192,0.00721562,0.000436014,0.000207779,0.000298949,6.02e-06,0.00156637,0.0174229,0.000148352,6.81e-06,3.85e-06,3.3e-05,0.00151247,1.52e-05,0.0,0.0,0.0,0.0,0.0,0.0,0.0
Reef 363,0.0,0.0,0.0,0.0,0.0,0.0,0.0,0.0,0.0,0.0,0.0,0.0,0.0,0.0,0.0,0.0,0.0,0.0,0.0,0.0,0.0,0.0,0.0,0.0,0.0,0.0,0.0,0.0,0.0,0.0,0.0,0.0,0.0,0.0,0.0,0.0,0.0,0.0,0.0,0.0,0.0,0.0,0.0,0.0,0.0,0.0,0.0,0.0,0.0,0.0,0.0,0.0,0.0,0.0,0.0,0.0,0.0,0.0,0.0,0.0,0.0,0.0,0.0,0.0,0.0,0.0,0.0,0.0,0.0,0.0,0.0,0.0,0.0,0.0,0.0,0.0,0.0,0.0,0.0,0.0,0.0,0.0,0.0,0.0,0.0,0.0,0.0,0.0,0.0,0.0,0.0,0.0,0.0,0.0,0.0,0.0,0.0,0.0,0.0,0.0,0.0,0.0,0.0,0.0,0.0,0.0,0.0,0.0,0.0,0.0,0.0,0.0,0.0,0.0,0.0,0.0,0.0,0.0,0.0,0.0,0.0,0.0,0.0,0.0,0.0,0.0,0.0,0.0,0.0,0.0,0.0,0.0,0.0,0.0,0.0,0.0,0.0,0.0,0.0,0.0,0.0,0.0,0.0,0.0,0.0,0.0,2.71e-05,0.0,0.0,4.3e-05,0.0,2.11e-05,7.72e-05,0.0,0.0,0.0,0.0,0.0,0.0,0.000360302,1.08e-05,0.0,0.0,0.0,0.0,8.68e-05,0.000288022,0.0,2.58e-06,0.0,0.0,4.72e-06,3.09e-06,0.0,0.0,0.000339502,1.76e-06,0.0,0.0,0.0,0.0,0.000142349,0.0,0.0,0.0,6.05e-05,0.0,0.0,0.0,0.0,0.0,0.0,4.96e-05,0.0,2.12e-06,0.0,0.0,0.0,0.0,0.0,6.4e-06,1.27e-05,0.0,9.69e-06,0.0,0.0,0.0,0.0,0.0,8.48e-05,1.57e-05,0.000186843,0.000172124,4.54e-05,7.97e-05,4.7e-05,2.18e-06,5.36e-06,0.0,4.65e-06,1.75e-06,2.43e-05,2.73e-06,0.0,1.67e-05,0.0,0.000896196,5.26e-06,0.0,0.0,7.1e-06,0.0,0.0,9.2e-06,0.0,1.86e-06,0.0,0.0,0.0,4.25e-06,0.000212723,1.36e-05,0.0,0.0,0.0,0.0,2.16e-06,1.59e-05,4.44e-05,0.0,0.0,0.0,1.98e-05,5.32e-05,2.14e-06,0.0,5.59e-06,3.43e-05,0.0,3.98e-06,8.26e-05,6.59e-06,3.01e-06,0.0,0.000490437,7.58e-06,3.36e-06,0.000125709,0.0,0.000187166,4.18e-06,0.0,1.56e-05,6.91e-05,0.0,5.12e-05,6.32e-05,0.0,0.0,2.39e-05,3.02e-05,0.000329157,3.81e-06,0.0,5.93e-06,0.0,0.0,2.92e-06,0.0,5.79e-05,0.0,0.0,0.0,0.0,0.0,0.0,0.0,0.000117055,0.0024059,0.0,0.0,0.0,0.0,0.0,0.0,0.0,0.0,0.0,0.0,0.0,0.0,0.0,0.0,2.68e-05,3.07e-06,0.0,0.0,5.6e-06,2.99e-06,0.0,1.35e-05,2.03e-06,1.88e-06,0.0,0.0,9.94e-06,0.0,4.83e-05,0.0,4.05e-05,6.58e-06,0.0,0.0,1.91e-05,0.000154042,1.23e-05,1.29e-05,0.0,2.22e-05,2.98e-06,0.0,0.000318316,2.39e-05,3.1e-06,3.34e-06,0.0,3.69e-06,0.0,0.0,0.0,0.0,1.13e-05,0.0,3.55e-06,0.0168934,0.0,1.98e-06,0.0,1.01e-05,1.85e-05,2.31e-06,1.17e-05,0.0228375,1.13e-05,0.0,4.91e-05,7.92e-06,0.0,0.0,1.38e-05,4.49e-06,0.00973237,6.85e-05,0.0,0.0,6.68e-05,0.0,0.0,2.6e-05,0.0,0.0,0.0,0.0,0.0,0.0,5.46e-05,0.0,0.0,0.0,0.0,2.87e-05,0.0,0.0,0.0,0.0,0.0,0.0,0.0,0.0,0.0,0.0,0.0,0.0,0.0,0.0,0.0,0.0,0.0,0.0,0.0,0.0,0.0,0.0,0.0,0.0,0.0,0.0,0.0,0.0,0.0,0.0,0.0,0.0
Reef 364,0.0,0.0,0.0,0.0,0.0,0.0,0.0,0.0,0.0,0.0,0.0,0.0,0.0,0.0,0.0,0.0,0.0,0.0,0.0,0.0,0.0,0.0,0.0,0.0,0.0,0.0,0.0,0.0,0.0,0.0,0.0,0.0,0.0,0.0,0.0,0.0,0.0,0.0,0.0,0.0,0.0,0.0,0.0,0.0,0.0,0.0,0.0,0.0,0.0,0.0,0.0,0.0,0.0,0.0,0.0,0.0,0.0,0.0,0.0,0.0,0.0,0.0,0.0,0.0,0.0,0.0,0.0,0.0,0.0,0.0,0.0,0.0,0.0,0.0,0.0,0.0,0.0,0.0,0.0,0.0,0.0,0.0,0.0,0.0,0.0,0.0,0.0,0.0,0.0,0.0,0.0,0.0,0.0,0.0,0.0,0.0,0.0,0.0,0.0,0.0,0.0,0.0,0.0,0.0,0.0,0.0,0.0,0.0,0.0,0.0,0.0,0.0,0.0,0.0,0.0,0.0,0.0,0.0,0.0,0.0,0.0,0.0,0.0,0.0,0.0,0.0,0.0,0.0,0.0,0.0,0.0,0.0,0.0,0.0,0.0,0.0,0.0,0.0,0.0,0.0,0.0,0.0,0.0,0.0,0.0,0.0,0.0,0.0,0.0,0.0,0.0,0.0,0.0,0.0,0.0,0.0,0.0,0.0,0.0,9.85e-06,3.85e-06,0.0,0.0,0.0,0.0,3.87e-06,1.48e-05,0.0,0.0,0.0,0.0,0.0,0.0,0.0,0.0,3.73e-06,0.0,0.0,0.0,0.0,0.0,0.0,0.0,0.0,0.0,1.64e-05,0.0,0.0,0.0,0.0,0.0,0.0,0.0,0.0,0.0,0.0,0.0,0.0,0.0,0.0,0.0,0.0,0.0,0.0,0.0,0.0,0.0,0.0,0.0,1.65e-05,0.0,1.19e-05,5.29e-06,6.72e-06,0.0,0.0,0.0,0.0,0.0,0.0,0.0,0.0,0.0,0.0,6.61e-06,0.0,0.000327912,0.0,0.0,0.0,0.0,0.0,0.0,0.0,0.0,8.48e-06,0.0,0.0,0.0,1.17e-05,0.000158618,1.36e-05,0.0,0.0,0.0,0.0,8.09e-05,4.57e-06,3.52e-06,0.0,0.0,0.0,7.39e-06,4.13e-06,0.0,0.0,0.0,5.92e-06,0.0,4.57e-06,0.000145332,3.23e-06,0.0,0.0,0.000663065,1e-05,2.92e-06,9.64e-06,0.0,0.000211417,0.0,0.0,7.48e-05,5.27e-06,0.0,8.99e-05,5.88e-05,0.0,0.0,5.31e-05,2.02e-05,0.000602511,3.51e-05,0.0,5.01e-06,0.0,0.0,0.0,0.0,2.83e-05,0.0,0.0,0.0,0.0,0.0,0.0,0.0,3.64e-06,6.11e-05,0.0,0.0,0.0,0.0,0.0,0.0,0.0,0.0,0.0,0.0,0.0,0.0,0.0,0.0,0.0,0.0,0.0,0.0,0.0,0.0,0.0,0.0,0.0,0.0,0.0,0.0,0.0,0.0,8.69e-06,0.0,9e-06,0.0,0.0,0.0,4.76e-06,0.00014689,3.99e-06,0.000208354,0.0,4.21e-06,0.0,0.0,2.92e-05,0.0,0.0,0.0,0.0,0.0,0.0,0.0,0.0,0.0,0.0,0.0,0.0,0.000936367,0.0,6.25e-06,0.0,2.7e-05,1.19e-05,0.0,0.0,0.00493155,0.0115967,0.0,0.000115138,0.0190243,0.0,0.0,0.00026658,9.47e-06,0.000415051,0.000120306,0.0,0.0,2.59e-05,0.0,0.0,1.03e-05,0.0,0.0,0.0,0.0,0.0,0.0,0.000109265,0.0,0.0,0.0,0.0,8.89e-05,0.0,0.0,0.0,0.0,0.0,0.0,0.0,0.0,0.0,0.0,0.0,0.0,0.0,0.0,0.0,0.0,0.0,0.0,0.0,0.0,0.0,0.0,0.0,0.0,0.0,0.0,0.0,0.0,0.0,0.0,0.0,0.0
Reef 365,0.0,0.0,0.0,0.0,0.0,0.0,0.0,0.0,0.0,0.0,0.0,0.0,0.0,0.0,0.0,0.0,0.0,0.0,0.0,0.0,0.0,0.0,0.0,0.0,0.0,0.0,0.0,0.0,0.0,0.0,0.0,0.0,0.0,0.0,0.0,0.0,0.0,0.0,0.0,0.0,0.0,0.0,0.0,0.0,0.0,0.0,0.0,0.0,0.0,0.0,0.0,0.0,0.0,0.0,0.0,0.0,0.0,0.0,0.0,0.0,0.0,0.0,0.0,0.0,0.0,0.0,0.0,0.0,0.0,0.0,0.0,0.0,0.0,0.0,0.0,0.0,0.0,0.0,0.0,0.0,0.0,0.0,0.0,0.0,0.0,0.0,0.0,0.0,0.0,0.0,0.0,0.0,0.0,0.0,0.0,0.0,0.0,0.0,0.0,0.0,0.0,0.0,0.0,0.0,0.0,0.0,0.0,0.0,0.0,0.0,0.0,0.0,0.0,0.0,0.0,0.0,0.0,0.0,0.0,0.0,0.0,0.0,0.0,0.0,0.0,0.0,0.0,0.0,0.0,0.0,0.0,0.0,0.0,0.0,0.0,0.0,0.0,0.0,0.0,0.0,0.0,0.0,0.0,0.0,0.0,0.0,4.97e-06,0.0,0.0,0.0,0.0,4.37e-06,0.0,0.0,0.0,0.0,0.0,0.0,0.0,0.000104917,4.58e-05,0.0,0.0,0.0,0.0,4.59e-05,0.000189712,0.0,6.14e-06,0.0,0.0,2.01e-05,4.62e-05,0.0,0.0,1.47e-05,6.85e-06,0.0,0.0,0.0,0.0,6.23e-06,0.0,0.0,0.0,0.000238409,0.0,0.0,0.0,0.0,0.0,0.0,0.0,0.0,0.0,0.0,0.0,0.0,0.0,0.0,2.53e-05,0.0,0.0,0.0,0.0,0.0,0.0,0.0,0.0,0.000179821,0.0,7.05e-06,8.77e-05,6.43e-05,0.0,0.0,0.0,0.0,0.0,0.0,0.0,0.0,0.0,0.0,3.99e-05,0.0,0.000303513,6.02e-06,0.0,0.0,3.82e-05,0.0,0.0,2.38e-05,2.48e-06,0.0,0.0,6.99e-06,0.000388231,0.0,0.000913278,0.000152927,0.0,9.07e-06,1.16e-05,0.0,0.0,4.95e-05,0.00018358,2.91e-06,0.000145481,0.0,4.99e-05,0.000133395,4.03e-05,9.3e-06,1.64e-05,0.000216588,0.000648979,2.59e-05,0.000530721,0.000118764,1.87e-05,3.57e-06,0.00232156,7.57e-05,0.000995816,0.000606641,0.0,0.0012586,6.62e-05,0.00113791,0.000292905,3.31e-05,0.0,0.000135584,0.00016027,0.000220257,1.39e-05,6.87e-05,1.9e-05,0.000931757,3.69e-06,0.000489502,1.41e-05,2.42e-06,8.78e-06,0.0,0.0,0.000165366,0.0,0.0,0.0,1.32e-05,2.61e-05,7.35e-06,0.0,2.61e-05,0.000697512,0.0,3.84e-06,0.000101688,0.0,0.000111107,3.29e-06,0.0,0.0,0.0,0.0,0.0,0.0,0.0,0.0,0.0,0.0,2.17e-06,1.06e-05,0.0,0.0,0.000879802,0.0,0.0,0.0,2.14e-05,3.32e-05,0.0,7.01e-06,0.0,0.0,0.0,0.0,0.000121377,0.00149055,0.0,0.0,0.0,0.0,0.0,0.0,0.0,1.86e-05,0.0,0.0,0.0,0.0,0.0,0.0,4.13e-06,0.0,2.94e-06,0.0,0.0,0.0,0.0,0.000179053,4.84e-05,0.0,0.0,0.0,0.0,0.0,0.0,3.87e-05,4.84e-06,0.000778672,2.23e-05,8.75e-05,0.0,5.52e-06,0.0,0.0,4.41e-06,3.1e-06,7.46e-06,2.39e-06,0.0,0.0,0.0,0.0,0.0,0.0,0.0,0.0,0.0,0.0,0.0,0.0,0.0,0.0,0.0,0.0,0.0,0.0,0.0,0.0,0.0,0.0,0.0,0.0,0.0,0.0,0.0,0.0,0.0,0.0,0.0,0.0,0.0,0.0,0.0,0.0,0.0,0.0,0.0,0.0,0.0,0.0,0.0,0.0,0.0,0.0,0.0,0.0
Reef 366,0.0,0.0,0.0,0.0,0.0,0.0,0.0,0.0,0.0,0.0,0.0,0.0,0.0,0.0,0.0,0.0,0.0,0.0,0.0,0.0,0.0,0.0,0.0,0.0,0.0,0.0,0.0,0.0,0.0,0.0,0.0,0.0,0.0,0.0,0.0,0.0,0.0,0.0,0.0,0.0,0.0,0.0,0.0,0.0,0.0,0.0,0.0,0.0,0.0,0.0,0.0,0.0,0.0,0.0,0.0,0.0,0.0,0.0,0.0,0.0,0.0,0.0,0.0,0.0,0.0,0.0,0.0,0.0,0.0,0.0,0.0,0.0,0.0,0.0,0.0,0.0,0.0,0.0,0.0,0.0,0.0,0.0,0.0,0.0,0.0,0.0,0.0,0.0,0.0,0.0,0.0,0.0,0.0,0.0,0.0,0.0,0.0,0.0,0.0,0.0,0.0,0.0,0.0,0.0,0.0,0.0,0.0,0.0,0.0,0.0,0.0,0.0,0.0,0.0,0.0,0.0,0.0,0.0,0.0,0.0,0.0,0.0,0.0,0.0,0.0,0.0,0.0,0.0,0.0,0.0,0.0,0.0,0.0,0.0,0.0,0.0,0.0,0.0,0.0,0.0,0.0,0.0,0.0,0.0,0.0,0.0,0.0,0.0,0.0,0.0,0.0,0.0,1.16e-05,0.0,0.0,0.0,0.0,0.0,0.0,8.9e-05,0.0,0.0,0.0,0.0,0.0,2.93e-05,9.36e-05,0.0,0.0,0.0,0.0,0.0,0.0,0.0,0.0,6.73e-05,0.0,0.0,0.0,0.0,0.0,3.14e-05,0.0,0.0,0.0,0.0,0.0,0.0,0.0,0.0,0.0,0.0,1.11e-05,0.0,0.0,0.0,0.0,0.0,0.0,0.0,0.0,0.0,0.0,0.0,0.0,0.0,0.0,0.0,0.0,0.0,1.1e-05,1.51e-05,1.6e-05,0.0,1.2e-05,0.0,0.0,0.0,0.0,0.0,0.0,2.85e-05,0.0,0.0,0.0,0.0,0.00102801,0.0,0.0,0.0,0.0,0.0,0.0,0.0,0.0,1.21e-05,0.0,0.0,0.0,1.07e-05,0.000119386,3.91e-05,0.0,0.0,0.0,0.0,8.85e-06,8.33e-06,0.0,0.0,0.0,0.0,2.04e-05,0.0,0.0,0.0,0.0,0.0,0.0,8.32e-06,0.0,0.0,0.0,0.0,5.11e-05,0.0,0.0,0.0,0.0,7.49e-05,0.0,0.0,7.11e-05,0.0,0.0,0.0,0.000149791,0.0,0.0,0.000119296,0.0,0.00099128,0.0,0.0,0.0,0.0,0.0,0.0,0.0,0.000174581,0.0,0.0,0.0,0.0,0.0,0.0,0.0,0.000107458,0.00220897,0.0,0.0,0.0,0.0,0.0,0.0,0.0,0.0,0.0,0.0,0.0,0.0,0.0,0.0,5.63e-05,0.0,0.0,0.0,1.25e-05,1.55e-05,0.0,6.57e-05,0.0,0.0,0.0,0.0,2.2e-05,0.0,4.87e-05,0.0,4.1e-05,1.01e-05,0.0,0.0,2.97e-05,0.00170156,2.36e-05,0.00137477,0.0,3.18e-05,1.38e-05,0.0,4.95e-05,3.94e-05,9.17e-06,0.000201396,0.0,0.0,0.0,0.0,0.0,0.0,2.56e-05,0.0,9.07e-06,0.00102145,0.0,2.92e-05,0.0,0.000176966,3.84e-05,0.0,2.72e-05,3.01e-05,0.0,0.0,0.000908577,2.44e-05,0.0,0.0,0.00059888,0.00026405,6.73e-05,0.0,0.0,0.0,9.71e-05,0.0,0.0,3.55e-05,0.0,0.0,0.0,0.0,0.0,0.0,0.0,0.0,0.0,0.0,0.0,0.0,0.0,0.0,0.0,0.0,0.0,0.0,0.0,0.0,0.0,0.0,0.0,0.0,0.0,0.0,0.0,0.0,0.0,0.0,0.0,0.0,0.0,0.0,0.0,0.0,0.0,0.0,0.0,0.0,0.0,0.0,0.0,0.0
Reef 367,0.0,0.0,0.0,0.0,0.0,0.0,0.0,0.0,0.0,0.0,0.0,0.0,0.0,0.0,0.0,0.0,0.0,0.0,0.0,0.0,0.0,0.0,0.0,0.0,0.0,0.0,0.0,0.0,0.0,0.0,0.0,0.0,0.0,0.0,0.0,0.0,0.0,0.0,0.0,0.0,0.0,0.0,0.0,0.0,0.0,0.0,0.0,0.0,0.0,0.0,0.0,0.0,0.0,0.0,0.0,0.0,0.0,0.0,0.0,0.0,0.0,0.0,0.0,0.0,0.0,0.0,0.0,0.0,0.0,0.0,0.0,0.0,0.0,0.0,0.0,0.0,0.0,0.0,0.0,0.0,0.0,0.0,0.0,0.0,0.0,0.0,0.0,0.0,0.0,0.0,0.0,0.0,0.0,0.0,0.0,0.0,0.0,0.0,0.0,0.0,0.0,0.0,0.0,0.0,0.0,0.0,0.0,0.0,0.0,0.0,0.0,0.0,0.0,0.0,0.0,0.0,0.0,0.0,0.0,0.0,0.0,0.0,0.0,0.0,0.0,0.0,0.0,0.0,0.0,0.0,0.0,0.0,0.0,0.0,0.0,0.0,0.0,0.0,0.0,0.0,0.0,0.0,0.0,0.0,0.0,0.0,1.48e-06,0.0,0.0,1.37e-06,0.0,1.17e-06,1.65e-06,0.0,0.0,0.0,0.0,0.0,0.0,1.77e-05,1.23e-06,0.0,0.0,0.0,0.0,5.43e-06,1.89e-05,0.0,0.0,0.0,0.0,0.0,0.0,0.0,0.0,1.02e-05,0.0,0.0,0.0,0.0,0.0,4.12e-06,0.0,0.0,0.0,6.6e-06,0.0,0.0,0.0,0.0,0.0,0.0,1.34e-06,0.0,0.0,0.0,0.0,0.0,0.0,0.0,7.35e-07,0.0,0.0,0.0,0.0,0.0,0.0,0.0,0.0,6.92e-06,0.0,3.95e-06,6.22e-06,3.13e-06,1.91e-06,1.09e-06,0.0,0.0,0.0,0.0,0.0,0.0,0.0,0.0,2.05e-06,0.0,0.000224499,3.24e-06,0.0,0.0,0.000135305,0.0,0.0,7.49e-05,7.22e-06,0.0,0.0,9.88e-07,0.0,1.96e-06,5.43e-05,6.79e-06,0.0,0.0,0.0,0.0,1.33e-05,2.38e-06,6.01e-05,1.99e-06,0.0,0.0,2.35e-06,1.7e-05,7.31e-06,3.79e-06,2.14e-05,0.000140273,0.0,1.2e-06,3.55e-05,4.47e-06,1.04e-06,1.94e-06,0.000176326,4.17e-06,0.000466486,0.000236967,0.0,0.000106527,3.95e-05,1.23e-06,1.79e-05,0.000927282,0.0,3.17e-05,1.55e-05,4.42e-05,0.0,2.07e-05,0.000156953,0.000178528,0.00106716,0.0,3.27e-05,0.0,0.0,0.0,0.0,1.31e-05,0.0,0.0,0.0,0.0,0.0,0.0,0.0,1.08e-05,6.33e-06,0.0,0.0,0.0,0.0,0.0,0.0,0.0,0.0,0.0,0.0,0.0,0.0,0.0,0.0,0.0,0.0,0.0,0.0,0.0,0.0,0.0,0.0,0.0,0.0,0.0,0.0,0.0,0.0,1.28e-06,0.0,9.14e-07,0.0,0.0,0.0,1.15e-06,1.54e-06,7.84e-07,3.51e-06,0.0,1.05e-06,0.0,0.0,5.6e-05,0.0,0.0,1.76e-06,0.0,0.0,0.0,0.0,0.0,0.0,0.0,0.0,0.0,0.000608607,0.0,1.26e-05,0.0,2.65e-05,1.89e-05,0.0,0.0,0.00165595,0.00230169,0.0,0.000127963,0.0460435,0.0,0.0,1.71e-05,0.0,0.0175687,0.000281021,0.0,0.0,0.0,0.0,0.0,0.0,0.0,0.0,0.0,1.61e-06,0.0,0.0,0.000593739,0.0,0.0,0.0,0.0,0.00102313,2.07e-06,6.04e-06,0.0,0.0,0.0,0.0,0.0,0.0,0.0,0.0,0.0,0.0,0.0,0.0,0.0,0.0,0.0,0.0,0.0,0.0,0.0,0.0,0.0,0.0,0.0,0.0,0.0,0.0,0.0,0.0,0.0,0.0
Reef 368,0.0,0.0,0.0,0.0,0.0,0.0,0.0,0.0,0.0,0.0,0.0,0.0,0.0,0.0,0.0,0.0,0.0,0.0,0.0,0.0,0.0,0.0,0.0,0.0,0.0,0.0,0.0,0.0,0.0,0.0,0.0,0.0,0.0,0.0,0.0,0.0,0.0,0.0,0.0,0.0,0.0,0.0,0.0,0.0,0.0,0.0,0.0,0.0,0.0,0.0,0.0,0.0,0.0,0.0,0.0,0.0,0.0,0.0,0.0,0.0,0.0,0.0,0.0,0.0,0.0,0.0,0.0,0.0,0.0,0.0,0.0,0.0,0.0,0.0,0.0,0.0,0.0,0.0,0.0,0.0,0.0,0.0,0.0,0.0,0.0,0.0,0.0,0.0,0.0,0.0,0.0,0.0,0.0,0.0,0.0,0.0,0.0,0.0,0.0,0.0,0.0,0.0,0.0,0.0,0.0,0.0,0.0,0.0,0.0,0.0,0.0,0.0,0.0,0.0,0.0,0.0,0.0,0.0,0.0,0.0,0.0,0.0,0.0,0.0,0.0,0.0,0.0,0.0,0.0,0.0,0.0,0.0,0.0,0.0,0.0,0.0,0.0,0.0,0.0,0.0,0.0,0.0,0.0,0.0,0.0,0.0,0.0,0.0,0.0,0.0,0.0,0.0,0.0,0.0,0.0,0.0,0.0,0.0,0.0,0.0,0.0,0.0,0.0,0.0,0.0,0.0,0.0,0.0,0.0,0.0,0.0,0.0,0.0,0.0,0.0,0.0,0.0,0.0,0.0,0.0,0.0,0.0,0.0,0.0,0.0,0.0,0.0,0.0,0.0,0.0,0.0,0.0,0.0,0.0,0.0,0.0,0.0,0.0,0.0,0.0,0.0,0.0,0.0,0.0,0.0,0.0,0.0,0.0,0.0,0.0,0.0,0.0,0.0,0.0,0.0,0.0,0.0,0.0,0.0,0.0,0.0,0.0,0.0,0.0,0.0,0.0,0.0,0.0,0.0,0.0,0.0,0.0,0.0,0.0,0.0,0.0,0.0,0.0,0.0,0.0,0.0,0.0,0.0,0.0,0.0,0.0,0.0,0.0,0.0,0.0,0.0,0.0,0.0,0.00350756,0.0,0.0,0.0,0.0,0.0,0.0,0.0,0.0,0.0,0.0,0.0,0.0,0.0045627,0.0043805,0.0,0.0,0.0,0.0,0.0,0.0,0.0,0.0,0.0,0.0,0.0,0.0,0.0,0.0,0.0,0.0,0.0,0.0,0.0,0.0,0.0,0.0,0.0,0.0,0.0,0.0,0.0,0.0,0.0,0.0,0.0,0.0,0.0,0.0,0.0,0.0,0.0,0.0,0.0,0.0,0.0,0.0,0.0,0.0,0.0,0.0,0.0,0.0,0.0,0.0,0.0,0.0,0.0,0.0,0.0,0.0,0.0,0.0,0.0,0.0,0.0,0.0,0.0,0.0,0.0,0.0,0.0,0.0,0.0,0.0,0.0,0.0,0.0,0.0,0.0,0.0,0.0,0.0,0.0,0.0,0.0,0.0,0.0,0.0,0.0,0.0,0.00355605,0.0,0.0,0.0,0.0,0.0,0.0,0.0,0.00797489,0.0,0.0,0.0,0.012839,1e-06,0.0,0.0,0.0,0.0598406,0.00624758,0.0,0.0,0.0,0.0,0.0,0.0,0.0,0.0,0.0,0.0,0.0,0.0,0.0,0.0,0.0,0.0,0.0,0.0,0.0,0.0,0.0,0.0,0.0,0.0,0.0,0.0,0.0,0.0,0.0,0.0,0.0,0.0,0.0,0.0,0.0,0.0,0.0,0.0,0.0,0.0,0.0,0.0,0.0,0.0,0.0,0.0,0.0,0.0,0.0,0.0
Reef 369,0.0,0.0,0.0,0.0,0.0,0.0,0.0,0.0,0.0,0.0,0.0,0.0,0.0,0.0,0.0,0.0,0.0,0.0,0.0,0.0,0.0,0.0,0.0,0.0,0.0,0.0,0.0,0.0,0.0,0.0,0.0,0.0,0.0,0.0,0.0,0.0,0.0,0.0,0.0,0.0,0.0,0.0,0.0,0.0,0.0,0.0,0.0,0.0,0.0,0.0,0.0,0.0,0.0,0.0,0.0,0.0,0.0,0.0,0.0,0.0,0.0,0.0,0.0,0.0,0.0,0.0,0.0,0.0,0.0,0.0,0.0,0.0,0.0,0.0,0.0,0.0,0.0,0.0,0.0,0.0,0.0,0.0,0.0,0.0,0.0,0.0,0.0,0.0,0.0,0.0,0.0,0.0,0.0,0.0,0.0,0.0,0.0,0.0,0.0,0.0,0.0,0.0,0.0,0.0,0.0,0.0,0.0,0.0,0.0,0.0,0.0,0.0,0.0,0.0,0.0,0.0,0.0,0.0,0.0,0.0,0.0,0.0,0.0,0.0,0.0,0.0,0.0,0.0,0.0,0.0,0.0,0.0,0.0,0.0,0.0,0.0,0.0,0.0,0.0,0.0,0.0,0.0,0.0,0.0,0.0,0.0,0.0,0.0,0.0,0.0,0.0,0.0,0.0,0.0,0.0,0.0,0.0,0.0,0.0,0.0,0.0,0.0,0.0,0.0,0.0,0.0,6.67e-05,0.0,0.0,0.0,0.0,0.0,6.3e-05,0.0,0.0,0.0,0.0,0.0,0.0,0.0,0.0,0.0,0.0,0.0,0.0,5.45e-05,0.0,0.0,0.0,0.0,0.0,0.0,0.0,0.0,0.0,0.0,0.0,0.0,0.0,0.0,0.0,0.0,0.0,0.0,0.0,0.0,0.0,0.0,0.0,0.0,0.0,0.0,0.0,0.0,0.0,0.0,0.0,0.0,0.0,0.0,0.0,0.0,0.0,0.0,0.0,0.0,0.000721257,0.000100716,0.0,0.0,7.01e-05,0.0,0.0,0.000311286,0.0,0.0,0.0,0.0,7.88e-05,0.0,0.000281592,0.0,0.0,0.0,6.51e-05,0.0,0.0,0.0,0.000607247,0.0,0.0,0.0,0.0,0.000373973,5.75e-05,0.0,0.0,0.000374625,0.000100306,0.0,0.000284031,0.000103978,0.0,0.0,0.00150181,0.0,0.00110332,0.00180403,0.0,0.000811227,0.000150763,0.000244344,0.000102333,0.000129971,0.0,0.000122075,7.7e-05,0.000401282,0.0,5.94e-05,5.29e-05,0.000622376,0.000443548,0.0,0.0,0.0,0.0,0.0,0.0,5.44e-05,0.0,0.0,0.0,0.0,0.0,0.0,0.0,0.0,0.000926809,0.0,0.0,0.0,0.0,0.0,0.0,0.0,0.0,0.0,0.0,0.0,0.0,0.0,0.0,0.0,0.0,0.0,0.0,0.0,0.0,0.0,0.0,0.0,0.0,0.0,0.0,0.0,0.0,0.0,0.0,0.0,0.0,0.0,0.0,0.0,0.0,0.0,0.0,0.0,0.0,0.0,0.0,0.0,0.0,0.0,0.0,0.0,0.0,0.0,0.0,0.0,0.0,0.0,0.0,0.0,0.00090718,0.0,0.0,0.0,0.0,0.0,0.0,0.0,0.000334467,0.000491477,0.0,0.000139344,0.0116653,0.0,0.000327035,0.0,0.0,0.0452443,0.00409922,0.000292597,0.0,0.0,0.0,0.0,0.0,0.0,0.0,0.0,0.0,0.0,0.0,0.0,0.0,0.0,0.0,0.0,0.0,0.0,0.0,0.0,0.0,0.0,0.0,0.0,0.0,0.0,0.0,0.0,0.0,0.0,0.0,0.0,0.0,0.0,0.0,0.0,0.0,0.0,0.0,0.0,0.0,0.0,0.0,0.0,0.0,0.0,0.0,0.0,0.0
Reef 370,0.0,0.0,0.0,0.0,0.0,0.0,0.0,0.0,0.0,0.0,0.0,0.0,0.0,0.0,0.0,0.0,0.0,0.0,0.0,0.0,0.0,0.0,0.0,0.0,0.0,0.0,0.0,0.0,0.0,0.0,0.0,0.0,0.0,0.0,0.0,0.0,0.0,0.0,0.0,0.0,0.0,0.0,0.0,0.0,0.0,0.0,0.0,0.0,0.0,0.0,0.0,0.0,0.0,0.0,0.0,0.0,0.0,0.0,0.0,0.0,0.0,0.0,0.0,0.0,0.0,0.0,0.0,0.0,0.0,0.0,0.0,0.0,0.0,0.0,0.0,0.0,0.0,0.0,0.0,0.0,0.0,0.0,0.0,0.0,0.0,0.0,0.0,0.0,0.0,0.0,0.0,0.0,0.0,0.0,0.0,0.0,0.0,0.0,0.0,0.0,0.0,0.0,0.0,0.0,0.0,0.0,0.0,0.0,0.0,0.0,0.0,0.0,0.0,0.0,0.0,0.0,0.0,0.0,0.0,0.0,0.0,0.0,0.0,0.0,0.0,0.0,0.0,0.0,0.0,0.0,0.0,0.0,0.0,0.0,0.0,0.0,0.0,0.0,0.0,0.0,0.0,0.0,0.0,0.0,0.0,0.0,4.94e-06,0.0,0.0,0.0,0.0,3.92e-06,4.13e-06,0.0,0.0,0.0,0.0,0.0,0.0,4.68e-05,0.0,0.0,0.0,0.0,0.0,2.19e-05,6.8e-05,0.0,0.0,0.0,0.0,0.0,0.0,0.0,0.0,2.56e-05,0.0,0.0,0.0,0.0,0.0,1.24e-05,0.0,0.0,0.0,0.0,0.0,0.0,0.0,0.0,0.0,0.0,4.39e-06,0.0,0.0,0.0,0.0,0.0,0.0,0.0,0.0,0.0,0.0,0.0,0.0,0.0,0.0,0.0,0.0,0.0,0.0,0.0,0.0,0.0,3.49e-06,0.0,0.0,0.0,0.0,0.0,0.0,5.03e-06,0.0,0.0,0.0,0.0,0.00106889,0.0,0.0,0.0,0.0,0.0,0.0,0.0,0.0,0.0,0.0,0.0,0.0,6.07e-06,3.77e-06,0.0,0.0,0.0,0.0,0.0,3.43e-05,0.0,0.0,0.0,0.0,0.0,0.0,0.0,0.0,0.0,0.0,0.0,0.0,0.00014533,0.0,0.0,0.0,0.0,8.99e-06,0.0,0.0,0.0,0.0,5.31e-06,0.0,0.0,4.33e-06,0.0,0.0,0.0,4.53e-06,0.0,0.0,1.38e-05,0.0,2.44e-05,0.0,0.0,0.0,0.0,0.0,5.63e-05,0.0,6.83e-05,0.0,0.0,0.0,0.0,0.0,0.0,0.0,2.43e-05,0.000406892,0.0,0.0,0.0,0.0,0.0,0.0,0.0,0.0,0.0,0.0,0.0,0.0,0.0,0.0,5.23e-06,4.99e-05,0.0,0.0,9.85e-05,8.66e-05,0.0,1.11e-05,3.65e-05,3.17e-05,0.0,0.0,1.32e-05,0.0,0.000216693,7.52e-06,0.000234927,6.6e-05,0.0,0.0,0.000164002,5.88e-06,0.00016821,1.29e-05,0.0,0.0001635,1.67e-05,0.0,9.2e-06,0.000153262,1.12e-05,0.00054345,0.0,2.35e-05,0.0,3.62e-06,0.0,0.0,8.28e-05,4.51e-06,3.99e-05,0.0,0.0,0.0,6.22e-06,1.18e-05,0.0,2.16e-05,8.58e-05,0.0,0.0,0.0,0.0,0.0,0.0,0.0,0.00380231,0.0,0.0,0.0,0.0,0.0,0.00750249,0.0,0.0,0.000963935,0.0,0.0,1.16e-05,0.0,0.0,0.0,0.0,0.0,0.0,0.0,0.0,0.0,0.0,0.0,0.0,0.0,0.0,5.71e-06,0.0,0.0,0.0,0.0,0.0,0.0,0.0,0.0,0.0,0.0,0.0,0.0,0.0,0.0,0.0,0.0,0.0,0.0,0.0,0.0,0.0,0.0,0.0,0.0,0.0,0.0
Reef 371,0.0,0.0,0.0,0.0,0.0,0.0,0.0,0.0,0.0,0.0,0.0,0.0,0.0,0.0,0.0,0.0,0.0,0.0,0.0,0.0,0.0,0.0,0.0,0.0,0.0,0.0,0.0,0.0,0.0,0.0,0.0,0.0,0.0,0.0,0.0,0.0,0.0,0.0,0.0,0.0,0.0,0.0,0.0,0.0,0.0,0.0,0.0,0.0,0.0,0.0,0.0,0.0,0.0,0.0,0.0,0.0,0.0,0.0,0.0,0.0,0.0,0.0,0.0,0.0,0.0,0.0,0.0,0.0,0.0,0.0,0.0,0.0,0.0,0.0,0.0,0.0,0.0,0.0,0.0,0.0,0.0,0.0,0.0,0.0,0.0,0.0,0.0,0.0,0.0,0.0,0.0,0.0,0.0,0.0,0.0,0.0,0.0,0.0,0.0,0.0,0.0,0.0,0.0,0.0,0.0,0.0,0.0,0.0,0.0,0.0,0.0,0.0,0.0,0.0,0.0,0.0,0.0,0.0,0.0,0.0,0.0,0.0,0.0,0.0,0.0,0.0,0.0,0.0,0.0,0.0,0.0,0.0,0.0,0.0,0.0,0.0,0.0,0.0,0.0,0.0,0.0,0.0,0.0,0.0,0.0,0.0,0.0,0.0,0.0,0.0,0.0,0.0,0.0,0.0,0.0,0.0,0.0,0.0,0.0,0.0,0.0,0.0,0.0,0.0,0.0,0.0,0.0,0.0,0.0,0.0,0.0,0.0,0.0,0.0,0.0,0.0,0.0,0.0,0.0,0.0,0.0,0.0,0.0,0.0,0.0,0.0,0.0,0.0,0.0,0.0,0.0,0.0,0.0,0.0,0.0,0.0,0.0,0.0,0.0,0.0,0.0,0.0,0.0,0.0,0.0,0.0,0.0,0.0,0.0,0.0,0.0,0.0,0.0,0.0,0.0,0.0,0.0,0.0,0.0,0.0,0.0,0.0,0.0,0.0,0.0,0.0,0.0,0.0,0.0,0.0,0.0,0.0,0.0,0.0,0.0,0.0,0.0,0.0,0.0,0.0,0.0,0.0,0.0,0.0,0.0,0.0,0.0,0.0,0.0,0.0,0.0,0.0,0.0,0.0,0.0,0.0,0.0,0.0,0.0,0.0,0.0,0.0,0.0,0.0,0.0,0.0,0.0,0.0,0.0,0.0,0.0,0.0,0.0,0.0,0.0,0.0,0.0,0.0,0.0,0.0,0.0,0.0,0.0,0.0,0.0,0.0,0.0,0.0,0.0,0.0,0.0,0.0,0.0,0.0,0.0,0.0,0.0,0.0,9.21e-05,0.0,0.0,0.0,0.0,0.0,0.0,0.0,0.0,0.0,0.0,0.0,0.0,0.0,0.0,0.0,0.0,0.0,0.0,0.0,0.0,0.0,0.0,0.0,0.0,0.0,0.0,0.0,0.0,0.0,0.0,0.0,0.0,0.0,0.0,0.0,0.0,0.0,0.0,0.0,0.0,0.0,0.0,0.0,0.0,0.0,0.0,0.0,0.0,0.0,0.0,0.0,0.0,0.0,0.0,0.0,3.78e-05,0.0,0.0,0.0,0.0,0.0,0.0,0.0,0.0,0.0,0.0,0.0,0.0,0.0,0.0,0.0,0.00293222,0.0,0.0,0.0,0.0,0.0,0.0,0.0,0.0,0.0,0.0,0.0,0.0,0.0,0.0,0.0,0.0,0.0,0.0,0.0,0.0,0.0,0.0,0.0,0.0,0.0,0.0,0.0,0.0,0.0,0.0,0.0,0.0,0.0,0.0,0.0,0.0,0.0,0.0,0.0,0.0,0.0,0.0,0.0,0.0,0.0,0.0,0.0,0.0,0.0,0.0,0.0,0.0
Reef 372,0.0,0.0,0.0,0.0,0.0,0.0,0.0,0.0,0.0,0.0,0.0,0.0,0.0,0.0,0.0,0.0,0.0,0.0,0.0,0.0,0.0,0.0,0.0,0.0,0.0,0.0,0.0,0.0,0.0,0.0,0.0,0.0,0.0,0.0,0.0,0.0,0.0,0.0,0.0,0.0,0.0,0.0,0.0,0.0,0.0,0.0,0.0,0.0,0.0,0.0,0.0,0.0,0.0,0.0,0.0,0.0,0.0,0.0,0.0,0.0,0.0,0.0,0.0,0.0,0.0,0.0,0.0,0.0,0.0,0.0,0.0,0.0,0.0,0.0,0.0,0.0,0.0,0.0,0.0,0.0,0.0,0.0,0.0,0.0,0.0,0.0,0.0,0.0,0.0,0.0,0.0,0.0,0.0,0.0,0.0,0.0,0.0,0.0,0.0,0.0,0.0,0.0,0.0,0.0,0.0,0.0,0.0,0.0,0.0,0.0,0.0,0.0,0.0,0.0,0.0,0.0,0.0,0.0,0.0,0.0,0.0,0.0,0.0,0.0,0.0,0.0,0.0,0.0,0.0,0.0,0.0,0.0,0.0,0.0,0.0,0.0,9.46e-07,0.0,0.0,0.0,0.0,0.0,0.0,0.0,0.0,0.0,6.07e-06,0.0,0.0,7.91e-07,0.0,5.31e-06,6.24e-07,0.0,0.0,0.0,8.64e-07,0.0,0.0,0.000123632,3.39e-05,0.0,0.0,0.0,0.0,5.66e-05,0.000228304,1.29e-06,7.51e-07,0.0,0.0,1.5e-05,7.57e-07,0.0,0.0,1.78e-05,1.43e-06,0.0,0.0,0.0,0.0,7.94e-06,0.0,0.0,0.0,0.000172062,0.0,0.0,0.0,0.0,0.0,0.0,2.16e-06,0.0,0.0,0.0,0.0,0.0,0.0,0.0,1.97e-05,0.0,0.0,0.0,0.0,0.0,0.0,0.0,0.0,0.000142689,0.0,6.39e-06,7.42e-05,5.23e-05,0.0,1.43e-06,7.83e-07,8.06e-07,0.0,1.24e-06,5.01e-07,1.6e-06,4.93e-07,0.0,3.05e-05,0.0,0.00062401,4.11e-06,0.0,0.0,1.01e-06,0.0,0.0,6.78e-07,3.54e-05,0.0,0.0,2.7e-06,0.0,9.03e-07,0.000944324,0.000107761,0.0,0.0,0.0,0.0,8.4e-07,3.09e-05,2.67e-05,6.35e-06,0.0,0.0,6.23e-05,5.16e-06,3.17e-06,6.86e-07,2.86e-05,6.39e-05,9.66e-07,2.59e-05,0.000305051,2.05e-06,3.04e-06,2.44e-06,0.00280621,2.65e-05,0.000580878,1.39e-05,0.0,0.000672519,1.33e-06,3.64e-06,0.000278021,1.77e-05,0.0,0.000138186,0.000149133,6.6e-07,0.0,6e-05,0.000282617,0.000824238,0.00179374,8e-07,7.23e-05,0.0,0.0,0.0,0.0,0.000124766,0.0,0.0,0.0,0.0,0.0,0.0,0.0,3.09e-05,0.000793542,0.0,0.0,0.0,0.0,0.0,0.0,0.0,0.0,0.0,0.0,0.0,0.0,0.0,0.0,0.0,0.0,0.0,0.0,0.0,0.0,5.38e-07,0.0,0.0,0.0,0.0,0.0,0.0,0.0,0.0,0.0,0.0,0.0,0.0,0.0,0.0,1.01e-06,0.0,1.87e-06,0.0,0.0,0.0,0.0,1.84e-05,0.0,0.0,5.84e-06,0.0,0.0,0.0,0.0,0.0,0.0,0.0,0.0,0.0,7.25e-05,0.0,8e-06,0.0,1.79e-05,1.22e-05,0.0,0.0,0.000206069,0.000230608,0.0,2.36e-05,0.00116128,0.0,2.51e-06,1.22e-05,0.0,0.204245,0.000488899,0.0,0.0,0.0,0.0,0.0,0.0,0.0,3.99e-05,0.0,1.91e-06,1.41e-06,0.0,8.64e-05,0.0,0.0,1.06e-06,0.0,0.00020392,1.85e-06,1.14e-06,0.0,2.79e-06,1.01e-06,0.0,0.0,0.0,0.0,0.0,0.0,0.0,0.0,0.0,0.0,0.0,0.0,0.0,0.0,0.0,0.0,0.0,0.0,0.0,0.0,0.0,0.0,0.0,0.0,0.0,0.0,0.0
Reef 373,0.0,0.0,0.0,0.0,0.0,0.0,0.0,0.0,0.0,0.0,0.0,0.0,0.0,0.0,0.0,0.0,0.0,0.0,0.0,0.0,0.0,0.0,0.0,0.0,0.0,0.0,0.0,0.0,0.0,0.0,0.0,0.0,0.0,0.0,0.0,0.0,0.0,0.0,0.0,0.0,0.0,0.0,0.0,0.0,0.0,0.0,0.0,0.0,0.0,0.0,0.0,0.0,0.0,0.0,0.0,0.0,0.0,0.0,0.0,0.0,0.0,0.0,0.0,0.0,0.0,0.0,0.0,0.0,0.0,0.0,0.0,0.0,0.0,0.0,0.0,0.0,0.0,0.0,0.0,0.0,0.0,0.0,0.0,0.0,0.0,0.0,0.0,0.0,0.0,0.0,0.0,0.0,0.0,0.0,0.0,0.0,0.0,0.0,0.0,0.0,0.0,0.0,0.0,0.0,0.0,0.0,0.0,0.0,0.0,0.0,0.0,0.0,0.0,0.0,0.0,0.0,0.0,0.0,0.0,0.0,0.0,0.0,0.0,0.0,0.0,0.0,0.0,0.0,0.0,0.0,0.0,0.0,0.0,0.0,0.0,0.0,0.0,0.0,0.0,0.0,0.0,0.0,0.0,0.0,0.0,0.0,0.0,0.0,0.0,0.0,0.0,0.0,0.0,0.0,0.0,0.0,0.0,0.0,0.0,3.95e-05,1.01e-05,0.0,0.0,0.0,0.0,1.86e-05,7.36e-05,0.0,0.0,0.0,0.0,0.0,0.0,0.0,0.0,0.0,0.0,0.0,0.0,0.0,0.0,0.0,0.0,0.0,0.0,5.05e-05,0.0,0.0,0.0,0.0,0.0,0.0,0.0,0.0,0.0,0.0,0.0,0.0,0.0,0.0,0.0,0.0,0.0,0.0,0.0,0.0,0.0,0.0,0.0,4.4e-05,0.0,0.0,2.28e-05,1.72e-05,0.0,0.0,0.0,0.0,0.0,0.0,0.0,0.0,0.0,0.0,1.06e-05,0.0,0.000843825,2.28e-05,0.0,0.0,1.69e-05,0.0,0.0,1.12e-05,0.0,0.0,0.0,0.0,0.0,0.0,0.000341565,4.06e-05,0.0,0.0,0.0,0.0,0.0,1.12e-05,4.47e-05,0.0,0.0,0.0,2.28e-05,3.32e-05,1.59e-05,0.0,2.25e-05,3.39e-05,1.03e-05,8.8e-06,0.000153252,3.28e-05,1.07e-05,0.0,0.00122963,1.8e-05,1.31e-05,0.000180926,0.0,0.000445415,2.69e-05,3.31e-05,0.000101091,0.00095039,0.0,8.19e-05,6.21e-05,6.89e-06,0.0,3.77e-05,8.42e-06,0.000423034,0.000109143,0.0,7.1e-06,0.0,0.0,0.0,0.0,4.92e-05,0.0,0.0,0.0,0.0,0.0,0.0,0.0,2.49e-05,0.000573207,0.0,0.0,0.0,0.0,0.0,0.0,0.0,0.0,0.0,0.0,0.0,0.0,0.0,0.0,0.0,0.0,0.0,0.0,0.0,0.0,0.0,0.0,0.0,0.0,0.0,0.0,0.0,0.0,0.0,0.0,0.0,0.0,0.0,0.0,0.0,0.0,0.0,0.0,0.0,0.0,0.0,0.0,0.0,0.0,0.0,0.0,0.0,0.0,0.0,0.0,0.0,0.0,0.0,0.0,0.0,9.93e-06,0.0,0.0,0.0,7.76e-06,0.0,0.0,0.0,3.15e-05,3.85e-05,0.0,0.000789104,0.000212699,0.0,0.000286654,0.0,0.0,0.0543884,0.00816334,0.000200282,0.0,0.0,0.0,0.0,0.0,0.0,1.26e-05,0.0,0.0,3.16e-05,0.0,1.2e-05,0.0,0.0,0.0,0.0,2.45e-05,0.0,0.0,0.0,0.000316594,0.000521996,0.0,0.0,0.0,0.0,0.0,0.0,0.0,0.0,0.0,0.0,0.0,0.0,0.0,0.0,0.0,0.0,0.0,0.0,0.0,0.0,0.0,0.0,0.0,0.0,0.0,0.0,0.0
Reef 374,0.0,0.0,0.0,0.0,0.0,0.0,0.0,0.0,0.0,0.0,0.0,0.0,0.0,0.0,0.0,0.0,0.0,0.0,0.0,0.0,0.0,0.0,0.0,0.0,0.0,0.0,0.0,0.0,0.0,0.0,0.0,0.0,0.0,0.0,0.0,0.0,0.0,0.0,0.0,0.0,0.0,0.0,0.0,0.0,0.0,0.0,0.0,0.0,0.0,0.0,0.0,0.0,0.0,0.0,0.0,0.0,0.0,0.0,0.0,0.0,0.0,0.0,0.0,0.0,0.0,0.0,0.0,0.0,0.0,0.0,0.0,0.0,0.0,0.0,0.0,0.0,0.0,0.0,0.0,0.0,0.0,0.0,0.0,0.0,0.0,0.0,0.0,0.0,0.0,0.0,0.0,0.0,0.0,0.0,0.0,0.0,0.0,0.0,0.0,0.0,0.0,0.0,0.0,0.0,0.0,0.0,0.0,0.0,0.0,0.0,0.0,0.0,0.0,0.0,0.0,0.0,0.0,0.0,0.0,0.0,0.0,0.0,0.0,0.0,0.0,0.0,0.0,0.0,0.0,0.0,0.0,0.0,0.0,0.0,0.0,0.0,0.0,0.0,0.0,0.0,0.0,0.0,0.0,0.0,0.0,0.0,0.0,0.0,0.0,0.0,0.0,0.0,0.0,0.0,0.0,0.0,0.0,0.0,0.0,5.85e-05,0.0,0.0,0.0,0.0,0.0,2.75e-05,0.000108618,0.0,0.0,0.0,0.0,0.0,6.89e-05,0.0,0.0,0.0,0.0,0.0,0.0,0.0,0.0,0.0,0.0,0.0,0.0,8.88e-05,0.0,0.0,0.0,0.0,0.0,0.0,0.0,0.0,0.0,0.0,0.0,0.0,0.0,0.0,0.0,0.0,0.0,0.0,0.0,0.0,0.0,0.0,0.0,7.86e-05,0.0,0.0,4.01e-05,3.13e-05,0.0,0.0,0.0,0.0,0.0,0.0,0.0,0.0,0.0,0.0,0.0,0.0,0.000748113,9.3e-05,0.0,0.0,5.88e-05,0.0,0.0,4.02e-05,0.0,0.0,0.0,0.0,6.4e-05,0.0,0.000531818,7.08e-05,0.0,0.0,8.99e-05,0.0,0.0,0.0,0.000456438,0.0,7.66e-05,0.0,3.87e-05,0.000282809,4.5e-05,0.0,0.0,0.000283741,7.91e-05,0.0,0.000419877,8.39e-05,0.0,0.0,0.00229548,5.04e-05,0.000866686,0.00136698,0.0,0.000913682,0.000118926,0.000184465,0.000179309,9.84e-05,0.0,0.000157504,0.00011961,3.21e-05,0.0,7.19e-05,6.53e-05,0.000850034,0.000351245,4.11e-05,5.5e-05,0.0,0.0,0.0,0.0,7.83e-05,0.0,0.0,0.0,0.0,0.0,0.0,0.0,4.08e-05,0.00104603,0.0,0.0,0.0,0.0,0.0,0.0,0.0,0.0,0.0,0.0,0.0,0.0,0.0,0.0,0.0,0.0,0.0,0.0,0.0,0.0,0.0,0.0,0.0,0.0,0.0,0.0,0.0,0.0,0.0,0.0,0.0,0.0,0.0,0.0,0.0,0.0,0.0,0.0,0.0,0.0,0.0,0.0,0.0,0.0,0.0,0.0,0.0,0.0,0.0,0.0,0.0,0.0,0.0,0.0,0.0,0.000125692,0.0,0.0,0.0,0.0,0.0,0.0,0.0,0.000189171,0.00114763,0.0,0.000235752,0.0161021,0.0,0.000194127,0.0,0.0,0.0648045,0.00653628,0.000835435,0.0,0.0,0.0,0.0,0.0,0.0,0.0,0.0,0.0,0.0,0.0,4e-05,0.0,0.0,0.0,0.0,0.0,0.0,0.0,0.0,0.0,2.83e-05,0.0,0.0,0.0,0.0,0.0,0.0,0.0,0.0,0.0,0.0,0.0,0.0,0.0,0.0,0.0,0.0,0.0,0.0,0.0,0.0,0.0,0.0,0.0,0.0,0.0,0.0,0.0
Reef 375,0.0,0.0,0.0,0.0,0.0,0.0,0.0,0.0,0.0,0.0,0.0,0.0,0.0,0.0,0.0,0.0,0.0,0.0,0.0,0.0,0.0,0.0,0.0,0.0,0.0,0.0,0.0,0.0,0.0,0.0,0.0,0.0,0.0,0.0,0.0,0.0,0.0,0.0,0.0,0.0,0.0,0.0,0.0,0.0,0.0,0.0,0.0,0.0,0.0,0.0,0.0,0.0,0.0,0.0,0.0,0.0,0.0,0.0,0.0,0.0,0.0,0.0,0.0,0.0,0.0,0.0,0.0,0.0,0.0,0.0,0.0,0.0,0.0,0.0,0.0,0.0,0.0,0.0,0.0,0.0,0.0,0.0,0.0,0.0,0.0,0.0,0.0,0.0,0.0,0.0,0.0,0.0,0.0,0.0,0.0,0.0,0.0,0.0,0.0,0.0,0.0,0.0,0.0,0.0,0.0,0.0,0.0,0.0,0.0,0.0,0.0,0.0,0.0,0.0,0.0,0.0,0.0,0.0,0.0,0.0,0.0,0.0,0.0,0.0,0.0,0.0,0.0,0.0,0.0,0.0,0.0,0.0,0.0,0.0,0.0,0.0,0.0,0.0,0.0,0.0,0.0,0.0,0.0,0.0,0.0,0.0,0.0,0.0,0.0,0.0,0.0,0.0,0.0,0.0,0.0,0.0,0.0,0.0,0.0,7.45e-05,2.18e-05,0.0,0.0,0.0,0.0,3.47e-05,0.000138481,0.0,0.0,0.0,0.0,0.0,7.39e-05,0.0,0.0,0.0,0.0,0.0,0.0,0.0,0.0,0.0,0.0,0.0,0.0,0.000109085,0.0,0.0,0.0,0.0,0.0,0.0,0.0,0.0,0.0,0.0,0.0,0.0,0.0,0.0,0.0,0.0,0.0,0.0,0.0,0.0,0.0,0.0,0.0,9.42e-05,0.0,0.0,4.69e-05,3.63e-05,0.0,0.0,0.0,0.0,0.0,0.0,0.0,0.0,0.0,0.0,2.34e-05,0.0,0.000655046,4e-05,0.0,0.0,6.72e-05,0.0,0.0,4.43e-05,0.0,0.0,0.0,0.0,0.00172081,0.0,0.000664873,8.24e-05,0.0,1.77e-05,0.000363341,0.0,0.0,2.22e-05,0.000589091,0.0,0.00051178,0.0,4.67e-05,0.00035924,4.22e-05,0.0,1.61e-05,0.000361272,0.00187511,1.84e-05,0.000465512,8.7e-05,1.78e-05,0.0,0.00255068,5.54e-05,0.000981494,0.00176097,0.0,0.000989099,1.41e-05,0.00378079,0.000217342,0.00129157,0.0,0.000160273,0.000135901,0.000896647,0.0,7.24e-05,9.58e-05,0.000904988,0.000261187,0.00142777,1.38e-05,0.0,0.0,0.0,0.0,9.42e-05,0.0,0.0,0.0,0.000607304,0.0,0.0,0.0,3.92e-05,0.00102737,0.0,0.0,0.0,0.0,0.0,0.0,0.0,0.0,0.0,0.0,0.0,0.0,0.0,0.0,0.0,0.0,0.0,0.0,0.0,0.0,0.000190212,0.0,0.0,0.0,0.0,0.0,0.0,0.0,0.0,0.0,0.0,0.0,0.0,0.0,0.0,0.0,0.0,0.0,0.0,0.0,0.0,0.0,0.0,0.0,0.0,0.0,0.0,0.0,0.0,0.0,0.0,0.0,0.0,0.0,0.0,0.00168425,0.0,0.0,0.0,0.0,0.0,0.0,0.0,0.000521474,4.68e-05,0.0,0.00035641,0.00234141,0.0,0.000172617,0.0,0.0,0.00301815,0.00029926,1.5e-05,0.000143011,0.0,0.0,0.0,0.0,3.91e-05,0.0,0.0,0.0,0.0,4.29e-05,3.38e-05,0.0,0.0,0.0,0.0,1.82e-05,0.0,0.0,0.0,0.0,0.0,0.0,0.0,0.0,0.0,0.0,0.0,0.0,0.0,0.0,0.0,0.0,0.0,0.0,0.0,0.0,0.0,0.0,0.0,0.0,0.0,0.0,0.0,0.0,0.0,0.0,0.0,0.0
Reef 376,0.0,0.0,0.0,0.0,0.0,0.0,0.0,0.0,0.0,0.0,0.0,0.0,0.0,0.0,0.0,0.0,0.0,0.0,0.0,0.0,0.0,0.0,0.0,0.0,0.0,0.0,0.0,0.0,0.0,0.0,0.0,0.0,0.0,0.0,0.0,0.0,0.0,0.0,0.0,0.0,0.0,0.0,0.0,0.0,0.0,0.0,0.0,0.0,0.0,0.0,0.0,0.0,0.0,0.0,0.0,0.0,0.0,0.0,0.0,0.0,0.0,0.0,0.0,0.0,0.0,0.0,0.0,0.0,0.0,0.0,0.0,0.0,0.0,0.0,0.0,0.0,0.0,0.0,0.0,0.0,0.0,0.0,0.0,0.0,0.0,0.0,0.0,0.0,0.0,0.0,0.0,0.0,0.0,0.0,0.0,0.0,0.0,0.0,0.0,0.0,0.0,0.0,0.0,0.0,0.0,0.0,0.0,0.0,0.0,0.0,0.0,0.0,0.0,0.0,0.0,0.0,0.0,0.0,0.0,0.0,0.0,0.0,0.0,0.0,0.0,0.0,0.0,0.0,0.0,0.0,0.0,0.0,0.0,0.0,0.0,0.0,0.0,0.0,0.0,0.0,0.0,0.0,0.0,0.0,0.0,0.0,0.0,0.0,0.0,0.0,0.0,0.0,0.0,0.0,0.0,0.0,0.0,0.0,0.0,5.93e-05,0.0,0.0,0.0,0.0,0.0,2.97e-05,9.43e-05,0.0,0.0,0.0,0.0,0.0,0.0,0.0,0.0,1.65e-05,0.0,0.0,0.0,0.0,0.0,0.0,0.0,0.0,0.0,0.0,0.0,0.0,0.0,0.0,0.0,0.0,0.0,0.0,0.0,0.0,0.0,0.0,0.0,0.0,0.0,0.0,0.0,0.0,0.0,0.0,0.0,0.0,0.0,0.0,0.0,0.0,0.0,0.0,1.67e-05,0.0,0.0,0.0,0.0,0.0,0.0,0.0,0.0,0.0,0.0,0.0,1.06e-05,0.0,0.0,0.0,0.0,0.0,0.0,0.0,0.0,0.0,0.0,0.0,0.0,0.0,3.22e-05,0.0,0.0,0.0,0.0,0.0,0.0,0.0,0.0,0.0,0.0,0.0,0.0,0.0,0.0,0.0,0.0,0.0,0.0,0.0,0.0,0.0,0.0,0.0,0.0,0.0,0.0,0.0,0.0,2.46e-05,0.0,0.0,9.38e-06,0.0,0.0,0.0,0.0,0.0,0.0,0.0,0.0,9.16e-06,0.0,0.0,0.0,0.0,0.0,0.0,0.0,9.99e-05,0.0,0.0,0.0,0.0,0.0,0.0,0.0,5.47e-05,0.000110075,0.0,0.0,0.0,0.0,0.0,0.0,0.0,0.0,0.0,0.0,0.0,0.0,0.0,0.0,0.000312477,1.25e-05,0.0,0.0,7.83e-05,1.81e-05,0.0,0.000159049,4.67e-05,4.45e-05,0.0,0.0,0.00027377,0.0,0.00255264,1.2e-05,0.00362529,0.000956004,0.0,0.0,0.00283129,0.000240901,0.00370352,1.89e-05,0.0,0.00358832,0.000325275,0.0,0.000939638,0.00198915,0.000449915,0.00514357,2.18e-05,0.000714025,0.0,2.32e-05,0.0,3.07e-05,0.000558164,0.00021107,0.000476885,0.0,0.0,0.0,0.000398257,0.0,0.0,0.00099496,0.000528754,0.0,0.0,0.0,0.0,0.0,0.0,0.0,1.35e-05,0.0,0.0,0.0,0.0,0.0,0.0167053,0.0,0.0,0.0152389,0.0,0.0,1.04e-05,0.0,0.0,0.0,0.0,0.0,1.54e-05,0.0,0.0,0.0,0.0,0.0,0.0,0.0,0.0,2.9e-05,2.54e-05,1.07e-05,5.43e-05,1.75e-05,6.21e-05,4.88e-05,0.000215456,0.0,0.0,0.0,0.0,0.00012321,0.000823055,0.0,0.0,0.0,0.0,7.14e-05,0.0,0.0,0.0,0.0,0.0,0.0,0.0,0.0
Reef 377,0.0,0.0,0.0,0.0,0.0,0.0,0.0,0.0,0.0,0.0,0.0,0.0,0.0,0.0,0.0,0.0,0.0,0.0,0.0,0.0,0.0,0.0,0.0,0.0,0.0,0.0,0.0,0.0,0.0,0.0,0.0,0.0,0.0,0.0,0.0,0.0,0.0,0.0,0.0,0.0,0.0,0.0,0.0,0.0,0.0,0.0,0.0,0.0,0.0,0.0,0.0,0.0,0.0,0.0,0.0,0.0,0.0,0.0,0.0,0.0,0.0,0.0,0.0,0.0,0.0,0.0,0.0,0.0,0.0,0.0,0.0,0.0,0.0,0.0,0.0,0.0,0.0,0.0,0.0,0.0,0.0,0.0,0.0,0.0,0.0,0.0,0.0,0.0,0.0,0.0,0.0,0.0,0.0,0.0,0.0,0.0,0.0,0.0,0.0,0.0,0.0,0.0,0.0,0.0,0.0,0.0,0.0,0.0,0.0,0.0,0.0,0.0,0.0,0.0,0.0,0.0,0.0,0.0,0.0,0.0,0.0,0.0,0.0,0.0,0.0,0.0,0.0,0.0,0.0,0.0,0.0,0.0,0.0,0.0,0.0,0.0,0.0,0.0,0.0,0.0,0.0,0.0,0.0,0.0,0.0,0.0,0.0,0.0,0.0,0.0,0.0,0.0,0.0,0.0,0.0,0.0,0.0,0.0,0.0,0.0,0.0,0.0,0.0,0.0,0.0,0.0,0.0,0.0,0.0,0.0,0.0,0.0,0.0,0.0,0.0,0.0,0.0,0.0,0.0,0.0,0.0,0.0,0.0,0.0,0.0,0.0,0.0,0.0,0.0,0.0,0.0,0.0,0.0,0.0,0.0,0.0,0.0,0.0,0.0,0.0,0.0,0.0,0.0,0.0,0.0,0.0,0.0,0.0,0.0,0.0,0.0,0.0,0.0,0.0,0.0,0.0,0.0,0.0,0.0,0.0,0.0,0.0,0.0,0.0,0.0,0.0,0.0,0.0,0.0,0.0,0.0,0.0,0.0,0.0,0.0,0.0,0.0,0.0,0.0,0.0,0.00271119,0.0,0.0,0.0,0.0,0.0,0.0,0.0,0.0,0.0,0.0,0.0,0.0,0.0,0.0,0.0,0.0,0.0,0.0,0.0,0.0,0.0,0.0,0.0,0.00688407,0.0,0.0,0.0,0.0,0.00210386,0.0,0.0,0.0,0.0,0.0,0.0,0.0,0.0,0.0,0.0,0.0,0.00238169,0.0,0.0,0.0,0.0,0.0,0.0,0.0,0.0,0.0,0.0,0.0,0.0,0.0,0.0,0.0,0.0,0.00167373,0.0,0.0,0.0,0.0,0.0,0.0,0.0,0.0,0.0,0.0,0.0,0.0,0.0,0.0,0.0,0.0,0.0,0.0,0.0,0.0,0.0,0.0,0.0,0.0,0.0,0.0,0.0,0.0,0.0,0.0,0.0,0.0,0.0,0.0,0.0,0.0,0.0,0.0,0.0,0.0,0.0,0.0,0.0,0.0,0.0,0.0,0.0,0.0,0.0,0.0,0.0,0.0,0.0,0.0,0.0,0.0,0.0,0.0,0.0,0.0,0.0,0.0,0.0,0.0,0.00253002,0.0,0.0,0.0147688,0.0,0.0,0.0,0.0,0.0259261,0.00238328,0.0,0.0,0.0,0.0,0.0,0.0,0.0,0.0,0.0,0.0,0.0,0.0,0.0,0.0,0.0,0.0,0.0,0.0,0.0,0.0,0.0,0.0,0.0,0.0,0.0,0.0,0.0,0.0,0.0,0.0,0.0,0.0,0.0,0.0,0.0,0.0,0.0,0.0,0.0,0.0,0.0,0.0,0.0,0.0,0.0,0.0,0.0,0.0,0.0,0.0
Reef 378,0.0,0.0,0.0,0.0,0.0,0.0,0.0,0.0,0.0,0.0,0.0,0.0,0.0,0.0,0.0,0.0,0.0,0.0,0.0,0.0,0.0,0.0,0.0,0.0,0.0,0.0,0.0,0.0,0.0,0.0,0.0,0.0,0.0,0.0,0.0,0.0,0.0,0.0,0.0,0.0,0.0,0.0,0.0,0.0,0.0,0.0,0.0,0.0,0.0,0.0,0.0,0.0,0.0,0.0,0.0,0.0,0.0,0.0,0.0,0.0,0.0,0.0,0.0,0.0,0.0,0.0,0.0,0.0,0.0,0.0,0.0,0.0,0.0,0.0,0.0,0.0,0.0,0.0,0.0,0.0,0.0,0.0,0.0,0.0,0.0,0.0,0.0,0.0,0.0,0.0,0.0,0.0,0.0,0.0,0.0,0.0,0.0,0.0,0.0,0.0,0.0,0.0,0.0,0.0,0.0,0.0,0.0,0.0,0.0,0.0,0.0,0.0,0.0,0.0,0.0,0.0,0.0,0.0,0.0,0.0,0.0,0.0,0.0,0.0,0.0,0.0,0.0,0.0,0.0,0.0,0.0,0.0,0.0,0.0,0.0,0.0,0.0,0.0,0.0,0.0,0.0,0.0,0.0,0.0,0.0,0.0,4.33e-06,0.0,0.0,0.0,0.0,3.81e-06,0.0,0.0,0.0,0.0,0.0,0.0,0.0,9.12e-05,3.77e-05,0.0,0.0,0.0,0.0,4.01e-05,0.000165179,0.0,2.51e-06,0.0,0.0,1.65e-05,1.98e-05,0.0,0.0,1.28e-05,2.87e-06,0.0,0.0,0.0,0.0,5.44e-06,0.0,0.0,0.0,0.000197633,0.0,0.0,0.0,0.0,0.0,0.0,0.0,0.0,0.0,0.0,0.0,0.0,0.0,0.0,2.11e-05,0.0,0.0,0.0,0.0,0.0,0.0,0.0,0.0,0.000151256,0.0,5.99e-06,7.49e-05,5.48e-05,0.0,0.0,0.0,0.0,0.0,0.0,0.0,0.0,0.0,0.0,3.39e-05,0.0,0.00028615,4.97e-06,0.0,0.0,3.17e-05,0.0,0.0,2.1e-05,2.11e-06,0.0,0.0,5e-06,2.83e-05,0.0,0.000768851,0.000129411,0.0,4.42e-06,1.12e-05,0.0,0.0,4.41e-05,0.000126385,2.39e-06,1.09e-05,0.0,4.32e-05,0.000107292,4.09e-05,7.89e-06,1.66e-05,0.000139604,5.15e-05,2.23e-05,0.000414515,0.000107379,1.5e-05,0.0,0.00203624,5.78e-05,0.000955703,0.00050999,0.0,0.00107291,5.29e-05,9.9e-05,0.000252737,3.05e-06,0.0,0.000119302,0.000142418,1.97e-05,1.75e-05,5.99e-05,2.21e-05,0.000836125,0.000401506,3.48e-05,1.48e-05,3.13e-06,4.92e-06,0.0,0.0,0.000140133,0.0,0.0,0.0,3.06e-06,2.05e-05,7.71e-06,0.0,2.35e-05,0.000633863,0.0,6.89e-06,6.92e-05,0.0,7.28e-05,0.000463876,0.0,0.0,0.0,0.0,0.0,0.0,0.0,0.0,0.0,0.0,9.57e-05,0.00028347,0.0,0.0,3.58e-05,0.0,0.0,0.0,3.54e-05,0.000459253,0.0,4.28e-05,0.0,0.0,0.0,0.0,0.000117557,0.00535257,0.0,0.0,0.0,0.0,0.0,0.0,0.0,0.000937744,0.0,0.0,0.0,0.0,0.0,0.0,4.74e-05,0.0,0.0010427,0.0,0.0,0.0,0.0,0.000265659,0.0205791,0.0,0.0,0.0,0.0,0.0,0.0,6.49e-05,6.56e-06,0.0163891,4.31e-05,3.15e-05,0.0,2.68e-06,0.0,0.0,3.22e-06,2.33e-06,6.72e-06,7.48e-06,0.0,0.0,6.31e-05,0.0,0.0,0.0,0.0,0.0,0.0,0.0,0.0,0.0,0.0,0.0,0.0,0.0,0.0,0.0,0.0,0.0,0.0,0.0,0.0,0.0,0.0,0.0,0.0,0.0,0.0,0.0,0.0,0.0,0.0,0.0,0.0,0.0,0.0,0.0,0.0,0.0,0.0,0.0,0.0,0.0,0.0,0.0,0.0,0.0
Reef 379,0.0,0.0,0.0,0.0,0.0,0.0,0.0,0.0,0.0,0.0,0.0,0.0,0.0,0.0,0.0,0.0,0.0,0.0,0.0,0.0,0.0,0.0,0.0,0.0,0.0,0.0,0.0,0.0,0.0,0.0,0.0,0.0,0.0,0.0,0.0,0.0,0.0,0.0,0.0,0.0,0.0,0.0,0.0,0.0,0.0,0.0,0.0,0.0,0.0,0.0,0.0,0.0,0.0,0.0,0.0,0.0,0.0,0.0,0.0,0.0,0.0,0.0,0.0,0.0,0.0,0.0,0.0,0.0,0.0,0.0,0.0,0.0,0.0,0.0,0.0,0.0,0.0,0.0,0.0,0.0,0.0,0.0,0.0,0.0,0.0,0.0,0.0,0.0,0.0,0.0,0.0,0.0,0.0,0.0,0.0,0.0,0.0,0.0,0.0,0.0,0.0,0.0,0.0,0.0,0.0,0.0,0.0,0.0,0.0,0.0,0.0,0.0,0.0,0.0,0.0,0.0,0.0,0.0,0.0,0.0,0.0,0.0,0.0,0.0,0.0,0.0,0.0,0.0,0.0,0.0,0.0,0.0,0.0,0.0,0.0,0.0,0.0,0.0,0.0,0.0,0.0,0.0,0.0,0.0,0.0,0.0,0.0,0.0,0.0,0.0,0.0,0.0,0.0,0.0,0.0,0.0,0.0,0.0,0.0,8.43e-06,0.0,0.0,0.0,0.0,0.0,0.0,1.67e-05,0.0,0.0,0.0,0.0,0.0,0.0,0.0,0.0,0.0,0.0,0.0,0.0,0.0,0.0,0.0,0.0,0.0,0.0,0.0,0.0,0.0,0.0,0.0,0.0,0.0,0.0,0.0,0.0,0.0,0.0,0.0,0.0,0.0,0.0,0.0,0.0,0.0,0.0,0.0,0.0,0.0,0.0,0.0,0.0,0.0,0.0,0.0,0.0,0.0,0.0,0.0,0.0,0.0,0.0,0.0,0.0,0.0,0.0,0.0,2.78e-05,0.0,0.0,0.0,0.0,0.0,0.0,0.0,0.0,0.0,0.0,0.0,0.0,0.0,0.0,0.0,0.0,0.0,0.0,0.0,0.0,0.0,0.0,0.0,0.0,0.0,0.0,0.0,0.0,0.0,0.0,0.0,0.0,0.0,0.0,0.0,0.0,0.0,1.33e-05,0.0,0.0,0.0,0.0,0.0,0.0,0.0,0.0,0.0,0.0,0.0,0.0,0.0,0.0,0.0,0.0,8.73e-06,0.0,0.0,0.0,0.0,0.0,1.71e-05,0.0,1.55e-05,0.0,0.0,0.0,0.0,0.0,0.0,0.0,1.64e-05,9.36e-05,0.0,0.0,0.0,0.0,0.0,0.0,0.0,0.0,0.0,0.0,0.0,0.0,0.0,0.0,3.67e-05,0.0,0.0,0.0,9.75e-06,0.0,0.0,2.51e-05,0.0,0.0,0.0,0.0,4.99e-05,0.0,0.000592361,0.0,0.000757582,0.000238811,0.0,0.0,0.000765831,0.000299763,0.000916761,3.38e-05,0.0,0.00107554,9.04e-05,0.0,0.000644435,0.000560026,0.00012618,0.00216109,0.0,0.000218943,0.0,0.0,0.0,0.0,0.000314017,3.38e-05,0.00032048,0.0,0.0,0.0,0.000104151,0.0,0.0,0.000280587,0.000330319,0.0,0.0,0.0,0.0,0.0,0.0,0.0,3.75e-05,0.0,0.0,0.0,0.0,0.0,0.000659266,0.0,0.0,0.0218304,0.0,0.0,9.1e-06,0.0,0.0,0.0,0.0,0.0,2.78e-05,0.0,0.0,0.0,0.0,0.0,0.0,0.0,0.0,2.43e-05,0.0,0.0,1.79e-05,7.21e-05,1.06e-05,1.19e-05,0.000126333,0.0,1.53e-05,3.22e-05,0.0,3.8e-05,0.000210154,4.35e-05,0.0,0.0,0.0,1.32e-05,1.43e-05,0.0,0.0,0.0,0.0,0.0,0.0,0.0
Reef 380,0.0,0.0,0.0,0.0,0.0,0.0,0.0,0.0,0.0,0.0,0.0,0.0,0.0,0.0,0.0,0.0,0.0,0.0,0.0,0.0,0.0,0.0,0.0,0.0,0.0,0.0,0.0,0.0,0.0,0.0,0.0,0.0,0.0,0.0,0.0,0.0,0.0,0.0,0.0,0.0,0.0,0.0,0.0,0.0,0.0,0.0,0.0,0.0,0.0,0.0,0.0,0.0,0.0,0.0,0.0,0.0,0.0,0.0,0.0,0.0,0.0,0.0,0.0,0.0,0.0,0.0,0.0,0.0,0.0,0.0,0.0,0.0,0.0,0.0,0.0,0.0,0.0,0.0,0.0,0.0,0.0,0.0,0.0,0.0,0.0,0.0,0.0,0.0,0.0,0.0,0.0,0.0,0.0,0.0,0.0,0.0,0.0,0.0,0.0,0.0,0.0,0.0,0.0,0.0,0.0,0.0,0.0,0.0,0.0,0.0,0.0,0.0,0.0,0.0,0.0,0.0,0.0,0.0,0.0,0.0,0.0,0.0,0.0,0.0,0.0,0.0,0.0,0.0,0.0,0.0,0.0,0.0,0.0,0.0,0.0,0.0,0.0,0.0,0.0,0.0,0.0,0.0,0.0,0.0,0.0,0.0,0.0,0.0,0.0,0.0,0.0,0.0,0.0,0.0,0.0,0.0,0.0,0.0,0.0,0.0,0.0,0.0,0.0,0.0,0.0,0.0,0.0,0.0,0.0,0.0,0.0,0.0,0.0,0.0,0.0,0.0,0.0,0.0,0.0,0.0,0.0,0.0,0.0,0.0,0.0,0.0,0.0,0.0,0.0,0.0,0.0,0.0,0.0,0.0,0.0,0.0,0.0,0.0,0.0,0.0,0.0,0.0,0.0,0.0,0.0,0.0,0.0,0.0,0.0,0.0,0.0,0.0,0.0,0.0,0.0,0.0,0.0,0.0,0.0,0.0,0.0,0.0,0.0,0.0,0.0,0.0,0.0,0.0,0.0,0.0,0.0,0.0,0.0,0.0,0.0,0.0,0.0,0.0,0.000533151,0.0,0.000242662,0.0,0.0,0.0,0.0,0.0,0.0,0.0,0.0,0.0,0.000180076,0.0,0.0,0.0,0.0,0.0,0.0,0.0,0.000625826,0.0,8.88e-05,0.0,0.0,0.0,0.00051963,0.0,0.000248724,0.000112104,0.0,0.000348899,0.0,0.00120801,0.0,0.0005275,0.0,0.0,0.0,0.000169169,0.0,0.0,0.0,0.000317562,9.15e-05,0.000378406,0.0,0.0,0.0,0.0,0.0,0.0,0.0,0.0,0.0,0.0,0.0,0.0,0.0,0.0,0.000197212,0.0,0.0,0.0,0.0,0.0,0.0,0.0,0.0,0.0,0.0,0.0,0.0,0.0,0.0,0.0,0.0,0.0,0.0,0.0,0.0,0.00029125,0.0,0.0,0.0,0.0,0.0,0.0,0.0,0.0,0.0,0.0,0.0,0.0,0.0,0.0,0.0,0.0,0.0,0.0,0.0,0.0,0.0,0.0,0.0,0.0,0.0,0.0,0.0,0.0,0.0,0.0,0.0,0.0,0.0,0.0,0.000375544,0.0,0.0,0.0,0.0,0.0,0.0,0.0,0.000514707,0.000490726,0.0,0.0,0.00241927,0.0,0.0,0.0,0.0,0.00502391,0.000405571,0.00014628,0.0,0.0,0.0,0.0,0.0,0.00258982,0.0,0.0,0.0,0.000268478,0.000506205,0.0,0.0,0.0,0.0,0.0,0.0,0.0,0.0,0.0,0.0,0.000440791,0.0,0.0,0.0,0.0,0.0,0.0,0.0,0.0,0.0,0.0,0.0,0.0,0.0,0.0,0.0,0.0,0.0,0.0,0.0,0.0,0.0,0.0,0.0,0.0,0.0,0.0,0.0
Reef 381,0.0,0.0,0.0,0.0,0.0,0.0,0.0,0.0,0.0,0.0,0.0,0.0,0.0,0.0,0.0,0.0,0.0,0.0,0.0,0.0,0.0,0.0,0.0,0.0,0.0,0.0,0.0,0.0,0.0,0.0,0.0,0.0,0.0,0.0,0.0,0.0,0.0,0.0,0.0,0.0,0.0,0.0,0.0,0.0,0.0,0.0,0.0,0.0,0.0,0.0,0.0,0.0,0.0,0.0,0.0,0.0,0.0,0.0,0.0,0.0,0.0,0.0,0.0,0.0,0.0,0.0,0.0,0.0,0.0,0.0,0.0,0.0,0.0,0.0,0.0,0.0,0.0,0.0,0.0,0.0,0.0,0.0,0.0,0.0,0.0,0.0,0.0,0.0,0.0,0.0,0.0,0.0,0.0,0.0,0.0,0.0,0.0,0.0,0.0,0.0,0.0,0.0,0.0,0.0,0.0,0.0,0.0,0.0,0.0,0.0,0.0,0.0,0.0,0.0,0.0,0.0,0.0,0.0,0.0,0.0,0.0,0.0,0.0,0.0,0.0,0.0,0.0,0.0,0.0,0.0,0.0,0.0,0.0,0.0,0.0,0.0,0.0,0.0,0.0,0.0,0.0,0.0,0.0,0.0,0.0,0.0,0.0,0.0,0.0,0.0,0.0,0.0,0.0,0.0,0.0,0.0,0.0,0.0,0.0,0.0,0.0,0.0,0.0,0.0,0.0,0.0,2.64e-05,0.0,0.0,0.0,0.0,0.0,0.0,0.0,0.0,0.0,0.0,0.0,0.0,0.0,0.0,0.0,0.0,0.0,0.0,4.74e-05,0.0,0.0,0.0,0.0,0.0,0.0,0.0,0.0,0.0,0.0,0.0,0.0,0.0,0.0,0.0,0.0,0.0,0.0,0.0,0.0,0.0,0.0,0.0,4.62e-05,0.0,0.0,0.0,2.07e-05,0.0,0.0,0.0,0.0,0.0,0.0,0.0,0.0,0.0,0.0,2.47e-05,0.0,0.000245361,0.0,0.0,0.0,0.0,0.0,0.0,0.0,0.0,0.0,0.0,0.0,5.29e-05,0.0,0.000737756,7.73e-05,0.0,0.0,0.0,0.0,0.0,2.07e-05,0.0,0.0,2.08e-05,0.0,2e-05,0.0,0.0,0.0,0.0,3.53e-05,0.000113146,0.0,0.000309156,8.1e-05,0.0,0.0,0.00128694,4.29e-05,0.000564192,3.39e-05,0.0,0.00124794,0.0,0.000389666,0.000244608,1.98e-05,0.0,0.000125268,0.000181068,7.71e-05,0.0,7.34e-05,1.7e-05,0.0012948,0.000109728,6.41e-05,0.0,0.0,0.0,0.0,0.0,0.000205717,0.0,0.0,0.0,0.0,0.0,0.0,0.0,3.12e-05,0.000717989,0.0,0.0,0.0,0.0,0.0,0.0,0.0,0.0,0.0,0.0,0.0,0.0,0.0,0.0,0.0,0.0,0.0,0.0,0.0,0.0,3.25e-05,0.0,0.0,0.0,0.0,0.0,0.0,0.0,0.0,0.0,0.0,0.0,0.0,0.0,0.0,0.0,0.0,0.0,0.0,0.0,0.0,0.0,0.0,0.0,0.0,0.0,0.0,0.0,0.0,0.0,0.0,0.0,0.0,0.0,0.0,0.00244173,0.0,0.0,0.0,0.0,0.0,0.0,0.0,0.00238603,0.00364008,0.0,9.99e-05,3.83e-05,0.0,0.000348295,0.0,0.0,0.000173558,0.000105069,0.00023307,0.0,0.0,0.0,0.0,0.0,2.6e-05,0.00391836,0.0,0.0,0.00335115,0.000101967,6.49e-05,0.0,0.0,0.0,0.0,5.03e-05,3.95e-05,0.0,0.0,0.00015601,0.00364712,0.0,0.0,0.0,0.0,0.0,0.0,0.0,0.0,0.0,0.0,0.0,0.0,0.0,0.0,0.0,0.0,0.0,0.0,0.0,0.0,0.0,0.0,0.0,0.0,0.0,0.0,0.0
Reef 382,0.0,0.0,0.0,0.0,0.0,0.0,0.0,0.0,0.0,0.0,0.0,0.0,0.0,0.0,0.0,0.0,0.0,0.0,0.0,0.0,0.0,0.0,0.0,0.0,0.0,0.0,0.0,0.0,0.0,0.0,0.0,0.0,0.0,0.0,0.0,0.0,0.0,0.0,0.0,0.0,0.0,0.0,0.0,0.0,0.0,0.0,0.0,0.0,0.0,0.0,0.0,0.0,0.0,0.0,0.0,0.0,0.0,0.0,0.0,0.0,0.0,0.0,0.0,0.0,0.0,0.0,0.0,0.0,0.0,0.0,0.0,0.0,0.0,0.0,0.0,0.0,0.0,0.0,0.0,0.0,0.0,0.0,0.0,0.0,0.0,0.0,0.0,0.0,0.0,0.0,0.0,0.0,0.0,0.0,0.0,0.0,0.0,0.0,0.0,0.0,0.0,0.0,0.0,0.0,0.0,0.0,0.0,0.0,0.0,0.0,0.0,0.0,0.0,0.0,0.0,0.0,0.0,0.0,0.0,0.0,0.0,0.0,0.0,0.0,0.0,0.0,0.0,0.0,0.0,0.0,0.0,0.0,0.0,0.0,0.0,0.0,0.0,0.0,0.0,0.0,0.0,0.0,0.0,0.0,0.0,0.0,0.0,0.0,0.0,0.0,0.0,0.0,0.0,0.0,0.0,0.0,0.0,0.0,0.0,2.69e-05,0.0,0.0,0.0,0.0,0.0,0.0,0.0,0.0,0.0,0.0,0.0,0.0,0.0,0.0,0.0,0.0,0.0,0.0,0.0,0.0,0.0,0.0,0.0,0.0,0.0,0.0,0.0,0.0,0.0,0.0,0.0,0.0,0.0,0.0,0.0,0.0,0.0,0.0,0.0,0.0,0.0,0.0,0.0,0.0,0.0,0.0,0.0,0.0,0.0,0.0,0.0,0.0,0.0,0.0,0.0,0.0,0.0,0.0,0.0,0.0,0.0,0.0,0.0,0.0,0.0,0.0,5.21e-05,0.0,0.0,0.0,0.0,0.0,0.0,0.0,0.0,0.0,0.0,0.0,0.0,0.0,7.89e-05,0.0,0.0,0.0,0.0,0.0,0.0,0.0,0.0,0.0,0.0,0.0,0.0,0.0,0.0,0.0,0.0,0.0,0.0,0.0,2.9e-05,0.0,0.0,0.0,0.0,0.0,0.0,0.0,0.0,8.11e-05,0.0,0.0,0.0,0.0,0.0,0.0,0.0,0.0,0.0,0.0,0.0,0.0,0.0,0.0,0.0,0.0,0.0,0.0,0.0,0.000187777,0.0,0.0,0.0,0.0,0.0,0.0,0.0,0.0,0.00015605,0.0,0.0,0.0,0.0,0.0,0.0,0.0,0.0,0.0,0.0,0.0,0.0,0.0,0.0,0.000200925,2.63e-05,0.0,0.0,4.98e-05,4.31e-05,0.0,9.38e-05,2.86e-05,2.39e-05,0.0,0.0,0.00013307,0.0,0.000997684,0.0,0.00161835,0.000379809,0.0,0.0,0.00119733,3.88e-05,0.0017079,0.00915389,0.0,0.00166488,0.000179272,0.0,0.00146703,0.0011888,0.000275033,0.00618621,0.0,0.000463567,0.0,5.22e-05,0.0,2.48e-05,0.00113883,0.000210695,0.00087389,0.0,0.0,0.0,0.000358469,0.0,0.0,0.000933925,0.00131493,0.0,0.0,0.0,0.0,0.0,0.0,0.0,0.0,0.0,0.0,0.0,0.0,0.0,0.00015566,0.0,0.0,0.00140432,0.0,0.0,0.00156437,0.0,0.0,0.0,0.0,0.0,2.76e-05,0.0,0.000498465,0.0,0.0,0.0,2.85e-05,0.0,0.0,6.04e-05,4.26e-05,0.0,0.00010296,4.84e-05,0.000984705,0.000430218,0.000196314,3.17e-05,0.000627817,6.09e-05,3.35e-05,0.000367876,0.00270212,7.27e-05,2.27e-05,0.0,0.0,0.000530361,0.0,0.0,0.0,0.0,0.0,0.0,0.0,0.0
Reef 383,0.0,0.0,0.0,0.0,0.0,0.0,0.0,0.0,0.0,0.0,0.0,0.0,0.0,0.0,0.0,0.0,0.0,0.0,0.0,0.0,0.0,0.0,0.0,0.0,0.0,0.0,0.0,0.0,0.0,0.0,0.0,0.0,0.0,0.0,0.0,0.0,0.0,0.0,0.0,0.0,0.0,0.0,0.0,0.0,0.0,0.0,0.0,0.0,0.0,0.0,0.0,0.0,0.0,0.0,0.0,0.0,0.0,0.0,0.0,0.0,0.0,0.0,0.0,0.0,0.0,0.0,0.0,0.0,0.0,0.0,0.0,0.0,0.0,0.0,0.0,0.0,0.0,0.0,0.0,0.0,0.0,0.0,0.0,0.0,0.0,0.0,0.0,0.0,0.0,0.0,0.0,0.0,0.0,0.0,0.0,0.0,0.0,0.0,0.0,0.0,0.0,0.0,0.0,0.0,0.0,0.0,0.0,0.0,0.0,0.0,0.0,0.0,0.0,0.0,0.0,0.0,0.0,0.0,0.0,0.0,0.0,0.0,0.0,0.0,0.0,0.0,0.0,0.0,0.0,0.0,0.0,0.0,0.0,0.0,0.0,0.0,0.0,0.0,0.0,0.0,0.0,0.0,0.0,0.0,0.0,0.0,0.0,0.0,0.0,0.0,0.0,0.0,0.0,0.0,0.0,0.0,0.0,0.0,0.0,0.0,0.0,0.0,0.0,0.0,0.0,0.0,0.0,0.0,0.0,0.0,0.0,0.0,0.0,0.0,0.0,0.0,0.0,0.0,0.0,0.0,0.0,0.0,0.0,0.0,0.0,0.0,0.0,0.0,0.0,0.0,0.0,0.0,0.0,0.0,0.0,0.0,0.0,0.0,0.0,0.0,0.0,0.0,0.0,0.0,0.0,0.0,0.0,0.0,0.0,0.0,0.0,0.0,0.0,0.0,0.0,0.0,0.0,0.0,0.0,0.0,0.0,0.0,0.0,0.0,0.0,0.0,0.0,0.0,0.0,0.0,0.0,0.0,0.0,0.0,0.0,0.0,0.0,0.0,0.0,0.0,0.00268037,0.0,0.0,0.0,0.0,0.0,0.0,0.0,0.0,0.0,0.0,0.0,0.0,0.0,0.0,0.0,0.0,0.0,0.0,0.0,0.0,0.0,0.0,0.0,0.00693124,0.0,0.0,0.0,0.0,0.00187606,0.0,0.0,0.0,0.0,0.0,0.0,0.0,0.0,0.0,0.0,0.0,0.00238372,0.0,0.0,0.0,0.0,0.0,0.0,0.0,0.0,0.0,0.0,0.0,0.0,0.0,0.0,0.0,0.0,0.00166786,0.0,0.0,0.0,0.0,0.0,0.0,0.0,0.0,0.0,0.0,0.0,0.0,0.0,0.0,0.0,0.0,0.0,0.0,0.0,0.0,0.0,0.0,0.0,0.0,0.0,0.0,0.0,0.0,0.0,0.0,0.0,0.0,0.0,0.0,0.0,0.0,0.0,0.0,0.0,0.0,0.0,0.0,0.0,0.0,0.0,0.0,0.0,0.0,0.0,0.0,0.0,0.0,0.0,0.0,0.0,0.0077974,0.0,0.0,0.0,0.0,0.0,0.0,0.0,0.00428697,0.00251612,0.0,0.00426108,0.00422948,0.0,0.0,0.0,0.0,0.00198384,0.00171302,0.0,0.0,0.0,0.0,0.0,0.0,0.0,0.00136752,0.0,0.0,0.00414249,0.0,0.00154593,0.0,0.0,0.0,0.0,0.0,0.0,0.0,0.0,0.00179951,0.010227,0.0,0.0,0.0,0.0,0.0,0.0,0.0,0.0,0.0,0.0,0.0,0.0,0.0,0.0,0.0,0.0,0.0,0.0,0.0,0.0,0.0,0.0,0.0,0.0,0.0,0.0,0.0
Reef 384,0.0,0.0,0.0,0.0,0.0,0.0,0.0,0.0,0.0,0.0,0.0,0.0,0.0,0.0,0.0,0.0,0.0,0.0,0.0,0.0,0.0,0.0,0.0,0.0,0.0,0.0,0.0,0.0,0.0,0.0,0.0,0.0,0.0,0.0,0.0,0.0,0.0,0.0,0.0,0.0,0.0,0.0,0.0,0.0,0.0,0.0,0.0,0.0,0.0,0.0,0.0,0.0,0.0,0.0,0.0,0.0,0.0,0.0,0.0,0.0,0.0,0.0,0.0,0.0,0.0,0.0,0.0,0.0,0.0,0.0,0.0,0.0,0.0,0.0,0.0,0.0,0.0,0.0,0.0,0.0,0.0,0.0,0.0,0.0,0.0,0.0,0.0,0.0,0.0,0.0,0.0,0.0,0.0,0.0,0.0,0.0,0.0,0.0,0.0,0.0,0.0,0.0,0.0,0.0,0.0,0.0,0.0,0.0,0.0,0.0,0.0,0.0,0.0,0.0,0.0,0.0,0.0,0.0,0.0,0.0,0.0,0.0,0.0,0.0,0.0,0.0,0.0,0.0,0.0,0.0,0.0,0.0,0.0,0.0,0.0,0.0,0.0,0.0,0.0,0.0,0.0,0.0,0.0,0.0,0.0,0.0,0.0,0.0,0.0,0.0,0.0,0.0,0.0,0.0,0.0,0.0,0.0,0.0,0.0,5.58e-05,3.05e-05,0.0,0.0,0.0,0.0,2.41e-05,0.000101105,0.0,0.0,0.0,0.0,1.39e-05,0.0,0.0,0.0,0.0,0.0,0.0,0.0,0.0,0.0,0.0,0.0,0.0,0.0,0.000139897,0.0,0.0,0.0,0.0,0.0,0.0,0.0,0.0,0.0,0.0,0.0,0.0,0.0,0.0,1.49e-05,0.0,0.0,0.0,0.0,0.0,0.0,0.0,0.0,9.9e-05,0.0,0.0,2.69e-05,3.67e-05,0.0,0.0,0.0,0.0,0.0,0.0,0.0,0.0,0.0,0.0,3.45e-05,0.0,0.000178702,0.0,0.0,0.0,1.9e-05,0.0,0.0,8.67e-06,0.0,0.0,0.0,0.0,9.51e-05,0.0,0.000917252,9.78e-05,0.0,0.0,0.0,0.0,0.0,3.05e-05,2.41e-05,0.0,3.4e-05,0.0,3.86e-05,1.99e-05,0.0,0.0,0.0,6.23e-05,0.000133024,2.17e-05,0.000241097,5.24e-05,0.0,0.0,0.00181947,3.3e-05,0.000522733,7.27e-05,0.0,0.000829106,1.11e-05,0.000345862,0.000318664,0.000119562,0.0,0.000112639,0.000192455,5.17e-05,0.0,6.05e-05,0.0,0.00115024,0.000181751,7.92e-05,0.0,0.0,0.0,0.0,0.0,0.000199672,0.0,0.0,0.0,0.0,0.0,0.0,0.0,2.12e-05,0.000503377,0.0,0.0,0.0,0.0,0.0,0.0,0.0,0.0,0.0,0.0,0.0,0.0,0.0,0.0,0.0,0.0,0.0,0.0,0.0,0.0,0.000114986,0.0,0.0,0.0,0.0,0.0,0.0,0.0,0.0,0.0,0.0,0.0,0.0,0.0,0.0,0.0,0.0,0.0,0.0,0.0,0.0,0.0,0.0,0.0,0.0,0.0,0.0,0.0,0.0,0.0,0.0,0.0,0.0,0.0,0.0,0.00332446,0.0,0.0,0.0,0.0,0.0,0.0,0.0,0.00318353,0.00358805,0.0,0.000240944,0.0133706,0.0,0.000129011,0.0,0.0,8.93e-06,1.17e-05,0.000451376,0.0,0.0,0.0,0.0,0.0,1.21e-05,5.03e-05,0.0,0.0,0.0272354,0.00149196,6.21e-05,0.0,0.0,0.0,0.0,2.04e-05,0.0,0.0,0.0,3.82e-05,0.00017456,0.0,0.0,0.0,0.0,0.0,0.0,0.0,0.0,0.0,0.0,0.0,0.0,0.0,0.0,0.0,0.0,0.0,0.0,0.0,0.0,0.0,0.0,0.0,0.0,0.0,0.0,0.0
Reef 385,0.0,0.0,0.0,0.0,0.0,0.0,0.0,0.0,0.0,0.0,0.0,0.0,0.0,0.0,0.0,0.0,0.0,0.0,0.0,0.0,0.0,0.0,0.0,0.0,0.0,0.0,0.0,0.0,0.0,0.0,0.0,0.0,0.0,0.0,0.0,0.0,0.0,0.0,0.0,0.0,0.0,0.0,0.0,0.0,0.0,0.0,0.0,0.0,0.0,0.0,0.0,0.0,0.0,0.0,0.0,0.0,0.0,0.0,0.0,0.0,0.0,0.0,0.0,0.0,0.0,0.0,0.0,0.0,0.0,0.0,0.0,0.0,0.0,0.0,0.0,0.0,0.0,0.0,0.0,0.0,0.0,0.0,0.0,0.0,0.0,0.0,0.0,0.0,0.0,0.0,0.0,0.0,0.0,0.0,0.0,0.0,0.0,0.0,0.0,0.0,0.0,0.0,0.0,0.0,0.0,0.0,0.0,0.0,0.0,0.0,0.0,0.0,0.0,0.0,0.0,0.0,0.0,0.0,0.0,0.0,0.0,0.0,0.0,0.0,0.0,0.0,0.0,0.0,0.0,0.0,0.0,0.0,0.0,0.0,0.0,0.0,0.0,0.0,0.0,0.0,0.0,0.0,0.0,0.0,0.0,0.0,0.0,0.0,0.0,0.0,0.0,0.0,0.0,0.0,0.0,0.0,0.0,0.0,0.0,3.26e-05,1.89e-05,0.0,0.0,0.0,0.0,1.41e-05,5.91e-05,0.0,0.0,0.0,0.0,8.66e-06,0.0,0.0,0.0,4.32e-06,0.0,0.0,0.0,0.0,0.0,0.0,0.0,0.0,0.0,8.49e-05,0.0,0.0,0.0,0.0,0.0,0.0,0.0,0.0,0.0,0.0,0.0,0.0,0.0,0.0,9.23e-06,0.0,0.0,0.0,0.0,0.0,0.0,0.0,0.0,6.81e-05,0.0,0.0,1.47e-05,3.04e-05,0.0,0.0,0.0,0.0,0.0,0.0,0.0,0.0,0.0,0.0,3.26e-05,0.0,0.000128479,2.27e-06,0.0,0.0,1.89e-05,0.0,0.0,1.25e-05,0.0,0.0,0.0,0.0,5.8e-05,0.0,0.000699721,7.58e-05,0.0,0.0,0.0,0.0,0.0,2.42e-05,3.14e-05,0.0,2.06e-05,0.0,2.49e-05,2.77e-05,0.0,3.4e-06,7.9e-06,8.73e-05,7.95e-05,1.69e-05,0.000175719,5.77e-05,6.6e-06,0.0,0.00130824,3.03e-05,0.000789455,0.000101898,0.0,0.000840426,1.56e-05,0.000192603,0.000274642,6.17e-05,0.0,9.77e-05,0.000200052,2.93e-05,0.0,5.54e-05,8.68e-06,0.00122758,0.000264111,4.91e-05,5.68e-06,0.0,0.0,0.0,0.0,0.000191977,0.0,0.0,0.0,2.76e-06,0.0,0.0,0.0,2.17e-05,0.00050118,0.0,0.0,0.0,0.0,0.0,0.0,0.0,0.0,0.0,0.0,0.0,0.0,0.0,0.0,0.0,0.0,0.0,0.0,0.0,0.0,5.89e-05,0.0,0.0,0.0,0.0,0.0,0.0,0.0,0.0,0.0,0.0,0.0,0.0,0.0,0.0,0.0,0.0,0.0,0.0,0.0,0.0,0.0,0.0,0.0,0.0,0.0,0.0,0.0,0.0,0.0,0.0,0.0,0.0,0.0,0.0,0.00449207,0.0,0.0,0.0,0.0,0.0,0.0,0.0,0.00459601,0.00377768,0.0,0.000370585,2.7e-06,0.0,5.17e-05,0.0,0.0,1.59e-05,1.93e-05,0.00012873,0.0,0.0,4.26e-06,0.0,0.0,0.00133145,6.84e-05,0.0,0.0,0.0282748,0.031312,0.000116186,0.0,0.0,0.0,0.0,3.96e-05,0.0,0.0,0.0,6.65e-05,5.85e-06,0.0,0.0,0.0,0.0,0.0,0.0,0.0,0.0,0.0,0.0,0.0,0.0,0.0,0.0,0.0,0.0,0.0,0.0,0.0,0.0,0.0,0.0,0.0,0.0,0.0,0.0,0.0
Reef 386,0.0,0.0,0.0,0.0,0.0,0.0,0.0,0.0,0.0,0.0,0.0,0.0,0.0,0.0,0.0,0.0,0.0,0.0,0.0,0.0,0.0,0.0,0.0,0.0,0.0,0.0,0.0,0.0,0.0,0.0,0.0,0.0,0.0,0.0,0.0,0.0,0.0,0.0,0.0,0.0,0.0,0.0,0.0,0.0,0.0,0.0,0.0,0.0,0.0,0.0,0.0,0.0,0.0,0.0,0.0,0.0,0.0,0.0,0.0,0.0,0.0,0.0,0.0,0.0,0.0,0.0,0.0,0.0,0.0,0.0,0.0,0.0,0.0,0.0,0.0,0.0,0.0,0.0,0.0,0.0,0.0,0.0,0.0,0.0,0.0,0.0,0.0,0.0,0.0,0.0,0.0,0.0,0.0,0.0,0.0,0.0,0.0,0.0,0.0,0.0,0.0,0.0,0.0,0.0,0.0,0.0,0.0,0.0,0.0,0.0,0.0,0.0,0.0,0.0,0.0,0.0,0.0,0.0,0.0,0.0,0.0,0.0,0.0,0.0,0.0,0.0,0.0,0.0,0.0,0.0,0.0,0.0,0.0,0.0,0.0,0.0,0.0,0.0,0.0,0.0,0.0,0.0,0.0,0.0,0.0,0.0,0.0,0.0,0.0,0.0,0.0,0.0,0.0,0.0,0.0,0.0,0.0,0.0,0.0,6.13e-05,3.59e-05,0.0,0.0,0.0,0.0,2.76e-05,0.000114622,0.0,0.0,0.0,0.0,1.66e-05,0.0,0.0,0.0,8.22e-06,0.0,0.0,0.0,0.0,0.0,4.2e-06,0.0,0.0,0.0,0.000149146,0.0,0.0,0.0,0.0,0.0,0.0,0.0,0.0,0.0,0.0,0.0,0.0,0.0,0.0,1.71e-05,0.0,0.0,0.0,0.0,0.0,0.0,0.0,0.0,0.000103021,0.0,4.09e-06,1.92e-05,3.08e-05,0.0,0.0,0.0,0.0,0.0,0.0,0.0,0.0,0.0,0.0,3.07e-05,0.0,0.000558361,3.94e-06,0.0,0.0,1.12e-05,0.0,0.0,0.0,0.0,0.0,0.0,0.0,0.0,0.0,0.0012759,9.19e-05,0.0,0.0,0.0,0.0,0.0,3.07e-05,0.0,0.0,0.0,0.0,6.24e-05,0.0,0.0,0.0,0.0,0.0,0.0,2.85e-05,0.000610365,1.82e-05,3.82e-06,0.0,0.00333255,3.94e-05,3.82e-06,0.0,0.0,0.000857582,0.0,0.0,0.000416872,0.0,0.0,0.000228376,0.000219682,0.0,0.0,0.000115371,0.0,0.00156637,1.09e-05,0.0,0.0,0.0,0.0,0.0,0.0,0.000181287,0.0,0.0,0.0,0.0,0.0,0.0,0.0,1.54e-05,0.000225123,0.0,0.0,0.0,0.0,0.0,0.0,0.0,0.0,0.0,0.0,0.0,0.0,0.0,0.0,0.0,0.0,0.0,0.0,0.0,0.0,0.0,0.0,0.0,0.0,0.0,0.0,0.0,0.0,0.0,0.0,0.0,0.0,0.0,0.0,0.0,0.000450318,0.0,0.000246546,0.0,0.0,0.0,0.0,0.000181051,0.0,0.0,4.92e-05,0.0,0.0,0.0,0.0,0.0,0.0,0.0,0.0,0.0,0.00546447,0.0,1.9e-05,0.0,9.39e-05,3.82e-05,0.0,0.0,0.0137619,0.00184696,0.0,0.00142674,0.00310603,0.0,0.0,0.000517537,1.73e-05,0.00016643,0.00040689,0.0,0.0,2.44e-05,0.0,0.0,9.77e-06,0.0,0.0,0.0,0.0,0.0,0.0,0.00832003,0.0,0.0,0.0,0.0,2.39e-06,0.0,4.82e-05,0.0,0.0,0.0,0.0,0.0,0.0,0.0,0.0,0.0,0.0,0.0,0.0,0.0,0.0,0.0,0.0,0.0,0.0,0.0,0.0,0.0,0.0,0.0,0.0,0.0,0.0,0.0,0.0,0.0,0.0
Reef 387,0.0,0.0,0.0,0.0,0.0,0.0,0.0,0.0,0.0,0.0,0.0,0.0,0.0,0.0,0.0,0.0,0.0,0.0,0.0,0.0,0.0,0.0,0.0,0.0,0.0,0.0,0.0,0.0,0.0,0.0,0.0,0.0,0.0,0.0,0.0,0.0,0.0,0.0,0.0,0.0,0.0,0.0,0.0,0.0,0.0,0.0,0.0,0.0,0.0,0.0,0.0,0.0,0.0,0.0,0.0,0.0,0.0,0.0,0.0,0.0,0.0,0.0,0.0,0.0,0.0,0.0,0.0,0.0,0.0,0.0,0.0,0.0,0.0,0.0,0.0,0.0,0.0,0.0,0.0,0.0,0.0,0.0,0.0,0.0,0.0,0.0,0.0,0.0,0.0,0.0,0.0,0.0,0.0,0.0,0.0,0.0,0.0,0.0,0.0,0.0,0.0,0.0,0.0,0.0,0.0,0.0,0.0,0.0,0.0,0.0,0.0,0.0,0.0,0.0,0.0,0.0,0.0,0.0,0.0,0.0,0.0,0.0,0.0,0.0,0.0,0.0,0.0,0.0,0.0,0.0,0.0,0.0,0.0,0.0,0.0,0.0,0.0,0.0,0.0,0.0,0.0,0.0,0.0,0.0,0.0,0.0,0.0,0.0,0.0,0.0,0.0,0.0,0.0,0.0,0.0,0.0,0.0,0.0,0.0,0.000102693,0.0,0.0,0.0,0.0,0.0,0.0,0.000186409,0.0,0.0,0.0,0.0,0.0,6.3e-05,0.0,0.0,0.0,0.0,0.0,0.0,0.0,0.0,0.0,0.0,0.0,0.0,0.000217191,0.0,0.0,0.0,0.0,0.0,0.0,0.0,0.0,0.0,0.0,0.0,0.0,0.0,0.0,0.0,0.0,0.0,0.0,0.0,0.0,0.0,0.0,0.0,0.000165179,0.0,0.0,7.98e-05,5.96e-05,0.0,0.0,0.0,0.0,0.0,0.0,0.0,0.0,0.0,0.0,0.0,0.0,0.000380621,0.0,0.0,0.0,0.000461674,0.0,0.0,0.000172905,0.0,0.0,0.0,0.0,0.000192159,0.0,0.000900201,0.000141653,0.0,0.0,6e-05,0.0,0.0,0.0,0.000128666,0.0,7.14e-05,0.0,5.11e-05,0.000103165,5.08e-05,0.0,0.0,0.000138595,0.000314465,0.0,0.000458254,9.77e-05,0.0,0.0,0.00244796,5.68e-05,0.000838771,0.00050965,0.0,0.00110516,5.89e-05,0.000602903,0.000294806,0.00302829,0.0,0.000146015,0.000166434,0.000117444,0.00107792,7.29e-05,0.0,0.00101113,0.00035645,0.000208705,0.0,0.000199967,0.000559715,0.0,0.0,0.000162978,0.0,0.0,0.0,0.000120596,0.00147751,0.0017696,0.0,0.0,0.000780179,0.0,8.44e-05,0.000652049,0.0,0.000242915,0.00021859,0.0,0.0,0.0,0.0,0.0,0.0,0.0,0.0,0.0,0.0,4.82e-05,0.000140443,0.0,0.0,0.000225132,0.0,0.0,0.0,0.000183798,0.000209115,0.0,0.000219354,0.0,0.0,0.0,0.0,5.15e-05,0.00170314,0.0,0.0,0.0,0.0,0.0,0.0,0.0,0.000171306,0.0,0.0,0.0,0.0,0.0,0.0,5.6e-05,0.0,0.000404912,0.0,0.0,0.0,0.0,0.000525706,0.00721785,0.0,0.0,0.0,0.0,0.0,0.0,0.000132078,7.69e-05,0.00733351,9.54e-05,8.05e-05,0.0,0.0,0.0,0.0,0.000257698,0.0,0.0,9e-05,0.0,0.0,0.0,0.0,0.0,0.0,0.0,0.0,0.0,0.0,0.0,9.46e-05,0.0,0.0,0.0,0.0,0.0,0.0,0.0,0.0,0.0,0.0,0.0,0.0,0.0,0.0,0.0,0.0,0.0,0.0,0.0,0.0,0.0,0.0,0.0,0.0,0.0,0.0,0.0,0.0,0.0,0.0,0.0,0.0,0.0,0.0,0.0,0.0
Reef 388,0.0,0.0,0.0,0.0,0.0,0.0,0.0,0.0,0.0,0.0,0.0,0.0,0.0,0.0,0.0,0.0,0.0,0.0,0.0,0.0,0.0,0.0,0.0,0.0,0.0,0.0,0.0,0.0,0.0,0.0,0.0,0.0,0.0,0.0,0.0,0.0,0.0,0.0,0.0,0.0,0.0,0.0,0.0,0.0,0.0,0.0,0.0,0.0,0.0,0.0,0.0,0.0,0.0,0.0,0.0,0.0,0.0,0.0,0.0,0.0,0.0,0.0,0.0,0.0,0.0,0.0,0.0,0.0,0.0,0.0,0.0,0.0,0.0,0.0,0.0,0.0,0.0,0.0,0.0,0.0,0.0,0.0,0.0,0.0,0.0,0.0,0.0,0.0,0.0,0.0,0.0,0.0,0.0,0.0,0.0,0.0,0.0,0.0,0.0,0.0,0.0,0.0,0.0,0.0,0.0,0.0,0.0,0.0,0.0,0.0,0.0,0.0,0.0,0.0,0.0,0.0,0.0,0.0,0.0,0.0,0.0,0.0,0.0,0.0,0.0,0.0,0.0,0.0,0.0,0.0,0.0,0.0,0.0,0.0,0.0,0.0,0.0,0.0,0.0,0.0,0.0,0.0,0.0,0.0,0.0,0.0,0.0,0.0,0.0,0.0,0.0,0.0,0.0,0.0,0.0,0.0,0.0,0.0,0.0,0.0,0.0,0.0,0.0,0.0,0.0,0.0,0.0,0.0,0.0,0.0,0.0,0.0,0.0,0.0,0.0,0.0,0.0,0.0,0.0,0.0,0.0,0.0,0.0,0.0,0.0,0.0,0.0,0.0,0.0,0.0,0.0,0.0,0.0,0.0,0.0,0.0,0.0,0.0,0.0,0.0,0.0,0.0,0.0,0.0,0.0,0.0,0.0,0.0,0.0,0.0,0.0,0.0,0.0,0.0,0.0,0.0,0.0,0.0,0.0,0.0,0.0,0.0,0.0,0.0,0.0,0.0,5.75e-05,0.0,0.0,0.0,0.0,0.0,0.0,0.0,0.0,0.0,0.0,0.0,0.0,0.0,9.07e-05,0.0,0.0,0.0,0.0,0.0,0.0,0.0,0.0,0.0,0.0,0.0,0.0,0.0,0.0,0.0,0.0,0.0,0.0,0.0,0.0,0.0,0.0,0.0,0.0,0.0,0.0,0.0,0.0,8.49e-05,0.0,0.0,0.0,0.0,0.0,0.0,0.0,0.0,0.0,0.0,0.0,0.0,0.0,0.0,0.0,0.0,0.0,0.0,0.0,0.000225319,0.0,0.0,0.0,0.0,0.0,0.0,0.0,0.0,0.000209072,0.0,0.0,0.0,0.0,0.0,0.0,0.0,0.0,0.0,0.0,0.0,0.0,0.0,0.0,0.000198904,0.0,0.0,0.0,4.91e-05,0.0,0.0,9.21e-05,0.0,0.0,0.0,0.0,0.000137888,0.0,0.00106511,0.0,0.00168659,0.000397486,0.0,0.0,0.00124465,0.00795847,0.00175076,0.0096073,0.0,0.00173178,0.00018667,0.0,0.00152654,0.00125313,0.000286285,0.00652641,0.0,0.000490059,0.0,0.0,0.0,0.0,0.00116821,0.000205702,0.000907086,0.0,0.0,0.0,0.000367348,0.0,0.0,0.000959011,0.00133739,0.0,0.0,0.0,0.0,0.0,0.0,0.0,0.0,0.0,0.0,0.0,0.0,0.0,0.00026084,0.0,0.0,0.00225574,0.0,0.0,0.000936897,0.0,0.0,0.0,0.0,0.0,4.25e-05,0.0,0.00407384,0.0,0.0,0.0,0.000231028,0.0,0.0,4.9e-05,4.35e-05,0.0,0.000103518,3.78e-05,5.46e-05,8.45e-05,0.00714397,0.0,0.00824808,0.00196953,0.000547157,0.000364142,0.00264265,0.00204614,0.000340982,5.13e-05,0.0,0.000496527,0.000251017,0.0,0.0,0.0,0.0,0.0,0.0,0.0
Reef 389,0.0,0.0,0.0,0.0,0.0,0.0,0.0,0.0,0.0,0.0,0.0,0.0,0.0,0.0,0.0,0.0,0.0,0.0,0.0,0.0,0.0,0.0,0.0,0.0,0.0,0.0,0.0,0.0,0.0,0.0,0.0,0.0,0.0,0.0,0.0,0.0,0.0,0.0,0.0,0.0,0.0,0.0,0.0,0.0,0.0,0.0,0.0,0.0,0.0,0.0,0.0,0.0,0.0,0.0,0.0,0.0,0.0,0.0,0.0,0.0,0.0,0.0,0.0,0.0,0.0,0.0,0.0,0.0,0.0,0.0,0.0,0.0,0.0,0.0,0.0,0.0,0.0,0.0,0.0,0.0,0.0,0.0,0.0,0.0,0.0,0.0,0.0,0.0,0.0,0.0,0.0,0.0,0.0,0.0,0.0,0.0,0.0,0.0,0.0,0.0,0.0,0.0,0.0,0.0,0.0,0.0,0.0,0.0,0.0,0.0,0.0,0.0,0.0,0.0,0.0,0.0,0.0,0.0,0.0,0.0,0.0,0.0,0.0,0.0,0.0,0.0,0.0,0.0,0.0,0.0,0.0,0.0,0.0,0.0,0.0,0.0,0.0,0.0,0.0,0.0,0.0,0.0,0.0,0.0,0.0,0.0,0.0,0.0,0.0,0.0,0.0,0.0,0.0,0.0,0.0,0.0,0.0,0.0,0.0,0.0,0.0,0.0,0.0,0.0,0.0,0.0,0.000326433,0.0,0.0,0.0,0.0,0.0,0.0,0.0,0.0,0.0,0.0,0.0,0.0,0.0,0.0,0.0,0.0,0.0,0.0,0.000398341,0.0,0.0,0.0,0.0,0.0,0.0,0.0,0.0,0.0,0.0,0.0,0.0,0.0,0.0,0.0,0.0,0.0,0.0,0.0,0.0,0.0,0.0,0.0,0.0,0.0,0.0,0.0,0.0,0.0,0.0,0.0,0.0,0.0,0.0,0.0,0.0,0.0,0.0,0.0,0.0,0.000715545,0.0,0.0,0.0,0.0,0.0,0.0,0.0,0.0,0.0,0.0,0.0,0.0,0.0,0.00235597,0.0,0.0,0.0,0.0,0.0,0.0,0.0,0.0,0.0,0.0,0.0,0.0,0.0,0.0,0.0,0.0,0.0,0.0,0.0,0.000951302,0.0,0.0,0.0,0.00582068,0.0,0.0,0.0,0.0,0.00150515,0.0,0.0,0.000738874,0.0,0.0,0.000331221,0.000371001,0.0,0.0,0.0,0.0,0.00227897,0.0,0.0,0.0,0.0,0.0,0.0,0.0,0.000360621,0.0,0.0,0.0,0.0,0.0,0.0,0.0,0.0,0.00136297,0.0,0.0,0.0,0.0,0.0,0.0,0.0,0.0,0.0,0.0,0.0,0.0,0.0,0.0,0.0,0.0,0.0,0.0,0.0,0.0,0.0,0.0,0.0,0.0,0.0,0.0,0.0,0.0,0.0,0.0,0.0,0.0,0.0,0.0,0.0,0.0,0.0,0.0,0.0,0.0,0.0,0.0,0.0,0.0,0.0,0.0,0.0,0.0,0.0,0.0,0.0,0.0,0.0,0.0,0.0,0.00994028,0.0,0.0,0.0,0.0,0.0,0.0,0.0,0.0046459,0.00128014,0.0,0.000658372,0.000956248,0.0,0.0,0.0,0.0,0.000429048,0.000692117,0.0,0.0,0.0,0.0,0.0,0.0,0.0,0.00108064,0.0,0.0,0.00155195,0.0,0.00194985,0.0,0.0,0.0003497,0.0,0.00988687,0.0,0.000416831,0.0,0.0,0.00325599,0.0,0.0,0.0,0.0,0.0,0.0,0.0,0.0,0.0,0.0,0.0,0.0,0.0,0.0,0.0,0.0,0.0,0.0,0.0,0.0,0.0,0.0,0.0,0.0,0.0,0.0,0.0
Reef 390,0.0,0.0,0.0,0.0,0.0,0.0,0.0,0.0,0.0,0.0,0.0,0.0,0.0,0.0,0.0,0.0,0.0,0.0,0.0,0.0,0.0,0.0,0.0,0.0,0.0,0.0,0.0,0.0,0.0,0.0,0.0,0.0,0.0,0.0,0.0,0.0,0.0,0.0,0.0,0.0,0.0,0.0,0.0,0.0,0.0,0.0,0.0,0.0,0.0,0.0,0.0,0.0,0.0,0.0,0.0,0.0,0.0,0.0,0.0,0.0,0.0,0.0,0.0,0.0,0.0,0.0,0.0,0.0,0.0,0.0,0.0,0.0,0.0,0.0,0.0,0.0,0.0,0.0,0.0,0.0,0.0,0.0,0.0,0.0,0.0,0.0,0.0,0.0,0.0,0.0,0.0,0.0,0.0,0.0,0.0,0.0,0.0,0.0,0.0,0.0,0.0,0.0,0.0,0.0,0.0,0.0,0.0,0.0,0.0,0.0,0.0,0.0,0.0,0.0,0.0,0.0,0.0,0.0,0.0,0.0,0.0,0.0,0.0,0.0,0.0,0.0,0.0,0.0,0.0,0.0,0.0,0.0,0.0,0.0,0.0,0.0,0.0,0.0,0.0,0.0,0.0,0.0,0.0,0.0,0.0,0.0,0.0,0.0,0.0,0.0,0.0,0.0,0.0,0.0,0.0,0.0,0.0,0.0,0.0,0.0,0.0,0.0,0.0,0.0,0.0,0.0,0.0,0.0,0.0,0.0,0.0,0.0,0.0,0.0,0.0,0.0,0.0,0.0,0.0,0.0,0.0,0.0,0.0,0.0,0.0,0.0,0.0,0.0,0.0,0.0,0.0,0.0,0.0,0.0,0.0,0.0,0.0,0.0,0.0,0.0,0.0,0.0,0.0,0.0,0.0,0.0,0.0,0.0,0.0,0.0,0.0,0.0,0.0,0.0,0.0,0.0,0.0,0.0,0.0,0.0,0.0,0.0,0.0,0.0,0.0,0.0,6.55e-05,0.0,0.0,0.0,0.0,0.0,0.0,0.0,0.0,0.0,0.0,0.0,0.0,0.0,7.17e-05,0.0,0.0,0.0,0.0,0.0,0.0,0.0,0.0,0.0,0.0,0.0,0.0,0.0,0.0,0.0,0.0,0.0,0.0,0.0,0.0,0.0,0.0,0.0,0.0,0.0,0.0,0.0,0.0,6.42e-05,0.0,0.0,0.0,0.0,0.0,0.0,0.0,0.0,0.0,0.0,0.0,0.0,0.0,0.0,0.0,0.0,0.0,0.0,0.0,0.000187926,0.0,0.0,0.0,0.0,0.0,0.0,0.0,0.0,0.000210977,0.0,0.0,0.0,0.0,0.0,0.0,0.0,0.0,0.0,0.0,0.0,0.0,0.0,0.0,0.000208668,0.0,0.0,0.0,0.0,0.0,0.0,9.49e-05,0.0,0.0,0.0,0.0,0.000149778,0.0,0.0011809,0.0,0.00183549,0.000431,0.0,0.0,0.00134236,0.00873349,0.00186362,0.010412,0.0,0.00187314,0.000202085,0.0,0.00150517,0.00135659,0.000307937,0.0068627,0.0,0.000526581,0.0,0.0,0.0,0.0,0.00110813,0.000203057,0.000855669,0.0,0.0,0.0,0.000376689,0.0,0.0,0.000983186,0.00120291,0.0,0.0,0.0,0.0,0.0,0.0,0.0,0.0,0.0,0.0,0.0,0.0,0.0,0.000283231,0.0,0.0,0.00231161,0.0,0.0,0.000781029,0.0,0.0,0.0,0.0,0.0,0.000116868,0.0,0.00213297,0.0,0.0,0.0,0.000302302,0.0,0.0,0.0815118,0.0,0.0,9.57e-05,0.0664419,0.000107973,0.000146447,0.0135681,0.0,0.0105441,0.00359191,0.000757679,0.000312039,0.00223678,0.00354875,0.000463931,7.93e-05,0.0,0.000343935,0.000405288,0.0,0.0,0.0,0.0,0.0,0.0,0.0
Reef 391,0.0,0.0,0.0,0.0,0.0,0.0,0.0,0.0,0.0,0.0,0.0,0.0,0.0,0.0,0.0,0.0,0.0,0.0,0.0,0.0,0.0,0.0,0.0,0.0,0.0,0.0,0.0,0.0,0.0,0.0,0.0,0.0,0.0,0.0,0.0,0.0,0.0,0.0,0.0,0.0,0.0,0.0,0.0,0.0,0.0,0.0,0.0,0.0,0.0,0.0,0.0,0.0,0.0,0.0,0.0,0.0,0.0,0.0,0.0,0.0,0.0,0.0,0.0,0.0,0.0,0.0,0.0,0.0,0.0,0.0,0.0,0.0,0.0,0.0,0.0,0.0,0.0,0.0,0.0,0.0,0.0,0.0,0.0,0.0,0.0,0.0,0.0,0.0,0.0,0.0,0.0,0.0,0.0,0.0,0.0,0.0,0.0,0.0,0.0,0.0,0.0,0.0,0.0,0.0,0.0,0.0,0.0,0.0,0.0,0.0,0.0,0.0,0.0,0.0,0.0,0.0,0.0,0.0,0.0,0.0,0.0,0.0,0.0,0.0,0.0,0.0,0.0,0.0,0.0,0.0,0.0,0.0,0.0,0.0,0.0,0.0,0.0,0.0,0.0,0.0,0.0,0.0,0.0,0.0,0.0,0.0,0.0,0.0,0.0,0.0,0.0,0.0,0.0,0.0,0.0,0.0,0.0,0.0,0.0,0.0,0.0,0.0,0.0,0.0,0.0,0.0,2.81e-05,0.0,0.0,0.0,0.0,0.0,0.0,0.0,0.0,0.0,0.0,0.0,0.0,0.0,0.0,0.0,0.0,0.0,0.0,4.25e-05,0.0,0.0,0.0,0.0,0.0,0.0,0.0,0.0,0.0,0.0,0.0,0.0,0.0,0.0,0.0,0.0,0.0,0.0,0.0,0.0,0.0,0.0,0.0,3.02e-05,0.0,0.0,0.0,0.0,0.0,0.0,0.0,0.0,0.0,0.0,0.0,0.0,0.0,0.0,0.0,0.0,0.000123554,0.0,0.0,0.0,0.0,0.0,0.0,0.0,0.0,0.0,0.0,0.0,0.0,0.0,0.000498849,4.64e-05,0.0,0.0,0.0,0.0,0.0,0.0,0.0,0.0,0.0,0.0,0.0,0.0,0.0,0.0,0.0,0.0,0.0,0.0,0.000176242,2.98e-05,0.0,0.0,0.000875428,2.07e-05,3e-05,0.0,0.0,0.000581857,0.0,0.0,0.000124377,0.0,0.0,5.93e-05,6.54e-05,0.0,0.0,3.12e-05,0.0,0.000439402,0.0,0.0,0.0,0.0,0.0,0.0,0.0,9.66e-05,0.0,0.0,0.0,0.0,0.0,0.0,0.0,0.0,0.00031651,0.0,0.0,0.0,0.0,0.0,0.0,0.0,0.0,0.0,0.0,0.0,0.0,0.0,0.0,0.0,0.0,0.0,0.0,0.0,0.0,0.0,0.0,0.0,0.0,0.0,0.0,0.0,0.0,0.0,0.0,0.0,0.0,0.0,0.0,0.0,0.0,0.0,0.0,0.0,0.0,0.0,0.0,0.0,0.0,0.0,0.0,0.0,0.0,0.0,0.0,0.0,0.0,0.0,0.0,0.0,0.00026559,0.0,0.0,0.0,0.0,0.0,0.0,0.0,0.000725508,0.000424857,0.0,4.36e-05,0.000239937,0.0,0.0,0.0,0.0,0.00104458,0.000225773,0.0,0.0,0.0,0.0,0.0,0.0,0.0,8.92e-05,0.0,0.0,1.88e-05,0.0,0.000542928,0.0,0.0,0.0,0.0,0.0231196,0.0,4.55e-05,0.0,0.0,2.21e-05,0.0,0.0,0.0,0.0,0.0,0.0,0.0,0.0,0.0,0.0,0.0,0.0,0.0,0.0,0.0,0.0,0.0,0.0,0.0,0.0,0.0,0.0,0.0,0.0,0.0,0.0,0.0
Reef 392,0.0,0.0,0.0,0.0,0.0,0.0,0.0,0.0,0.0,0.0,0.0,0.0,0.0,0.0,0.0,0.0,0.0,0.0,0.0,0.0,0.0,0.0,0.0,0.0,0.0,0.0,0.0,0.0,0.0,0.0,0.0,0.0,0.0,0.0,0.0,0.0,0.0,0.0,0.0,0.0,0.0,0.0,0.0,0.0,0.0,0.0,0.0,0.0,0.0,0.0,0.0,0.0,0.0,0.0,0.0,0.0,0.0,0.0,0.0,0.0,0.0,0.0,0.0,0.0,0.0,0.0,0.0,0.0,0.0,0.0,0.0,0.0,0.0,0.0,0.0,0.0,0.0,0.0,0.0,0.0,0.0,0.0,0.0,0.0,0.0,0.0,0.0,0.0,0.0,0.0,0.0,0.0,0.0,0.0,0.0,0.0,0.0,0.0,0.0,0.0,0.0,0.0,0.0,0.0,0.0,0.0,0.0,0.0,0.0,0.0,0.0,0.0,0.0,0.0,0.0,0.0,0.0,0.0,0.0,0.0,0.0,0.0,0.0,0.0,0.0,0.0,0.0,0.0,0.0,0.0,0.0,0.0,0.0,0.0,0.0,0.0,0.0,0.0,0.0,0.0,0.0,0.0,0.0,0.0,0.0,0.0,0.0,0.0,0.0,0.0,0.0,0.0,0.0,0.0,0.0,0.0,0.0,0.0,0.0,0.000254886,0.00011688,0.0,0.0,0.0,0.0,0.000111318,0.000463542,0.0,0.0,0.0,0.0,5.26e-05,0.0,0.0,0.0,0.0,0.0,0.0,0.0,0.0,0.0,0.0,0.0,0.0,0.0,0.000553519,0.0,0.0,0.0,0.0,0.0,0.0,0.0,0.0,0.0,0.0,0.0,0.0,0.0,0.0,5.74e-05,0.0,0.0,0.0,0.0,0.0,0.0,0.0,0.0,0.000371006,0.0,0.0,0.000136789,0.000121519,0.0,0.0,0.0,0.0,0.0,0.0,0.0,0.0,0.0,0.0,8.8e-05,0.0,0.000825292,0.0,0.0,0.0,0.0,0.0,0.0,0.0,0.0,0.0,0.0,0.0,0.0,0.0,0.0029223,0.000322907,0.0,0.0,0.0,0.0,0.0,9.7e-05,0.0,0.0,0.0,0.0,0.000156368,0.0,0.0,0.0,0.0,0.0,0.0,7.27e-05,0.00109186,7.69e-05,0.0,0.0,0.00715989,8.49e-05,0.000133278,6.54e-05,0.0,0.0018195,0.0,0.000103418,0.000902286,0.000121925,0.0,0.000380623,0.000445499,0.0,0.0,0.000183481,0.0,0.00257939,6.75e-05,0.0,0.0,0.0,0.0,0.0,0.0,0.00046187,0.0,0.0,0.0,0.0,0.0,0.0,0.0,6.11e-05,0.00158759,0.0,0.0,0.0,0.0,0.0,0.0,0.0,0.0,0.0,0.0,0.0,0.0,0.0,0.0,0.0,0.0,0.0,0.0,0.0,0.0,0.0,0.0,0.0,0.0,0.0,0.0,0.0,0.0,0.0,0.0,0.0,0.0,0.0,0.0,0.0,0.0,0.0,0.0,0.0,0.0,0.0,0.0,0.0,0.0,0.0,0.0,0.0,0.0,0.0,0.0,0.0,0.0,0.0,0.0,0.0,0.00821128,0.0,0.0,0.0,0.0,0.0,0.0,0.0,0.0049178,0.00183897,0.0,0.000462583,0.000188314,0.0,0.0,0.0,0.0,0.000819023,0.000339184,0.0,0.0,0.0,0.0,0.0,0.0,0.0,0.00053685,0.0,7.92e-05,0.00220269,0.0,6.54e-05,0.0,0.0,0.0,0.0,6.35e-05,0.00207973,0.000364799,0.0,0.000509742,0.00725337,0.0,0.0,0.0,0.0,0.0,0.0,0.0,0.0,0.0,0.0,0.0,0.0,0.0,0.0,0.0,0.0,0.0,0.0,0.0,0.0,0.0,0.0,0.0,0.0,0.0,0.0,0.0
Reef 393,0.0,0.0,0.0,0.0,0.0,0.0,0.0,0.0,0.0,0.0,0.0,0.0,0.0,0.0,0.0,0.0,0.0,0.0,0.0,0.0,0.0,0.0,0.0,0.0,0.0,0.0,0.0,0.0,0.0,0.0,0.0,0.0,0.0,0.0,0.0,0.0,0.0,0.0,0.0,0.0,0.0,0.0,0.0,0.0,0.0,0.0,0.0,0.0,0.0,0.0,0.0,0.0,0.0,0.0,0.0,0.0,0.0,0.0,0.0,0.0,0.0,0.0,0.0,0.0,0.0,0.0,0.0,0.0,0.0,0.0,0.0,0.0,0.0,0.0,0.0,0.0,0.0,0.0,0.0,0.0,0.0,0.0,0.0,0.0,0.0,0.0,0.0,0.0,0.0,0.0,0.0,0.0,0.0,0.0,0.0,0.0,0.0,0.0,0.0,0.0,0.0,0.0,0.0,0.0,0.0,0.0,0.0,0.0,0.0,0.0,0.0,0.0,0.0,0.0,0.0,0.0,0.0,0.0,0.0,0.0,0.0,0.0,0.0,0.0,0.0,0.0,0.0,0.0,0.0,0.0,0.0,0.0,0.0,0.0,0.0,0.0,0.0,0.0,0.0,0.0,0.0,0.0,0.0,0.0,0.0,0.0,0.0,0.0,0.0,0.0,0.0,0.0,0.0,0.0,0.0,0.0,0.0,0.0,0.0,1.46e-05,1.02e-05,0.0,0.0,0.0,0.0,0.0,2.76e-05,0.0,0.0,0.0,0.0,0.0,0.0,0.0,0.0,0.0,0.0,0.0,0.0,0.0,0.0,0.0,0.0,0.0,0.0,4.05e-05,0.0,0.0,0.0,0.0,0.0,0.0,0.0,0.0,0.0,0.0,0.0,0.0,0.0,0.0,0.0,0.0,0.0,0.0,0.0,0.0,0.0,0.0,0.0,3.01e-05,0.0,0.0,0.0,0.0,0.0,0.0,0.0,0.0,0.0,0.0,0.0,0.0,0.0,0.0,1.01e-05,0.0,0.000257024,0.0,0.0,0.0,0.0,0.0,0.0,0.0,0.0,0.0,0.0,0.0,0.0,0.0,0.000531862,4.8e-05,0.0,0.0,0.0,0.0,0.0,1.46e-05,0.0,0.0,0.0,0.0,1.8e-05,0.0,0.0,0.0,0.0,0.0,0.0,0.0,0.000219125,2.76e-05,0.0,0.0,0.00105087,2.36e-05,2.35e-05,0.0,0.0,0.000660689,0.0,0.0,0.000138222,0.0,0.0,9.13e-05,8.07e-05,0.0,0.0,5.06e-05,0.0,0.000631901,1.38e-05,0.0,0.0,0.0,0.0,0.0,0.0,0.000102926,0.0,0.0,0.0,0.0,0.0,0.0,0.0,1.91e-05,1.06e-05,0.0,0.0,0.0,0.0,0.0,0.0,0.0,0.0,0.0,0.0,0.0,0.0,0.0,0.0,0.0,0.0,0.0,0.0,0.0,0.0,0.0,0.0,0.0,0.0,0.0,0.0,0.0,0.0,0.0,0.0,0.0,0.0,0.0,0.0,0.0,0.0,0.0,0.0,0.0,0.0,0.0,0.0,0.0,0.0,0.0,0.0,0.0,0.0,0.0,0.0,0.0,0.0,0.0,0.0,0.0,0.00270885,0.0,0.0,0.0,3.73e-05,1.62e-05,0.0,0.0,0.0119265,0.00286358,0.0,0.000458889,0.00368689,0.0,0.0,0.000105392,4.12e-05,8.34e-05,0.00033186,0.0,0.0,0.0,0.0,0.0,0.0,0.0,0.0,0.0,0.0,0.0,0.0,0.0155383,0.0,0.0,0.0,0.0,0.00110056,0.0,0.00510616,0.0,0.0,0.0,0.0,0.0,0.0,0.0,0.0,0.0,0.0,0.0,0.0,0.0,0.0,0.0,0.0,0.0,0.0,0.0,0.0,0.0,0.0,0.0,0.0,0.0,0.0,0.0,0.0,0.0,0.0
Reef 394,0.0,0.0,0.0,0.0,0.0,0.0,0.0,0.0,0.0,0.0,0.0,0.0,0.0,0.0,0.0,0.0,0.0,0.0,0.0,0.0,0.0,0.0,0.0,0.0,0.0,0.0,0.0,0.0,0.0,0.0,0.0,0.0,0.0,0.0,0.0,0.0,0.0,0.0,0.0,0.0,0.0,0.0,0.0,0.0,0.0,0.0,0.0,0.0,0.0,0.0,0.0,0.0,0.0,0.0,0.0,0.0,0.0,0.0,0.0,0.0,0.0,0.0,0.0,0.0,0.0,0.0,0.0,0.0,0.0,0.0,0.0,0.0,0.0,0.0,0.0,0.0,0.0,0.0,0.0,0.0,0.0,0.0,0.0,0.0,0.0,0.0,0.0,0.0,0.0,0.0,0.0,0.0,0.0,0.0,0.0,0.0,0.0,0.0,0.0,0.0,0.0,0.0,0.0,0.0,0.0,0.0,0.0,0.0,0.0,0.0,0.0,0.0,0.0,0.0,0.0,0.0,0.0,0.0,0.0,0.0,0.0,0.0,0.0,0.0,0.0,0.0,0.0,0.0,0.0,0.0,0.0,0.0,0.0,0.0,0.0,0.0,0.0,0.0,0.0,0.0,0.0,0.0,0.0,0.0,0.0,0.0,0.0,0.0,0.0,0.0,0.0,0.0,0.0,0.0,0.0,0.0,0.0,0.0,0.0,0.0,0.0,0.0,0.0,0.0,0.0,0.0,0.0,0.0,0.0,0.0,0.0,0.0,0.0,0.0,0.0,0.0,0.0,0.0,0.0,0.0,0.0,0.0,0.0,0.0,0.0,0.0,0.0,0.0,0.0,0.0,0.0,0.0,0.0,0.0,0.0,0.0,0.0,0.0,0.0,0.0,0.0,0.0,0.0,0.0,0.0,0.0,0.0,0.0,0.0,0.0,0.0,0.0,0.0,0.0,0.0,0.0,0.0,0.0,0.0,0.0,0.0,0.0,0.0,0.0,0.0,0.0,0.0,0.0,0.0,0.0,0.0,0.0,0.0,0.0,0.0,0.0,0.0,0.0,0.0,0.0,0.0,0.0,0.0,0.0,0.0,0.0,0.0,0.0,0.0,0.0,0.0,0.0,0.0,0.0,0.0,0.0,0.0,0.0,0.0,0.0,0.0,0.0,0.0,0.0,0.0,0.0,0.0,0.0,0.0,0.0,0.0,0.0,0.0,0.0,0.0,0.0,0.0,0.0,0.0,0.0,0.0,0.0,0.0,0.0,0.0,0.0,0.0,0.0,0.0,0.0,0.0,0.0,0.0,0.0,0.0,0.0,0.0,0.0,0.0,0.0,0.0,0.0,0.0,0.0,0.0,0.0,0.0,0.0,0.0,0.0,0.0,0.0,0.0,0.0,0.0,0.0,0.0,0.0,0.0,0.0,0.0,0.0,0.0,0.0,0.0,0.0,0.0,0.000654452,0.0,0.000941724,0.000240651,0.0,0.0,0.000733528,0.00525598,0.000975176,0.0061069,0.0,0.00100976,0.0,0.0,0.00151946,0.000742455,0.000161642,0.00513098,0.0,0.000303649,0.0,0.0,0.0,0.0,0.000821434,0.0,0.000982064,0.0,0.0,0.0,0.000209206,0.0,0.0,0.000560973,0.000908922,0.0,0.0,0.0,0.0,0.0,0.0,0.0,0.0,0.0,0.0,0.0,0.0,0.0,0.000605228,0.0,0.0,0.000215925,0.0,0.0,0.000340582,0.0,0.0,0.0,0.0,0.0,0.000432823,0.0,0.000424369,0.0,0.0,0.0,0.00441308,0.0,0.0,0.0163659,0.0,0.0,0.0,0.0122532,0.000138953,0.0,0.00285898,0.0,0.00156159,0.00138788,0.000529862,0.000185919,0.00116546,0.0011208,0.000320136,0.0,0.0,0.000125356,0.000285714,0.0,0.0,0.0,0.0,0.0,0.0,0.0
Reef 395,0.0,0.0,0.0,0.0,0.0,0.0,0.0,0.0,0.0,0.0,0.0,0.0,0.0,0.0,0.0,0.0,0.0,0.0,0.0,0.0,0.0,0.0,0.0,0.0,0.0,0.0,0.0,0.0,0.0,0.0,0.0,0.0,0.0,0.0,0.0,0.0,0.0,0.0,0.0,0.0,0.0,0.0,0.0,0.0,0.0,0.0,0.0,0.0,0.0,0.0,0.0,0.0,0.0,0.0,0.0,0.0,0.0,0.0,0.0,0.0,0.0,0.0,0.0,0.0,0.0,0.0,0.0,0.0,0.0,0.0,0.0,0.0,0.0,0.0,0.0,0.0,0.0,0.0,0.0,0.0,0.0,0.0,0.0,0.0,0.0,0.0,0.0,0.0,0.0,0.0,0.0,0.0,0.0,0.0,0.0,0.0,0.0,0.0,0.0,0.0,0.0,0.0,0.0,0.0,0.0,0.0,0.0,0.0,0.0,0.0,0.0,0.0,0.0,0.0,0.0,0.0,0.0,0.0,0.0,0.0,0.0,0.0,0.0,0.0,0.0,0.0,0.0,0.0,0.0,0.0,0.0,0.0,0.0,0.0,0.0,0.0,0.0,0.0,0.0,0.0,0.0,0.0,0.0,0.0,0.0,0.0,0.0,0.0,0.0,0.0,0.0,0.0,0.0,0.0,0.0,0.0,0.0,0.0,0.0,0.0,0.0,0.0,0.0,0.0,0.0,0.0,0.0,0.0,0.0,0.0,0.0,0.0,0.0,0.0,0.0,0.0,0.0,0.0,0.0,0.0,0.0,0.0,0.0,0.0,0.0,0.0,0.0,0.0,0.0,0.0,0.0,0.0,0.0,0.0,0.0,0.0,0.0,0.0,0.0,0.0,0.0,0.0,0.0,0.0,0.0,0.0,0.0,0.0,0.0,0.0,0.0,0.0,0.0,0.0,0.0,0.0,0.0,0.0,0.0,0.0,0.0,0.0,0.0,0.0,0.0,0.0,0.0,0.0,0.0,0.0,0.0,0.0,0.0,0.0,0.0,0.0,0.0,0.0,0.0,0.0,0.000302244,0.000127556,0.0,0.0,0.0,0.0,0.0,0.0,0.0,0.0,0.0,0.0,0.0,0.0,0.0,0.0,0.0,0.0,0.0,0.0,0.000115219,0.00022197,0.0,0.0,3.4e-05,4.64e-05,0.000373005,0.0,0.0,0.00179073,0.0,0.0,2.25e-05,0.0,0.0,0.0,2.92e-05,0.0,0.0,0.0,3.44e-05,0.000180256,0.000182185,0.0,0.0,0.0,0.0,0.0,0.0,9.97e-05,0.0,0.0,0.0,0.0,0.0,0.0,0.0,0.0,0.000272664,0.0,0.0,0.0,0.0,0.0,0.0,0.0,0.0,0.0,0.0,0.0,0.0,0.0,0.0,0.0,0.0,0.0,0.0,0.0,0.0,0.0,0.0,0.0,0.0,0.0,0.0,0.0,0.0,0.0,0.0,0.0,0.0,0.0,0.0,0.0,0.0,0.0,0.0,0.0,0.0,0.0,0.0,0.0,0.0,0.0,0.0,0.0,0.0,0.0,0.0,0.0,0.0,0.0,0.0,0.0,0.0011136,0.0,0.0,0.0,0.0,0.0,0.0,0.0,0.001959,0.000533451,0.0,0.000235884,4.67e-05,0.0,2.52e-05,0.0,0.0,0.000202661,7.95e-05,0.0,0.0,0.0,0.0,0.0,0.0,0.0,0.00277697,0.0,0.0,0.00341068,0.000117502,0.00104412,0.0,0.0,0.0,0.0,0.000251219,6.69e-05,1.6e-05,0.0,0.00120195,0.0431043,0.0,0.0,0.0,0.0,0.0,0.0,0.0,0.0,0.0,0.0,0.0,0.0,0.0,0.0,0.0,0.0,0.0,0.0,0.0,0.0,0.0,0.0,0.0,0.0,0.0,0.0,0.0
Reef 396,0.0,0.0,0.0,0.0,0.0,0.0,0.0,0.0,0.0,0.0,0.0,0.0,0.0,0.0,0.0,0.0,0.0,0.0,0.0,0.0,0.0,0.0,0.0,0.0,0.0,0.0,0.0,0.0,0.0,0.0,0.0,0.0,0.0,0.0,0.0,0.0,0.0,0.0,0.0,0.0,0.0,0.0,0.0,0.0,0.0,0.0,0.0,0.0,0.0,0.0,0.0,0.0,0.0,0.0,0.0,0.0,0.0,0.0,0.0,0.0,0.0,0.0,0.0,0.0,0.0,0.0,0.0,0.0,0.0,0.0,0.0,0.0,0.0,0.0,0.0,0.0,0.0,0.0,0.0,0.0,0.0,0.0,0.0,0.0,0.0,0.0,0.0,0.0,0.0,0.0,0.0,0.0,0.0,0.0,0.0,0.0,0.0,0.0,0.0,0.0,0.0,0.0,0.0,0.0,0.0,0.0,0.0,0.0,0.0,0.0,0.0,0.0,0.0,0.0,0.0,0.0,0.0,0.0,0.0,0.0,0.0,0.0,0.0,0.0,0.0,0.0,0.0,0.0,0.0,0.0,0.0,0.0,0.0,0.0,0.0,0.0,0.0,0.0,0.0,0.0,0.0,0.0,0.0,0.0,0.0,0.0,0.0,0.0,0.0,0.0,0.0,0.0,0.0,0.0,0.0,0.0,0.0,0.0,0.0,0.0,0.0,0.0,0.0,0.0,0.0,0.0,0.0,0.0,0.0,0.0,0.0,0.0,0.0,0.0,0.0,0.0,0.0,0.0,0.0,0.0,0.0,0.0,0.0,0.0,0.0,6.83e-06,0.0,0.0,0.0,0.0,0.0,0.0,0.0,0.0,0.0,0.0,0.0,0.0,0.0,0.0,0.0,0.0,0.0,0.0,0.0,0.0,0.0,0.0,0.0,1.18e-05,0.0,0.0,0.0,1.01e-05,0.0,0.0,0.0,0.0,0.0,0.0,0.0,0.0,0.0,0.0,1.13e-05,0.0,2.96e-05,0.0,0.0,0.0,0.0,0.0,0.0,0.0,0.0,0.0,0.0,0.0,0.0,0.0,0.000302127,9.42e-05,0.0,0.0,0.0,0.0,0.0,1.24e-05,1.09e-05,0.0,0.0,0.0,0.0,1.04e-05,0.0,0.0,8.68e-06,3.66e-05,0.0,0.0,9.08e-05,0.000153761,8.59e-06,0.0,0.000209097,3.38e-05,0.000623005,4.1e-05,0.0,0.00128863,0.0,1.11e-05,7.96e-05,0.0,0.0,3.1e-05,8.28e-05,0.0,0.0,2.17e-05,2.34e-05,0.000539489,0.000239878,0.0,9.38e-06,0.0,0.0,0.0,0.0,0.000134417,0.0,0.0,0.0,0.0,0.0,0.0,0.0,1.72e-05,0.000389303,0.0,0.0,0.0,0.0,0.0,0.0,0.0,0.0,0.0,0.0,0.0,0.0,0.0,0.0,0.0,0.0,0.0,0.0,0.0,0.0,0.0,0.0,0.0,0.0,0.0,0.0,0.0,0.0,0.0,0.0,0.0,0.0,0.0,0.0,0.0,0.0,0.0,0.0,0.0,0.0,0.0,0.0,0.0,0.0,0.0,0.0,0.0,0.0,0.0,0.0,0.0,0.0,0.0,0.0,0.0,9.35e-05,0.0,0.0,0.0,0.0,0.0,0.0,0.0,0.000155064,5.39e-05,0.0,1.81e-05,3.7e-05,0.0,2.09e-05,0.0,0.0,0.000160772,6.29e-05,7.44e-06,0.0,0.0,0.0,0.0,0.0,0.0,9.51e-06,0.0,0.0,0.00274439,9.27e-05,0.000127522,0.0,0.0,0.0,0.0,2.62e-05,5.03e-05,0.0,0.0,7.19e-05,0.0441592,0.0,0.0,0.0,0.0,0.0,0.0,0.0,0.0,0.0,0.0,0.0,0.0,0.0,0.0,0.0,0.0,0.0,0.0,0.0,0.0,0.0,0.0,0.0,0.0,0.0,0.0,0.0
Reef 397,0.0,0.0,0.0,0.0,0.0,0.0,0.0,0.0,0.0,0.0,0.0,0.0,0.0,0.0,0.0,0.0,0.0,0.0,0.0,0.0,0.0,0.0,0.0,0.0,0.0,0.0,0.0,0.0,0.0,0.0,0.0,0.0,0.0,0.0,0.0,0.0,0.0,0.0,0.0,0.0,0.0,0.0,0.0,0.0,0.0,0.0,0.0,0.0,0.0,0.0,0.0,0.0,0.0,0.0,0.0,0.0,0.0,0.0,0.0,0.0,0.0,0.0,0.0,0.0,0.0,0.0,0.0,0.0,0.0,0.0,0.0,0.0,0.0,0.0,0.0,0.0,0.0,0.0,0.0,0.0,0.0,0.0,0.0,0.0,0.0,0.0,0.0,0.0,0.0,0.0,0.0,0.0,0.0,0.0,0.0,0.0,0.0,0.0,0.0,0.0,0.0,0.0,0.0,0.0,0.0,0.0,0.0,0.0,0.0,0.0,0.0,0.0,0.0,0.0,0.0,0.0,0.0,0.0,0.0,0.0,0.0,0.0,0.0,0.0,0.0,0.0,0.0,0.0,0.0,0.0,0.0,0.0,0.0,0.0,0.0,0.0,0.0,0.0,0.0,0.0,0.0,0.0,0.0,0.0,0.0,0.0,1.91e-06,0.0,0.0,1.36e-06,0.0,1.6e-06,3.3e-06,0.0,0.0,0.0,0.0,0.0,0.0,1.54e-05,0.0,0.0,0.0,0.0,0.0,4.87e-06,1.3e-05,0.0,0.0,0.0,0.0,0.0,0.0,0.0,0.0,6.71e-06,0.0,0.0,0.0,0.0,0.0,2.24e-06,0.0,0.0,0.0,0.0,0.0,0.0,0.0,0.0,0.0,0.0,9.79e-07,0.0,0.0,0.0,0.0,0.0,0.0,0.0,0.0,1.51e-06,0.0,1.66e-06,0.0,0.0,0.0,0.0,0.0,0.0,1.77e-06,0.0,0.0,0.0,6.59e-06,0.0,0.0,0.0,0.0,0.0,0.0,0.0,0.0,0.0,0.0,0.0,4.01e-05,0.0,0.0,0.0,0.0,0.0,0.0,0.0,0.0,0.0,0.0,0.0,0.0,0.0,5.6e-06,0.0,0.0,0.0,0.0,0.0,2.68e-06,0.0,0.0,0.0,0.0,0.0,0.0,0.0,0.0,0.0,0.0,0.0,0.0,3.89e-06,1.21e-06,0.0,0.0,0.0,0.0,0.0,0.0,0.0,0.0,3.51e-06,0.0,0.0,5.58e-06,0.0,0.0,0.0,3.55e-06,0.0,0.0,0.0,0.0,3.25e-06,0.0,0.0,0.0,0.0,0.0,1.95e-06,0.0,5.23e-05,0.0,0.0,0.0,0.0,0.0,0.0,0.0,4.31e-06,6.34e-05,0.0,0.0,0.0,0.0,0.0,0.0,0.0,0.0,0.0,0.0,0.0,0.0,0.0,0.0,0.000158745,5.91e-06,0.0,0.0,3.89e-05,8.65e-06,0.0,7.18e-05,2.21e-05,1.91e-05,0.0,0.0,0.000110633,0.0,0.000857248,4.2e-06,0.00134961,0.000315963,0.0,0.0,0.0010004,9.39e-07,0.00139397,0.00842368,0.0,0.00142222,0.000156415,0.0,0.00164088,0.00106464,0.000241396,0.00658598,1.24e-05,0.000423712,0.0,1.5e-05,0.0,2.05e-05,0.00119667,0.000166526,0.00101964,0.0,0.0,0.0,0.000317763,0.0,0.0,0.000843096,0.00135969,0.0,0.0,0.0,0.0,0.0,0.0,0.0,8.89e-06,0.0,0.0,0.0,0.0,0.0,7.69e-05,0.0,0.0,0.000619319,0.0,0.0,0.000549231,0.0,0.0,0.0,0.0,0.0,0.000609337,0.0,0.000560638,0.0,0.0,0.0,0.000293664,0.0,0.0,0.070422,4.15e-05,1.91e-05,9.58e-05,0.0953442,7.8e-05,1.1e-05,0.0132783,2.21e-05,0.0107678,0.0062439,0.000590778,0.000334454,0.00234597,0.00501917,0.000319601,4.59e-05,1.9e-06,0.000380226,0.00133875,4.75e-06,1.26e-06,7.19e-06,2.72e-06,0.0,0.0,0.0
Reef 398,0.0,0.0,0.0,0.0,0.0,0.0,0.0,0.0,0.0,0.0,0.0,0.0,0.0,0.0,0.0,0.0,0.0,0.0,0.0,0.0,0.0,0.0,0.0,0.0,0.0,0.0,0.0,0.0,0.0,0.0,0.0,0.0,0.0,0.0,0.0,0.0,0.0,0.0,0.0,0.0,0.0,0.0,0.0,0.0,0.0,0.0,0.0,0.0,0.0,0.0,0.0,0.0,0.0,0.0,0.0,0.0,0.0,0.0,0.0,0.0,0.0,0.0,0.0,0.0,0.0,0.0,0.0,0.0,0.0,0.0,0.0,0.0,0.0,0.0,0.0,0.0,0.0,0.0,0.0,0.0,0.0,0.0,0.0,0.0,0.0,0.0,0.0,0.0,0.0,0.0,0.0,0.0,0.0,0.0,0.0,0.0,0.0,0.0,0.0,0.0,0.0,0.0,0.0,0.0,0.0,0.0,0.0,0.0,0.0,0.0,0.0,0.0,0.0,0.0,0.0,0.0,0.0,0.0,0.0,0.0,0.0,0.0,0.0,0.0,0.0,0.0,0.0,0.0,0.0,0.0,0.0,0.0,0.0,0.0,0.0,0.0,0.0,0.0,0.0,0.0,0.0,0.0,0.0,0.0,0.0,0.0,0.0,0.0,0.0,0.0,0.0,0.0,0.0,0.0,0.0,0.0,0.0,0.0,0.0,0.0,0.0,0.0,0.0,0.0,0.0,0.0,0.0,0.0,0.0,0.0,0.0,0.0,0.0,0.0,0.0,0.0,0.0,0.0,0.0,0.0,0.0,0.0,0.0,0.0,0.0,0.0,0.0,0.0,0.0,0.0,0.0,0.0,0.0,0.0,0.0,0.0,0.0,0.0,0.0,0.0,0.0,0.0,0.0,0.0,0.0,0.0,0.0,0.0,0.0,0.0,0.0,0.0,0.0,0.0,0.0,0.0,0.0,0.0,0.0,0.0,0.0,0.0,0.0,0.0,0.0,0.0,0.0,0.0,0.0,0.0,0.0,0.0,0.0,0.0,0.0,0.0,0.0,0.0,0.0,0.0,0.0,0.0,0.0,0.0,0.0,0.0,0.0,0.0,0.0,0.0,0.0,0.0,0.0,0.0,0.0,0.0,0.0,0.0,0.0,0.0,0.0,0.0,0.0,0.0,0.0,0.0,0.0,0.0,0.0,0.0,0.0,0.0,0.0,0.0,0.0,0.0,0.0,0.0,0.0,0.0,0.0,0.0,0.0,0.0,0.0,0.0,0.0,0.0,0.0,0.0,0.0,0.0,0.0,0.0,0.0,0.0,0.0,0.0,0.0,0.0,0.0,0.0,0.0,0.0,0.0,0.0,0.0,0.0,0.0,0.0,0.0,0.0,0.0,2.41e-05,0.0,0.0,0.0,1.01e-05,0.0,0.0,5.17e-05,0.0,0.0,0.0,0.0,1.97e-05,0.0,0.000229455,0.0,0.000303716,0.000104298,0.0,0.0,0.000288069,2.1e-05,0.000232505,0.00090466,0.0,1.08e-05,4.5e-05,0.0,0.00053188,5.5e-05,8.59e-05,0.000916556,0.0,1.53e-05,0.0,0.0,0.0,0.0,0.000227487,1.99e-05,0.000316392,0.0,0.0,0.0,1.15e-05,0.0,0.0,4.74e-05,0.000262686,0.0,0.0,0.0,0.0,0.0,0.0,0.0,0.0,0.0,0.0,0.0,0.0,0.0,0.0,0.0,0.0,0.0,0.0,0.0,2.41e-05,0.0,0.0,0.0,0.0,0.0,8.72e-05,0.0,5.82e-05,0.0,0.0,0.0,0.0,0.0,0.0,0.00174957,0.000250557,0.00129569,0.00469752,0.00208088,0.000663237,0.00231206,0.00781439,0.000251812,0.000732068,0.00114459,5.48e-05,0.0020815,0.0299925,0.000877134,6.4e-05,1.09e-05,0.000103022,0.00296149,0.000210489,0.0,0.0,0.0,0.0,0.0,0.0,0.0
Reef 399,0.0,0.0,0.0,0.0,0.0,0.0,0.0,0.0,0.0,0.0,0.0,0.0,0.0,0.0,0.0,0.0,0.0,0.0,0.0,0.0,0.0,0.0,0.0,0.0,0.0,0.0,0.0,0.0,0.0,0.0,0.0,0.0,0.0,0.0,0.0,0.0,0.0,0.0,0.0,0.0,0.0,0.0,0.0,0.0,0.0,0.0,0.0,0.0,0.0,0.0,0.0,0.0,0.0,0.0,0.0,0.0,0.0,0.0,0.0,0.0,0.0,0.0,0.0,0.0,0.0,0.0,0.0,0.0,0.0,0.0,0.0,0.0,0.0,0.0,0.0,0.0,0.0,0.0,0.0,0.0,0.0,0.0,0.0,0.0,0.0,0.0,0.0,0.0,0.0,0.0,0.0,0.0,0.0,0.0,0.0,0.0,0.0,0.0,0.0,0.0,0.0,0.0,0.0,0.0,0.0,0.0,0.0,0.0,0.0,0.0,0.0,0.0,0.0,0.0,0.0,0.0,0.0,0.0,0.0,0.0,0.0,0.0,0.0,0.0,0.0,0.0,0.0,0.0,0.0,0.0,0.0,0.0,0.0,0.0,0.0,0.0,0.0,0.0,0.0,0.0,0.0,0.0,0.0,0.0,0.0,0.0,0.0,0.0,0.0,0.0,0.0,0.0,0.0,0.0,0.0,0.0,0.0,0.0,0.0,0.0,0.0,0.0,0.0,0.0,0.0,0.0,0.0,0.0,0.0,0.0,0.0,0.0,0.0,0.0,0.0,0.0,0.0,0.0,0.0,0.0,0.0,0.0,0.0,0.0,0.0,0.0,0.0,0.0,0.0,0.0,0.0,0.0,0.0,0.0,0.0,0.0,0.0,0.0,0.0,0.0,0.0,0.0,0.0,0.0,0.0,0.0,0.0,0.0,0.0,0.0,0.0,0.0,0.0,0.0,0.0,0.0,0.0,0.0,0.0,0.0,0.0,0.0,0.0,0.0,0.0,0.0,0.0,0.0,0.0,0.0,0.0,0.0,0.0,0.0,0.0,0.0,0.0,0.0,0.0,0.0,0.0,0.0,0.0,0.0,0.0,0.0,0.0,0.0,0.0,0.0,0.0,0.0,0.0,0.0,0.0,0.0,0.0,0.0,0.0,0.0,0.0,0.0,0.0,0.0,0.0,0.0,0.0,0.0,0.0,0.0,0.0,0.0,0.0,0.0,0.0,0.0,0.0,0.0,0.0,0.0,0.0,0.0,0.0,0.0,0.0,0.0,0.0,0.0,0.0,0.0,0.0,0.0,0.0,0.0,0.0,0.0,0.0,0.0,0.0,0.0,0.0,0.0,0.0,0.0,0.0,0.0,0.0,0.0,0.0,0.0,0.0,0.0,0.0,2.92e-05,0.0,0.0,0.0,0.0,0.0,0.0,5.74e-05,0.0,0.0,0.0,0.0,2.32e-05,0.0,0.000256661,0.0,0.000343433,0.000118344,0.0,0.0,0.000330219,0.00134095,0.000274036,0.000734228,0.0,0.000415146,5.04e-05,0.0,0.000428115,4.38e-05,9.69e-05,0.000731622,0.0,0.000122033,0.0,0.0,0.0,0.0,0.00018313,0.0,0.00025494,0.0,0.0,0.0,4.72e-05,0.0,0.0,3.64e-05,0.00021054,0.0,0.0,0.0,0.0,0.0,0.0,0.0,0.0,0.0,0.0,0.0,0.0,0.0,0.0,0.0,0.0,0.0,0.0,0.0,4.48e-05,0.0,0.0,0.0,0.0,0.0,0.000166644,0.0,0.000112103,0.0,0.0,0.0,0.0,0.0,0.0,0.00338412,6.55e-05,0.000146507,0.00102579,0.00402475,0.000863559,0.0024848,0.0131683,0.000254787,0.00147195,0.00228343,0.00011339,0.00215215,0.0303828,0.00177653,0.000132611,0.0,0.000121462,0.00181261,0.000434319,0.0,0.0,0.0,0.0,0.0,0.0,0.0
Reef 400,0.0,0.0,0.0,0.0,0.0,0.0,0.0,0.0,0.0,0.0,0.0,0.0,0.0,0.0,0.0,0.0,0.0,0.0,0.0,0.0,0.0,0.0,0.0,0.0,0.0,0.0,0.0,0.0,0.0,0.0,0.0,0.0,0.0,0.0,0.0,0.0,0.0,0.0,0.0,0.0,0.0,0.0,0.0,0.0,0.0,0.0,0.0,0.0,0.0,0.0,0.0,0.0,0.0,0.0,0.0,0.0,0.0,0.0,0.0,0.0,0.0,0.0,0.0,0.0,0.0,0.0,0.0,0.0,0.0,0.0,0.0,0.0,0.0,0.0,0.0,0.0,0.0,0.0,0.0,0.0,0.0,0.0,0.0,0.0,0.0,0.0,0.0,0.0,0.0,0.0,0.0,0.0,0.0,0.0,0.0,0.0,0.0,0.0,0.0,0.0,0.0,0.0,0.0,0.0,0.0,0.0,0.0,0.0,0.0,0.0,0.0,0.0,0.0,0.0,0.0,0.0,0.0,0.0,0.0,0.0,0.0,0.0,0.0,0.0,0.0,0.0,0.0,0.0,0.0,0.0,0.0,0.0,0.0,0.0,0.0,0.0,0.0,0.0,0.0,0.0,0.0,0.0,0.0,0.0,0.0,0.0,0.0,0.0,0.0,0.0,0.0,0.0,0.0,0.0,0.0,0.0,0.0,0.0,0.0,0.0,0.0,0.0,0.0,0.0,0.0,0.0,0.0,0.0,0.0,0.0,0.0,0.0,0.0,0.0,0.0,0.0,0.0,0.0,0.0,0.0,0.0,0.0,0.0,0.0,0.0,0.0,0.0,0.0,0.0,0.0,0.0,0.0,0.0,0.0,0.0,0.0,0.0,0.0,0.0,0.0,0.0,0.0,0.0,0.0,0.0,0.0,0.0,0.0,0.0,0.0,0.0,0.0,0.0,0.0,0.0,0.0,0.0,0.0,0.0,0.0,0.0,0.0,0.0,0.0,0.0,0.0,0.0,0.0,0.0,0.0,0.0,0.0,0.0,0.0,0.0,0.0,0.0,0.0,0.0,0.0,0.0,0.0,0.0,0.0,0.0,0.0,0.0,0.0,0.0,0.0,0.0,0.0,0.0,0.0,0.0,0.0,0.0,0.0,0.0,0.0,0.0,0.0,0.0,0.0,0.0,0.0,0.0,0.0,0.0,0.0,0.0,0.0,0.0,0.0,0.0,0.0,0.0,0.0,0.0,0.0,0.0,0.0,0.0,0.0,0.0,0.0,0.0,0.0,0.0,0.0,0.0,0.0,0.0,0.0,0.0,0.0,0.0,0.0,0.0,0.0,0.0,0.0,0.0,0.0,0.0,0.0,0.0,0.0,0.0,0.0,0.0,0.0,0.0,3.63e-05,0.0,0.0,0.0,1.35e-05,1.17e-05,0.0,6.39e-05,0.0,0.0,0.0,0.0,2.79e-05,0.0,0.000288999,0.0,0.000391873,0.000135587,0.0,0.0,0.000384088,2.65e-05,0.000329879,0.000476337,0.0,0.000492044,5.83e-05,0.0,0.000281589,2.75e-05,0.000112195,0.000462011,0.0,0.00013632,0.0,0.0,0.0,0.0,0.000116512,0.0,0.000164341,0.0,0.0,0.0,6.14e-05,0.0,0.0,2.14e-05,0.000134194,0.0,0.0,0.0,0.0,0.0,0.0,0.0,0.0,0.0,0.0,0.0,0.0,0.0,0.0,0.0,0.0,0.0,0.0,0.0,4.79e-05,0.0,0.0,0.0,0.0,0.0,0.000181694,0.0,0.00012197,0.0,0.0,0.0,0.0,0.0,0.0,0.00369427,0.00135098,4.25e-05,7.2e-05,0.00440247,0.000944606,0.0026771,0.0146955,0.000276815,0.00166736,0.0025943,0.000130852,0.00383303,0.0327149,0.00201656,0.000153186,2.62e-05,0.000177038,0.00181653,0.000502924,0.0,0.0,0.0,0.0,0.0,0.0,0.0
Reef 401,0.0,0.0,0.0,0.0,0.0,0.0,0.0,0.0,0.0,0.0,0.0,0.0,0.0,0.0,0.0,0.0,0.0,0.0,0.0,0.0,0.0,0.0,0.0,0.0,0.0,0.0,0.0,0.0,0.0,0.0,0.0,0.0,0.0,0.0,0.0,0.0,0.0,0.0,0.0,0.0,0.0,0.0,0.0,0.0,0.0,0.0,0.0,0.0,0.0,0.0,0.0,0.0,0.0,0.0,0.0,0.0,0.0,0.0,0.0,0.0,0.0,0.0,0.0,0.0,0.0,0.0,0.0,0.0,0.0,0.0,0.0,0.0,0.0,0.0,0.0,0.0,0.0,0.0,0.0,0.0,0.0,0.0,0.0,0.0,0.0,0.0,0.0,0.0,0.0,0.0,0.0,0.0,0.0,0.0,0.0,0.0,0.0,0.0,0.0,0.0,0.0,0.0,0.0,0.0,0.0,0.0,0.0,0.0,0.0,0.0,0.0,0.0,0.0,0.0,0.0,0.0,0.0,0.0,0.0,0.0,0.0,0.0,0.0,0.0,0.0,0.0,0.0,0.0,0.0,0.0,0.0,0.0,0.0,0.0,0.0,0.0,0.0,0.0,0.0,0.0,0.0,0.0,0.0,0.0,0.0,0.0,0.0,0.0,0.0,0.0,0.0,0.0,0.0,0.0,0.0,0.0,0.0,0.0,0.0,9.12e-07,0.0,0.0,0.0,0.0,0.0,0.0,1.25e-06,0.0,0.0,0.0,0.0,0.0,0.0,0.0,0.0,0.0,0.0,0.0,0.0,0.0,0.0,0.0,0.0,0.0,0.0,0.0,0.0,0.0,0.0,0.0,0.0,0.0,0.0,0.0,0.0,0.0,0.0,0.0,0.0,0.0,0.0,0.0,0.0,0.0,0.0,0.0,0.0,0.0,0.0,0.0,0.0,0.0,0.0,0.0,0.0,0.0,0.0,0.0,0.0,0.0,0.0,0.0,0.0,0.0,0.0,0.0,6.76e-06,0.0,0.0,0.0,0.0,0.0,0.0,0.0,0.0,0.0,0.0,0.0,0.0,0.0,0.0,0.0,0.0,0.0,0.0,0.0,0.0,0.0,0.0,0.0,0.0,0.0,0.0,0.0,0.0,0.0,0.0,0.0,0.0,5.71e-07,0.0,0.0,0.0,0.0,0.0,0.0,0.0,0.0,0.0,0.0,0.0,0.0,1e-06,0.0,0.0,0.0,6.84e-07,0.0,0.0,0.0,0.0,9.23e-07,0.0,0.0,0.0,0.0,0.0,0.0,0.0,1.44e-05,0.0,0.0,0.0,0.0,0.0,0.0,0.0,1.06e-06,3.84e-06,0.0,0.0,0.0,0.0,0.0,0.0,0.0,0.0,0.0,0.0,0.0,0.0,0.0,0.0,1.05e-05,7.23e-07,0.0,0.0,2.66e-06,6.13e-07,0.0,5.49e-06,1.64e-06,1.65e-06,0.0,0.0,1.09e-05,0.0,0.000107024,5.01e-07,0.000145258,3.94e-05,0.0,0.0,0.000116569,5.78e-07,0.000151208,0.00116013,0.0,0.000156864,1.62e-05,0.0,0.000487152,0.00012018,2.49e-05,0.00107721,1.36e-06,4.9e-05,0.0,1.08e-06,0.0,1.61e-06,0.000177068,1.32e-05,0.000241824,0.0,0.0,0.0,3.34e-05,0.0,0.0,9.09e-05,0.000193229,0.0,0.0,0.0,0.0,0.0,0.0,0.0,0.0,0.0,0.0,0.0,0.0,0.0,0.000886205,0.0,0.0,0.00257719,0.0,0.0,3.77e-06,0.0,0.0,0.0,0.0,0.0,1.03e-05,0.0,1.06e-05,0.0,0.0,0.0,1.06e-05,0.0,0.0,0.067129,4.92e-06,2.13e-06,1.08e-05,0.202308,0.000116824,1.65e-05,0.0195284,4.65e-07,0.0154619,0.0092225,0.000823129,3.46e-05,0.000207694,0.00744963,0.000464443,6.78e-05,0.0,2.07e-05,0.00199831,7.07e-06,1.88e-06,1.07e-05,1.59e-05,0.0,0.0,0.0
Reef 402,0.0,0.0,0.0,0.0,0.0,0.0,0.0,0.0,0.0,0.0,0.0,0.0,0.0,0.0,0.0,0.0,0.0,0.0,0.0,0.0,0.0,0.0,0.0,0.0,0.0,0.0,0.0,0.0,0.0,0.0,0.0,0.0,0.0,0.0,0.0,0.0,0.0,0.0,0.0,0.0,0.0,0.0,0.0,0.0,0.0,0.0,0.0,0.0,0.0,0.0,0.0,0.0,0.0,0.0,0.0,0.0,0.0,0.0,0.0,0.0,0.0,0.0,0.0,0.0,0.0,0.0,0.0,0.0,0.0,0.0,0.0,0.0,0.0,0.0,0.0,0.0,0.0,0.0,0.0,0.0,0.0,0.0,0.0,0.0,0.0,0.0,0.0,0.0,0.0,0.0,0.0,0.0,0.0,0.0,0.0,0.0,0.0,0.0,0.0,0.0,0.0,0.0,0.0,0.0,0.0,0.0,0.0,0.0,0.0,0.0,0.0,0.0,0.0,0.0,0.0,0.0,0.0,0.0,0.0,0.0,0.0,0.0,0.0,0.0,0.0,0.0,0.0,0.0,0.0,0.0,0.0,0.0,0.0,0.0,0.0,0.0,0.0,0.0,0.0,0.0,0.0,0.0,0.0,0.0,0.0,0.0,0.0,0.0,0.0,0.0,0.0,0.0,0.0,0.0,0.0,0.0,0.0,0.0,0.0,0.0,0.0,0.0,0.0,0.0,0.0,0.0,0.0,0.0,0.0,0.0,0.0,0.0,0.0,0.0,0.0,0.0,0.0,0.0,0.0,0.0,0.0,0.0,0.0,0.0,0.0,0.0,0.0,0.0,0.0,0.0,0.0,0.0,0.0,0.0,0.0,0.0,0.0,0.0,0.0,0.0,0.0,0.0,0.0,0.0,0.0,0.0,0.0,0.0,0.0,0.0,0.0,0.0,0.0,0.0,0.0,0.0,0.0,0.0,0.0,0.0,0.0,0.0,0.0,0.0,0.0,0.0,0.0,0.0,0.0,0.0,0.0,0.0,0.0,0.0,0.0,0.0,0.0,0.0,0.0,0.0,0.0,0.0,0.0,0.0,0.0,0.0,0.0,0.0,0.0,0.0,0.0,0.0,0.0,0.0,0.0,0.0,0.0,0.0,0.0,0.0,0.0,0.0,0.0,0.0,0.0,0.0,0.0,0.0,0.0,0.0,0.0,0.0,0.0,0.0,0.0,0.0,0.0,0.0,0.0,0.0,0.0,0.0,0.0,0.0,0.0,0.0,0.0,0.0,0.0,0.0,0.0,0.0,0.0,0.0,0.0,0.0,0.0,0.0,0.000106971,0.0,0.0,0.0,0.0,0.0,0.0,0.0,0.0,0.0,0.0,0.0,0.0,0.0,0.0,0.0,0.0,0.0,0.0,0.0,0.0,0.0,0.0,0.0,0.0,0.0,0.0,0.0,0.0,3.56e-05,0.0,4.51e-05,1.54e-05,0.0,0.0,4.22e-05,8.84e-05,3.14e-05,2.69e-05,0.0,5.37e-05,0.0,0.0,0.000231504,2.04e-05,1.52e-05,2.06e-05,0.0,2.44e-05,0.0,0.0,0.0,0.0,6.76e-05,0.0,0.000114575,0.0,0.0,0.0,1.16e-05,0.0,0.0,2.65e-05,7.48e-05,0.0,0.0,0.0,0.0,0.0,0.0,0.0,0.0,0.0,0.0,0.0,0.0,0.0,0.0,0.0,0.0,1.29e-05,0.0,0.0,8.18e-05,0.0,0.0,0.0,0.0,0.0,0.000345096,0.0,0.000245973,0.0,0.0,0.0,0.0,0.0,0.0,0.00851928,0.000269486,0.000170999,0.000103456,0.00953459,0.0180164,0.00440892,0.0469989,0.000142612,0.0027597,0.00457147,0.000164236,4.63e-05,0.00100554,0.00305607,0.000186323,3.2e-05,0.0,2.92e-05,0.000784282,2.73e-05,0.0,4.16e-05,0.0,0.0,0.0,0.0
Reef 403,0.0,0.0,0.0,0.0,0.0,0.0,0.0,0.0,0.0,0.0,0.0,0.0,0.0,0.0,0.0,0.0,0.0,0.0,0.0,0.0,0.0,0.0,0.0,0.0,0.0,0.0,0.0,0.0,0.0,0.0,0.0,0.0,0.0,0.0,0.0,0.0,0.0,0.0,0.0,0.0,0.0,0.0,0.0,0.0,0.0,0.0,0.0,0.0,0.0,0.0,0.0,0.0,0.0,0.0,0.0,0.0,0.0,0.0,0.0,0.0,0.0,0.0,0.0,0.0,0.0,0.0,0.0,0.0,0.0,0.0,0.0,0.0,0.0,0.0,0.0,0.0,0.0,0.0,0.0,0.0,0.0,0.0,0.0,0.0,0.0,0.0,0.0,0.0,0.0,0.0,0.0,0.0,0.0,0.0,0.0,0.0,0.0,0.0,0.0,0.0,0.0,0.0,0.0,0.0,0.0,0.0,0.0,0.0,0.0,0.0,0.0,0.0,0.0,0.0,0.0,0.0,0.0,0.0,0.0,0.0,0.0,0.0,0.0,0.0,0.0,0.0,0.0,0.0,0.0,0.0,0.0,0.0,0.0,0.0,0.0,0.0,0.0,0.0,0.0,0.0,0.0,0.0,0.0,0.0,0.0,0.0,0.0,0.0,0.0,0.0,0.0,0.0,0.0,0.0,0.0,0.0,0.0,0.0,0.0,0.0,0.0,0.0,0.0,0.0,0.0,0.0,0.0,0.0,0.0,0.0,0.0,0.0,0.0,0.0,0.0,0.0,0.0,0.0,0.0,0.0,0.0,0.0,0.0,0.0,0.0,0.0,0.0,0.0,0.0,0.0,0.0,0.0,0.0,0.0,0.0,0.0,0.0,0.0,0.0,0.0,0.0,0.0,0.0,0.0,0.0,0.0,0.0,0.0,0.0,0.0,0.0,0.0,0.0,0.0,0.0,0.0,0.0,0.0,0.0,0.0,0.0,0.0,0.0,0.0,0.0,0.0,0.0,0.0,0.0,0.0,0.0,0.0,0.0,0.0,0.0,0.0,0.0,0.0,0.0,0.0,0.0,0.0,0.0,0.0,0.0,0.0,0.0,0.0,0.0,0.0,0.0,0.0,0.0,0.0,0.0,0.0,0.0,0.0,0.0,0.0,0.0,0.0,0.0,0.0,0.0,0.0,0.0,0.0,0.0,0.0,0.0,0.0,0.0,0.0,0.0,0.0,0.0,0.0,0.0,0.0,0.0,1.65e-05,0.0,0.0,0.0,0.0,0.0,0.0,0.0,0.0,0.0,0.0,0.0,0.0,0.0,0.0,0.0,1.81e-05,0.000244826,0.0,0.0,0.0,0.0,0.0,0.0,0.0,0.0,0.0,0.0,0.0,0.0,0.0,0.0,4.95e-05,4.07e-06,0.0,0.0,1.32e-05,7.65e-06,0.0,4.55e-05,5.62e-06,3.92e-06,0.0,0.0,2.63e-05,0.0,4.49e-06,0.0,0.000277844,9.08e-05,0.0,0.0,5.81e-06,0.000214703,4.87e-06,7.74e-05,0.0,1.51e-05,4.95e-05,0.0,1.93e-05,4.21e-05,9.13e-05,6e-05,0.0,4.99e-06,0.0,1.2e-05,0.0,5.91e-06,0.000155101,8.41e-05,0.000282002,0.0,0.0,0.0,7.28e-05,0.0,0.0,9.27e-06,0.000187479,0.0,0.0,0.0,0.0,0.0,0.0,0.0,0.0,0.0,0.0,0.0,0.0,0.0,5.11e-06,0.0,0.0,2.52e-05,0.0,0.0,9.41e-05,0.0,0.0,0.0,0.0,0.0,0.000464667,0.0,0.000371796,0.0,0.0,0.0,1.97e-05,0.0,0.0,0.0126707,3.83e-06,0.000292015,0.000175966,0.0115586,0.00765486,0.00599453,0.0310275,0.000179283,0.00307566,0.00420743,0.000181227,1.18e-05,2.46e-05,0.00304188,0.000202749,3.42e-05,0.0,3.43e-05,0.00078906,3.78e-06,0.0,5.95e-06,0.0,0.0,0.0,0.0
Reef 404,0.0,0.0,0.0,0.0,0.0,0.0,0.0,0.0,0.0,0.0,0.0,0.0,0.0,0.0,0.0,0.0,0.0,0.0,0.0,0.0,0.0,0.0,0.0,0.0,0.0,0.0,0.0,0.0,0.0,0.0,0.0,0.0,0.0,0.0,0.0,0.0,0.0,0.0,0.0,0.0,0.0,0.0,0.0,0.0,0.0,0.0,0.0,0.0,0.0,0.0,0.0,0.0,0.0,0.0,0.0,0.0,0.0,0.0,0.0,0.0,0.0,0.0,0.0,0.0,0.0,0.0,0.0,0.0,0.0,0.0,0.0,0.0,0.0,0.0,0.0,0.0,0.0,0.0,0.0,0.0,0.0,0.0,0.0,0.0,0.0,0.0,0.0,0.0,0.0,0.0,0.0,0.0,0.0,0.0,0.0,0.0,0.0,0.0,0.0,0.0,0.0,0.0,0.0,0.0,0.0,0.0,0.0,0.0,0.0,0.0,0.0,0.0,0.0,0.0,0.0,0.0,0.0,0.0,0.0,0.0,0.0,0.0,0.0,0.0,0.0,0.0,0.0,0.0,0.0,0.0,0.0,0.0,0.0,0.0,0.0,0.0,0.0,0.0,0.0,0.0,0.0,0.0,0.0,0.0,0.0,0.0,0.0,0.0,0.0,0.0,0.0,0.0,0.0,0.0,0.0,0.0,0.0,0.0,0.0,0.0,0.0,0.0,0.0,0.0,0.0,0.0,0.0,0.0,0.0,0.0,0.0,0.0,0.0,0.0,0.0,0.0,0.0,0.0,0.0,0.0,0.0,0.0,0.0,0.0,0.0,0.0,0.0,0.0,0.0,0.0,0.0,0.0,0.0,0.0,0.0,0.0,0.0,0.0,0.0,0.0,0.0,0.0,0.0,0.0,0.0,0.0,0.0,0.0,0.0,0.0,0.0,0.0,0.0,0.0,0.0,0.0,0.0,0.0,0.0,0.0,0.0,0.0,0.0,0.0,0.0,0.0,0.0,0.0,0.0,0.0,0.0,0.0,0.0,0.0,0.0,0.0,0.0,0.0,0.0,0.0,0.0,0.0,0.0,0.0,0.0,0.0,0.0,0.0,0.0,0.0,0.0,0.0,0.0,0.0,0.0,0.0,0.0,0.0,0.0,0.0,0.0,0.0,0.0,0.0,0.0,0.0,0.0,0.0,0.0,0.0,0.0,0.0,0.0,0.0,0.0,0.0,0.0,0.0,0.0,0.0,0.0,0.0,0.0,0.0,0.0,0.0,0.0,0.0,0.0,0.0,0.0,0.0,0.0,0.0,0.0,0.0,0.0,3.87e-07,4.95e-06,0.0,0.0,0.0,0.0,0.0,0.0,0.0,0.0,0.0,0.0,0.0,0.0,0.0,0.0,2.25e-06,5.23e-07,0.0,0.0,1.1e-06,1.12e-06,0.0,6.23e-06,4.19e-07,5.91e-07,0.0,0.0,1.99e-06,0.0,6.58e-07,0.0,3.52e-05,1.2e-05,0.0,0.0,3.3e-05,2.16e-05,2.44e-05,3.74e-06,0.0,4.71e-07,3.71e-07,0.0,6.64e-07,8.09e-06,1.2e-05,2.06e-06,5.13e-07,1.91e-05,0.0,0.0,0.0,0.0,2.64e-05,0.0,4.48e-05,0.0,0.0,0.0,3.6e-06,0.0,0.0,5.71e-06,2.86e-05,0.0,0.0,0.0,0.0,0.0,0.0,0.0,0.0,0.0,0.0,0.0,0.0,0.0,7.92e-06,0.0,0.0,1.18e-06,0.0,0.0,4.75e-05,0.0,0.0,0.0,0.0,0.0,0.000163451,0.0,0.000120384,0.0,0.0,0.0,1.45e-06,0.0,0.0,0.00379161,7.02e-05,5.06e-05,3.37e-05,0.00468973,0.00855484,0.00230277,0.22562,2.19e-05,0.00125471,0.0350843,7.01e-05,1.49e-06,0.000262991,0.00240899,8.09e-05,1.39e-05,0.0,4.64e-06,0.000352581,1.49e-06,2.01e-05,2.27e-06,3.9e-06,0.0,0.0,0.0
Reef 405,0.0,0.0,0.0,0.0,0.0,0.0,0.0,0.0,0.0,0.0,0.0,0.0,0.0,0.0,0.0,0.0,0.0,0.0,0.0,0.0,0.0,0.0,0.0,0.0,0.0,0.0,0.0,0.0,0.0,0.0,0.0,0.0,0.0,0.0,0.0,0.0,0.0,0.0,0.0,0.0,0.0,0.0,0.0,0.0,0.0,0.0,0.0,0.0,0.0,0.0,0.0,0.0,0.0,0.0,0.0,0.0,0.0,0.0,0.0,0.0,0.0,0.0,0.0,0.0,0.0,0.0,0.0,0.0,0.0,0.0,0.0,0.0,0.0,0.0,0.0,0.0,0.0,0.0,0.0,0.0,0.0,0.0,0.0,0.0,0.0,0.0,0.0,0.0,0.0,0.0,0.0,0.0,0.0,0.0,0.0,0.0,0.0,0.0,0.0,0.0,0.0,0.0,0.0,0.0,0.0,0.0,0.0,0.0,0.0,0.0,0.0,0.0,0.0,0.0,0.0,0.0,0.0,0.0,0.0,0.0,0.0,0.0,0.0,0.0,0.0,0.0,0.0,0.0,0.0,0.0,0.0,0.0,0.0,0.0,0.0,0.0,0.0,0.0,0.0,0.0,0.0,0.0,0.0,0.0,0.0,0.0,0.0,0.0,0.0,0.0,0.0,0.0,0.0,0.0,0.0,0.0,0.0,0.0,0.0,0.0,0.0,0.0,0.0,0.0,0.0,0.0,0.0,0.0,0.0,0.0,0.0,0.0,0.0,0.0,0.0,0.0,0.0,0.0,0.0,0.0,0.0,0.0,0.0,0.0,0.0,0.0,0.0,0.0,0.0,0.0,0.0,0.0,0.0,0.0,0.0,0.0,0.0,0.0,0.0,0.0,0.0,0.0,0.0,0.0,0.0,0.0,0.0,0.0,0.0,0.0,0.0,0.0,0.0,0.0,0.0,0.0,0.0,0.0,0.0,0.0,0.0,0.0,0.0,0.0,0.0,0.0,0.0,0.0,0.0,0.0,0.0,0.0,0.0,0.0,0.0,0.0,0.0,0.0,0.0,0.0,0.0,0.0,0.0,0.0,0.0,0.0,0.0,0.0,0.0,0.0,0.0,0.0,0.0,0.0,0.0,0.0,0.0,0.0,0.0,0.0,0.0,0.0,0.0,0.0,0.0,0.0,0.0,0.0,0.0,0.0,0.0,0.0,0.0,0.0,0.0,0.0,0.0,0.0,0.0,0.0,0.0,0.0,0.0,0.0,0.0,0.0,0.0,0.0,0.0,0.0,0.0,0.0,0.0,0.0,0.0,0.0,0.0,0.0,0.0,0.0,0.0,0.0,0.0,0.0,0.0,0.0,0.0,0.0,0.0,0.0,0.0,0.0,0.0,0.000112119,0.0,0.0,0.0,0.0,0.0,0.0,9.75e-05,0.0,0.0,0.0,0.0,0.0,0.0,0.000414674,0.0,0.000605919,0.000198329,0.0,0.0,0.000583641,0.000223511,0.000590474,9.25e-05,0.0,0.000799187,0.000107682,0.0,0.000505972,0.000902134,0.000209937,0.000738237,0.0,0.000256421,0.0,0.0,0.0,0.0,0.000181751,0.000232804,0.000305029,0.0,0.0,0.0,0.000214256,0.0,0.0,0.000381009,0.000220423,0.0,0.0,0.0,0.0,0.0,0.0,0.0,0.0,0.0,0.0,0.0,0.0,0.0,0.0,0.0,0.0,0.0,0.0,0.0,0.0,0.0,0.0,0.0,0.0,0.0,0.000288041,0.0,0.000197425,0.0,0.0,0.0,0.0,0.0,0.0,0.00669601,0.00056403,0.000343962,0.000209278,0.00791422,0.00748291,0.00543597,0.0390251,0.00049338,0.00258554,0.00457531,0.000166867,0.000114334,0.00306786,0.00303234,0.000192191,0.0,9.26e-05,9.65e-05,0.000819739,0.0,0.0,0.0,0.0,0.0,0.0,0.0
Reef 406,0.0,0.0,0.0,0.0,0.0,0.0,0.0,0.0,0.0,0.0,0.0,0.0,0.0,0.0,0.0,0.0,0.0,0.0,0.0,0.0,0.0,0.0,0.0,0.0,0.0,0.0,0.0,0.0,0.0,0.0,0.0,0.0,0.0,0.0,0.0,0.0,0.0,0.0,0.0,0.0,0.0,0.0,0.0,0.0,0.0,0.0,0.0,0.0,0.0,0.0,0.0,0.0,0.0,0.0,0.0,0.0,0.0,0.0,0.0,0.0,0.0,0.0,0.0,0.0,0.0,0.0,0.0,0.0,0.0,0.0,0.0,0.0,0.0,0.0,0.0,0.0,0.0,0.0,0.0,0.0,0.0,0.0,0.0,0.0,0.0,0.0,0.0,0.0,0.0,0.0,0.0,0.0,0.0,0.0,0.0,0.0,0.0,0.0,0.0,0.0,0.0,0.0,0.0,0.0,0.0,0.0,0.0,0.0,0.0,0.0,0.0,0.0,0.0,0.0,0.0,0.0,0.0,0.0,0.0,0.0,0.0,0.0,0.0,0.0,0.0,0.0,0.0,0.0,0.0,0.0,0.0,0.0,0.0,0.0,0.0,0.0,0.0,0.0,0.0,0.0,0.0,0.0,0.0,0.0,0.0,0.0,0.0,0.0,0.0,0.0,0.0,0.0,0.0,0.0,0.0,0.0,0.0,0.0,0.0,0.0,0.0,0.0,0.0,0.0,0.0,0.0,0.0,0.0,0.0,0.0,0.0,0.0,0.0,0.0,0.0,0.0,0.0,0.0,0.0,0.0,0.0,0.0,0.0,0.0,0.0,0.0,0.0,0.0,0.0,0.0,0.0,0.0,0.0,0.0,0.0,0.0,0.0,0.0,0.0,0.0,0.0,0.0,0.0,0.0,0.0,0.0,0.0,0.0,0.0,0.0,0.0,0.0,0.0,0.0,0.0,0.0,0.0,0.0,0.0,0.0,0.0,0.0,0.0,0.0,0.0,0.0,0.0,0.0,0.0,0.0,0.0,0.0,0.0,0.0,0.0,0.0,0.0,0.0,0.0,0.0,0.0,0.0,0.0,0.0,0.0,0.0,0.0,0.0,0.0,0.0,0.0,0.0,0.0,0.0,0.0,0.0,0.0,0.0,0.0,0.0,0.0,0.0,0.0,0.0,0.0,0.0,0.0,0.0,0.0,0.0,0.0,0.0,0.0,0.0,0.0,0.0,0.0,0.0,0.0,0.0,0.0,0.0,0.0,0.0,0.0,0.0,0.0,0.0,0.0,0.0,0.0,0.0,0.0,0.0,0.0,0.0,0.0,0.0,0.0,0.0,0.0,0.0,0.0,0.0,0.0,0.0,0.0,0.0,0.0,0.0,0.0,0.0,0.0,1.78e-05,0.0,0.0,0.0,6.43e-06,5.96e-06,0.0,3.1e-05,0.0,0.0,0.0,0.0,1.26e-05,0.0,0.000158483,0.0,0.00018353,6.1e-05,0.0,0.0,0.000173053,0.000558051,0.000135948,0.000357297,0.0,4.16e-06,3.73e-05,0.0,0.000204673,1.3e-05,5.71e-05,0.000277351,0.0,6.99e-05,0.0,0.0,0.0,0.0,4.66e-05,0.0,7.48e-05,0.0,0.0,0.0,1.35e-05,0.0,0.0,2.22e-05,4.3e-05,0.0,0.0,0.0,0.0,0.0,0.0,0.0,0.0,0.0,0.0,0.0,0.0,0.0,0.000260192,0.0,0.0,0.000701626,0.0,0.0,7.69e-06,0.0,0.0,0.0,0.0,0.0,2.76e-05,0.0,2.44e-05,0.0,0.0,0.0,4.62e-06,0.0,0.0,0.00816392,0.0,0.0,0.0,0.0456636,0.000124561,1.95e-05,0.021358,0.0,0.0263554,0.0101574,0.00286462,0.0,1.22e-05,0.00793381,0.00116506,0.000134096,0.0,0.0,0.00196777,1.12e-05,3.24e-05,1.78e-05,1.1e-05,0.0,0.0,0.0
Reef 407,0.0,0.0,0.0,0.0,0.0,0.0,0.0,0.0,0.0,0.0,0.0,0.0,0.0,0.0,0.0,0.0,0.0,0.0,0.0,0.0,0.0,0.0,0.0,0.0,0.0,0.0,0.0,0.0,0.0,0.0,0.0,0.0,0.0,0.0,0.0,0.0,0.0,0.0,0.0,0.0,0.0,0.0,0.0,0.0,0.0,0.0,0.0,0.0,0.0,0.0,0.0,0.0,0.0,0.0,0.0,0.0,0.0,0.0,0.0,0.0,0.0,0.0,0.0,0.0,0.0,0.0,0.0,0.0,0.0,0.0,0.0,0.0,0.0,0.0,0.0,0.0,0.0,0.0,0.0,0.0,0.0,0.0,0.0,0.0,0.0,0.0,0.0,0.0,0.0,0.0,0.0,0.0,0.0,0.0,0.0,0.0,0.0,0.0,0.0,0.0,0.0,0.0,0.0,0.0,0.0,0.0,0.0,0.0,0.0,0.0,0.0,0.0,0.0,0.0,0.0,0.0,0.0,0.0,0.0,0.0,0.0,0.0,0.0,0.0,0.0,0.0,0.0,0.0,0.0,0.0,0.0,0.0,0.0,0.0,0.0,0.0,0.0,0.0,0.0,0.0,0.0,0.0,0.0,0.0,0.0,0.0,0.0,0.0,0.0,0.0,0.0,0.0,0.0,0.0,0.0,0.0,0.0,0.0,0.0,0.0,0.0,0.0,0.0,0.0,0.0,0.0,0.0,0.0,0.0,0.0,0.0,0.0,0.0,0.0,0.0,0.0,0.0,0.0,0.0,0.0,0.0,0.0,0.0,0.0,0.0,0.0,0.0,0.0,0.0,0.0,0.0,0.0,0.0,0.0,0.0,0.0,0.0,0.0,0.0,0.0,0.0,0.0,0.0,0.0,0.0,0.0,0.0,0.0,0.0,0.0,0.0,0.0,0.0,0.0,0.0,0.0,0.0,0.0,0.0,0.0,0.0,0.0,0.0,0.0,0.0,0.0,0.0,0.0,0.0,0.0,0.0,0.0,0.0,0.0,0.0,0.0,0.0,0.0,0.0,0.0,0.0,0.0,0.0,0.0,0.0,0.0,0.0,0.0,0.0,0.0,0.0,0.0,0.0,0.0,0.0,0.0,0.0,0.0,0.0,0.0,0.0,0.0,0.0,0.0,0.0,0.0,0.0,0.0,0.0,0.0,0.0,0.0,0.0,0.0,0.0,0.0,0.0,0.0,0.0,0.0,0.0,0.0,0.0,0.0,0.0,0.0,0.0,0.0,0.0,0.0,0.0,0.0,0.0,0.0,0.0,0.0,0.0,0.0,0.0,0.0,0.0,0.0,0.0,0.0,0.0,0.0,0.0,0.0,0.0,0.0,0.0,0.0,0.0,0.0,0.0,0.0,0.0,0.0,0.0,0.0,0.0,0.0,0.0,0.0,0.0,0.0,0.0,0.0,0.0,1.83e-06,0.0,0.0,0.0,0.0,2.65e-05,0.0,3.43e-06,0.0,2.47e-06,0.0,0.0,7.16e-05,4.16e-06,0.0,7.92e-05,0.0,5.31e-06,0.0,0.0,0.0,0.0,1.45e-05,0.0,2.54e-05,0.0,0.0,0.0,3.88e-06,0.0,0.0,8.16e-06,1.59e-05,0.0,0.0,0.0,0.0,0.0,0.0,0.0,0.0,0.0,0.0,0.0,0.0,0.0,8.29e-05,0.0,0.0,0.000225503,0.0,0.0,2.72e-05,0.0,0.0,0.0,0.0,0.0,0.000100498,0.0,8.66e-05,0.0,0.0,0.0,7.55e-06,0.0,0.0,0.0039676,2.78e-06,2.34e-06,0.0,0.00516981,0.000583291,0.000256278,0.0671654,7.13e-06,0.00149239,0.151368,8.95e-05,0.0,1.18e-05,0.0117548,0.000109059,1.92e-05,0.0,2.41e-06,0.000589162,2.08e-06,0.00222788,3.14e-06,0.000668067,0.0,0.0,0.0
Reef 408,0.0,0.0,0.0,0.0,0.0,0.0,0.0,0.0,0.0,0.0,0.0,0.0,0.0,0.0,0.0,0.0,0.0,0.0,0.0,0.0,0.0,0.0,0.0,0.0,0.0,0.0,0.0,0.0,0.0,0.0,0.0,0.0,0.0,0.0,0.0,0.0,0.0,0.0,0.0,0.0,0.0,0.0,0.0,0.0,0.0,0.0,0.0,0.0,0.0,0.0,0.0,0.0,0.0,0.0,0.0,0.0,0.0,0.0,0.0,0.0,0.0,0.0,0.0,0.0,0.0,0.0,0.0,0.0,0.0,0.0,0.0,0.0,0.0,0.0,0.0,0.0,0.0,0.0,0.0,0.0,0.0,0.0,0.0,0.0,0.0,0.0,0.0,0.0,0.0,0.0,0.0,0.0,0.0,0.0,0.0,0.0,0.0,0.0,0.0,0.0,0.0,0.0,0.0,0.0,0.0,0.0,0.0,0.0,0.0,0.0,0.0,0.0,0.0,0.0,0.0,0.0,0.0,0.0,0.0,0.0,0.0,0.0,0.0,0.0,0.0,0.0,0.0,0.0,0.0,0.0,0.0,0.0,0.0,0.0,0.0,0.0,0.0,0.0,0.0,0.0,0.0,0.0,0.0,0.0,0.0,0.0,0.0,0.0,0.0,0.0,0.0,0.0,0.0,0.0,0.0,0.0,0.0,0.0,0.0,0.0,0.0,0.0,0.0,0.0,0.0,0.0,0.0,0.0,0.0,0.0,0.0,0.0,0.0,0.0,0.0,0.0,0.0,0.0,0.0,0.0,0.0,0.0,0.0,0.0,0.0,0.0,0.0,0.0,0.0,0.0,0.0,0.0,0.0,0.0,0.0,0.0,0.0,0.0,0.0,0.0,0.0,0.0,0.0,0.0,0.0,0.0,0.0,0.0,0.0,0.0,0.0,0.0,0.0,0.0,0.0,0.0,0.0,0.0,0.0,0.0,0.0,0.0,0.0,0.0,0.0,0.0,0.0,0.0,0.0,0.0,0.0,0.0,0.0,0.0,0.0,0.0,0.0,0.0,0.0,0.0,0.0,0.0,0.0,0.0,0.0,0.0,0.0,0.0,0.0,0.0,0.0,0.0,0.0,0.0,0.0,0.0,0.0,0.0,0.0,0.0,0.0,0.0,0.0,0.0,0.0,0.0,0.0,0.0,0.0,0.0,0.0,0.0,0.0,0.0,0.0,0.0,0.0,0.0,0.0,0.0,0.0,0.0,0.0,0.0,0.0,0.0,0.0,0.0,0.0,0.0,0.0,0.0,0.0,0.0,0.0,0.0,0.0,0.0,0.0,0.0,0.0,0.0,0.0,0.0,0.0,0.0,0.0,0.0,0.0,0.0,0.0,0.0,0.0,0.0,0.0,0.0,0.0,0.0,0.0,0.0,0.0,0.0,0.0,0.0,0.0,0.0,0.0,0.0,0.0,0.0,0.0,0.0,0.0,0.0,0.0002298,0.0,0.000138046,0.0,0.0,0.0,0.0,9.01e-05,0.0,0.0,0.000105094,0.0,0.0,0.0,0.0,0.0,0.0,0.0,0.0,0.0,0.0,0.0,0.0,0.0,0.0,0.0,0.0,0.0,0.0,0.0,0.0,0.0,0.0,0.0,0.0,0.0,0.0,0.0,0.0,0.0,0.0,0.0,0.0,0.0,0.0,0.0,0.0,7.18e-05,0.0,0.0,0.0,0.0,0.0,4.34e-05,0.0,0.0,0.0,0.0,0.0,0.0,0.0,0.0,0.00151122,0.0,0.0,0.0,0.00913347,0.0,4.5e-05,0.00311999,0.0,0.00573005,0.00150895,0.0179402,0.0,0.0,0.00121491,0.000116461,0.000295869,0.0,0.0,0.000318832,0.0,0.0,5.37e-05,0.0,0.0,0.0,0.0
Reef 409,0.0,0.0,0.0,0.0,0.0,0.0,0.0,0.0,0.0,0.0,0.0,0.0,0.0,0.0,0.0,0.0,0.0,0.0,0.0,0.0,0.0,0.0,0.0,0.0,0.0,0.0,0.0,0.0,0.0,0.0,0.0,0.0,0.0,0.0,0.0,0.0,0.0,0.0,0.0,0.0,0.0,0.0,0.0,0.0,0.0,0.0,0.0,0.0,0.0,0.0,0.0,0.0,0.0,0.0,0.0,0.0,0.0,0.0,0.0,0.0,0.0,0.0,0.0,0.0,0.0,0.0,0.0,0.0,0.0,0.0,0.0,0.0,0.0,0.0,0.0,0.0,0.0,0.0,0.0,0.0,0.0,0.0,0.0,0.0,0.0,0.0,0.0,0.0,0.0,0.0,0.0,0.0,0.0,0.0,0.0,0.0,0.0,0.0,0.0,0.0,0.0,0.0,0.0,0.0,0.0,0.0,0.0,0.0,0.0,0.0,0.0,0.0,0.0,0.0,0.0,0.0,0.0,0.0,0.0,0.0,0.0,0.0,0.0,0.0,0.0,0.0,0.0,0.0,0.0,0.0,0.0,0.0,0.0,0.0,0.0,0.0,0.0,0.0,0.0,0.0,0.0,0.0,0.0,0.0,0.0,0.0,0.0,0.0,0.0,0.0,0.0,0.0,0.0,0.0,0.0,0.0,0.0,0.0,0.0,0.0,0.0,0.0,0.0,0.0,0.0,0.0,0.0,0.0,0.0,0.0,0.0,0.0,0.0,0.0,0.0,0.0,0.0,0.0,0.0,0.0,0.0,0.0,0.0,0.0,0.0,0.0,0.0,0.0,0.0,0.0,0.0,0.0,0.0,0.0,0.0,0.0,0.0,0.0,0.0,0.0,0.0,0.0,0.0,0.0,0.0,0.0,0.0,0.0,0.0,0.0,0.0,0.0,0.0,0.0,0.0,0.0,0.0,0.0,0.0,0.0,0.0,0.0,0.0,0.0,0.0,0.0,0.0,0.0,0.0,0.0,0.0,0.0,0.0,0.0,0.0,0.0,0.0,0.0,0.0,0.0,0.0,0.0,0.0,0.0,0.0,0.0,0.0,0.0,0.0,0.0,0.0,0.0,0.0,0.0,0.0,0.0,0.0,0.0,0.0,0.0,0.0,0.0,0.0,0.0,0.0,0.0,0.0,0.0,0.0,0.0,0.0,0.0,0.0,0.0,0.0,0.0,0.0,0.0,0.0,0.0,0.0,0.0,0.0,0.0,0.0,0.0,0.0,0.0,0.0,0.0,0.0,0.0,0.0,0.0,0.0,0.0,0.0,0.0,0.0,0.0,0.0,0.0,0.0,0.0,0.0,0.0,0.0,0.0,0.0,0.0,0.0,0.0,0.0,1.57e-05,0.0,0.0,0.0,0.0,0.0,0.0,2.43e-05,0.0,0.0,0.0,0.0,0.0,0.0,0.000110132,0.0,0.000152355,5.26e-05,0.0,0.0,0.000150802,0.00013705,0.000134605,7.59e-05,0.0,0.000197108,2.34e-05,0.0,4.18e-05,0.000191585,4.43e-05,6.96e-05,0.0,5.13e-05,0.0,0.0,0.0,0.0,2.65e-05,0.0,3.86e-05,0.0,0.0,0.0,2.59e-05,0.0,0.0,5.22e-05,3.07e-05,0.0,0.0,0.0,0.0,0.0,0.0,0.0,0.0,0.0,0.0,0.0,0.0,0.0,0.0,0.0,0.0,0.0,0.0,0.0,0.0,0.0,0.0,0.0,0.0,0.0,1.69e-05,0.0,0.0,0.0,0.0,0.0,0.0,0.0,0.0,0.000352616,0.000892808,0.00115409,0.00061429,0.000426052,0.000459708,0.00220556,0.00312396,0.000277419,0.000116154,0.000202449,0.0,0.000388214,2.83e-05,0.000135276,0.0,0.0,1.29e-05,0.0101405,2.73e-05,0.0,0.0,0.0,0.0,0.0,0.0,0.0
Reef 410,0.0,0.0,0.0,0.0,0.0,0.0,0.0,0.0,0.0,0.0,0.0,0.0,0.0,0.0,0.0,0.0,0.0,0.0,0.0,0.0,0.0,0.0,0.0,0.0,0.0,0.0,0.0,0.0,0.0,0.0,0.0,0.0,0.0,0.0,0.0,0.0,0.0,0.0,0.0,0.0,0.0,0.0,0.0,0.0,0.0,0.0,0.0,0.0,0.0,0.0,0.0,0.0,0.0,0.0,0.0,0.0,0.0,0.0,0.0,0.0,0.0,0.0,0.0,0.0,0.0,0.0,0.0,0.0,0.0,0.0,0.0,0.0,0.0,0.0,0.0,0.0,0.0,0.0,0.0,0.0,0.0,0.0,0.0,0.0,0.0,0.0,0.0,0.0,0.0,0.0,0.0,0.0,0.0,0.0,0.0,0.0,0.0,0.0,0.0,0.0,0.0,0.0,0.0,0.0,0.0,0.0,0.0,0.0,0.0,0.0,0.0,0.0,0.0,0.0,0.0,0.0,0.0,0.0,0.0,0.0,0.0,0.0,0.0,0.0,0.0,0.0,0.0,0.0,0.0,0.0,0.0,0.0,0.0,0.0,0.0,0.0,0.0,0.0,0.0,0.0,0.0,0.0,0.0,0.0,0.0,0.0,0.0,0.0,0.0,0.0,0.0,0.0,0.0,0.0,0.0,0.0,0.0,0.0,0.0,0.0,0.0,0.0,0.0,0.0,0.0,0.0,0.0,0.0,0.0,0.0,0.0,0.0,0.0,0.0,0.0,0.0,0.0,0.0,0.0,0.0,0.0,0.0,0.0,0.0,0.0,0.0,0.0,0.0,0.0,0.0,0.0,0.0,0.0,0.0,0.0,0.0,0.0,0.0,0.0,0.0,0.0,0.0,0.0,0.0,0.0,0.0,0.0,0.0,0.0,0.0,0.0,0.0,0.0,0.0,0.0,0.0,0.0,0.0,0.0,0.0,0.0,0.0,0.0,0.0,0.0,0.0,4.91e-07,0.0,0.0,0.0,0.0,0.0,0.0,0.0,0.0,0.0,0.0,0.0,0.0,0.0,0.0,0.0,0.0,0.0,0.0,0.0,0.0,0.0,0.0,0.0,0.0,0.0,0.0,0.0,0.0,0.0,0.0,0.0,0.0,0.0,0.0,0.0,0.0,0.0,0.0,0.0,0.0,0.0,0.0,0.0,0.0,0.0,0.0,0.0,0.0,0.0,0.0,0.0,0.0,0.0,0.0,0.0,0.0,0.0,0.0,0.0,0.0,0.0,0.0,0.0,0.0,0.0,0.0,0.0,0.0,0.0,0.0,0.0,5.1e-07,0.0,0.0,0.0,0.0,0.0,0.0,0.0,0.0,0.0,0.0,0.0,0.0,0.0,0.0,5.26e-06,8.79e-07,0.0,0.0,2.03e-06,1.8e-06,0.0,9.88e-06,8.12e-07,8.86e-07,0.0,0.0,4.11e-06,0.0,5.88e-07,0.0,5.97e-05,2.06e-05,0.0,0.0,3.64e-07,2.03e-05,4.88e-05,3.13e-06,0.0,7.92e-07,3.33e-07,0.0,1.3e-05,5.72e-06,1.75e-05,2.26e-06,6.96e-07,9.41e-07,0.0,0.0,0.0,4.85e-07,2.58e-05,4.04e-07,3.77e-05,0.0,0.0,0.0,8.11e-07,0.0,0.0,3.51e-06,2.96e-05,0.0,0.0,0.0,0.0,0.0,0.0,0.0,0.0,0.0,0.0,0.0,0.0,0.0,0.0,0.0,0.0,4.55e-07,0.0,0.0,1.85e-05,0.0,0.0,0.0,0.0,0.0,6.03e-05,0.0,4.1e-05,0.0,0.0,0.0,3.31e-07,0.0,0.0,0.00122071,0.000927416,0.00134376,0.000848998,0.0014753,0.000762482,0.0026441,0.00745151,0.000289299,0.000442172,0.000729979,2.95e-05,0.00592684,0.115157,0.000527154,3.41e-05,5.8e-06,3.93e-06,0.00394051,0.000114978,6.25e-07,0.0,9.73e-07,0.0,0.0,0.0,0.0
Reef 411,0.0,0.0,0.0,0.0,0.0,0.0,0.0,0.0,0.0,0.0,0.0,0.0,0.0,0.0,0.0,0.0,0.0,0.0,0.0,0.0,0.0,0.0,0.0,0.0,0.0,0.0,0.0,0.0,0.0,0.0,0.0,0.0,0.0,0.0,0.0,0.0,0.0,0.0,0.0,0.0,0.0,0.0,0.0,0.0,0.0,0.0,0.0,0.0,0.0,0.0,0.0,0.0,0.0,0.0,0.0,0.0,0.0,0.0,0.0,0.0,0.0,0.0,0.0,0.0,0.0,0.0,0.0,0.0,0.0,0.0,0.0,0.0,0.0,0.0,0.0,0.0,0.0,0.0,0.0,0.0,0.0,0.0,0.0,0.0,0.0,0.0,0.0,0.0,0.0,0.0,0.0,0.0,0.0,0.0,0.0,0.0,0.0,0.0,0.0,0.0,0.0,0.0,0.0,0.0,0.0,0.0,0.0,0.0,0.0,0.0,0.0,0.0,0.0,0.0,0.0,0.0,0.0,0.0,0.0,0.0,0.0,0.0,0.0,0.0,0.0,0.0,0.0,0.0,0.0,0.0,0.0,0.0,0.0,0.0,0.0,0.0,0.0,0.0,0.0,0.0,0.0,0.0,0.0,0.0,0.0,0.0,0.0,0.0,0.0,0.0,0.0,0.0,0.0,0.0,0.0,0.0,0.0,0.0,0.0,0.0,0.0,0.0,0.0,0.0,0.0,0.0,0.0,0.0,0.0,0.0,0.0,0.0,0.0,0.0,0.0,0.0,0.0,0.0,0.0,0.0,0.0,0.0,0.0,0.0,0.0,0.0,0.0,0.0,0.0,0.0,0.0,0.0,0.0,0.0,0.0,0.0,0.0,0.0,0.0,0.0,0.0,0.0,0.0,0.0,0.0,0.0,0.0,0.0,0.0,0.0,0.0,0.0,0.0,0.0,0.0,0.0,0.0,0.0,0.0,0.0,0.0,0.0,0.0,0.0,0.0,0.0,0.0,0.0,0.0,0.0,0.0,0.0,0.0,0.0,0.0,0.0,0.0,0.0,0.0,0.0,0.0,0.0,0.0,0.0,0.0,0.0,0.0,0.0,0.0,0.0,0.0,0.0,0.0,0.0,0.0,0.0,0.0,0.0,0.0,0.0,0.0,0.0,0.0,0.0,0.0,0.0,0.0,0.0,0.0,0.0,0.0,0.0,0.0,0.0,0.0,0.0,0.0,0.0,0.0,0.0,0.0,0.0,0.0,0.0,0.0,0.0,0.0,0.0,0.0,0.0,0.0,0.0,0.0,0.0,0.0,0.0,0.0,0.0,0.0,0.0,0.0,0.0,0.0,0.0,0.0,0.0,0.0,0.0,0.0,0.0,0.0,0.0,0.0,0.0,0.0,0.0,0.0,0.0,0.0,0.0,3.61e-06,0.0,0.0,0.0,0.0,0.0,0.0,3.09e-06,0.0,3.16e-06,6.78e-06,0.0,0.0,4.28e-06,4.01e-05,4.72e-06,4.71e-06,0.0,8.04e-06,4.38e-06,0.0,0.000154455,1.13e-05,7.4e-06,0.000189478,0.0,2.73e-06,0.0,0.0,0.0,0.0,5.09e-05,0.0,9.9e-05,0.0,0.0,0.0,6.39e-06,0.0,0.0,4.99e-06,6.28e-05,0.0,0.0,0.0,0.0,0.0,0.0,0.0,0.0,0.0,0.0,0.0,0.0,0.0,0.000151141,0.0,0.0,2.81e-06,0.0,0.0,3.96e-05,0.0,0.0,0.0,0.0,0.0,0.000149749,0.0,0.00012918,0.0,0.0,0.0,1.03e-05,0.0,0.0,0.00606148,0.0,0.0,0.0,0.00841412,0.000458631,0.000160056,0.0477168,7.04e-06,0.00286719,0.0902016,0.000201872,5.68e-06,2.58e-05,0.0349627,0.000246665,4.44e-05,0.0,4.59e-06,0.00134175,5e-06,1.85e-06,7.86e-06,0.00160146,0.0,0.0,0.0
Reef 412,0.0,0.0,0.0,0.0,0.0,0.0,0.0,0.0,0.0,0.0,0.0,0.0,0.0,0.0,0.0,0.0,0.0,0.0,0.0,0.0,0.0,0.0,0.0,0.0,0.0,0.0,0.0,0.0,0.0,0.0,0.0,0.0,0.0,0.0,0.0,0.0,0.0,0.0,0.0,0.0,0.0,0.0,0.0,0.0,0.0,0.0,0.0,0.0,0.0,0.0,0.0,0.0,0.0,0.0,0.0,0.0,0.0,0.0,0.0,0.0,0.0,0.0,0.0,0.0,0.0,0.0,0.0,0.0,0.0,0.0,0.0,0.0,0.0,0.0,0.0,0.0,0.0,0.0,0.0,0.0,0.0,0.0,0.0,0.0,0.0,0.0,0.0,0.0,0.0,0.0,0.0,0.0,0.0,0.0,0.0,0.0,0.0,0.0,0.0,0.0,0.0,0.0,0.0,0.0,0.0,0.0,0.0,0.0,0.0,0.0,0.0,0.0,0.0,0.0,0.0,0.0,0.0,0.0,0.0,0.0,0.0,0.0,0.0,0.0,0.0,0.0,0.0,0.0,0.0,0.0,0.0,0.0,0.0,0.0,0.0,0.0,0.0,0.0,0.0,0.0,0.0,0.0,0.0,0.0,0.0,0.0,0.0,0.0,0.0,0.0,0.0,0.0,0.0,0.0,0.0,0.0,0.0,0.0,0.0,0.0,0.0,0.0,0.0,0.0,0.0,0.0,0.0,0.0,0.0,0.0,0.0,0.0,0.0,0.0,0.0,0.0,0.0,0.0,0.0,0.0,0.0,0.0,0.0,0.0,0.0,0.0,0.0,0.0,0.0,0.0,0.0,0.0,0.0,0.0,0.0,0.0,0.0,0.0,0.0,0.0,0.0,0.0,0.0,0.0,0.0,0.0,0.0,0.0,0.0,0.0,0.0,0.0,0.0,0.0,0.0,0.0,0.0,0.0,0.0,0.0,0.0,0.0,0.0,0.0,0.0,0.0,0.0,0.0,0.0,0.0,0.0,0.0,0.0,0.0,0.0,0.0,0.0,0.0,0.0,0.0,0.0,0.0,0.0,0.0,0.0,0.0,0.0,0.0,0.0,0.0,0.0,0.0,0.0,0.0,0.0,0.0,0.0,0.0,0.0,0.0,0.0,0.0,0.0,0.0,0.0,0.0,0.0,0.0,0.0,0.0,0.0,0.0,0.0,0.0,0.0,0.0,0.0,0.0,0.0,0.0,0.0,0.0,0.0,0.0,0.0,0.0,0.0,0.0,0.0,0.0,0.0,0.0,0.0,0.0,0.0,0.0,0.0,0.0,0.0,0.0,0.0,0.0,0.0,0.0,0.0,0.0,0.0,0.0,0.0,0.0,0.0,0.0,0.0,0.0,0.0,0.0,0.0,0.0,0.0,0.0,0.0,0.0,0.0,0.0,0.0,0.0,0.0,3.68e-05,0.0,4.13e-05,0.0,0.0,0.0,3.89e-05,0.000292065,2.82e-05,0.000167985,0.0,5.23e-05,0.0,0.0,0.000133235,6.44e-05,0.0,0.000135858,0.0,1.74e-05,0.0,0.0,0.0,0.0,1.85e-05,0.0,3.16e-05,0.0,0.0,0.0,0.0,0.0,0.0,0.0,0.0,0.0,0.0,0.0,0.0,0.0,0.0,0.0,0.0,0.0,0.0,0.0,0.0,0.0,4.73e-05,0.0,0.0,0.00013402,0.0,0.0,4.9e-05,0.0,0.0,0.0,0.0,0.0,0.000172777,0.0,9.49e-05,0.0,0.0,0.0,3e-05,0.0,0.0,0.00525584,0.0,0.0,0.0,0.0307753,7.94e-05,0.000171273,0.0137552,0.0,0.0227274,0.00655403,0.00992363,0.0,0.0,0.00518388,0.000882144,7.31e-05,0.0,0.0,0.00134714,3.66e-05,2.3e-05,5.64e-05,0.0,0.0,0.0,0.0
Reef 413,0.0,0.0,0.0,0.0,0.0,0.0,0.0,0.0,0.0,0.0,0.0,0.0,0.0,0.0,0.0,0.0,0.0,0.0,0.0,0.0,0.0,0.0,0.0,0.0,0.0,0.0,0.0,0.0,0.0,0.0,0.0,0.0,0.0,0.0,0.0,0.0,0.0,0.0,0.0,0.0,0.0,0.0,0.0,0.0,0.0,0.0,0.0,0.0,0.0,0.0,0.0,0.0,0.0,0.0,0.0,0.0,0.0,0.0,0.0,0.0,0.0,0.0,0.0,0.0,0.0,0.0,0.0,0.0,0.0,0.0,0.0,0.0,0.0,0.0,0.0,0.0,0.0,0.0,0.0,0.0,0.0,0.0,0.0,0.0,0.0,0.0,0.0,0.0,0.0,0.0,0.0,0.0,0.0,0.0,0.0,0.0,0.0,0.0,0.0,0.0,0.0,0.0,0.0,0.0,0.0,0.0,0.0,0.0,0.0,0.0,0.0,0.0,0.0,0.0,0.0,0.0,0.0,0.0,0.0,0.0,0.0,0.0,0.0,0.0,0.0,0.0,0.0,0.0,0.0,0.0,0.0,0.0,0.0,0.0,0.0,0.0,0.0,0.0,0.0,0.0,0.0,0.0,0.0,0.0,0.0,0.0,0.0,0.0,0.0,0.0,0.0,0.0,0.0,0.0,0.0,0.0,0.0,0.0,0.0,0.0,0.0,0.0,0.0,0.0,0.0,0.0,0.0,0.0,0.0,0.0,0.0,0.0,0.0,0.0,0.0,0.0,0.0,0.0,0.0,0.0,0.0,0.0,0.0,0.0,0.0,0.0,0.0,0.0,0.0,0.0,0.0,0.0,0.0,0.0,0.0,0.0,0.0,0.0,0.0,0.0,0.0,0.0,0.0,0.0,0.0,0.0,0.0,0.0,0.0,0.0,0.0,0.0,0.0,0.0,0.0,0.0,0.0,0.0,0.0,0.0,0.0,0.0,0.0,0.0,0.0,0.0,0.0,0.0,0.0,0.0,0.0,0.0,0.0,0.0,0.0,0.0,0.0,0.0,0.0,0.0,0.0,0.0,0.0,0.0,0.0,0.0,0.0,0.0,0.0,0.0,0.0,0.0,0.0,0.0,0.0,0.0,0.0,0.0,0.0,0.0,0.0,0.0,0.0,0.0,0.0,0.0,0.0,0.0,0.0,0.0,0.0,0.0,0.0,0.0,0.0,0.0,0.0,0.0,0.0,0.0,0.0,0.0,0.0,0.0,0.0,0.0,0.0,0.0,0.0,0.0,0.0,0.0,0.0,0.0,0.0,0.0,0.0,0.0,0.0,0.0,0.0,0.0,0.0,0.0,0.0,0.0,0.0,0.0,0.0,0.0,0.0,0.0,0.0,0.0,0.0,0.0,0.0,0.0,0.0,0.0,0.0,0.0,0.0,0.0,0.0,0.0,0.0,4.2e-05,0.0,4.78e-05,0.0,0.0,0.0,4.49e-05,0.00020333,0.0,0.00011088,0.0,5.98e-05,0.0,0.0,0.000106483,7.14e-05,0.0,9.62e-05,0.0,0.0,0.0,0.0,0.0,0.0,0.0,0.0,0.0,0.0,0.0,0.0,0.0,0.0,0.0,0.0,0.0,0.0,0.0,0.0,0.0,0.0,0.0,0.0,0.0,0.0,0.0,0.0,0.0,0.0,0.0,0.0,0.0,6.21e-05,0.0,0.0,9.32e-05,0.0,0.0,0.0,0.0,0.0,0.00012311,0.0,7.05e-05,0.0,0.0,0.0,0.0,0.0,0.0,0.00479697,0.0,0.0,0.0,0.0299052,6.84e-05,0.000145016,0.0116841,0.0,0.018386,0.00557785,0.0073905,0.0,0.0,0.00447413,0.00333248,0.00230449,0.0,0.0,0.00120002,5.82e-05,0.0,0.0,0.0,0.0,0.0,0.0
Reef 414,0.0,0.0,0.0,0.0,0.0,0.0,0.0,0.0,0.0,0.0,0.0,0.0,0.0,0.0,0.0,0.0,0.0,0.0,0.0,0.0,0.0,0.0,0.0,0.0,0.0,0.0,0.0,0.0,0.0,0.0,0.0,0.0,0.0,0.0,0.0,0.0,0.0,0.0,0.0,0.0,0.0,0.0,0.0,0.0,0.0,0.0,0.0,0.0,0.0,0.0,0.0,0.0,0.0,0.0,0.0,0.0,0.0,0.0,0.0,0.0,0.0,0.0,0.0,0.0,0.0,0.0,0.0,0.0,0.0,0.0,0.0,0.0,0.0,0.0,0.0,0.0,0.0,0.0,0.0,0.0,0.0,0.0,0.0,0.0,0.0,0.0,0.0,0.0,0.0,0.0,0.0,0.0,0.0,0.0,0.0,0.0,0.0,0.0,0.0,0.0,0.0,0.0,0.0,0.0,0.0,0.0,0.0,0.0,0.0,0.0,0.0,0.0,0.0,0.0,0.0,0.0,0.0,0.0,0.0,0.0,0.0,0.0,0.0,0.0,0.0,0.0,0.0,0.0,0.0,0.0,0.0,0.0,0.0,0.0,0.0,0.0,0.0,0.0,0.0,0.0,0.0,0.0,0.0,0.0,0.0,0.0,0.0,0.0,0.0,0.0,0.0,0.0,0.0,0.0,0.0,0.0,0.0,0.0,0.0,0.0,0.0,0.0,0.0,0.0,0.0,0.0,0.0,0.0,0.0,0.0,0.0,0.0,0.0,0.0,0.0,0.0,0.0,0.0,0.0,0.0,0.0,0.0,0.0,0.0,0.0,0.0,0.0,0.0,0.0,0.0,0.0,0.0,0.0,0.0,0.0,0.0,0.0,0.0,0.0,0.0,0.0,0.0,0.0,0.0,0.0,0.0,0.0,0.0,0.0,0.0,0.0,0.0,0.0,0.0,0.0,0.0,0.0,0.0,0.0,0.0,0.0,0.0,0.0,0.0,0.0,0.0,0.0,0.0,0.0,0.0,0.0,0.0,0.0,0.0,0.0,0.0,0.0,0.0,0.0,0.0,0.0,0.0,0.0,0.0,0.0,0.0,0.0,0.0,0.0,0.0,0.0,0.0,0.0,0.0,0.0,0.0,0.0,0.0,0.0,0.0,0.0,0.0,0.0,0.0,0.0,0.0,0.0,0.0,0.0,0.0,0.0,0.0,0.0,0.0,0.0,0.0,0.0,0.0,0.0,0.0,0.0,0.0,0.0,0.0,0.0,0.0,0.0,0.0,0.0,0.0,0.0,0.0,0.0,0.0,0.0,0.0,0.0,0.0,0.0,0.0,0.0,0.0,0.0,0.0,0.0,0.0,0.0,0.0,0.0,0.0,0.0,0.0,0.0,0.0,0.0,0.0,0.0,0.0,0.0,0.0,0.0,0.0,0.0,0.0,0.0,0.0,0.0,0.0,0.0,0.0,0.0,0.0,0.0,0.0,0.0,0.0,0.0,0.0,0.0,0.0,0.0,0.0,0.0,0.0,0.0,0.0,0.0,0.0,0.0,0.0,0.0,0.0,0.0,0.0,0.0,0.0,0.0,0.0,0.0,0.0,0.0,0.0,0.0,0.0,0.0,0.0,0.0,0.0,0.0,0.0,0.0,0.0,0.0,0.0,0.0,0.0,0.0,0.0,0.0,0.0,0.0,0.0,0.0,0.0,0.0,0.0,0.0,0.0,0.0,0.0,0.0,0.0,0.0,0.0,0.0,0.0,0.0,0.000943587,0.0,0.0,0.0,0.0,0.00160108,0.0027232,0.0,0.0,0.0,0.0,0.0124596,0.0592727,0.0,0.0,0.0,0.00127271,0.00417069,0.0,0.0,0.0,0.0,0.0,0.0,0.0,0.0
Reef 415,0.0,0.0,0.0,0.0,0.0,0.0,0.0,0.0,0.0,0.0,0.0,0.0,0.0,0.0,0.0,0.0,0.0,0.0,0.0,0.0,0.0,0.0,0.0,0.0,0.0,0.0,0.0,0.0,0.0,0.0,0.0,0.0,0.0,0.0,0.0,0.0,0.0,0.0,0.0,0.0,0.0,0.0,0.0,0.0,0.0,0.0,0.0,0.0,0.0,0.0,0.0,0.0,0.0,0.0,0.0,0.0,0.0,0.0,0.0,0.0,0.0,0.0,0.0,0.0,0.0,0.0,0.0,0.0,0.0,0.0,0.0,0.0,0.0,0.0,0.0,0.0,0.0,0.0,0.0,0.0,0.0,0.0,0.0,0.0,0.0,0.0,0.0,0.0,0.0,0.0,0.0,0.0,0.0,0.0,0.0,0.0,0.0,0.0,0.0,0.0,0.0,0.0,0.0,0.0,0.0,0.0,0.0,0.0,0.0,0.0,0.0,0.0,0.0,0.0,0.0,0.0,0.0,0.0,0.0,0.0,0.0,0.0,0.0,0.0,0.0,0.0,0.0,0.0,0.0,0.0,0.0,0.0,0.0,0.0,0.0,0.0,0.0,0.0,0.0,0.0,0.0,0.0,0.0,0.0,0.0,0.0,0.0,0.0,0.0,0.0,0.0,0.0,0.0,0.0,0.0,0.0,0.0,0.0,0.0,0.0,0.0,0.0,0.0,0.0,0.0,0.0,0.0,0.0,0.0,0.0,0.0,0.0,0.0,0.0,0.0,0.0,0.0,0.0,0.0,0.0,0.0,0.0,0.0,0.0,0.0,0.0,0.0,0.0,0.0,0.0,0.0,0.0,0.0,0.0,0.0,0.0,0.0,0.0,0.0,0.0,0.0,0.0,0.0,0.0,0.0,0.0,0.0,0.0,0.0,0.0,0.0,0.0,0.0,0.0,0.0,0.0,0.0,0.0,0.0,0.0,0.0,0.0,0.0,0.0,0.0,0.0,0.0,0.0,0.0,0.0,0.0,0.0,0.0,0.0,0.0,0.0,0.0,0.0,0.0,0.0,0.0,0.0,0.0,0.0,0.0,0.0,0.0,0.0,0.0,0.0,0.0,0.0,0.0,0.0,0.0,0.0,0.0,0.0,0.0,0.0,0.0,0.0,0.0,0.0,0.0,0.0,0.0,0.0,0.0,0.0,0.0,0.0,0.0,0.0,0.0,0.0,0.0,0.0,0.0,0.0,0.0,0.0,0.0,0.0,0.0,0.0,0.0,0.0,0.0,0.0,0.0,0.0,0.0,0.0,0.0,0.0,0.0,0.0,0.0,0.0,0.0,0.0,0.0,0.0,0.0,0.0,0.0,0.0,0.0,0.0,0.0,0.0,0.0,0.0,0.0,0.0,0.0,0.0,0.0,0.0,0.0,0.0,0.0,0.0,0.0,0.0,0.0,0.0,0.0,0.0,0.0,0.0,0.0,0.0,5.06e-05,0.0,1.66e-05,0.0,0.0,0.0,0.0,2.51e-05,0.0,0.0,1.34e-05,0.0,0.0,0.0,0.0,0.0,0.0,0.0,0.0,0.0,0.0,0.0,0.0,0.0,0.0,0.0,0.0,0.0,0.0,0.0,0.0,0.0,0.0,0.0,0.0,0.0,0.0,0.0,0.0,0.0,0.0,0.0,0.0,0.0,0.0,0.0,0.0,0.0,0.0,0.0,0.0,0.0,0.0,1.45e-05,0.0,0.0,0.0,0.0,0.0,0.0,0.0,0.0,0.000301756,0.000490316,0.000334263,0.000257684,0.000362972,0.000221446,0.00102219,0.00184728,0.000133325,0.000113284,0.000190398,0.0,0.00720807,0.0264393,0.000137463,0.0,0.0,0.000139345,0.0131246,3.09e-05,0.0,0.0,0.0,0.0,0.0,0.0,0.0
Reef 416,0.0,0.0,0.0,0.0,0.0,0.0,0.0,0.0,0.0,0.0,0.0,0.0,0.0,0.0,0.0,0.0,0.0,0.0,0.0,0.0,0.0,0.0,0.0,0.0,0.0,0.0,0.0,0.0,0.0,0.0,0.0,0.0,0.0,0.0,0.0,0.0,0.0,0.0,0.0,0.0,0.0,0.0,0.0,0.0,0.0,0.0,0.0,0.0,0.0,0.0,0.0,0.0,0.0,0.0,0.0,0.0,0.0,0.0,0.0,0.0,0.0,0.0,0.0,0.0,0.0,0.0,0.0,0.0,0.0,0.0,0.0,0.0,0.0,0.0,0.0,0.0,0.0,0.0,0.0,0.0,0.0,0.0,0.0,0.0,0.0,0.0,0.0,0.0,0.0,0.0,0.0,0.0,0.0,0.0,0.0,0.0,0.0,0.0,0.0,0.0,0.0,0.0,0.0,0.0,0.0,0.0,0.0,0.0,0.0,0.0,0.0,0.0,0.0,0.0,0.0,0.0,0.0,0.0,0.0,0.0,0.0,0.0,0.0,0.0,0.0,0.0,0.0,0.0,0.0,0.0,0.0,0.0,0.0,0.0,0.0,0.0,0.0,0.0,0.0,0.0,0.0,0.0,0.0,0.0,0.0,0.0,0.0,0.0,0.0,0.0,0.0,0.0,0.0,0.0,0.0,0.0,0.0,0.0,0.0,0.0,0.0,0.0,0.0,0.0,0.0,0.0,0.0,0.0,0.0,0.0,0.0,0.0,0.0,0.0,0.0,0.0,0.0,0.0,0.0,0.0,0.0,0.0,0.0,0.0,0.0,0.0,0.0,0.0,0.0,0.0,0.0,0.0,0.0,0.0,0.0,0.0,0.0,0.0,0.0,0.0,0.0,0.0,0.0,0.0,0.0,0.0,0.0,0.0,0.0,0.0,0.0,0.0,0.0,0.0,0.0,0.0,0.0,0.0,0.0,0.0,0.0,0.0,0.0,0.0,0.0,0.0,0.0,0.0,0.0,0.0,0.0,0.0,0.0,0.0,0.0,0.0,0.0,0.0,0.0,0.0,0.0,0.0,0.0,0.0,0.0,0.0,0.0,0.0,0.0,0.0,0.0,0.0,0.0,0.0,0.0,0.0,0.0,0.0,0.0,0.0,0.0,0.0,0.0,0.0,0.0,0.0,0.0,0.0,0.0,0.0,0.0,0.0,0.0,0.0,0.0,0.0,0.0,0.0,0.0,0.0,0.0,0.0,0.0,0.0,0.0,0.0,0.0,0.0,0.0,0.0,0.0,0.0,0.0,0.0,0.0,0.0,0.0,0.0,0.0,0.0,0.0,0.0,0.0,0.0,0.0,0.0,0.0,0.0,0.0,0.0,0.0,0.0,0.0,0.0,0.0,0.0,0.0,0.0,0.0,0.0,0.0,0.0,0.0,0.0,0.0,0.0,0.0,1.58e-05,0.0,1.73e-05,5.85e-06,0.0,0.0,1.64e-05,2.22e-05,1.11e-05,0.000458027,0.0,7.88e-06,0.0,0.0,0.000203446,2.09e-05,6.22e-06,0.000338633,0.0,7.98e-06,0.0,0.0,0.0,0.0,7.91e-05,0.0,0.000134375,0.0,0.0,0.0,6.78e-06,0.0,0.0,4.88e-06,8.8e-05,0.0,0.0,0.0,0.0,0.0,0.0,0.0,0.0,0.0,0.0,0.0,0.0,0.0,9.88e-05,0.0,0.0,0.000268413,0.0,0.0,3.93e-05,0.0,0.0,0.0,0.0,0.0,0.000148672,0.0,0.000128113,0.0,0.0,0.0,8.79e-06,0.0,0.0,0.00591657,0.0,0.0,0.0,0.00810612,0.00034854,9.16e-05,0.0405622,5.52e-06,0.00288458,0.0431189,0.00021536,0.0,1.47e-05,0.0714881,0.000264873,4.79e-05,0.0,4.89e-06,0.00242575,5.44e-06,0.00421637,8.61e-06,0.0022111,0.0,0.0,0.0
Reef 417,0.0,0.0,0.0,0.0,0.0,0.0,0.0,0.0,0.0,0.0,0.0,0.0,0.0,0.0,0.0,0.0,0.0,0.0,0.0,0.0,0.0,0.0,0.0,0.0,0.0,0.0,0.0,0.0,0.0,0.0,0.0,0.0,0.0,0.0,0.0,0.0,0.0,0.0,0.0,0.0,0.0,0.0,0.0,0.0,0.0,0.0,0.0,0.0,0.0,0.0,0.0,0.0,0.0,0.0,0.0,0.0,0.0,0.0,0.0,0.0,0.0,0.0,0.0,0.0,0.0,0.0,0.0,0.0,0.0,0.0,0.0,0.0,0.0,0.0,0.0,0.0,0.0,0.0,0.0,0.0,0.0,0.0,0.0,0.0,0.0,0.0,0.0,0.0,0.0,0.0,0.0,0.0,0.0,0.0,0.0,0.0,0.0,0.0,0.0,0.0,0.0,0.0,0.0,0.0,0.0,0.0,0.0,0.0,0.0,0.0,0.0,0.0,0.0,0.0,0.0,0.0,0.0,0.0,0.0,0.0,0.0,0.0,0.0,0.0,0.0,0.0,0.0,0.0,0.0,0.0,0.0,0.0,0.0,0.0,0.0,0.0,0.0,0.0,0.0,0.0,0.0,0.0,0.0,0.0,0.0,0.0,0.0,0.0,0.0,0.0,0.0,0.0,0.0,0.0,0.0,0.0,0.0,0.0,0.0,0.0,0.0,0.0,0.0,0.0,0.0,0.0,0.0,0.0,0.0,0.0,0.0,0.0,0.0,0.0,0.0,0.0,0.0,0.0,0.0,0.0,0.0,0.0,0.0,0.0,0.0,0.0,0.0,0.0,0.0,0.0,0.0,0.0,0.0,0.0,0.0,0.0,0.0,0.0,0.0,0.0,0.0,0.0,0.0,0.0,0.0,0.0,0.0,0.0,0.0,0.0,0.0,0.0,0.0,0.0,0.0,0.0,0.0,0.0,0.0,0.0,0.0,0.0,0.0,0.0,0.0,0.0,0.0,0.0,0.0,0.0,0.0,0.0,0.0,0.0,0.0,0.0,0.0,0.0,0.0,0.0,0.0,0.0,0.0,0.0,0.0,0.0,0.0,0.0,0.0,0.0,0.0,0.0,0.0,0.0,0.0,0.0,0.0,0.0,0.0,0.0,0.0,0.0,0.0,0.0,0.0,0.0,0.0,0.0,0.0,0.0,0.0,0.0,0.0,0.0,0.0,0.0,0.0,0.0,0.0,0.0,0.0,0.0,0.0,0.0,0.0,0.0,0.0,0.0,0.0,0.0,0.0,0.0,0.0,0.0,0.0,0.0,0.0,0.0,0.0,0.0,0.0,0.0,0.0,0.0,0.0,0.0,0.0,0.0,0.0,0.0,0.0,0.0,0.0,0.0,0.0,0.0,0.0,0.0,0.0,0.0,0.0,0.0,0.0,0.0,0.0,0.0,0.0,9.31e-05,0.0,0.000108849,0.0,0.0,0.0,0.00010143,0.000158365,7.63e-05,8.58e-05,0.0,0.000132372,0.0,0.0,8.17e-05,0.000148051,0.0,7.43e-05,0.0,0.0,0.0,0.0,0.0,0.0,0.0,0.0,0.0,0.0,0.0,0.0,0.0,0.0,0.0,0.0,0.0,0.0,0.0,0.0,0.0,0.0,0.0,0.0,0.0,0.0,0.0,0.0,0.0,0.0,0.0,0.0,0.0,0.0,0.0,0.0,7.85e-05,0.0,0.0,0.0,0.0,0.0,0.000106989,0.0,6.31e-05,0.0,0.0,0.0,0.0,0.0,0.0,0.00539817,0.0,0.0,0.0,0.039105,6.59e-05,0.000143343,0.0117179,0.0,0.0161628,0.00585168,0.00612032,0.0,0.0,0.00481493,0.00518801,0.00192259,0.0,0.0,0.00127047,0.000940535,0.0,5.21e-05,0.0,0.0,0.0,0.0
Reef 418,0.0,0.0,0.0,0.0,0.0,0.0,0.0,0.0,0.0,0.0,0.0,0.0,0.0,0.0,0.0,0.0,0.0,0.0,0.0,0.0,0.0,0.0,0.0,0.0,0.0,0.0,0.0,0.0,0.0,0.0,0.0,0.0,0.0,0.0,0.0,0.0,0.0,0.0,0.0,0.0,0.0,0.0,0.0,0.0,0.0,0.0,0.0,0.0,0.0,0.0,0.0,0.0,0.0,0.0,0.0,0.0,0.0,0.0,0.0,0.0,0.0,0.0,0.0,0.0,0.0,0.0,0.0,0.0,0.0,0.0,0.0,0.0,0.0,0.0,0.0,0.0,0.0,0.0,0.0,0.0,0.0,0.0,0.0,0.0,0.0,0.0,0.0,0.0,0.0,0.0,0.0,0.0,0.0,0.0,0.0,0.0,0.0,0.0,0.0,0.0,0.0,0.0,0.0,0.0,0.0,0.0,0.0,0.0,0.0,0.0,0.0,0.0,0.0,0.0,0.0,0.0,0.0,0.0,0.0,0.0,0.0,0.0,0.0,0.0,0.0,0.0,0.0,0.0,0.0,0.0,0.0,0.0,0.0,0.0,0.0,0.0,0.0,0.0,0.0,0.0,0.0,0.0,0.0,0.0,0.0,0.0,0.0,0.0,0.0,0.0,0.0,0.0,0.0,0.0,0.0,0.0,0.0,0.0,0.0,0.0,0.0,0.0,0.0,0.0,0.0,0.0,0.0,0.0,0.0,0.0,0.0,0.0,0.0,0.0,0.0,0.0,0.0,0.0,0.0,0.0,0.0,0.0,0.0,0.0,0.0,0.0,0.0,0.0,0.0,0.0,0.0,0.0,0.0,0.0,0.0,0.0,0.0,0.0,0.0,0.0,0.0,0.0,0.0,0.0,0.0,0.0,0.0,0.0,0.0,0.0,0.0,0.0,0.0,0.0,0.0,0.0,0.0,0.0,0.0,0.0,0.0,0.0,0.0,0.0,0.0,0.0,0.0,0.0,0.0,0.0,0.0,0.0,0.0,0.0,0.0,0.0,0.0,0.0,0.0,0.0,0.0,0.0,0.0,0.0,0.0,0.0,0.0,0.0,0.0,0.0,0.0,0.0,0.0,0.0,0.0,0.0,0.0,0.0,0.0,0.0,0.0,0.0,0.0,0.0,0.0,0.0,0.0,0.0,0.0,0.0,0.0,0.0,0.0,0.0,0.0,0.0,0.0,0.0,0.0,0.0,0.0,0.0,0.0,0.0,0.0,0.0,0.0,0.0,0.0,0.0,0.0,0.0,0.0,0.0,0.0,0.0,0.0,0.0,0.0,0.0,0.0,0.0,0.0,0.0,0.0,0.0,0.0,0.0,0.0,0.0,0.0,0.0,0.0,0.0,0.0,0.0,0.0,0.0,0.0,0.0,0.0,0.0,0.0,0.0,0.0,0.0,0.0,0.0,0.0,0.0,0.0,0.0,0.0,0.0,0.00036261,0.0,0.000224463,0.0,0.0,0.0,0.0,8.02e-05,0.0,0.0,0.000151898,0.0,0.0,0.0,0.0,0.0,0.0,0.0,0.0,0.0,0.0,0.0,0.0,0.0,0.0,0.0,0.0,0.0,0.0,0.0,0.0,0.0,0.0,0.0,0.0,0.0,0.0,0.0,0.0,0.0,0.0,0.0,0.0,0.0,9.23e-05,0.0,0.0,7.63e-05,0.0,0.0,0.0,0.0,0.0,0.000132324,0.0,0.000113209,0.0,0.0,0.0,0.0,0.0,0.0,0.00520366,0.0,0.0,0.0,0.00693625,0.000292536,0.000534228,0.0360121,0.0,0.00253436,0.0301001,0.000199488,0.0,0.0,0.0628167,0.000248777,0.000829877,0.0,0.0,0.0109781,9.83e-05,0.000160655,0.000106087,0.0027083,0.0,0.0,0.0
Reef 419,0.0,0.0,0.0,0.0,0.0,0.0,0.0,0.0,0.0,0.0,0.0,0.0,0.0,0.0,0.0,0.0,0.0,0.0,0.0,0.0,0.0,0.0,0.0,0.0,0.0,0.0,0.0,0.0,0.0,0.0,0.0,0.0,0.0,0.0,0.0,0.0,0.0,0.0,0.0,0.0,0.0,0.0,0.0,0.0,0.0,0.0,0.0,0.0,0.0,0.0,0.0,0.0,0.0,0.0,0.0,0.0,0.0,0.0,0.0,0.0,0.0,0.0,0.0,0.0,0.0,0.0,0.0,0.0,0.0,0.0,0.0,0.0,0.0,0.0,0.0,0.0,0.0,0.0,0.0,0.0,0.0,0.0,0.0,0.0,0.0,0.0,0.0,0.0,0.0,0.0,0.0,0.0,0.0,0.0,0.0,0.0,0.0,0.0,0.0,0.0,0.0,0.0,0.0,0.0,0.0,0.0,0.0,0.0,0.0,0.0,0.0,0.0,0.0,0.0,0.0,0.0,0.0,0.0,0.0,0.0,0.0,0.0,0.0,0.0,0.0,0.0,0.0,0.0,0.0,0.0,0.0,0.0,0.0,0.0,0.0,0.0,0.0,0.0,0.0,0.0,0.0,0.0,0.0,0.0,0.0,0.0,0.0,0.0,0.0,0.0,0.0,0.0,0.0,0.0,0.0,0.0,0.0,0.0,0.0,0.0,0.0,0.0,0.0,0.0,0.0,0.0,0.0,0.0,0.0,0.0,0.0,0.0,0.0,0.0,0.0,0.0,0.0,0.0,0.0,0.0,0.0,0.0,0.0,0.0,0.0,0.0,0.0,0.0,0.0,0.0,0.0,0.0,0.0,0.0,0.0,0.0,0.0,0.0,0.0,0.0,0.0,0.0,0.0,0.0,0.0,0.0,0.0,0.0,0.0,0.0,0.0,0.0,0.0,0.0,0.0,0.0,0.0,0.0,0.0,0.0,0.0,0.0,0.0,0.0,0.0,0.0,0.0,0.0,0.0,0.0,0.0,0.0,0.0,0.0,0.0,0.0,0.0,0.0,0.0,0.0,0.0,0.0,0.0,0.0,0.0,0.0,0.0,0.0,0.0,0.0,0.0,0.0,0.0,0.0,0.0,0.0,0.0,0.0,0.0,0.0,0.0,0.0,0.0,0.0,0.0,0.0,0.0,0.0,0.0,0.0,0.0,0.0,0.0,0.0,0.0,0.0,0.0,0.0,0.0,0.0,0.0,0.0,0.0,0.0,0.0,0.0,0.0,0.0,0.0,0.0,0.0,0.0,0.0,0.0,0.0,0.0,0.0,0.0,0.0,0.0,0.0,0.0,0.0,0.0,0.0,0.0,0.0,0.0,0.0,0.0,0.0,0.0,0.0,0.0,0.0,0.0,0.0,0.0,0.0,0.0,3.17e-05,0.0,0.0,0.0,0.0,0.0,0.0,0.000153095,0.0,0.000179571,6.01e-05,0.0,0.0,0.000167022,0.000110091,0.000124597,5.94e-05,0.0,0.000216532,3.22e-05,0.0,5.25e-05,0.000237629,5.4e-05,5.01e-05,0.0,6.57e-05,0.0,0.0,0.0,0.0,0.0,0.0,0.0,0.0,0.0,0.0,0.0,0.0,0.0,0.0,0.0,0.0,0.0,0.0,0.0,0.0,0.0,0.0,0.0,0.0,0.0,0.0,0.0,0.0,0.0,0.0,0.0,2.57e-05,0.0,0.0,6.91e-05,0.0,0.0,0.0,0.0,0.0,0.000140393,0.0,8.71e-05,0.0,0.0,0.0,4.3e-05,0.0,0.0,0.00404594,0.0,0.0,0.0,0.0482298,6.51e-05,0.000115717,0.0126141,0.0,0.0164582,0.006918,0.00556212,0.0,0.0,0.00607836,0.0045444,0.00221223,0.0,0.0,0.00155758,0.000470762,3.1e-05,0.0011659,3.67e-05,0.0,0.0,0.0
Reef 420,0.0,0.0,0.0,0.0,0.0,0.0,0.0,0.0,0.0,0.0,0.0,0.0,0.0,0.0,0.0,0.0,0.0,0.0,0.0,0.0,0.0,0.0,0.0,0.0,0.0,0.0,0.0,0.0,0.0,0.0,0.0,0.0,0.0,0.0,0.0,0.0,0.0,0.0,0.0,0.0,0.0,0.0,0.0,0.0,0.0,0.0,0.0,0.0,0.0,0.0,0.0,0.0,0.0,0.0,0.0,0.0,0.0,0.0,0.0,0.0,0.0,0.0,0.0,0.0,0.0,0.0,0.0,0.0,0.0,0.0,0.0,0.0,0.0,0.0,0.0,0.0,0.0,0.0,0.0,0.0,0.0,0.0,0.0,0.0,0.0,0.0,0.0,0.0,0.0,0.0,0.0,0.0,0.0,0.0,0.0,0.0,0.0,0.0,0.0,0.0,0.0,0.0,0.0,0.0,0.0,0.0,0.0,0.0,0.0,0.0,0.0,0.0,0.0,0.0,0.0,0.0,0.0,0.0,0.0,0.0,0.0,0.0,0.0,0.0,0.0,0.0,0.0,0.0,0.0,0.0,0.0,0.0,0.0,0.0,0.0,0.0,0.0,0.0,0.0,0.0,0.0,0.0,0.0,0.0,0.0,0.0,0.0,0.0,0.0,0.0,0.0,0.0,0.0,0.0,0.0,0.0,0.0,0.0,0.0,0.0,0.0,0.0,0.0,0.0,0.0,0.0,0.0,0.0,0.0,0.0,0.0,0.0,0.0,0.0,0.0,0.0,0.0,0.0,0.0,0.0,0.0,0.0,0.0,0.0,0.0,0.0,0.0,0.0,0.0,0.0,0.0,0.0,0.0,0.0,0.0,0.0,0.0,0.0,0.0,0.0,0.0,0.0,0.0,0.0,0.0,0.0,0.0,0.0,0.0,0.0,0.0,0.0,0.0,0.0,0.0,0.0,0.0,0.0,0.0,0.0,0.0,0.0,0.0,0.0,0.0,0.0,0.0,0.0,0.0,0.0,0.0,0.0,0.0,0.0,0.0,0.0,0.0,0.0,0.0,0.0,0.0,0.0,0.0,0.0,0.0,0.0,0.0,0.0,0.0,0.0,0.0,0.0,0.0,0.0,0.0,0.0,0.0,0.0,0.0,0.0,0.0,0.0,0.0,0.0,0.0,0.0,0.0,0.0,0.0,0.0,0.0,0.0,0.0,0.0,0.0,0.0,0.0,0.0,0.0,0.0,0.0,0.0,0.0,0.0,0.0,0.0,0.0,0.0,0.0,0.0,0.0,0.0,0.0,0.0,0.0,0.0,0.0,0.0,0.0,0.0,0.0,0.0,0.0,0.0,0.0,0.0,0.0,0.0,0.0,0.0,0.0,0.0,0.0,0.0,0.0,0.0,0.0,0.0,0.0,0.0,0.0,0.0,0.0,0.0,0.0,0.0,0.0,0.0,0.0,0.0,0.0,0.0,0.0,0.0,0.000315546,0.0,0.000192183,0.0,6.59e-05,0.0,0.0,7.12e-05,8.28e-05,0.0,0.000129651,0.0,0.0,0.0,0.0,0.0,0.0,0.0,0.0,0.0,0.0,0.0,0.0,0.0,0.0,0.0,0.0,0.0,0.0,0.0,0.0,0.0,0.0,0.0,0.0,0.0,0.0,0.0,0.0,0.0,0.0,0.0,0.0,0.0,9.19e-05,0.0,0.0,8.07e-05,0.0,0.0,0.0,0.0,0.0,0.000128602,0.0,0.000109645,0.0,0.0,0.0,0.0,0.0,0.0,0.00506684,0.0,0.0,0.0,0.00673505,0.000280654,0.00054277,0.0353952,0.0,0.0024873,0.0284368,0.000199713,0.0,0.0,0.0556104,0.000250178,0.000805374,0.0,0.0,0.0110346,9.77e-05,0.000477955,0.000100232,0.000140098,0.0,0.0,0.0
Reef 421,0.0,0.0,0.0,0.0,0.0,0.0,0.0,0.0,0.0,0.0,0.0,0.0,0.0,0.0,0.0,0.0,0.0,0.0,0.0,0.0,0.0,0.0,0.0,0.0,0.0,0.0,0.0,0.0,0.0,0.0,0.0,0.0,0.0,0.0,0.0,0.0,0.0,0.0,0.0,0.0,0.0,0.0,0.0,0.0,0.0,0.0,0.0,0.0,0.0,0.0,0.0,0.0,0.0,0.0,0.0,0.0,0.0,0.0194102,0.0,0.0,0.0,0.0,0.0,0.0,0.0,0.0,0.0,0.0,0.0,0.0,0.0,0.0,0.0,0.0,0.0,0.0,0.0,0.0,0.0,0.0,0.0,0.0,0.0,0.0,0.0,0.0,0.0,0.0,0.0,0.0,0.0,0.0,0.0,0.0,0.0,0.0314726,0.0,0.0,0.0,0.0,0.0,0.0,0.0,0.0,0.0,0.0,0.0,0.0306393,0.0,0.0,0.0,0.0,0.0,0.0,0.0,0.0,0.0,0.0,0.0,0.0,0.0,0.0,0.0,0.0,0.0,0.0,0.0,0.0,0.0,0.0,0.0,0.0,0.0,0.0,0.0151949,0.0,0.0,0.0,0.0,0.0,0.0,0.0,0.0,0.0,0.0,0.0,0.0,0.0,0.0,0.0,0.0,0.0,0.0,0.0,0.0,0.0,0.0,0.0,0.0,0.0,0.0,0.0,0.0,0.0,0.0,0.0,0.0,0.0,0.0,0.0,0.0,0.0,0.0,0.0,0.0,0.0,0.0,0.0,0.0,0.0,0.0,0.0,0.0,0.0,0.0,0.0,0.0,0.0,0.0,0.0,0.0,0.0,0.0,0.0,0.0,0.0,0.0,0.0,0.0,0.0,0.0,0.0,0.0,0.0,0.0,0.0,0.0,0.0,0.0,0.0,0.0,0.0,0.0,0.0,0.0,0.0,0.0,0.0,0.0,0.0,0.0,0.0,0.0,0.0,0.0,0.0,0.0,0.0,0.0,0.0,0.0,0.0,0.0,0.0,0.0,0.0,0.0,0.0,0.0,0.0,0.0,0.0,0.0,0.0,0.0,0.0,0.0,0.0,0.0,0.0,0.0,0.0,0.0,0.0,0.0,0.0,0.0,0.0,0.0,0.0,0.0,0.0,0.0,0.0,0.0,0.0,0.0,0.0,0.0,0.0,0.0,0.0,0.0,0.0,0.0,0.0,0.0,0.0,0.0,0.0,0.0,0.0,0.0,0.0,0.0,0.0,0.0,0.0,0.0,0.0,0.0,0.0,0.0,0.0,0.0,0.0,0.0,0.0,0.0,0.0,0.0,0.0,0.0,0.0,0.0,0.0,0.0,0.0,0.0,0.0,0.0,0.0,0.0,0.0,0.0,0.0,0.0,0.0,0.0,0.0,0.0,0.0,0.0,0.0,0.0,0.0,0.0,0.0,0.0,0.0,0.0,0.0,0.0,0.0,0.0,0.0,0.0,0.0,0.0,0.0,0.0,0.0,0.0,0.0,0.0,0.0,0.0,0.0,0.0,0.0,0.0,0.0,0.0,0.0,0.0,0.0,0.0,0.0,0.0,0.0,0.0,0.0,0.0,0.0,0.0,0.0,0.0,0.0,0.0,0.0,0.0,0.0,0.0,0.0,0.0,0.0,0.0,0.0,0.0,0.0,0.0,0.0,0.0,0.0,0.0,0.0,0.0,0.0,0.0,0.0,0.0,0.0,0.0,0.0,0.0,0.0,0.0,0.0,0.0,0.0,0.0,0.0,0.0,0.0,0.0,0.0,0.0,0.0,0.0,0.0,0.0,0.0,0.0,0.0,0.0,0.0,0.0,0.0,0.0,0.0,0.0,0.0,0.0
Reef 422,0.0,0.0,0.0,0.0,0.0,0.0,0.0,0.0,0.0,0.0,0.0,0.0,0.0,0.0,0.0,0.0,0.0,0.0,0.0,0.0,0.0,0.0,0.0,0.0,0.0,0.0,0.0,0.0,0.0,0.0,0.0,0.0,0.0,0.0,0.0,0.0,0.0,0.0,0.0,0.0,0.0,0.0,0.0,0.0,0.0,0.0,0.0,0.0,0.0,0.0,0.0,0.0,0.0,0.0,0.0,0.0,0.0,0.0,0.0,0.0,0.0,0.0,0.0,0.0,0.0,0.0,0.0,0.0,0.0,0.0,0.0,0.0,0.0,0.0,0.0,0.0,0.0,0.0,0.0,0.0,0.0,0.0,0.0,0.0,0.0,0.0,0.0,0.0,0.0,0.0,0.0,0.0,0.0,0.0,0.0,0.0,0.0,0.0,0.0,0.0,0.0,0.0,0.0,0.0,0.0,0.0,0.0,0.0,0.0,0.0,0.0,0.0,0.0,0.0,0.0,0.0,0.0,0.0,0.0,0.0,0.0,0.0,0.0,0.0,0.0,0.0,0.0,0.0,0.0,0.0,0.0,0.0,0.0,0.0,0.0,0.0,0.0,0.0,0.0,0.0,0.0,0.0,0.0,0.0,0.0,0.0,0.0,0.0,0.0,0.0,0.0,0.0,0.0,0.0,0.0,0.0,0.0,0.0,0.0,0.0,0.0,0.0,0.0,0.0,0.0,0.0,0.0,0.0,0.0,0.0,0.0,0.0,0.0,0.0,0.0,0.0,0.0,0.0,0.0,0.0,0.0,0.0,0.0,2.53e-05,1.89e-05,0.0,0.0,0.0,0.0,0.0,0.0,0.0,0.0,0.0,0.0,0.0,0.0,0.000294287,0.0,5.82e-05,0.0,0.0,0.0,0.0,0.0,0.0,0.0,0.000160308,0.0,0.0,0.0,0.0,0.0,0.0,0.0,0.0,0.0,0.0,0.0,0.0,0.0,0.0,0.0,0.0,0.0,0.0,0.0,0.0,0.0,4.97e-05,0.0,0.0,0.0,0.0,0.0,0.0,0.0,0.0,0.0,0.0,0.0,0.0,0.0,0.0,0.0,0.0,0.0,0.0,0.0,0.0,0.0,0.0,0.0,0.0,0.0,0.0,0.0,0.0,0.0,0.0,0.0,0.0,0.0,0.0,0.0,0.0,0.0,0.0,0.0,0.0,0.0,0.0,0.0,0.0,0.0,0.0,0.0,0.0,0.0,0.0,0.0,0.0,0.0,0.0,0.0,0.0,0.0,0.0,0.0,0.0,0.0,0.0,0.0,0.0,0.0,0.0,0.0,0.0,0.0,0.0,0.0,0.0,0.0,0.0,0.0,0.0,0.0,0.0,0.0,0.0,0.0,0.0,0.0,0.0,0.0,0.0,0.0,0.0,0.0,0.0,0.0,0.0,0.0,0.0,0.0,0.0,0.0,0.0,0.0,0.0,0.0,0.0,0.0,0.0,0.0,0.0,0.0,0.0,0.0,0.0,0.0,0.0,0.0,0.0,0.0,0.0,0.0,0.0,0.0,0.0,0.0,0.0,0.0,0.0,0.0,0.0,0.0,0.0,0.0,0.0,0.0,0.0,0.0,0.0,0.0,0.0,0.0,0.0,0.0,0.0,0.0,0.0,0.0,0.0,0.0,0.0,0.0,0.0,0.0,0.0,0.0,0.0,0.0,0.0,0.0,0.0,0.0,0.0,0.0,0.0,0.0,0.0,0.0,0.0,0.0,0.0,0.0,0.0,0.0,0.0,0.0,0.0,0.0,0.0,0.0,0.0,0.0,0.0,0.0,0.0,0.0,0.0,0.0,0.0,0.0,0.0,0.0,0.0,0.0,0.0,0.0,0.0139086,0.0
Reef 423,0.0,0.0,0.0,0.0,0.0,0.0,0.0,0.0,0.0,0.0,0.0,0.0,0.0,0.0,0.0,0.0,0.0,0.0,0.0,0.0,0.0,0.0,0.0,0.0,0.0,0.0,0.0,0.0,0.0,0.0,0.0,0.0,0.0,0.0,0.0,0.0,0.0,0.0,0.0,0.0,0.0,0.0,0.0,0.0,0.0,0.0,0.0,0.0,0.0,0.0,0.0,0.0,0.0,0.0,0.0,0.0,0.0,0.0,0.0,0.0,0.0,0.0,0.0,0.0,0.0,0.0,0.0,0.0,0.0,0.0,0.0,0.0,0.0,0.0,0.0,0.0,0.0,0.0,0.0,0.0,0.0,0.0,0.0,0.0,0.0,0.0,0.0,0.0,0.0,0.0,0.0,0.0,0.0,0.0,0.0,0.0,0.0,0.0,0.0,0.0,0.0,0.0,0.0,0.0,0.0,0.0,0.0,0.0,0.0,0.0,0.0,0.0,0.0,0.0,0.0,0.0,0.0,0.0,0.0,0.0,0.0,0.0,0.0,0.0,0.0,0.0,0.0,0.0,0.0,0.0,0.0,0.0,0.0,0.0,0.0,0.0,0.0,0.0,0.0,0.0,0.0,0.0,0.0,0.0,0.0,0.0,0.0,0.0,0.0,0.0,0.0,0.0,0.0,0.0,0.0,0.0,0.0,0.0,0.0,0.0,0.0,0.0,0.0,0.0,0.0,0.0,0.0,0.0,0.0,0.0,0.0,0.0691319,0.0,0.0,0.0,0.0,0.0,0.0,0.0,0.0,0.0,0.0,0.0,0.0,0.0,0.0,0.0,0.0,0.0,0.0,0.0,0.0,0.0,0.0,0.0,0.0,0.0,0.0,0.0,0.0,0.0,0.0,0.0,0.0,0.0,0.0,0.0,0.0,0.0,0.0,0.0,0.0,0.0,0.0,0.0,0.0,0.0,0.0,0.0,0.0,0.0,0.0,0.0,0.0,0.0,0.0,0.0,0.0,0.0,0.0,0.0,0.0,0.0,0.0,0.0,0.0,0.0,0.0,0.0,0.0,0.0,0.0,0.0,0.0,0.0,0.0,0.0,0.0,0.0,0.0,0.0,0.0,0.0,0.0,0.0,0.0,0.0,0.0,0.0,0.0,0.0,0.0,0.0,0.0,0.0,0.0,0.0,0.0,0.0,0.0,0.0,0.0,0.0,0.0,0.0,0.0,0.0,0.0,0.0,0.0,0.0,0.0,0.0,0.0,0.0,0.0,0.0,0.0,0.0,0.0,0.0,0.0,0.0,0.0,0.0,0.0,0.0,0.0,0.0,0.0,0.0,0.0,0.0,0.0,0.0,0.0,0.0,0.0,0.0,0.0,0.0,0.0,0.0,0.0,0.0,0.0,0.0,0.0,0.0,0.0,0.0,0.0,0.0,0.0,0.0,0.0,0.0,0.0,0.0,0.0,0.0,0.0,0.0,0.0,0.0,0.0,0.0,0.0,0.0,0.0,0.0,0.0,0.0,0.0,0.0,0.0,0.0,0.0,0.0,0.0,0.0,0.0,0.0,0.0,0.0,0.0,0.0,0.0,0.0,0.0,0.0,0.0,0.0,0.0,0.0,0.0,0.0,0.0,0.0,0.0,0.0,0.0,0.0,0.0,0.0,0.0,0.0,0.0,0.0,0.0,0.0,0.0,0.0,0.0,0.0,0.0,0.0,0.0,0.0,0.0,0.0,0.0,0.0,0.0,0.0,0.0,0.0,0.0,0.0,0.0,0.0,0.0,0.0,0.0,0.0,0.0,0.0,0.0,0.0,0.0,0.0,0.0,0.0,0.0,0.0,0.0,0.0,0.0,0.0,0.0,0.0,0.0,0.0
