name,Lon,Lat
0,152.27861962324,-22.0196907826537
1,150.846077989592,-20.2543626760449
2,152.38614610685,-21.7282383664038
3,148.595949091645,-19.1983616342203
4,150.902188423364,-20.6179033282068
5,151.539519106521,-21.2070797084999
6,144.032026439256,-11.278625923943
7,149.79044949991,-19.9288628246723
8,143.268678631278,-11.979854437917
9,143.701962379309,-13.4336509970903
10,151.601654623344,-21.4970688075236
11,151.211439656331,-20.9322815215405
12,152.459271798991,-21.8191847547127
13,151.476166374027,-20.8527748593934
14,150.265682331752,-22.3535780304366
15,151.364995743551,-21.1658442798727
16,150.37417688122,-22.0124177491653
17,150.00656394162,-19.7097681604777
18,149.925244918825,-19.664565578116
19,149.880661295836,-21.9854948034861
20,143.868635197219,-11.5250499091342
21,151.636857979278,-23.9743550596638
22,149.217042158307,-19.3320051256956
23,152.414927437997,-21.7613006293488
24,148.633374537614,-19.3496324216742
25,150.651694967931,-20.2317705426069
26,149.260726716011,-20.7720905833438
27,143.833332891593,-11.8966075939191
28,152.652177743416,-21.9821646398295
29,143.970994457052,-10.738816798103
30,150.671480921849,-20.1510221944793
31,143.925349271893,-11.4875854228419
32,152.210929581673,-21.8636022789806
33,150.589432414703,-20.0611922911927
34,149.368414710073,-19.7607166712751
35,151.133019245581,-21.2567787453816
36,142.623078449757,-10.7681654552932
37,143.972510710589,-11.4653835664186
38,151.174076373589,-23.4139001095645
39,150.331769494972,-21.6622602435049
40,150.855738414554,-20.3426770213401
41,143.715367866399,-11.5663153411945
42,150.451177733185,-20.6842948277875
43,152.470740597342,-21.9127368226672
44,145.480194084698,-14.8553888131094
45,149.922563813337,-19.7072189735077
46,149.757857027718,-21.6105747075465
47,148.933778432698,-20.5309851198005
48,151.651648525812,-21.5176430829742
49,152.438603513671,-21.4655970098787
50,143.823705282107,-12.9343953587788
51,152.568338962329,-21.9755019852159
52,143.669778714493,-11.0416598676846
53,149.152308955091,-20.7300633844682
54,149.080821191127,-20.6630377918511
55,152.250414886172,-21.7364849347143
56,143.894836753679,-11.7693373890245
57,144.020290164821,-11.7698789920255
58,152.514227674729,-21.4681878200709
59,143.854813415442,-11.5370909661489
60,150.937638569108,-21.6487531038297
61,152.329765097519,-21.2824286598212
62,143.982668403252,-11.367284232207
63,145.23698355883,-14.3141126410028
64,151.704104640382,-21.3769659458225
65,143.9978823057,-11.2896112531746
66,148.748927386556,-19.3713379376903
67,150.897109742768,-20.7796395558677
68,149.00857469862,-20.422194142256
69,149.217906541719,-19.2792462351368
70,152.420655211569,-21.9768374043891
71,148.596742152858,-19.3241124266053
72,152.420990003289,-21.1810247671555
73,143.954662460706,-11.3518848214698
74,149.137652404337,-20.6824185575154
75,143.836705215489,-12.0395879887868
76,152.320990077043,-21.1146051189597
77,149.394703368698,-19.5346334691122
78,149.096163311486,-20.4316438204135
79,144.009340895827,-11.330938332209
80,144.034808814024,-11.05737183284
81,151.193954574572,-20.9000234587271
82,151.559966905153,-21.0423173644015
83,150.352403460794,-19.7938856800681
84,150.390679118185,-20.1039480578044
85,149.105965137302,-19.3597687127614
86,146.17206349204,-18.0337397035943
87,143.344912491419,-11.9148454176582
88,150.828660439219,-20.566192954247
89,143.963082284663,-10.711830673073
90,150.097931895608,-22.0326281236688
91,151.994191627622,-21.2091261573237
92,151.366743640839,-20.9567439534487
93,144.350065132005,-14.2601875391941
94,146.630442355805,-18.9642792547233
95,152.594646116929,-21.1853148372706
96,151.857869458082,-21.3714715608937
97,143.539692621535,-12.9290825904373
98,151.187185485476,-21.2990309521797
99,152.446717147444,-21.671193821964
100,148.321721565003,-19.0964772371137
101,152.506153652406,-21.0812075660738
102,151.770756252315,-23.2951546866308
103,143.248437083548,-11.7357505027481
104,148.856122302322,-20.350295444018
105,149.173907294162,-20.2481207265992
106,152.016502845667,-21.6952022577416
107,151.407071243922,-21.0385641578822
108,152.374427683937,-21.8604647095004
109,143.826773023115,-11.8568079365412
110,143.871532875458,-13.0390228019162
111,144.032332319698,-11.132800144126
112,143.92145475715,-10.457257463667
113,152.406123574636,-21.5851602318621
114,150.281906538257,-21.6840634196733
115,149.313723648237,-21.1655458125555
116,143.869486655525,-11.7894709963807
117,152.538153991045,-21.1384134258894
118,152.365085055703,-21.3292416669425
119,145.854186408116,-16.023187320012
120,149.837886579572,-19.9487943043626
121,152.244528007022,-21.51879789205
122,148.227738180425,-19.2355486536599
123,150.141231024342,-21.9847201347194
124,146.484598033401,-16.9769551674369
125,145.781129739087,-15.5304959243145
126,150.29085555606,-19.8875520663386
127,150.778639936434,-21.0567809365073
128,146.973577769192,-18.1520154419329
129,143.770091111183,-12.4882847846145
130,143.941186461688,-10.6370626634384
131,149.963485206472,-20.0184771404589
132,149.91693587411,-21.4965251355767
133,151.753806078463,-21.1139044347113
134,151.197441797578,-20.7723865227206
135,151.381478480011,-21.0508333756388
136,149.724784039522,-19.6106993424054
137,143.546027024314,-10.3776400832358
138,143.192653013482,-12.3098080533957
139,145.645332440486,-15.3279799076852
140,150.82739123516,-23.2888727275988
141,149.495402917221,-21.6022574802121
142,148.874470296903,-20.8018474884084
143,145.52243885501,-14.8193138082636
144,149.287991148486,-21.1612818933762
145,144.714925683265,-14.3346927378681
146,149.598826980469,-22.1460117763589
147,150.45508321383,-20.0762218566468
148,145.524644897885,-16.5176778178611
149,152.653693305561,-22.2453220897346
150,150.872967159072,-20.586403855285
151,146.201518881171,-16.9436203402969
152,152.725625291425,-22.011171927459
153,145.684623265046,-14.9279361635218
154,151.07806917966,-23.1591117873133
155,143.863022862839,-11.5570296719471
156,143.980022282393,-11.3023721175898
157,149.845571052157,-22.1417285287701
158,149.47459717617,-20.7415072870957
159,149.070965559217,-20.155161190872
160,143.042044920866,-11.2877999338715
161,150.692961139912,-20.4696002527857
162,149.368057588198,-19.5344898973643
163,150.579029178598,-20.4436096040282
164,152.387209734046,-23.9017841037704
165,145.268100346688,-15.0955315529472
166,152.034314681432,-21.6704464418459
167,143.790716338086,-12.5798673918478
168,144.108480523026,-13.6503431618431
169,146.20114472447,-18.0441566150516
170,150.891404376852,-23.0966441874813
171,149.710706842056,-19.804611209148
172,142.829741548729,-11.2919110723207
173,152.579357647361,-22.0427937416591
174,151.342672397933,-21.0098225402988
175,152.537968165297,-21.6001846345443
176,144.019384907943,-11.2663372224791
177,152.57585415761,-21.4545532117037
178,149.936595737084,-20.0612700366078
179,143.123597921937,-11.3209093819317
180,149.87346470177,-21.5932705556943
181,149.157008458364,-20.6609881717817
182,145.185474073434,-14.819297004086
183,150.284459182393,-22.1948393649501
184,144.920011178434,-14.5427514788949
185,150.751929458073,-20.4135650318938
186,149.111794807269,-20.5883115399209
187,152.47901589001,-21.1286055784563
188,152.554356681261,-22.2040166942225
189,152.523449516493,-22.1792719098713
190,148.871876206954,-20.6057312563812
191,151.944223443784,-21.7345555038537
192,151.999614411171,-20.887338636062
193,151.323053981467,-23.7658541661752
194,144.992242695895,-14.7123726636921
195,146.532105711636,-18.7766369394078
196,148.813786204245,-20.507970943813
197,150.964657905392,-21.2513514321745
198,152.053418077678,-20.8998708025869
199,151.152760869133,-20.7232901257204
200,143.977113536718,-13.4315957488111
201,149.043391111558,-19.5401948092834
202,152.455698264718,-21.5621415171931
203,144.854033659553,-14.2026677830601
204,152.513892750452,-21.1146394709991
205,151.658774162364,-22.8558527164277
206,150.292142142903,-22.2816689212229
207,147.565303710231,-18.6597990997207
208,150.313701633855,-22.327619251443
209,152.747273291458,-24.2111827186689
210,149.184713067135,-20.6059797673706
211,149.767427322232,-19.7232779911623
212,150.899858611036,-20.647256699876
213,143.632260699334,-12.415355224931
214,150.452467045675,-20.740534624074
215,152.405163820928,-22.0579862391788
216,150.371825589926,-20.10331210582
217,150.719081447539,-20.4692120683042
218,150.107973988496,-21.9229915128861
219,144.852952449464,-14.5454600428935
220,143.965030961814,-11.4065893204482
221,149.225129539911,-19.5240508386947
222,151.494190905151,-23.9501197527656
223,144.044270533405,-11.2762507810281
224,150.996051807516,-20.6233925993842
225,149.095400590082,-20.6749707819181
226,149.618963027215,-21.8568123955684
227,145.685836652701,-16.7315931227251
228,152.176656500919,-20.9225776145612
229,150.994958304244,-20.6952961609651
230,143.564577019082,-10.6210925140364
231,151.715660250804,-21.3175775431055
232,143.903657512378,-10.6232334678359
233,143.741885845029,-10.4278534757485
234,152.490615800408,-21.4123056524854
235,148.761958094435,-20.2294177563128
236,143.88446569131,-11.6309945908946
237,152.711655188591,-22.3589500918845
238,152.544887900244,-22.0149810965214
239,151.213484007743,-21.1215786211566
240,149.057176698502,-20.4799303223776
241,151.761751011596,-23.2571940981132
242,142.687304140085,-10.7132088675639
243,152.760556463702,-22.150192009667
244,150.360455658922,-22.1908513286683
245,151.110739541055,-20.7163511072922
246,150.332101783923,-19.9394668827245
247,150.731929807535,-20.2221792387496
248,149.031531632575,-20.1659245238088
249,152.196319901688,-21.0715641297477
250,148.759348639055,-20.6795844883355
251,152.306396130165,-21.4476204695428
252,152.61279073056,-22.376906941357
253,152.480608587593,-21.354100641282
254,152.508231518668,-21.3932730011106
255,151.771339058534,-22.8469408030307
256,152.33248846617,-22.0804919936772
257,152.024361206391,-21.6797283686964
258,148.296836620401,-20.0804599968396
259,143.782630905224,-12.1941326914652
260,151.917324286377,-20.8884841258409
261,152.27927907317,-21.657145928306
262,145.200361216407,-14.7358293520632
263,143.287421997692,-11.8655331824377
264,152.444337523779,-21.4127949919517
265,148.672891867699,-20.1882210182974
266,149.848025692184,-21.9896366144491
267,148.880507648083,-20.0869100740147
268,143.933230653408,-14.0565825212804
269,143.550443366381,-10.40884885461
270,144.05211140921,-11.2113985909721
271,152.299248727727,-22.0719173458307
272,152.347577327597,-21.5537065082424
273,150.96857936147,-23.2066916625427
274,145.289264070639,-15.4807857781414
275,150.628120966882,-20.1077270317853
276,143.915405521229,-14.0763733108416
277,152.324422033722,-21.554927165018
278,152.210413583178,-21.5259340196152
279,151.367909783716,-20.9976499615249
280,151.507570264757,-21.0357533262052
281,152.451835017092,-21.5160414124397
282,145.628407632729,-16.0122873658611
283,143.997337812876,-10.8251858980348
284,152.287256569323,-23.8077762414368
285,150.798887274222,-23.1777358159631
286,148.849302119348,-20.367855976669
287,151.001300797695,-21.2401676325923
288,151.45384673104,-20.9141648252561
289,143.8919975951,-12.0321680200033
290,151.983046256998,-21.2213948860169
291,150.744887215097,-22.409264643188
292,152.498699984819,-21.3790064690663
293,145.708294662461,-16.0317452959718
294,144.012926266551,-11.0085627298394
295,151.771064645653,-21.1205731228217
296,152.088546592351,-20.9895094930711
297,143.98735620975,-10.7896465575238
298,152.475980704285,-21.9817018090243
299,152.703374692675,-22.1121413879581
300,150.344364324017,-21.7362141937293
301,148.606876801592,-20.1320615680543
302,150.773600469274,-20.5667166701551
303,145.641544181431,-16.1787291166587
304,143.916873449293,-10.5496918587802
305,151.904025506083,-23.185072025085
306,143.789416613134,-12.1589314795211
307,152.626913993065,-22.1847211728458
308,152.66726485076,-22.2213878542701
309,150.81386236112,-23.3574690001176
310,152.649945649444,-22.2139231613976
311,149.06684787286,-20.6192447418269
312,150.372954915264,-22.2112613870253
313,150.506022762444,-20.0773481600533
314,148.946238258853,-20.3372225704509
315,152.061137749287,-23.4956671576607
316,150.765076814488,-20.4027736056311
317,151.257309095783,-20.9446995629646
318,143.270568448887,-11.9586491925653
319,150.645071478249,-22.0065059614684
320,143.640668866194,-13.8768921548177
321,150.418184267683,-22.2175768965117
322,152.212572715232,-21.4163802279271
323,150.919593681119,-20.606751297484
324,151.003842907236,-20.8163732501321
325,145.185841293717,-14.7318011164883
326,150.712812592949,-20.5192747705452
327,145.336040478081,-14.9452757796523
328,150.352147049544,-22.2046421712144
329,153.103685426114,-24.3881547922712
330,152.623328040847,-22.2767320127031
331,149.717314860275,-21.5159964810658
332,152.560510706557,-22.379868252792
333,144.000728329224,-11.322933868597
334,150.905430143012,-23.1496411443254
335,152.334230277582,-21.4302207348836
336,143.244891455724,-11.9935846864564
337,144.061450197267,-11.082702807617
338,152.157743741205,-22.0257775255554
339,152.544541593108,-22.3670317790448
340,143.987089877896,-10.8640664585621
341,149.142298260333,-20.2301498971116
342,151.303921644612,-21.1562531526742
343,149.71661215877,-19.6561748701964
344,151.756587574101,-21.1490916391913
345,152.596469845585,-22.0658662930168
346,150.672424279397,-22.0884264106001
347,151.887740851569,-23.2053474100657
348,150.677241028278,-20.4716688209698
349,152.241589083655,-20.9240172769392
350,148.850450038874,-20.2718539566601
351,143.138497611709,-10.4736428633707
352,151.595446611001,-23.4273280342814
353,149.762503286169,-19.7112887141638
354,146.629560916129,-19.0281143110007
355,143.479291331395,-10.49513343518
356,150.975570714184,-23.1511116786706
357,145.19530525063,-14.7194093327545
358,149.612009867946,-19.7173474698078
359,150.937793082153,-23.3492220908685
360,150.232864310443,-22.3079784622699
361,143.912323561638,-10.6119259239623
362,148.863526658931,-20.3908861780398
363,143.462893836899,-10.5637968593605
364,152.139754551946,-22.0151896304492
365,150.561635583872,-20.3219303627292
366,152.736510509737,-22.2988700392522
367,152.033747864277,-23.4332194195134
368,152.017088988744,-21.3774346099385
369,152.313928964214,-22.124155593816
370,150.74587214171,-20.5742038473609
371,151.977914876969,-21.6486494162437
372,151.493308146613,-21.0493774282042
373,150.639121732281,-20.2723520767451
374,152.618665975138,-22.2228460594254
375,151.085698043805,-23.2910566507562
376,152.305918215716,-21.8672781143836
377,142.754298489441,-10.6592468389485
378,143.105263864461,-10.5256947460144
379,149.564186607408,-21.7542528820373
380,151.528696353107,-20.9611368874657
381,149.655270097246,-19.7617501584889
382,143.598166600356,-13.3767945101992
383,149.470877634902,-20.9304838770286
384,150.459068245681,-22.3500534851008
385,150.994307901556,-22.7305375911534
386,151.553892200692,-21.2991318139378
387,150.507581610332,-22.3827066606071
388,151.935223398301,-21.2487604106704
389,152.737844512629,-22.0566041893448
390,152.142261753608,-21.3603667881923
391,145.541097598157,-15.5086220807757
392,145.696125009997,-15.0343502996812
393,152.504544274655,-22.0586946319367
394,146.174268003879,-17.6736323566146
395,152.497388652805,-21.2060076583573
396,150.592184000056,-20.5674728835438
397,143.932334706439,-13.0789337495083
398,152.630326432605,-21.702694172756
399,151.130656818444,-21.3469600801142
400,152.095323344247,-21.0418715198962
401,150.30755722306,-22.236651071236
402,146.506393219061,-17.7466631622769
403,143.808768334168,-12.7163415966651
404,150.798898571094,-20.285720379018
405,142.737270885003,-10.7095149964743
406,151.419749143957,-21.3955361624411
407,143.959054799275,-11.3888228290577
408,152.152169474952,-21.9144121778586
409,145.800239495681,-16.0190400406885
410,151.687892169907,-21.0821897576516
411,151.890308622343,-23.2905226615058
412,149.151268872409,-20.9858313036952
413,149.599392171659,-21.9582303489037
414,143.591199680745,-10.4398730372464
415,152.315601286636,-21.1995647281304
416,143.770170420219,-12.5161448896398
417,152.212690339329,-21.6108250072409
418,151.627319361005,-23.5388485298978
419,151.843332881357,-23.0494207330818
420,152.396796672433,-23.9210993765463
421,143.976798575658,-11.7317532982277
422,143.033293763129,-11.4944793806336
423,151.826545495419,-21.346220543435
424,143.86476463781,-11.805842697344
425,152.746154450596,-22.1169516349169
426,151.735519895979,-24.0055208035048
427,146.1369407976,-17.9724877111533
428,149.243299981522,-19.583028446872
429,146.029394374256,-16.6448471708454
430,151.774163500409,-21.5835038165145
431,152.52917818397,-21.4292994390062
432,152.708062771842,-22.2590463179047
433,143.898677682487,-11.5978176501149
434,152.414342241213,-22.2618711734621
435,145.648048387554,-16.3170416100607
436,151.893835639671,-21.7816151095869
437,143.995943800013,-11.0218036181739
438,144.014677423398,-10.9534837473336
439,150.162599836228,-19.9027295128371
440,149.952201506612,-19.6588097220433
441,149.154612404003,-20.2393885474714
442,149.604915471056,-21.4114313558274
443,152.146174729765,-21.6391789541642
444,148.92455584998,-20.8429780451493
445,151.479861556009,-21.3647876472044
446,151.528370338003,-21.0154503871904
447,150.915761318161,-23.1677657229992
448,151.915132737699,-21.5234775042035
449,144.484545103993,-14.1450117799172
450,152.682183506886,-22.2436515477657
451,150.220170587812,-21.6528367402828
452,152.520419860235,-21.7293272989128
453,150.763129746861,-21.1359063720928
454,152.11569938023,-20.9171889660235
455,143.416555650514,-10.5009266227614
456,152.374778300588,-22.0620134610103
457,151.024538965863,-23.4292983293398
458,151.151535721038,-21.0348139013464
459,146.561135934674,-19.0980917109577
460,152.652491405455,-22.1617044720196
461,150.950770279971,-21.6902551993537
462,152.472342507108,-21.2400336550169
463,152.410073192704,-21.6465873881323
464,149.750077934317,-22.2644691340918
465,152.230746412546,-21.7401214492101
466,150.42744025292,-20.0539717367737
467,152.430050193392,-21.1441145822489
468,152.607557345074,-21.4256607355816
469,151.679548887627,-21.2924120428752
470,149.567302680653,-22.1740376059963
471,143.48845811537,-10.5953799015756
472,143.959351605683,-11.3708526833227
473,151.398907445886,-21.2404340899877
474,150.161803344544,-22.0098745950486
475,150.659879477755,-22.3338980467075
476,151.484601114856,-23.9640895818635
477,149.20239643887,-20.6991728740852
478,152.319767008222,-21.6902053029664
479,151.271498099544,-23.5572645747996
480,149.669425545721,-21.7194051552088
481,152.524149129773,-21.3439232003383
482,150.232670659406,-22.2096063947448
483,152.43687600074,-21.3053786918309
484,151.773635820165,-23.5018543226971
485,150.275167199583,-22.1555760618
486,151.984648674965,-21.7136536141862
487,152.424916012686,-21.3556946543235
488,151.232877587629,-21.4631316595684
489,146.0771752846,-17.2101857416752
490,152.362596940704,-21.4141931601968
491,143.624145739166,-13.4578037632758
492,150.394077426638,-20.0822839492795
493,150.33861745558,-22.4337240229142
494,151.431868964463,-21.1682566375852
495,144.641712526742,-14.4753443519684
496,151.562499173375,-21.3496371686565
497,151.327989260369,-21.39435407139
498,144.018303585635,-11.0412328463621
499,152.097947264793,-20.9243724744004
500,152.597594316762,-22.1497728254492
501,143.907727580904,-12.0532099992488
502,150.892103426598,-20.6274968803039
503,150.006136249941,-22.0845549658136
504,152.301565155316,-21.9327978231794
505,152.242617468364,-21.212545461981
506,150.48462885779,-20.7817008171929
507,149.085137006455,-20.5243622247605
508,151.073147799954,-20.860886705182
509,151.674867240514,-21.4517944981654
510,150.873356716016,-23.2431175978391
511,153.125110187153,-24.5251884422614
512,149.788190147777,-21.8157439098904
513,152.45044186108,-21.7045737767353
514,151.352955235608,-21.1394697810978
515,149.620311107566,-20.7711533427974
516,150.8486350935,-23.3140056957945
517,146.129617890345,-17.0153302216168
518,142.849772818145,-10.6521844932666
519,151.540101869646,-22.644302663841
520,152.37193275925,-21.7525839913686
521,149.289060557617,-21.1440969654121
522,149.510614921925,-21.928352035674
523,150.419159368105,-22.2917160772578
524,144.702167531442,-14.1276398206209
525,142.574535816914,-10.8278142510094
526,143.893848755538,-11.7293034889589
527,148.814086862117,-20.2562572354058
528,151.726707772154,-23.5269193020718
529,145.753434419304,-16.0794555906103
530,152.512100425956,-21.2360404124852
531,152.401663716689,-21.3282451709281
532,151.049776436543,-23.4300054318895
533,152.34317725594,-21.9198930163507
534,150.784981724233,-21.3317193861254
535,144.491343500211,-14.1054729800975
536,143.929671990202,-12.0570256304274
537,143.438291634908,-10.6234988796143
538,151.553522141141,-21.1818985785425
539,152.443819516684,-21.8837211380922
540,149.663764750683,-21.6520072021921
541,149.823775918219,-21.8303785839523
542,151.417236917914,-21.2124528816007
543,149.992159876417,-20.0545591755014
544,143.43639381228,-10.4515140610785
545,149.8792357377,-19.6322247766336
546,143.907731180131,-11.9950793450989
547,152.027435430437,-23.5987031100973
548,151.845824651753,-21.2413523688074
549,152.200414622716,-21.0185917693851
550,151.77529575568,-22.8831132310687
551,149.817916617999,-21.5799522735458
552,148.846292524517,-20.7902108949324
553,152.564098666264,-22.0825186248478
554,152.304809345473,-21.2628259490524
555,151.586219307753,-21.4442640921521
556,152.488298567504,-21.1011060480284
557,149.948653846448,-20.0354055845689
558,152.315350868934,-21.4223619126498
559,151.65822228026,-21.0190897046734
560,150.830653401296,-21.128892230169
561,152.62946456793,-21.1181088525622
562,149.266954742079,-20.8161827742748
563,152.211206896217,-21.3924245269241
564,143.776054358702,-11.809422443491
565,149.00787967812,-20.1737261358489
566,150.731964513814,-20.6236782175133
567,152.079249652746,-23.4732434549509
568,143.990121193164,-11.352548583433
569,152.286621303538,-22.109182298954
570,152.543449167282,-21.9778288655076
571,152.271098050933,-21.9401125457272
572,151.961401101584,-21.5908135945645
573,152.506423531036,-21.3673536665323
574,143.815671196188,-12.6946665387244
575,152.662796013021,-22.3078551982812
576,150.634901997975,-20.377653979915
577,152.68792399674,-21.9357739479936
578,150.598821300503,-20.3718728012549
579,150.886405313618,-23.27748335483
580,151.965387714035,-23.3303680482314
581,150.438840847224,-22.205999038734
582,143.90783863546,-10.4757219511684
583,152.737319790134,-22.2707033213596
584,150.73052517029,-22.4309603576599
585,143.93014420025,-10.5957331934936
586,149.663874741619,-21.9777812138184
587,152.302072847847,-21.5723665626407
588,149.591263355456,-21.7428497782816
589,151.667121774623,-23.0913966461732
590,150.607678759682,-20.1044411848348
591,143.888386285246,-10.671557008991
592,143.960393947983,-13.7604500393059
593,144.00089619692,-11.3442874799704
594,149.729419957509,-19.7556164786693
595,151.723761414578,-22.9106699740385
596,151.677917959972,-23.5558613910685
597,143.037755886177,-10.6472838636609
598,149.970194056699,-22.0323588180508
599,143.31996404239,-10.3875036538615
600,149.893370057644,-21.9701675702886
601,151.11435385622,-21.2915569294946
602,151.239443930732,-20.9286133072061
603,152.178984318864,-21.496929978192
604,151.903087849295,-21.5908023132189
605,150.22882218725,-22.2855639696143
606,151.66363286316,-21.0697437565313
607,143.599764415942,-12.8855395174313
608,151.835252795627,-20.9355505387256
609,149.913951058507,-21.4803540936222
610,144.096717007644,-13.5979105769994
611,150.792757493518,-21.2142498534322
612,150.283928189003,-22.3370391735544
613,152.605749609736,-21.1628623124915
614,152.46738280326,-21.3997398044484
615,143.2971920274,-10.6113369443728
616,152.581307599135,-21.4322460585555
617,150.789565242762,-21.1331189599738
618,149.636596124664,-21.9126294538831
619,152.272683978685,-21.696190859591
620,151.162881804513,-21.0126230260924
621,150.247285563361,-21.6184817368669
622,151.096502662789,-21.3538085824554
623,149.071061083083,-20.6445497139268
624,152.161254839903,-21.1011156177358
625,151.816376402607,-23.5024380612676
626,143.805435368842,-12.1705763886065
627,152.5357559319,-21.8482715015362
628,148.18718470281,-19.1235076403045
629,152.323651506859,-21.3423097247474
630,149.559748873545,-21.8288053959273
631,143.089792509559,-10.5983873854802
632,152.202475712013,-21.0515326265202
633,152.596856522426,-22.3952709296287
634,152.464972370006,-21.9997345557592
635,152.477368765306,-22.077321673156
636,152.535908917943,-22.1995067377379
637,152.347517737397,-22.135599304932
638,152.647118237619,-22.094564549435
639,143.908989136801,-10.5962492271405
640,149.775860349965,-22.359231801876
641,152.330926113088,-22.0577543554682
642,152.09559316681,-21.1978799245613
643,151.103208737651,-21.0296632001237
644,151.734884376033,-21.1069534835462
645,151.782750399581,-23.2459414431371
646,150.301789426028,-22.3082726233086
647,152.256345722907,-21.1001307298323
648,143.91749453512,-13.08023674301
649,152.698184485875,-22.170486266862
650,152.522068077755,-22.0733410655718
651,143.671754752073,-10.4850233707866
652,149.673410825246,-21.6980238241008
653,152.180943274527,-23.6946074805237
654,151.779008034059,-21.1057697892691
655,152.741719367813,-22.0958647939068
656,151.020306051978,-23.450397103889
657,152.01157775843,-21.2201009296828
658,152.336052498683,-21.1901632569948
659,143.247568534334,-10.4130110674407
660,151.690294699017,-21.2390555411598
661,149.819495006836,-21.9696817200658
662,149.864667297496,-22.1440802209757
663,152.604462250396,-22.1870522894123
664,152.42850185627,-21.7343603882867
665,152.624534497749,-22.1038628908065
666,151.637696860975,-21.3215942082574
667,145.894470562658,-16.8866132243486
668,151.596634718157,-23.0777331239782
669,151.393431791948,-23.900622736539
670,152.547340421436,-21.1842040376748
671,152.590816267997,-21.3647738049338
672,150.692335439566,-21.0547687010986
673,152.354097710908,-21.8627745631345
674,152.075952919032,-21.0333977276217
675,151.617759686929,-23.6742996896559
676,150.855621726948,-21.1393159114958
677,149.660615212228,-21.950026348615
678,152.5085044691,-21.7134835397354
679,150.327585442208,-22.355836146179
680,152.680253183803,-22.3319856458309
681,145.395976884024,-15.7095158397629
682,143.414020889195,-10.565789398009
683,152.499773806772,-22.0775191872182
684,152.740412645494,-22.0374501620599
685,151.290828547968,-21.0940626434826
686,152.308441043249,-21.6353363506923
687,151.071127801215,-21.0707150025514
688,151.895854902831,-21.6084449775866
689,152.29988966399,-21.1822946705403
690,152.657904020922,-21.9427901016492
691,151.572546970328,-21.0503648511679
692,152.58987617791,-21.9388192281716
693,150.858025802037,-23.422013531672
694,152.729006448129,-22.3250473963518
695,152.542697910766,-21.2277033465592
696,149.987815521034,-22.0533939913341
697,152.503133606193,-22.2993652482912
698,152.609315398129,-22.1236949766121
699,151.420968923245,-21.0419468993214
700,143.982456419886,-11.328248731193
701,146.881651446647,-19.1169763500525
702,142.695207434069,-10.888748048937
703,149.93691192883,-20.1344771152071
704,148.363810516153,-19.9883896326174
705,147.64484233652,-18.822492671135
706,149.871243232766,-19.6051557708834
707,152.670780364063,-21.2377379323251
708,152.571602497443,-22.1133774951119
709,152.255482837948,-22.0947903070868
710,151.731676425649,-20.9782910823602
711,152.210948052122,-21.8164671521712
712,149.833632089653,-21.7527157082979
713,152.204498163499,-21.6867263107989
714,149.807598266246,-21.3879232936085
715,152.150252464191,-21.7995832575962
716,151.067956018285,-20.8056343338722
717,149.280375861068,-19.3502694897855
718,148.539775538602,-20.0637011864344
719,146.20494934313,-16.9983773828489
720,152.522332569849,-21.8288058169635
721,150.125308705564,-20.401367159866
722,144.0452641065,-11.1969457370274
723,150.773821393054,-22.4792825817215
724,143.477749567592,-11.4983516754457
725,149.81087974489,-21.62765330931
726,151.968839943549,-21.8843766796353
727,143.516555849609,-10.5430812788644
728,148.286952042278,-19.0956169231065
729,152.448383280797,-22.017438907549
730,150.378830726118,-20.8586672433931
731,148.906826407464,-19.1192896805425
732,149.614277152841,-22.0558319043908
733,151.198221744551,-21.4863349938456
734,147.103085360796,-18.6901951570306
735,143.504692987954,-11.7643230285908
736,150.591554848341,-21.0128913528161
737,150.15146000817,-20.4810623057871
738,150.032646315958,-20.9094750319159
739,150.132556105378,-20.3427878927936
740,151.683710887546,-20.9998551543509
741,147.841244382885,-18.5816019251091
742,149.732952547688,-19.9767340113651
743,149.848207728018,-21.4440177815582
744,148.284439026231,-20.0371905187122
745,148.201339516935,-19.0812272002917
746,145.766127654443,-15.3953854915557
747,152.561563587171,-21.2224813273346
748,150.287717597983,-22.0241865374444
749,151.999680757136,-21.5712606809797
750,151.97326788589,-21.5039092784699
751,152.234521447767,-21.0204740222859
752,152.757050262594,-22.2090254868817
753,150.878732833114,-23.0433107056033
754,152.560839782401,-22.2567909978304
755,152.477956218622,-21.1655431721829
756,150.22834024404,-21.914457009468
757,151.923322681533,-21.3455342575857
758,152.509489726167,-21.4948622035138
759,150.735296603511,-20.1645957755687
760,150.698943996434,-20.6616147571904
761,148.426772785974,-18.9756788022767
762,151.304859538792,-20.8857464628321
763,148.358876028345,-19.7259728644252
764,150.865118944137,-21.0312185866061
765,150.822427555545,-21.201022835875
766,152.230233328727,-21.3030640231381
767,151.724196737491,-21.3473813880876
768,149.798070226069,-20.9882063015153
769,150.814115046455,-20.7982703279074
770,148.792700294256,-20.7510794077834
771,148.245218040987,-18.8474442436776
772,152.580776866118,-21.8724734622052
773,147.081237990463,-18.3471322554652
774,146.43372839247,-18.8122732536268
775,146.666059895724,-18.7771116045353
776,153.149089018802,-24.6427861732344
777,149.287422854586,-19.4111559407605
778,148.650260915752,-19.0715972053423
779,148.08942000829,-19.3834364752414
780,148.461068645981,-19.0831058592875
781,146.509218687504,-17.4428226459807
782,152.289874718868,-21.3578111025488
783,152.559054837107,-21.059787025958
784,150.883979145096,-20.7258615452063
785,151.036796628023,-21.1774922725633
786,152.652942929877,-22.3807388041163
787,146.871183694262,-18.4826756607375
788,151.641588970384,-21.0768670272249
789,151.623263277837,-21.3374050370092
790,143.651304758799,-10.6337710845834
791,152.127670454097,-21.4367497608743
792,151.580650505653,-21.123383872832
793,143.982179524452,-14.0052833077045
794,151.403367356698,-20.9660804182795
795,143.751281417831,-12.4370527357881
796,150.770625947564,-22.518082472328
797,151.742166497426,-21.7114649490026
798,149.652380409893,-19.6830102257324
799,152.527439708095,-22.240285903402
800,149.532104715121,-19.686763929655
801,149.46852700672,-21.7396897862635
802,150.289369372905,-21.7476913015288
803,145.422401040453,-15.1152363072774
804,150.560653156218,-20.2008427903573
805,150.768925095781,-21.2261944956475
806,149.830686468575,-20.0148329889832
807,152.522552898023,-21.200727310101
808,148.795817598699,-20.2978665263548
809,150.929900999661,-23.3321007842585
810,150.715804037821,-22.3377839347184
811,150.649565207399,-22.0290582672778
812,152.730623204297,-22.3435015592539
813,150.636918196662,-20.0770549926797
814,152.801165484416,-22.114999116979
815,149.127124309586,-20.5484577178002
816,152.397491403955,-21.1764750470173
817,145.164768724856,-14.7173873196642
818,150.830323544519,-21.0721834790078
819,151.388227621014,-23.8137615404945
820,150.779569057121,-20.7050361571839
821,150.924867503347,-21.0265285394045
822,151.860459059241,-21.6974629535809
823,149.119332952016,-19.5000744459617
824,147.942805788965,-19.358998345209
825,151.588743706254,-20.9564450683828
826,149.265468880458,-21.173683130864
827,151.663152115088,-20.9067705654479
828,151.497349094092,-21.317056870283
829,149.020132815603,-19.204671326134
830,152.313154061464,-21.6539148232994
831,145.302620818435,-15.5461283922877
832,150.423581896699,-21.0568279948241
833,149.20267594223,-19.5191332740935
834,152.180909441414,-21.4006541188687
835,152.533992087018,-21.5730998405772
836,150.722235132068,-20.406750707182
837,147.268300496868,-18.746117237623
838,152.400685625113,-22.136694464889
839,150.630192267309,-20.4420099329918
840,152.162713769215,-21.561344337224
841,148.298103344208,-19.1943872450305
842,145.722503225807,-15.2411320649323
843,151.480884229501,-21.039404909312
844,145.654884792664,-15.4840595253115
845,143.471716869216,-10.6240629863791
846,152.593015257032,-21.7866271512461
847,150.38197104566,-21.9713063039317
848,149.630080740777,-21.2669049773003
849,152.267218845871,-21.8563254045331
850,151.100397568737,-23.1977546777089
851,150.612144286643,-20.0229405916591
852,145.646999978282,-16.0494804558794
853,152.374550872396,-21.979778141808
854,149.638237729574,-21.6748165768132
855,143.811324297893,-12.2053576148487
856,148.989891396871,-19.3431840274051
857,149.762058232381,-19.7832355050018
858,149.826979204903,-21.603546700837
859,148.652643448011,-20.1077315539931
860,148.572223179763,-20.1039652048626
861,150.497144285332,-20.1069368777084
862,150.764909379318,-20.2290279775103
863,150.434396736546,-20.6032557745228
864,152.397886541633,-21.5473013049897
865,149.031399430963,-19.3711160492751
866,149.811971800952,-20.0640972278075
867,150.404938204619,-22.3266152643186
868,152.487496239484,-22.1008276344593
869,152.57674983506,-21.0228239273895
870,148.340700382803,-19.0152964291458
871,152.701412752724,-21.9672120300192
872,152.558754403201,-21.7195529074576
873,152.142967764401,-21.1569217235711
874,150.882865157274,-21.2244188556069
875,142.706109802985,-10.9450107930519
876,151.940298301318,-23.2695153116972
877,145.773704061994,-15.818760228453
878,152.215219450854,-20.9176231758746
879,152.675679100961,-22.0667666843277
880,152.464439888712,-21.0641725690757
881,151.433666846481,-21.0715299714216
882,150.204115432253,-20.4750341915807
883,151.415871508461,-21.4314106482133
884,151.620291364092,-21.5785849565929
885,145.569191660501,-15.0049020378149
886,148.196320704932,-18.8884163593665
887,152.160906970761,-21.7627540681609
888,151.069055555062,-23.3466737636164
889,152.395199914291,-21.8808071452444
890,143.851663445048,-12.2216941014661
891,151.277774020666,-21.3429797524869
892,152.027714794012,-21.6403277455997
893,147.489633155634,-18.6733168179609
894,151.766339351818,-20.9746867165881
895,151.012777771812,-21.2145799571444
896,150.76675862435,-20.5962255213025
897,150.051867651522,-20.56435255852
898,148.789318596285,-19.4530994448859
899,151.692415239561,-21.654594161097
900,152.075155058441,-21.5915818433143
901,152.249929754146,-21.3971737842813
902,152.658268878952,-22.0051919419761
903,151.896327913214,-20.9503469430107
904,151.833438804285,-23.0054877103766
905,145.703348822434,-14.9929496408931
906,145.530947225151,-14.7825932929182
907,146.545838720372,-17.2659974836898
908,149.491709947868,-21.4235898481315
909,150.313794377252,-19.9257330409144
910,149.232405337059,-20.7324872534414
911,151.367343067478,-21.3697334787849
912,149.700077574623,-21.4679225370191
913,151.167235819885,-21.3222985941805
914,150.57741996765,-20.1030756273517
915,151.181991315534,-21.2558727425543
916,149.243508346007,-19.3108181783058
917,150.582988128764,-20.397759039634
918,152.356742857842,-21.5037893397044
919,148.854429236804,-19.4357002348839
920,149.172712206998,-19.6236452924143
921,152.595870305382,-22.0845438230652
922,143.739168616972,-10.5446418430263
923,144.646414655695,-14.1675446998792
924,150.38173567806,-20.6016336299669
925,152.342487622076,-21.6639695795521
926,152.52914659194,-21.3787253002295
927,149.089424818462,-20.5063440265307
928,150.643401635922,-20.2053217605936
929,150.06161275501,-20.2786376106007
930,147.445489708259,-18.497043653625
931,146.377227459628,-17.5328600645557
932,143.7307489734,-13.6533397653522
933,149.118448257767,-19.8043841034837
934,149.73028291674,-21.9431333997983
935,149.811642232028,-22.0428877943121
936,148.072097231381,-19.1955084724741
937,149.751226034236,-20.5423003836947
938,150.290540555056,-20.4680047810869
939,148.898583477767,-19.491419190111
940,150.861856845521,-20.5124549307695
941,149.776485317188,-19.8263785647221
942,148.337524991357,-20.076394568548
943,151.246688188402,-20.9701288002023
944,151.776576723049,-21.1507085540068
945,150.644231725696,-20.1252976285581
946,142.811532767148,-11.1873504133742
947,145.510676675103,-14.7459157234926
948,151.073456127451,-21.1234021674513
949,149.679505260873,-21.9590732415685
950,143.555605581543,-10.4747222421195
951,152.371004400366,-21.1771984762197
952,143.682516938219,-10.6066470972536
953,146.586709666491,-19.0345488662577
954,152.049951686129,-21.4988369340884
955,151.64750386313,-21.419422795579
956,152.464583383776,-23.8710273407711
957,151.194757139067,-21.2163637703362
958,151.926160569136,-21.8041497937781
959,151.987141232863,-21.9156703132219
960,148.784934491984,-19.4980194812081
961,150.446007990959,-20.14126349717
962,152.279661053938,-21.5208641390443
963,152.281172699049,-21.0860594063135
964,150.778608301612,-21.0888581906992
965,149.268494457952,-21.2673387208974
966,151.453452012585,-21.3326713870606
967,145.488001936261,-14.9394525079163
968,150.99501366587,-21.1121775963671
969,143.291275935555,-10.47605600977
970,152.346165921115,-22.0166640583998
971,150.376082228641,-20.8185093634697
972,152.196703606486,-21.5508852516903
973,150.953169523329,-20.8870680196644
974,150.556230656148,-20.3597698048515
975,152.272852177327,-21.6072710325729
976,150.643019558384,-21.1271064059595
977,143.815299472098,-13.4231042607991
978,148.563922201665,-19.03156471249
979,152.389021684124,-21.5148209114391
980,151.338100145138,-23.8342146859769
981,148.624054445498,-20.0182268112183
982,152.064462517983,-21.3126043059175
983,148.998604906589,-19.4106395160513
984,150.688044052925,-20.1409371841095
985,152.456339564834,-21.443841862312
986,146.12463543968,-17.7715691586856
987,150.98085880224,-20.7994233394004
988,143.80595554329,-13.4605361343851
989,143.475263971203,-10.4507532880068
990,151.415270996495,-23.8965525555301
991,148.930039478631,-20.3226487941355
992,150.705739649915,-20.3214535797602
993,149.493974757137,-21.4679474982715
994,145.328217898066,-15.5047288855503
995,149.886858149028,-20.0064989705623
996,150.669287472986,-21.9907730288623
997,148.33797299707,-19.3669030583517
998,143.222832848617,-10.6365617069465
999,145.434392997723,-15.7066070074611
1000,150.450608174307,-22.0359969951615
1001,152.672354043944,-21.9116604050941
1002,151.040347980258,-21.5835519963185
1003,143.964079881549,-10.6876265592406
1004,144.889706230323,-14.4255287270231
1005,152.630973049168,-22.065731214777
1006,150.258460296812,-21.518958839093
1007,152.624233427078,-21.0394435574704
1008,152.354326621822,-21.1029440023662
1009,150.948541630388,-20.442813750117
1010,145.658520475801,-15.4302366993027
1011,148.344766525848,-19.1113138681374
1012,150.607911885388,-20.3025465874438
1013,144.245899064706,-14.2089730012936
1014,147.542312169069,-18.7217547658344
1015,145.1377103696,-14.7938548598274
1016,150.991674701169,-23.1174758758103
1017,152.533588391238,-22.1058348498613
1018,144.017006531353,-11.3069243628673
1019,149.932433979593,-22.0256661769453
1020,151.811664111912,-21.5157629259772
1021,151.971129350993,-23.44615324398
1022,150.131887967079,-21.9502673063038
1023,148.246805542456,-19.0932230507866
1024,152.544504975454,-21.1045105888682
1025,149.801678042558,-21.5238029142206
1026,152.481778367275,-21.317872635937
1027,149.05890109499,-20.9172472014364
1028,152.072073970427,-20.9454259685124
1029,149.243460054187,-21.0971678888815
1030,150.981549995648,-20.6459594016031
1031,147.571480462903,-18.5763528031475
1032,151.334244203284,-20.8399386034855
1033,152.369254460394,-22.1242833852441
1034,150.270019727981,-22.228755373962
1035,151.661222005846,-20.9425838820633
1036,152.399296900301,-21.4240931139544
1037,149.388753371772,-20.9301039090399
1038,151.823155013788,-21.199528829505
1039,148.099207464462,-18.8254723627634
1040,151.237901983156,-21.096090800496
1041,147.25877396098,-18.3736650828798
1042,152.218124976454,-21.4438532802432
1043,150.90170945331,-21.1161676058786
1044,152.583116575549,-22.2352105920633
1045,151.968998217641,-20.8885576625909
1046,148.632089826334,-19.3198750868864
1047,151.914082918902,-21.4442528906266
1048,152.049229613336,-21.1212534893365
1049,151.120085211816,-20.5581899913764
1050,149.76760364876,-21.5095119663825
1051,152.087174341826,-23.6794550254426
1052,152.578094549792,-21.1566559470588
1053,152.100121745736,-21.5657284901076
1054,150.41187023049,-20.1416995216412
1055,151.77368114176,-21.7558935100536
1056,143.880860579499,-13.0635307868161
1057,143.892487422028,-10.5376190955227
1058,143.374759604331,-10.6231535592149
1059,148.993243776196,-20.3557126355496
1060,152.073439497741,-22.033212959882
1061,149.724587476654,-20.010202403118
1062,150.009669460134,-20.1204526971357
1063,150.488762809918,-20.2334463253538
1064,151.606244193394,-21.2604938774067
1065,149.35506401427,-20.9135816402449
1066,150.912323619852,-21.6732191217038
1067,143.56437516506,-13.7293693963508
1068,150.908869363087,-20.6863965474258
1069,152.562776809819,-21.5173872078264
1070,151.519027562186,-21.6231811058725
1071,152.201306346855,-21.7521294836861
1072,152.626055863253,-21.939691304614
1073,143.895858875942,-12.2444845422144
1074,152.392664585238,-21.9229370566959
1075,152.42330317879,-21.94807471696
1076,149.574053648222,-21.9819178823835
1077,146.265370951738,-16.7783738495766
1078,150.243025774407,-20.026376192071
1079,144.670132290969,-14.2037502690325
1080,149.041316987961,-20.2335686725058
1081,150.917952659936,-20.9645415378752
1082,149.82506526801,-21.4668194932658
1083,143.937018988423,-13.8666484934486
1084,152.182492286028,-21.1349388083645
1085,144.002288144312,-14.1282367545493
1086,147.538900277722,-18.4994115940939
1087,148.429277416237,-19.0360329308543
1088,151.185814856494,-20.8687621111621
1089,150.356756073462,-19.8842276035766
1090,152.312663058794,-21.9514338157095
1091,148.245221713524,-18.8924046624937
1092,148.384814031598,-19.1204949146786
1093,152.27303717821,-21.8042675008729
1094,150.76344832222,-22.4482944612667
1095,151.538446952968,-21.0456812767455
1096,149.02635642711,-20.3551367171267
1097,151.445181180928,-21.0101611214655
1098,150.936407389503,-21.3082467891719
1099,149.982678252654,-20.3068616847346
1100,149.968257098315,-20.1468551435746
1101,151.555415912552,-21.2529400418086
1102,149.811797809033,-21.9896236679262
1103,151.867199956226,-21.431461617375
1104,152.518337732568,-22.0200186104844
1105,150.682040309416,-22.3580333291032
1106,152.55335619616,-21.3386569784281
1107,152.546421627791,-21.2046709996183
1108,151.369084117797,-21.0794549924064
1109,144.747707099127,-14.0661147069163
1110,149.07770612046,-20.5529949199725
1111,149.637192039038,-21.8423213945632
1112,152.269242134509,-21.2641245085032
1113,150.660351607206,-21.1636020823292
1114,149.472031321639,-21.6044553197231
1115,150.974781811973,-21.3844282613745
1116,151.286545869935,-21.4845949942173
1117,149.239306766732,-19.5455092775591
1118,142.912648864424,-10.5995162248157
1119,148.819476900491,-19.127014830091
1120,150.61543581261,-20.0784041545113
1121,150.429849326965,-21.7577103060209
1122,150.980943124801,-21.2078462297886
1123,149.518678103031,-19.4802359204384
1124,147.192772361876,-18.5506352854263
1125,148.128894223794,-18.8368281145725
1126,150.680871063978,-20.2459973341948
1127,150.894381697338,-20.5723645059824
1128,152.419189022157,-21.5037560121633
1129,143.890337986817,-10.5034460430444
1130,152.428741050128,-22.0401065418809
1131,150.465753683865,-20.6341529057573
1132,150.922228269079,-23.3030247901511
1133,143.915089399416,-10.5725907495354
1134,143.251688623472,-11.9703064551968
1135,152.635576948575,-21.8460237988709
1136,150.829445661631,-20.4958939320466
1137,151.599324525334,-21.0993839313302
1138,150.964664273725,-20.5077071844471
1139,149.96108688354,-19.7367244815545
1140,149.755003017085,-19.9975268961823
1141,149.002184526544,-19.5280139761868
1142,150.15582681121,-21.9693576803997
1143,150.085503885683,-19.7562248554104
1144,150.404914727422,-20.0150993224596
1145,150.776121498011,-20.6830821018719
1146,150.481682176604,-20.0884387504746
1147,149.786504242152,-21.6237293474133
1148,150.959630949475,-22.6562000989433
1149,152.534252130704,-21.0728493168537
1150,152.627114298656,-22.0028796503798
1151,150.096074521423,-20.3488691138355
1152,150.955220753681,-20.6308962259799
1153,143.873121228186,-11.5713272284055
1154,149.140024791566,-20.7095041398232
1155,150.528451491586,-20.9836807346467
1156,152.258494787381,-20.9328477793649
1157,152.186565063051,-21.1063646540303
1158,152.458885868908,-21.9362340365244
1159,150.385584555757,-20.1500749074492
1160,152.492608386135,-21.9308603885287
1161,150.61515639653,-20.3967274110123
1162,151.414982166742,-21.0128335494922
1163,151.609965670419,-21.0654982955869
1164,150.512730891845,-20.2592398620254
1165,151.036179905129,-20.6851878358762
1166,152.04715591841,-23.4758650911154
1167,151.212721070901,-21.1937114936916
1168,143.948019757328,-10.6727994528837
1169,152.22224842376,-21.3418513774989
1170,152.497279523228,-22.2387367196607
1171,152.65489347375,-22.046430254981
1172,146.344666872267,-17.0942880164295
1173,150.846082728824,-20.4727473103374
1174,152.508881754435,-21.7741624655199
1175,150.188196861833,-19.8888926866349
1176,148.550707102792,-19.2598781443656
1177,152.289470414295,-21.7153370623936
1178,149.695422728735,-19.7904583521705
1179,143.944646517929,-10.6174644476179
1180,151.325254908607,-21.0243985079074
1181,151.396740320908,-21.5114530958533
1182,143.974455611714,-11.4252873265156
1183,149.482231252391,-20.1439883764788
1184,150.320347747565,-20.0068787369836
1185,151.356111580491,-23.8556514241232
1186,151.264896883936,-23.7985325978289
1187,143.267742648432,-11.996189648357
1188,151.043231309972,-20.7201257252165
1189,152.099024732936,-21.4337491184873
1190,152.511988512596,-21.1756499930854
1191,152.553008352211,-22.1554138653285
1192,151.615629887042,-20.9225411450451
1193,152.448507436318,-21.1830017653742
1194,152.667248148722,-24.2095525671991
1195,143.487675169294,-10.553867087141
1196,152.25394823992,-21.3706842304127
1197,149.021918820278,-19.3081924628631
1198,150.124913838268,-22.0005499891228
1199,152.383410669998,-21.7101997652523
1200,149.183537274426,-19.6899954025159
1201,147.205375980091,-18.3612375166417
1202,151.937944067762,-21.5757404445871
1203,145.571308137338,-15.138938506074
1204,152.599453948909,-21.955173701705
1205,144.356624478314,-13.9211912393103
1206,148.159598475741,-19.1831382762981
1207,150.803601962425,-20.6253307504954
1208,152.368241248494,-21.5796005014865
1209,151.882042554085,-21.8043901015386
1210,149.111031426288,-20.490051597091
1211,151.624540744326,-21.62705193506
1212,152.251450003719,-20.9615168942196
1213,151.980793088329,-21.024389112789
1214,150.097147701053,-21.9371803320917
1215,150.982530490382,-20.6794155334571
1216,152.761325658349,-22.1834121860022
1217,151.057819683657,-20.8819188186338
1218,150.969560205481,-20.414334465423
1219,152.48942763509,-21.0072914315506
1220,146.455148277938,-17.4537673463336
1221,151.469593252439,-21.105211319509
1222,148.777992591868,-20.7295943709427
1223,150.584421037006,-20.3540980255061
1224,152.521953121891,-21.9219028711336
1225,150.152888155413,-19.7988752858919
1226,150.076178080034,-19.8230460084088
1227,151.77458709023,-21.5274084175931
1228,151.177845540202,-21.1377320582805
1229,151.54629843072,-21.7054914705674
1230,151.80442566898,-21.0682840909228
1231,152.406103295376,-21.3735309643595
1232,151.250334124355,-21.378250612361
1233,151.607065763776,-21.6473872091417
1234,152.589713756339,-21.8987019143446
1235,152.055645751561,-21.9606069193273
1236,151.921710302252,-21.6027152219342
1237,150.7374914937,-20.4305952660817
1238,150.608594662634,-20.3273504827255
1239,148.295816267794,-19.1452609218693
1240,150.741814383287,-20.303221141098
1241,149.697606779847,-19.8955537312351
1242,150.600977227749,-20.5182827413633
1243,152.593451703884,-21.8510388110191
1244,151.703145029968,-21.332982251668
1245,152.167835540726,-21.083348486193
1246,149.959590336967,-20.0614659296812
1247,152.118810611368,-20.9534410401099
1248,147.873515111283,-18.7741259528042
1249,150.798323640921,-20.5606166732695
1250,150.900160709632,-20.6584709773462
1251,146.018988888078,-16.5817608370188
1252,152.131530836302,-21.8772972563087
1253,151.876706185194,-23.4698758672055
1254,149.648594495124,-21.9317935511907
1255,150.186099592784,-20.7008886365949
1256,150.723233056759,-20.5634033489854
1257,150.15149000828,-21.5250700600434
1258,151.792996193193,-21.4106492305814
1259,152.409440157688,-21.8069810255521
1260,149.540957085876,-21.6880299554771
1261,149.031840134241,-20.4222908076817
1262,149.684953530132,-19.5637695982754
1263,149.035791448641,-20.4698819457179
1264,152.17836844088,-21.3770862552427
1265,145.665105443369,-15.9755191590255
1266,151.542313258101,-21.2327244853473
1267,151.27566525275,-23.533977917054
1268,148.484194706401,-18.9875504099726
1269,152.539794480923,-21.6620646228748
1270,152.388771169527,-21.6340163405173
1271,148.824087015587,-19.4805062858241
1272,143.917076339465,-10.4913709901164
1273,152.191868859556,-21.1681118129928
1274,143.768467529945,-12.9338729409303
1275,149.043033602254,-19.3258368271147
1276,152.473974052023,-22.1731051073334
1277,150.197940050288,-20.3420709215416
1278,151.334289608344,-23.7541625364229
1279,147.892305207152,-18.9057101713339
1280,147.597988841729,-18.6415992324571
1281,149.753988214857,-19.6642050459401
1282,149.742816006592,-19.7084580850444
1283,150.12597682628,-20.5702061603117
1284,152.263171759486,-21.6282181602062
1285,151.576291232452,-21.2311015904027
1286,152.450276452941,-21.9085686930802
1287,152.564590452933,-21.4834800704497
1288,152.228971600112,-20.9409622289532
1289,151.014935941209,-20.5388010248295
1290,152.277468046659,-21.2852683116902
1291,148.978937709108,-19.5239294933519
1292,143.381309828153,-10.4415363157412
1293,145.771900086879,-15.4100586660451
1294,151.096700530329,-21.1187033461277
1295,150.394235953993,-19.923074112325
1296,150.745232179022,-20.2412021737033
1297,143.251453145197,-10.5601675657829
1298,150.913583959497,-20.6441209624342
1299,151.119667633892,-21.3175890844791
1300,149.599687741716,-19.8592329422493
1301,143.779687788301,-14.2887170266837
1302,152.408591803311,-21.8628538854577
1303,150.372419302011,-21.0227504370944
1304,152.375905957104,-21.9380795116785
1305,150.954290893336,-20.7678895281014
1306,151.688399866215,-21.3605999831208
1307,152.147432614233,-23.6330627368234
1308,152.260567089021,-21.1989911865715
1309,144.790403497516,-14.3092127197417
1310,152.134619769519,-21.6226499245327
1311,149.352875794303,-19.5473055941542
1312,148.93981152053,-20.8606931130712
1313,152.473574300853,-21.6108140497383
1314,152.143386225984,-21.0894136954464
1315,150.906066781656,-21.7102020295435
1316,152.545051463789,-21.8259193833457
1317,150.29501519657,-21.6731434953921
1318,151.63927920846,-21.0980831671937
1319,152.411178713105,-21.1594517780891
1320,152.549018728366,-21.3683469353273
1321,149.337480802168,-21.4298828604686
1322,152.466663080847,-21.9628392468644
1323,145.276244488974,-14.7180418905132
1324,150.853488467208,-20.6177089543124
1325,150.717249353164,-20.4858466228014
1326,149.425399943617,-19.8006162595313
1327,152.531805018427,-22.1481510244345
1328,151.481294507454,-23.9327559280501
1329,151.003364673406,-20.8321451596995
1330,150.834225273906,-20.6973891666065
1331,151.716076433456,-21.0956913689992
1332,152.468548755297,-21.4264121643033
1333,152.051878547865,-21.2955393375102
1334,152.278484496363,-20.9671911524447
1335,152.13250232088,-21.492703248301
1336,152.775623929196,-21.1088245567105
1337,151.298160644335,-21.2481369224314
1338,152.570286161145,-22.2753573934933
1339,151.673452621401,-21.3771725620511
1340,152.344485063412,-21.4616531687419
1341,152.347365125815,-21.3508148009526
1342,150.344835872311,-19.9741741387866
1343,150.7584447089,-20.5281219507753
1344,151.477553761526,-21.5506978166957
1345,150.373646689885,-20.0326848102539
1346,149.106353807006,-20.4636830510274
1347,150.389630577843,-20.6442929100997
1348,144.958344450222,-14.4574227406398
1349,146.156927117605,-17.7733437356371
1350,149.801149134709,-19.6975364693401
1351,151.374946235154,-21.2651161480674
1352,143.950263833565,-10.6531477742331
1353,146.684912771046,-18.9956027916628
1354,152.132761456732,-20.9120782155069
1355,151.062963758525,-20.6910170188727
1356,152.192851531682,-21.6037797829117
1357,151.031840605573,-20.6399876157145
1358,151.379311437279,-20.9914954114519
1359,152.2053892286,-21.4594492012404
1360,149.578460423932,-21.9565356022265
1361,150.06768569286,-20.3497279243159
1362,152.468755738018,-21.0093518954707
1363,152.628869345814,-22.1253881581178
1364,152.449482492966,-22.1690413113155
1365,151.599991167294,-21.3338549176167
1366,151.496159855959,-21.0263915752102
1367,143.916497438657,-10.5183394171758
1368,152.657064911022,-21.1017964726351
1369,152.308061901693,-21.4940777351588
1370,150.683759916083,-20.3708072099929
1371,152.25517053494,-21.571796701981
1372,150.228743137919,-19.8933188203258
1373,146.793258657217,-19.2097258479846
1374,148.267050004347,-19.0933967464157
1375,149.904012236474,-22.4703556030237
1376,150.896584802125,-21.2457128659265
1377,150.911469531769,-20.4184393238653
1378,150.735403623319,-20.6450883429027
1379,150.760023825089,-20.7081085680174
1380,152.067512211869,-21.6958431502338
1381,150.164455069554,-21.9912543154716
1382,152.393992075564,-21.6743134220632
1383,150.512352282141,-20.095000565462
1384,151.926301971411,-21.8867060258247
1385,145.252145048258,-14.6549972146538
1386,152.160291832796,-20.9270880688065
1387,152.36095593043,-23.8665705664875
1388,144.735065529687,-14.1745345738516
1389,150.251199612563,-22.202836498185
1390,152.37631223497,-22.0937501729852
1391,150.191819720445,-21.9801243400139
1392,151.822698768202,-21.1810797204753
1393,152.440844790569,-21.5272681007112
1394,150.644799528449,-20.091587711597
1395,150.073330069246,-20.3685017761202
1396,152.228967452089,-21.9498328102634
1397,151.263553932333,-20.8090529769222
1398,151.036922473589,-20.4850999353026
1399,150.38141979328,-20.5342363955714
1400,150.928177657726,-20.8317803179455
1401,151.623018165503,-21.6719443658826
1402,151.777954874606,-23.0322497058684
1403,152.604686367101,-22.2643849143849
1404,151.280145199903,-21.042092316543
1405,151.852883011464,-21.4603687127197
1406,151.477685346926,-20.9913093573218
1407,143.843765305579,-10.7666528413863
1408,147.63655474124,-19.141263809749
1409,148.077415782627,-19.0706006901539
1410,145.588993732463,-14.5476726572306
1411,146.163981495678,-16.6089001323182
1412,143.892555268793,-13.9042024712385
1413,145.43143644107,-15.4138877187402
1414,144.538218292307,-14.1837336426148
1415,149.860731353063,-22.1976719206065
1416,150.546941110055,-20.0304805605623
1417,143.812424772556,-12.617410020708
1418,152.478485731926,-22.0539900242551
1419,143.805094522035,-11.3738451837245
1420,151.993636625467,-23.4761880664529
1421,149.147488602524,-19.3039781691513
1422,144.02076453192,-11.532170847012
1423,148.816427437029,-19.2093438401454
1424,144.0630614432,-13.9087212970541
1425,143.549876995647,-11.6896234383745
1426,143.257146039468,-11.2414490238336
1427,143.688233414344,-11.9265859173573
1428,145.441516334893,-15.0228238280205
1429,151.042818346203,-20.9151487314903
1430,143.707479345884,-11.4664795796991
1431,145.586542658857,-14.7898497986552
1432,146.393604089829,-17.7222526565345
1433,147.841616690368,-18.73146344045
1434,150.471999840714,-20.192905669425
1435,146.681449287625,-17.5663384887438
1436,145.655643837068,-15.5178560060284
1437,146.382193430873,-17.6622804360199
1438,150.778227517609,-20.4564613434486
1439,152.396668028896,-21.218990044762
1440,152.389106062625,-21.1215804622438
1441,147.694465141736,-18.9559450925859
1442,150.809160168297,-20.3495396824512
1443,143.477290655774,-12.1013637191378
1444,142.896019136605,-11.8266663390732
1445,142.766391882233,-10.9900222245267
1446,152.12476789467,-21.9005307958687
1447,149.657948843533,-21.3710364535594
1448,150.100760369878,-19.8330206885529
1449,143.511965352013,-11.4658460221561
1450,143.093736675146,-10.7518830784541
1451,152.0795926096,-21.6382406812436
1452,150.997725143058,-20.5545082638187
1453,143.645823437706,-12.8480377129408
1454,149.156338904018,-19.4515810372438
1455,148.900429519518,-20.8206614609911
1456,143.744282848423,-10.7423351555596
1457,146.455895426974,-16.9990277035595
1458,147.868224387033,-18.9053992888605
1459,149.880559905276,-21.7122830043933
1460,150.424975044279,-20.0364996080897
1461,150.042134838384,-19.7161393757831
1462,144.698046386158,-14.4743629033289
1463,145.496120447373,-15.1667284086908
1464,146.610415786411,-17.2863573292826
1465,144.302349173499,-14.1213293383707
1466,148.548749710444,-19.2006156464788
1467,148.911669804364,-20.242151385199
1468,151.914390086797,-21.6492506310229
1469,144.08968417362,-13.5421083116677
1470,145.53216064866,-15.5563183104318
1471,149.226629361561,-20.6462909603517
1472,149.544002806447,-21.8473858415241
1473,146.302912614098,-17.2794784902774
1474,151.912976296515,-21.1933751469618
1475,143.218517882364,-12.1266586652518
1476,146.570582078308,-17.1390159261721
1477,143.393686945285,-11.2044625336037
1478,142.965385208108,-11.3848240287451
1479,147.298433820803,-18.6245925855035
1480,149.053764643244,-19.4988020101547
1481,145.953259120204,-16.5432938977885
1482,143.234044266759,-11.9591426171667
1483,144.349596916625,-13.9464568430956
1484,143.787054167265,-10.7028962490247
1485,149.041927208745,-20.2667138139902
1486,146.762618984659,-18.3866351708791
1487,143.408956269387,-12.2925573309557
1488,150.623157710203,-20.9046413259938
1489,143.4964251488,-11.9114811075994
1490,148.71392890755,-20.1073393171364
1491,144.058442768444,-11.1459824901474
1492,143.751946085792,-11.0630841151818
1493,149.525943248933,-19.3914300364054
1494,143.705447127886,-13.3801351242773
1495,149.281409447626,-20.8434255273794
1496,146.838551630428,-18.0039917172953
1497,143.657861777624,-13.1112091311823
1498,144.519996425384,-13.9836791628609
1499,146.435103554167,-17.7742602046436
1500,146.794726439844,-17.9456386714742
1501,145.775421259857,-16.1172407553016
1502,143.276427954374,-12.1395045821155
1503,143.567959345567,-12.4226081442092
1504,145.508314691741,-15.4286520399676
1505,147.58180710039,-18.4251112558756
1506,149.623855398686,-19.9652243673108
1507,150.801789437792,-20.5222016802596
1508,143.654439291277,-12.9735420576103
1509,145.936951478,-16.6742323143008
1510,152.676352885367,-22.1209547517979
1511,146.12956987089,-16.5271133752169
1512,143.534121127546,-10.9136189738568
1513,146.484617832322,-17.1494164300098
1514,151.297621789517,-20.8297006127308
1515,152.311652055104,-21.4750839420364
1516,150.756591803829,-20.2691568237755
1517,145.621167718186,-15.1977603481001
1518,152.680003919852,-21.1498370858734
1519,146.418840941263,-17.6077160277138
1520,143.82217231147,-14.0134689273064
1521,143.446800949008,-12.1533476899144
1522,143.539189388446,-13.282450083268
1523,143.680192194745,-11.7694466280775
1524,143.310504291751,-11.9204337650863
1525,146.248565197769,-16.9116508963505
1526,145.082633141447,-14.7362050753422
1527,152.489168606682,-21.5950453312473
1528,146.460348260404,-17.4290356161074
1529,143.270096449515,-11.4617507455804
1530,143.739445857393,-13.2385868036607
1531,143.672546341702,-11.3049670737799
1532,150.95200710508,-20.9731056264642
1533,150.540796897198,-22.2659109485072
1534,152.325557981918,-21.589522890675
1535,145.650190807999,-14.6648898969982
1536,143.780718346067,-13.332582037035
1537,143.252149810677,-10.6836496261071
1538,143.724394841536,-13.3279250413818
1539,143.694526727108,-13.2045366742836
1540,144.667118735151,-14.0890255783931
1541,145.715051530634,-15.6475708659455
1542,146.444839937491,-16.9446547098263
1543,149.233303706663,-19.7604217385825
1544,145.677029378753,-15.4615661395597
1545,143.77719419966,-11.5068018337594
1546,142.928801686695,-10.8078828753899
1547,145.593411295448,-15.5610613531799
1548,146.341992241352,-16.7538495490325
1549,145.693409351633,-16.1922037371855
1550,143.61533252979,-12.8101073543349
1551,143.210011722809,-10.8976005206655
1552,149.418934845322,-19.4889890963796
1553,143.550017226693,-12.8863624595207
1554,151.39771846992,-20.8647063637781
1555,142.872512772124,-11.2572398888979
1556,144.57701803728,-14.1013490558666
1557,143.876247530086,-11.1817182703
1558,144.595450508354,-14.3349388180451
1559,144.958355318206,-14.226374220638
1560,143.45957691509,-10.9405453791814
1561,145.832214141553,-15.9897932647377
1562,144.552032308843,-13.9759082819021
1563,143.545780783298,-11.3681822137548
1564,142.938715769648,-11.8431449523703
1565,148.659415118929,-19.4239066087115
1566,147.390054631423,-18.3849137188594
1567,143.354546420067,-10.5396683312508
1568,143.231867209742,-11.5802699448865
1569,143.363283628928,-11.8206464760267
1570,149.096637727404,-19.278483069328
1571,147.976664706151,-18.8237889959852
1572,143.757342177546,-10.8996924048685
1573,150.37561004996,-20.0528558750239
1574,143.725961519677,-10.4963975671712
1575,144.014096896082,-10.8874017421997
1576,143.673217851645,-13.3081230693996
1577,144.065658591755,-11.2613109807809
1578,148.938262122447,-20.4889768745162
1579,148.376642490557,-18.9505166660876
1580,149.633899415022,-21.7373985801081
1581,144.40107488236,-13.9524427141885
1582,145.800869294059,-15.4348812373089
1583,144.756982420182,-14.3600307567422
1584,149.679472509888,-19.9769571479349
1585,143.505667891726,-11.3082654351408
1586,143.545849096186,-12.3740971826536
1587,144.069929308463,-11.4940182889121
1588,143.238958167401,-10.8529698120416
1589,143.89825321877,-12.2879863728073
1590,150.305053021388,-19.8708129259563
1591,143.982121587392,-11.5164415639896
1592,143.459258487267,-11.1081979246369
1593,151.712067330726,-21.1478602220731
1594,148.09669933668,-19.0205719693652
1595,149.485508769809,-19.743782482235
1596,143.238303665686,-12.25040212278
1597,143.165168157598,-11.4340408865953
1598,143.817295585157,-13.7020776178993
1599,150.195569325449,-20.1023144084108
1600,143.675110671733,-11.252590091318
1601,142.687083888248,-10.8198546873219
1602,149.435824385341,-20.7663824627043
1603,149.010049820136,-20.4488772448418
1604,149.0735856034,-19.8071294686555
1605,146.005786759984,-16.9229804173254
1606,145.352552126285,-15.5347195464653
1607,144.237349817353,-13.7368346060336
1608,146.391120776208,-17.4822648205089
1609,143.824904514296,-13.6243277718104
1610,149.579106019758,-19.6670606568105
1611,143.712531528287,-10.9421822363811
1612,146.51689526165,-17.7909097589641
1613,142.935305506093,-11.4349463896756
1614,143.149691329982,-11.2713813791255
1615,143.606493143378,-10.7419751754639
1616,152.605258562877,-21.2899556669253
1617,149.547547262496,-21.0301663465553
1618,150.797943377852,-22.5638292966383
1619,150.256228104167,-21.0655264745216
1620,152.271938486332,-23.7574863855986
1621,149.110742868538,-19.1360185147425
1622,149.494437334698,-19.571241090175
1623,145.862455177172,-16.546972675212
1624,152.614163252302,-21.8680770877256
1625,144.859192926046,-14.3214024086963
1626,149.09428012054,-19.2266948099453
1627,147.370137484052,-19.3511225119004
1628,143.607967043272,-13.4041061790815
1629,143.70982286063,-11.8800376339391
1630,143.762928717501,-10.6201427327758
1631,149.036606852297,-19.3948977657547
1632,146.543957502683,-17.3102409573262
1633,144.017925639915,-11.4753964745627
1634,143.841606785535,-13.9148771882945
1635,151.274826595794,-21.2015732470048
1636,145.344441752394,-14.7866516895446
1637,144.454836651869,-13.9773741930018
1638,151.157104885549,-20.7995194255859
1639,149.935549339159,-21.1026268149582
1640,145.46611671909,-14.6550168913561
1641,145.08682645666,-14.7801765673303
1642,151.018370153958,-21.7247460870133
1643,151.852329848945,-20.9556892109806
1644,150.219900534432,-19.8656775689088
1645,146.212963744147,-16.8743166000988
1646,143.2229089529,-11.1421037337394
1647,143.791547119895,-13.0238291750895
1648,145.763779703915,-16.0067326393571
1649,149.587785611735,-19.515890570905
1650,145.199975171822,-14.6688677149883
1651,150.879333207188,-20.3034831239033
1652,143.505723534866,-10.7696703888494
1653,144.027832093132,-13.858377972359
1654,143.884115059983,-11.9796721111574
1655,143.401225610085,-11.504621090289
1656,143.655310369681,-13.5424584218267
1657,150.937844934104,-20.7066629849371
1658,148.304131233287,-19.0473065672402
1659,146.493447570757,-17.1001585533384
1660,143.768918444202,-11.4578433216362
1661,150.08032195239,-20.9621940002109
1662,150.072295553642,-20.1897288016958
1663,142.928947120419,-11.2498680019401
1664,143.219798580945,-11.9833596627937
1665,143.810870797158,-12.1446894295723
1666,150.650399136608,-20.4999372746107
1667,152.427931057026,-21.8234080524463
1668,150.316338193218,-21.7351577742058
1669,149.225981787449,-19.4590862224542
1670,143.936769442847,-14.1293982254377
1671,143.281296956229,-11.2974137855032
1672,143.589375991369,-11.0159645362516
1673,142.818979241103,-11.2488883642028
1674,145.277526362206,-14.3431541446035
1675,145.53676615473,-14.4966881945311
1676,149.667988636969,-19.8114442997918
1677,146.715416450965,-17.669644616791
1678,143.584250784301,-11.1511828989582
1679,148.389398075598,-19.1696845199187
1680,146.274621358782,-16.7287483151245
1681,149.243805232134,-20.8605130240197
1682,150.667203468253,-20.3240160900387
1683,149.552308507761,-19.3389954588158
1684,143.534099896972,-12.9855383539173
1685,145.738374986546,-15.1892973985926
1686,145.538814737482,-14.7071577409789
1687,143.364900606479,-10.9904124165649
1688,152.353569534771,-21.480292565683
1689,143.412769865148,-12.7799755345157
1690,143.335678118125,-10.8378025181985
1691,150.349214747275,-19.9541445028602
1692,143.690713300605,-13.6692791450197
1693,145.351273920485,-14.3797658356321
1694,149.700148817219,-19.5031356898893
1695,150.316513350553,-20.1008910505357
1696,143.745479960761,-11.8056028223351
1697,149.743191653277,-19.5297925657734
1698,143.563443842161,-12.6327889921535
1699,146.558867147477,-18.0522281973455
1700,150.711055618562,-20.2568117271327
1701,152.71542253532,-24.1132833378147
1702,152.50920967664,-21.8747499536353
1703,143.658808545011,-10.8563963470697
1704,145.564443390633,-16.3861528371491
1705,143.125517574597,-10.9866560375066
1706,143.660843275354,-13.1622137433499
1707,150.754085524336,-20.5481619180649
1708,143.070143801874,-11.3896244893271
1709,147.883346326109,-18.8593007211297
1710,144.958016964688,-14.4773937256172
1711,143.590167901897,-11.856923427132
1712,143.819204501364,-11.255662758845
1713,143.802463317538,-12.7976250288818
1714,143.647728082057,-13.9490356957528
1715,151.901771439846,-21.399009014362
1716,152.382745848661,-21.7998098588894
1717,143.099634559519,-11.1744831782409
1718,148.120127850091,-18.7894209940292
1719,148.721736721061,-19.4563434470764
1720,143.681141215114,-13.4751529083156
1721,144.135255816376,-13.8558016780075
1722,146.457161743814,-17.4767845424651
1723,145.693593266415,-16.7761524690686
1724,142.786098456078,-10.6825278477161
1725,145.686223226242,-14.9684775817925
1726,150.820358348272,-20.7137912783403
1727,144.955614759512,-14.3280814202508
1728,149.302765071854,-19.7504168159537
1729,150.287139188118,-20.6551459034416
1730,151.248012338632,-20.8684374838263
1731,143.651124927753,-11.625677033713
1732,145.78292477738,-15.3637785928635
1733,150.873764733835,-20.6716856719104
1734,145.508141227563,-15.6299880280478
1735,148.679682727653,-19.172665433222
1736,152.172954765793,-21.8669273154378
1737,147.882914277715,-19.4468311967999
1738,149.126175404122,-20.4713248350948
1739,143.663207248734,-10.904225296321
1740,151.758736986863,-21.0479005838881
1741,147.513605374624,-18.6319571547853
1742,146.768636869898,-17.9949090299954
1743,148.078720640633,-18.8542877714894
1744,143.108510110316,-12.1916782419683
1745,148.053041834505,-18.9691495389115
1746,147.39999756318,-18.4787954460702
1747,146.549513254763,-17.8328564844547
1748,145.379625978661,-15.0935393617889
1749,146.252275790171,-16.6870458071033
1750,143.995814755753,-13.4669852065875
1751,152.434201473324,-21.9255670240541
1752,149.063827114655,-19.283189130349
1753,143.558104895975,-13.1089228606881
1754,143.37178337969,-10.7522793980841
1755,149.7027642886,-21.7982105369201
1756,148.984773133537,-19.2755844006103
1757,143.688431020509,-12.9950317082402
1758,143.723663342264,-13.1072498736174
1759,149.661119681797,-19.5730797073536
1760,149.93155328605,-22.0622180587306
1761,144.070330864347,-11.7779021566358
1762,149.745229073281,-19.9434538854211
1763,148.435897907599,-19.3216328704713
1764,152.249555533037,-21.3496890086125
1765,147.441748148274,-18.5516839754626
1766,147.888972698565,-18.7208068137058
1767,151.260313410561,-21.8148697362602
1768,143.446730376138,-12.6232957102109
1769,150.230721603006,-20.6812713684591
1770,152.064215182582,-20.9853600664024
1771,146.600350429861,-17.9694202413181
1772,143.570709944054,-13.2178960919432
1773,143.803712803598,-12.095145325416
1774,146.010234104385,-17.1578794075041
1775,143.433598156642,-11.6905921512884
1776,149.581333299668,-19.872675904589
1777,146.550974091017,-17.4204778283105
1778,143.615789727003,-13.1509857955594
1779,143.858918534567,-13.0224718355595
1780,146.542424894052,-17.7564276699779
1781,151.075296074034,-21.2059424002406
1782,152.206956731898,-21.4995414247271
1783,143.290451669417,-12.5129779412222
1784,143.273555594459,-12.3889835732497
1785,145.315588937288,-14.7867181915239
1786,146.488912622699,-18.5564521777281
1787,145.15845675852,-14.5073037833174
1788,143.855323491724,-11.5923436695189
1789,143.659369733,-11.4284174261174
1790,150.797147550878,-20.2037340825245
1791,143.697180854748,-13.0705456164502
1792,146.33101859297,-18.6824893138965
1793,143.190320755641,-10.7318045279046
1794,151.051526764389,-20.4971014062923
1795,149.433834778912,-19.5483241626409
1796,149.842979021287,-19.6415617084443
1797,145.491029369352,-14.6519020076731
1798,143.016665939653,-11.5500262206296
1799,152.455675985209,-21.7843140064186
1800,152.305122620841,-21.7904326294326
1801,142.970398821864,-11.8844280092327
1802,143.653609195885,-12.9291092229687
1803,149.894933948148,-19.8456802462959
1804,150.24058996868,-20.4460755712528
1805,151.274596970264,-21.3888135332061
1806,150.014279634743,-20.0237170237873
1807,143.67872224507,-13.9160789283475
1808,143.907869291903,-13.6067011013662
1809,152.580595631081,-21.3189569896631
1810,151.704465605142,-20.9292055045102
1811,143.798204973143,-11.3148374195064
1812,143.619800559366,-12.6960790400105
1813,143.596015364748,-13.2756260824074
1814,143.572775165877,-10.9115597135394
1815,146.38508735657,-17.3938888681076
1816,143.767681191142,-11.4228128257982
1817,143.335458254414,-11.3609544382026
1818,143.52445878996,-12.6620433432649
1819,143.955549875492,-12.0220705032589
1820,143.900945803765,-11.4778901228916
1821,147.402564877609,-18.5280774008697
1822,150.520958869863,-21.0117309287363
1823,151.616113576569,-21.2275450212491
1824,143.499183566214,-10.9776885339941
1825,145.5319556438,-16.5936961007822
1826,151.326288146587,-20.9424063671922
1827,151.577462060508,-21.6255025041233
1828,145.025294263949,-14.4731160062388
1829,147.934130308144,-18.7645642970187
1830,149.769740735611,-19.6027759477351
1831,142.837000469042,-11.1586688945702
1832,150.183344010927,-19.8282507026378
1833,143.196278589608,-11.2949832790249
1834,143.042036126793,-11.4538981880296
1835,148.183269246479,-19.196822699359
1836,145.803242453114,-15.7892497204864
1837,146.359555605289,-17.3019904721888
1838,150.415325613586,-20.6836431006225
1839,148.870865161186,-19.1462662614907
1840,144.219355346138,-14.1744949914995
1841,146.101274097112,-16.4935074503246
1842,146.786647874828,-18.083734525938
1843,143.542260598925,-11.4241965967591
1844,151.790236843331,-21.629032214844
1845,145.833280950195,-16.1041252387199
1846,143.835706186045,-12.634535558529
1847,145.379257884181,-14.7106596903102
1848,145.035019047508,-14.3986503670392
1849,146.57826455467,-17.580527912377
1850,143.600761222164,-13.3265268323208
1851,143.485188559653,-11.2706444615089
1852,143.498614357494,-12.4230944280687
1853,147.801696867342,-18.4912439518805
1854,149.732618116311,-19.8377856274361
1855,143.715477834874,-11.3711053229547
1856,144.992670922207,-14.5398783909705
1857,151.400709032621,-20.8097104088175
1858,143.827036931946,-12.3403827809697
1859,148.032858712246,-18.8163345603475
1860,151.507254416581,-20.8681645210122
1861,143.614483466585,-12.9897163621972
1862,143.299755676872,-12.2716877013926
1863,143.290809671988,-11.6040438385813
1864,143.402239454307,-11.0745725913969
1865,144.018091790472,-10.9266956482211
1866,143.353493511483,-11.4883062230303
1867,143.538081390098,-11.4991557353218
1868,146.450566940345,-18.0785995561038
1869,143.629357954971,-11.8852167608071
1870,152.108736316187,-21.9217020258722
1871,145.581804370705,-15.7765648387969
1872,152.232181067523,-21.9790218192672
1873,143.758057108875,-10.846167737527
1874,143.264634795861,-12.0991508718234
1875,149.071638324706,-19.3726611870727
1876,148.881512474552,-19.5305296437466
1877,143.613020738728,-12.7681717814773
1878,149.708241651615,-19.5850810855646
1879,143.818996152155,-13.0664000137467
1880,143.790954570622,-13.5258980192583
1881,145.582527982702,-14.7313444287911
1882,149.303784634462,-21.0542836364816
1883,146.323644788967,-18.2354731327843
1884,143.48177027305,-12.3848876281961
1885,145.751852419021,-15.280945585602
1886,143.572802112185,-13.3515830138652
1887,143.661696752937,-11.0948948579676
1888,148.682786251593,-19.3512006095864
1889,143.929625274339,-14.0192285436313
1890,143.602029649047,-13.8852884121797
1891,143.262064697056,-11.0575791479861
1892,142.898345522285,-11.5903831722449
1893,148.708889264424,-20.184076765417
1894,149.080091785808,-20.262040813333
1895,143.709983532315,-11.0172456047335
1896,145.616409833801,-15.5025079157979
1897,152.128751259938,-20.9758457928892
1898,143.792302160025,-14.2256955774977
1899,151.469150004476,-21.4730939238433
1900,145.820781154348,-15.9498790163236
1901,143.610520695464,-12.3814610703033
1902,150.894039227923,-20.4372889640225
1903,143.390125001415,-12.5187077266758
1904,151.034584727235,-21.3066169772034
1905,145.791556769472,-16.2130974095265
1906,143.573912994755,-13.1837298881222
1907,143.090832609794,-11.0699693592457
1908,150.388890479989,-19.8113334633513
1909,149.652085203798,-19.4970341468224
1910,147.448729253987,-18.4137537040873
1911,145.417492107038,-15.4741152309782
1912,152.320218715095,-21.8900892477391
1913,150.204624381477,-22.320106914079
1914,145.649512014381,-15.5583953235543
1915,145.792516742261,-16.3209306449382
1916,145.720797811525,-16.0797727490254
1917,146.727070457827,-17.8763827813134
1918,143.382880079953,-10.9054737024297
1919,150.343579196543,-19.8539645111507
1920,143.577553284314,-11.6594653159196
1921,143.587620580608,-12.186268628161
1922,143.300633394983,-12.0294087451744
1923,151.08761017451,-20.5309214047185
1924,143.694657396102,-11.1571301187028
1925,148.870905097518,-19.3979273520588
1926,146.35767441559,-16.8575349379572
1927,147.70838651977,-18.7698290635718
1928,146.145234019533,-18.1822131926772
1929,148.253074145618,-18.9240425163611
1930,148.442571256963,-18.8935331581491
1931,143.035334565775,-11.3851603055796
1932,148.294757690417,-18.8765512004988
1933,144.006593274412,-10.8054867363971
1934,151.302663049866,-20.9855506760229
1935,146.785060494754,-18.0320152288344
1936,144.961323660633,-14.3752486669458
1937,152.364432812291,-21.8922726815297
1938,147.856873021943,-18.6938842189746
1939,149.616029772322,-19.8179821547126
1940,151.138133321408,-21.1222515886309
1941,151.885669051595,-21.0534260609506
1942,143.648270423971,-10.4526916020104
1943,145.819447299679,-15.8297053335068
1944,146.346203820343,-18.9375398502846
1945,143.586563858538,-10.8515715179402
1946,148.943354920116,-19.5386199620041
1947,145.573524936031,-15.2882630668058
1948,149.632553260163,-19.6105799413141
1949,148.975024035943,-20.0718655069434
1950,148.903767483634,-19.2139156538148
1951,143.371420327651,-11.9329211435032
1952,150.178672025359,-19.9426143393621
1953,143.242690142498,-11.0230506975593
1954,149.37343308451,-19.6994109509862
1955,143.636549791938,-11.4735340648309
1956,146.726460488352,-18.2286497245505
1957,145.556514835106,-15.2073754970802
1958,146.046093641639,-16.4046072047659
1959,143.614847561447,-13.9262789558553
1960,146.151905846022,-18.0079018306391
1961,150.893469272047,-20.8062189340584
1962,143.884777596788,-11.705537286319
1963,147.148308432913,-18.5087614712732
1964,152.231368165565,-21.0627394530424
1965,144.052649251646,-13.4780803262131
1966,149.934704561714,-20.1704170555729
1967,143.589747224946,-11.3364236155832
1968,149.728432746528,-19.6889202131321
1969,150.103270376217,-20.2957789248483
1970,150.873272313079,-21.186177740755
1971,150.988117342149,-21.2724325423413
1972,143.716615044214,-10.7702907427606
1973,149.450751349853,-19.4429411621921
1974,145.204195895766,-14.7048424389625
1975,142.939698421878,-11.597582467138
1976,149.80772459834,-19.716585314252
1977,145.06777182459,-14.2676699187883
1978,143.242339137369,-10.946910271038
1979,142.87834310343,-11.7808379181178
1980,151.403609870604,-21.5834473331888
1981,144.891939566032,-14.2003345919971
1982,150.986095447168,-20.863490279755
1983,146.534563964599,-17.3541837351326
1984,151.968432312789,-21.7660505368159
1985,144.57674115119,-14.2325254332491
1986,151.183512976798,-20.9602491272808
1987,143.324301481557,-10.7567757626878
1988,145.705163977426,-15.0747933324317
1989,143.534782311644,-11.148237820608
1990,146.515070516437,-16.9935933436157
1991,148.928763322694,-19.1659823005405
1992,145.018077738781,-14.3643306240659
1993,151.105533808184,-20.8201358137782
1994,148.846603924764,-20.304690408569
1995,148.886371264812,-20.3752682264487
1996,149.411096965911,-19.4367859662527
1997,148.392545393541,-18.8772626997521
1998,143.701058177242,-10.5438870739483
1999,149.960939984292,-21.918516813074
2000,150.912455437011,-21.2575659918398
2001,151.566953334516,-21.6727063212946
2002,152.495115777325,-22.2002779303511
2003,145.998658727078,-16.7670710887545
2004,149.119442609792,-20.2696445030384
2005,145.867368803188,-16.0520472999944
2006,145.767841321011,-15.5950141448219
2007,150.547883959528,-20.224800495641
2008,152.498029336549,-21.6751354046873
2009,143.318056162987,-11.2154024054339
2010,145.992850042127,-16.6552038192884
2011,145.996746345254,-16.4281075051997
2012,150.987488968342,-20.4354427787317
2013,150.687687178932,-21.9572632853721
2014,150.930567437856,-21.2777162171451
2015,145.980209306591,-16.581576428416
2016,147.231803846639,-18.5467076268078
2017,145.808004838703,-15.6465030764169
2018,152.466660095357,-21.841842307046
2019,146.180862082485,-16.8029943477064
2020,143.377997329033,-11.4603301102531
2021,143.744675560577,-12.8393857321086
2022,143.524142021618,-13.0764808289397
2023,145.454136082859,-14.9086163127906
2024,143.921679463664,-13.6409886272488
2025,144.741423782646,-14.3190765665072
2026,146.457218767331,-17.6094352159951
2027,143.801383165107,-11.4184622466763
2028,143.37465663616,-12.1422546480272
2029,143.47001513242,-10.8050977227783
2030,143.901605050972,-11.5453275997066
2031,143.353410542544,-10.8058310104554
2032,150.268305441852,-21.4833027738297
2033,152.775972189553,-22.0534650926713
2034,151.988652709071,-21.3540047468926
2035,145.410372294525,-14.445010489781
2036,151.022004609554,-20.4730391960924
2037,143.951179705369,-13.9002656129774
2038,149.391443019497,-21.4749536029414
2039,143.629366285056,-10.9761246181475
2040,150.454722424777,-21.0790118600516
2041,143.77804194238,-13.8445869021276
2042,145.800375740452,-15.7187658441545
2043,143.476058484838,-12.4735173993658
2044,150.023899166026,-20.067706901363
2045,149.59751796663,-19.5579125128674
2046,150.238873599079,-21.1151330369151
2047,144.845022529654,-14.5216297663104
2048,143.793922922944,-12.8683291825478
2049,143.93306901488,-14.1786013695929
2050,152.312192991988,-21.8316091971774
2051,143.330361939295,-11.6203683926083
2052,150.752433999088,-20.6350862645306
2053,148.079681496451,-19.2945184668028
2054,148.579785250094,-20.1457073490408
2055,142.992738892465,-11.0068350834828
2056,150.685268173668,-20.4161503010172
2057,150.535193118636,-20.9407689299589
2058,143.793720336551,-12.5345244029551
2059,145.889666958167,-16.2208887840868
2060,149.977982544218,-19.6927005756877
2061,143.642205995153,-11.5125853197929
2062,149.458283725494,-21.4547683759548
2063,147.016108053008,-18.2089210754715
2064,146.388875355456,-16.8768874675839
2065,143.242126117608,-12.3550760337081
2066,143.442738563184,-11.1792429212464
2067,149.264696413279,-19.6556504869238
2068,152.475769310817,-21.6458570075159
2069,149.379467123206,-19.3330020063468
2070,148.349829385139,-19.2786552753297
2071,145.272872099762,-14.8504633584369
2072,150.271066431599,-19.9114309354522
2073,146.853085308501,-18.0601051829827
2074,143.687099100883,-13.8464172344688
2075,143.358390567704,-12.3509218120408
2076,143.511442680034,-10.9445184016191
2077,149.683372000749,-19.7408781572682
2078,150.207418079382,-19.9563330924159
2079,145.515999382422,-14.9168109425814
2080,145.670228612887,-15.0943765691586
2081,145.796297541497,-15.877162301713
2082,149.567747894188,-21.4185510382916
2083,146.744647324448,-18.325013751463
2084,148.308518033723,-20.1082120731602
2085,146.066159743935,-16.4391516903931
2086,143.553754041352,-10.9306310004685
2087,143.682381898858,-13.9758157296209
2088,149.828902200071,-19.9168367689633
2089,150.844956301798,-21.1564657678736
2090,145.570226780014,-15.5104909621205
2091,143.723938636363,-12.9946794605584
2092,148.736005841272,-19.5025641504289
2093,145.2833699394,-14.8170652805033
2094,145.752265936584,-15.3350568904203
2095,150.554413480082,-20.0754389807339
2096,151.541769868204,-21.5224989041749
2097,152.474574322613,-21.5346130818692
2098,145.557280220076,-14.8830954071023
2099,151.034881195123,-20.5553723842607
2100,145.044027354232,-14.443578605608
2101,151.075253911587,-21.0065389883656
2102,143.823799897825,-10.8251097484294
2103,150.613016635438,-20.98432979911
2104,151.081214786275,-21.1504514698199
2105,150.900465311038,-23.0634785169398
2106,150.576145324306,-20.5407696784581
2107,143.417171072043,-11.9481316985848
2108,143.494059119798,-11.106662694048
2109,147.102326310241,-18.4925403780802
2110,152.642131120248,-21.8038520773594
2111,148.258475389743,-19.117240682464
2112,148.317978208475,-18.9333872229317
2113,150.146309861115,-20.2442577263366
2114,152.673810327809,-22.6134469758232
2115,145.623477278458,-14.5996804421782
2116,143.638804857333,-13.7372029988579
2117,150.605995570433,-20.2727369869714
2118,148.880117099259,-19.1877009425791
2119,148.250286675286,-20.0250760080208
2120,152.162997033006,-21.3317752008313
2121,143.274979035623,-12.2472764773571
2122,150.726199992871,-20.4467387009442
2123,144.267055519997,-13.7801047313264
2124,147.174722844986,-18.3434041870262
2125,143.962148117957,-13.3671949843064
2126,145.429630448691,-15.6404840036302
2127,149.669758045989,-19.6296249054315
2128,149.893496775214,-21.4939054950777
2129,149.416168321037,-19.3414197287876
2130,148.779211669986,-19.3753501891691
2131,147.554464268615,-18.6082864031472
2132,143.748637147108,-13.1386535114793
2133,145.527615167487,-14.8655142061648
2134,152.395394346895,-20.9894026629887
2135,146.104643755119,-17.8107236445728
2136,143.556310895306,-13.0649113778186
2137,145.687305244326,-16.4405239340972
2138,151.338819606419,-20.9841403997663
2139,145.80554904184,-15.4883463459631
2140,146.554506775458,-17.7247387695476
2141,143.539592102009,-11.0134198511863
2142,144.927247191749,-14.573930394244
2143,145.990273057136,-16.4651187693894
2144,148.607723112263,-20.1002287289707
2145,143.714209122968,-12.614254493066
2146,151.650767222374,-20.9862756607925
2147,149.645987557133,-21.5892081441447
2148,149.664298491698,-21.4713436091376
2149,143.979440075908,-13.7683796495133
2150,151.017107708736,-20.7412691244058
2151,150.481457716679,-21.1229858704116
2152,150.201498713559,-20.4070914866892
2153,145.322482988666,-14.4195382699994
2154,146.46573622315,-17.2749731264433
2155,143.997636877487,-11.7841765729936
2156,143.684504591559,-11.6232728633193
2157,145.698143916132,-14.8271813730268
2158,143.813381397299,-12.7575430063437
2159,144.044352084645,-11.5950499806126
2160,145.636412832515,-15.0979952417217
2161,145.089260228859,-14.4156613999655
2162,143.750331423679,-11.4875238173816
2163,149.578912201458,-19.4210398173737
2164,147.349228840649,-18.4223447879523
2165,143.361011215159,-12.4395068760431
2166,150.468238651661,-20.7171023454092
2167,143.438851539598,-11.4305306227239
2168,146.990062433046,-18.4364582139977
2169,152.348723075651,-21.7067274894583
2170,152.087718009684,-21.6958578829848
2171,143.252912014601,-11.128778083592
2172,143.841629331898,-13.9604500342934
2173,144.928311219717,-14.212230138133
2174,143.65105857662,-13.452358070009
2175,143.520989163567,-10.69328829801
2176,149.198912379004,-19.7193071224635
2177,143.549039374897,-12.057611455719
2178,143.206412899518,-12.2425731949122
2179,145.805086031755,-15.6058326669568
2180,144.764987522241,-14.5015974237159
2181,145.533047301983,-15.0445703854905
2182,143.844409519522,-12.6845488960934
2183,143.433752133442,-10.6971013310283
2184,143.422272680123,-12.6623709903259
2185,144.889254117465,-14.5627745955071
2186,144.103913394118,-13.6255889979128
2187,142.993591923345,-11.8619366694452
2188,149.399801922796,-19.7597758427029
2189,152.323327347455,-21.9882038156086
2190,142.936537431879,-11.7967403560282
2191,143.433330007706,-12.3137325839598
2192,145.537188063995,-15.242246010272
2193,143.604893917372,-12.5201772324456
2194,144.034019945066,-10.9125264192757
2195,143.124705429201,-11.4681359817928
2196,143.690859002533,-10.789346197521
2197,150.752410378562,-20.3782881256181
2198,150.712904784755,-20.3541748875441
2199,144.242322395943,-14.0681314433849
2200,143.962411495418,-11.3223534050216
2201,147.425970611504,-18.6255441777066
2202,149.336484465252,-19.7490199935312
2203,143.80076292373,-10.8031864141592
2204,143.792359429876,-13.6820393392628
2205,142.710601139305,-10.7965936753052
2206,150.213552456795,-21.6140351906047
2207,152.369716648075,-21.6057555357167
2208,143.693564566222,-13.2761137819971
2209,143.081813092449,-11.5183412475775
2210,143.819869150198,-12.8937881436633
2211,143.7506605691,-13.4168221291857
2212,150.942197002868,-21.1923747708514
2213,143.692656411588,-12.9518723229151
2214,150.934201221885,-21.1075764718577
2215,152.649541747184,-21.5828087877897
2216,150.933888971689,-21.164474554359
2217,144.951051055803,-14.4141200068162
2218,145.472323201793,-14.681065965935
2219,143.41202325872,-11.4495290462391
2220,143.767175456665,-11.0129147932967
2221,143.835575045583,-12.8327360011801
2222,145.679461032623,-15.0241517986212
2223,147.895769011297,-19.853589035171
2224,151.556550184089,-21.1508894902123
2225,143.685530302869,-11.5596767237491
2226,144.811565956524,-14.4327563245264
2227,143.294354430656,-12.0694289807869
2228,142.986392679966,-11.7317621003261
2229,143.868081053068,-11.953409343592
2230,152.334531337625,-21.758231254215
2231,147.13942351991,-18.4148633903688
2232,151.382555019781,-21.6073175298075
2233,152.119532200351,-21.7880483035877
2234,150.416645747362,-20.0867071890366
2235,151.918211499949,-21.474891284872
2236,152.384364861834,-21.4723907582088
2237,150.123447062422,-19.7858995841568
2238,149.028880211485,-19.5267968080539
2239,143.319808752329,-11.0791008836222
2240,145.739389516936,-16.0551125615315
2241,143.028459817501,-11.1166215088364
2242,145.569999685454,-15.0508886088023
2243,147.062841034129,-19.2464029128444
2244,149.691746901551,-19.6704971848695
2245,146.586353305578,-17.888533999347
2246,148.740197335817,-20.6961357727704
2247,143.640492120591,-13.7714022883991
2248,143.914068226929,-11.6373870600181
2249,145.767442910796,-16.4140696910077
2250,150.168251672319,-19.8552527160756
2251,143.791227950504,-12.3640868343276
2252,146.821577927216,-17.8940670730976
2253,146.184991782288,-17.0736066883043
2254,149.158469528854,-19.3516281330853
2255,148.747048646801,-19.2963631410615
2256,147.927667443763,-19.0327460129724
2257,149.278721281064,-19.2160125170476
2258,148.862266982574,-20.5816739706515
2259,143.240152122858,-10.8950317715612
2260,148.959894144637,-20.8708963784373
2261,149.187979302665,-19.3332191744176
2262,152.273162632237,-21.5625165560473
2263,145.61832308096,-14.8425207298686
2264,143.529608267934,-12.5586745843355
2265,151.707117457709,-21.568304665837
2266,152.258876557712,-21.7774585103913
2267,152.237680028667,-21.0863235785489
2268,149.161700697946,-20.7523629969819
2269,149.413504381906,-19.5892159918981
2270,151.668251986306,-21.2441150136519
2271,147.384240308251,-18.2656984691099
2272,150.766152009514,-20.1585276258392
2273,143.98234289955,-10.7553916555674
2274,143.546047880312,-12.814977339455
2275,147.717245715328,-18.6465134694543
2276,143.397882999676,-12.7545296388578
2277,149.708638516415,-19.7245389766168
2278,147.951256561114,-18.8996646587547
2279,142.7727047893,-10.9013339533755
2280,145.16496789083,-14.2891689127151
2281,144.005497812424,-11.121823232201
2282,146.002455034246,-16.3064804833575
2283,143.757065807975,-12.3844351401981
2284,143.889958081815,-13.3175554837012
2285,149.353168407322,-19.2574981416897
2286,143.618390076071,-13.5171824910968
2287,145.268213937032,-15.1588980327687
2288,145.464210080934,-15.0038465940989
2289,144.04400665348,-11.1034244527127
2290,143.284028387789,-12.4330651038552
2291,143.088758697056,-11.770574316883
2292,149.907777928445,-19.6783862905926
2293,145.222240599931,-14.4562201072798
2294,149.671523507489,-19.5384630001108
2295,149.538418089441,-19.5355672594761
2296,150.199858727518,-19.9213907822835
2297,149.951199666859,-20.5402141054821
2298,149.876613015288,-21.8996526447887
2299,149.32538608523,-21.3281022829349
2300,152.55232688367,-21.3067154876427
2301,146.517748936854,-17.5247343900889
2302,143.48177057852,-12.7547938392525
2303,149.632256396433,-19.4601724495589
2304,150.261223362563,-20.0070565056308
2305,147.857972399276,-19.3617030814973
2306,150.841856929817,-20.5907837447311
2307,152.366851371537,-21.4341587508135
2308,152.308729439583,-21.1545325022585
2309,143.588916090331,-11.2073048329327
2310,148.181587437941,-19.0592941684098
2311,143.714762969027,-11.1924203550862
2312,148.946621673972,-20.3572058866002
2313,149.797844254679,-19.5679513718249
2314,142.915651530373,-11.7696521130806
2315,143.289766020646,-10.903932111279
2316,149.351038817669,-19.3941313828567
2317,145.502736134457,-15.4857370678203
2318,144.32124985413,-14.0997208606365
2319,146.541822202331,-17.1909671116625
2320,151.567881665641,-20.9774011874723
2321,145.182017314433,-14.3132366492017
2322,144.753514349864,-14.4755114446805
2323,145.517527134142,-15.0733675978564
2324,146.550066681274,-18.7687882435391
2325,144.166055927892,-13.6763145269144
2326,149.686400685294,-19.7052942591605
2327,146.489155732624,-18.6582037827786
2328,152.439834679161,-21.8555354698991
2329,143.946443808083,-13.2741113507469
2330,149.389736103197,-19.5159810677145
2331,143.009288824871,-11.8070691775919
2332,148.860696397347,-20.4138819168864
2333,143.51318494719,-12.2452744757243
2334,150.656463005668,-20.3503928677937
2335,147.69383876636,-18.8633179391191
2336,144.014494730209,-10.8448713822636
2337,143.218287395425,-10.9324683457883
2338,150.724838006433,-20.9816067089538
2339,143.964599888969,-12.0651341143711
2340,143.761978069126,-13.1696543511144
2341,143.19756963087,-11.1844399227187
2342,152.500346594749,-21.1390721230546
2343,143.178519777275,-11.5901995910089
2344,150.453767000518,-20.8045732501798
2345,143.626531350267,-12.878586640364
2346,143.838223332722,-11.8701505734465
2347,148.289760821343,-18.9552612378425
2348,149.239105532627,-21.1607354374546
2349,150.559636150796,-20.2816768510134
2350,146.468577714783,-17.126312124039
2351,143.754389030175,-13.9437857578643
2352,143.97337353653,-13.3248230401326
2353,145.687165230321,-16.1233484427773
2354,144.535306497666,-14.0947899100121
2355,144.739680442345,-14.2391464669793
2356,143.449911825798,-12.6584119813278
2357,143.369683926129,-11.5521850462718
2358,149.786569556617,-19.742578751471
2359,143.778372593241,-10.9840261030815
2360,151.799170296676,-21.1620068526021
2361,143.84637200426,-12.4151343078959
2362,145.246743276716,-15.17649129142
2363,147.526224433392,-18.7978893837302
2364,143.65573148018,-13.9009204446814
2365,143.901755548235,-11.6651066038715
2366,150.965289177747,-21.1755338185478
2367,145.478001998494,-14.8946801925738
2368,148.150629150458,-18.8731439914743
2369,151.088565637882,-20.6931430609122
2370,146.158135514726,-17.6541935531893
2371,151.986941017681,-21.8378542839631
2372,152.403897990763,-21.4522506300419
2373,149.821352582477,-21.4339937291976
2374,150.427008086145,-20.1210153313529
2375,150.933126985741,-20.3688377406009
2376,143.157085636248,-10.9502959057166
2377,145.932772889055,-16.6399647528495
2378,143.972983017395,-11.7052994934104
2379,146.421314543455,-17.1212324165375
2380,149.117149081603,-19.259873783454
2381,143.852044208121,-13.5524129765183
2382,150.561509698801,-20.5639281954264
2383,150.953681272094,-20.3919548882222
2384,143.934851219098,-13.2500194459697
2385,146.544406989021,-17.6975259169804
2386,149.617259313355,-19.7579308495274
2387,148.695680933132,-20.2668036322082
2388,152.54572261536,-21.5485916836238
2389,143.849639488441,-12.9975727466697
2390,151.553952958254,-21.003587059246
2391,151.596577850479,-21.0400085737902
2392,151.71452735455,-21.1224133323334
2393,146.042018329726,-16.6241181470412
2394,144.600746516515,-14.1597574501949
2395,144.687733793869,-14.2976321557825
2396,143.809245760328,-11.0732794888252
2397,149.032803107943,-19.115252825751
2398,142.73831898249,-10.6802854977901
2399,143.717831955908,-13.8651824640406
2400,148.688829782508,-19.112457503469
2401,143.557281326352,-13.3300742297406
2402,143.550974894359,-12.9650816487793
2403,144.038239372504,-11.4246698159415
2404,146.441697054344,-17.2878838116284
2405,143.412043314062,-10.7761697066517
2406,143.856042723834,-11.8258360072226
2407,143.294887370299,-10.9869781380018
2408,146.15607249229,-17.7469983921227
2409,144.893279342694,-14.4628730856263
2410,148.944227463361,-19.5786817996795
2411,143.54925647665,-12.5811509241046
2412,146.354340668594,-16.8051971515071
2413,143.466326015236,-10.6966496385668
2414,143.446227228628,-10.8976086772427
2415,143.177814666012,-10.9066287685855
2416,148.692112885082,-19.0863540069177
2417,148.545441437815,-18.9251500747086
2418,143.399740848252,-10.9637115413811
2419,143.309902942916,-11.3969427844527
2420,144.574382131783,-13.9619689108219
2421,143.441229038342,-11.1437995584993
2422,147.05296653479,-18.6310978042783
2423,143.950919501735,-13.3081255458663
2424,145.355529888345,-14.7631411166068
2425,143.858929373256,-14.063686633638
2426,143.21602102439,-11.9435206880634
2427,150.700002892772,-20.1797814008189
2428,143.552367991693,-10.895704212336
2429,143.905789236431,-13.7431840139579
2430,143.834781024598,-11.9172705023786
2431,143.815725218384,-13.9645813111298
2432,150.489573726586,-21.0408586686765
2433,146.290890958409,-17.1848006312078
2434,149.830769513496,-22.0241632459638
2435,143.403777944231,-10.8489521633393
2436,144.650673566584,-14.3428332302616
2437,143.871851645319,-12.0384359030477
2438,147.522396165798,-18.4348619263053
2439,143.676625054959,-11.8253679056129
2440,150.370076255667,-19.8595833419194
2441,143.130137068888,-10.9520253843448
2442,151.72329205705,-20.9538205285944
2443,143.336772816191,-10.7346827874683
2444,143.89092495166,-11.5220179863962
2445,143.125671293234,-12.2865141971122
2446,150.770058398299,-20.2028643022551
2447,143.425612032979,-10.9675954224857
2448,149.718787925358,-19.8799988404671
2449,147.633284549327,-18.6073744649329
2450,150.710352819881,-20.2038708865338
2451,142.762232022854,-10.821044241321
2452,143.874224376047,-12.2404634903213
2453,144.935258147715,-14.6142858325573
2454,146.325840124562,-16.7341379910521
2455,149.659154658899,-19.7828128895141
2456,150.58521130363,-20.210827409524
2457,143.930102413004,-13.8289280624996
2458,151.816099225669,-21.142501864917
2459,150.659002962451,-20.9521730594749
2460,150.955493716977,-21.2308390863641
2461,143.807984140511,-12.1200230533765
2462,143.344030459943,-12.3305444130266
2463,150.586576456697,-21.9825253987147
2464,150.7555794806,-20.4433379070492
2465,143.858128127223,-11.4899388003738
2466,143.286016291624,-11.9697641357687
2467,145.613420374672,-15.4283844137344
2468,152.346933705051,-21.976299577026
2469,143.01044741395,-11.5941837688109
2470,143.762721343054,-12.4656107205453
2471,147.139843239948,-18.5473397101645
2472,150.239317555528,-19.9932000944212
2473,152.110266907843,-21.0020196071721
2474,150.236672767229,-20.4021463666584
2475,149.759254860699,-19.639897937388
2476,143.490086687368,-10.4064175264502
2477,147.614968332844,-18.6577571214227
2478,145.763643367933,-15.3130094843053
2479,146.410522221137,-17.098852211906
2480,143.314077238149,-10.9151345200486
2481,143.628677126667,-13.4160869538105
2482,149.623790148554,-19.784063669402
2483,143.510683613087,-10.9059178165405
2484,146.608684939829,-17.2618707483008
2485,148.016669639929,-18.7971867194637
2486,149.928138650107,-20.559676457088
2487,146.478880490874,-17.44583577594
2488,143.370960929291,-11.0587890983873
2489,143.974524674256,-13.3989471424848
2490,151.964452878518,-21.3448782930881
2491,144.116094503936,-13.9791722210137
2492,152.413213490258,-21.6689260868827
2493,149.125485199501,-19.752749701702
2494,150.746398558025,-20.3546993460098
2495,143.959111111977,-13.1595898089915
2496,149.82962298886,-21.3752037888707
2497,144.973203090517,-14.5240920865515
2498,145.448323304132,-15.6246724093189
2499,143.17790286617,-11.5316445767321
2500,143.089619050718,-10.7753883080478
2501,150.452280818274,-22.3083975463324
2502,146.448829120536,-16.9759941158661
2503,143.895265436648,-11.5748119545088
2504,143.467614925073,-11.0476267095289
2505,152.606190501884,-21.918412048801
2506,150.908312415587,-21.2897768534383
2507,143.55076877784,-13.1765602244327
2508,145.002590013722,-14.2334627768312
2509,147.058094430572,-18.4318274646806
2510,151.074307762887,-20.6694692728202
2511,145.581373601402,-16.6545579116552
2512,143.79234159365,-12.7460321320344
2513,149.184870713997,-19.3689472363946
2514,150.280369027131,-19.8657867206519
2515,152.476411530232,-21.8054715449377
2516,145.466238567072,-14.5909162931939
2517,150.315007761868,-20.1246861412207
2518,145.515065874522,-15.607279258245
2519,144.311287069789,-13.8655338401471
2520,145.796209968608,-15.557188124923
2521,146.483730906177,-17.2285718156507
2522,152.33807064294,-21.950078689171
2523,146.46136543555,-17.0374351872406
2524,146.814646408157,-19.1976768940153
2525,146.650560608357,-17.7794826725318
2526,149.241306486555,-19.5652055884024
2527,143.156723419168,-11.4719551632147
2528,148.606633306488,-20.149494751675
2529,149.688048755375,-20.0316052038022
2530,147.417337990738,-18.5478527928551
2531,146.993062892601,-18.4691416608211
2532,145.779097020017,-15.5149865960427
2533,143.963664737299,-11.5750199385008
2534,150.24853659357,-19.889183471934
2535,148.959886166664,-19.1904140411795
2536,146.290474893706,-18.148676645778
2537,150.245482872064,-19.9108022462492
2538,143.643108433173,-13.0514480120632
2539,145.656825012266,-15.9051870987334
2540,146.966729919422,-18.1335080816555
2541,150.369084300944,-20.1741512757918
2542,149.028524044938,-20.3990922066855
2543,146.054774667651,-16.6947052681907
2544,143.945610469337,-11.4826517032615
2545,145.587221978431,-15.2507090946992
2546,151.690508779262,-21.1596668247761
2547,143.333532804372,-11.0278964188785
2548,143.988378896355,-11.9489232093509
2549,143.724161350789,-11.7961197509265
2550,144.032156768703,-10.9659309167883
2551,143.897917480769,-13.0757617834833
2552,145.835248131177,-16.0352154141336
2553,149.185386572457,-19.7924237747031
2554,151.57441220367,-21.208415870448
2555,145.574425985567,-15.8727764908932
2556,145.17813081851,-14.6603203847282
2557,148.722141399756,-20.6280187393932
2558,150.658629602272,-20.1659962429698
2559,145.499645714201,-16.2982594193704
2560,148.594632473752,-19.3802714156152
2561,145.581483419708,-15.3590226504996
2562,147.498943385606,-18.5613413881837
2563,145.553141271319,-16.5548359675724
2564,149.849991334862,-19.6158955838955
2565,143.855029115912,-11.2878938665831
2566,143.127771446704,-11.3416245393115
2567,142.872737599027,-11.51218555607
2568,150.322328345881,-19.9044081522663
2569,150.309283272383,-21.4675667848804
2570,150.521007674686,-20.1621680491818
2571,143.359829076551,-10.9391518189312
2572,145.640884334895,-15.5353239228569
2573,143.944405624498,-11.3723582754227
2574,143.810080160398,-13.1864477623903
2575,148.962663975975,-19.2840096071647
2576,149.975907187455,-19.7189597781713
2577,148.181323114059,-18.8202105851801
2578,143.798942018281,-11.0534084549593
2579,148.554728219413,-19.9964890370068
2580,149.089108939131,-20.140846839124
2581,145.449817759837,-14.6855770240668
2582,147.909309007242,-18.9388299625539
2583,143.132644189872,-12.2319381964737
2584,143.768977952886,-11.4006559080159
2585,145.482119309686,-14.4525612601591
2586,146.76633161294,-18.1170180679801
2587,143.754222851843,-11.3061589777563
2588,146.008131593347,-16.5184359199305
2589,143.441724727413,-12.811117140688
2590,152.657064219045,-21.8943817468764
2591,144.799691993843,-14.1777638924457
2592,146.001402122815,-16.5676090101062
2593,146.267172653575,-18.156083232165
2594,144.018137632766,-10.9860658449763
2595,146.898076741505,-18.2609700172516
2596,152.627464394476,-21.8213332675736
2597,151.229424990792,-20.8425345837638
2598,149.926088451752,-20.101706976373
2599,142.900159507955,-11.8053380135386
2600,150.626198741845,-20.1904906998511
2601,143.379522828718,-11.0387774157328
2602,145.778277511952,-15.5732425329897
2603,143.26498529601,-11.801931288889
2604,143.817548281096,-12.0514818747619
2605,143.837940614481,-13.7596442968065
2606,149.025521662454,-19.3500020828716
2607,143.160651034179,-11.3772856901442
2608,148.231115196398,-19.0774193117746
2609,149.418056543958,-19.6451127779626
2610,151.014076745705,-20.6788013499449
2611,143.975485443057,-10.7781526626501
2612,143.516321069217,-11.5527490165613
2613,143.295917920221,-10.9317604988132
2614,143.69241474881,-11.0045981637672
2615,152.494803442188,-21.511597555808
2616,144.00513943619,-11.2522533699057
2617,146.106599377536,-17.724776507854
2618,145.64628321283,-14.6437656562992
2619,146.339289601191,-17.3875468321165
2620,145.692819518581,-15.4465971148891
2621,146.572100265485,-17.6941273259886
2622,150.601738825197,-20.5870159576252
2623,145.480318732263,-14.6332566002598
2624,147.557060019517,-19.0222858465435
2625,148.617158408281,-19.2626603950535
2626,152.32729729222,-20.9643057857273
2627,146.471293074031,-17.6538052601499
2628,149.30187708128,-21.2930994054998
2629,143.00056182162,-11.1292468123045
2630,143.842745364129,-11.8442608433303
2631,144.524621645299,-14.1202975269359
2632,149.576199202495,-21.4743718841364
2633,147.920666552766,-18.8947943221137
2634,143.923106325851,-12.0042806355623
2635,143.467235342641,-10.8819253132405
2636,146.706156134364,-18.4081930097526
2637,145.530171346204,-16.5600207643793
2638,145.972828219865,-16.6464152803308
2639,145.342531857511,-15.2146163029902
2640,148.472229387568,-19.1363975764293
2641,145.511070242574,-15.0060696031921
2642,151.270928845315,-21.1043521830402
2643,149.114918894299,-20.1978483651176
2644,143.784886600084,-11.825629370854
2645,145.468265831556,-14.6145250750001
2646,143.466211115998,-12.7782144317464
2647,143.679099945089,-12.1109442123612
2648,146.216860104702,-16.9529084467278
2649,143.642087627595,-13.1521015143123
2650,145.764902091116,-16.3520339711174
2651,146.831822533068,-18.3541160237555
2652,147.065568449447,-19.1793916543963
2653,144.970019372142,-14.503338830976
2654,143.778285026879,-12.5686029098017
2655,143.351628020428,-12.11358469797
2656,149.738636438764,-20.9508983928289
2657,146.483600831253,-17.8496100490022
2658,142.895945661385,-11.7623615607759
2659,143.969101656944,-11.8019783840138
2660,143.874470429661,-11.7300751021291
2661,143.37952791633,-10.8401894925833
2662,143.979618191458,-10.7231674446165
2663,148.542591538712,-19.0953217558752
2664,148.164611201383,-18.8570584927187
2665,147.742251463872,-18.9069859906091
2666,150.782559567356,-20.4140155744964
2667,142.983621548557,-10.7998219011143
2668,151.97375581348,-21.1634422073051
2669,150.450177735191,-20.6487947170728
2670,143.393316761465,-11.1840211044319
2671,143.853032193209,-11.9269908870244
2672,150.508588741272,-21.0512408614637
2673,143.810241639485,-11.1915541680032
2674,152.145317338867,-21.548674599759
2675,144.060032546363,-11.1851716754693
2676,144.043616515767,-11.292552950453
2677,145.697211575429,-15.1366528464531
2678,147.477692504465,-18.5645466645926
2679,145.247472819533,-15.1559258880301
2680,151.552004816382,-20.8933478134035
2681,143.876490689999,-13.1960585744416
2682,150.93112525036,-20.4146111474054
2683,152.267911901084,-21.6699848260865
2684,150.535475080024,-20.1799118816404
2685,143.030830902805,-11.1821175839296
2686,145.807654574137,-16.0341374291496
2687,144.078774305927,-13.8530907689301
2688,146.748203889023,-18.1065978476327
2689,143.473744948709,-11.028501209061
2690,150.737736757465,-20.2789054195401
2691,143.539874858194,-13.0296797100328
2692,143.515729314314,-11.6023686046577
2693,143.962316664771,-11.5120638651461
2694,143.111529465481,-11.5070432998453
2695,144.035195004416,-10.9968208294574
2696,150.241907841957,-20.5155634308449
2697,143.711177916769,-10.8593686320068
2698,146.091528983151,-17.2239859103941
2699,143.542742447111,-11.2543234976333
2700,143.97837865341,-11.3912982971872
2701,143.811388681102,-12.0723069109754
2702,146.158826990475,-18.1670804185268
2703,150.733680209278,-20.4654907522204
2704,143.819193365362,-12.2226360301434
2705,148.483345826401,-18.9056232662574
2706,150.514756420867,-20.1841495190541
2707,149.045359504582,-20.312791588054
2708,143.794310633587,-12.2084136231202
2709,143.793403767495,-10.8695786801053
2710,144.870190309881,-14.5481302498221
2711,145.508657223068,-15.6722669788331
2712,146.368583105369,-17.1970878215977
2713,145.948506207632,-16.6177940949457
2714,149.504881554288,-19.5883123367699
2715,144.018343741526,-11.6813648812722
2716,148.727004590292,-19.3519004383043
2717,143.73855254741,-13.4862947133848
2718,143.073161354677,-11.3704779223269
2719,151.440663175826,-20.8305254261088
2720,151.887163886642,-20.9062280767885
2721,151.045046542879,-20.6553391866123
2722,150.578294048106,-20.333081274719
2723,143.286298132032,-12.2314918930564
2724,145.626330071902,-15.6059415661972
2725,146.525427608803,-18.8294316471181
2726,143.882450121873,-11.5559593611528
2727,148.935813855978,-19.5609285134649
2728,150.097611262847,-19.8138001076502
2729,152.251931357756,-21.6824466649797
2730,150.406174081984,-20.044350503077
2731,148.830245266824,-20.2490727024194
2732,148.959608530708,-20.3310774359914
2733,143.62624057083,-13.0417842043828
2734,149.701307831347,-19.5458797418344
2735,145.317590757428,-15.1383359455645
2736,150.80344107756,-20.3007419239193
2737,149.291237191176,-21.1258176798129
2738,152.211722829269,-21.9409749033548
2739,143.298178413552,-10.839114163188
2740,142.955450821485,-11.7707303976977
2741,148.070983099431,-18.836554442793
2742,143.747116229487,-12.4118191241181
2743,142.723111982561,-10.8212514581413
2744,142.973352346589,-11.7594990721614
2745,145.780784954201,-15.7497704934347
2746,143.520564344501,-11.6206830522734
2747,143.192783470723,-11.7113266675976
2748,145.446943573868,-14.6585649393302
2749,143.405550356096,-11.329181095692
2750,143.828602859829,-12.9653324797677
2751,143.690704897658,-13.2574920919204
2752,142.936434354758,-11.7718621083622
2753,149.272870340447,-19.533986123524
2754,143.085613389553,-11.7890838033424
2755,143.246131016345,-11.8040775171835
2756,149.568043187772,-19.5813427933927
2757,146.075394835071,-16.6045219587478
2758,145.457835296511,-15.7329582838534
2759,143.36933456919,-11.2769076980977
2760,144.915807562317,-14.5055272157437
2761,143.902496370656,-11.6990893432256
2762,143.829338541666,-12.9841637931848
2763,143.773958312978,-14.2205889569852
2764,151.205965560908,-20.8414741731657
2765,143.48699789189,-12.7830980171167
2766,150.297074726769,-19.8536095844975
2767,143.423585446407,-11.5860723716988
2768,149.244985955651,-21.1331572151365
2769,150.08183622436,-21.0259189956833
2770,143.207531083891,-11.9270827993257
2771,143.000723069505,-11.2432388040353
2772,143.242006268181,-11.9424637564672
2773,143.35642302566,-11.0323138629394
2774,145.439626337347,-15.7386518302099
2775,152.285840851367,-21.9213572264516
2776,150.098627591556,-19.7424015409492
2777,145.690179827895,-14.9504086194063
2778,145.1009414419,-14.7314218108323
2779,143.866320556315,-12.5834964224718
2780,151.870949149553,-20.9168658098854
2781,149.166085410366,-19.2448930424443
2782,151.70859598106,-21.3003047038998
2783,146.328147938633,-18.3552159333832
2784,150.740048280246,-20.259279755907
2785,143.075155660217,-11.4820430274433
2786,149.838232063029,-21.5883657830217
2787,142.907453406732,-11.6513760050405
2788,152.250071028772,-21.3312836729146
2789,143.421512648653,-11.1607394456411
2790,143.810776836143,-12.5993027153057
2791,142.739026819707,-10.8107029527538
2792,147.896858948421,-18.9248846912027
2793,147.03765550239,-18.5048282182697
2794,148.809889670264,-20.3028622614828
2795,143.64306953431,-12.3149520259617
2796,145.723731931618,-15.0728104544859
2797,143.766449189953,-12.4118620675299
2798,144.001915454507,-10.9350796613553
2799,144.905199658462,-14.5535104299344
2800,148.274386881437,-20.0216792141126
2801,143.604318682681,-13.5427596985868
2802,151.087320891555,-20.8048825379644
2803,151.471804173694,-20.9085182255381
2804,148.881182688893,-20.822166590696
2805,151.584441108203,-21.3229891079555
2806,142.824001470771,-11.2316843056831
2807,147.945971067459,-18.7504205220758
2808,152.360137382395,-22.1038016427177
2809,143.912111375276,-11.5307110808054
