name,Lon,Lat
Harrington Shoal (10-331),142.71060181,-10.79659367
U/N Reef (10-332),142.57356262,-10.82426262
U/N Reef (10-333),142.57661438,-10.8354435
Four Fathom Patches (10-334),142.68708801,-10.81985474
Harrington Reef (10-335),142.72311401,-10.82125187
Wyborn Reef (10-336),142.76223755,-10.82104492
U/N Reef (10-337),142.92880249,-10.80788326
Womer Reef (10-338),142.98362732,-10.79982185
Brewis Reef (10-339),142.69335938,-10.88696003
Turtle Island Reef (10-340),142.69628906,-10.88979912
Shortland Reef (10-341),142.77270508,-10.90133476
U/N Reef (10-299),143.08961487,-10.77538872
Middle Brother Reef (10-323),142.68544006,-10.71178818
South Brother Reef (10-324),142.6918335,-10.71665955
North Ledge (10-325),142.73832703,-10.68028641
Meggi-Damun Reef (10-326),142.78610229,-10.68252754
Ulfa Reef (10-328),142.6144104,-10.75758648
Ariel Bank (10-329),142.62519836,-10.77074623
U/N Reef (10-401),143.80076599,-10.80318642
U/N Reef (10-402),144.0065918,-10.80548668
U/N Reef (10-403),143.99606323,-10.82373524
U/N Reef (10-404),143.82380676,-10.82510948
U/N Reef (10-405),143.75805664,-10.84616756
U/N Reef (10-406),144.01449585,-10.84487152
U/N Reef (10-407a),143.98451233,-10.86612701
Turtle Head Island Reef (No 1) (10-343a),142.70593262,-10.93688488
Turtle Head Island Reef (No 2) (10-343b),142.7061615,-10.94753647
Tern Reef (10-344),142.76638794,-10.99002266
U/N Reef (10-348),143.25215149,-10.68365002
U/N Reef (10-349),143.43374634,-10.69710159
U/N Reef (10-350),143.46632385,-10.69664955
U/N Reef (10-351),143.19032288,-10.73180485
U/N Reef (10-352),143.33677673,-10.73468304
U/N Reef (10-353),143.09373474,-10.75188351
U/N Reef (10-354),143.3717804,-10.75227928
U/N Reef (10-355),143.32429504,-10.75677586
U/N Reef (10-356),143.41204834,-10.77616978
U/N Reef (10-357),143.35340881,-10.80583096
U/N Reef (10-358),143.3356781,-10.83780289
U/N Reef (10-359),143.45957947,-10.94054508
U/N Reef (10-360),143.298172,-10.83911419
U/N Reef (10-361),143.40377808,-10.84895229
U/N Reef (10-362),143.23895264,-10.85297012
U/N Reef (10-363),143.24015808,-10.89503193
U/N Reef (10-364),143.21000671,-10.89760017
Linda Reef (10-365),143.17781067,-10.90662861
U/N Reef (10-366),143.2897644,-10.90393257
U/N Reef (10-367),143.38287354,-10.90547371
U/N Reef (10-368),143.31407166,-10.91513443
U/N Reef (10-369),143.2959137,-10.93176079
U/N Reef (10-370),143.21829224,-10.93246841
U/N Reef (10-371),143.24234009,-10.9469099
U/N Reef (10-372),143.15708923,-10.9502964
U/N Reef (10-373),143.13014221,-10.95202541
U/N Reef (10-374),143.35983276,-10.93915176
U/N Reef (10-375a),143.3997345,-10.96371174
U/N Reef (10-375b),143.4256134,-10.9675951
U/N Reef (10-376),143.1255188,-10.98665619
U/N Reef (10-378),143.51068115,-10.90591812
U/N Reef (10-381),143.9644928,-10.68788147
U/N Reef (10-382),143.78704834,-10.70289612
U/N Reef (10-384),143.96377563,-10.70974445
U/N Reef (10-385),143.95874023,-10.72497368
U/N Reef (10-386),143.97961426,-10.72316742
U/N Reef (10-387),143.52099609,-10.69328785
U/N Reef (10-389),143.96478271,-10.73436737
U/N Reef (10-390),143.9733429,-10.7404232
Triangle Reef (10-391),143.98234558,-10.75539112
U/N Reef (10-392),143.60650635,-10.74197769
U/N Reef (10-393),143.74429321,-10.74233627
U/N Reef (10-394),143.50572205,-10.76967049
U/N Reef (10-395),143.69085693,-10.78934574
U/N Reef (10-396),143.71661377,-10.77029133
U/N Reef (10-397),143.84376526,-10.76665306
U/N Reef (10-398),143.97547913,-10.77815247
U/N Reef (10-399),143.98529053,-10.78567314
U/N Reef (10-400),143.98979187,-10.79434872
U/N Reef (10-426),144.01452637,-10.95084667
U/N Reef (10-427),143.51144409,-10.94451904
U/N Reef (10-428a),143.99876404,-10.83556843
U/N Reef (10-428b),144.00891113,-10.83007717
U/N Reef (10-436),143.37953186,-10.84018993
U/N Reef (10-437),143.44622803,-10.89760876
U/N Reef (10-438),143.55375671,-10.93063068
U/N Reef (10-439),143.62937927,-10.97612762
U/N Reef (10-440),143.71253967,-10.94218445
U/N Reef (11-325),143.7671814,-11.01291656
U/N Reef (10-442),143.77836609,-10.98402596
U/N Reef (10-443),143.95599365,-10.74168205
U/N Reef (10-444),144.00192261,-10.93507957
U/N Reef (10-445),144.0340271,-10.91252613
U/N Reef (10-800),142.73902893,-10.81070328
U/N Reef (10-807),143.953125,-10.68521976
U/N Reef (10-407b),143.99212646,-10.86003113
U/N Reef (10-408),143.65881348,-10.85639668
U/N Reef (10-409),143.71118164,-10.85936832
U/N Reef (10-410),143.79341125,-10.86957836
U/N Reef (10-411),143.47001648,-10.80509758
U/N Reef (10-411b),143.58657837,-10.8515749
U/N Reef (10-412),144.01409912,-10.88740253
U/N Reef (10-413),143.55236816,-10.89570427
U/N Reef (10-414),144.01809692,-10.92669582
U/N Reef (10-415),143.57276917,-10.91156006
U/N Reef (10-416a),144.01524353,-10.96391392
U/N Reef (10-416b),144.03215027,-10.96593094
U/N Reef (10-417),143.46723938,-10.88192558
U/N Reef (10-418a),144.03520203,-10.9968214
U/N Reef (10-418b),144.0181427,-10.98606586
U/N Reef (10-419a),144.01290894,-11.00776577
U/N Reef (10-419b),144.01309204,-11.01794815
U/N Reef (10-420),143.99504089,-11.01778316
U/N Reef (10-421),143.36489868,-10.99041271
U/N Reef (10-422),143.29489136,-10.98697853
U/N Reef (10-423),143.66320801,-10.90422535
U/N Reef (10-424),143.75733948,-10.89969254
U/N Reef (10-425),143.53411865,-10.91361904
U/N Reef (11-034),143.09963989,-11.17448425
Arnold Reef (11-001),142.99273682,-11.00683498
Gilmore Bank (11-004),142.83700562,-11.15866852
U/N Reef (11-005),142.81132507,-11.18551826
U/N Reef (11-006),142.81231689,-11.19433308
U/N Reef (11-007),142.82400513,-11.23168468
U/N Reef (11-008),142.81898499,-11.24888897
Bushy Island Reef (11-009),142.87251282,-11.2572403
Cairncross Islets Reef (11-010),142.92893982,-11.24986839
U/N Reef (11-011a),142.82872009,-11.29018688
U/N Reef (11-011b),142.83093262,-11.29393196
Halfway Islet Reef (11-013),142.96537781,-11.3848238
Pearn Reef (11-014),142.93530273,-11.43494606
McSweeney Reef (11-016),143.24269104,-11.02305126
U/N Reef (11-017),143.33352661,-11.02789688
U/N Reef (11-018),143.35643005,-11.0323143
U/N Reef (11-019),143.47373962,-11.02850151
U/N Reef (11-020),143.3795166,-11.03877735
U/N Reef (11-021),143.37095642,-11.05878925
U/N Reef (11-022),143.46763611,-11.04762936
U/N Reef (11-023),143.40223694,-11.07457256
U/N Reef (11-024),143.31980896,-11.07910061
U/N Reef (11-025),143.09083557,-11.06997013
Sinclair Reef (11-026),143.02845764,-11.11662197
U/N Reef (11-027),143.00056458,-11.12924671
U/N Reef (11-028),143.49406433,-11.10666275
Monsoon Reef (11-029),143.25291443,-11.12877846
U/N Reef (11-030),143.44126892,-11.1438036
U/N Reef (11-031),143.22291565,-11.1421051
U/N Reef (11-032),143.42150879,-11.1607399
U/N Reef (11-033a),143.39331055,-11.184021
U/N Reef (11-033b),143.39369202,-11.20446301
Turning Point Patches (No 2) (11-048b),143.54580688,-11.36818123
U/N Reef (11-049),143.33546448,-11.36095428
U/N Reef (11-050),143.16064453,-11.37728596
U/N Reef (11-051),143.07316589,-11.37047768
Cholmondeley Reef (11-052),143.07014465,-11.38962555
Jardine Reef (11-053),143.03533936,-11.38516045
U/N Reef (11-054),143.16517639,-11.43404198
Wallace Islet Reef (11-055),143.04203796,-11.45389843
Milman-Aplin Reef (11-035),143.03083801,-11.18211842
Parsons Reef (11-036),143.1975708,-11.18444061
Collette Reef (11-037),143.31806946,-11.21540451
Douglas Islet Reef (11-038),143.00071716,-11.2432394
U/N Reef (11-039),143.25714111,-11.24144936
U/N Reef (11-040),143.14968872,-11.27138233
U/N Reef (11-041a),143.03419495,-11.28863144
U/N Reef (11-041b),143.04618835,-11.28736115
U/N Reef (11-042),143.1962738,-11.29498386
Onslow Reef (11-043),143.28129578,-11.29741383
Wilds Shoal (11-044),143.36935425,-11.27690411
U/N Reef (11-045),143.48519897,-11.27064514
U/N Reef (11-046),143.126297,-11.31913948
U/N Reef (11-047),143.1277771,-11.34162426
Turning Point Patches (No 1) (11-048a),143.40556335,-11.32917881
U/N Reef (11-071),143.54277039,-11.25432873
U/N Reef (11-072),143.9954834,-11.28264427
U/N Reef (11-073),144.00578308,-11.28243065
U/N Reef (11-074),143.99632263,-11.29488564
U/N Reef (11-075),143.97923279,-11.29531193
U/N Reef (11-076),143.98078918,-11.30926514
U/N Reef (11-056a),143.40122986,-11.50461769
U/N Reef (11-056b),143.27011108,-11.46175861
U/N Reef (11-056c),143.30992126,-11.39694595
U/N Reef (11-056d),143.37800598,-11.46033001
Cochin Reef (11-057),143.43885803,-11.4305315
Parkinson Reef (11-058),143.12471008,-11.46813583
Monkman Reef (11-059),143.15672302,-11.4719553
U/N Reef (11-060),143.07514954,-11.48204327
Little Boydong Reef (11-061),143.04064941,-11.48878002
Boydong Island Reef (11-062),143.02876282,-11.4979887
U/N Reef (11-063a),143.49919128,-10.97768879
U/N Reef (11-063b),143.58938599,-11.01596832
U/N Reef (11-064),143.6618042,-11.09492207
U/N Reef (11-065),143.58425903,-11.15118408
U/N Reef (11-066),143.69465637,-11.15713024
U/N Reef (11-067),143.53479004,-11.14823914
U/N Reef (11-068),143.58891296,-11.20730495
U/N Reef (11-069),143.71478271,-11.19242096
Maclennan Reef (No 1) (11-070a),143.79820251,-11.31483746
Maclennan Reef (No 2) (11-070b),143.67514038,-11.25258923
Maclennan Reef (No 3) (11-070c),143.81921387,-11.25566387
Indefatigable Reef (11-103),143.6365509,-11.47353363
U/N Reef (11-104),143.70748901,-11.46648026
U/N Reef (11-105),143.92843628,-11.47588158
U/N Reef (11-107),144.01792908,-11.47539711
U/N Reef (11-108),143.90093994,-11.47789001
U/N Reef (11-109a),143.92416382,-11.49207115
U/N Reef (11-109b),143.94561768,-11.48265171
U/N Reef (11-110),143.85812378,-11.48993874
U/N Reef (11-111),143.53808594,-11.49915504
U/N Reef (11-112),143.99794006,-11.0306673
U/N Reef (11-113),144.01731873,-11.03934193
U/N Reef (11-114),144.02238464,-11.04900837
U/N Reef (11-115),144.03355408,-11.05487251
U/N Reef (11-116),144.04071045,-11.06919193
U/N Reef (11-117),144.04400635,-11.10342503
U/N Reef (11-118a),144.03330994,-11.13163185
U/N Reef (11-118b),144.02575684,-11.14067173
U/N Reef (11-119),144.05844116,-11.14598274
U/N Reef (11-077),143.9624176,-11.32235336
U/N Reef (11-078),143.98179626,-11.32816887
U/N Reef (11-079),143.50567627,-11.30826569
U/N Reef (11-080),143.67254639,-11.30496693
U/N Reef (11-081),143.95658875,-11.34822178
U/N Reef (11-082),143.95201111,-11.3558569
U/N Reef (11-083),143.96405029,-11.36100101
U/N Reef (11-084),143.97657776,-11.36436653
U/N Reef (11-085),143.95170593,-11.36373138
U/N Reef (11-087a),143.94441223,-11.37235832
U/N Reef (11-087b),143.95904541,-11.37150669
U/N Reef (11-088),143.9599762,-11.38324833
U/N Reef (11-089a),143.9783783,-11.39129829
U/N Reef (11-089b),143.95849609,-11.39221954
U/N Reef (11-090),143.5897522,-11.33642387
U/N Reef (11-091),143.96368408,-11.4024229
U/N Reef (11-092),143.71549988,-11.37110806
U/N Reef (11-093),143.76898193,-11.40065575
U/N Reef (11-094),143.9649353,-11.41164684
U/N Reef (11-095),143.96955872,-11.41603661
U/N Reef (11-096),143.97505188,-11.42115688
U/N Reef (11-097),143.97415161,-11.42740726
Risk Reef (11-098),143.76768494,-11.42281246
U/N Reef (11-099),143.5422821,-11.42419815
Shadwell Reef (11-100),143.7689209,-11.45784378
U/N Reef (11-101),143.51196289,-11.46584606
U/N Reef (11-102),143.96772766,-11.46307278
U/N Reef (11-157),143.51637268,-11.55274868
U/N Reef (11-158),143.23187256,-11.58026981
U/N Reef (11-120),144.06002808,-11.18517208
U/N Reef (11-121),144.04362488,-11.19242764
U/N Reef (11-122),144.04663086,-11.20068359
U/N Reef (11-123),144.05099487,-11.20973969
U/N Reef (11-124),144.05621338,-11.21752453
Stark Reef (11-125),144.06565857,-11.26131248
U/N Reef (11-126a),144.01251221,-11.26356697
U/N Reef (11-126b),144.01832581,-11.26926422
U/N Reef (11-127a),144.02409363,-11.2616024
U/N Reef (11-127b),144.02641296,-11.27613068
U/N Reef (11-128),144.03422546,-11.27928543
U/N Reef (11-129),144.04411316,-11.27628613
Moulter Reef (11-130),144.03823853,-11.42467117
Saunders Reef (11-131),144.06993103,-11.49401855
Hunter Reefs (11-132),142.8727417,-11.51218605
Pirie Reef (11-134),142.89834595,-11.59038353
Hannibal Islands Reef (11-136),142.93969727,-11.59758282
U/N Reef (11-137),142.90745544,-11.65137577
MacArthur Islands Reef (11-138),142.98638916,-11.73176193
U/N Reef (11-139),142.97335815,-11.75949955
U/N Reef (11-140),142.89595032,-11.76236153
U/N Reef (11-141),142.91564941,-11.76965237
U/N Reef (11-142),142.93643188,-11.77186203
U/N Reef (11-143),142.95544434,-11.77073002
U/N Reef (11-144),142.87834167,-11.78083801
Nigger Head Reef (11-146),142.9365387,-11.79674053
U/N Reef (11-147),142.90016174,-11.80533791
U/N Reef (11-148),142.89602661,-11.82666588
U/N Reef (11-150),142.9387207,-11.84314537
U/N Reef (11-151),142.99359131,-11.86193657
U/N Reef (11-153),142.97039795,-11.88442802
U/N Reef (11-154),143.08181763,-11.51834106
U/N Reef (11-155),143.17790222,-11.53164673
Wizard Reef (11-156),143.0166626,-11.55002689
Bird Islands Reef (South) (11-169),143.08561707,-11.78908348
Chimmo Shoal (11-170),143.24612427,-11.80407715
Guthray Reef (11-171),143.26498413,-11.80193138
U/N Reef (11-172),143.0092926,-11.80706882
Cockburn Reef (11-173),143.36331177,-11.82064915
Magra Reef (11-174),143.28555298,-11.86389256
U/N Reef (11-175),143.29707336,-11.87399673
Cockburn Patch (11-178),143.33795166,-11.91106606
Erlangen Patch (11-179),143.35099792,-11.91815186
Paluma Shoal (11-180),143.3105011,-11.920434
U/N Reef (11-159),143.17852783,-11.59020042
U/N Reef (11-160),143.42359924,-11.58607197
Viking Reef (11-161),143.01045227,-11.59418392
U/N Reef (11-162),143.29081726,-11.60404396
U/N Reef (11-163),143.52058411,-11.62067795
U/N Reef (11-164),143.43362427,-11.6906004
Thrush Reef (11-165),143.19277954,-11.7113266
Forwood Reef (11-166),143.2484436,-11.73574638
Bird Islands Reef (North) (11-167),143.08876038,-11.77057457
Fairway Reef (11-168),143.24330139,-11.75084782
Three Reefs (11-223),143.89483643,-11.76935005
U/N Reef (11-224),143.86940002,-11.7812767
U/N Reef (11-225),143.86950684,-11.79114723
U/N Reef (11-226),143.86431885,-11.80082989
U/N Reef (11-227),143.86500549,-11.80861473
Wood Reef (11-228),143.96910095,-11.80197906
Sunday Reef (11-181),143.20753479,-11.92708302
Bremner Shoal (11-182),143.21601868,-11.94352055
Outer Reef (11-183),143.24200439,-11.94246387
Queue Reef (11-184a),143.37141418,-11.93292141
Wreck Reef (11-184b),143.41717529,-11.94813156
Sir Charles Hardy Islands Reef (11-184c),143.4964447,-11.91147614
Nob Reef (11-185),143.26882935,-11.95176506
U/N Reef (11-186),143.27107239,-11.96063519
Harvey Reef (11-187),143.26773071,-11.96995258
Clerke Reef (11-188),143.28601074,-11.96976376
Perry Reef (11-189),143.25473022,-11.97135067
Cape Grenville Reef (No 1) (11-190a),143.23403931,-11.95914268
Cape Grenville Reef (No 2) (11-190b),143.24432373,-11.97168732
Cape Grenville Reef (No 3) (11-190c),143.21980286,-11.98335934
Hicks Reef (11-191),143.27005005,-11.98371029
Middle Reef (11-192),143.25653076,-11.98383236
Twin Reefs (North) (11-193a),143.26808167,-11.99476337
Twin Reefs (South) (11-193b),143.26725769,-11.99822807
Gore Reef (11-194),143.24754333,-11.99023438
South Reef (11-195),143.24118042,-11.99827003
U/N Reef (11-196),143.96231079,-11.51206398
U/N Reef (11-197),143.86936951,-11.51364994
Siddons Reef (11-200),143.64221191,-11.51258564
U/N Reef (11-201),143.86683655,-11.53081703
U/N Reef (11-202),143.87831116,-11.52675152
U/N Reef (11-203),143.85595703,-11.53986168
U/N Reef (11-204),143.86502075,-11.55042171
U/N Reef (11-205),143.91210938,-11.53071117
U/N Reef (11-206),143.9821167,-11.51644135
U/N Reef (11-207),143.90161133,-11.54532814
U/N Reef (11-208a),143.86178589,-11.55881405
U/N Reef (11-208b),143.86483765,-11.56421375
U/N Reef (11-209),143.88244629,-11.5559597
U/N Reef (11-210a),143.8687439,-11.56971645
U/N Reef (11-210b),143.87513733,-11.57206917
Pearson Reef (11-211),143.71586609,-11.56678677
Jukes Reef (11-212),143.85531616,-11.59234333
U/N Reef (11-213),143.51573181,-11.60236835
Bowles Reef (11-214),143.68450928,-11.62327385
U/N Reef (11-215),143.8795929,-11.63012218
U/N Reef (11-216),143.57757568,-11.65946579
U/N Reef (11-263),143.75422668,-11.30615902
U/N Reef (11-264),143.77384949,-11.80761051
U/N Reef (11-217),143.54988098,-11.68962383
U/N Reef (11-218),143.9140625,-11.63738728
U/N Reef (11-219),143.90174866,-11.66510677
U/N Reef (11-220),143.90249634,-11.69908905
U/N Reef (11-221),143.89541626,-11.72762108
Salamander Reef (11-222b),143.50505066,-11.76433372
Raine Reef (11-243),144.0443573,-11.59504986
Great Detached Reef (No 1) (11-244a),144.01834106,-11.68136787
Great Detached Reef (No 2) (11-244b),144.07032776,-11.77790546
Great Detached Reef (No 3) (11-244c),143.99763489,-11.78417778
Great Detached Reef (No 4) (11-244d),143.97297668,-11.70529938
U/N Reef (11-245),144.02076721,-11.53217125
Passage Reef (11-246),143.24736023,-11.96459198
U/N Reef (11-247),143.11152649,-11.50704288
U/N Reef (11-248),143.11398315,-11.32721424
U/N Reef (11-249),143.33036804,-11.620368
U/N Reef (11-250),143.35350037,-11.48830605
U/N Reef (11-251),143.36968994,-11.55218506
U/N Reef (11-252),143.41201782,-11.44952869
U/N Reef (11-253),143.44273376,-11.17924309
U/N Reef (11-254),143.45925903,-11.10819817
U/N Reef (11-255),143.47775269,-11.49835205
U/N Reef (11-256),143.65112305,-11.62567711
U/N Reef (11-257),143.65937805,-11.42841721
U/N Reef (11-258),143.68553162,-11.55967712
U/N Reef (11-259),143.7056427,-11.55703545
U/N Reef (11-260),143.72416687,-11.79611969
U/N Reef (11-261),143.7454834,-11.80560303
U/N Reef (11-262),143.75033569,-11.48752403
Devlin Reef (11-229a),143.85604858,-11.82583523
U/N Reef (11-229b),143.84274292,-11.84426117
U/N Reef (11-230),143.82388306,-11.85441113
U/N Reef (11-231),143.82946777,-11.86002541
Five Reefs (11-232),143.83822632,-11.87015057
U/N Reef (11-233),143.59017944,-11.85692501
U/N Reef (11-234),143.67663574,-11.82536602
U/N Reef (11-235),143.82466125,-11.88319683
U/N Reef (11-236),143.83390808,-11.89749241
Ashmore Banks (No 1) (11-237a),143.62936401,-11.88521671
Ashmore Banks (No 2) (11-237b),143.70982361,-11.88003635
Ashmore Banks (No 3) (11-237c),143.68823242,-11.92658424
U/N Reef (11-238),143.85302734,-11.92699146
Star Reef (11-239),143.86808777,-11.95340919
Yule Detached Reef (11-240),143.98838806,-11.94892406
Job Reef (11-241),143.8841095,-11.97967243
U/N Reef (11-242),143.90460205,-11.99356556
Nomad Reef (12-007),143.37467957,-12.14226151
Tyrrel Reefs (12-008),143.10850525,-12.19167805
Pickard Reef (12-009),143.13264465,-12.23193836
Kay Reef (12-010),143.28630066,-12.23149204
Beesley-Baird Reef (12-011),143.20640564,-12.24257278
U/N Reef (11-265),143.77719116,-11.50680161
U/N Reef (11-266),143.77746582,-11.81314087
U/N Reef (11-267),143.78218079,-11.81055164
U/N Reef (11-268),143.78488159,-11.82562923
U/N Reef (11-269),143.80137634,-11.4184618
U/N Reef (11-270),143.80509949,-11.3738451
U/N Reef (11-271),143.8102417,-11.19155407
U/N Reef (11-272),143.82575989,-11.84532642
U/N Reef (11-273),143.83477783,-11.91727066
U/N Reef (11-274),143.85011292,-11.52565765
U/N Reef (11-275),143.85502625,-11.28789425
U/N Reef (11-276),143.87446594,-11.73007488
U/N Reef (11-277),143.87625122,-11.18171787
U/N Reef (11-278),143.88478088,-11.70553684
U/N Reef (11-279),143.88734436,-11.73625851
U/N Reef (11-280),143.88977051,-11.75453568
U/N Reef (11-281),143.88981628,-11.63206291
U/N Reef (11-282),143.89093018,-11.52201843
U/N Reef (11-283),143.89356995,-11.63201046
U/N Reef (11-284),143.89526367,-11.57481194
U/N Reef (11-285),143.89628601,-11.59813881
U/N Reef (11-286),143.90386963,-11.59711838
U/N Reef (11-287),143.96366882,-11.57501984
U/N Reef (11-289),143.98202515,-11.3779211
U/N Reef (11-290),143.98338318,-11.47064018
U/N Reef (11-291),143.98829651,-11.32894707
U/N Reef (11-292),143.98873901,-11.34938812
U/N Reef (11-293),143.99067688,-11.37061596
U/N Reef (11-294),143.99145508,-11.35557175
U/N Reef (11-295),143.9959259,-11.32307911
U/N Reef (11-296),143.99804688,-11.34479809
U/N Reef (11-297),144.00178528,-11.32290173
U/N Reef (11-298),144.00413513,-11.33131409
U/N Reef (11-299),144.00514221,-11.25225353
U/N Reef (11-300),144.00549316,-11.12182331
U/N Reef (11-301),144.01029968,-11.32775974
U/N Reef (11-302),144.01039124,-11.34258556
Great Detached Reef (No 6) (11-244f),144.01324463,-11.76182079
U/N Reef (11-304),144.01356506,-11.31029129
U/N Reef (11-305),144.01531982,-11.25672531
U/N Reef (11-306),144.01565552,-11.30299282
U/N Reef (11-307),144.01635742,-11.3319273
U/N Reef (11-308),144.01760864,-11.28602219
U/N Reef (11-309),144.01947021,-11.3102417
Great Detached Reef (No 7) (11-244g),144.02200317,-11.77238941
Great Detached Reef (No 8) (11-244h),144.02709961,-11.7682209
U/N Reef (11-312),144.04360962,-11.29255295
U/N Reef (11-313),144.05271912,-11.27426243
U/N Reef (11-314),144.06343079,-11.09085655
U/N Reef (11-315),143.2620697,-11.05757904
U/N Reef (11-316),143.53959656,-11.0134201
U/N Reef (11-317),143.66897583,-11.04191494
U/N Reef (11-318),143.68516541,-11.03679371
U/N Reef (11-319),143.69241333,-11.00459862
U/N Reef (11-320),143.7099762,-11.01724529
U/N Reef (11-321),143.75195313,-11.0630846
U/N Reef (11-322),143.79893494,-11.05340862
U/N Reef (11-323),143.80924988,-11.07327938
U/N Reef (11-324),144.0606842,-11.07956886
Haggerston Reef (12-001),143.30062866,-12.02940845
Bannan Reef (12-002),143.2943573,-12.0694294
Mason Reef (12-003a),143.47735596,-12.10138035
U/N Reef (12-003b),143.35162354,-12.11358452
U/N Reef (12-003c),143.44680786,-12.15334797
U/N Reef (12-003d),143.58761597,-12.18626881
Moody Reef (12-004),143.26463318,-12.09915161
Young Reef (12-005),143.21852112,-12.12665844
Laurel Reef (12-006),143.27642822,-12.13950443
Fison Reefs (12-027c),143.54585266,-12.37409687
U/N Reef (12-028),143.90751648,-11.9950552
U/N Reef (12-029),143.91061401,-11.99639893
U/N Reef (12-030),143.6791687,-12.11102962
U/N Reef (12-031),143.92311096,-12.00428104
U/N Reef (12-032),143.95555115,-12.02207088
U/N Reef (12-033),143.84797668,-12.03384209
U/N Reef (12-034),143.87185669,-12.03843594
U/N Reef (12-035),143.89657593,-12.04671574
U/N Reef (12-036),143.83262634,-12.04166603
Wishbone Reef (12-037),143.96459961,-12.065135
U/N Reef (12-038a),143.90919495,-12.05406475
U/N Reef (12-038b),143.93292236,-12.05772018
U/N Reef (12-039),143.81755066,-12.0514822
U/N Reef (12-040),143.81138611,-12.07230663
U/N Reef (12-041),143.54904175,-12.05761147
U/N Reef (12-042),143.80371094,-12.09514523
Martha Ridgway Reef (North) (12-043a),143.8079834,-12.12002373
Martha Ridgway Reef (South) (12-043b),143.81086731,-12.14468956
Piper Reef (12-012),143.23829651,-12.25040245
Inset Reef (12-013),143.27497864,-12.24727631
Hazel Reef (12-014),143.29975891,-12.27168751
Ada Reef (12-015),143.12567139,-12.28651428
Gallon Reef (12-016a),143.43336487,-12.31373787
Forbes Islands Reef (12-016b),143.40895081,-12.29255772
U/N Reef (12-016c),143.51319885,-12.24527168
Lion Reef (12-017),143.18287659,-12.30539131
Daniell Reef (12-018),143.19723511,-12.3118763
North Pint Patch (12-019),143.34402466,-12.33054447
South Pint Patch (12-020),143.35838318,-12.35092163
Andrew Reef (12-021),143.24212646,-12.35507584
Kangaroo Shoals (12-023),143.27355957,-12.38898468
U/N Reef (12-024),143.48176575,-12.38488674
U/N Reef (12-025),143.2840271,-12.43306541
Kemp Rocks Reef (12-026),143.36100769,-12.43950653
Quoin Reef (12-027),143.49861145,-12.4230938
Eel Reef (12-027a),143.47608948,-12.473526
Dolphin Reef (12-096),143.52960205,-12.55867386
U/N Reef (12-097),143.78552246,-12.57677174
Second Small Reef (12-098),143.79449463,-12.58212376
Southern Small Detached Reef (12-099),143.86631775,-12.58349609
U/N Reef (12-100),143.71421814,-12.61429596
U/N Reef (12-101),143.81077576,-12.59930325
U/N Reef (12-044),143.78450012,-12.17187595
U/N Reef (12-045),143.78967285,-12.15825176
U/N Reef (12-046),143.80516052,-12.17167664
U/N Reef (12-047),143.79078674,-12.19427586
U/N Reef (12-048),143.78059387,-12.19409657
U/N Reef (12-049),143.81027222,-12.20488834
U/N Reef (12-050),143.82194519,-12.2100687
U/N Reef (12-051),143.79431152,-12.20841408
William Reef (East) (12-052a),143.85296631,-12.22222042
William Reef (West) (12-052b),143.84992981,-12.22099686
Henry Reef (12-053),143.81919861,-12.22263622
Lloyds Reef (12-054),143.8742218,-12.24046326
U/N Reef (12-055a),143.89958191,-12.24290276
U/N Reef (12-055b),143.89024353,-12.24686527
Mantis Reef (12-056),143.89825439,-12.28798294
U/N Reef (12-057),143.64306641,-12.31495285
Ferguson Reef (12-058),143.82704163,-12.34038258
U/N Reef (12-059),143.79122925,-12.3640871
U/N Reef (12-060),143.61051941,-12.3814621
Lagoon Reef (12-061),143.75706482,-12.38443565
U/N Reef (12-062),143.74711609,-12.41181946
U/N Reef (12-063),143.76644897,-12.41186237
U/N Reef (12-064),143.63339233,-12.40263271
U/N Reef (12-065),143.56796265,-12.42260838
U/N Reef (12-066),143.63214111,-12.41675472
Northern Small Detached Reef (12-067),143.84637451,-12.41513443
U/N Reef (12-068),143.75128174,-12.43705273
U/N Reef (12-069),143.76272583,-12.4656105
U/N Reef (12-070),143.75871277,-12.483531
U/N Reef (12-071),143.77137756,-12.48882198
Middle Reef (12-072),143.39012146,-12.51870823
Pigeon Reef (12-073),143.29045105,-12.5129776
Restoration Island Reef (12-078),143.44673157,-12.62329578
Edward Shoal (12-081),143.4499054,-12.65841198
U/N Reef (12-082),143.42227173,-12.66237068
Lloyd Island Reef (12-084),143.39788818,-12.75452995
Hazelgrove Reefs (12-085),143.48176575,-12.75479412
May Reef (12-086),143.46621704,-12.77821445
Sunter Reef (12-088),143.4127655,-12.77997589
Exit Reef (12-089),143.48699951,-12.78309822
Waight Bank (12-091),143.44172668,-12.81111717
U/N Reef (12-092),143.77087402,-12.51905155
Bunker Reef (12-093),143.60488892,-12.52017689
Long Sandy Reef (12-094),143.79371643,-12.53452587
U/N Reef (12-095),143.77828979,-12.56860256
Sunk Reef (12-122),143.64582825,-12.84803772
U/N Reef (12-123),143.79393005,-12.86832905
U/N Reef (12-124),143.59828186,-12.87885857
Rocky Island Reef (12-125),143.55001831,-12.88636208
Frederick Patches (12-126),143.62652588,-12.87858677
U/N Reef (12-127),143.81987,-12.89378929
Chapman Reef (12-129),143.60002136,-12.88673019
U/N Reef (12-130),143.76846313,-12.9338789
Allen Reef (12-132),143.5383606,-12.92708874
U/N Reef (12-133),143.65361023,-12.92910957
U/N Reef (12-134),143.8240509,-12.93371105
U/N Reef (12-135),143.81663513,-12.9485178
Hammond Reef (12-136),143.54750061,-12.94077492
U/N Reef (12-137),143.82859802,-12.96533298
U/N Reef (12-138),143.55097961,-12.96508121
U/N Reef (12-139),143.69265747,-12.95187187
U/N Reef (12-141),143.8293457,-12.98416328
Curd Reef (12-102),143.54925537,-12.58115005
U/N Reef (12-103),143.81242371,-12.61740971
Log Reef (North) (12-104),143.83570862,-12.63453674
Burke Reef (12-105),143.56344604,-12.63278866
Tannadice Shoal (12-106),143.52445984,-12.66204357
Log Reef (South) (12-107),143.84440613,-12.68454933
U/N Reef (12-108),143.81358337,-12.69575787
U/N Reef (12-109),143.82250977,-12.69107914
U/N Reef (12-110),143.81051636,-12.70535374
First Small Reef (12-111),143.8079071,-12.72177219
Ape Reef (12-112),143.61979675,-12.69607735
U/N Reef (12-113),143.79234314,-12.74603176
U/N Reef (12-114),143.81338501,-12.75754356
Zenith Reef (12-115),143.61302185,-12.76817226
U/N Reef (12-116),143.80245972,-12.79762459
Bligh Reef (12-118),143.83557129,-12.83273792
Wye Reef (12-119),143.61532593,-12.81010723
Lansdown Reef (12-120),143.54605103,-12.81497765
U/N Reef (12-121),143.74467468,-12.83938408
Throne Shoals (13-036),143.73945618,-13.23858547
U/N Reef (13-037),143.93484497,-13.25001907
U/N Reef (13-038),143.69070435,-13.25749207
U/N Reef (13-040),143.94644165,-13.27411175
Celebration Reef (13-041),143.69355774,-13.27611446
U/N Reef (12-142),143.72393799,-12.99467945
Cat Reef (12-143),143.84963989,-12.9975729
U/N Reef (12-144),143.53410339,-12.98553848
Sherrard Reef (12-145),143.61448669,-12.98971653
U/N Reef (12-146),143.68843079,-12.99503136
U/N Reef (12-148),143.6544342,-12.97354221
U/N Reef (12-149),143.76841736,-12.50892353
U/N Reef (12-150),143.80715942,-12.16355133
U/N Reef (12-151),143.8870697,-12.03110409
U/N Reef (12-152),143.89718628,-12.03328896
U/N Reef (12-038c),143.92573547,-12.06112289
U/N Reef (12-154),143.93013,-12.04652214
U/N Reef (13-001),143.79154968,-13.02382946
Derry Reef (13-002),143.85891724,-13.02247143
Wasp Reef (13-004),143.53987122,-13.0296793
Ham Reef (13-005),143.87171936,-13.03850269
Osborne Reef (13-006),143.62623596,-13.04178429
MacNamara Patch (13-008),143.64311218,-13.05144787
Wilsen Shoal (13-009),143.86651611,-13.05327892
U/N Reef (13-010a),143.8795166,-13.06145287
U/N Reef (13-010b),143.88249207,-13.06604958
U/N Reef (13-011),143.81900024,-13.06639957
Stork Reef (13-012),143.55630493,-13.06491184
U/N Reef (13-013),143.5241394,-13.07648087
U/N Reef (13-014),143.69717407,-13.07054424
Franklin Reef (13-015),143.8979187,-13.0757618
U/N Reef (13-016a),143.91610718,-13.07932472
U/N Reef (13-016b),143.9216156,-13.08295822
U/N Reef (13-017a),143.93818665,-13.07644463
U/N Reef (13-017b),143.92900085,-13.07925606
U/N Reef (13-017c),143.93434143,-13.07928085
Sykes Reef (13-020),143.55810547,-13.10892296
Colclough Reef (13-021),143.72366333,-13.10724926
New Reef (13-022),143.65786743,-13.11120987
Dart Shoal (13-023),143.74864197,-13.13865376
Glennie Reef (13-024),143.64208984,-13.15210152
Waterwitch Reef (13-025),143.61578369,-13.15098572
Gertrude Reef (13-026),143.6608429,-13.16221333
Jubilee Reef (13-027),143.76197815,-13.16965389
Tijou Reef (13-028),143.95910645,-13.15960598
U/N Reef (13-030),143.55076599,-13.1765604
Night Reef (13-031),143.57391357,-13.18373013
Diamond Reign Reefs (13-032),143.6945343,-13.20453548
U/N Reef (13-033),143.87649536,-13.19607353
Binstead Reef (13-034),143.57070923,-13.21789646
U/N Reef (13-035),143.81007385,-13.1864481
Hedley Reef (17-014),146.48373413,-17.22857094
Jackson Patches (17-015),146.30291748,-17.27947807
Virginia Chadwick Reef (18-016),146.83854675,-18.00399208
Reg Ward Reef (18-017),146.7850647,-18.03201485
Otter Reef (18-018),146.55886841,-18.05222702
Undine Reef (West) (16-020a),145.68716431,-16.12334633
Undine Reef (East) (16-020b),145.77542114,-16.11724091
U/N Reef (16-022a),145.64532471,-16.17426491
U/N Reef (16-022b),145.63711548,-16.18397331
Rudder Reef (16-023),145.69342041,-16.19220161
Chinaman Reef (16-024),145.79154968,-16.21309662
Moore Reef (16-071),146.21296692,-16.87431526
North West Reef (16-072),146.38887024,-16.87688828
Elford Reef (16-073),146.24856567,-16.9116478
Briggs Reef (16-074),146.20672607,-16.93803215
Channel Reef (16-075),146.44483948,-16.94465446
U/N Reef (16-076),146.48439026,-16.96920013
McCulloch Reef (No 1) (17-016a),146.44169617,-17.28788376
McCulloch Reef (No 2) (17-016b),146.46572876,-17.27497292
Gibson Reef (17-017),146.35955811,-17.30199242
Howie Reef (17-018a),146.38508606,-17.39389038
Barnett Patches (18-019),146.85308838,-18.06010437
Duncan Reef (18-020),146.78665161,-18.08373451
U/N Reef (18-021),146.74819946,-18.1065979
Felicity Wishart Reef (18-022),146.7663269,-18.11701775
Opal Reef (16-025),145.8896637,-16.22089005
Tongue Reef (16-026),145.79255676,-16.3209343
U/N Reef (16-027),145.76490784,-16.35203362
Low Islands Reef (16-028),145.56443787,-16.38615227
U/N Reef (16-077),146.44882202,-16.97599411
U/N Reef (16-078),146.48483276,-16.98526192
Outer Shoal (16-079),146.51507568,-16.99359322
Korea Reef (16-080),145.55314636,-16.55483627
Yule Reef (16-081),145.53016663,-16.56002045
Garioch Reef (16-082),145.5319519,-16.59369659
Arthur Patches (17-018b),146.33929443,-17.38754654
U/N Reef (17-020a),146.47888184,-17.44583511
U/N Reef (17-020b),146.46034241,-17.42903519
U/N Reef (17-021a),146.45480347,-17.45402145
U/N Reef (17-021b),146.46295166,-17.44804764
Cayley Reef (17-023),146.45716858,-17.47678375
U/N Reef (18-023),146.96673584,-18.13350868
Britomart Reef (18-024),146.72647095,-18.22864151
U/N Reef (18-025),146.89807129,-18.26096916
Batt Reef (16-029),145.76745605,-16.41407585
Norman Reef (16-030),145.99674988,-16.42810822
Satellite Reef (16-031),145.68730164,-16.44052315
Saxon Reef (16-032),145.99028015,-16.46511841
Linden Bank (16-033),146.00245667,-16.30648041
Spur Reef (16-034),146.0460968,-16.40460777
Peart Reef (17-024),146.39112854,-17.48226547
U/N Reef (17-025),146.49345398,-17.10015869
U/N Reef (17-026),146.57058716,-17.1390152
Raaf Shoals (17-027),146.54182434,-17.19096756
Publican Shoals (North) (17-028),146.5458374,-17.26599693
Mustard Patches (North) (17-029a),146.60868835,-17.26187134
Mustard Patches (South) (17-029b),146.6104126,-17.28635788
Walker Reef (18-026),146.74464417,-18.32501411
Trunk Reef (18-027),146.83181763,-18.35411644
U/N Reef (18-028),146.76261902,-18.38663483
Bramble Reef (18-029),146.7061615,-18.4081955
Kelso Reef (18-030),146.99006653,-18.43645859
Little Kelso Reef (18-031),146.99305725,-18.46914101
Onyx Reef (16-035),146.06616211,-16.43915176
Nicholas Reef (16-036),146.10127258,-16.49350739
Wentworth Reef (16-037),145.5234375,-16.51718712
Egmont Reef (16-038),145.5365448,-16.5225029
Pixie Reef (16-040),145.86245728,-16.54697227
Jorgensen Patch (16-041),145.95326233,-16.543293
U/N Reef (16-094),145.69358826,-16.77615166
Publican Shoals (South) (17-030),146.54396057,-17.3102417
U/N Reef (17-031),146.53456116,-17.3541832
Wardle Reef (17-032),146.55096436,-17.42048264
U/N Reef (17-033),146.50921631,-17.44282341
Feather Reef (17-034),146.37722778,-17.5328598
Nathan Reef (17-035),146.51774597,-17.52473259
Ottaway Patch (15-060),145.42945862,-15.7069149
Stonor Patch (15-061),145.43852234,-15.70634937
Delius Patch (15-062),145.40498352,-15.70987797
Gubbins Reef (15-063),145.395401,-15.70949268
Breaking Patches (16-042),145.98020935,-16.58157539
Oyster Reef (16-043a),145.93276978,-16.63996506
U/N Reef (16-043b),145.94850159,-16.61779404
U/N Reef (16-044a),145.9728241,-16.64641571
Vlasoff Reef (16-044b),145.99284363,-16.65520287
Unity Reef (No 2) (16-045b),145.58137512,-16.65455818
Hall-Thompson Reef (17-037),146.45721436,-17.60943413
Surprise Shoal (17-038),146.4188385,-17.60771561
Lindquist Reef (17-040),146.15814209,-17.65419388
Goudge Bank (17-041),146.38218689,-17.66228104
Hope Islands Reef (West) (15-064),145.43962097,-15.73865223
Hope Islands Reef (East) (15-065),145.45783997,-15.73295879
Upolu Reef (16-046),145.93695068,-16.67423248
Double Island Reef (16-047),145.684021,-16.72931671
Adelaide Reef (17-042),146.47129822,-17.65380287
Jessie-Kent Reef (17-043a),146.17663574,-17.67463112
Bresnahan Reef (17-043b),146.16903687,-17.66718864
Hutchison Reef (17-043c),146.16906738,-17.67407036
Ellison Reef (17-044),146.39360046,-17.72225189
Vicki Harriott Reef (15-070),145.61799622,-15.50250721
U/N Reef (15-071a),145.53417969,-15.51265526
U/N Reef (15-071b),145.54612732,-15.50568676
U/N Reef (15-071c),145.57022095,-15.51049137
U/N Reef (15-072),145.77909851,-15.51498699
U/N Reef (15-073),145.78114319,-15.52941322
U/N Reef (15-074),145.6408844,-15.5353241
Haycock Reef (16-048),145.68785095,-16.73412514
U/N Reef (17-045),146.1065979,-17.72477722
Sisters-Stephens Reef (17-046),146.15362549,-17.7495575
Eddy Reef (17-047),146.43510437,-17.77425957
U/N Reef (17-049),146.10464478,-17.81072426
Ribbon No 2 Reef (No 1) (15-075a),145.79620361,-15.55718899
Ribbon No 2 Reef (No 2) (15-075b),145.7809906,-15.53843307
Ribbon No 2 Reef (No 3) (15-075c),145.77827454,-15.57324219
U/N Reef (15-076),145.59341431,-15.56106091
U/N Reef (15-077),145.64950562,-15.55839443
Osterlund Reef (15-078),145.53218079,-15.55632114
U/N Reef (15-079),145.76783752,-15.59501457
Green Island Reef (16-049),145.99865723,-16.76707268
Rocky Island Reef (16-051b),145.89447021,-16.88667107
Beaver Reef (17-051),146.4835968,-17.84960938
U/N Reef (17-054),146.13896179,-17.96398163
Thorpe (Timana) Reef (17-055),146.13597107,-17.97660637
Ribbon No 1 Reef (15-080),145.80508423,-15.60583305
Rosser Reef (15-081),145.51507568,-15.60728073
Emily Reef (15-082),145.62632751,-15.60594273
Gill Patches (15-083),145.50814819,-15.62998772
Irene Reef (15-084),145.71505737,-15.64757061
Lena Reef (15-085),145.80799866,-15.64650345
Rocky Island Reef (16-051a),145.89472961,-16.88350105
U/N Reef (16-800),146.07539368,-16.60452271
Sudbury Reef (No 1) (17-001a),146.2049408,-16.99837875
Gilbey Reef (17-057),146.57826233,-17.58052826
Armistice Reef (17-058),146.71542358,-17.66964531
Potter Reef (No 1) (17-059a),146.54440308,-17.69752693
Potter Reef (No 2) (17-059b),146.55450439,-17.72473907
Potter Reef (No 3) (17-059c),146.57209778,-17.69412804
Cairns Reef (15-086),145.50866699,-15.67227173
Pearl Reef (15-087),145.80036926,-15.71876621
Ruby Reef (15-088),145.78079224,-15.74977016
Endeavour Reef (15-089),145.58180237,-15.77656364
Andersen Reef (15-090),145.80323792,-15.78924942
U/N Reef (15-091a),145.77516174,-15.81139946
U/N Reef (15-091b),145.772995,-15.82229519
Rachel Carson Reef (15-092),145.81944275,-15.82970524
Sudbury Reef (No 2) (17-001b),146.19506836,-16.95053864
Sudbury Reef (No 3) (17-001c),146.21685791,-16.95290756
Sudbury Reef (No 4) (17-001d),146.21102905,-16.99845695
Stagg Patches (North) (17-002a),146.12869263,-17.01241112
Stagg Patches (South) (17-002b),146.1312561,-17.02049446
Hervey Shoals (North) (17-003a),146.4559021,-16.99902725
Hervey Shoals (South) (17-003b),146.46136475,-17.03743553
Scott Reef (17-004),146.18499756,-17.07360649
U/N Reef (17-060),146.50198364,-17.73851967
U/N Reef (17-061),146.50843811,-17.75042915
Noreaster Reef (17-062),146.65055847,-17.77948189
Farquharson Reef (No 1) (17-063a),146.51689148,-17.79090881
Farquharson Reef (No 2) (17-063b),146.54241943,-17.75642776
Pickersgill Reef (15-093),145.57443237,-15.87277699
Escape Reef (15-094),145.79629517,-15.87716198
Evening Reef (15-095),145.65682983,-15.90518665
Agincourt Reefs (No 4) (15-096),145.82078552,-15.94987965
Little Fitzroy Island Reef (16-055),146.00578308,-16.92298126
Stevens Reef (17-005),146.41052246,-17.09885216
Maori Reef (17-006),146.34466553,-17.09428787
U/N Reef (17-007),146.42131042,-17.12123299
Noggin Reef (17-008),146.46858215,-17.12631226
Taylor Reef (17-064),146.54951477,-17.83285522
Bob Endean Reef (17-065),146.72706604,-17.87638283
Yamacutta Reef (17-066),146.58634949,-17.88853264
U/N Reef (17-067),146.60035706,-17.96941948
Morning Reef (15-098),145.6651001,-15.97551823
Agincourt Reefs (No 3) (15-099a),145.83221436,-15.98979378
Agincourt Reefs (No 2a) (15-099b),145.85093689,-16.01783371
Agincourt Reefs (No 1) (15-099c),145.86737061,-16.05204773
Agincourt Reefs (No 5) (15-099d),145.83525085,-16.03521538
Agincourt Reefs (No 2b) (15-099e),145.85839844,-16.03013229
U/N Reef (15-800),145.69282532,-15.4465971
U/N Reef (15-801),145.65563965,-15.51785564
Hastings Reef (16-057),146.00813293,-16.51843643
Tobias Spit (17-009a),146.01023865,-17.15787888
Moss Reef (17-068),146.79472351,-17.94563866
Peter Arnold Reef (17-069),146.76863098,-17.99490929
U/N Reef (17-070),146.15692139,-17.77334404
U/N Reef (17-071),146.82157898,-17.89406776
U/N Reef (17-072),146.48461914,-17.14941597
U/N Reef (17-073),146.68144226,-17.56633949
Hope Reef (16-058),146.12957764,-16.52711296
U/N Reef (16-059),146.00140381,-16.56760979
Michaelmas Reef (16-060),146.01898193,-16.5817585
Fin Reef (16-061),146.16398621,-16.60890007
Pretty Patches (No 1) (16-062a),146.02287292,-16.64326859
Flora Reef (17-010),146.29089355,-17.1848011
Coates Reef (17-011),146.36857605,-17.19708824
Normanby-Mabel Reef (17-012),146.07714844,-17.20950317
Richards (Bedarra) Reef (18-001),146.15190125,-18.00790215
Wheeler (Toolgbar) Island Reef (18-003),146.16633606,-18.02551842
Coombe Reef (18-004),146.17631531,-18.0398407
Smith-Bowden Reef (18-005),146.20005798,-18.03983498
Snapper Reef (16-006),145.49964905,-16.29825974
Pretty Patches (No 2) (16-062b),146.04202271,-16.6241188
Pretty Patches (No 3) (16-062c),146.03562927,-16.64635658
Euston Reef (16-063),146.25227356,-16.68704605
Arlington Reef (16-064),146.05477905,-16.69470215
Flynn Reef (16-065),146.27462769,-16.72874832
Jones Patch (17-012b),146.07754517,-17.21987915
Round-Russell Reef (17-013),146.09152222,-17.22398567
Hudson (Coolah) Reef (18-006),146.20283508,-18.05085564
Kennedy Shoal (18-007),146.45056152,-18.07859993
Brook Islands Reef (18-008),146.29048157,-18.14867592
Brook Shoal (18-009),146.26716614,-18.15608406
U/N Reef (16-011),145.76377869,-16.00673294
Spitfire Reefs (West) (16-012a),145.61981201,-16.00907516
Spitfire Reefs (East) (16-012b),145.63525391,-16.01484108
U/N Reef (16-013a),145.79371643,-16.01890564
U/N Reef (16-013b),145.80805969,-16.01919937
Jenny Louise Shoal (North) (16-066a),146.32583618,-16.73413849
Jenny Louise Shoal (South) (16-066b),146.34199524,-16.75384903
Milln Reef (16-067),146.2653656,-16.77837372
Thetford Reef (16-068),146.18086243,-16.80299377
Baines Patches (16-069),146.3543396,-16.80519676
Pellowe Reef (16-070),146.35768127,-16.85753441
Goold Reef (18-010),146.15882874,-18.16708183
Garden Reef (18-011),146.14523315,-18.18221283
Eva Reef (18-013),146.32363892,-18.23547363
Agnes Reef (18-015),146.32815552,-18.35521507
U/N Reef (16-013c),145.80764771,-16.03413773
U/N Reef (16-014a),145.69970703,-16.0235424
U/N Reef (16-014b),145.7094574,-16.03286171
Mackay Reef (16-015),145.64700317,-16.04948044
U/N Reef (16-016),145.73939514,-16.05511284
Sylvan Reef (16-017),145.72079468,-16.07977295
U/N Reef (16-018a),145.75605774,-16.07671356
U/N Reef (16-018b),145.74710083,-16.08608437
St Crispin Reef (16-019),145.83328247,-16.10412598
Eyrie Reef (14-118),145.3792572,-14.71065998
Turtle Reef (North) (14-119a),145.16590881,-14.71613312
Turtle Reef (South) (14-119b),145.16101074,-14.72149372
Turtle Group Reef (No 1) (14-120a),145.1870575,-14.73452568
Lark Reef (15-033),145.5735321,-15.28826046
U/N Reef (15-034),145.76364136,-15.31300926
U/N Reef (15-035),145.63916016,-15.31890678
U/N Reef (15-036),145.64729309,-15.33087254
U/N Reef (15-037),145.75227356,-15.33505726
Ribbon No 5 Reef (15-038),145.78292847,-15.36378002
Pelican Island Reef (13-107),143.84161377,-13.91487694
Hedge Reef (13-108),143.95117188,-13.90026379
South Warden Reef (14-051),144.73968506,-14.23914433
Unison Reef (14-052),144.68772888,-14.29763222
U/N Reef (14-053),144.79040527,-14.30921268
Stapleton Reef (14-054),144.85919189,-14.32140255
Turtle Group Reef (No 2) (14-120b),145.1991272,-14.73466969
Turtle Group Reef (No 3) (14-120c),145.17935181,-14.72984409
Turtle Group Reef (No 4) (14-120d),145.19801331,-14.72135258
Turtle Group Reef (No 5) (14-120e),145.20419312,-14.70484257
Turtle Group Reef (No 6) (14-120f),145.19319153,-14.71372223
Turtle Group Reef (No 7) (14-120g),145.18951416,-14.72822189
Williamson Reefs (15-039),145.58148193,-15.35902119
U/N Reef (15-040),145.76622009,-15.38854599
U/N Reef (15-041),145.7660675,-15.39985847
U/N Reef (15-042),145.77189636,-15.41005898
U/N Reef (15-043),145.50831604,-15.42865181
U/N Reef (15-044),145.61341858,-15.42838383
U/N Reef (13-109),143.8157196,-13.96458149
U/N Reef (13-110),143.61485291,-13.92627907
Burkitt Reef (13-111),143.75439453,-13.94378567
U/N Reef (13-112),143.6477356,-13.94903564
Iris Reef (13-113),143.84162903,-13.96045017
Obree Reef (13-114),143.68238831,-13.97581577
Munro Reef (14-055),144.74142456,-14.31907654
U/N Reef (14-056),144.95561218,-14.32808208
Davy Patches (No 1) (14-057a),144.71818542,-14.32648373
Davy Patches (No 2) (14-057b),144.70785522,-14.33612728
Davy Patches (No 3) (14-057c),144.72001648,-14.34114552
U/N Reef (14-058),144.59544373,-14.334939
Barrow Reef (14-060),144.65068054,-14.34283352
Turtle Group Reef (No 8) (14-120h),145.18469238,-14.71768856
Turtle Group Reef (No 9) (14-120j),145.20838928,-14.74336147
Crompton Shoals (14-121),145.27624512,-14.71804142
Pethebridge Islets Reef (East) (14-122a),145.10093689,-14.73142147
Pethebridge Islets Reef (West) (14-122b),145.08262634,-14.7362051
Martin Reef (14-123),145.35552979,-14.76314163
U/N Reef (15-045),145.65852356,-15.43023682
Ribbon No 4 Reef (15-046),145.8008728,-15.43488216
U/N Reef (15-047),145.67703247,-15.46156597
U/N Reef (15-048),145.65489197,-15.48405933
U/N Reef (15-049),145.50273132,-15.48573685
Ribbon No 3 Reef (15-050),145.80554199,-15.48834705
U/N Reef (13-116),144.08969116,-13.54211235
U/N Reef (13-117a),144.09919739,-13.59171677
U/N Reef (13-117b),144.09568787,-13.60047626
Creech Reef (North) (13-118a),144.10391235,-13.62558937
Creech Reef (South) (13-118b),144.10731506,-13.64566326
Switzer Reef (14-061),144.75698853,-14.36003113
U/N Reef (14-062),144.96131897,-14.37524891
Combe Reef (14-063),144.9510498,-14.41412067
U/N Reef (14-124),145.08682251,-14.78017616
Maxwell Reef (14-125),145.31558228,-14.78671837
Linnet Reef (14-126),145.34443665,-14.78665161
U/N Reef (14-127a),145.14009094,-14.78806591
U/N Reef (14-127b),145.13586426,-14.79833221
Sim Reef (14-128),145.28337097,-14.81706524
U/N Reef (14-129a),145.18156433,-14.81616306
U/N Reef (14-129b),145.18943787,-14.82247162
Dawson Reef (15-051),145.32821655,-15.50472927
Cowlishaw Reef (15-052),145.35255432,-15.53471947
Draper Patch (15-053),145.30262756,-15.54612827
Malcolm Patch (15-056),145.44831848,-15.62467194
Bee Reef (15-057),145.42962646,-15.64048386
U/N Reef (13-119),144.1660614,-13.67631626
Sand Bank No 5 Reef (13-120),144.23735046,-13.73683643
U/N Reef (13-121),144.26705933,-13.78010464
Ingram-Beanley Reef (14-064),144.88970947,-14.42552853
Bewick Reef (14-065),144.81156921,-14.43275642
Decapolis Reef (14-131),145.27287292,-14.85046291
Rocky Islets Reef (14-132a),145.47993469,-14.85496998
U/N Reef (14-132b),145.52761841,-14.8655138
U/N Reef (14-132c),145.48886108,-14.86948586
U/N Reef (14-133),145.51600647,-14.91681099
Eye Reef (14-134),145.47799683,-14.89468002
U/N Reef (13-043),143.53918457,-13.28244972
Lowrie Reef (13-045),143.5960083,-13.27562618
Bow Reef (13-048),143.67321777,-13.30812263
U/N Reef (13-049),143.88995361,-13.31755543
U/N Reef (13-122),144.02783203,-13.85837936
U/N Reef (13-123),144.13525391,-13.85580158
U/N Reef (13-124),144.07878113,-13.85309219
U/N Reef (13-125),144.31129456,-13.86553955
Mid Reef (14-066),144.95834351,-14.45742226
Watson Reef (14-068),144.89328003,-14.46287346
Wooden Patch (14-069),144.75350952,-14.47551155
Baron Reef (14-070),144.69804382,-14.47436333
Helsdon Reef (14-135),145.48800659,-14.93945408
U/N Reef (14-136a),145.33810425,-14.94181156
U/N Reef (14-136b),145.33415222,-14.9484272
Carter Reef (14-137),145.58898926,-14.54767418
Yonge Reef (14-138),145.62347412,-14.59968185
No Name Reef (14-139),145.64628601,-14.64376545
Sydney Schubert Reef (14-140),145.65019226,-14.66489029
U/N Reef (13-050a),143.97337341,-13.32482433
U/N Reef (13-050b),143.95091248,-13.3081255
U/N Reef (13-051),143.55728149,-13.33007431
U/N Reef (13-052),143.72439575,-13.32792473
Treat Reef (13-053),143.60075378,-13.32652664
U/N Reef (13-054),143.57279968,-13.35158348
U/N Reef (13-126),144.06306458,-13.90872097
Rodda Reef (13-127),144.35662842,-13.92119122
Joan Reef (13-128),144.34959412,-13.94645691
Wilson Reef (13-129),144.40107727,-13.95244312
Davie Reef (13-130),144.45483398,-13.97737408
Eves Reef (13-131),144.5743866,-13.96196938
U/N Reef (13-132),144.55203247,-13.97590828
Weigall Reefs (East) (14-071a),144.64302063,-14.47416687
Weigall Reefs (West) (14-071b),144.63766479,-14.47897816
Megaera Reef (14-072),144.95802307,-14.4773941
U/N Reef (14-073),145.00259399,-14.23346233
U/N Reef (14-074),145.06777954,-14.26767063
U/N Reef (14-075),145.16496277,-14.28916931
U/N Reef (14-076),145.18202209,-14.31323624
U/N Reef (14-141),145.53881836,-14.70715809
U/N Reef (14-142),145.58253479,-14.73134422
North Direction Reef (14-143),145.51068115,-14.74591541
Kedge Reef (14-144),145.53094482,-14.78259373
U/N Reef (14-145),145.58654785,-14.78984928
Peter Reef (13-055),143.78071594,-13.33258152
Sand Bank No 8 Reef (13-056),143.96214294,-13.36719513
Sharland Reefs (No 1) (13-057a),143.59918213,-13.36875439
Sharland Reefs (No 2) (13-057b),143.59742737,-13.38262463
U/N Reef (13-058a),143.61013794,-13.40095043
U/N Reef (13-058b),143.60488892,-13.40857983
Tydeman Reef (13-133),144.52000427,-13.98367882
U/N Reef (13-134),143.61839294,-13.51718235
U/N Reef (13-135),143.60432434,-13.5427599
U/N Reef (13-136),143.80595398,-13.460536
U/N Reef (13-137),144.11018372,-13.65716457
Beabey Patches (14-002),143.82217407,-14.01346874
U/N Reef (14-077a),145.23706055,-14.31356525
U/N Reef (14-077b),145.23510742,-14.32905102
U/N Reef (14-078),145.27752686,-14.34315395
Jewell Reef (14-079),145.35128784,-14.37976837
U/N Reef (14-080),145.01808167,-14.36433125
U/N Reef (14-081),145.03501892,-14.39865017
Ribbon No 10 Reef (14-146),145.69813538,-14.82720089
South Direction Reef (North) (14-147a),145.52357483,-14.82437229
South Direction Reef (South) (14-147b),145.52072144,-14.81170082
Ellis Reef (13-059),143.70544434,-13.38013554
Blanchard Reef (13-060),143.75065613,-13.41682148
U/N Reef (13-061a),143.97453308,-13.39894772
U/N Reef (13-061b),143.97590637,-13.42455959
Grub Reef (14-003),143.98217773,-14.00527954
Keast Shoal (14-004),143.93527222,-14.05226326
Cameron Shoal (14-005),143.93186951,-14.05947208
Fahey Reef (14-006),143.8589325,-14.06368637
Taiwan Shoal (14-007),143.92588806,-14.06640339
Crescent Reef (14-082),145.08926392,-14.4156599
Parke Reef (14-083),145.32247925,-14.4195385
U/N Reef (14-084),145.04402161,-14.44357872
Hilder Reef (14-085),145.41036987,-14.44501114
U/N Reef (14-149),145.61833191,-14.84252357
U/N Reef (14-150),145.55728149,-14.88309574
No 10 Patches (No 1) (14-151),145.69042969,-14.91990566
No 10 Patches (No 2) (14-152),145.68173218,-14.93192387
No 10 Patches (No 3) (14-153a),145.69018555,-14.95040894
No 10 Patches (No 4) (14-153b),145.68621826,-14.96847725
Sand Bank No 7 Reef (13-061c),143.97851563,-13.43976307
Roskruge Reef (13-062),143.62867737,-13.41608715
U/N Reef (13-063),143.81530762,-13.42310429
North Khandalla Shoal (13-064),143.68893433,-13.42867851
Drake Shoal (13-065),143.70610046,-13.43428612
South Khandalla Shoal (13-066),143.69161987,-13.43684864
Quake Reef (13-068),143.65106201,-13.45235825
Bell Bank (North) (13-069),143.62536621,-13.45379353
Bell Bank (South) (13-070),143.62139893,-13.46678734
Heath Reef (13-071),143.68113708,-13.47515297
Eden Reef (14-008),143.91389465,-14.07781029
Clark Shoal (14-009),143.93676758,-14.12939835
Olive Patch (14-011),143.93307495,-14.17860126
Cliff Islands Reef (West) (14-012),143.7739563,-14.22058868
Cliff Islands Reef (East) (14-013),143.79229736,-14.22569561
June Reef (14-015),143.7796936,-14.28871727
Hicks Reef (14-086),145.4821167,-14.45256233
Snake Reef (14-087),145.02529907,-14.47311687
Waining Reef (14-088),145.22224426,-14.45621586
Day Reef (14-089),145.53677368,-14.49668884
Ribbon No 9 Reef (14-154),145.70335388,-14.99295044
U/N Reef (14-159a),144.70373535,-14.123209
U/N Reef (14-159b),144.69979858,-14.13428593
U/N Reef (14-160),144.85940552,-14.19372177
U/N Reef (14-161),143.92962646,-14.01922894
U/N Reef (14-163),145.45413208,-14.90861607
Ada Bank (15-001),145.46420288,-15.00384617
Morris Island Reef (13-072),143.73855591,-13.48629475
U/N Reef (13-073),143.99581909,-13.46698475
U/N Reef (13-074),144.05264282,-13.47808075
MacDonald Reef (13-075),143.65530396,-13.54245853
Corbett Reef (14-016),144.11610413,-13.97915649
Clack Reef (14-017),144.24232483,-14.06813049
King Island Reef (14-018),144.32124329,-14.09972095
Aylen Patch (14-019),144.48490906,-14.1037178
Oswald Shoal (14-020),144.49787903,-14.10725403
Howick Reef (14-090),144.97001648,-14.50333881
Noble Reef (14-091),144.76498413,-14.5015974
Two Islands Reef (15-002),145.44151306,-15.02282429
Low Wooded Reef (15-003),145.37962341,-15.09353924
Murray Reefs (No  2) (15-004b),145.26872253,-15.09468842
Murray Reefs (No  3) (15-004c),145.2641449,-15.10084438
Ogilvie Reef (13-076),143.79095459,-13.52589226
U/N Reef (13-077),143.85205078,-13.55240631
Wharton Reef (14-022),144.00228882,-14.12823677
Atkinson Reef (14-023),144.30235291,-14.12132931
Channel Rocks Reef (14-024),144.48410034,-14.14257717
Boulder Rock Reef (14-025),144.4851532,-14.14838314
Newton Reef (14-092),144.915802,-14.5055275
Sand Reef (14-093),144.84501648,-14.52162933
Houghton Reef (14-094),144.97320557,-14.52409172
U/N Reef (14-096),144.85603333,-14.53952599
Coquet Reef (14-097),144.99267578,-14.53987789
Three Islands Reef (15-005),145.4223938,-15.11523628
Conical Rock Reef (15-006),145.31759644,-15.13833618
U/N Reef (15-007),145.24746704,-15.15592575
Beor Reef (15-008),145.26821899,-15.15889835
Forrester Reef (15-009),145.49612427,-15.16672802
U/N Reef (15-010),145.24674988,-15.17649174
Petty Patch (15-011),145.3425293,-15.21461678
U/N Reef (13-078),143.92167664,-13.64098835
Noddy Reef (No 1) (13-079a),143.7923584,-13.68203926
Noddy Reef (No 2) (13-079b),143.8249054,-13.6243248
Noddy Reef (No 3) (13-079c),143.90786743,-13.6067009
Stanley Island Reef (No 4) (14-026d),144.21936035,-14.17449474
U/N Reef (14-028),144.73506165,-14.17453384
MacLear Reef (14-029),144.24589539,-14.20897293
Miles Reef (North) (14-098a),144.92166138,-14.54079914
Miles Reef (South) (14-098b),144.91864014,-14.54436874
Leggatt Reef (14-099),144.87019348,-14.54813004
U/N Reef (14-100),144.85015869,-14.55084801
Sinclair-Morris Reef (14-101),144.90519714,-14.55351067
Hampton Reef (14-102),144.88925171,-14.56277466
Beatrice Reef (14-103),144.92724609,-14.57393074
Boulder Reef (15-012),145.43144226,-15.41388798
Egret Reef (15-013),145.41749573,-15.47411537
Blackbird Patches (North) (15-014a),145.28981018,-15.47772884
Blackbird Patches (South) (15-014b),145.28871155,-15.48388767
Tilbrook Bank (15-015),145.51106262,-15.00606918
Gull Reef (15-016),145.56919861,-15.00490189
U/N Reef (15-017a),145.69593811,-15.03404808
U/N Reef (15-017b),145.70285034,-15.04533005
U/N Reef (15-017c),145.67945862,-15.0241518
Fife Reef (13-081),143.73074341,-13.65333939
Hay Island Reef (13-083),143.6907196,-13.6692791
U/N Reef (13-084),143.81729126,-13.70207787
Frenchman Reef (13-085),143.56437683,-13.72936916
Poulsen Reef (13-086),143.6388092,-13.73720264
Rocky Islets Reef (North) (14-033a),144.34783936,-14.25623035
Rocky Islets Reef (South) (14-033b),144.35614014,-14.27101898
U/N Reef (14-034),144.74775696,-14.06616116
U/N Reef (14-035),144.66711426,-14.0890255
Pipon Shoals (14-036),144.53530884,-14.09478951
Melanie Patches (14-037),144.57701111,-14.10134888
Murdoch Reef (14-104),144.93525696,-14.61428642
U/N Reef (14-107a),144.9936676,-14.71187115
U/N Reef (14-107b),144.98652649,-14.71438885
Fly Reef (14-109),145.15846252,-14.50730419
Underwood Shoal (14-110),145.4662323,-14.59091663
Covered Reef (14-111),145.1781311,-14.66032028
Stewart Shoal (14-112),145.46826172,-14.61452484
Pasco Reef (15-018),145.53305054,-15.04456997
Long Reef (15-019),145.57000732,-15.05088806
Strickland Reef (15-020),145.51753235,-15.07336807
Ribbon No 8 Reef (15-021a),145.72372437,-15.07281303
U/N Reef (15-021b),145.70516968,-15.07479286
U/N Reef (15-022),145.63641357,-15.0979948
U/N Reef (15-023),145.67022705,-15.09437656
Magpie Reef (13-087),143.8379364,-13.75963593
Lytton Reef (13-088),143.90577698,-13.74318218
U/N Reef (13-089),143.94772339,-13.75630569
Wilkie Reef (13-091),143.64048767,-13.77140236
Pipon Reef (14-038),144.52462769,-14.12029743
North Warden Reef (14-039),144.64640808,-14.16754627
Singleton Patch (14-040),144.60075378,-14.15975761
Petricola Shoal (14-113),145.48031616,-14.63325691
MacGillivray Reef (14-114),145.49102783,-14.6519022
Nymph Reef (14-115),145.25215149,-14.65499687
Mackay Reefs (15-024),145.57130432,-15.13893986
Harrier Reef (15-025),145.69720459,-15.13665295
Ribbon No 7 Reef (15-026),145.7383728,-15.18930244
Marx Reef (15-027),145.62117004,-15.19776058
U/N Reef (13-093a),143.93009949,-13.82892609
U/N Reef (13-093b),143.96170044,-13.76087666
U/N Reef (13-093c),143.97944641,-13.76837921
Sullivan Shoal (13-095),143.68710327,-13.84641743
Ballerina Shoal (13-096),143.77804565,-13.84458733
U/N Reef (14-043),144.79969788,-14.17776299
Hales Reef (14-044),144.53822327,-14.18373394
Sand Bank No 1 Reef (14-045),144.89193726,-14.20033455
U/N Reef (14-046),144.85264587,-14.20498943
Lizard Island Reef (North West) (14-116a),145.44694519,-14.65856457
Lizard Island Reef (North East) (14-116b),145.46611023,-14.65501785
Lizard Island Reef (Lagoon) (14-116d),145.44981384,-14.68557739
Startle Reefs (15-028),145.55651855,-15.20737457
Camel Head Reef (15-029),145.72250366,-15.24113178
Swinger Reef (15-030),145.53718567,-15.24224567
Pullen Reefs (15-031),145.58721924,-15.25070858
Ribbon No 6 Reef (15-032),145.75184631,-15.28094673
Hannah Island Reef (13-097),143.71783447,-13.86518288
U/N Reef (13-100),143.93701172,-13.86664867
Rattlesnake Reefs (No 1) (13-101a),143.63835144,-13.87374783
Rattlesnake Reefs (No 2) (13-101b),143.64442444,-13.88198185
Rattlesnake Reefs (No 3) (13-101c),143.6557312,-13.90091991
U/N Reef (13-102),143.60203552,-13.88528919
Kestrel Reef (13-104),143.89254761,-13.90420246
U/N Reef (13-105),143.6787262,-13.91607857
U/N Reef (14-047),144.92831421,-14.21223068
Broomfield Rock Reef (14-048),144.6701355,-14.20374966
U/N Reef (14-049),144.95835876,-14.22637463
Rocky Point Island Reef (14-050),144.57673645,-14.23252583
Lizard Island Reef (Coconut Bay) (14-116c),145.47232056,-14.68106556
Gunga Shoal (14-117),145.19998169,-14.66886806
Long Island Reef (No 2) (20-060b),148.84709167,-20.34325027
Long Island Reef (No 3) (20-060c),148.84806824,-20.36315346
Black Island Reef (20-017),148.89268494,-20.08108711
Double Rock Reef (20-018),148.97502136,-20.07186508
Langford-Bird Reef (20-019),148.87759399,-20.0883007
Long Island Reef (No 4) (20-060d),148.85096741,-20.37420464
Long Island Reef (No 5) (20-060e),148.86151123,-20.39131165
Long Island Reef (No 6) (20-060f),148.85844421,-20.35241699
Workington Reef (20-079),149.1194458,-20.26964378
Gumbrell Reef (20-020),148.60772705,-20.10022926
Long Island Reef (No 7) (20-060g),148.87409973,-20.38865471
Leeper Shoal (20-080),149.08911133,-20.14084625
Olden Reef (20-021),148.57221985,-20.10396576
Armit Island Reef (20-022),148.65237427,-20.10769844
Pine Island Reef (20-061),148.8863678,-20.37526894
U/N Reef (19-267),149.99662781,-19.72412109
U/N Reef (19-268),150.04212952,-19.71613884
U/N Reef (19-269),150.09863281,-19.74240112
U/N Reef (19-270),150.16825867,-19.85525322
U/N Reef (19-271),150.16941833,-19.91014099
U/N Reef (19-272),150.1882019,-19.88889313
U/N Reef (19-273),150.22874451,-19.89331818
U/N Reef (19-274),150.2454834,-19.91080284
U/N Reef (19-275),150.39424133,-19.92307472
U/N Reef (19-276),148.22467041,-19.23618126
U/N Reef (19-277),148.24137878,-19.23273087
U/N Reef (19-278),148.25846863,-19.11724091
U/N Reef (20-023),148.66426086,-20.10923576
Fitzalan Island Reef (20-041),148.95960999,-20.33107758
Three Fathom Patch (20-063),148.86070251,-20.4138813
U/N Reef (19-279),148.54258728,-19.09532166
U/N Reef (19-280),148.59463501,-19.38027191
U/N Reef (19-281),148.59526062,-19.32294655
U/N Reef (19-282),148.60717773,-19.33229446
U/N Reef (19-283),148.6502533,-19.07159805
U/N Reef (19-284),148.6796875,-19.17266464
U/N Reef (19-285),148.74339294,-19.37219048
U/N Reef (19-286),148.74705505,-19.29636383
U/N Reef (19-287),148.76011658,-19.36961555
U/N Reef (19-288),148.96266174,-19.28400993
U/N Reef (19-289),149.02191162,-19.30819321
U/N Reef (19-290),149.02888489,-19.52679634
Double Cone Reef (20-024),148.71392822,-20.10733986
Planton Reef (20-043),148.85121155,-20.26683617
U/N Reef (19-291),149.0328064,-19.11525345
U/N Reef (19-292),149.11074829,-19.13601875
U/N Reef (19-293),149.11714172,-19.25987434
U/N Reef (19-294),149.14749146,-19.30397797
U/N Reef (19-295),149.16609192,-19.24489212
U/N Reef (19-296),149.17271423,-19.62364578
U/N Reef (19-297),149.20150757,-19.51189041
U/N Reef (19-298),149.20292664,-19.52073669
U/N Reef (19-299),149.21437073,-19.27701759
U/N Reef (19-300),149.21844482,-19.32469749
Edwin Reef (20-026),148.61210632,-20.12642479
Denman Reef (20-044),148.84886169,-20.28226471
Almora Reef (20-045),148.7699585,-20.2343483
Long Shoal (20-066),148.93826294,-20.48897934
Border Island Reef (No 1) (20-067a),149.02896118,-20.16838264
U/N Reef (19-301),149.22909546,-19.28629875
U/N Reef (19-302),149.23916626,-19.54565048
U/N Reef (19-303),149.24130249,-19.56520462
U/N Reef (19-304),149.24501038,-19.53996468
U/N Reef (19-305),149.26469421,-19.655653
U/N Reef (19-306),149.27871704,-19.21601295
U/N Reef (19-307),149.28038025,-19.35026932
U/N Reef (20-027),148.60585022,-20.13317299
Low Rock Reef (20-047),148.80155945,-20.28759575
Border Island Reef (No 2) (20-067b),149.03865051,-20.16909027
Border Island Reef (No 3) (20-067c),149.03349304,-20.1568203
U/N Reef (19-308),149.28742981,-19.4111557
U/N Reef (19-309),149.3510437,-19.39413071
U/N Reef (19-310),149.35316467,-19.25749779
U/N Reef (19-311),149.37947083,-19.33300209
U/N Reef (19-312),147.55705261,-19.02228546
Low Island Reef (20-029),148.57978821,-20.14570808
Shute Reef (20-048),148.80102539,-20.29733086
Dumbell Reef (No 1) (20-068a),149.00721741,-20.17323875
Dumbell Reef (No 2) (20-068b),149.00930786,-20.17479134
Petrel Reef (20-069),149.11491394,-20.19784927
Sand Island (19-802),147.37013245,-19.3511219
U/N Reef (20-001),148.25028992,-20.02507591
North Head Reef (20-002),148.27438354,-20.02167892
Grassy Reef (20-030),148.60662842,-20.14949417
Roseric Shoal (20-031),148.70889282,-20.18407631
Pioneer Rocks Reef (20-032),148.75732422,-20.22656441
Repair Reef (20-049a),148.79159546,-20.29678726
Tancred Reef (20-049b),148.79595947,-20.29909706
Alert Bank (20-050),148.84660339,-20.30469131
Esk Island Reef (20-070),149.0413208,-20.23356819
Mid Molle Reef (20-034),148.83024597,-20.24907303
Daydream Reef (No 1) (20-035a),148.81378174,-20.25341225
White Rock Reef (20-051),148.80989075,-20.30286217
Henning Reef (20-053),148.92999268,-20.32267761
Ireby Reef (20-071),149.14250183,-20.22736168
Sillago Reef (20-072),149.16030884,-20.2368145
Daydream Reef (No 2) (20-035b),148.81378174,-20.2606411
Daydream Reef (No 3) (20-035c),148.81478882,-20.25654411
Daydream Reef (No 4) (20-035d),148.81532288,-20.25338173
Conder Shoal (20-036),148.91166687,-20.24215126
East Rocks Reef (20-054),148.86065674,-20.33601952
Wirrainbeia Reef (20-073),149.14204407,-20.23366547
Harold Reef (20-074),149.15301514,-20.24010658
Stone Reef (20-004),148.28443909,-20.03719139
Chyebassa Shoal (20-007),148.33752441,-20.07639503
Winter Shoal (20-008),148.30184937,-20.07342529
Perseverance Reef (20-055),148.99220276,-20.35527611
Young Island Reef (20-056),148.99694824,-20.35725975
Edward Island Reef (20-075a),149.17373657,-20.24800873
Thomas Reef (20-009),148.29556274,-20.08224487
Poole Reef (20-011),148.30851746,-20.10821152
Whitsunday Island Reef (No 6) (20-041f),149.04536438,-20.31279182
U/N Reef (20-075b),149.18463135,-20.25502205
Lagoon Rock Reef (20-076),149.04193115,-20.2667141
U/N Reef (20-077),149.08009338,-20.26204109
Eshelby Reef (20-012),148.62390137,-20.01794243
U/N Reef (20-013),148.62631226,-20.02226257
Hamilton Island Reef (No 3) (20-057c),148.94784546,-20.33783913
Hamilton Island Reef (No 4) (20-057d),148.94662476,-20.35720634
Saddleback Island Reef (No 1) (20-015a),148.53865051,-20.06451797
Saddleback Island Reef (No 2) (20-015b),148.54428101,-20.06041527
U/N Reef (19-130),149.33648682,-19.74901962
U/N Reef (19-131a),149.36825562,-19.76073265
U/N Reef (19-131b),149.36654663,-19.76760483
U/N Reef (19-131c),149.37147522,-19.76841354
U/N Reef (19-131d),149.37661743,-19.75582695
U/N Reef (19-131e),149.37753296,-19.75484848
U/N Reef (19-131f),149.37763977,-19.75631523
U/N Reef (19-131g),149.3795929,-19.75565338
U/N Reef (19-132),149.39979553,-19.75977516
Sinker Reef (19-133),149.19891357,-19.71930695
Circular Quay Reef (19-134),149.48550415,-19.74379349
Hardy Reef (19-135),149.23330688,-19.76042366
U/N Reef (19-227),150.34483337,-19.9741745
U/N Reef (19-228),150.23931885,-19.9932003
Thompson Shoal (19-229),150.32232666,-19.9044075
Blossom Bank (West) (19-230),150.34951782,-19.79316902
Marilyn Shoal (19-231),150.3888855,-19.8113327
Ferris Shoal (19-232),150.37007141,-19.8595829
Maschke Shoal (19-233),150.35675049,-19.88422775
Blossom Bank (East) (19-234),150.36332703,-19.79660225
U/N Reef (19-235),150.34358215,-19.85396385
U/N Reef (19-236),149.41110229,-19.43678665
U/N Reef (19-237),149.41893005,-19.48898888
U/N Reef (19-238),149.51867676,-19.48023605
Wheeler Reef (18-095),147.52622986,-18.79788971
Davies Reef (18-096),147.64483643,-18.8224926
U/N Reef (18-097),148.0166626,-18.7971859
U/N Reef (18-098),147.97666931,-18.8237896
Saville-Kent Reef (18-099),147.88334656,-18.85930061
(Big) Broadhurst Reef (No 1) (18-100a),147.74226379,-18.90699196
U/N Reef (19-053),148.81947327,-19.12701416
Tiger Reef (19-054),148.54875183,-19.20061874
U/N Reef (19-055),148.87086487,-19.14626694
U/N Reef (19-056),148.92875671,-19.1659832
U/N Reef (19-057),148.59382629,-19.19772339
U/N Reef (19-058),148.95988464,-19.19041443
U/N Reef (19-059),148.88011169,-19.18770027
U/N Reef (19-060),148.61181641,-19.2031517
Jacqueline Reef (19-061),148.90376282,-19.21391678
Hook Reef (19-136a),149.18539429,-19.79242516
Barb Reef (19-136b),149.11845398,-19.80438423
U/N Reef (19-136c),149.12548828,-19.7527504
Bait Reef (19-137),149.07359314,-19.80712891
U/N Reef (19-138),149.42539978,-19.80061722
U/N Reef (19-139),149.58778381,-19.51589012
Gable Reef (19-140),149.74319458,-19.52979279
Stucco Reef (19-141),149.59751892,-19.55791283
U/N Reef (19-239),149.52593994,-19.3914299
U/N Reef (19-240),149.53842163,-19.53556633
U/N Reef (19-241),149.55230713,-19.33899498
U/N Reef (19-242),149.57891846,-19.42103958
U/N Reef (19-243),149.64784241,-19.76291084
U/N Reef (19-244),149.65208435,-19.49703407
U/N Reef (19-245),149.65914917,-19.78281212
U/N Reef (19-246),149.66798401,-19.81144524
U/N Reef (19-247),149.67152405,-19.53846359
(Big) Broadhurst Reef (No 2) (18-100b),147.6938324,-18.8633194
Judith Wright Reef (18-101),147.95126343,-18.89966774
U/N Reef (18-102),147.92066956,-18.89479446
U/N Reef (18-103),147.89230347,-18.90571022
U/N Reef (18-104),147.8682251,-18.90539932
Banfield Reef (North) (18-105a),147.89686584,-18.9248848
Banfield Reef (South) (18-105b),147.90930176,-18.93882942
(Little) Broadhurst Reef (18-106),147.69447327,-18.95594597
U/N Reef (19-062),148.81642151,-19.20934486
Kangaroo Reef (East) (19-063a),148.61715698,-19.26265907
Kangaroo Reef (West) (19-063b),148.55070496,-19.25987816
U/N Reef (19-064),148.98477173,-19.27558517
U/N Reef (19-065),148.63209534,-19.31987572
U/N Reef (19-066),148.63243103,-19.34154129
Lath Reef (19-142),149.66111755,-19.57308006
U/N Reef (19-143),149.70823669,-19.5850811
U/N Reef (19-144),149.56803894,-19.5813427
U/N Reef (19-145),149.50488281,-19.58831215
Rafter Reef (19-146),149.6325531,-19.61058044
Plaster Reef (19-147),149.66975403,-19.62962532
Eave Reef (19-148),149.76974487,-19.60277557
Brick Reef (19-149),149.72477722,-19.60995483
U/N Reef (19-150),149.72479248,-19.62449837
U/N Reef (19-248),149.67947388,-19.97695732
U/N Reef (19-249),149.68495178,-19.56377029
U/N Reef (19-250),149.70014954,-19.50313568
U/N Reef (19-251),149.7013092,-19.54587936
U/N Reef (19-252),149.70855713,-19.65945053
U/N Reef (19-253),149.75471497,-19.71500969
U/N Reef (19-254),149.76200867,-19.79163742
U/N Reef (18-107),148.03285217,-18.81633377
U/N Reef (18-108),148.12889099,-18.83682823
U/N Reef (18-109),148.07098389,-18.83655357
U/N Reef (18-110),148.16461182,-18.85705757
Eagle Reef (18-111),148.07872009,-18.8542881
Viper Reef (18-112),148.15063477,-18.87314415
U/N Reef (18-113),148.19631958,-18.88841629
U/N Reef (18-114),148.245224,-18.89240456
Jupiter Reef (18-115),148.25306702,-18.92404175
U/N Reef (18-116),148.31797791,-18.93338776
U/N Reef (18-117),148.2897644,-18.95526123
U/N Reef (19-067),148.63449097,-19.3591938
U/N Reef (19-068),148.68278503,-19.35120201
U/N Reef (19-069),148.98989868,-19.34318352
U/N Reef (19-070),148.727005,-19.35190201
Wallaby Reef (19-071),148.65942383,-19.42391014
Tile Reef (19-151),149.84999084,-19.61589622
Reimer Reef (19-152),149.87913513,-19.63298798
U/N Reef (19-153),149.75926208,-19.6398983
U/N Reef (19-154),149.8429718,-19.64156151
U/N Reef (19-155),149.71958923,-19.65496635
Girder Reef (19-156),149.75398254,-19.66420555
Little Reef (19-157),149.57910156,-19.66706085
U/N Reef (19-158),149.69174194,-19.67049789
U/N Reef (19-255),149.762146,-19.78988457
U/N Reef (19-256),149.76325989,-19.79142189
U/N Reef (19-257),149.76641846,-19.72271729
U/N Reef (19-258),149.77563477,-19.72782707
U/N Reef (19-259),149.79785156,-19.5679512
U/N Reef (19-260),149.83598328,-19.95151711
U/N Reef (19-261),149.84414673,-19.93984032
U/N Reef (19-262),149.87124634,-19.60515594
U/N Reef (19-263),149.88063049,-19.62174797
U/N Reef (19-264),149.90777588,-19.67838669
U/N Reef (19-265),149.918396,-19.65096664
U/N Reef (19-266),149.94993591,-19.66402626
Shrimp Reef (18-118),148.05303955,-18.96915054
Lion Reef (18-119),148.37664795,-18.95051575
Jaguar Reef (18-120),148.42677307,-18.9756794
Hall Reef (North) (18-121a),147.51361084,-18.63195801
Hall Reef (South) (18-121b),147.48963928,-18.67331696
U/N Reef (18-122),148.54544067,-18.92514992
U/N Reef (18-123),148.48419189,-18.98755074
U/N Reef (18-124),147.39006042,-18.3849144
Gould Reef (No 1) (19-072a),148.77920532,-19.37535858
Gould Reef (No 2) (19-072b),148.72174072,-19.4563446
Gould Reef (No 3) (19-072c),148.73600769,-19.50256348
Gould Reef (No 4) (19-072d),148.78492737,-19.49802017
Slate Reef (19-159),149.92649841,-19.66704559
U/N Reef (19-160),149.95227051,-19.65864372
U/N Reef (19-161),149.65237427,-19.6830101
U/N Reef (19-162),149.52592468,-19.68199158
U/N Reef (19-163),149.53811646,-19.69139862
U/N Reef (19-164),149.72843933,-19.68892097
Rib Reef (18-032),146.8711853,-18.48267555
Pith Reef (18-033),147.01611328,-18.20892143
Myrmidon Reef (18-034),147.38424683,-18.26569939
Thread Shoal (18-035),147.17472839,-18.34340477
Urchin Shoal (18-036),147.08123779,-18.34713173
U/N Reef (18-125),147.41734314,-18.54785347
U/N Reef (18-126),147.44174194,-18.55168343
U/N Reef (18-127),147.47769165,-18.56454659
U/N Reef (18-128),147.58180237,-18.42511177
U/N Reef (18-129),147.80171204,-18.49124527
U/N Reef (18-130),148.09921265,-18.82547188
U/N Reef (18-131),148.12013245,-18.78942108
U/N Reef (18-132),148.18132019,-18.82021141
U/N Reef (18-133),148.245224,-18.84744453
U/N Reef (18-134),148.29475403,-18.87655067
Gould Reef (No 5) (19-072e),148.7893219,-19.4530983
U/N Reef (19-073),148.99861145,-19.41063881
Cobham Reef (North) (19-074a),148.87091064,-19.39793015
Cobham Reef (South) (19-074b),148.85443115,-19.43570137
U/N Reef (19-165),149.80114746,-19.69753647
U/N Reef (19-166),149.90956116,-19.69875526
Thatch Reef (19-167),149.97798157,-19.69270134
U/N Reef (19-168),149.61073303,-19.71202278
U/N Reef (19-169),149.61276245,-19.72046471
U/N Reef (19-170),149.68640137,-19.70529366
U/N Reef (19-171),149.74281311,-19.70845795
U/N Reef (19-172),149.75904846,-19.71062469
Needle Reef (18-037),147.2053833,-18.36123848
Thimble Shoal (18-038),147.2587738,-18.37366486
Dip Reef (18-039),147.44873047,-18.41375351
Arab Reef (18-040),147.13941956,-18.41486359
Faraday Reef (18-041),147.34922791,-18.42234421
Roxburgh Reef (18-042),147.05809021,-18.43182755
Fore And Aft Reef (18-043),147.03765869,-18.50482941
U/N Reef (18-135),148.39254761,-18.87726212
U/N Reef (18-136),148.44256592,-18.89353371
U/N Reef (18-137),148.48335266,-18.90562248
U/N Reef (18-138),146.9695282,-18.15676689
U/N Reef (18-139),146.97866821,-18.14605331
U/N Reef (18-800),146.34620667,-18.93754005
Bramble Rock Reef (19-001),146.62770081,-19.0226078
Martin Reef (19-075),148.82408142,-19.4805069
Showers Reef (19-076),148.89859009,-19.49141884
U/N Reef (19-077),149.02012634,-19.20467186
U/N Reef (19-078),149.09428406,-19.22669411
U/N Reef (19-079),149.09663391,-19.27848244
U/N Reef (19-080),149.06382751,-19.28318977
U/N Reef (19-173),149.76667786,-19.7116375
U/N Reef (19-174),149.807724,-19.71658516
U/N Reef (19-175),149.92483521,-19.70869827
U/N Reef (19-176),149.97590637,-19.71895981
Crab Reef (19-177),149.70863342,-19.7245388
U/N Reef (19-178),149.96109009,-19.73672485
Howse Reef (19-179),149.78657532,-19.74257851
Westmoreland Reef (18-044),147.10232544,-18.49254036
Cotton Shoal (18-045),147.3999939,-18.47879601
Coil Reef (18-046),147.5223999,-18.43486214
Pelorus (North Palm or Yanooa) Reef (18-048),146.48890686,-18.5564518
Herald Island Reef (19-002),146.62962341,-19.0282917
Lorne Reef (19-004),146.5867157,-19.03454971
Paluma Shoals (19-005),146.56114197,-19.09809113
Orchard Rocks Reef (19-006),146.88076782,-19.10871315
Ellen Reef (19-081),149.24351501,-19.31081772
Elizabeth Reef (19-082),149.04302979,-19.32583809
U/N Reef (19-083),149.18797302,-19.33321953
U/N Reef (19-084),149.21507263,-19.34224129
U/N Reef (19-085),149.15846252,-19.35162735
U/N Reef (19-086),149.02552795,-19.35000229
U/N Reef (19-087),149.03140259,-19.37111664
U/N Reef (19-088),149.09709167,-19.35921288
U/N Reef (19-089),149.11444092,-19.36029816
Gargoyle Reef (19-180),149.68336487,-19.74087906
U/N Reef (19-181),149.61726379,-19.75793076
U/N Reef (19-182),149.72958374,-19.75511932
U/N Reef (19-183),149.65403748,-19.75805664
U/N Reef (19-184),149.65615845,-19.76452446
U/N Reef (19-185),149.65937805,-19.76601601
U/N Reef (19-186),149.72521973,-19.76840973
Hewitt Reef (19-187),149.62379456,-19.78406334
U/N Reef (19-188),149.76205444,-19.78318405
Orpheus (Goolboddi) Island Reef (No 3) (18-049c),146.489151,-18.65820313
Lady Elliot Reef (18-050),146.33102417,-18.6824894
Pandora Reef (18-051),146.43373108,-18.81227303
Magnetic Island Reef (No 3) (19-009d),146.88096619,-19.12154007
Magnetic Island Reef (No 4) (19-009e),146.88215637,-19.11715317
U/N Reef (19-090),149.07164001,-19.37266159
Eulalie Reef (19-091),149.41616821,-19.34141922
U/N Reef (19-092),149.18487549,-19.36894798
U/N Reef (19-093),149.03660583,-19.39489746
U/N Reef (19-094),149.45074463,-19.44294167
U/N Reef (19-095),149.22598267,-19.45908928
U/N Reef (19-189),149.69541931,-19.79045868
U/N Reef (19-190),149.70526123,-19.8054924
U/N Reef (19-191),149.72145081,-19.8028698
U/N Reef (19-192),149.61602783,-19.81798172
U/N Reef (19-193),149.73262024,-19.83778763
Middle Reef (19-011),146.81465149,-19.19767761
Virago Shoal (19-012),146.79325867,-19.20972633
Salamander Reef (19-013),147.06556702,-19.17939186
Kennedy Reef (19-096),149.15634155,-19.45158958
Net Reef (19-097),149.05377197,-19.49880409
U/N Reef (19-194),149.77648926,-19.82637787
Napier Reef (19-195),149.89492798,-19.84568024
U/N Reef (19-196),149.59968567,-19.85923386
Ross Reef (19-197),149.58132935,-19.87267685
U/N Reef (19-198),149.71878052,-19.87999916
U/N Reef (19-199),149.69760132,-19.89555359
Bray Reef (19-016),147.06283569,-19.24640274
Bowden Reef (19-019),147.92767334,-19.03274727
Morinda Shoal (19-020),147.6365509,-19.14126396
Tink Shoal (19-021),147.85797119,-19.36170387
Wilson Shoal (19-022),147.94281006,-19.35899925
Wansfell Reef (19-098),149.11933899,-19.50007629
Joist Reef (19-099),149.63226318,-19.46017265
Camp Reef (19-102),147.89576721,-19.8535881
Holbourne Island Reef (No 1) (19-103a),148.35734558,-19.72500038
U/N Reef (19-200),149.8289032,-19.91683769
U/N Reef (19-201),149.77935791,-19.94067192
U/N Reef (19-202),149.79165649,-19.92757034
U/N Reef (19-203),149.745224,-19.94345474
Round Reef (19-204),149.62385559,-19.96522522
Eclipse (Garoogubbee) Reef (18-058),146.55006409,-18.76878738
Esk (Soopun) Reef (18-059),146.52073669,-18.77420425
Barber (Boodthean) Reef (18-061),146.6660614,-18.77711105
Brisk-Falcon Reef (18-062),146.53538513,-18.77733803
Fly Island Reef (18-064),146.52542114,-18.82943153
Pakhoi Bank (19-023),147.88291931,-19.44683075
Prawn Reef (19-024),148.09669495,-19.02057266
Castor Reef (19-025),148.34069824,-19.01529503
U/N Reef (19-026),148.42927551,-19.03603363
Pollux Reef (19-027),148.30413818,-19.04730606
Shell Reef (19-028),148.18159485,-19.05929375
Mid Reef (19-029),148.0774231,-19.07060051
Holbourne Island Reef (No 2) (19-103b),148.36372375,-19.7290554
Middle Island Reef (19-106),148.36381531,-19.98838997
Tideway Reef (No 1) (19-205a),149.72459412,-20.01020241
Tideway Reef (No 2) (19-205b),149.75500488,-19.99752617
Tideway Reef (No 3) (19-205c),149.73295593,-19.97673225
U/N Reef (19-206),150.00669861,-19.70957565
Acheron Reef (18-066),146.63087463,-18.96382713
Phillips Reef (18-067),146.6191864,-18.97616577
Cordelia Rocks Reef (18-068),146.68490601,-18.99560356
Backnumbers Reef (18-069a),147.14831543,-18.50876045
Braggs Reef (18-069b),147.1398468,-18.54733849
U/N Reef (19-030),148.20133972,-19.08122635
Crotan Reef (19-031),148.23110962,-19.07741928
U/N Reef (19-032),148.24681091,-19.09322357
U/N Reef (19-033),148.26704407,-19.09339714
Tabias Reef (19-034),148.28695679,-19.09561729
U/N Reef (19-035),148.46107483,-19.08310509
U/N Reef (19-036),148.32249451,-19.09608269
U/N Reef (19-037),148.30632019,-19.10439682
Dingo Reef (No 1) (19-038a),148.29811096,-19.19438744
Seagull Reef (19-107),148.97894287,-19.5239315
U/N Reef (19-108),148.8815155,-19.53052902
Fairey Reef (No 1) (19-109a),148.94335938,-19.53862
Fairey Reef (No 2) (19-109b),148.93582153,-19.56092834
Hyde Reef (19-207),150.08551025,-19.75622559
U/N Reef (19-208),150.1234436,-19.78590012
Rebe Reef (19-209),150.15289307,-19.79887581
U/N Reef (19-210),150.09761047,-19.81380081
Arc Reef (18-070),147.44549561,-18.49704361
Glow Reef (18-071),147.40255737,-18.52807808
French Reef (18-072),147.23179626,-18.54670715
Hopkinson Reef (18-073),147.19277954,-18.55063438
Yankee Reef (18-074),147.49894714,-18.56134033
John Brewer Reef (18-075),147.05296326,-18.63109779
Helix Reef (18-076),147.2984314,-18.62459183
Grub Reef (18-077),147.42596436,-18.62554359
Dingo Reef (No 2) (19-038b),148.3894043,-19.16968155
Dingo Reef (No 3) (19-038c),148.29582214,-19.14525986
Dingo Reef (No 4) (19-038d),148.34477234,-19.11131477
Dingo Reef (No 5) (19-038e),148.3848114,-19.12049294
Fairey Reef (No 3) (19-109c),148.94422913,-19.57868195
Rattray Reef (19-110),148.55473328,-19.99648857
U/N Reef (19-111),149.22164917,-19.51968384
U/N Reef (19-112),149.23088074,-19.53125954
U/N Reef (19-113),149.00218201,-19.52801323
Wackett Reef (19-211),150.07618713,-19.82304573
Oom Reef (19-212),150.18334961,-19.82825089
U/N Reef (19-213),150.10075378,-19.83302116
Wyatt Earp Reef (19-214),150.21989441,-19.86567879
Sharon Shoal (No 1) (19-215a),150.28781128,-19.87928772
Sharon Shoal (No 2) (19-215b),150.28036499,-19.86578751
Sharon Shoal (No 3) (19-215c),150.29707336,-19.85360909
Lodestone Reef (18-078),147.10308838,-18.69019508
Keeper Reef (18-079),147.26829529,-18.74611664
Bowl Reef (18-080),147.53889465,-18.49941254
Knife Reef (18-081),147.57148743,-18.57635307
Cowboys Reef (18-082),147.84124756,-18.5816021
Fork Reef (18-083),147.55445862,-18.6082859
Dingo Reef (No 6) (19-038f),148.472229,-19.13640022
U/N Reef (19-039),148.18856812,-19.12188721
U/N Reef (19-040),148.18035889,-19.13153839
U/N Reef (19-041),148.15959167,-19.18313789
U/N Reef (19-042),148.07209778,-19.19550705
U/N Reef (19-114),149.04370117,-19.53903961
U/N Reef (19-115),149.03916931,-19.5559063
Knuckle Reef (19-116),149.27287292,-19.53398705
U/N Reef (19-117),149.36636353,-19.53208733
U/N Reef (19-118a),149.39524841,-19.53289223
U/N Reef (19-118b),149.38755798,-19.53765297
U/N Reef (19-118c),149.38973999,-19.51598167
U/N Reef (19-118d),149.39117432,-19.53505135
Sharon Shoal (No 4) (19-215d),150.30505371,-19.87081337
U/N Reef (19-216),150.24853516,-19.88918304
U/N Reef (19-217),150.29302979,-19.8934269
Williams Reef (19-218),150.16259766,-19.90272141
Conder Reef (19-219),150.19985962,-19.92139053
Cup Reef (North) (18-084a),147.63328552,-18.6073761
Cup Reef (South) (18-084b),147.59799194,-18.64159966
Saucer Reef (18-084c),147.61497498,-18.65775681
Spoon Reef (North) (18-085a),147.56567383,-18.65759468
Spoon Reef (South) (18-085b),147.56385803,-18.66860008
Chicken Reef (18-086),147.71723938,-18.64651299
Anzac Reefs (No 1) (18-087),147.85687256,-18.6938839
Darley Reef (19-043),148.18327332,-19.19681931
Faith Reef (19-044),148.349823,-19.27865601
Stanley Reef (19-045),148.0796814,-19.29451752
U/N Reef (19-118e),149.39642334,-19.54352951
U/N Reef (19-118f),149.39776611,-19.52812576
U/N Reef (19-119),149.37538147,-19.54483604
Outlier Reef (19-120),149.35287476,-19.54730606
U/N Reef (19-121),149.43383789,-19.54832458
U/N Reef (19-122),149.24784851,-19.57890129
U/N Reef (19-123),149.23719788,-19.58856964
U/N Reef (19-124),149.49443054,-19.57124138
White Tip Reef (19-220),150.27107239,-19.91143227
Bond Reef (19-221),150.313797,-19.92573357
Abott Reef (19-222),150.33111572,-19.93745041
U/N Reef (19-223),150.17866516,-19.9426136
U/N Reef (19-224),150.33477783,-19.94491577
U/N Reef (19-225),150.34921265,-19.95414543
Kerwin Reef (19-226),150.20741272,-19.95633316
Centipede Reef (18-088),147.54231262,-18.72175407
Anzac Reefs (No 2) (18-089),147.88897705,-18.72080612
Anzac Reefs (No 3) (18-090),147.84161377,-18.73146439
Lynchs Reef (18-091),147.70838928,-18.7698307
Anzac Reefs (No 4) (18-092),147.94596863,-18.75042152
Anzac Reefs (No 5) (18-093),147.93412781,-18.76456451
Anzac Reefs (No 6) (18-094),147.8735199,-18.77412605
Hope Reef (19-046),148.43589783,-19.32163239
Charity Reef (19-047),148.33796692,-19.36690331
Old Reef (19-048),148.08943176,-19.38344193
Lynx Reef (19-049),148.56391907,-19.03156471
Leopard Reef (19-050),148.69210815,-19.0863533
U/N Reef (19-051),148.68882751,-19.11245728
U/N Reef (19-052),148.90682983,-19.1192894
U/N Reef (19-125),149.41349792,-19.58921623
U/N Reef (19-126),149.4180603,-19.64511299
Block Reef (19-127),149.3734436,-19.69941521
Line Reef (19-128),149.18353271,-19.68999863
U/N Reef (19-129),149.30276489,-19.75041771
U/N Reef (20-608),150.5904541,-20.05313492
U/N Reef (20-609),150.60531616,-20.10505867
U/N Reef (20-610),150.61213684,-20.02293968
U/N Reef (20-611),150.61270142,-20.10313225
U/N Reef (20-612),150.61543274,-20.07840347
U/N Reef (20-613),150.62149048,-20.10549545
U/N Reef (20-614),150.6337738,-20.10962868
U/N Reef (20-615),150.64399719,-20.07323074
U/N Reef (20-616),150.64480591,-20.09158707
U/N Reef (20-617),150.6627655,-20.14331055
U/N Reef (20-618),150.67626953,-20.15525246
U/N Reef (20-619),150.68218994,-20.14110184
Elamang Reef (21-046),149.66429138,-21.47134399
Still Reef (21-047),149.92475891,-21.47615433
Henderson Reef (21-048),149.91114807,-21.48144341
U/N Reef (20-342),150.95428467,-20.76789093
U/N Reef (20-343),150.90751648,-20.76881027
U/N Reef (20-344),150.89642334,-20.78035736
U/N Reef (20-345),150.81411743,-20.79827118
U/N Reef (20-346),150.89346313,-20.8062191
U/N Reef (20-347),150.98609924,-20.86349106
U/N Reef (20-348),150.95317078,-20.88706779
U/N Reef (20-349),150.62315369,-20.90464211
U/N Reef (20-350),151.00337219,-20.83214569
U/N Reef (20-444),152.17593384,-20.92093468
U/N Reef (20-445),152.21174622,-20.91632843
U/N Reef (20-446),152.22273254,-20.92043114
U/N Reef (20-447),152.22897339,-20.94096184
U/N Reef (20-448),152.23457336,-20.92226219
U/N Reef (20-449),152.24623108,-20.92517471
U/N Reef (20-450),152.25849915,-20.93284798
U/N Reef (20-451),152.32730103,-20.96430588
U/N Reef (20-625),148.66650391,-20.19644928
Keelan Reef (21-049),149.9203949,-21.4895401
Noel Reef (21-050),149.89349365,-21.49390602
Penn Reef (21-051),149.92967224,-21.49528885
Digby Reef (21-052),149.91355896,-21.49962997
Pompey Reef (No 1) (20-351a),150.53518677,-20.9407692
Pompey Reef (No 2) (20-351b),150.52845764,-20.98368073
Pompey Reef (No 3) (20-351c),150.52096558,-21.01173019
U/N Reef (20-352),150.65899658,-20.95217323
U/N Reef (20-353),150.91795349,-20.96454239
U/N Reef (20-452),150.51475525,-20.18414879
U/N Reef (20-453),150.55622864,-20.35976982
U/N Reef (20-454),150.55969238,-20.32524681
U/N Reef (20-455),150.56265259,-20.32019615
U/N Reef (20-456),150.57772827,-20.4428997
U/N Reef (20-457),150.58520508,-20.21082687
U/N Reef (20-458),150.58978271,-20.44947815
U/N Reef (20-459),150.59481812,-20.37755775
U/N Reef (20-460),150.60174561,-20.58701515
U/N Reef (20-626),148.67433167,-20.18635941
Sandpiper Reef (21-053),150.08183289,-21.02591896
Prince Reef (21-054),150.25622559,-21.06552696
Alarm Reef (21-055),150.23887634,-21.11513329
U/N Reef (21-056a),150.5085907,-21.05124092
U/N Reef (21-056b),150.45472717,-21.07901001
U/N Reef (20-354),150.95201111,-20.97310638
U/N Reef (20-355),151.01493835,-20.53880119
U/N Reef (20-356),151.08761597,-20.53092194
U/N Reef (20-357),151.00131226,-20.61915016
U/N Reef (20-358),151.03184509,-20.63998795
U/N Reef (20-359),151.04504395,-20.65534019
U/N Reef (20-360),151.01408386,-20.67880058
U/N Reef (20-361),150.9949646,-20.69497871
U/N Reef (20-362),151.03617859,-20.68518829
U/N Reef (20-363),151.0743103,-20.66946983
U/N Reef (20-461),150.60600281,-20.2727375
U/N Reef (20-462),150.6085968,-20.32735062
U/N Reef (20-463),150.63018799,-20.44201088
U/N Reef (20-464),150.63145447,-20.37263298
U/N Reef (20-465),150.6325531,-20.38067055
U/N Reef (20-466),150.63529968,-20.26913643
U/N Reef (20-467),150.63607788,-20.37752151
U/N Reef (20-468),150.63743591,-20.23855591
U/N Reef (20-469),150.65040588,-20.49994469
U/N Reef (20-470),150.67713928,-20.47095871
U/N Reef (20-471),150.67860413,-20.48099518
U/N Reef (21-056c),150.42358398,-21.05682755
U/N Reef (21-056d),150.48957825,-21.04085922
U/N Reef (21-057),150.48146057,-21.12298584
Vernon Rocks Reef (21-058),150.3092804,-21.46756744
U/N Reef (20-364),151.08856201,-20.69314384
U/N Reef (20-365),151.06295776,-20.69101715
U/N Reef (20-366),151.11099243,-20.71712112
U/N Reef (20-367),151.15357971,-20.7178154
U/N Reef (20-368),151.15126038,-20.73327637
Cockatoo Reef (No 1) (20-369a),151.01576233,-20.74736214
Cockatoo Reef (No 2) (20-369b),150.99488831,-20.70257759
Cockatoo Reef (No 3) (20-369c),151.04144287,-20.71847916
Cockatoo Reef (No 4) (20-369d),151.04820251,-20.72468758
U/N Reef (20-472),150.68087769,-20.24599648
U/N Reef (20-473),150.69012451,-20.48028755
U/N Reef (20-474),150.69316101,-20.46883392
U/N Reef (20-475),150.69999695,-20.17978096
U/N Reef (20-476),150.70730591,-20.46684074
U/N Reef (20-477),150.71562195,-20.52830124
U/N Reef (20-478),150.72010803,-20.46941948
U/N Reef (20-479),150.72210693,-20.62629128
U/N Reef (20-480),150.72412109,-20.22906494
U/N Reef (20-642),148.93348694,-20.3204937
U/N Reef (20-800),149.98268127,-20.30686188
(Big) Stevens Reef (20-295),150.12597656,-20.57020569
Liff Reef (20-296),150.24191284,-20.51556396
Creal Reef (20-297),150.38142395,-20.53423691
Rip Reef (20-370a),151.06796265,-20.80563736
U/N Reef (20-370b),151.05781555,-20.88191795
U/N Reef (20-371),151.08732605,-20.80488396
U/N Reef (20-372),151.19795227,-20.76546669
U/N Reef (20-373),151.19706726,-20.77748299
U/N Reef (20-374),151.15711975,-20.79952049
U/N Reef (20-375),151.00276184,-20.81661987
U/N Reef (20-481),150.73225403,-20.21859932
U/N Reef (20-482),150.7336731,-20.46549034
U/N Reef (20-483),150.73698425,-20.42467499
U/N Reef (20-484),150.73745728,-20.2263031
U/N Reef (20-485),150.73765564,-20.43253517
U/N Reef (20-486),150.74639893,-20.35470009
U/N Reef (20-487),150.74743652,-20.41424179
U/N Reef (20-488),150.75558472,-20.44333839
U/N Reef (20-489),150.76071167,-20.4205246
U/N Reef (20-490),150.7641449,-20.40253448
Warland Reef (20-298),150.38172913,-20.60163498
U/N Reef (20-299a),150.43440247,-20.60325623
U/N Reef (20-299b),150.38963318,-20.64429283
U/N Reef (20-376),151.18582153,-20.86876297
Olympic Reef (20-377),151.22941589,-20.84253693
U/N Reef (20-378a),151.24801636,-20.86843872
U/N Reef (20-378b),151.23944092,-20.92861366
U/N Reef (20-491),150.76615906,-20.15852928
U/N Reef (20-492),150.76966858,-20.40394783
U/N Reef (20-493),150.77006531,-20.20286369
U/N Reef (20-494),150.77278137,-20.70088959
U/N Reef (20-495),150.77822876,-20.45646095
U/N Reef (20-496),150.77981567,-20.70519066
U/N Reef (20-497),150.77983093,-20.57594681
Southampton Reef (20-299c),150.45018005,-20.64879608
Briggs Reef (No 1) (20-299d),150.45161438,-20.68408012
Briggs Reef (No 2) (20-299e),150.45111084,-20.67592812
Briggs Reef (No 3) (20-299f),150.44659424,-20.68468094
Briggs Reef (No 4) (20-299g),150.44894409,-20.68940353
U/N Reef (20-299h),150.45669556,-20.68958282
U/N Reef (20-299j),150.46110535,-20.69063568
U/N Reef (20-379),151.19142151,-20.90111923
U/N Reef (20-380),151.04281616,-20.91514969
U/N Reef (20-381),151.33424377,-20.83993912
U/N Reef (20-382),151.30485535,-20.88574791
U/N Reef (20-383),151.21084595,-20.93144608
U/N Reef (20-384),151.20602417,-20.89480209
U/N Reef (20-385),151.32629395,-20.94240761
U/N Reef (20-498),150.78256226,-20.41401482
U/N Reef (20-499),150.79714966,-20.20373344
U/N Reef (20-500),150.79832458,-20.56061745
U/N Reef (20-501),150.80343628,-20.3007412
U/N Reef (20-502),150.84185791,-20.59078407
U/N Reef (20-503),150.84187317,-20.24764824
U/N Reef (20-504),150.85157776,-20.26314926
U/N Reef (20-505),150.87559509,-20.59356499
U/N Reef (20-506),150.87902832,-20.58362961
U/N Reef (20-300),150.46575928,-20.63415337
Cole Reefs (No2) (20-301a),150.23072815,-20.6812706
Cole Reefs (No3) (20-301b),150.28713989,-20.65514565
Cole Reefs (No1) (20-302),150.18609619,-20.70088959
U/N Reef (20-303),150.41532898,-20.68364525
U/N Reef (20-386),151.18351746,-20.96024895
U/N Reef (20-387),151.24668884,-20.97012901
U/N Reef (20-388a),151.35620117,-20.95941734
U/N Reef (20-388b),151.34489441,-21.01217842
U/N Reef (20-388c),151.33882141,-20.9841404
Neville Coleman Reef (20-389),151.40336609,-20.96608734
U/N Reef (20-390),151.30265808,-20.98554993
U/N Reef (20-507),150.8793335,-20.30348587
U/N Reef (20-508),150.89068604,-20.64827156
U/N Reef (20-509),150.89207458,-20.62711716
U/N Reef (20-510),150.89251709,-20.63371086
U/N Reef (20198),150.89404297,-20.43728828
U/N Reef (20-512),150.89437866,-20.57236481
U/N Reef (20-513),150.89878845,-20.64043999
U/N Reef (20-854),149.94174194,-20.04980278
Oom Shoal (21-002),149.30378723,-21.05428314
Slade (Oyster) Island Reef (21-004),149.24345398,-21.09716797
Downward Patches (No 1) (21-005a),149.29124451,-21.12581825
McIntyre Reef (20-304),150.4682312,-20.71710205
Goble Reefs (East) (20-305),150.4846344,-20.78170204
Goble Reefs (West) (20-306),150.45376587,-20.80457306
Chauvel Reefs (North) (20-307),150.37608337,-20.81850624
U/N Reef (20-391),151.47769165,-20.99131012
U/N Reef (20-392),151.96899414,-20.88855743
U/N Reef (20-393),152.17993164,-20.93001175
U/N Reef (20-394),152.07206726,-20.94542694
U/N Reef (20-395),152.25144958,-20.96151733
Newell Reef (20-396),152.27848816,-20.9671917
U/N Reef (20-514),150.89953613,-20.6640892
U/N Reef (20-515),150.90023804,-20.6577301
U/N Reef (20-516),150.90068054,-20.64913177
U/N Reef (20-517),150.90887451,-20.68639565
U/N Reef (20-518),150.91062927,-20.64838219
U/N Reef (20-519),150.91371155,-20.6439476
U/N Reef (20-520),150.92817688,-20.83177948
U/N Reef (20-521),150.93312073,-20.36883736
U/N Reef (20-522),150.94854736,-20.44281387
Downward Patches (No 2) (21-005b),149.29116821,-21.13578224
Downward Patches (No 3) (21-005c),149.28883362,-21.14499474
Downward Patches (No 4) (21-005d),149.29614258,-21.15441513
Downward Patches (No 5) (21-005e),149.3164978,-21.16030502
Downward Patches (No 6) (21-005f),149.28651428,-21.1625309
Downward Patches (No 7) (21-005g),149.31059265,-21.17144203
Dangerous Reef (21-006),149.24497986,-21.13315773
Flat Top Reef (21-007),149.23910522,-21.16073608
Chauvel Reefs (South) (20-308),150.37882996,-20.85866737
Tern Reef (20-309),150.03265381,-20.90947533
Bushy-Redbill Reef (20-310),150.08032227,-20.96219444
U/N Reef (20-397),152.395401,-20.98940277
U/N Reef (20-398),152.06420898,-20.98535919
U/N Reef (20-399),152.08602905,-20.9924736
U/N Reef (20-400),152.11026001,-21.00201988
Deliverance Bank (20-401),150.40492249,-20.01510048
Sheriff Shoal (20-402),150.14631653,-20.24425697
U/N Reef (20-523),150.95367432,-20.39195442
U/N Reef (20-524),150.96955872,-20.41433525
U/N Reef (20-527),150.98086548,-20.79942322
U/N Reef (20-531),150.98748779,-20.43544197
U/N Reef (20-540),151.01452637,-20.81394577
U/N Reef (20-543),151.02200317,-20.47303963
U/N Reef (20-545),151.03488159,-20.55537224
U/N Reef (20-546),151.03692627,-20.48509979
U/N Reef (20-548),151.05152893,-20.49710083
U/N Reef (20-370d),151.06800842,-20.86791801
Round Top Reef (21-009),149.26547241,-21.17368317
Dudgeon Ledge (21-012),149.26849365,-21.2673378
Highwater Reef (21-014),149.30187988,-21.29310036
Victor Reef (21-015),149.32537842,-21.32810211
U/N Reef (20-311),150.71107483,-20.51370049
U/N Reef (20-312),150.86186218,-20.51245499
U/N Reef (20-313),150.80178833,-20.52220154
U/N Reef (20-314),150.75843811,-20.52812195
U/N Reef (20-315a),150.56150818,-20.56393242
U/N Reef (20-315b),150.57614136,-20.54076958
U/N Reef (20-315c),150.59217834,-20.56747246
U/N Reef (20-316),150.75408936,-20.54816246
U/N Reef (20-317),150.72323608,-20.56340408
U/N Reef (20-318),150.77337646,-20.56638336
Pigeon Reef (20-403),148.69567871,-20.26680374
U/N Reef (20-404),149.00695801,-20.40604973
Coppersmith Reef (20-407),149.11599731,-20.59808922
U/N Reef (20-370c),151.07331848,-20.86066246
U/N Reef (20-553),151.07522583,-20.80616951
U/N Reef (20-555),151.10552979,-20.82013512
U/N Reef (20-556),151.10614014,-20.70207977
U/N Reef (20-557),151.12008667,-20.55818939
U/N Reef (20-558),150.61302185,-20.98432922
U/N Reef (20-559),150.72483826,-20.98160744
U/N Reef (20-560),151.20596313,-20.84147453
U/N Reef (20-561),151.22149658,-20.94626999
U/N Reef (20-562),151.25067139,-20.94625282
U/N Reef (20-563),151.26280212,-20.94341278
Freshwater Point Reef (21-019),149.33747864,-21.42988205
Cullen Reef (21-020),149.49171448,-21.42358971
Irving Island Reef (21-021),149.45828247,-21.45476913
Phillips Reef (21-022),149.49397278,-21.46794701
Taffy Reef (21-023),149.39144897,-21.4749527
U/N Reef (20-319),150.82226563,-20.56455612
U/N Reef (20-320),150.83853149,-20.56871796
U/N Reef (20-321),150.99772644,-20.55450821
U/N Reef (20-322),150.74586487,-20.57420349
U/N Reef (20-323),150.86479187,-20.58458519
U/N Reef (20-324),150.76675415,-20.59622574
Plum Pudding Reef (20-409),148.93943787,-20.33461189
U/N Reef (20-410),151.50724792,-20.86816406
U/N Reef (20-411),151.52870178,-20.96113777
U/N Reef (20-412),151.55200195,-20.89334869
U/N Reef (20-564),151.2635498,-20.80905342
U/N Reef (20-565),151.29762268,-20.82970047
U/N Reef (20-566),151.36462402,-20.99393082
U/N Reef (20-567),151.3704071,-20.99651337
U/N Reef (20-568),151.37101746,-20.95566177
U/N Reef (20-569),151.37931824,-20.99149513
U/N Reef (20-570),151.39772034,-20.86470604
Bailey Reef (21-026),149.54754639,-21.03016663
Snare Peak Reef (21-027),149.93554688,-21.1026268
Overfall Reef (21-029),149.63008118,-21.26690483
U/N Reef (20-325),150.73274231,-20.62347031
Molar Reef (20-326),150.80360413,-20.62533188
U/N Reef (20-327),150.85348511,-20.61770821
U/N Reef (20-328a),150.90185547,-20.61783409
U/N Reef (20-328b),150.91723633,-20.60783577
U/N Reef (20-413),151.56788635,-20.97740173
U/N Reef (20-414),151.58874512,-20.95644569
U/N Reef (20-415),151.6156311,-20.92254066
U/N Reef (20-416),151.65077209,-20.98627472
U/N Reef (20-417),151.66122437,-20.94258499
U/N Reef (20-418),151.66314697,-20.90677071
U/N Reef (20-419),151.70446777,-20.92920494
U/N Reef (20-420),151.72329712,-20.95382118
U/N Reef (20-421),151.73167419,-20.97829056
U/N Reef (20-422),151.76634216,-20.97468758
U/N Reef (20-571),151.40071106,-20.80971146
U/N Reef (20-572),151.44065857,-20.83052635
U/N Reef (20-573),151.4535675,-20.91462517
U/N Reef (20-574),151.45922852,-20.90550995
U/N Reef (20-575),151.4677124,-20.84673691
U/N Reef (20-576),151.47180176,-20.90851784
U/N Reef (20-577),151.47677612,-20.85103226
U/N Reef (20-578),151.4808197,-20.85873985
U/N Reef (20-579),151.33863831,-20.99990273
U/N Reef (20-580),150.44055176,-20.73745537
U/N Reef (20-581),150.45678711,-20.74164963
Reid Reef (21-033),149.65794373,-21.37103653
Double Island Reef (21-034),149.82962036,-21.37520409
U/N Reef (20-328c),150.91998291,-20.60360146
U/N Reef (20-328d),150.92333984,-20.60908508
U/N Reef (20-328e),150.92124939,-20.61368942
U/N Reef (20-328f),150.92050171,-20.6217823
U/N Reef (20-329),150.99299622,-20.6258564
U/N Reef (20-330),150.95521545,-20.63089561
U/N Reef (20-331),150.98155212,-20.64595985
U/N Reef (20-332),150.69894409,-20.66161537
U/N Reef (20-333),150.73539734,-20.6450882
U/N Reef (20-334),150.75244141,-20.63508606
U/N Reef (20-423),151.83525085,-20.93555069
U/N Reef (20-424),151.85232544,-20.95568848
U/N Reef (20-425),151.87095642,-20.9168663
U/N Reef (20-426),151.88716125,-20.90622902
U/N Reef (20-427),151.89633179,-20.9503479
U/N Reef (20-428),151.91262817,-20.89767838
U/N Reef (20-429),151.91775513,-20.88763618
U/N Reef (20-430),151.99798584,-20.88562012
U/N Reef (20-431),152.00146484,-20.89506721
U/N Reef (20-432),152.00643921,-20.89038467
U/N Reef (20-582),149.88685608,-20.00649834
U/N Reef (20-583),149.93470764,-20.17041779
U/N Reef (20-585),149.96046448,-20.016119
U/N Reef (20-586),149.96826172,-20.1468544
U/N Reef (20-587),149.97311401,-20.02596855
U/N Reef (20-588),150.06161499,-20.27863693
U/N Reef (20-589),150.31500244,-20.12468529
U/N Reef (20-590),150.37133789,-20.09990501
U/N Reef (20-591),150.37280273,-20.11018944
U/N Reef (20-592),150.37364197,-20.03268433
U/N Reef (20-593),150.37561035,-20.05285645
U/N Reef (20-594),150.38198853,-20.07411194
U/N Reef (20-595),150.38679504,-20.07428169
Lloyd Shoal (21-035),149.80760193,-21.38792419
Viscount Shoals (No 1) (21-036a),149.56774902,-21.41855431
Viscount Shoals (No 2) (21-036b),149.60491943,-21.41143227
Viscount Shoals (No 3) (21-036c),149.57620239,-21.47437286
Renou Reef (21-037),149.8213501,-21.43399429
U/N Reef (20-335),150.87376404,-20.67168617
U/N Reef (20-336),150.77612305,-20.68308258
U/N Reef (20-337),150.83422852,-20.6973896
U/N Reef (20-338),150.98252869,-20.67941666
U/N Reef (20-433),152.05332947,-20.89993668
U/N Reef (20-434),152.0632019,-20.89255142
U/N Reef (20-435),152.09536743,-20.98147583
U/N Reef (20-436),152.09779358,-20.93041801
U/N Reef (20-437),152.0980835,-20.91884804
U/N Reef (20-438),152.11157227,-20.91273308
U/N Reef (20-439),152.1171875,-20.91879845
U/N Reef (20-440),152.11880493,-20.95344162
U/N Reef (20-441),152.12875366,-20.97584534
U/N Reef (20-442),152.13276672,-20.91207886
U/N Reef (20-443),152.16029358,-20.92708778
U/N Reef (20-596),150.38920593,-20.10351753
U/N Reef (20-597),150.39678955,-20.07800102
U/N Reef (20-598),150.40330505,-20.10764122
U/N Reef (20-599),150.40617371,-20.04434967
U/N Reef (20-600),150.40953064,-20.14569473
U/N Reef (20-601),150.41300964,-20.14537239
U/N Reef (20-602),150.41438293,-20.13697052
U/N Reef (20-603),150.42497253,-20.03649902
U/N Reef (20-604),150.43196106,-20.06311798
U/N Reef (20-605),150.48876953,-20.23344612
U/N Reef (20-607),150.58302307,-20.06111145
Minster Reef (21-040),149.84820557,-21.44401741
Festing Shoal (21-041),149.70007324,-21.46792221
Beaver Shoal (21-043),149.82505798,-21.46681976
U/N Reef (20-339a),150.88397217,-20.7258606
U/N Reef (20-339b),150.93783569,-20.70666695
U/N Reef (20-340),150.76002502,-20.7081089
U/N Reef (20-341),150.82035828,-20.71379089
Aspatria Reef (20-280),149.46951294,-20.9298172
Wheatley Shoal (20-282),149.38874817,-20.9301033
Hesket Reef (20-284),149.48129272,-20.93557549
U/N Reef (20-184),150.70573425,-20.32145309
U/N Reef (20-185a),150.58442688,-20.35409737
U/N Reef (20-185b),150.59899902,-20.37162781
Thomas Reef (No 7) (20-234g),149.12593079,-20.5483284
Green Reef (20-285),149.15127563,-20.98583221
Parker Reef (20-286),149.7512207,-20.54230118
Credlin Reefs (East) (20-287),149.95120239,-20.54021454
Credlin Reefs (West) (20-288),149.9281311,-20.55967712
Shaw Island Reef (No 12) (20-102l),149.08908081,-20.42716217
U/N Reef (20-103),149.83068848,-20.01483345
U/N Reef (20-185c),150.65646362,-20.3503933
U/N Reef (20-186),150.71290588,-20.35417557
Muirhead Reef (20-187),150.75241089,-20.37828827
U/N Reef (20-188),150.80915833,-20.3495388
U/N Reef (20-189),150.6837616,-20.37080765
Fairlight Reef (20-235),149.13313293,-20.54910469
St Helen Reef (20-236),149.07771301,-20.55299568
Goldsmith Island Reef (No 1) (20-237a),149.15835571,-20.66488457
Calder Reef (20-289),149.62031555,-20.7711544
Three Rocks Reef (20-291),149.7386322,-20.95089912
Square Reef (20-105),149.81196594,-20.06409836
Peta Patches (No 1) (20-106a),149.94677734,-20.03615379
Peta Patches (No 2) (20-106b),149.94091797,-20.03160095
Peta Patches (No 3) (20-106c),149.94961548,-20.04051971
Peta Patches (No 4) (20-106d),149.95387268,-20.03426361
U/N Reef (20-107),149.94828796,-20.05765152
U/N Reef (20-108),149.95959473,-20.06146622
U/N Reef (20-109),149.93392944,-20.06256294
U/N Reef (20-190),150.85275269,-20.3475399
U/N Reef (20-191),150.86195374,-20.33255577
U/N Reef (20-192),150.58299255,-20.39775848
U/N Reef (20-193),150.61515808,-20.39672852
U/N Reef (20-194a),150.68527222,-20.41614914
U/N Reef (20-194b),150.722229,-20.40675163
U/N Reef (20-237g),149.1383667,-20.68164253
Skull Rock Reef (20-293),149.79806519,-20.98820686
(Little) Stevens Reef (20-294),150.05186462,-20.56435394
U/N Reef (20-110),149.92608643,-20.10170746
Edgell Reefs (No 2) (20-111),149.99215698,-20.05456161
Edgell Reefs (No 5) (20-112),149.93690491,-20.13447762
Ben Reef (20-113),150.32034302,-20.0068779
U/N Reef (20-114),150.26123047,-20.00705719
U/N Reef (20-194c),150.75178528,-20.4134388
U/N Reef (20-195),150.91146851,-20.41843987
U/N Reef (20-196),150.93112183,-20.41461182
U/N Reef (20-197),150.72619629,-20.44673729
U/N Reef (20-511),150.96466064,-20.5077076
Silversmith Reef (20-238),149.11140442,-20.5873909
Pincer Reef (20-239),149.09741211,-20.6816349
Surprise Rock Reef (20-083),149.02635193,-20.35513687
Little Bugatti (Wheatley) Reef (20-115),150.24302673,-20.02637672
Edgell Reefs (No 1) (20-116),150.01428223,-20.02371788
Edgell Reefs (No 3) (20-117),150.02389526,-20.06770706
U/N Reef (20-118),150.42706299,-20.05322075
U/N Reef (20-119),150.41664124,-20.08670807
Wup Reef (20-120),150.1955719,-20.102314
U/N Reef (20-121),150.3946228,-20.08385849
U/N Reef (20-122),150.4666748,-20.07352638
U/N Reef (20-199),150.84608459,-20.4727478
U/N Reef (20-200),150.60098267,-20.51828766
U/N Reef (20-201),150.71725464,-20.48584747
U/N Reef (20-202),150.82945251,-20.49589348
Defiance (Dalys) Island Reef (20-203),148.81898499,-20.50341606
Defiance Reefs (North) (20-204a),148.80897522,-20.5093708
Anchorsmith Reef (20-241),149.06381226,-20.61575127
Blackcombe Reef (20-242),149.18630981,-20.60095024
Anvil Reef (20-243),149.07249451,-20.62575722
Carondelet Reef (20-244),149.18162537,-20.61571884
Pentecost Reef (20-085),149.02851868,-20.39909172
U/N Reef (20-123),150.45010376,-20.07737732
U/N Reef (20-124),150.48168945,-20.08843803
U/N Reef (20-125),150.42700195,-20.12101555
U/N Reef (20-126),150.3855896,-20.15007591
Bugatti Reef (20-127),150.31651306,-20.10089111
Callum Shoal (20-1271),149.48223877,-20.14398956
Defiance Reefs (South) (20-204b),148.8079834,-20.51429367
Ripple Rocks Reef (20-206),148.9360199,-20.52799606
Blacksmith Reef (20-245),149.07106018,-20.64455032
Cole Island Reef (20-086),149.00692749,-20.42291832
Edgell Reefs (No 4) (20-128),150.00967407,-20.12045288
Henderson Reefs (20-129),150.07229614,-20.18974113
U/N Reef (20-130),150.36907959,-20.17415047
U/N Reef (20-131),150.4460144,-20.14126396
Cape Rock Reef (20-207),148.92578125,-20.54163551
North Repulse Reef (20-208),148.86227417,-20.58167458
Ladysmith Reef (20-247),149.08822632,-20.66256714
Locksmith Reef (20-248),149.15402222,-20.65238762
Geranium Shoal (20-249),149.22662354,-20.64629173
Bellows Reef (20-250),149.07073975,-20.66367722
Forge Reef (20-251),149.09495544,-20.67349815
Anne Island Reef (20-087),149.0161438,-20.42101097
Jester Reef (20-088),149.07202148,-20.14357948
U/N Reef (20-132),150.47200012,-20.19290543
East Repulse Reef (20-209),148.8772583,-20.59887123
South Repulse Reef (20-210),148.86727905,-20.6115799
U/N Reef (20-211),148.72213745,-20.62801933
Gould Island Reef (20-213),148.76011658,-20.67201614
Deloraine Reef (20-089),149.07093811,-20.1554451
Hunt Reef (20-134),150.10327148,-20.29578018
Robertson Reefs (No 1) (20-135),150.1325531,-20.3427887
Robertson Reefs (No 2) (20-136),150.06768799,-20.34972763
Midge Reef (20-214),148.75862122,-20.68675995
U/N Reef (20-215),148.74020386,-20.69613647
U/N Reef (20-216),148.77799988,-20.72959518
U/N Reef (20-217),148.79269409,-20.75107956
Cave Reef (20-219a),148.854599,-20.78241348
Tinsmith Reef (20-254),149.20103455,-20.6994648
Solder Reef (20-255),149.20654297,-20.69828606
U/N Reef (20-257a),149.14151001,-20.70630074
Robertson Reefs (No 3) (20-137),150.09606934,-20.34886932
Bax Reef (20-138),150.19795227,-20.34207344
Robertson Reefs (No 4) (20-139),150.07333374,-20.36850166
Nixon Reef (20-140),150.12530518,-20.40136719
U/N Reef (20-141),150.20149231,-20.40709114
Pigeon Reef (20-219b),148.84622192,-20.7902813
High Islands Reef (North) (20-220),148.8795929,-20.79493523
Ingot Island Reef (20-257b),149.13955688,-20.71051025
Specie Shoal (20-258),149.15490723,-20.72322655
Io Reef (20-259),149.12745667,-20.6935215
Bullion Rocks Reef (20-260),149.14888,-20.73909187
Coffin Reef (20-261),149.23240662,-20.73248672
Baynham Reef (20-091),149.10198975,-20.43533134
Sidney Reef (20-092),149.01005554,-20.44887733
U/N Reef (20-142),150.23667908,-20.40214539
U/N Reef (20-143),150.24058533,-20.44607544
Cannan Reef (20-144),150.15145874,-20.48106194
Packer Reefs (20-145),150.20411682,-20.47503471
Boulton Reef (20-146),150.2905426,-20.46800613
U/N Reef (20-147),150.54693604,-20.03048134
High Islands Reef (South) (20-221),148.87231445,-20.80475426
Low Rock Reef (20-223),148.88117981,-20.82216644
Croaker Reef (20-224),148.9004364,-20.82066154
Wigton Island Reef (No 1) (20-262a),149.46981812,-20.74207306
Wigton Island Reef (No 2) (20-262b),149.48461914,-20.74032211
Silloth Reef (20-263),149.43582153,-20.76638222
Allonby Reef (20-264),149.16169739,-20.7523632
Comston Reef (20-093),149.10635376,-20.46368217
U/N Reef (20-148),150.50775146,-20.07274246
U/N Reef (20-149),150.50328064,-20.08463478
U/N Reef (20-150),150.59725952,-20.06940842
U/N Reef (20-151),150.55441284,-20.07543945
U/N Reef (20-152),150.63119507,-20.08014488
U/N Reef (20-153),150.51235962,-20.09500122
U/N Reef (20-154),150.49714661,-20.10693741
U/N Reef (20-155),150.5774231,-20.10307503
U/N Reef (20-156),150.64422607,-20.12529755
U/N Reef (20-157),150.69058228,-20.14086533
U/N Reef (20-158),150.52101135,-20.1621685
U/N Reef (20-159),150.73529053,-20.16459656
U/N Reef (20-160),150.65863037,-20.16599655
Fish Reef (20-226),148.92710876,-20.84161949
Maryport Reef (20-266),149.27145386,-20.75952339
Edgell Rock Reef (20-267),149.27059937,-20.76460838
Baxendell Shoal (20-268),149.25952148,-20.77329445
Seaforth Reef (20-095),149.03579712,-20.46988106
Mansell Reef (20-096),149.12617493,-20.47132492
U/N Reef (20-161),150.53547668,-20.17991257
U/N Reef (20-162),150.62620544,-20.19049072
U/N Reef (20-163),150.56065369,-20.20084381
U/N Reef (20-164),150.6434021,-20.20532227
U/N Reef (20-165),150.71035767,-20.20387077
U/N Reef (20-166),150.54788208,-20.22480011
Mausoleum Reef (20-227),148.93980408,-20.86069298
Newry Reef (20-228),148.91867065,-20.84611511
Brush Island Reef (20-098),149.05448914,-20.48566628
Little Lindeman Reef (20-099),149.03184509,-20.4222908
U/N Reef (20-167),150.51272583,-20.2592411
U/N Reef (20-168),150.65402222,-20.23065948
U/N Reef (20-170),150.74523926,-20.24120331
U/N Reef (20-171),150.76490784,-20.2290287
Red Cliff Islands Reef (20-229),148.9598999,-20.87089729
Brampton Reef (20-270b),149.26695251,-20.81618309
Bolton Shoal (20-272),149.28140259,-20.84342575
Fantome Rocks (20-273),149.24380493,-20.86051369
Wedge Island Reef (20-275),149.05889893,-20.91724777
Hyde Rock Reef (20-276),149.35505676,-20.91358185
Triangle Island Reef (20-100),149.11103821,-20.49005127
Yellow Rock Reef (20-101),149.05995178,-20.47400475
U/N Reef (20-172),150.55963135,-20.28167725
U/N Reef (20-173),150.71105957,-20.25681114
U/N Reef (20-174),150.64257813,-20.27525139
U/N Reef (20-175),150.74005127,-20.25927925
U/N Reef (20-176),150.73773193,-20.27890587
U/N Reef (20-177),150.7565918,-20.26915741
U/N Reef (20-178),150.74182129,-20.30322075
Volskow Reef (20-231),149.08943176,-20.50634384
Keyser Reef (20-232),149.0846405,-20.52236366
U/N Reef (20-104),149.68804932,-20.03160477
U/N Reef (20-179),150.60791016,-20.30254555
U/N Reef (20-180),150.80413818,-20.28140259
U/N Reef (20-181),150.7931366,-20.29047394
U/N Reef (20-182),150.57829285,-20.33308029
U/N Reef (20-183),150.66720581,-20.32401657
Long Rock Reef (20-233),149.08735657,-20.53328514
U/N Reef (21-686),152.02770996,-21.64032745
U/N Reef (21-687),152.03353882,-21.67487335
U/N Reef (21-688),152.03479004,-21.66767883
U/N Reef (21-689),152.06750488,-21.69584274
U/N Reef (21-690),152.07788086,-21.63981628
U/N Reef (21-691),152.08085632,-21.63708687
U/N Reef (21-692),152.09902954,-21.43374825
U/N Reef (21-693),152.10012817,-21.56572914
U/N Reef (21-694),152.14205933,-21.64177513
U/N Reef (21-695),152.1434021,-21.63837433
U/N Reef (21-696),152.14532471,-21.54867554
McEwen Reef (22-015),149.59559631,-22.14301682
Pilot Reef (22-016),149.60649109,-22.1531086
Boyle Reef (22-017),149.84295654,-22.13786507
Long Island Reef (22-019),149.8684845,-22.21303177
U/N Reef (21-480),152.30207825,-21.57236671
U/N Reef (21-481),151.99967957,-21.57126045
U/N Reef (21-482),152.25517273,-21.57179642
U/N Reef (21-483),152.44194031,-21.57208824
U/N Reef (21-484),152.36824036,-21.57960129
U/N Reef (21-485),152.4072113,-21.57878304
U/N Reef (21-486),152.4046936,-21.59353256
Obstruction Reef (21-552),152.46665955,-21.96283913
U/N Reef (21-553),152.34693909,-21.97629929
U/N Reef (21-554),152.3745575,-21.97977829
U/N Reef (21-555),152.23217773,-21.97902107
Gannett Cay Reef (21-556),152.47738647,-21.98163605
U/N Reef (21-557),152.46405029,-21.98226166
U/N Reef (21-697),152.14778137,-21.64033318
U/N Reef (21-698),152.14984131,-21.91394997
U/N Reef (21-699),152.15141296,-21.63557816
U/N Reef (21-700),152.152771,-21.91041565
U/N Reef (21-701),152.15412903,-21.91856194
U/N Reef (21-702),152.16090393,-21.76275444
U/N Reef (21-703),152.16271973,-21.56134415
U/N Reef (21-704),152.1789856,-21.49692917
U/N Reef (21-705),152.2053833,-21.45944977
U/N Reef (21-706),152.20613098,-21.86235619
U/N Reef (21-707),152.2066803,-21.41665649
U/N Reef (21-487),152.32556152,-21.58952332
U/N Reef (21-488),152.07514954,-21.59158134
U/N Reef (21-489),152.19285583,-21.60378075
Turrum Reef (21-490),152.36972046,-21.60575485
U/N Reef (21-491),152.47357178,-21.61081314
U/N Reef (21-558),152.54571533,-21.54859161
U/N Reef (21-559),152.53399658,-21.57309914
U/N Reef (21-560),152.53979492,-21.66206551
U/N Reef (21-561),152.50849915,-21.71348381
U/N Reef (21-708),152.20924377,-21.52861786
U/N Reef (21-709),152.21054077,-21.86450386
U/N Reef (21-710),152.21434021,-21.41116905
U/N Reef (21-711),152.21536255,-21.51464462
U/N Reef (21-712),152.21591187,-21.42250252
U/N Reef (21-713),152.21812439,-21.44385338
U/N Reef (21-714),152.22401428,-21.8643856
U/N Reef (21-715),152.22897339,-21.94983292
U/N Reef (21-716),152.22927856,-21.73982811
U/N Reef (21-717),152.22929382,-21.74324226
U/N Reef (21-718),152.23440552,-21.7384243
West Side Reef (22-020),149.85031128,-22.14871597
Double Rocks Reef (North) (22-021a),150.00804138,-22.08267212
Double Rocks Reef (South) (22-021b),150.00413513,-22.08652687
U/N Reef (21-492),152.21269226,-21.61082458
U/N Reef (21-493),152.13461304,-21.62264824
U/N Reef (21-494),152.30844116,-21.63533592
Bacchi Reef (21-495),152.38877869,-21.63401604
Turner Reef (21-562),152.5587616,-21.71955299
U/N Reef (21-563),152.52088928,-21.72936058
Half Tide Reef (21-564),152.50888062,-21.77416229
Bills Reef (21-565),152.59301758,-21.78662682
U/N Reef (21-719),152.23648071,-21.51454163
U/N Reef (21-720),152.24621582,-21.52165222
U/N Reef (21-721),152.25035095,-21.73649216
U/N Reef (21-722),152.25193787,-21.68244743
U/N Reef (21-723),152.25260925,-21.5140934
U/N Reef (21-724),152.25888062,-21.77745819
U/N Reef (21-725),152.26496887,-21.73464394
U/N Reef (21-726),152.26791382,-21.66998482
Coal Reef (22-024),149.8646698,-22.14408112
One Fathom Patch (22-026),149.75007629,-22.26446915
Turtle Island Reef (22-027),149.77586365,-22.35923195
Woods Reef (22-029),149.90400696,-22.47035599
Shields Reef (22-030),150.37695313,-22.00405312
U/N Reef (21-496),152.47576904,-21.64585686
Thomas Reef (21-497),152.34248352,-21.66396904
U/N Reef (21-498),152.26316833,-21.6282177
U/N Reef (21-499),152.45172119,-21.66448402
Blu-Lion Reef (21-566),152.62745667,-21.82133293
U/N Reef (21-567),152.54504395,-21.8259201
U/N Reef (21-568),152.52233887,-21.82880592
U/N Reef (21-569),152.53575134,-21.84827232
Triangle Reef (21-570),152.63557434,-21.84602356
U/N Reef (21-571),152.59344482,-21.85103798
Small Lagoon Reef (21-572),152.50921631,-21.87475014
U/N Reef (21-727),152.27268982,-21.69619179
U/N Reef (21-728),152.27285767,-21.60727119
U/N Reef (21-729),152.27304077,-21.80426788
U/N Reef (21-730),152.27868652,-21.65665627
U/N Reef (21-731),152.2858429,-21.92135811
U/N Reef (21-732),152.28816223,-21.6645813
U/N Reef (21-733),152.30024719,-21.85752487
U/N Reef (21-734),152.30081177,-21.45067596
U/N Reef (21-735),152.30155945,-21.93279839
Morkar Reef (21-421),150.15582275,-21.96935844
U/N Reef (21-500),152.39399719,-21.6743145
Recreation Reef (21-501),152.44134521,-21.6783886
U/N Reef (21-502),152.49803162,-21.67513466
U/N Reef (21-503),152.20449829,-21.68672562
U/N Reef (21-573),152.61416626,-21.86807632
U/N Reef (21-574),152.58078003,-21.87247276
Heart Reef (21-575),152.65705872,-21.89438248
U/N Reef (21-576),152.58970642,-21.89870262
Central Reef (21-577),152.5219574,-21.92190361
U/N Reef (21-578),152.60618591,-21.91841125
Hill Reef (21-579),152.67234802,-21.91166115
U/N Reef (21-736),152.30511475,-21.79043198
U/N Reef (21-737),152.30805969,-21.49407768
U/N Reef (21-738),152.30830383,-21.44657707
U/N Reef (21-739),152.31164551,-21.4750843
U/N Reef (21-740),152.31315613,-21.65391541
U/N Reef (21-741),152.31469727,-21.42149353
U/N Reef (21-742),152.31634521,-21.55472374
U/N Reef (21-743),152.31755066,-21.69135094
U/N Reef (21-744),152.32022095,-21.89008904
Marble Reef (21-423a),150.16445923,-21.99125481
Marble Reef (21-423b),150.19181824,-21.98012352
Allandale Reef (21-424),150.38197327,-21.97130585
Tynemouth Island Reef (No 1) (21-425a),150.12490845,-22.00054932
Tynemouth Island Reef (No 2) (21-425b),150.13308716,-21.98811913
U/N Reef (21-504),152.08772278,-21.695858
Isobel Bennett Reef (21-505),152.34872437,-21.70672607
U/N Reef (21-506),152.28947449,-21.71533775
U/N Reef (21-580),152.58987427,-21.93881989
U/N Reef (21-581),152.62605286,-21.93969154
Beacon Reef (21-582),152.68792725,-21.93577385
U/N Reef (21-583),152.65789795,-21.94279099
Jenkins Reef (21-584),152.59945679,-21.95517349
U/N Reef (21-585),152.57208252,-21.96551514
U/N Reef (21-745),152.32028198,-21.42893791
U/N Reef (21-746),152.32333374,-21.98820305
U/N Reef (21-747),152.32382202,-21.68810463
U/N Reef (21-748),152.32571411,-21.55496025
U/N Reef (21-749),152.33807373,-21.95007896
U/N Reef (21-750),152.33888245,-21.55977058
U/N Reef (21-751),152.34197998,-21.55001068
U/N Reef (21-752),152.34317017,-21.91989326
High Peak Reef (21-428),150.68768311,-21.95726395
Morpeth Reef (21-430),150.58657837,-21.98252487
U/N Reef (21-507),152.45043945,-21.70457458
U/N Reef (21-508),152.36930847,-21.72053146
U/N Reef (21-509),152.38668823,-21.72823906
U/N Reef (21-510),152.36871338,-21.73306656
Frigate Reef (21-511),152.42849731,-21.73435974
Follett Reef (21-586),152.70141602,-21.96721268
U/N Reef (21-587),152.66088867,-21.97358322
Wade Reef (21-588),152.64883423,-21.98545456
Littles Reef (21-589),152.54344177,-21.97782898
U/N Reef (21-590),152.56604004,-21.98163223
U/N Reef (21-591),150.37242126,-21.02275085
Adroit Shoal (21-592),151.04034424,-21.58355141
U/N Reef (21-753),152.34448242,-21.46165276
U/N Reef (21-754),152.34957886,-21.55377197
U/N Reef (21-755),152.35357666,-21.48029327
U/N Reef (21-756),152.35673523,-21.5037899
U/N Reef (21-757),152.36505127,-21.84985924
U/N Reef (21-758),152.36685181,-21.43415833
U/N Reef (21-759),152.36901855,-21.40522575
U/N Reef (21-760),152.37193298,-21.75258446
Berwick Reef (21-431),150.66928101,-21.99077225
Heralds Reef Prong (21-432),151.39674377,-21.51145363
U/N Reef (21-433),151.47755432,-21.55069733
Heralds Prong No 3 (21-434),151.3825531,-21.60731888
U/N Reef (21-512),152.33453369,-21.75823021
U/N Reef (21-513),152.2013092,-21.75213051
Detour Reef (21-514),152.414505,-21.76066017
Owens Shoal (21-593),150.21354675,-21.61403465
U/N Reef (21-594),151.49252319,-21.04630661
U/N Reef (21-595),151.50683594,-21.03574944
U/N Reef (21-596),151.51753235,-21.03556442
U/N Reef (21-597),151.51855469,-21.03987694
U/N Reef (21-598),151.53845215,-21.045681
U/N Reef (21-599),151.49734497,-21.31705666
U/N Reef (21-600),151.5625,-21.34963799
U/N Reef (21-601),151.57629395,-21.23110199
U/N Reef (21-761),152.37568665,-21.86188126
U/N Reef (21-762),152.37590027,-21.93807983
U/N Reef (21-763),152.38340759,-21.71019936
U/N Reef (21-764),152.41007996,-21.64658737
U/N Reef (21-768),152.41242981,-21.97541809
U/N Reef (21-769),152.41320801,-21.66892624
U/N Reef (21-770),152.41603088,-21.97094154
U/N Reef (21-771),152.42280579,-21.46875381
U/N Reef (21-772),152.42384338,-21.45611954
U/N Reef (21-773),152.42390442,-21.98160744
U/N Reef (21-774),152.42840576,-21.97450829
U/N Reef (21-775),152.4478302,-21.51005363
Bell Reef (21-435),151.26031494,-21.81486893
U/N Reef (21-436),151.60098267,-21.49707985
U/N Reef (21-437),151.9732666,-21.50391006
U/N Reef (21-438),151.81166077,-21.51576233
U/N Reef (21-439),151.65344238,-21.51837349
U/N Reef (21-515),152.11953735,-21.78804779
U/N Reef (21-516),152.1502533,-21.79958344
Small Reef (21-517),152.42431641,-21.77576065
Price Cay Reef (21-518),152.45567322,-21.7843132
U/N Reef (21-602),151.58444214,-21.32298851
U/N Reef (21-603),151.60624695,-21.26049423
U/N Reef (21-604),151.61611938,-21.22754478
U/N Reef (21-605),151.63928223,-21.0980835
U/N Reef (21-606),151.65821838,-21.01909065
U/N Reef (21-607),151.68371582,-20.99985504
U/N Reef (21-608),151.68840027,-21.36059952
U/N Reef (21-609),151.70860291,-21.30030441
U/N Reef (21-610),151.71452332,-21.12241364
U/N Reef (21-611),151.71566772,-21.31757736
U/N Reef (21-612),151.75874329,-21.04790115
U/N Reef (21-613),151.76222229,-21.1006279
U/N Reef (21-776),152.46855164,-21.42641258
U/N Reef (21-777),152.46974182,-21.81890869
U/N Reef (21-778),152.48916626,-21.59504509
U/N Reef (21-779),152.51347351,-21.72882843
U/N Reef (21-780),152.53730774,-21.61031723
U/N Reef (21-781),152.53820801,-21.5966053
U/N Reef (21-782),152.56277466,-21.51738739
U/N Reef (21-783),152.57455444,-21.45111275
U/N Reef (21-784),152.57673645,-21.45688629
U/N Reef (21-785),152.6075592,-21.42566109
U/N Reef (21-786),152.62992859,-21.70448875
U/N Reef (21-440),151.54176331,-21.52249908
U/N Reef (21-441),151.77458191,-21.5274086
U/N Reef (21-442),151.91513062,-21.52347755
U/N Reef (21-443),151.7071228,-21.56830406
U/N Reef (21-444),151.62028503,-21.57858467
U/N Reef (21-445),151.77416992,-21.58350372
U/N Reef (21-446),151.9379425,-21.57574081
U/N Reef (21-447),151.92170715,-21.60271454
Turtle Reef (21-519),152.38275146,-21.7998085
U/N Reef (21-520),152.47640991,-21.80547142
U/N Reef (21-521),152.45417786,-21.80854034
U/N Reef (21-522),152.40943909,-21.80698013
U/N Reef (21-523),152.21095276,-21.81646729
U/N Reef (21-614),151.77900696,-21.10577011
U/N Reef (21-615),151.78540039,-21.12643814
U/N Reef (21-616),151.8044281,-21.06828499
U/N Reef (21-617),151.81610107,-21.14250183
U/N Reef (21-618),151.85641479,-21.38642311
U/N Reef (21-619),151.88566589,-21.05342674
U/N Reef (21-620),151.91297913,-21.19337463
U/N Reef (21-621),151.92332458,-21.34553337
U/N Reef (21-622),151.93522644,-21.24876022
U/N Reef (21-623),151.96444702,-21.34487915
U/N Reef (21-787),152.63098145,-21.69975281
U/N Reef (21-788),152.64213562,-21.80385208
U/N Reef (21-789),152.64953613,-21.58280945
U/N Reef (21-791),150.64302063,-21.12710571
U/N Reef (21-792),150.79147339,-21.04992676
U/N Reef (21-793),150.90830994,-21.28977776
U/N Reef (21-794),150.9342041,-21.10757637
U/N Reef (21-795),150.95549011,-21.23083878
U/N Reef (21-796),150.96179199,-21.25525856
U/N Reef (21-797),150.96528625,-21.17553329
U/N Reef (21-798),150.9704895,-21.24340439
U/N Reef (21-799),150.98094177,-21.20784569
U/N Reef (21-448),151.51902771,-21.62318039
U/N Reef (21-449),151.57746887,-21.62550163
U/N Reef (21-450),151.62454224,-21.62705231
U/N Reef (21-451),151.79023743,-21.62903214
U/N Reef (21-452),151.60707092,-21.64738655
U/N Reef (21-453),151.69241333,-21.65459442
Houdini Reef (21-524),152.42793274,-21.82340813
U/N Reef (21-525),152.45932007,-21.82321739
U/N Reef (21-526),152.31219482,-21.83160782
U/N Reef (21-527),152.46665955,-21.84184265
U/N Reef (21-528),152.26721191,-21.85632515
U/N Reef (21-529),152.17295837,-21.8669281
U/N Reef (21-530),152.43983459,-21.85553551
U/N Reef (21-624),151.97375488,-21.1634407
U/N Reef (21-625),151.98078918,-21.02438927
U/N Reef (21-626),151.98864746,-21.35400581
U/N Reef (21-627),151.99343872,-21.2104435
U/N Reef (21-628),151.99760437,-21.20317268
U/N Reef (21-629),152.16783142,-21.08334923
U/N Reef (21-630),152.17837524,-21.37708664
U/N Reef (21-800),150.9881134,-21.27243233
U/N Reef (21-801),150.99845886,-21.24422073
U/N Reef (21-804),151.00405884,-21.23621941
U/N Reef (21-805),151.03459167,-21.30661774
U/N Reef (21-806),151.07525635,-21.00653839
U/N Reef (21-807),151.07530212,-21.20594215
U/N Reef (21-808),151.08120728,-21.15045166
U/N Reef (21-809),151.09669495,-21.11870384
U/N Reef (21-810),151.12905884,-21.34788513
U/N Reef (21-454),151.96842957,-21.76605034
U/N Reef (21-455),151.91438293,-21.64925003
U/N Reef (21-456),151.97792053,-21.64864922
U/N Reef (21-457),151.56695557,-21.6727066
U/N Reef (21-458),151.62301636,-21.67194366
Heralds Prong No 2 (21-459),151.54631042,-21.70549583
U/N Reef (21-531),152.40858459,-21.862854
U/N Reef (21-532),152.35409546,-21.8627739
U/N Reef (21-533),152.30606079,-21.86752892
U/N Reef (21-534),152.13153076,-21.87729645
U/N Reef (21-535),152.12477112,-21.90052986
Mervs Reef (21-536),152.36442566,-21.89227295
U/N Reef (21-537),152.39520264,-21.88080788
U/N Reef (21-631),152.1809082,-21.40065384
U/N Reef (21-632),152.25007629,-21.33128357
U/N Reef (21-633),152.25395203,-21.37068367
U/N Reef (21-634),152.26057434,-21.19899178
U/N Reef (21-635),152.27746582,-21.28526878
U/N Reef (21-636),152.30480957,-21.26282501
U/N Reef (21-637),152.35221863,-21.3247242
U/N Reef (21-638),152.40609741,-21.37353134
U/N Reef (21-639),152.41117859,-21.15945244
U/N Reef (21-640),152.41990662,-21.18358803
U/N Reef (21-641),152.42584229,-21.16960144
U/N Reef (21-642),152.46737671,-21.39974022
U/N Reef (21-811),151.14311218,-21.33972168
U/N Reef (21-812),151.14637756,-21.25601768
U/N Reef (21-813),151.18632507,-21.299263
U/N Reef (21-814),151.23287964,-21.46313095
U/N Reef (21-815),151.27093506,-21.10435295
U/N Reef (21-816),151.29083252,-21.09406281
U/N Reef (21-817),151.32752991,-21.00745964
U/N Reef (21-818),151.36375427,-21.0047226
U/N Reef (21-819),151.39259338,-21.05715752
U/N Reef (21-820),151.40185547,-21.04515648
U/N Reef (21-821),151.40361023,-21.5834465
U/N Reef (21-822),151.40855408,-21.03129196
U/N Reef (21-465),151.88204956,-21.80438995
U/N Reef (21-466),151.98693848,-21.83785439
U/N Reef (21-467),151.92630005,-21.8867054
Emperor Reef (21-538),152.44381714,-21.8837204
U/N Reef (21-539),152.27110291,-21.94011307
U/N Reef (21-540),152.47772217,-21.9057827
U/N Reef (21-541),152.45027161,-21.90856934
U/N Reef (21-542),152.46600342,-21.91745758
Long Reef (21-543),152.39266968,-21.92293739
U/N Reef (21-643),152.47348022,-21.34479141
U/N Reef (21-644),152.48686218,-21.37724686
U/N Reef (21-645),152.49871826,-21.21731758
U/N Reef (21-655),152.49911499,-21.11686897
U/N Reef (21-656),152.51300049,-21.0743885
U/N Reef (21-657),152.54901123,-21.36834717
U/N Reef (21-658),152.55232239,-21.30671501
U/N Reef (21-659),152.57507324,-21.1593914
U/N Reef (21-660),152.58155823,-21.15351486
U/N Reef (21-661),152.59082031,-21.3647728
U/N Reef (21-663),152.67077637,-21.23773766
U/N Reef (21-823),151.45344543,-21.33267212
U/N Reef (21-824),151.49551392,-21.05808449
U/N Reef (21-825),151.49615479,-21.02639198
U/N Reef (21-826),150.95077515,-21.69025612
U/N Reef (21-827),150.90606689,-21.71020126
U/N Reef (21-828),151.01837158,-21.7247467
U/N Reef (21-460),151.74217224,-21.71146393
U/N Reef (21-461),151.86045837,-21.69746208
U/N Reef (21-462),151.98464966,-21.71365356
U/N Reef (21-463),151.94422913,-21.73451805
U/N Reef (21-464),151.77368164,-21.75589371
U/N Reef (21-544),152.10873413,-21.92170143
Moon Reef (21-545),152.4342041,-21.92556763
U/N Reef (21-546),152.49261475,-21.93086052
U/N Reef (21-547),152.2117157,-21.94097519
U/N Reef (21-664),152.68000793,-21.14983749
U/N Reef (21-665),151.62016296,-21.49674034
U/N Reef (21-666),151.63653564,-21.51146507
U/N Reef (21-667),151.86720276,-21.43146133
U/N Reef (21-668),151.89093018,-21.77956772
U/N Reef (21-669),151.89456177,-21.7827549
U/N Reef (21-670),151.89585876,-21.60844421
U/N Reef (21-671),151.89967346,-21.78518867
U/N Reef (21-672),151.90309143,-21.59080315
U/N Reef (21-673),151.91821289,-21.47489166
U/N Reef (21-674),151.92616272,-21.80414963
Wild Duck Island Reef (No 1) (22-003a),149.88702393,-21.99606133
Infelix Islets Reef (22-005),149.83076477,-22.0241642
U/N Reef (21-468),152.41918945,-21.50375557
U/N Reef (21-469),152.38902283,-21.5148201
U/N Reef (21-470),152.49479675,-21.51159668
U/N Reef (21-471),152.04995728,-21.49883652
U/N Reef (21-472),152.45518494,-21.52105713
U/N Reef (21-473),152.44084167,-21.52726746
U/N Reef (21-474),152.47457886,-21.53461266
Poulson Reef (21-548),152.45889282,-21.93623352
Pike Reef (21-549),152.42330933,-21.94807434
U/N Reef (21-550),152.31266785,-21.95143318
U/N Reef (21-551),152.0556488,-21.96060562
U/N Reef (21-675),151.94276428,-21.74864578
U/N Reef (21-676),151.96006775,-21.88318062
U/N Reef (21-677),151.96139526,-21.59081268
U/N Reef (21-678),151.97212219,-21.88482475
U/N Reef (21-679),151.98713684,-21.91567039
U/N Reef (21-680),152.00538635,-21.69825745
U/N Reef (21-681),152.0188446,-21.69502258
U/N Reef (21-682),152.02125549,-21.67606735
U/N Reef (21-683),152.02166748,-21.69340134
U/N Reef (21-684),152.02507019,-21.68602943
U/N Reef (21-685),152.0275116,-21.67679596
North Point Cays Reef (22-007),149.81164551,-22.04288864
Brooks Shoal (22-008),149.93243408,-22.02566528
Barren Island Reef (22-009),149.97019958,-22.03235817
Roundish Reef (22-010),149.61427307,-22.05583191
South Barren Reef (22-012),149.98780823,-22.05339432
Obstruction Shoals (22-013),149.93154907,-22.06221771
U/N Reef (22-014),149.56730652,-22.17403793
U/N Reef (21-475),152.27966309,-21.52086449
U/N Reef (21-476),152.19670105,-21.55088615
U/N Reef (21-477),152.39788818,-21.54730034
U/N Reef (21-478),152.27316284,-21.56251717
U/N Reef (21-479),152.45674133,-21.56138802
U/N Reef (21-294),152.60525513,-21.28995514
U/N Reef (21-295),152.58059692,-21.31895638
U/N Reef (21-296),152.55335999,-21.33865738
U/N Reef (21-297a),152.50587463,-21.36851501
U/N Reef (21-297b),152.52484131,-21.34047318
Whites Bay Reef (21-396),150.29501343,-21.67314339
West Spur Reef (21-398),150.27511597,-21.68361664
East Spur Reef (21-399),150.28730774,-21.68441772
Howard Islet Reef (21-401),150.31643677,-21.73255157
Hixson Islet Reef (21-402),150.28936768,-21.74769211
U/N Reef (21-124),151.12799072,-21.25706482
U/N Reef (21-125),151.37493896,-21.26511574
U/N Reef (21-126),151.20361328,-21.29463577
U/N Reef (21-127a),151.11434937,-21.29155731
U/N Reef (21-127b),151.11967468,-21.31758881
U/N Reef (21-208),152.16401672,-21.09871864
U/N Reef (21-209),152.25634766,-21.10013008
U/N Reef (21-210),152.31355286,-21.10190964
U/N Reef (21-211),152.35432434,-21.10294342
U/N Reef (21-212),152.1565094,-21.10522842
U/N Reef (21-213),152.18656921,-21.1063652
U/N Reef (21-297c),152.52258301,-21.35182953
U/N Reef (21-297d),152.51069641,-21.35843468
U/N Reef (21-298),152.50158691,-21.37943649
U/N Reef (21-299),152.52914429,-21.37872505
U/N Reef (21-300a),152.50752258,-21.39318848
U/N Reef (21-300b),152.51759338,-21.39437294
U/N Reef (21-301),152.5291748,-21.42930031
U/N Reef (21-302),152.58131409,-21.43224525
South Island Reef (No 1) (21-403a),150.31620789,-21.73898125
South Island Reef (No 2) (21-403b),150.34436035,-21.73621368
South East Islets Reef (21-406),150.42985535,-21.7577095
Storm Reef (21-128),151.16723633,-21.32230186
U/N Reef (21-129),151.09651184,-21.35380936
Zodiac Reef (21-214),152.04922485,-21.12125206
U/N Reef (21-215),152.32237244,-21.11697006
U/N Reef (21-216),152.38909912,-21.12158012
U/N Reef (21-217),152.47236633,-21.12492561
U/N Reef (21-218),152.4850769,-21.13196373
U/N Reef (21-219),152.18249512,-21.13493919
U/N Reef (21-220),152.14297485,-21.15692139
U/N Reef (21-303),152.51974487,-21.46067429
U/N Reef (21-304),152.51011658,-21.47377586
East Cay Reef (21-305),152.56459045,-21.48348045
U/N Reef (21-306),152.50949097,-21.4948616
Bamborough Island Reef (No 1) (21-414a),150.10479736,-21.92339325
Bamborough Island Reef (No 2) (21-414b),150.11930847,-21.92155647
Jeffreys Rocks Reef (21-415),150.22834778,-21.91445732
U/N Reef (21-130),151.277771,-21.34298134
Nancy Foster Reef (21-131),151.36734009,-21.36973381
U/N Reef (21-132),151.32798767,-21.39435387
U/N Reef (21-133),151.25033569,-21.37825012
U/N Reef (21-134),151.27459717,-21.38881302
U/N Reef (21-221),152.43005371,-21.14411545
U/N Reef (21-222),152.30873108,-21.15453339
U/N Reef (21-223),152.19186401,-21.1681118
U/N Reef (21-224),152.47795105,-21.1655426
U/N Reef (21-225),152.09559631,-21.19787979
U/N Reef (21-226),152.3710022,-21.17719841
U/N Reef (21-227),152.39749146,-21.17647552
Temple Island Reef (21-308),149.48971558,-21.60212898
U/N Reef (21-309),149.47203064,-21.60445595
U/N Reef (21-314),149.46852112,-21.73969078
Coquet Reef (21-417),150.09715271,-21.93717957
Hunter Island Reef (No 1) (21-418a),150.13188171,-21.95026779
Hunter Island Reef (No 2) (21-418b),150.14614868,-21.98266792
U/N Reef (21-135),151.4798584,-21.36478806
U/N Reef (21-136),151.42089844,-21.38519478
U/N Reef (21-137),151.41903687,-21.40195084
U/N Reef (21-138),151.4158783,-21.43140984
U/N Reef (21-139),151.46914673,-21.47309494
U/N Reef (21-228),152.29989624,-21.18229485
U/N Reef (21-229),152.44850159,-21.18300247
U/N Reef (21-230),152.33605957,-21.19016266
U/N Reef (21-231),152.31559753,-21.19956398
U/N Reef (21-232),152.49812317,-21.2042942
U/N Reef (21-233),152.49273682,-21.21545792
U/N Reef (21-234),152.24261475,-21.21254539
Lavers Reef (21-235),152.01158142,-21.2201004
Ferdinand Shoal (21-317),149.76760864,-21.50951195
Waratah Island Reef (21-318),149.72076416,-21.51057243
Waratah Shoal (21-319),149.71664429,-21.5170536
Tupper Shoal (21-320),149.80168152,-21.52380371
Yaralla Shoal (21-322),149.64598083,-21.58921051
Harry Shoal (North) (21-324a),149.82466125,-21.57322884
Harry Shoal (South) (21-324b),149.8177948,-21.58224297
Hotspur Islets Reef (21-059),150.26831055,-21.48330307
U/N Reef (21-060),150.59155273,-21.01289177
U/N Reef (21-061),150.69233704,-21.05476952
U/N Reef (21-140),151.2865448,-21.48459435
U/N Reef (21-141),151.19822693,-21.48633385
U/N Reef (21-142),151.55395508,-21.00358772
U/N Reef (21-143),151.56329346,-21.04230118
U/N Reef (21-144),151.57254028,-21.05036545
U/N Reef (21-236),152.39666748,-21.21899033
U/N Reef (21-237),152.47233582,-21.2400341
U/N Reef (21-238),152.51210022,-21.23604202
Hirst Reef (21-325),149.81271362,-21.57463837
Kilgour Shoal (21-326),149.87457275,-21.59135246
Wallace Reef (21-327),149.77217102,-21.60095787
Planter Shoal (21-329),149.83822632,-21.58836555
Bluff Island Reef (21-331),149.86695862,-21.60451508
U/N Reef (21-062),150.8651123,-21.03121948
U/N Reef (21-063),150.92486572,-21.02652931
U/N Reef (21-064),150.77798462,-21.05713272
U/N Reef (21-065),150.83032227,-21.07218361
U/N Reef (21-066),150.77861023,-21.08885765
U/N Reef (21-067),150.90170288,-21.11616707
U/N Reef (21-145a),151.60997009,-21.06549835
U/N Reef (21-145b),151.59931946,-21.09938431
U/N Reef (21-145c),151.59657288,-21.04000854
U/N Reef (21-146),151.6415863,-21.07686806
U/N Reef (21-147),151.66363525,-21.06974411
U/N Reef (21-239),152.26924133,-21.26412392
U/N Reef (21-240),152.31253052,-21.27980042
Centenery Reef (21-241),152.33070374,-21.28257179
U/N Reef (21-242a),152.2311554,-21.30331612
U/N Reef (21-242b),152.2205658,-21.30057907
Treble Reef (21-333),149.82698059,-21.60354614
U/N Reef (21-336),149.81752014,-21.62057495
Pearl Shoal (21-337),149.75738525,-21.61088753
Slattery Shoal (21-338),149.78649902,-21.62372971
U/N Reef (21-068),150.83065796,-21.1288929
U/N Reef (21-069),150.99501038,-21.1121769
U/N Reef (21-070),150.78956604,-21.13311958
U/N Reef (21-071),150.76312256,-21.13590622
Patricia Mather Reef (21-148),151.68789673,-21.08218956
U/N Reef (21-149),151.71607971,-21.09569168
U/N Reef (21-150),151.73487854,-21.10695457
U/N Reef (21-151),151.75344849,-21.1144619
U/N Reef (21-242c),152.23120117,-21.2974205
U/N Reef (21-243),152.05187988,-21.29553986
U/N Reef (21-244),152.06446838,-21.3126049
U/N Reef (21-245),152.43687439,-21.30537796
U/N Reef (21-246),152.48178101,-21.317873
U/N Reef (21-247),152.16299438,-21.33177567
Dinner Reef (21-339),149.81027222,-21.6282959
Temple Shoal (21-340),149.50505066,-21.60247612
Edwards Shoal (21-341),149.66375732,-21.65200806
Ridge Reef (21-345),149.63824463,-21.67481613
Paxton Shoal (21-346),149.67341614,-21.69802475
Torch Shoal (21-347),149.54095459,-21.68803024
U/N Reef (21-072),150.66035461,-21.16360283
U/N Reef (21-073),150.85562134,-21.13931656
U/N Reef (21-074),150.84495544,-21.15646553
U/N Reef (21-075),150.93388367,-21.16447449
U/N Reef (21-152),151.77072144,-21.12043381
U/N Reef (21-153),151.58065796,-21.12338448
U/N Reef (21-154),151.55654907,-21.15089035
U/N Reef (21-155),151.69050598,-21.15966606
U/N Reef (21-156),151.71206665,-21.14785957
U/N Reef (21-157),151.7565918,-21.14909172
U/N Reef (21-158),151.77658081,-21.15070915
U/N Reef (21-248),152.22224426,-21.34185219
U/N Reef (21-249),152.32365417,-21.34230995
U/N Reef (21-250a),152.40174866,-21.32835197
U/N Reef (21-250b),152.39926147,-21.32525635
U/N Reef (21-251),152.36584473,-21.32950974
U/N Reef (21-252),152.2495575,-21.34968948
Connor Islet Reef (21-348),149.66941833,-21.71940422
Smythe Shoals (21-349a),149.8805542,-21.71228218
Emily Patches (21-349b),149.83363342,-21.75271606
Shag Reef (21-350),149.59126282,-21.74284935
Stony Shoal (21-351),149.56417847,-21.75425339
Williams Shoal (21-352),149.63389587,-21.73739815
U/N Reef (21-076),150.87327576,-21.18617821
U/N Reef (21-077),150.94219971,-21.19237518
U/N Reef (21-078),150.82243347,-21.2010231
U/N Reef (21-079),150.79275513,-21.21425056
U/N Reef (21-080),150.7689209,-21.22619438
U/N Reef (21-159),151.79916382,-21.16200638
U/N Reef (21-160),151.55352783,-21.18189812
U/N Reef (21-161),151.82269287,-21.18107986
U/N Reef (21-162),151.54208374,-21.20458984
U/N Reef (21-163),151.57441711,-21.20841599
U/N Reef (21-164),151.52877808,-21.21752548
U/N Reef (21-165),151.82315063,-21.19952965
U/N Reef (21-253),152.28987122,-21.35781097
U/N Reef (21-254),152.34736633,-21.35081482
U/N Reef (21-255),152.4249115,-21.35569382
U/N Reef (21-256),152.48065186,-21.35416222
U/N Reef (21-257),152.14225769,-21.36036682
Lower Reef (21-355),149.70275879,-21.79821014
Innes Reef (21-356),149.78819275,-21.8157444
Sandy Shoal (North) (21-358a),149.55975342,-21.82880592
Sandy Shoal (South) (21-358b),149.54400635,-21.84738541
George Reef (21-359),149.82377625,-21.83037949
U/N Reef (21-081),150.88285828,-21.22441864
U/N Reef (21-082),150.89659119,-21.24571228
U/N Reef (21-083),150.91246033,-21.25756645
U/N Reef (21-084),150.93057251,-21.27771568
U/N Reef (21-085),150.93640137,-21.30824661
Paul Reef (21-086),150.7849884,-21.33171272
Twin Cays Reef (North) (21-166),151.98399353,-21.21507835
U/N Reef (21-167),151.54231262,-21.23272514
Twin Cays Reef (South) (21-168),151.98223877,-21.22678185
U/N Reef (21-169),151.69029236,-21.23905563
U/N Reef (21-170),151.66825867,-21.24411583
U/N Reef (21-171),151.55541992,-21.25293922
Mystery Reef (21-258),152.01708984,-21.37743568
U/N Reef (21-259),152.21121216,-21.39242363
U/N Reef (21-260),152.24992371,-21.39717484
North Patch (21-361),149.63719177,-21.8423214
Alexandra Reefs (21-362),149.62112427,-21.85416031
South Patch (21-363),149.61317444,-21.86392403
Lake Shoals (21-364),149.87661743,-21.89964867
Drumfish Shoal (East) (21-365a),149.64256287,-21.91065788
Drumfish Shoal (West) (21-365b),149.63064575,-21.91459274
Fanning Shoal (21-366),149.51062012,-21.92835236
U/N Reef (21-087),150.97479248,-21.38442421
U/N Reef (21-088),151.32525635,-21.0243988
U/N Reef (21-089),151.41497803,-21.01283455
U/N Reef (21-090),151.44517517,-21.01016045
U/N Reef (21-091),151.55450439,-21.04234505
U/N Reef (21-092),151.16288757,-21.01262283
Riptide Reef (21-172),151.8458252,-21.24135208
Mullers Reef (21-173),151.55389404,-21.2991333
U/N Reef (21-174),151.67955017,-21.29241371
U/N Reef (21-175),151.63769531,-21.32159424
U/N Reef (21-261),152.36257935,-21.41420746
U/N Reef (21-262a),152.44444275,-21.41273308
U/N Reef (21-262b),152.43234253,-21.42036247
U/N Reef (21-263),152.49061584,-21.41230583
U/N Reef (21-264),152.39929199,-21.42409325
Red Clay Reef (21-367),149.64859009,-21.93179321
Boomerang Shoals (21-368),149.9609375,-21.91851616
Middle Shoal (21-369),149.73028564,-21.94313431
Beware Reef (21-370),149.66061401,-21.95002556
Bald Reef (21-372),149.57846069,-21.95653534
Reef Islet Reef (21-373),149.59939575,-21.95823097
U/N Reef (21-093),151.10321045,-21.02966309
U/N Reef (21-094),151.15153503,-21.03481483
U/N Reef (21-095),151.28015137,-21.04209328
U/N Reef (21-096),151.40861511,-21.03702354
U/N Reef (21-097),151.48088074,-21.03940582
U/N Reef (21-098),151.42097473,-21.04194641
U/N Reef (21-099),151.37936401,-21.04962921
U/N Reef (21-100),151.07112122,-21.07071495
U/N Reef (21-176),151.59999084,-21.33385468
U/N Reef (21-177),151.70314026,-21.33298302
U/N Reef (21-178),151.6232605,-21.33740425
U/N Reef (21-179),151.72419739,-21.34738159
U/N Reef (21-180),151.82653809,-21.34622002
U/N Reef (21-181),151.8578949,-21.37122536
U/N Reef (21-265),152.33422852,-21.43022156
U/N Reef (21-266),152.12767029,-21.43675041
U/N Reef (21-267),152.40390015,-21.45225143
U/N Reef (21-268),152.4563446,-21.44384193
U/N Reef (21-269),152.43959045,-21.4658432
West Reef (21-374),149.67950439,-21.95907402
Holt Shoal (21-375),149.81948853,-21.96968269
Channel Island Reef (21-377),149.89337158,-21.97016716
Aquila Reef (21-378),149.5740509,-21.98191833
Avoid Reef (21-379),149.66387939,-21.9777813
U/N Reef (21-101),151.52836609,-21.01545143
U/N Reef (21-829a),150.93760681,-21.64868546
U/N Reef (21-829b),150.94543457,-21.66374779
U/N Reef (21-829c),150.912323,-21.67321968
U/N Reef (21-102),151.43367004,-21.07152939
U/N Reef (21-103),151.36907959,-21.07945442
U/N Reef (21-182),151.67344666,-21.37717247
U/N Reef (21-183),151.71105957,-21.37382126
U/N Reef (21-184),151.69519043,-21.3809948
U/N Reef (21-185),151.90176392,-21.3990097
U/N Reef (21-186),151.79299927,-21.41065025
U/N Reef (21-187),151.64750671,-21.41942215
U/N Reef (21-270),152.3843689,-21.47239113
U/N Reef (21-271),152.13250732,-21.49270248
U/N Reef (21-272),152.20695496,-21.49954224
U/N Reef (21-273),152.57675171,-21.02282333
Perkins Reef (21-274),152.62423706,-21.03944397
U/N Reef (21-275),152.56225586,-21.06020164
Falcon Island Reef (21-381),149.87854004,-21.98041344
Turn Island Reef (21-382),149.8117981,-21.98962402
Race Rocks Reef (21-383),149.84802246,-21.98963737
U/N Reef (21-104),151.23789978,-21.09609222
U/N Reef (21-105),151.46958923,-21.10521126
U/N Reef (21-106),151.22644043,-21.12143517
U/N Reef (21-107),151.2114563,-21.1216011
U/N Reef (21-108),151.13813782,-21.12225151
U/N Reef (21-109),151.07345581,-21.12340164
U/N Reef (21-110),151.17784119,-21.13773155
U/N Reef (21-111),151.35295105,-21.13946915
U/N Reef (21-112),151.30392456,-21.15625381
U/N Reef (21-188),151.58621216,-21.44426346
U/N Reef (21-189),151.67486572,-21.45179367
U/N Reef (21-190),151.91407776,-21.44425201
U/N Reef (21-191),151.85289001,-21.46036911
U/N Reef (21-192),152.46875,-21.00935173
U/N Reef (21-276),152.54962158,-21.05856705
U/N Reef (21-277),152.53425598,-21.07284927
U/N Reef (21-278),152.54450989,-21.10451126
U/N Reef (21-279),152.51489258,-21.1144886
Elusive Reef (21-280),152.77561951,-21.10882568
U/N Reef (21-281),152.62947083,-21.11810875
Pine Peak Reef (21-386),150.25845337,-21.51895905
Sphinx Reef (21-387),150.15148926,-21.52507019
Middle Island Reef (21-389),150.24728394,-21.61848259
U/N Reef (21-113a),151.35520935,-21.16419983
U/N Reef (21-113b),151.37193298,-21.15917587
U/N Reef (21-113c),151.36351013,-21.16161156
U/N Reef (21-113d),151.36010742,-21.17233086
U/N Reef (21-113e),151.37101746,-21.17122078
U/N Reef (21-114a),151.42947388,-21.16376495
U/N Reef (21-114b),151.42990112,-21.17124176
U/N Reef (21-114c),151.43481445,-21.16818047
U/N Reef (21-115),151.0368042,-21.17749405
U/N Reef (21-116),151.01277161,-21.21458054
U/N Reef (21-193),152.48942566,-21.00729179
U/N Reef (21-194),152.20040894,-21.01859093
U/N Reef (21-195),152.23452759,-21.02047348
U/N Reef (21-196),152.07595825,-21.03339767
U/N Reef (21-197),152.09532166,-21.04187202
U/N Reef (21-198),152.20246887,-21.05153275
U/N Reef (21-199),152.18943787,-21.06671333
U/N Reef (21-200),152.23136902,-21.06274033
U/N Reef (21-282),152.65705872,-21.1017971
U/N Reef (21-283),152.50035095,-21.13907242
Ron Taylor Reef (21-284),152.52792358,-21.13741684
U/N Reef (21-285),152.54450989,-21.13903236
U/N Reef (21-286),152.51199341,-21.17564964
U/N Reef (21-287),152.58502197,-21.17240524
U/N Reef (21-288),152.60574341,-21.16286278
Pine Islets Reef (21-391),150.22001648,-21.65265083
Pine Islets (No 4) (21-391d),150.22433472,-21.65774345
Walter Reef (21-392),150.34048462,-21.65066719
North East Reef (21-394),150.33010864,-21.66446686
U/N Reef (21-117),151.21272278,-21.19371223
U/N Reef (21-118),151.27482605,-21.20157433
U/N Reef (21-119),151.19476318,-21.21636391
U/N Reef (21-120),151.41723633,-21.21245384
U/N Reef (21-121),151.39891052,-21.24043465
U/N Reef (21-122),151.29815674,-21.24813652
U/N Reef (21-123),151.18199158,-21.25587273
U/N Reef (21-201),152.46444702,-21.06417274
U/N Reef (21-202),152.2013855,-21.07513428
U/N Reef (21-203),152.23768616,-21.08632278
U/N Reef (21-204),152.28117371,-21.08605957
U/N Reef (21-205),152.50106812,-21.08626938
U/N Reef (21-206),152.48829651,-21.10110664
U/N Reef (21-207),152.14338684,-21.0894146
U/N Reef (21-289a),152.59512329,-21.18595886
U/N Reef (21-289b),152.54734802,-21.1842041
U/N Reef (21-290),152.52255249,-21.20072746
U/N Reef (21-291),152.54641724,-21.20467186
U/N Reef (21-292),152.54269409,-21.22770309
U/N Reef (21-293),152.56156921,-21.22248077
U/N Reef (99-464),143.51655579,-10.54308128
U/N Reef (99-465),143.91207886,-10.54318714
U/N Reef (99-466),143.70106506,-10.54388714
U/N Reef (99-467),143.73916626,-10.54464149
U/N Reef (99-472),143.4876709,-10.55386734
U/N Reef (99-474),143.92114258,-10.55549526
Bayag Reef (99-475),143.25144958,-10.56016731
U/N Reef (99-477),143.46289063,-10.563797
U/N Reef (99-478),143.41401672,-10.56578922
U/N Reef (99-480),143.91508484,-10.57259083
U/N Reef (99-482),143.92538452,-10.58829594
U/N Reef (99-484),143.48846436,-10.59537983
U/N Reef (99-488),143.90899658,-10.59624958
U/N Reef (99-491),143.08979797,-10.59838772
U/N Reef (99-492),143.93231201,-10.59911919
U/N Reef (99-496),143.68252563,-10.60664749
U/N Reef (99-498),143.29719543,-10.61133671
Kagar Reef (99-302),142.91264343,-10.59951687
U/N Reef (99-499),143.91023254,-10.61163521
U/N Reef (99-501),143.92382813,-10.61352062
U/N Reef (99-503),143.94464111,-10.61746407
U/N Reef (99-504),143.76292419,-10.62014294
U/N Reef (99-505),143.91281128,-10.62116051
U/N Reef (99-507),143.90116882,-10.62301826
U/N Reef (99-508),143.43829346,-10.62349892
U/N Reef (99-509),143.47171021,-10.62406254
U/N Reef (99-510),143.90826416,-10.62424183
U/N Reef (99-511),143.93264771,-10.6364069
Kai-Damun Reef (99-305),142.84977722,-10.65218353
U/N Reef (99-306),142.75430298,-10.65924644
U/N Reef (99-345),143.37475586,-10.62315369
U/N Reef (99-346),143.22283936,-10.63656139
U/N Reef (99-512),143.94122314,-10.63706112
U/N Reef (99-513),143.92826843,-10.63938808
U/N Reef (99-514),143.95027161,-10.6531477
U/N Reef (99-347),143.03775024,-10.64728355
U/N Reef (99-379),143.5645752,-10.6210928
U/N Reef (99-380),143.65130615,-10.6337719
U/N Reef (99-383),143.94801331,-10.67279911
U/N Reef (99-388),143.88838196,-10.67155743
U/N Reef (99-403),143.55805969,-10.37684345
U/N Reef (99-404),143.54101563,-10.3779726
Gubmarau Reef (99-406),143.31996155,-10.38750362
U/N Reef (99-413),143.49008179,-10.40641785
U/N Reef (99-414),143.55044556,-10.40884876
Susur Reef (99-415),143.24757385,-10.4130106
U/N Reef (99-418),143.74188232,-10.42785358
U/N Reef (99-420),143.59120178,-10.43987274
U/N Reef (99-809),143.9584198,-10.68156528
U/N Reef (99-422),143.38131714,-10.44153595
U/N Reef (99-423),143.92022705,-10.44725609
U/N Reef (99-424),143.4752655,-10.45075321
U/N Reef (99-426),143.43640137,-10.45151424
U/N Reef (99-428),143.64826965,-10.45269299
U/N Reef (99-429),143.92172241,-10.45942211
U/N Reef (16-118),145.64805603,-16.3170414
Middle Banks (11-222a),143.50505066,-11.76433372
U/N Reef (99-432),143.90913391,-10.46963501
U/N Reef (99-434),143.13850403,-10.4736433
U/N Reef (99-435),143.55560303,-10.47472191
Au-Masig Reef (99-436),143.29127502,-10.47605515
U/N Reef (99-437),143.90736389,-10.47798824
U/N Reef (99-440),143.67175293,-10.4850235
U/N Reef (99-442),143.91708374,-10.49137115
U/N Reef (99-444),143.47929382,-10.4951334
U/N Reef (99-446),143.72596741,-10.49639702
U/N Reef (99-447),143.41654968,-10.50092697
U/N Reef (99-448),143.89033508,-10.50344563
U/N Reef (99-456),143.91650391,-10.51833916
U/N Reef (99-457),143.10527039,-10.52569485
U/N Reef (99-460),143.89248657,-10.53761864
Wap Reef (99-461),143.35455322,-10.53966808
Wilson Island Reef (23-050),151.89030457,-23.29052353
Wreck Island Reef (23-051),151.96539307,-23.33036804
U/N Reef (24-003),151.73551941,-24.00552177
Delcomyn Reef (22-082),150.76344299,-22.44829369
Entrance Island Reef (22-083),150.77381897,-22.47928238
U/N Reef (22-084),152.46496582,-21.99973488
U/N Reef (22-085),152.34616089,-22.01666451
Wilson Reef (22-086),152.44837952,-22.01743889
Earl Banks (22-167),150.40493774,-22.32661629
Heron Reef (23-052a),151.97113037,-23.44615173
U/N Reef (23-052b),151.99363708,-23.47618866
Wistari Reef (23-053),151.87670898,-23.46987534
Lady Elliot Island Reef (24-008),152.71542358,-24.11328316
Herald Patches (No 1) (24-009a),152.66725159,-24.20955276
Herald Patches (No 2) (24-009b),152.74205017,-24.20573807
Herald Patches (No 3) (24-009c),152.75134277,-24.21541977
U/N Reef (24-010),153.10368347,-24.38815498
Porpoise Shoal (24-011),153.14909363,-24.64278793
Long Shoal (24-012),153.12510681,-24.52519226
U/N Reef (22-087),152.27824402,-22.02036667
U/N Reef (22-088a),152.15774536,-22.02577591
U/N Reef (22-088b),152.13975525,-22.01519012
U/N Reef (22-089),152.07344055,-22.03321266
U/N Reef (22-816),152.47396851,-22.17310524
U/N Reef (22-817),152.49728394,-22.23873711
Sykes Reef (23-054),152.03375244,-23.43322182
One Tree Island Reef (23-055a),152.06114197,-23.4956665
U/N Reef (23-055b),152.04714966,-23.47586441
U/N Reef (23-055c),152.07925415,-23.47324371
Rundle Reef (23-056),151.27566528,-23.53397751
Chesterman Reef (22-090),152.42874146,-22.04010582
U/N Reef (22-091),152.33093262,-22.05775452
U/N Reef (22-092),152.47737122,-22.07732201
Abrahams Reef (22-093),152.48748779,-22.10082817
Herald No 1 (22-094),152.25547791,-22.09478951
U/N Reef (22-818),152.53590393,-22.19950676
U/N Reef (22-819),152.54141235,-22.21436882
U/N Reef (22-820),152.55342102,-22.2181778
U/N Reef (22-821),152.58311462,-22.23521042
U/N Reef (22-822),152.57028198,-22.2753582
U/N Reef (22-823),152.62332153,-22.27673149
U/N Reef (22-824),152.64994812,-22.2139225
U/N Reef (22-825),152.66448975,-22.22339821
U/N Reef (22-826),152.67611694,-22.21496773
U/N Reef (22-827),152.70806885,-22.25904655
Bass Shoals (23-057),151.27149963,-23.55726433
Keppel Rocks Reef (23-058),151.04977417,-23.43000603
Curtis Island Reef (No 1) (23-059a),151.02030945,-23.45039749
U/N Reef (22-095),152.36013794,-22.10380173
U/N Reef (22-096),152.28662109,-22.10918236
U/N Reef (22-097),152.44947815,-22.16904068
U/N Reef (22-098),152.49511719,-22.20027733
U/N Reef (22-828),152.28701782,-22.00428391
U/N Reef (22-829),152.29925537,-22.07191658
U/N Reef (22-830),152.31393433,-22.12415504
U/N Reef (22-831),152.34751892,-22.13559914
U/N Reef (22-832),152.33248901,-22.08049202
U/N Reef (22-833),152.36924744,-22.12428284
U/N Reef (22-834),152.37477112,-22.06201363
U/N Reef (22-835),152.37631226,-22.09375
U/N Reef (22-836),152.40299988,-22.05840492
U/N Reef (22-837),152.4098053,-22.05709076
U/N Reef (22-838),152.40068054,-22.13669395
Rat Reef (23-060),151.31787109,-23.76475906
North Point Reef (Facing Island Reef) (23-061a),151.33428955,-23.75416183
Facing Island Reef (No 2) (23-061b),151.32672119,-23.76521111
Alnwick Reef (22-031),150.38522339,-22.01322174
Hexham Reef (22-032),150.36723328,-22.01821327
Danger Reef (22-033),150.1618042,-22.00987434
Hackie Reef (22-099),152.41433716,-22.26186752
U/N Reef (22-100),152.50312805,-22.299366
U/N Reef (22-101),152.62712097,-22.0028801
U/N Reef (22-839),152.47848511,-22.05398941
U/N Reef (22-840),152.49977112,-22.07751846
U/N Reef (22-841),152.51834106,-22.02001953
U/N Reef (22-842),152.54067993,-22.0200386
U/N Reef (22-843),152.54393005,-22.00943756
U/N Reef (22-844),152.55215454,-22.01573753
U/N Reef (22-845),152.56410217,-22.08251953
U/N Reef (22-846),152.5716095,-22.11337662
U/N Reef (22-848),152.65489197,-22.04643059
U/N Reef (22-849),152.70336914,-22.11214066
Manning Reef (23-062),151.35610962,-23.85565186
Sable Chief Rocks Reef (23-064),151.38822937,-23.81376076
East Banks (East) (23-065a),151.39343262,-23.90062332
East Banks (West) (23-065b),151.41526794,-23.89655304
Curtis Rock Reef (23-066),151.48129272,-23.93275642
Seal Rocks Reef (No 1) (23-067a),151.4941864,-23.95011902
Seal Rocks Reef (No 2) (23-067b),151.48506165,-23.96214294
Seal Rocks Reef (No 3) (23-067c),151.48217773,-23.97415543
Otterbourne Reef (22-034),150.28771973,-22.02418709
Two Round Rocks Reef (22-035),150.09788513,-22.03081703
Steep Reef (22-036),150.4506073,-22.03599739
Low Island Reef (22-037),150.09828186,-22.04639244
Clara Island Reef (22-038),150.22903442,-22.30719376
Chinaman Reef (22-102),152.65826416,-22.0051918
Half Moon Reef (22-103),152.72612,-22.01127243
Horseshoe Reef (No 1) (22-104a),152.58039856,-22.04248619
Horseshoe Reef (No 2) (22-104b),152.56454468,-22.0443325
Horseshoe Reef (No 3) (22-104c),152.57243347,-22.05807686
U/N Reef (22-850),152.70979309,-22.00790977
U/N Reef (22-851),152.74041748,-22.03745079
Conical Rocks Reef (23-001),150.8769989,-23.03621864
Corroboree (Te-ri-mul) Reef (23-002),150.87962341,-23.04696274
Erskine Reef (23-068),151.77363586,-23.50185394
Mast Head Reef (23-069),151.72671509,-23.52691841
Irving Reef (23-070),151.62731934,-23.53884888
Donovan Shoal (22-040),150.27516174,-22.15557671
North Rock Reef (22-041),150.35597229,-22.17988205
Mumford Reef (22-042),150.36090088,-22.19195747
White Rocks Reef (22-043),150.25120544,-22.20283699
Ten Pin Reef (22-044),150.35214233,-22.20464134
Holt Island Reef (22-045),150.37442017,-22.20710564
U/N Reef (22-105),152.50454712,-22.05869484
U/N Reef (22-106),152.73783875,-22.05660439
U/N Reef (22-107),152.77597046,-22.05346489
Ron Isbel Reef (22-108),152.63096619,-22.06573105
Sanctuary Reef (22-109),152.67567444,-22.06676674
U/N Reef (22-110),152.59646606,-22.06586647
U/N Reef (22-111),152.52206421,-22.07334137
U/N Reef (22-112),152.59587097,-22.08454323
North Keppel (Ko-no-mie) Island Rf (No 1) 23-004a,150.90046692,-23.06347847
Pumpkin Reef (23-005),150.89866638,-23.09467316
Square Rocks Reef (23-006),150.88470459,-23.09677124
Sloping Reef (23-007),150.89718628,-23.09815407
Polmaise Reef (23-071),151.67791748,-23.55586243
Rock Cod Shoal (23-072),151.61776733,-23.67429924
U/N Reef (23-074a),151.62489319,-23.97248268
U/N Reef (23-074b),151.644104,-23.97548866
U/N Reef (22-046),150.37095642,-22.21692276
Ripple Island Reef (No 1) (22-047a),150.4389801,-22.20445824
Ripple Island Reef (No 2) (22-047b),150.42280579,-22.21774101
Ripple Island Reef (No 3) (22-047c),150.43809509,-22.2144146
Harrison Reef (22-048),150.41181946,-22.21735001
U/N Reef (22-113),152.64712524,-22.09456444
U/N Reef (22-114),152.62452698,-22.10386276
U/N Reef (22-115),152.53358459,-22.10583496
Hook Reef (22-116),152.74171448,-22.09586525
U/N Reef (22-117),152.60931396,-22.12369537
U/N Reef (22-118),152.62887573,-22.12538719
U/N Reef (22-119),152.67634583,-22.12095451
U/N Reef (22-120),152.80116272,-22.11499977
Man and Wife (Ban-ka-boo-la-re) Rcks Rf 23-008,150.9916687,-23.11747551
Miall (Ma-ma-lon-bi) Reef (23-009),150.90542603,-23.14964104
Middle (Ba-la-ba) Island Reef (23-010),150.91575623,-23.16776657
Bluff Rock Reef (23-011),150.80419922,-23.17276382
Lamont Reef (23-076),152.0274353,-23.59870148
Fitzroy Reef (23-077),152.14743042,-23.63306427
Lingham Reef (22-049),150.27001953,-22.22875595
Turn Shoal (22-050),150.23266602,-22.20960617
Collins Reef (22-052),150.30755615,-22.23665047
Sinker Reef (22-121),152.74615479,-22.11695099
Junior Reef (22-122),152.53179932,-22.1481514
U/N Reef (22-123),152.59759521,-22.14977264
Taiwan Reef (22-124),152.76055908,-22.15019226
U/N Reef (22-125),152.55300903,-22.15541458
U/N Reef (22-126),152.65249634,-22.16170502
Great Keppel (Wop-pa) Island Reef (No 2) (23-012b),150.97557068,-23.1511116
Llewellyn Reef (23-078),152.18093872,-23.69460678
Boult Reef (23-079),152.27194214,-23.75748634
Hoskyn Islands Reef (23-080),152.28726196,-23.8077755
Leicester Island Reef (No 2) (22-053b),150.41915894,-22.29171562
White Shoal (22-055),150.28445435,-22.19483948
U/N Reef (22-127),152.52345276,-22.1792717
U/N Reef (22-128),152.60446167,-22.18705177
U/N Reef (22-129),152.62690735,-22.18472099
Gater Reef (22-130),152.69818115,-22.17048645
Sunray Reef (22-131),152.76132202,-22.18341255
Halfway Island Reef (23-014),150.96990967,-23.20013618
Humpy (Bur-ye-Bur-ye) Reef (23-016),150.96768188,-23.21115875
Pelican Island Reef (23-017),150.87335205,-23.24311829
Fairfax Islands Reef (23-081),152.36096191,-23.86657143
Osborn Reef (22-056),150.2288208,-22.28556442
Blind Reef (22-057),150.29214478,-22.28166962
Master Rocks Reef (22-058),150.28393555,-22.33703995
Edward Island Reef (22-060),150.30178833,-22.30827332
Sun Reef (22-061),150.23995972,-22.30942726
U/N Reef (22-132),152.55490112,-22.20296288
Sandshoe Reef (22-133),152.75704956,-22.20902634
U/N Reef (22-134),152.6186676,-22.22284508
U/N Reef (22-135),152.5274353,-22.24028587
U/N Reef (22-136),152.65368652,-22.24532127
Wedge Island Reef (23-019),150.88639832,-23.27748299
Mother Macgregor Reef (23-020),150.8263092,-23.2846508
Round Rock Reef (23-022),150.83045959,-23.30085564
Divided Reef (23-023),150.92222595,-23.30302429
Flat Rock Reef (23-024),150.84863281,-23.3140049
Split Rock Reef (23-025),150.92990112,-23.33209991
Lady Musgrave Reef (23-082a),152.38720703,-23.90178299
U/N Reef (23-082b),152.39678955,-23.92109871
Farmers Reef (23-084),151.31813049,-23.77182007
Turtle Island Reef (23-085),151.26489258,-23.79853249
Swan Reef (22-062),150.20462036,-22.32010651
Marquis Reef (22-063),150.45228577,-22.30839729
Bay Island Reef (22-064),150.31370544,-22.32761955
Round Rock Ledges (22-065),150.45906067,-22.35005379
U/N Reef (22-137),152.68218994,-22.24365234
U/N Reef (22-138),152.56083679,-22.25679016
U/N Reef (22-139),152.60469055,-22.26438522
Sweetlip Reef (22-140),152.73731995,-22.27070427
Dicks Reef (22-141),152.66279602,-22.30785561
Peak Reef (23-026),150.93766785,-23.3489666
Arch Reef (23-027),150.94316101,-23.3606739
Girt Reef (23-028),150.81385803,-23.35746956
Quartz Reef (23-029),150.85803223,-23.42201424
The Child Reef (23-030),151.08505249,-23.15463829
Bushy Island Reef (23-086),151.33810425,-23.83421516
U/N Reef (23-087),151.59544373,-23.42732811
U/N Reef (23-088a),151.8163147,-23.49989891
U/N Reef (23-088b),151.81655884,-23.50948524
U/N Reef (23-089),152.08717346,-23.6794548
Stuart Shoal (23-090),152.46458435,-23.87102699
Connor Rock Reef (22-066),150.32759094,-22.35583687
Akens Reef (22-067),150.26795959,-22.35756111
U/N Reef (22-068),150.33862305,-22.43372345
Tweed Reef (22-069),150.64506531,-22.00650597
U/N Reef (22-142),152.73651123,-22.29887009
U/N Reef (22-143),152.72900391,-22.32504654
U/N Reef (22-144),152.68025208,-22.33198547
Hixson Cay Reef (22-145),152.73062134,-22.34350204
Twins Reef (West) (22-146a),152.54454041,-22.3670311
Twins Reef (East) (22-146b),152.56051636,-22.37986755
Barren (A-rum-mi) (First Lump) Rf (No 1) 23-031a,151.07069397,-23.16266632
Barren (A-rum-mi) (First Lump) Rf (No 2) 23-031b,151.07897949,-23.16329956
Egg Reef (23-033),151.10040283,-23.19775391
Lisa Jane Shoals (23-034),151.08569336,-23.29105759
Jabiru Shoals (23-035),151.06906128,-23.34667397
Rothbury Reef (22-070),150.64956665,-22.02905846
Cheviot Reef (22-071),150.67242432,-22.08842659
Raynham Reef (22-073),150.540802,-22.2659111
Pelican Rock Reef (22-074),150.25891113,-22.34176254
U/N Reef (22-147a),152.70628357,-22.36080551
South Hixson Reef (22-147b),152.71989441,-22.35609627
Howard Patch (No 1) (22-148a),152.59686279,-22.3952713
Howard Patch (No 2) (22-148b),152.65293884,-22.3807354
Howard Patch (No 3) (22-148c),152.61279297,-22.37690735
Ship Rock Reef (23-037),151.18359375,-23.40786171
Fairway Rock Reef (23-038),151.16886902,-23.41720963
Timandra Bank (23-039),151.02453613,-23.4292984
Innamincka Shoal (23-041),151.83343506,-23.00548744
Haberfield Shoal (23-042a),151.7779541,-23.03224754
Clara Group Reef (22-075),150.71580505,-22.33778381
Brown Reef (22-076),150.68203735,-22.35803413
Triangular Reef (22-077),150.50758362,-22.38270569
Quoin Reef (22-149),150.79794312,-22.56382942
Perforated (Peak) Reef (22-152),150.95962524,-22.65620041
Flat Island Reef (22-153),150.99430847,-22.73053741
Guthrie Shoal (23-042b),151.84333801,-23.04942131
Johnson Patch (23-043),151.59663391,-23.07773399
Douglas Shoal (23-044),151.66712952,-23.09139442
North Reef (North) (23-045a),151.90402222,-23.18507195
Island Head Reef (22-078),150.65988159,-22.33389854
Split Island Reef (22-079),150.74176025,-22.40484238
Dome Reef (22-080),150.74647522,-22.41151047
U/N Reef (22-081),150.73052979,-22.4309597
Karamea Bank (22-156),151.5401001,-22.64430237
Barcoo Bank (22-157),151.6587677,-22.85585213
Moresby Bank (22-158),151.77133179,-22.84694099
Edgell Bank (22-159),151.77529907,-22.88311386
Goodwin Shoal (22-160),151.72375488,-22.91066933
Archer Shoal (22-161),152.67381287,-22.61344719
Round Island Reef (22-163),150.77062988,-22.51808167
North Reef (South) (23-045b),151.88774109,-23.20534706
Tryon Reef (23-046),151.78274536,-23.24594116
Brew Shoal (23-047),151.76174927,-23.25719452
Broomfield Reef (23-048),151.94029236,-23.26951599
North West Island Reef (23-049),151.77075195,-23.29514885
Great Detached Reef (No 5) (11-244e),143.97679138,-11.73175335
Barren (A-rum-mi) (First Lump) Rf (No 3) 23-031c,151.07457633,-23.15541323
South Ledge (10-327),142.73246765,-10.70542622
King Reefs (17-048),146.1231842,-17.77316666
Park Shoal (21-380),149.87963867,-21.98472214
U/N Reef (23-018),150.79826355,-23.17797852
