,Addu Atoll,Fuvahmulah Atoll,Centurion and Ganges Banks,Pitt Bank S,Pitt Bank C,Pitt Bank N,Diego Garcia,Unnamed reefs (GCB1),Egmont and Danger Islands (GCB2),Eagle Island (GCB3),Unnamed reefs (GCB4),Unnamed reefs (GCB5),Unnamed reefs (GCB6),Unnamed reefs (GCB7),Unnamed reefs (GCB8),Unnamed reefs (GCB9),Nelsons Island (GCB10),Unnamed reefs (GCB11),Unnamed reefs (GCB12),Unnamed reefs (GCB13),Unnamed reefs (GCB14),Cauvin Bank (GCB15),Benares Shoals,"Victory Bank, Salomon Islands, and Blenheim Reef",Speakers Bank and Colvocoresses Reef,Mauritius SW,Mauritius N,Mauritius SE,Rodrigues,St Brandon,Agaléga Islands,Aldabra Atoll SW,Aldabra Atoll NW,Aldabra Atoll NE,Aldabra Atoll SE,Assomption Island,Cosmoledo Atoll,Astove Island,McLeod Bank,Bulldog Bank,Farquhar Atoll,Umzinto Bank SW,Umzinto Bank NE,Providence Atoll,Saint Pierre Island,Wizard Reef,St François Atoll ,Alphonse Atoll,Marie Louise and Desnoeufs Island,Boudeuse Cay,Etoile Cay,Unnamed reef,Poivre Atoll,Desroches Atoll,St Joseph Atoll and D'Arros Island,Rémire Island,African Banks,Platte Island,Coëtivy Island,Silhouette Island and Ile du Nord,Mahé S,Mahé W,Mahé NE,Recif Island,Frégate Island,"La Digue, Félicité Island, Marianne, Grande Soeur, and Petite Soeur","Praslin, Curieuse, Round Island, Cousin Island, and Cousine Island",Aride Island,Denis Island,Toliara,Complexe Mikea S,Complexe Mikea N,Morombe,Mangoky Delta and nearby islands,Maharivo Delta and nearby islands,Melaky S islands,Melaky C islands,Melaky N islands,Parc National de la Baie de Baly,Mahajanga Delta,Helodrano Mahajambe,Helodrano Mahajambe N,Analalava,Southern Barrier Reef S,Southern Barrier Reef N,Nosy Be,Nosy Mitsio,Zélée Bank,Nosy Valiha,Nosy Hara Reserve,Cape Amber,Ambolobozokely,Nosy Ankao,Antalaha,Parc National de Masoala,Mananara Avaratra,Nosy Boraha,Toamasina,Brickaville,Manakara,Europa Island,Bassas da India,Juan de Nova Island,Glorioso Islands,Tromelin Island,Mayotte S,Mayotte E,Mayotte NW,Réunion,Nzwani,Mwali,Ngazidja SE,Ngazidja SW,Ngazidja N,Guiducua,Vilanculos,Parque Nacional do Bazaruto,Primeiras Islands,Segundas Islands,Reefs north of the Segundas Islands S,Reefs north of the Segundas Islands N,Mozambique Island,Nacala,Memba S,Memba N,Pemba,Southernmost Quirimbas,St Lazarus Bank,"Quirimba, Ibo, and Matemo Islands",Quiterajo,Mocimboa da Praia,"Metundo, Vamizi, and Rongui Islands",Palma,Mongo Island,Mikindani Bay,Lindi,Mchinga,Kisongo,Kilwa Kisiwani and Songa Mnara Islands,Songo Songo Islands S,Songo Songo Islands C,Songo Songo Islands NW,Songo Songo Islands NE,Mafia Island SE,Mafia Island N,Mafia Island SW,Kwale Island,Buuni,Latham Island,Dar es Salaam S,Dar es Salaam N,Bagamoyo,Reefs west of Zanzibar,Zanzibar W,Zanzibar SW,Zanzibar SE,Zanzibar E,Zanzibar N,Mkwaja,Maziwe Island and Pangani,Kilale,Tanga,Dumbani,Pemba S,Pemba E,Pemba N,Pemba W,Kisite Marine National Park,Ukunda,Mombasa,Kilifi,Watamu,Tana Delta,North Tana Area,Lamu Island,Pate Island,Kiunga Marine National Reserve,Ras Kamboni,Burgabo,Bajuni Islands
Addu Atoll,0.046147563,0.00012783446,1.3801196E-10,2.626303E-10,0.0000000014257386,7.0183354E-10,0.0000000012713495,4.809708E-10,0.000000007025977,0.00000001409949,0.000000004732889,0.000000005064183,0.000000014227617,0.000000015804684,0.000000009367616,0.000000011106358,0.00000005102586,0.00000002748865,0.000000012423978,0.0000000028698046,0.000000007611672,0.0000000012522,0.000000084169194,0.00000010900682,0.0000010419718,0,0,0,0,0,5.1205186E-12,1.3785305E-12,1.039593E-13,3.2394205E-13,8.214369E-13,3.9035387E-13,3.861087E-12,3.3729231E-13,3.6954597E-13,2.1702819E-14,2.2174888E-12,7.228569E-14,3.1008413E-14,1.084618E-11,6.236188E-13,2.5376387E-12,3.928581E-12,6.504092E-13,4.323377E-12,6.3888803E-12,1.5531363E-12,2.3649152E-11,2.141268E-11,2.8637043E-10,3.3465397E-10,5.500415E-10,5.608772E-10,0.0000000010861371,7.5968815E-11,0.000000004685563,0.0000000024409894,0.000000005829023,0.0000000045321213,7.045808E-10,0.0000000014315686,0.000000008576906,0.000000026605859,0.0000000010509651,0.00000000976684,0,0,0,8.786842E-20,5.6583277E-18,2.0225612E-17,1.2519547E-17,2.0079003E-18,8.136861E-19,2.3517748E-18,2.238237E-19,3.5362984E-19,5.2204677E-20,6.4016686E-19,9.077855E-18,1.2335104E-17,6.978778E-18,7.088426E-18,2.1637848E-15,1.5669167E-16,2.2916241E-15,1.3870129E-13,2.2343084E-14,7.587922E-15,7.8637787E-16,3.0354752E-17,1.4406706E-19,2.0281499E-17,4.2058085E-18,1.8302158E-20,0,0,0,2.6741461E-15,1.4860017E-14,0,4.232338E-14,8.9814325E-15,5.653225E-15,0,1.1646091E-14,6.751334E-15,1.2007031E-14,4.892751E-16,2.6050115E-14,3.592882E-23,3.0078613E-22,0,6.48705E-19,9.286432E-20,1.5694262E-18,2.4294532E-19,2.603707E-17,2.4169357E-16,9.077439E-16,2.28853E-16,2.0632384E-15,3.1613236E-16,2.051316E-15,1.6548459E-14,1.4083285E-14,3.230592E-14,5.7374136E-14,7.7833275E-14,1.1661589E-13,2.581212E-13,2.8580513E-13,7.409598E-14,4.962021E-14,3.297925E-13,7.579923E-13,6.623525E-13,1.4742805E-13,2.9204696E-13,8.5502715E-13,4.2056126E-13,3.5091252E-13,1.2686556E-13,7.656569E-14,5.650873E-14,1.7861045E-13,1.6761125E-13,6.1931756E-14,2.5260039E-14,2.3879921E-13,9.723803E-14,4.1834995E-13,6.1491524E-13,2.1877597E-12,1.8254843E-13,7.565086E-14,8.744164E-14,8.6493535E-13,3.2831086E-13,3.9432596E-13,9.933284E-13,3.0576396E-12,8.0937465E-13,5.002072E-13,2.0940675E-13,4.140036E-13,1.7091158E-12,2.8695267E-13,7.330117E-15,3.6133295E-13,1.3858219E-12,1.9743749E-12,4.0256297E-13,8.1822076E-13,7.7372933E-13,9.276023E-13
Fuvahmulah Atoll,0.0022134173,0.0005711779,2.3595356E-10,1.7324929E-10,3.0736058E-10,0.000000016257847,0.0000000011490765,1.0754625E-10,0.000000010576257,0.000000021648992,0.0000000013956544,5.9024696E-10,0.000000011078691,0.000000013917801,0.000000006358037,0.000000006177177,0.000000052351417,0.00000004196203,0.000000025037103,0.0000000037091434,0.0000000017379856,2.681419E-10,0.00000012203701,0.00000022837985,0.00000035827483,0,0,0,0,0,2.2910053E-12,2.7092816E-12,2.5338024E-13,5.9662057E-13,9.60783E-13,5.1976244E-12,1.15215285E-11,4.0219846E-13,5.801371E-13,1.6910601E-14,2.1576894E-12,5.9433307E-13,3.3480155E-13,2.1814195E-11,1.5549818E-12,9.23756E-12,1.9622146E-10,7.163173E-11,2.375174E-11,1.0919015E-10,1.2560315E-11,3.506327E-11,2.1623932E-11,4.7028903E-10,2.0537054E-10,3.6715536E-10,9.964113E-10,0.0000000050598166,8.555791E-11,0.000000018092713,0.000000022248821,0.000000009061112,0.000000021751669,0.000000004609517,0.0000000030464067,0.00000002843238,0.000000045190657,0.0000000028323675,0.000000030307348,0,0,1.9387195E-21,6.8530892E-18,5.828752E-18,1.5443024E-17,8.838543E-18,7.320844E-18,7.523389E-17,1.6174584E-17,5.3045133E-19,4.607567E-20,4.6606284E-21,5.9636728E-18,3.388493E-17,5.0093297E-17,1.64368E-17,3.7544742E-17,5.169558E-15,1.0187062E-15,1.8668789E-14,2.9027236E-13,4.6644868E-14,7.011621E-15,5.47261E-16,1.9497908E-18,4.1697603E-20,3.567633E-18,2.1532173E-18,9.07654E-21,0,0,0,1.4824384E-15,5.4682448E-14,0,8.754958E-15,3.8287977E-15,4.0518173E-15,0,1.0133423E-14,2.2385644E-14,6.5572454E-15,2.202062E-15,8.459597E-15,0,0,0,3.3292049E-18,1.6680067E-18,2.7774057E-18,4.7742854E-19,5.6376084E-17,8.1966166E-16,6.5828326E-15,4.3106536E-15,1.4715585E-14,1.3297088E-15,7.126242E-15,2.4690953E-14,1.8918086E-14,3.8002963E-14,8.72929E-14,8.067861E-14,1.38726565E-14,6.359482E-14,8.331064E-14,1.3751841E-13,7.157749E-14,1.5326477E-13,1.7816492E-13,2.8365453E-13,4.873281E-14,1.02791046E-13,1.09169394E-13,4.9615073E-14,9.370723E-14,3.868878E-14,1.895382E-14,2.0382274E-14,2.6969282E-13,1.627812E-13,8.373556E-14,1.2969808E-14,6.335936E-14,1.2826287E-13,1.7130058E-13,7.7598694E-14,4.6070515E-13,2.0546588E-14,3.952592E-14,2.246196E-14,4.5429494E-13,2.0269684E-13,1.2404568E-13,3.4881684E-13,2.3787168E-12,3.1943109E-13,1.3786639E-13,7.7339956E-14,1.3108037E-13,9.0594513E-13,1.0698828E-13,2.9613132E-15,1.5171123E-13,5.7048105E-13,1.4469139E-12,3.5262114E-13,1.5608251E-12,3.5079827E-12,4.0037773E-12
Centurion and Ganges Banks,1.26653E-11,1.2279982E-11,0.0011438009,0.0005280133,0.0006571267,0.0004365239,0.00045439854,0.000051868752,0.00044600965,0.00019763454,0.00008564992,0.000061573446,0.00009496406,0.000058246147,0.000029514946,0.000015052615,0.000074649804,0.00008183136,0.00004291828,0.000057790123,0.00020868516,0.00015396766,0.00002528941,0.00003327157,0.0000131724855,9.5090985E-15,1.0803613E-12,2.0565415E-13,1.3786248E-12,0.000000003416172,0.000000031907955,0.0000000014288284,1.7142646E-10,3.065091E-10,6.04834E-10,5.84665E-10,0.0000000029291913,5.7047117E-10,4.344707E-10,1.1327007E-10,0.000000026124733,9.905505E-11,7.4838837E-11,0.000000011297893,1.6519906E-10,7.4616224E-10,1.4980817E-10,1.6648913E-11,2.861971E-12,6.739589E-12,1.4674791E-12,3.7560497E-12,3.6179829E-12,2.3193673E-11,2.0293062E-12,2.0044218E-12,3.4840682E-13,1.0564158E-10,8.3809537E-10,8.173649E-12,3.0743836E-12,6.8506485E-11,3.714404E-12,4.0044042E-13,3.4505753E-13,1.2157504E-12,2.121887E-11,1.2363739E-12,8.222259E-14,1.2861444E-17,2.1163567E-17,4.2825808E-16,2.7098485E-16,3.2890414E-16,1.053529E-15,4.2002585E-14,5.4489308E-15,8.280723E-15,1.7537189E-14,6.910548E-15,6.6380524E-15,2.4122396E-14,4.1186355E-13,1.1925429E-12,1.5640962E-12,1.1050361E-12,4.9522388E-14,3.5353042E-12,4.5859475E-13,1.5577397E-12,1.2914188E-10,1.8277472E-11,1.4440344E-11,2.8164485E-12,4.786276E-12,7.0455374E-14,5.102011E-13,8.56485E-15,3.7974533E-16,2.0723513E-18,2.2851976E-17,2.7191261E-15,2.3603027E-13,7.804826E-11,4.891424E-12,7.5697434E-12,7.389921E-12,1.2711961E-11,8.313653E-17,1.1331639E-11,2.8986147E-11,1.5261094E-11,3.2156215E-11,1.5711069E-10,6.534987E-17,7.291661E-16,3.6352473E-15,1.4481603E-13,2.7434053E-13,4.1867863E-14,7.587357E-14,5.254364E-13,5.996689E-12,8.084644E-12,1.1484964E-12,5.8892353E-12,6.211515E-12,7.815734E-12,3.155739E-11,3.4522257E-11,3.683925E-11,7.768508E-11,3.3573373E-11,2.4247817E-11,4.811737E-11,5.097028E-11,1.8543193E-11,1.506817E-11,4.3355375E-11,5.6024598E-11,1.1220309E-10,2.639531E-11,4.1741534E-11,4.384071E-11,2.7655364E-11,4.129392E-11,1.6247E-11,5.2619085E-12,6.580395E-12,9.337206E-12,1.7980123E-11,1.0212198E-11,9.565225E-13,5.2761346E-12,9.602262E-12,3.176664E-11,1.4158567E-11,1.077033E-10,7.1330004E-12,7.817332E-12,7.59801E-12,4.4773064E-11,1.3251859E-11,1.5835866E-11,2.5253742E-11,1.5024643E-11,1.3429461E-13,2.2575691E-11,4.5236675E-12,6.546897E-12,2.3749443E-11,4.6269867E-12,1.5508431E-14,2.2374895E-12,2.9769722E-12,6.9292076E-12,1.1516288E-12,6.2050144E-12,1.8132578E-12,1.5880505E-12
Pitt Bank S,0.00000000637214,4.6139162E-11,0.0009593125,0.0032707534,0.00415118,0.0020166913,0.0011137247,0.00021928856,0.0014923776,0.00055493996,0.00031836482,0.00022780843,0.00033976065,0.00014132432,0.000096140786,0.00007972505,0.00023491814,0.00019891138,0.00013195246,0.00015477241,0.0007191393,0.0004879132,0.00010236598,0.00012602453,0.000065291104,5.7145938E-15,1.2341795E-12,1.0439693E-13,5.3015947E-13,0.0000000012289616,0.000000015794381,5.734846E-10,1.9463585E-10,1.8213503E-10,2.58378E-10,2.4204877E-10,0.0000000012712376,2.1563618E-10,2.2958045E-10,4.8057048E-11,0.0000000124357,8.469961E-11,3.5513436E-11,0.000000006278049,1.733945E-10,3.288599E-10,3.385859E-11,1.18640505E-11,2.9413828E-12,2.5514105E-12,7.256722E-13,1.878904E-12,1.4094559E-12,3.373523E-11,3.1387232E-12,3.9262314E-13,1.1588803E-14,1.4494009E-10,0.000000002256979,1.5006881E-14,4.3224976E-14,4.1196918E-14,3.922207E-14,2.2268882E-13,4.6653294E-14,2.2128692E-14,4.8696094E-14,1.9425813E-15,2.7580834E-14,1.9867315E-17,2.678542E-17,7.3674365E-16,5.3877103E-16,1.4944525E-16,5.1650656E-16,8.9222935E-15,1.8567002E-15,3.817715E-15,4.761086E-15,1.2043537E-15,1.4763382E-15,4.487674E-15,6.994087E-14,2.6398485E-13,3.3044E-13,2.9019867E-14,1.9922877E-14,2.1432058E-12,2.7952887E-13,6.398686E-13,5.9779216E-11,1.08403295E-11,3.6841077E-12,1.463704E-13,1.6165164E-13,1.7174952E-14,5.8927174E-13,2.9889283E-15,3.5046462E-16,1.3732263E-17,4.210181E-17,1.6362281E-16,1.4872062E-13,1.986091E-11,2.0054618E-13,4.3136163E-12,4.6454173E-12,1.0763181E-11,1.7835054E-16,6.4778603E-12,6.710662E-12,6.7049526E-12,1.02958276E-11,6.00408E-11,1.0330008E-17,8.363282E-17,6.5440664E-16,4.3242082E-14,7.265723E-14,2.6325098E-14,8.302112E-14,4.1111204E-13,2.1657938E-12,3.922387E-12,5.302099E-13,2.5438165E-12,1.9336358E-12,3.057989E-12,8.8093075E-12,1.0137331E-11,1.3010278E-11,3.3022193E-11,1.7401584E-11,9.653318E-12,1.6689117E-11,1.38941445E-11,9.0694015E-12,4.793414E-12,1.551205E-11,1.7832891E-11,5.238213E-11,1.0528846E-11,2.1782206E-11,3.2341716E-11,2.2490492E-11,2.3681017E-11,8.678996E-12,3.1373138E-12,3.5975374E-12,5.127204E-12,4.921444E-12,2.757446E-12,6.500652E-13,3.1481983E-12,7.802856E-12,1.9046506E-11,7.862465E-12,6.9613176E-11,3.5916944E-12,5.006898E-12,4.7256686E-12,2.7481122E-11,8.335606E-12,7.319439E-12,9.634341E-12,7.8273525E-12,4.3007817E-14,1.2202525E-11,2.9244471E-12,4.447401E-12,1.8762169E-11,2.5896629E-12,1.1916233E-14,1.2803616E-12,1.6968919E-12,4.543142E-12,7.2215167E-13,4.2251606E-12,9.741465E-13,7.49948E-13
Pitt Bank C,0.0000000032224639,4.676383E-11,0.0005364683,0.002623815,0.005141333,0.0036471724,0.00084806647,0.0003965131,0.0028000702,0.0009747772,0.00058321084,0.00041298388,0.00058805034,0.0002347032,0.00015610944,0.00011940997,0.00035774006,0.0002955189,0.00020388777,0.00018689799,0.0008441879,0.00054226874,0.00014890783,0.00016898534,0.00011079792,5.675805E-15,7.14135E-13,1.958412E-13,5.11324E-13,0.000000001184461,0.000000013052421,4.90633E-10,1.4114203E-10,1.6650192E-10,2.1612469E-10,2.5920627E-10,0.0000000017126961,2.1824252E-10,2.8589156E-10,4.529605E-11,0.000000009239464,9.195004E-11,3.078579E-11,0.0000000055332805,1.7905687E-10,2.9222508E-10,4.7064692E-11,1.5475203E-11,2.5647344E-12,2.0177683E-12,4.1728605E-13,1.029586E-12,1.0612799E-12,1.328135E-11,1.5557738E-12,2.914934E-12,4.9486787E-13,2.8201944E-11,0.0000000035107628,2.6583317E-13,6.7940266E-13,1.6384854E-13,2.7159483E-12,1.5654311E-13,3.3478106E-13,4.9929223E-13,4.173428E-12,4.934189E-14,1.0919125E-13,1.00561844E-17,5.8652106E-18,1.3890144E-16,1.0729362E-16,3.0788385E-16,6.3994816E-16,7.849832E-15,1.7579089E-15,4.6748536E-15,5.0873366E-15,8.7226616E-16,8.367014E-16,2.934906E-15,1.1317601E-13,2.6729866E-13,2.259227E-13,3.3961156E-14,1.0692469E-14,1.3505646E-12,1.0281225E-13,3.1576822E-13,5.3745973E-11,9.520699E-12,6.182736E-12,3.3282882E-13,2.0802411E-13,1.4370368E-14,2.7067565E-13,2.8075574E-15,4.760602E-16,1.4756532E-18,3.609296E-17,3.4405184E-16,2.1055428E-13,1.9472488E-11,7.404887E-14,3.8525654E-12,3.4977112E-12,8.427392E-12,8.090327E-17,5.3691682E-12,6.121835E-12,8.271238E-12,4.140081E-12,2.1149199E-11,1.4522588E-17,7.358002E-17,3.5242002E-16,3.0039776E-14,3.850978E-14,2.1192422E-14,3.343939E-14,3.4103837E-13,1.8227258E-12,3.2105106E-12,5.455561E-13,2.2937594E-12,1.5163987E-12,2.4329015E-12,8.925267E-12,1.0316267E-11,1.3946053E-11,3.655867E-11,1.3661605E-11,1.26855445E-11,1.52558E-11,1.2722142E-11,7.687851E-12,5.6480155E-12,1.9158921E-11,1.697409E-11,4.7945935E-11,9.937093E-12,1.8118633E-11,2.8996645E-11,1.857744E-11,1.934322E-11,8.22405E-12,3.3017183E-12,2.587807E-12,7.816422E-12,4.829172E-12,2.254476E-12,6.407094E-13,2.1928642E-12,6.2128458E-12,2.2533758E-11,8.483693E-12,6.836508E-11,3.2922228E-12,4.4934707E-12,4.063855E-12,3.1160265E-11,9.601044E-12,1.33888E-11,9.819406E-12,7.022809E-12,3.0601928E-14,1.1644546E-11,3.283494E-12,4.963604E-12,1.5338973E-11,2.5157307E-12,1.145495E-14,1.1980782E-12,1.3001503E-12,3.6812844E-12,7.088222E-13,4.363751E-12,9.243545E-13,5.3074185E-13
Pitt Bank N,0.0000000011921825,8.480518E-11,0.00039788676,0.0014948167,0.0037377998,0.004088469,0.00045419627,0.000391649,0.004418901,0.0015138426,0.0008496101,0.00045130536,0.000821586,0.00033340044,0.00021980568,0.00013480893,0.0003965783,0.00033049018,0.0002144776,0.00016449208,0.00075360277,0.00041199813,0.00023517874,0.00017293426,0.00010941132,1.3084777E-15,1.599498E-13,5.584334E-14,2.0023627E-13,1.8955001E-10,0.000000006582405,5.8605143E-10,1.5537466E-10,1.7182691E-10,2.6538674E-10,2.2384843E-10,0.0000000019118906,3.0470992E-10,4.282233E-10,4.9913584E-11,0.000000010397741,1.1907293E-10,3.3159434E-11,0.000000007616069,2.4150879E-10,2.0581727E-10,8.948852E-11,2.990609E-11,6.0879305E-12,2.1358909E-12,9.314658E-13,1.5976812E-12,1.5171687E-12,2.1424532E-11,7.565595E-12,1.3756779E-12,1.3258252E-12,5.6202168E-11,0.0000000070921615,6.5337194E-13,1.2186544E-12,4.0176472E-13,1.9735782E-12,1.1740099E-13,4.958184E-13,4.8236367E-12,4.263536E-12,1.5696565E-13,5.719293E-13,8.827438E-18,6.3292932E-18,9.184691E-17,6.8582226E-17,1.8570999E-16,7.065659E-16,5.730473E-15,1.5167879E-15,2.9715572E-15,3.849395E-15,1.5957131E-15,8.7379215E-16,3.2823664E-15,1.5123575E-13,2.7952746E-13,2.4056698E-13,3.6397517E-14,1.11867175E-14,1.2770203E-12,9.196593E-14,2.7225122E-13,4.6733464E-11,5.6473593E-12,5.179577E-12,8.202236E-13,3.9039423E-13,1.496923E-14,2.4376017E-13,3.1619725E-15,7.9693227E-16,6.575538E-19,8.0853414E-18,5.527119E-16,1.9866032E-13,2.539835E-11,1.8711587E-13,3.5184865E-12,2.4730396E-12,5.539398E-12,1.8515281E-16,3.5280865E-12,6.0730284E-12,4.2168604E-12,5.0083327E-12,2.5999236E-11,1.526325E-17,8.606472E-17,3.7079164E-16,2.1926954E-14,3.3955792E-14,2.8337384E-14,3.978028E-14,3.621857E-13,2.189614E-12,3.7438923E-12,6.9344183E-13,2.4258813E-12,1.9561663E-12,2.3315128E-12,8.625457E-12,1.133559E-11,1.5200372E-11,4.1937006E-11,2.8085586E-11,1.0371997E-11,1.4282103E-11,1.4177898E-11,1.0584934E-11,7.759833E-12,3.2991894E-11,2.0571331E-11,5.905023E-11,1.2666488E-11,2.1374812E-11,2.5620962E-11,1.3021286E-11,2.4024718E-11,1.09799765E-11,4.140474E-12,3.8393355E-12,8.848582E-12,7.675735E-12,3.8738544E-12,8.8770094E-13,2.5279724E-12,9.334674E-12,2.8416144E-11,9.311597E-12,6.621634E-11,3.2392793E-12,5.5354545E-12,3.5753598E-12,2.4877548E-11,7.471834E-12,1.0805133E-11,9.858414E-12,7.545881E-12,3.585407E-14,1.4023574E-11,2.5526083E-12,3.2561985E-12,1.7070699E-11,3.6565373E-12,1.5622086E-14,1.2369323E-12,1.4010914E-12,4.17749E-12,6.70386E-13,3.673537E-12,1.0142285E-12,6.8774625E-13
Diego Garcia,9.8180825E-11,4.7939933E-12,0.0002810506,0.0009448597,0.0007827628,0.00030060505,0.033779055,0.00008509032,0.00040363823,0.00016691882,0.000109215136,0.00010953541,0.000102402184,0.00005875632,0.00005050139,0.000043132684,0.00014918823,0.00013668531,0.00008702955,0.00009340591,0.0005280344,0.0006102074,0.000029487372,0.0000532901,0.000022171986,9.765276E-15,8.704588E-13,1.6030296E-13,7.3718494E-13,0.0000000019916486,0.00000000381438,1.9371317E-10,1.1920943E-10,8.348089E-11,8.852314E-11,9.61069E-11,3.760022E-10,1.144529E-10,5.0355897E-11,1.0449866E-11,0.0000000028357017,4.014503E-11,1.1770026E-11,0.0000000037179428,1.1073868E-10,8.9152415E-11,9.797267E-12,3.738678E-12,5.423534E-13,9.984412E-13,1.784018E-13,3.4226967E-13,2.7401792E-13,5.961182E-12,9.263856E-13,2.7639678E-14,1.4416452E-14,1.4802786E-11,0.0000000011080775,8.1511463E-16,3.631341E-15,4.845081E-15,2.0967494E-15,8.99194E-16,2.6356068E-15,3.6794895E-15,1.1408778E-14,1.7073454E-16,3.9578423E-15,0,0,1.7576931E-19,1.0926687E-18,5.658518E-17,9.4616015E-17,1.0766111E-15,2.8102155E-16,1.2566797E-15,3.958849E-15,7.1527443E-16,2.7773737E-16,8.5379206E-16,8.2203345E-15,9.3587425E-15,1.2381495E-14,1.1024819E-14,2.313599E-14,1.98833E-13,1.03159885E-13,2.0190959E-13,1.8089294E-11,3.648603E-12,9.077829E-13,9.4824756E-14,6.704192E-14,2.441565E-15,1.2298104E-13,3.0329743E-15,8.6027975E-17,8.4096905E-18,5.9059507E-19,4.4327193E-17,2.2889E-14,8.831294E-12,3.9687006E-13,1.3377953E-12,2.2002589E-12,2.9667549E-12,4.0940752E-17,1.0803306E-12,2.1169227E-12,4.3186986E-12,3.837963E-12,2.8690833E-11,1.6213858E-18,8.785158E-18,9.31686E-17,1.5315689E-14,1.5481995E-14,9.308731E-15,3.8666566E-14,4.3298045E-13,7.221931E-13,1.4832949E-12,3.8157224E-13,1.3044468E-12,7.3570794E-13,1.239445E-12,4.869586E-12,4.57814E-12,6.0519797E-12,1.292622E-11,5.5440544E-12,4.6752463E-12,7.749789E-12,6.4237955E-12,3.7642697E-12,2.301086E-12,1.1319112E-11,1.1244012E-11,2.6051567E-11,4.1146075E-12,1.1743924E-11,1.2352364E-11,8.317943E-12,1.1168243E-11,4.332283E-12,1.6056709E-12,1.0081272E-12,1.9984335E-12,2.3936994E-12,5.631539E-13,1.5420663E-13,7.2430674E-13,1.64708E-12,4.042439E-12,1.7565127E-12,9.32946E-12,8.559326E-13,1.0521341E-12,1.2571203E-12,6.5458303E-12,1.4777338E-12,2.3742915E-12,3.5392472E-12,2.2965497E-12,1.8119698E-14,1.8901465E-12,7.012307E-13,6.973927E-13,2.0580159E-12,3.1381045E-13,1.6647813E-15,2.7630575E-13,3.775169E-13,8.773747E-13,1.2930951E-13,9.974668E-13,2.1558216E-13,2.4593576E-13
Unnamed reefs (GCB1),3.4065542E-10,3.9984006E-11,0.00011798086,0.0007028369,0.0022910435,0.0029458287,0.00062419445,0.001418755,0.011872122,0.004500163,0.0026906761,0.0015257221,0.0026476104,0.00092283374,0.0006762073,0.00045222964,0.0011962659,0.0007752806,0.00063733663,0.00042944972,0.0021731895,0.00089337555,0.00052777,0.00048613254,0.00021225441,6.9800496E-16,5.8010915E-14,1.87805E-14,2.0253715E-13,6.977342E-11,0.0000000021637003,2.419767E-10,4.8926994E-11,6.917234E-11,1.0993573E-10,1.2545177E-10,9.1331825E-10,1.0972153E-10,1.3448954E-10,2.0651298E-11,0.0000000045478408,4.468388E-11,1.9213513E-11,0.0000000042164396,9.595424E-11,4.4900986E-11,8.938186E-11,1.5082234E-11,1.6387417E-12,7.5664155E-13,1.9544231E-13,8.9447276E-13,1.2534932E-12,8.544992E-12,8.560006E-13,2.0954636E-13,2.785926E-13,6.538368E-11,0.00000000580635,2.9248522E-13,2.7039599E-12,1.8044874E-12,2.7151996E-12,2.6665858E-13,6.675031E-13,2.7719684E-12,4.4477295E-12,6.625943E-14,1.4141394E-12,0,0,8.933654E-19,3.082896E-18,1.332694E-17,8.767278E-17,4.9549814E-15,5.930567E-16,1.7112408E-15,2.3697377E-15,4.801906E-16,2.4906983E-16,9.892732E-16,1.5008299E-14,3.41446E-14,2.6068886E-14,7.270475E-15,7.773497E-15,7.315889E-13,5.248018E-14,8.284251E-14,3.8550142E-11,5.48567E-12,6.2767884E-13,4.133145E-13,9.0846054E-13,3.695372E-15,5.5185027E-14,5.7875464E-16,4.9468733E-17,7.525574E-19,9.479973E-19,2.5215403E-16,4.9011495E-14,7.929896E-12,9.533185E-15,1.0831886E-12,1.1045525E-12,2.2261529E-12,2.698944E-18,1.663066E-12,1.2233822E-12,3.3505256E-12,3.7814057E-12,1.9298492E-11,4.284995E-18,1.7387087E-17,7.259482E-17,1.765561E-14,2.5793498E-14,1.2769673E-14,1.4289527E-14,1.426895E-13,7.098806E-13,1.2442651E-12,1.7241497E-13,8.346447E-13,1.0362813E-12,1.2477696E-12,4.155629E-12,6.3524633E-12,6.5228717E-12,1.54126E-11,7.746719E-12,5.298225E-12,7.180123E-12,7.505596E-12,4.2878557E-12,2.97856E-12,1.7922283E-11,1.1134092E-11,2.459354E-11,5.0298463E-12,1.0032469E-11,1.567767E-11,7.878744E-12,1.5373574E-11,4.332362E-12,1.3398403E-12,9.030921E-13,1.6411394E-12,2.0797415E-12,4.9347516E-13,2.3521379E-13,1.1576468E-12,2.2000915E-12,5.70109E-12,2.8718276E-12,1.0520586E-11,1.5106332E-12,1.4538075E-12,8.4899237E-13,4.6409252E-12,1.1221001E-12,1.3371579E-12,2.3053673E-12,2.0252792E-12,8.340014E-15,1.1954713E-12,3.57437E-13,3.7124164E-13,1.1810833E-12,4.9224606E-13,5.507219E-15,3.0513341E-13,4.4430055E-13,1.6171614E-12,2.1596304E-13,1.3271737E-12,4.3271444E-13,3.10392E-13
Egmont and Danger Islands (GCB2),0.0000000011427291,7.431492E-11,0.00011462884,0.0004540835,0.0014588931,0.002424568,0.00022913257,0.00063258014,0.013916811,0.007389138,0.0024347524,0.000997642,0.003629625,0.0013511627,0.00072383037,0.00037428553,0.00093422155,0.000582518,0.000420223,0.00022473511,0.0009567636,0.0003684648,0.00069857715,0.00045899313,0.00023556841,1.851003E-16,1.7946114E-14,6.597948E-15,2.8312066E-14,4.4635948E-11,0.0000000029010379,3.24703E-10,7.053759E-11,8.9182405E-11,1.503037E-10,1.4036983E-10,0.0000000012566005,1.6949228E-10,1.6300146E-10,2.9194033E-11,0.000000007505749,5.1502698E-11,2.1165802E-11,0.00000000617662,1.6913922E-10,9.031071E-11,1.8099952E-10,7.0768294E-11,6.3819024E-12,2.4882548E-12,4.836067E-13,1.0722663E-12,6.4930266E-13,1.1925999E-11,7.437471E-13,3.2189648E-13,5.275587E-13,5.2341628E-11,0.0000000052761875,1.9231249E-12,1.1801524E-11,6.479819E-12,1.9017295E-11,2.2004171E-12,4.7458712E-12,7.378074E-12,2.0024492E-11,3.3173673E-13,1.2093806E-12,5.962608E-18,1.0565393E-18,2.927871E-17,5.1932285E-17,2.4386746E-16,2.0171186E-16,6.810343E-15,1.2857146E-15,3.700052E-15,2.601739E-15,5.35928E-16,2.8664326E-16,9.708268E-16,4.4352793E-14,1.12746015E-13,1.32646E-13,3.9658218E-14,5.1534124E-15,9.07491E-13,8.0118726E-14,1.3059279E-13,4.8213242E-11,3.382775E-12,1.7162447E-12,4.1028322E-13,2.6644927E-13,7.769218E-16,3.0376597E-14,2.3331163E-16,1.9041708E-17,2.7328553E-19,8.549903E-19,1.9717334E-16,8.0788004E-14,1.1928779E-11,9.275647E-15,2.1831879E-12,1.6972525E-12,4.6234045E-12,1.98947E-18,3.2217254E-12,2.5636843E-12,3.0098866E-12,4.8714613E-12,2.076861E-11,5.839527E-18,3.8503964E-17,1.1842728E-16,6.571927E-15,1.4521367E-14,1.4926049E-14,1.656812E-14,2.0930082E-13,1.0216228E-12,1.6690174E-12,2.3616184E-13,1.0235312E-12,1.2681803E-12,1.402097E-12,4.907357E-12,6.950582E-12,7.550734E-12,1.9702032E-11,1.4694454E-11,6.837125E-12,1.14855885E-11,1.0358397E-11,5.5472094E-12,3.80726E-12,1.641796E-11,1.3733816E-11,3.389328E-11,8.4290725E-12,1.4665479E-11,2.4169625E-11,1.6272175E-11,1.9813168E-11,6.6156716E-12,2.4701454E-12,1.5693079E-12,3.9455895E-12,2.6886507E-12,5.944799E-13,4.1809796E-13,1.7222761E-12,3.3336849E-12,9.683595E-12,4.2004685E-12,2.0169841E-11,1.753875E-12,3.2061639E-12,1.4591465E-12,1.2459993E-11,4.4812565E-12,3.826714E-12,3.7958907E-12,2.820277E-12,1.2806236E-14,3.8467935E-12,8.8956533E-13,1.4183417E-12,3.462633E-12,1.1792291E-12,5.8170708E-15,6.052878E-13,7.869044E-13,2.062349E-12,2.9413787E-13,2.4260292E-12,8.217915E-13,6.826596E-13
Eagle Island (GCB3),0.0000000011888578,2.1730209E-10,0.00006389301,0.00017779297,0.0005700896,0.00094988855,0.00018000756,0.0003759037,0.010323355,0.014700205,0.0030714031,0.0012315221,0.007374641,0.0029570037,0.0012836141,0.00069508306,0.0015143879,0.0007964578,0.0006238713,0.00024723413,0.0007077005,0.00022657374,0.0014040717,0.00088946836,0.00046680254,3.0834044E-18,9.644727E-16,1.8125694E-16,1.6842112E-14,2.5871645E-11,0.0000000017001137,2.0289541E-10,4.1817255E-11,6.353032E-11,9.6505956E-11,1.06742996E-10,7.6293516E-10,1.3626067E-10,9.5078855E-11,1.785547E-11,0.0000000052806066,4.127778E-11,1.2349017E-11,0.0000000039862695,7.179414E-11,3.3629176E-11,1.5022487E-10,3.9688756E-11,1.04503585E-11,3.798001E-12,9.327856E-13,6.620485E-13,5.6109707E-13,1.5836091E-11,8.334497E-13,7.5875764E-13,1.9806362E-13,2.3250821E-11,0.0000000050409144,1.6801152E-12,2.885239E-12,9.086957E-13,5.905657E-12,7.27928E-13,2.2553049E-12,7.071911E-12,1.0308406E-11,2.7166095E-13,1.2165387E-13,9.320106E-19,6.450733E-20,8.36701E-18,1.539781E-17,5.2825046E-16,3.693705E-16,5.7744315E-15,2.6699493E-15,1.6314996E-15,1.0064796E-15,4.0770337E-16,1.2491538E-16,7.997529E-16,4.29405E-14,1.0452586E-13,1.4143618E-13,3.788324E-14,4.295605E-15,8.443671E-13,1.2822779E-13,7.5483246E-14,4.2823092E-11,2.9909293E-12,1.824106E-12,1.6150164E-13,8.642353E-14,5.2231162E-17,7.9030054E-15,8.183572E-17,4.620024E-18,1.3802823E-19,2.3315866E-20,1.108996E-16,6.357159E-14,6.909473E-12,7.170524E-15,1.0035171E-12,8.8559097E-13,1.892001E-12,5.1446886E-20,1.1625897E-12,1.212105E-12,2.1539073E-12,1.3735057E-12,7.508139E-12,6.7943164E-18,2.7304397E-17,1.1289716E-16,6.5167046E-16,4.400191E-15,9.2624095E-15,9.623989E-15,8.5402815E-14,6.740685E-13,8.2506235E-13,1.5618648E-13,5.2272905E-13,3.737492E-13,8.4268616E-13,2.9186042E-12,2.9063546E-12,3.445257E-12,7.363696E-12,8.327864E-12,4.7946625E-12,7.32284E-12,5.344558E-12,3.2210734E-12,2.1650381E-12,1.3136383E-11,1.1818035E-11,2.7586806E-11,6.425633E-12,1.5447916E-11,1.6771225E-11,1.1410313E-11,1.6578695E-11,7.303463E-12,3.545623E-12,1.6116541E-12,6.8708086E-12,3.6748274E-12,3.612484E-13,2.9377515E-13,1.3863494E-12,2.5971328E-12,5.797638E-12,2.4503986E-12,9.476843E-12,1.3640657E-12,1.8419227E-12,6.564603E-13,3.3722823E-12,8.7884604E-13,1.5683871E-12,2.5838533E-12,1.6414474E-12,1.0563635E-14,7.8898005E-13,2.163658E-13,3.2005933E-13,1.0286971E-12,2.8746255E-13,1.6399584E-15,4.125313E-13,5.4480563E-13,1.3642161E-12,1.9005466E-13,8.2445986E-13,6.7256E-13,5.3239374E-13
Unnamed reefs (GCB4),0.0000000010911008,1.6792068E-10,0.000057082132,0.00030229398,0.0008365159,0.001036312,0.0003545252,0.00076563423,0.011611642,0.0120491255,0.00475273,0.002227938,0.007824776,0.0027312976,0.0016427521,0.00094105664,0.0021061203,0.0012253238,0.0009319109,0.0004189395,0.0013808012,0.00047125787,0.0012949411,0.0009878199,0.00046368586,7.297183E-17,4.3941782E-15,2.4474342E-15,8.1490295E-14,2.810149E-11,0.0000000013213725,2.0449217E-10,3.337133E-11,5.11016E-11,9.1724954E-11,9.224332E-11,5.504612E-10,9.363418E-11,8.849427E-11,1.5680237E-11,0.0000000041728043,3.3700365E-11,1.10788176E-11,0.0000000024496163,5.6309717E-11,3.4921076E-11,1.7809229E-10,7.1027274E-11,6.305462E-12,2.6795087E-12,2.5528505E-13,2.5905761E-13,2.2176523E-13,9.320841E-12,3.2711485E-13,2.1114368E-13,2.2978646E-13,1.7116836E-11,0.000000004597521,1.5166025E-12,5.329225E-12,2.5989263E-12,1.1101667E-11,7.618784E-13,2.303686E-12,5.46814E-12,7.0133313E-12,1.549646E-13,9.7764814E-14,0,0,1.5056698E-18,7.049208E-18,2.6352937E-16,6.033804E-17,1.7239772E-15,7.844257E-16,5.30197E-16,6.0324527E-16,4.2745338E-16,1.0842082E-16,5.2211974E-16,1.95648E-14,4.9655077E-14,5.1809726E-14,2.5297959E-14,3.107282E-15,2.5897085E-13,1.0896604E-14,5.8679786E-14,2.8162767E-11,4.407077E-12,1.1311089E-12,1.3173853E-13,1.0435782E-13,6.78756E-16,1.3080482E-14,1.255337E-16,1.6364817E-17,1.4027379E-19,1.7457788E-22,6.2302364E-17,3.2845783E-14,2.6738327E-12,9.99467E-15,7.432695E-13,5.9004277E-13,1.0515262E-12,5.2198033E-19,6.9732127E-13,6.9842103E-13,1.88753E-12,1.1986603E-12,3.5983855E-12,1.6615301E-18,4.666236E-18,2.992474E-17,1.9703418E-15,4.994838E-15,6.813847E-15,7.094398E-15,5.752848E-14,4.6823043E-13,6.119509E-13,1.385333E-13,4.739037E-13,3.6301826E-13,7.351833E-13,1.806187E-12,2.7096E-12,3.1671575E-12,6.5505865E-12,5.6108304E-12,3.075206E-12,4.491488E-12,4.4669797E-12,2.6691965E-12,2.0187463E-12,1.4811301E-11,9.635089E-12,2.1032308E-11,4.9749896E-12,1.07549325E-11,1.2797838E-11,7.59721E-12,1.1535733E-11,4.7013318E-12,2.4095446E-12,6.2783025E-13,3.9360585E-12,2.1877064E-12,3.156974E-13,1.8664834E-13,9.830437E-13,1.7146323E-12,3.864838E-12,1.51549E-12,7.1127887E-12,7.8472043E-13,1.174435E-12,4.1265092E-13,2.2394317E-12,6.59661E-13,1.1338179E-12,1.8313294E-12,1.1580444E-12,8.307987E-15,6.3655266E-13,1.5699734E-13,2.0879998E-13,7.731674E-13,2.5614656E-13,2.3416476E-15,2.2863227E-13,3.9852694E-13,9.0418547E-13,1.11552986E-13,4.974883E-13,3.4512036E-13,3.9128317E-13
Unnamed reefs (GCB5),6.7319056E-10,5.886513E-11,0.000037174912,0.00021791775,0.0005354122,0.00071623793,0.00050949806,0.0005925816,0.0075273397,0.0079468135,0.0042862557,0.0035501937,0.00688143,0.0029351958,0.0023033337,0.0013415007,0.003528533,0.0020824093,0.0017213819,0.0007986288,0.0026695768,0.0007039174,0.0013419951,0.0014830679,0.0005447509,8.7325034E-17,2.795117E-15,1.2532829E-15,9.703866E-14,2.1879047E-11,7.3634693E-10,6.889729E-11,1.0670949E-11,2.4113234E-11,3.9916227E-11,4.7185207E-11,3.177428E-10,7.719737E-11,6.4039954E-11,1.4099308E-11,0.0000000027908462,1.5589967E-11,5.784677E-12,0.0000000011356169,9.067925E-12,1.7034018E-11,1.4261466E-10,2.6971928E-11,6.2247153E-13,5.843723E-13,1.5042012E-13,1.7463E-13,1.12257724E-13,3.6639233E-12,2.511888E-13,1.1924603E-13,2.4365053E-13,1.1429991E-11,0.0000000026660636,8.527937E-13,3.955904E-12,1.7897455E-12,7.1055817E-12,3.9362909E-13,1.1985976E-12,6.1806294E-12,9.5740325E-12,3.0590854E-13,5.2931573E-14,0,0,4.4446363E-19,8.0017226E-18,5.9052967E-17,4.1320444E-17,1.0274751E-15,2.4247475E-16,2.672527E-16,6.092565E-17,7.147455E-16,9.7907314E-17,4.168677E-16,3.4826221E-15,1.0579757E-14,1.1639913E-14,1.0945545E-14,8.914651E-16,2.9709002E-13,2.9768308E-15,2.7131043E-14,2.5088375E-12,6.0783323E-13,1.9070368E-13,1.1591555E-13,1.266703E-13,3.252328E-15,1.5938722E-14,9.2326704E-17,9.460479E-18,1.8683722E-19,3.6248337E-19,1.3780576E-16,2.2063082E-14,8.405577E-13,5.1838772E-15,7.685194E-13,3.897568E-13,7.3162537E-13,2.3647055E-18,3.4746877E-13,2.78355E-13,6.5181974E-13,3.9758417E-13,1.3974987E-12,6.0132815E-19,4.6679405E-19,1.0558191E-17,1.4279968E-15,3.6508607E-15,4.662807E-15,4.3062672E-15,3.9406436E-14,2.563182E-13,2.8729186E-13,8.890271E-14,3.9845777E-13,2.4227918E-13,3.449825E-13,1.0514051E-12,1.8321653E-12,2.4207784E-12,4.668373E-12,3.778598E-12,1.5086843E-12,2.4182147E-12,2.2204684E-12,1.4326352E-12,1.1013426E-12,5.9196983E-12,4.8689416E-12,1.6312568E-11,5.375227E-12,4.892627E-12,6.3644333E-12,3.0424719E-12,5.634374E-12,2.6706048E-12,9.893971E-13,4.3660084E-13,1.0576297E-12,8.207689E-13,1.54231E-13,7.298646E-14,5.587523E-13,1.0879125E-12,1.8820679E-12,6.084925E-13,3.6551634E-12,2.7262665E-13,4.9447496E-13,1.9944503E-13,1.1193157E-12,4.0511924E-13,8.784636E-13,1.3821767E-12,6.323108E-13,5.0489317E-15,3.737312E-13,8.579912E-14,1.436474E-13,4.942798E-13,1.3457032E-13,1.4485043E-15,1.3982202E-13,2.0169122E-13,6.016503E-13,7.695956E-14,3.7742227E-13,2.7216773E-13,2.4839264E-13
Unnamed reefs (GCB6),0.0000000023802988,3.0627623E-10,0.00004328839,0.00013720032,0.00041750693,0.0005708658,0.00019438595,0.000348907,0.0063899485,0.011462062,0.003475226,0.001680799,0.010692301,0.005511479,0.0023124428,0.001297147,0.002547368,0.0013115584,0.0009061767,0.0003194384,0.0008867775,0.00029111773,0.0024906506,0.0015835298,0.0007502145,4.3545596E-18,7.6358416E-16,1.0653266E-16,2.0781449E-14,1.4684792E-11,9.360995E-10,1.4973915E-10,2.4147849E-11,4.6541885E-11,6.8899254E-11,8.4238304E-11,3.9904266E-10,8.6735424E-11,6.687575E-11,1.31422755E-11,0.0000000033248344,2.9133435E-11,7.356289E-12,0.0000000019685285,4.1987688E-11,2.96237E-11,9.60006E-11,2.4663594E-11,5.1749833E-12,2.1068561E-12,4.0056955E-13,5.135728E-13,3.118578E-13,4.9394265E-12,2.7126582E-12,3.219797E-13,3.3994912E-13,1.591125E-11,0.000000002984069,7.071772E-13,2.900867E-12,1.805995E-12,3.9627047E-12,4.5891296E-13,1.3237785E-12,3.4867142E-12,9.024941E-12,1.867895E-13,3.8294658E-14,0,0,3.6283616E-18,1.2978154E-17,5.1243265E-16,4.758282E-16,3.105598E-15,1.6851467E-15,3.3683385E-16,1.1357582E-16,4.2103626E-16,3.9770708E-17,6.226205E-16,3.2800426E-14,7.526923E-14,6.599549E-14,1.2203292E-14,2.3740273E-15,2.1827318E-13,4.3970315E-15,4.3771674E-14,1.3549435E-11,1.6161822E-12,1.2466179E-12,1.2629942E-13,1.2625217E-13,7.410895E-16,1.35172355E-14,8.468241E-17,7.3456476E-18,1.8048472E-19,1.3260642E-19,3.5357315E-16,4.35929E-14,1.0512112E-12,1.5393021E-14,5.94128E-13,5.1616193E-13,8.4392904E-13,1.4280135E-19,3.5561387E-13,6.644449E-13,9.830136E-13,3.638099E-13,1.829455E-12,6.034825E-18,1.8397537E-17,1.1609895E-16,4.7256323E-16,3.1175998E-15,6.084087E-15,5.456059E-15,4.396409E-14,3.2568642E-13,4.5381545E-13,1.1432966E-13,4.1267746E-13,3.3612745E-13,6.0395054E-13,1.5988113E-12,2.2247993E-12,3.1231413E-12,5.656494E-12,7.100741E-12,1.8541295E-12,2.9566887E-12,3.0799946E-12,1.9510077E-12,1.2695746E-12,9.104648E-12,7.471774E-12,2.3492012E-11,6.2183557E-12,1.07766955E-11,8.8656886E-12,5.4429508E-12,8.765319E-12,5.0289746E-12,3.0186522E-12,6.9799147E-13,4.6045012E-12,2.2883015E-12,1.9826633E-13,1.511713E-13,9.371316E-13,1.7521122E-12,3.0917046E-12,9.572257E-13,4.91768E-12,6.324957E-13,9.854513E-13,3.5237793E-13,1.6479778E-12,4.863417E-13,9.757632E-13,1.3758405E-12,8.3731476E-13,7.546201E-15,4.4632375E-13,1.1442685E-13,1.9701436E-13,5.5460074E-13,1.6478325E-13,7.9501025E-16,2.400765E-13,3.7983259E-13,7.7411797E-13,1.1571622E-13,4.1731673E-13,2.8111107E-13,3.1050265E-13
Unnamed reefs (GCB7),0.0000000014149689,1.8181996E-10,0.000023629605,0.000096375436,0.00025410106,0.00031493636,0.00018795047,0.00017169786,0.0025357972,0.0059203412,0.001938899,0.0011894362,0.008239821,0.0074815587,0.0028071092,0.0019219846,0.003426515,0.0015586236,0.0009813176,0.00030043267,0.0008059444,0.00018825385,0.0045312145,0.0025974468,0.0012527609,5.787368E-19,5.1806404E-16,5.008073E-17,1.300233E-14,1.2390301E-11,7.0810413E-10,5.2688316E-11,9.1770905E-12,1.6999523E-11,2.3549537E-11,4.9592594E-11,1.1678737E-10,8.496351E-11,4.864935E-11,8.766315E-12,0.0000000026604647,2.226585E-11,7.326029E-12,0.0000000013243205,1.3557251E-11,2.094818E-11,1.1921003E-10,5.403102E-12,2.1266916E-12,9.585731E-13,4.8855895E-13,6.2016717E-13,5.6320964E-13,1.7685894E-11,2.814217E-12,1.8754972E-12,5.274123E-13,2.314341E-11,0.0000000021115345,9.469081E-13,4.6600523E-12,2.73892E-12,5.357637E-12,1.0301423E-12,9.767278E-13,5.5915663E-12,1.741193E-11,2.7034738E-13,3.4261026E-14,0,0,7.7337975E-20,6.703756E-18,1.2287536E-16,2.4400798E-16,1.5982487E-15,8.3883E-16,8.096311E-17,1.3239343E-16,7.940112E-16,6.195735E-17,7.398971E-16,1.9102936E-14,7.142451E-14,7.249286E-14,9.8901E-15,7.484125E-16,1.663169E-13,8.748268E-16,9.3035626E-15,2.619147E-12,2.9816598E-13,4.6157045E-13,8.2001754E-14,3.3455775E-14,8.2860453E-16,1.1171639E-14,5.4800385E-17,3.522219E-18,2.0066562E-19,9.631708E-22,7.014346E-16,2.5607546E-14,8.137363E-13,7.959396E-15,4.743751E-13,5.242737E-13,7.0584386E-13,8.744307E-20,2.316136E-13,2.3965156E-13,4.6447535E-13,1.9971896E-13,1.2466646E-12,7.603036E-19,2.5840905E-18,3.6310992E-17,5.4680387E-16,2.4887503E-15,2.7831034E-15,5.211584E-15,3.1253303E-14,1.7641974E-13,2.8490903E-13,6.369828E-14,3.4631662E-13,3.2920118E-13,3.432435E-13,1.5174148E-12,2.0288985E-12,2.3055021E-12,4.3609625E-12,2.3360899E-12,9.70502E-13,1.701179E-12,1.2950687E-12,9.581178E-13,5.803406E-13,3.1097978E-12,6.6386423E-12,1.8729119E-11,8.8900744E-12,4.077511E-12,2.82347E-12,1.6472378E-12,2.8836636E-12,2.2374715E-12,1.0105035E-12,3.7916098E-13,1.0559833E-12,6.955845E-13,1.8255894E-13,9.558087E-14,5.9924266E-13,1.3387846E-12,2.0616729E-12,6.439955E-13,2.8589292E-12,3.878462E-13,4.978868E-13,1.7750746E-13,8.7251837E-13,2.934749E-13,6.4637775E-13,7.182681E-13,4.804902E-13,5.226191E-15,2.3980785E-13,7.2335706E-14,1.2367806E-13,3.3980764E-13,8.466703E-14,3.3542153E-16,1.2582082E-13,2.4584295E-13,5.1913026E-13,5.686725E-14,2.7441686E-13,2.7381312E-13,2.834196E-13
Unnamed reefs (GCB8),0.0000000013243194,2.3192878E-10,0.000018427841,0.00011757757,0.00024625575,0.00026885365,0.00024948118,0.00019328529,0.002861976,0.0059458786,0.0021234192,0.0017483694,0.0076936777,0.00590122,0.0035489702,0.0027120912,0.005378344,0.0023816987,0.0016267506,0.0005104355,0.0011825005,0.0002719053,0.003586665,0.0030451973,0.0012725239,6.039658E-18,3.9991525E-16,1.5587233E-16,3.805164E-14,1.6979943E-11,5.4161886E-10,4.6342825E-11,7.6420675E-12,2.0141371E-11,2.3612223E-11,4.0682683E-11,1.01744356E-10,6.51891E-11,4.645311E-11,9.220431E-12,0.0000000023048272,1.6902518E-11,6.5624914E-12,7.647402E-10,7.0964888E-12,1.3980006E-11,5.5098082E-11,1.0430059E-11,3.120568E-12,1.377923E-12,3.4182092E-13,4.541426E-13,2.0897354E-13,4.005041E-12,7.0674597E-13,6.312449E-13,1.2696494E-13,1.9091074E-11,0.0000000011046924,1.6875809E-13,5.4809987E-13,1.9448626E-13,1.1643241E-12,1.0479627E-13,2.1543296E-13,1.0572502E-12,2.1306665E-12,5.446833E-14,1.4305436E-14,0,0,3.8847744E-19,4.816938E-18,3.852546E-16,5.162495E-16,1.5512895E-15,5.410547E-16,5.0271627E-17,2.1062496E-16,1.2241789E-15,8.65989E-17,6.573872E-16,1.14777056E-14,3.6406767E-14,3.925437E-14,6.11921E-15,8.282119E-16,2.3546275E-13,1.4855921E-15,1.5325613E-14,5.565575E-13,1.2219646E-13,1.9803369E-13,1.0188671E-13,1.7996292E-13,5.4416176E-16,1.1051991E-14,9.2155696E-17,6.7330285E-18,5.5850516E-19,3.090856E-19,1.2192003E-16,2.2617453E-14,7.911449E-13,7.0362138E-15,4.2479014E-13,3.982017E-13,5.981385E-13,5.837594E-18,2.2078426E-13,3.1233756E-13,7.26252E-13,2.1545965E-13,2.0139116E-12,2.9376002E-18,8.43272E-18,5.530057E-17,3.3902158E-16,2.1851123E-15,2.4531673E-15,3.6782766E-15,2.3104638E-14,2.0076318E-13,1.964126E-13,5.0891532E-14,2.2756894E-13,1.9998097E-13,3.508613E-13,1.0522924E-12,1.2990728E-12,1.7432E-12,3.1821848E-12,1.7116071E-12,7.0575143E-13,1.1794451E-12,1.1981391E-12,8.4524396E-13,6.0218155E-13,3.2850248E-12,3.8057947E-12,1.1630711E-11,3.194265E-12,4.1485114E-12,2.8456165E-12,1.8665056E-12,2.7938186E-12,1.5680631E-12,7.49411E-13,3.4391814E-13,4.7242673E-13,5.7341637E-13,1.1634544E-13,7.034474E-14,4.3976875E-13,9.277007E-13,1.6246899E-12,4.2629236E-13,2.4329154E-12,2.056673E-13,4.0684548E-13,1.3096078E-13,6.7373955E-13,2.5915278E-13,6.884687E-13,7.276221E-13,3.8080192E-13,8.0453315E-15,2.3183552E-13,6.5937104E-14,1.2674353E-13,3.3580387E-13,7.580825E-14,5.088733E-16,1.03902306E-13,1.966807E-13,5.084373E-13,4.7400702E-14,2.4895843E-13,2.2161873E-13,2.0933206E-13
Unnamed reefs (GCB9),6.397661E-10,6.6728574E-11,0.000011002455,0.000055217657,0.00012391272,0.00013093534,0.000164729,0.000099348756,0.0011281633,0.0025159125,0.000904791,0.00078425044,0.003962924,0.004213036,0.0023308545,0.0034992348,0.0084036,0.0033761533,0.0016435527,0.0004254311,0.00068768935,0.00014822105,0.0050392984,0.0060198028,0.0021835668,1.6773659E-18,1.8385168E-16,5.6733936E-17,2.1352176E-14,1.2517251E-11,2.8322814E-10,2.8287752E-11,6.2448384E-12,1.2976356E-11,1.3201908E-11,1.6205847E-11,5.542302E-11,3.9903785E-11,4.2732533E-11,5.66796E-12,0.0000000017990811,1.8060765E-11,7.915831E-12,3.532606E-10,5.377942E-12,3.074466E-12,2.605796E-10,6.3734035E-12,1.9584143E-12,8.76866E-13,3.8225678E-13,4.786508E-13,4.3057599E-13,1.7530172E-11,2.0107045E-12,1.2987342E-12,1.0158508E-13,1.175354E-11,0.0000000013167681,8.9706366E-14,7.621568E-13,5.2525605E-13,1.0484223E-12,1.1910553E-13,2.512124E-13,1.0757253E-12,4.0137793E-12,6.33802E-14,3.6912544E-15,0,0,0,1.426802E-19,1.770592E-16,1.345954E-16,4.1901778E-16,1.6187758E-15,1.0225448E-16,2.9721053E-17,1.4531451E-16,4.8389225E-17,1.4805816E-16,3.7589133E-16,9.193714E-16,1.1667154E-15,4.3443137E-16,1.6478906E-16,1.317599E-13,1.4764778E-15,9.694549E-15,7.4986214E-13,1.02041375E-13,6.938162E-14,1.02485235E-14,2.4519565E-15,4.999251E-18,4.1786837E-15,2.1859718E-17,3.2889322E-18,4.547795E-23,0,4.1421503E-17,2.0720972E-14,1.1622762E-12,1.0513283E-14,2.4440028E-13,1.2236086E-13,2.1805934E-13,1.007287E-18,1.6773949E-13,6.3659657E-13,8.980342E-13,1.273678E-13,1.8737115E-12,1.3156156E-18,4.4417605E-18,4.1286398E-17,2.1667033E-16,3.3649057E-15,2.341602E-15,3.7818937E-15,2.1558427E-14,1.1382716E-13,1.5642115E-13,1.1608691E-13,2.1971285E-13,1.6468685E-13,2.8781177E-13,8.8011716E-13,1.1337821E-12,1.1349202E-12,1.8267787E-12,9.230464E-13,3.5306523E-13,5.298221E-13,5.774567E-13,5.797518E-13,3.4400016E-13,1.229197E-12,9.841453E-13,2.4469424E-12,3.7482395E-13,1.0900577E-12,1.7181916E-12,1.6032556E-12,9.382822E-13,3.294484E-13,1.8516998E-13,3.1101684E-13,1.9921868E-13,3.6050682E-13,8.222944E-14,6.529606E-14,2.3014617E-13,4.8326734E-13,1.0046392E-12,3.8455036E-13,2.945545E-12,1.03205584E-13,3.4108355E-13,9.499521E-14,4.977829E-13,1.7990688E-13,4.3352932E-13,3.8615235E-13,1.9719628E-13,4.9123235E-15,1.7325533E-13,3.3437906E-14,4.9159912E-14,8.982837E-14,2.5323258E-14,1.4473296E-16,9.8052134E-14,2.493722E-13,3.4756757E-13,3.0647055E-14,1.2714124E-13,1.3868862E-13,1.3545563E-13
Nelsons Island (GCB10),8.331871E-10,1.42399295E-11,0.000008931998,0.00006006018,0.00013895871,0.00012366085,0.00028929795,0.000108325905,0.001278396,0.0023078788,0.0009730212,0.0009007934,0.0032928013,0.0030040096,0.0019344565,0.0026831662,0.009975116,0.0052829795,0.0020589512,0.0005958558,0.0009095426,0.00020040553,0.0031560499,0.0047192783,0.001731581,2.0090147E-18,1.6708234E-16,1.2933457E-16,3.7788735E-14,7.194461E-11,3.2721403E-10,2.4682948E-11,6.496876E-12,1.3943323E-11,1.4182904E-11,1.448337E-11,4.4779166E-11,2.069816E-11,2.790715E-11,4.249419E-12,0.0000000010858927,1.13286195E-11,4.469185E-12,3.724897E-10,7.087639E-12,2.6319795E-12,1.14738795E-10,4.6755195E-12,2.1593114E-12,7.75558E-13,3.4739228E-13,3.1420515E-13,2.7447874E-13,4.6571757E-12,4.5219284E-13,3.4605616E-13,3.9508598E-14,8.391548E-12,5.575958E-10,1.5585314E-13,7.1238073E-13,2.8240195E-13,1.4372026E-12,1.5993562E-13,4.2831393E-13,8.1657256E-13,1.5741694E-12,3.973377E-14,1.2752875E-14,0,0,0,1.6329983E-20,1.2604402E-16,1.310712E-16,3.1627805E-16,7.3699384E-16,2.4853442E-16,9.071069E-17,9.340375E-16,6.149853E-17,3.9107495E-16,9.359748E-16,1.6569106E-15,2.0334106E-15,4.1209535E-16,9.9743476E-17,2.1310781E-13,1.8332078E-15,1.0842262E-14,7.6261464E-13,1.3469616E-13,6.575843E-14,3.087966E-14,4.3901155E-14,2.7457274E-17,3.3769584E-15,1.0164605E-16,7.235082E-18,5.400704E-19,0,7.5590616E-17,1.499954E-14,1.3356024E-12,1.0483724E-14,3.4317118E-13,1.4146133E-13,3.0373777E-13,2.4366317E-18,3.2851993E-13,7.084589E-13,9.342145E-13,1.4704638E-13,2.0874465E-12,1.136155E-19,5.4733497E-19,1.0617908E-17,1.9312934E-16,1.9828275E-15,1.4503226E-15,2.0339525E-15,1.3785447E-14,1.01863755E-13,9.82188E-14,5.2471296E-14,1.3356625E-13,1.12394225E-13,2.8665256E-13,6.358135E-13,8.533648E-13,9.650476E-13,1.7405234E-12,8.3342014E-13,3.999891E-13,4.8202756E-13,6.1433784E-13,4.3729292E-13,3.1968788E-13,1.2382852E-12,1.2596789E-12,2.8814375E-12,5.769358E-13,9.176706E-13,1.5886773E-12,8.959963E-13,9.747123E-13,4.1486015E-13,1.3281483E-13,2.957507E-13,2.1477184E-13,3.1390849E-13,7.690703E-14,3.728862E-14,1.8250993E-13,4.148446E-13,7.928716E-13,2.9522007E-13,1.6684212E-12,1.07781277E-13,1.9873163E-13,8.5981827E-14,4.1588255E-13,1.3522724E-13,3.6310313E-13,3.9287386E-13,2.1467223E-13,2.765556E-15,1.1799448E-13,2.991929E-14,4.017845E-14,8.3680465E-14,2.1096304E-14,1.8263542E-16,7.3531106E-14,1.1253878E-13,2.605271E-13,2.0955387E-14,1.2028533E-13,1.170893E-13,9.325045E-14
Unnamed reefs (GCB11),3.7017545E-11,3.731837E-12,0.000011309421,0.00007707228,0.00017660517,0.000135384,0.000518135,0.00012386,0.0012816509,0.001970989,0.00090001785,0.0009850732,0.0025492155,0.0018942929,0.0013814721,0.0016713444,0.007395975,0.0065665296,0.0023620713,0.0010181327,0.0013615929,0.00029646623,0.0017733307,0.0028966083,0.001134044,1.1267146E-18,3.1948685E-16,1.7121346E-16,2.5432095E-14,1.3461383E-10,3.0436895E-10,2.1497732E-11,5.692701E-12,1.1269346E-11,1.2415627E-11,1.5236033E-11,4.8066412E-11,1.5683914E-11,1.8874615E-11,3.9636072E-12,6.6498873E-10,6.365797E-12,4.721217E-12,4.679082E-10,8.44661E-12,4.610344E-12,6.058747E-11,6.8830362E-12,1.69276E-12,6.2890356E-13,1.2354007E-13,1.2485103E-13,1.3468881E-13,2.537166E-12,2.4189342E-13,1.5495363E-13,9.487777E-14,6.1897913E-12,4.678287E-10,2.8225884E-13,7.832841E-13,2.2597066E-13,2.293176E-12,1.7977511E-13,4.3869907E-13,1.4403522E-12,2.5196323E-12,6.6853004E-14,1.8641081E-14,0,0,0,8.431786E-21,7.5093607E-17,1.0782501E-16,3.6290174E-16,3.099452E-16,3.0085731E-16,1.9913349E-16,1.0176921E-15,1.2885175E-16,2.1851728E-15,2.8576518E-15,2.385137E-15,4.3681163E-15,3.525472E-15,3.9908121E-16,3.82399E-13,2.0530793E-15,2.3887849E-14,1.5739655E-12,4.895437E-13,2.0928628E-13,5.5918442E-14,1.0578784E-13,9.003152E-17,4.3907312E-15,1.6184906E-16,1.7183865E-17,7.7540846E-19,0,1.8091684E-16,1.2947561E-14,2.7847904E-12,1.4249512E-14,5.5290007E-13,1.5392444E-13,3.9898827E-13,2.0097135E-17,7.1381974E-13,8.0036E-13,1.2349771E-12,2.0181632E-13,2.574404E-12,4.453724E-23,7.426659E-20,1.0497165E-18,1.6826724E-16,9.276882E-16,1.0600762E-15,1.2231196E-15,9.760532E-15,9.3260665E-14,8.2374984E-14,3.123747E-14,1.281937E-13,8.0029956E-14,4.825277E-13,5.969921E-13,8.6508714E-13,8.949823E-13,1.7969194E-12,7.782267E-13,4.3679383E-13,6.384828E-13,7.8571606E-13,4.527868E-13,3.1759851E-13,1.5398297E-12,1.2790399E-12,3.4744423E-12,9.390124E-13,1.1271901E-12,1.5005645E-12,7.3748234E-13,1.2349722E-12,5.8253695E-13,1.7886675E-13,2.970082E-13,3.0164266E-13,4.5264454E-13,1.136441E-13,3.6755192E-14,1.7866969E-13,4.3600426E-13,8.3561006E-13,3.164104E-13,1.3901018E-12,1.4251457E-13,1.4866435E-13,7.529583E-14,4.118498E-13,1.4855441E-13,2.9702678E-13,3.7162658E-13,2.0672645E-13,3.962321E-15,1.4091267E-13,4.105498E-14,4.235056E-14,1.1681072E-13,2.7977153E-14,2.520294E-16,5.5643004E-14,6.643842E-14,1.8793823E-13,1.4412765E-14,6.975538E-14,8.0913846E-14,7.924756E-14
Unnamed reefs (GCB12),1.8429193E-10,8.86583E-12,0.000016075363,0.000093941555,0.00024741815,0.000257251,0.0004563045,0.00021884753,0.0024515877,0.0034002953,0.0016795078,0.0018010789,0.0039780247,0.0025823268,0.0020810363,0.0019513888,0.008340909,0.0054768897,0.0033763708,0.001250036,0.0019401239,0.00040503094,0.0017938697,0.00244501,0.0008505222,9.585269E-18,4.162841E-16,1.446583E-16,2.6080102E-14,9.440164E-11,5.0694315E-10,4.237992E-11,7.212578E-12,1.668097E-11,2.3582138E-11,1.5801695E-11,8.027918E-11,2.618345E-11,3.8980257E-11,6.8857875E-12,0.0000000010441893,1.4709645E-11,4.6087413E-12,4.2916193E-10,6.9403155E-12,7.699826E-12,2.1573616E-11,7.2424536E-12,1.0473112E-12,5.301232E-13,9.8254094E-14,1.2904856E-13,1.05242184E-13,3.774873E-12,3.0192667E-13,4.1126096E-14,8.786946E-14,1.0726743E-11,9.025944E-10,3.4614873E-13,9.242927E-13,3.2609183E-13,1.9131571E-12,1.6798416E-13,4.9022955E-13,1.9221241E-12,2.8721905E-12,7.608224E-14,2.1366745E-14,0,0,0,3.4453143E-21,4.1439426E-17,9.1662704E-18,1.6012098E-16,1.2720611E-16,1.1088357E-16,2.5494244E-16,1.8387353E-15,1.4350884E-16,1.7668902E-15,4.379646E-15,6.1234667E-15,1.1796791E-14,6.9488283E-15,3.9570748E-16,9.45889E-13,1.7733884E-15,1.6849825E-14,1.1955856E-12,3.3598048E-13,1.7250571E-13,7.495011E-14,1.1714296E-13,4.7904875E-16,5.8024937E-15,1.08698395E-16,3.372189E-18,1.0140518E-19,0,1.4430578E-17,1.0955547E-14,2.431476E-12,7.581299E-15,3.5733322E-13,1.3393609E-13,3.5125703E-13,1.7009662E-17,6.6349053E-13,5.149127E-13,1.1221925E-12,2.4076547E-13,2.8701963E-12,4.3295812E-19,1.4069277E-18,1.9276776E-17,2.8653497E-16,1.5717326E-15,2.0050388E-15,1.809661E-15,1.4400939E-14,1.4527004E-13,1.5896872E-13,6.242428E-14,1.7818097E-13,1.1929594E-13,2.8283815E-13,9.9883E-13,1.2357561E-12,1.3002651E-12,2.4295624E-12,1.8661474E-12,5.7408695E-13,6.597041E-13,7.6241997E-13,6.887969E-13,4.8073925E-13,1.908187E-12,1.7503796E-12,4.2641598E-12,8.048487E-13,1.25574E-12,1.841322E-12,9.259206E-13,1.3286295E-12,6.6142306E-13,1.6868648E-13,2.7130414E-13,2.4359846E-13,3.5562116E-13,1.2262154E-13,3.4668967E-14,2.0902986E-13,4.8481607E-13,1.0240464E-12,3.5871067E-13,1.6071394E-12,1.3285136E-13,1.6078241E-13,1.1759877E-13,6.177472E-13,2.1157917E-13,4.956149E-13,7.627662E-13,3.6761084E-13,3.3980194E-15,2.046838E-13,5.134825E-14,7.440974E-14,2.1405482E-13,4.0775922E-14,4.592644E-16,7.513375E-14,1.0296159E-13,3.2307807E-13,2.5424993E-14,1.180974E-13,8.626365E-14,9.1040416E-14
Unnamed reefs (GCB13),6.8762794E-11,2.953201E-12,0.000025433836,0.00020511425,0.000422831,0.00040978944,0.00093069137,0.0003480798,0.0026935271,0.0021452124,0.0014820391,0.0016590231,0.002088388,0.0010287112,0.0009868052,0.0007826561,0.0036217512,0.004347726,0.0023249427,0.0024320502,0.004607142,0.00093542045,0.0007127291,0.0009948643,0.0003714059,9.005749E-17,1.3626103E-14,3.4971106E-15,2.6542138E-14,2.8113825E-10,5.371317E-10,7.020927E-11,8.736798E-12,1.7234273E-11,3.3531632E-11,1.9674103E-11,1.2846113E-10,2.434463E-11,2.8295226E-11,3.959077E-12,9.859625E-10,1.3227154E-11,5.4358584E-12,6.218504E-10,1.2777741E-11,1.12648155E-11,2.3979567E-11,8.415591E-12,1.939552E-13,2.0359731E-13,7.809434E-14,2.4051174E-13,1.816658E-13,2.4615297E-12,2.7134162E-13,2.8323283E-13,8.437679E-14,5.85216E-12,9.789023E-10,7.7219145E-13,3.4367272E-12,1.7377012E-12,5.490107E-12,6.057658E-13,1.2236688E-12,2.5971172E-12,4.3529577E-12,4.840386E-14,3.01678E-14,0,0,0,1.0314753E-21,4.114655E-18,1.849149E-17,5.7342646E-18,1.851384E-17,8.803964E-17,6.831372E-16,2.815343E-15,3.0441835E-16,3.03151E-15,5.409348E-15,2.3494E-15,1.4985884E-15,9.625222E-16,7.373297E-16,8.980768E-13,2.090321E-15,1.4176072E-14,8.6803595E-13,1.7362567E-13,7.712603E-14,1.1155299E-13,1.4607139E-13,5.515952E-15,2.481448E-14,3.600506E-16,2.838194E-17,2.5532443E-18,0,4.1117515E-18,1.4788435E-14,1.7147709E-12,3.3538246E-14,5.746646E-13,2.0812909E-13,5.815235E-13,3.79109E-17,4.517998E-13,8.023629E-13,1.1764944E-12,4.8048994E-13,2.9948264E-12,3.339262E-19,1.3258585E-19,1.7545897E-18,1.5675007E-15,3.2759696E-15,2.1214584E-15,1.7515947E-15,2.3872475E-14,1.3485624E-13,1.6714217E-13,6.010909E-14,3.5208273E-13,2.7068414E-13,4.4784963E-13,1.0322659E-12,1.4933755E-12,1.7686375E-12,3.083633E-12,1.4041305E-12,5.910091E-13,9.883029E-13,1.1859531E-12,8.7296733E-13,4.795691E-13,1.9751763E-12,1.8509994E-12,4.8160234E-12,9.0194237E-13,1.6187017E-12,2.344567E-12,1.1771051E-12,1.8909611E-12,7.5690295E-13,2.6767502E-13,3.041878E-13,4.308133E-13,5.70601E-13,1.8486959E-13,3.441177E-14,2.1980018E-13,4.918418E-13,1.2144221E-12,4.5369825E-13,2.312781E-12,1.4175862E-13,1.9375978E-13,1.6172693E-13,9.11452E-13,2.8267815E-13,3.3704148E-13,7.0776783E-13,3.5632E-13,4.071134E-15,3.202921E-13,9.198649E-14,9.534106E-14,2.3471532E-13,6.7698505E-14,6.8845864E-16,4.136881E-14,6.223461E-14,3.3030515E-13,2.2589146E-14,7.636251E-14,4.6908146E-14,8.100896E-14
Unnamed reefs (GCB14),6.717705E-10,2.4891676E-11,0.00005932933,0.00038163524,0.0009879777,0.0009251866,0.0012728799,0.0007575441,0.004107093,0.002189977,0.0017491803,0.0019246929,0.0017930133,0.0007400682,0.00071104243,0.00052359817,0.0022250533,0.0022322463,0.0016111605,0.0016933887,0.0071973065,0.0019751387,0.00042776758,0.00062760565,0.00028344273,4.672341E-16,5.1539102E-14,1.415885E-14,3.0846107E-14,1.8476266E-10,7.043275E-10,7.110936E-11,1.1403644E-11,2.1191271E-11,3.503369E-11,3.431107E-11,2.335567E-10,5.1258664E-11,3.531813E-11,6.9882255E-12,0.0000000022369582,2.3078296E-11,7.292737E-12,8.306043E-10,1.001137E-11,2.8296926E-11,3.7275304E-11,9.484926E-12,2.5774383E-13,1.973902E-13,8.9482593E-14,3.213715E-13,3.55107E-13,2.370807E-12,5.2507515E-13,1.0715199E-13,1.2644618E-13,3.9932094E-12,0.0000000013527733,5.8380973E-14,6.0808975E-13,3.2924854E-13,5.794382E-13,5.075503E-14,9.037041E-14,3.0895604E-13,1.0825728E-12,1.578808E-14,1.3146939E-13,0,0,6.3169695E-19,5.9556024E-18,7.679186E-18,5.0036364E-17,9.622433E-16,1.07141475E-16,4.2479716E-16,2.3394648E-16,1.3060654E-15,1.1370037E-16,7.098141E-16,1.7711979E-15,1.9286754E-15,3.2029086E-15,8.831213E-16,1.2650044E-15,4.6596716E-13,2.3538906E-15,1.2882691E-14,1.8330483E-12,6.1646836E-13,2.1891549E-13,8.476966E-14,1.2070344E-13,1.7910624E-15,1.9124532E-14,5.0968164E-16,1.2874249E-17,9.683006E-19,1.6609428E-20,4.6593942E-17,1.9879872E-14,2.3670556E-12,3.7123194E-14,7.420356E-13,4.416716E-13,1.0119713E-12,1.2081521E-16,4.693695E-13,4.0167232E-13,7.702231E-13,1.224084E-12,1.8499978E-12,4.7762117E-19,1.6199997E-18,1.8052069E-17,1.1558426E-14,1.510967E-14,7.9892275E-15,5.3539652E-15,7.28382E-14,2.0185401E-13,2.4682684E-13,8.720646E-14,4.1584574E-13,1.939558E-13,4.4531525E-13,1.1220899E-12,2.466303E-12,2.8043767E-12,6.0965833E-12,3.647656E-12,1.3790511E-12,1.9998638E-12,1.6872677E-12,1.3788143E-12,9.249536E-13,4.12343E-12,3.3085546E-12,1.2663462E-11,2.958123E-12,3.1668463E-12,4.4356693E-12,1.8693267E-12,3.065797E-12,1.7521126E-12,5.862952E-13,3.9647124E-13,5.8430973E-13,6.9783654E-13,1.6114749E-13,5.1502053E-14,4.600221E-13,9.45757E-13,1.4352862E-12,4.159061E-13,2.2073495E-12,2.6008145E-13,3.542164E-13,1.3145838E-13,1.0897377E-12,3.8077806E-13,5.947301E-13,9.790008E-13,5.4243854E-13,4.397497E-15,4.2100966E-13,1.1491219E-13,1.5622948E-13,4.08694E-13,1.6019793E-13,1.4429659E-15,8.115478E-14,1.4114929E-13,5.5231606E-13,6.642405E-14,1.9079E-13,1.2730284E-13,1.6616859E-13
Cauvin Bank (GCB15),3.3472428E-10,3.0574994E-11,0.00016389,0.000998315,0.0023969638,0.0016337027,0.0021629806,0.00076947635,0.0036010656,0.0013668389,0.0010424758,0.0009910245,0.00089887675,0.00035761594,0.0003471466,0.00026314397,0.0011346011,0.0010632616,0.00072451134,0.00081449706,0.004786107,0.0032045774,0.00021750492,0.0003640691,0.00015882106,6.9532744E-16,4.4093415E-14,1.5840754E-14,9.355789E-14,1.4752655E-10,0.0000000012102427,1.15062675E-10,3.6417674E-11,4.567052E-11,5.5440617E-11,6.7851696E-11,4.4305068E-10,6.7591294E-11,7.119584E-11,1.2628136E-11,0.0000000033811791,3.7790923E-11,1.5048735E-11,0.000000001880488,4.4488448E-11,4.3661737E-11,1.580916E-11,3.0226709E-12,1.5439084E-12,4.67162E-13,2.6542367E-13,3.6805774E-13,2.8367274E-13,3.6322802E-12,1.8485926E-13,5.932941E-13,3.7237485E-13,2.124223E-11,0.0000000012704254,3.343304E-13,1.5412574E-12,7.4727057E-13,2.6307372E-12,2.285461E-13,4.1405543E-13,1.4195741E-12,4.5277154E-12,8.198735E-14,2.4701064E-13,0,0,6.586541E-19,5.4586947E-18,9.312147E-18,3.6454938E-17,6.446601E-16,2.5778082E-16,7.197111E-16,3.832888E-16,4.2671762E-16,1.1859249E-16,1.9034913E-16,1.5366179E-15,4.03775E-15,5.7340497E-15,3.3230356E-15,4.082793E-15,5.4419213E-13,9.892766E-15,7.0711496E-14,1.2071163E-11,3.303434E-12,8.882518E-13,4.7196977E-14,5.6545643E-14,5.4846045E-16,2.1688807E-14,3.5278E-16,1.7892067E-17,1.270454E-18,6.9346185E-19,5.326377E-16,5.031172E-14,3.3062938E-12,4.2390318E-13,1.2640637E-12,1.2063652E-12,2.0259794E-12,8.1546085E-17,9.673073E-13,1.290921E-12,9.553553E-13,4.21518E-13,2.0012518E-12,1.7725283E-18,4.1064724E-18,3.7136403E-17,1.7431355E-14,2.7349642E-14,6.111503E-15,1.0232094E-14,1.0392811E-13,4.739547E-13,6.1056737E-13,1.4156763E-13,6.9532997E-13,3.4914278E-13,5.831101E-13,1.9684386E-12,3.477474E-12,4.3054874E-12,1.0295732E-11,6.5981864E-12,2.4144122E-12,3.4851785E-12,2.7525517E-12,2.2329619E-12,1.4006577E-12,5.7184734E-12,4.2853763E-12,1.42497385E-11,2.9718237E-12,4.683546E-12,8.67867E-12,5.287177E-12,6.1220803E-12,2.3280297E-12,7.7611843E-13,5.102905E-13,8.9172176E-13,9.788908E-13,2.5876558E-13,1.0371255E-13,5.8339634E-13,1.0587942E-12,2.758244E-12,9.104392E-13,4.048086E-12,5.053983E-13,6.211959E-13,2.1563908E-13,1.5726431E-12,5.563501E-13,1.0192139E-12,1.6410147E-12,9.337243E-13,1.1089739E-14,5.3367125E-13,1.150527E-13,2.0106581E-13,6.653484E-13,2.5037958E-13,1.7549931E-15,1.7703914E-13,2.6292022E-13,6.653433E-13,9.7923765E-14,3.0236184E-13,1.2337946E-13,1.664808E-13
Benares Shoals,0.00000001635913,8.950743E-10,0.000004574212,0.000019310046,0.000042326177,0.000040896066,0.000077839715,0.000034091572,0.00036923573,0.0007836176,0.0002947001,0.0002490881,0.0012148658,0.0016899126,0.00075416855,0.0012560394,0.0023601954,0.0008626567,0.00039790996,0.00011337038,0.00017670536,0.0000490767,0.027977705,0.005525364,0.004586328,4.7810786E-19,6.038918E-17,4.9908862E-17,7.042544E-15,2.9288106E-12,1.9921724E-10,2.668474E-11,4.011565E-12,7.8101865E-12,1.3827445E-11,1.64832E-11,9.455769E-11,2.758762E-11,3.3580333E-11,5.703552E-12,0.0000000014197493,1.1886719E-11,4.021516E-12,2.8789796E-10,6.3119874E-12,3.669864E-12,7.6990976E-11,1.8570683E-11,1.0709708E-11,1.078138E-12,3.0062755E-13,5.111137E-13,2.650861E-13,1.4483243E-11,2.4233458E-12,2.1309315E-12,9.856197E-13,1.05546565E-10,0.0000000022120608,7.6822056E-12,2.0460893E-11,5.960997E-12,1.31948254E-11,1.4409369E-12,8.3239735E-12,1.9191645E-11,5.238672E-11,5.7005003E-13,2.4066948E-11,0,0,0,1.1591193E-19,1.6354692E-17,6.472703E-17,2.31936E-17,1.198735E-17,4.1778818E-17,1.4415733E-16,1.9731675E-15,1.9205171E-16,1.5055745E-15,3.1648653E-15,2.5019195E-15,2.1581546E-15,1.938877E-16,1.806686E-16,3.5354125E-13,5.908733E-16,5.597173E-15,5.733931E-14,1.4229432E-14,2.0545751E-14,1.512994E-15,1.7830995E-16,2.5570712E-17,1.9394056E-15,1.7436739E-17,5.0348883E-18,4.414357E-19,0,1.2231681E-16,3.0624601E-15,4.9313006E-13,5.5504485E-15,1.1493358E-13,4.4074658E-14,1.4821923E-13,7.639932E-23,1.5463906E-13,4.3886718E-13,4.7669323E-13,1.06845956E-13,9.530578E-13,0,0,0,1.5570759E-16,5.24813E-16,4.2578141E-16,8.855957E-16,4.86672E-15,2.439947E-14,4.9849295E-14,4.0904556E-14,4.100354E-13,1.8621655E-13,1.6894121E-13,4.856303E-13,3.9066764E-13,5.115847E-13,9.324684E-13,2.6408276E-13,1.0376649E-13,2.0197845E-13,3.8178854E-13,1.3560945E-13,9.6677854E-14,6.8906377E-13,6.933189E-13,2.2555876E-12,3.353245E-13,1.2036391E-12,1.7713832E-12,1.1508762E-12,9.222699E-13,4.330062E-13,3.1222E-13,2.103333E-13,2.9112482E-13,2.8588105E-13,3.956937E-14,6.097626E-14,2.111959E-13,3.8317567E-13,6.301538E-13,2.0072035E-13,1.1570997E-12,1.0342201E-13,3.6284883E-13,1.9722704E-13,4.240058E-13,9.546004E-14,2.2439545E-13,3.0186392E-13,1.8457081E-13,1.7085571E-15,8.528996E-14,2.0442244E-14,3.004292E-14,7.4403665E-14,1.8492152E-14,1.3503537E-16,5.0135402E-14,8.306223E-14,2.2047888E-13,2.3230934E-14,1.04483045E-13,1.1715977E-13,1.26023E-13
"Victory Bank, Salomon Islands, and Blenheim Reef",0.0000000054675344,7.774908E-10,0.000006022085,0.000024468734,0.000041027844,0.000033227163,0.000120000805,0.000030356532,0.00031055106,0.0006164757,0.00024132087,0.00023388212,0.00094869715,0.0013466135,0.00069028843,0.0015523238,0.0039546285,0.0018153178,0.0006160052,0.00021738649,0.00033793697,0.00007789383,0.0076790233,0.009767923,0.0053569684,8.525673E-17,3.7961542E-16,2.04493E-16,4.261539E-15,1.40619625E-11,1.4005445E-10,1.1417492E-11,2.7955403E-12,4.035223E-12,6.3880004E-12,1.0429877E-11,2.3536603E-11,1.443769E-11,1.1100046E-11,2.727281E-12,6.631082E-10,4.9680086E-12,1.8864096E-12,2.3346028E-10,4.869087E-12,1.9120257E-12,3.6154756E-11,7.574724E-12,1.0777944E-12,4.3194338E-13,1.2089766E-13,1.5036351E-13,7.576549E-14,3.88849E-12,8.0780624E-13,3.4793663E-13,1.1580788E-13,2.993011E-11,7.202505E-10,1.8637383E-12,5.7352985E-12,4.044769E-12,9.088524E-12,4.5167052E-13,1.5577896E-12,8.095533E-12,2.5443272E-11,2.8658393E-13,2.0988948E-12,0,0,0,3.3958954E-23,1.0812966E-17,4.3902336E-17,3.0598387E-17,8.881633E-17,1.1958272E-16,3.6356015E-16,2.120927E-15,1.5710705E-16,1.166813E-15,1.8986572E-15,1.9009425E-15,1.9081073E-15,5.7931627E-16,4.1285095E-16,5.0384024E-13,7.206286E-16,2.4747196E-15,3.3240907E-13,8.1303826E-14,4.3478696E-14,2.0460295E-15,1.2847402E-15,2.523661E-16,1.2562573E-15,2.787407E-16,1.2786206E-17,1.258644E-18,0,3.2731395E-17,2.7220683E-15,1.7442958E-12,1.22142E-14,2.6884647E-13,1.2177631E-13,2.6286802E-13,1.9640277E-18,3.633603E-13,9.187625E-13,6.223091E-13,1.10831646E-13,1.0076021E-12,0,0,0,5.4362876E-17,4.806903E-16,3.5485927E-16,3.738216E-16,2.17861E-15,1.0679362E-14,1.73543E-14,1.3966661E-14,7.2793625E-14,6.3825186E-14,2.335934E-13,2.8350613E-13,3.363267E-13,3.67498E-13,6.572487E-13,2.438385E-13,1.2826171E-13,2.417557E-13,3.1082637E-13,1.2436906E-13,7.174172E-14,3.2529022E-13,4.207602E-13,1.0599271E-12,2.262401E-13,4.537128E-13,5.415349E-13,3.4994907E-13,3.8940135E-13,1.6500045E-13,7.852535E-14,1.2798345E-13,1.2186065E-13,1.6751376E-13,3.46763E-14,3.0857092E-14,7.97127E-14,1.5936041E-13,3.3587917E-13,1.1534185E-13,7.3933383E-13,4.489922E-14,1.2863654E-13,3.776322E-14,1.978768E-13,6.80698E-14,1.4882003E-13,2.2281555E-13,1.53828E-13,2.2062854E-15,6.1950174E-14,1.3449753E-14,2.2337299E-14,3.5217868E-14,1.3020816E-14,7.1956964E-17,3.031022E-14,5.792786E-14,9.5681804E-14,8.796844E-15,6.9785046E-14,7.193262E-14,8.4588715E-14
Speakers Bank and Colvocoresses Reef,0.0000001816867,0.000000019101911,0.0000022401039,0.000009166391,0.000015693675,0.000014589359,0.00009343292,0.0000103716075,0.000084148276,0.00020295661,0.000072623494,0.00009103338,0.00027237582,0.00033251755,0.00018335872,0.00036774855,0.0012579494,0.0008652622,0.0002495729,0.00011743155,0.00020311323,0.000053368734,0.0037180071,0.0038687584,0.0076176724,9.8591856E-18,4.516285E-16,4.605652E-16,8.2275677E-16,3.5077178E-12,7.933885E-11,6.5398316E-12,1.1078081E-12,1.900158E-12,2.7632744E-12,6.4328287E-12,2.1817327E-11,9.027572E-12,1.5991949E-11,2.4060094E-12,3.005447E-10,3.8157134E-12,1.1501591E-12,9.180747E-11,2.4341596E-12,5.6416346E-13,7.669212E-12,1.831849E-12,2.2961797E-12,1.6905422E-12,3.0590198E-13,3.6274843E-13,5.933472E-13,1.4897621E-11,3.7451266E-12,1.965698E-12,1.4468268E-12,5.540092E-11,3.5242723E-10,1.0913168E-11,1.8841225E-11,5.5032563E-12,2.4268866E-11,4.0649806E-12,1.6995192E-11,5.0540256E-11,1.06631017E-10,2.217416E-12,2.67603E-11,0,0,0,2.4394048E-22,3.5571912E-19,2.203469E-18,2.7823163E-19,6.748735E-20,1.0269675E-16,1.9687918E-16,1.0721606E-15,1.3715806E-16,1.6136042E-15,1.5035138E-15,2.5072453E-15,2.9426704E-15,2.0256956E-16,7.652341E-17,5.7593914E-13,9.166992E-16,1.5572287E-14,2.3538064E-12,4.124307E-13,4.9249037E-14,7.0676903E-15,1.8617407E-15,1.6750613E-16,5.3094434E-16,2.8691567E-17,3.0776158E-18,3.3753102E-19,0,1.9031755E-17,1.3916485E-15,3.3450317E-12,9.00069E-15,3.0067742E-13,1.3638229E-13,2.5330308E-13,3.806166E-18,4.905729E-13,7.671852E-13,6.0013865E-13,8.97692E-14,1.0006994E-12,0,0,0,3.710111E-17,4.0002616E-16,3.481655E-16,1.1947335E-16,8.3354596E-16,6.4372386E-15,7.463187E-15,3.8927703E-15,1.0459822E-13,4.0694587E-14,2.1444161E-13,1.6130197E-13,1.931899E-13,2.3143613E-13,4.3368114E-13,1.1685802E-13,6.444026E-14,1.3657044E-13,2.5130446E-13,1.0736728E-13,5.5212924E-14,2.5705073E-13,3.9239364E-13,7.9885913E-13,1.1890852E-13,3.0741184E-13,4.0794064E-13,2.3328765E-13,2.6284506E-13,1.2500497E-13,6.738203E-14,3.7529316E-14,6.665023E-14,1.0006204E-13,2.2606317E-14,8.195077E-15,3.4109766E-14,7.410686E-14,1.7229088E-13,7.149713E-14,2.590917E-13,2.6491852E-14,4.3938855E-14,1.7564785E-14,1.1717165E-13,3.7513402E-14,1.5877324E-13,2.5558172E-13,9.65257E-14,3.685792E-15,3.7539443E-14,1.10660924E-14,1.30681895E-14,2.4584001E-14,5.5789385E-15,2.0399634E-17,1.752706E-14,4.1581654E-14,5.334717E-14,4.1145748E-15,4.2596518E-14,4.2177457E-14,3.4701642E-14
Mauritius SW,0,0,0,0,0,0,0,0,0,0,0,0,0,0,0,0,0,0,0,0,0,0,0,0,0,0.010971292,0.0019849043,0.0027086907,0.0000000041200914,3.8510015E-11,2.9469579E-19,1.4929091E-14,1.0832851E-14,2.271115E-15,1.2992908E-15,1.5416342E-12,1.1327277E-13,1.0067646E-14,2.4805059E-17,1.1971138E-18,8.869556E-15,4.948566E-18,3.6370854E-18,1.4881076E-15,5.6205165E-18,0,0,0,0,0,0,0,0,0,0,0,0,0,0,0,0,0,0,0,0,0,0,0,0,0,0,7.21998E-19,4.983483E-19,2.132744E-18,9.4739105E-18,4.6208384E-16,2.4861011E-17,3.174164E-17,6.3235583E-16,5.6890137E-16,4.3519055E-16,9.90756E-16,6.2299235E-15,7.144668E-15,1.1441455E-14,2.6588086E-16,9.29607E-15,6.390583E-11,1.7038856E-12,2.0736904E-12,0.0000000027215425,0.000000001556135,0.00000003075688,0.000000009644657,0.00000003017544,0.0000000118644605,0.0000002440603,0.0000000076857,6.1990046E-10,4.2144514E-11,5.3371864E-18,1.5463506E-17,6.665659E-15,0.000000001815779,0.0000000032874545,1.2687757E-11,4.5991006E-12,1.0969094E-11,0.000005428907,1.2191596E-11,3.817511E-11,5.447584E-12,2.3822608E-12,2.0716177E-11,2.8673145E-18,2.2558467E-16,3.5094007E-16,7.1976164E-14,3.0684933E-13,5.3797684E-13,5.9593297E-13,6.248355E-13,6.6446333E-13,3.511375E-13,9.5939356E-14,5.142316E-13,1.0867026E-12,1.3932118E-10,5.4503147E-12,1.7515357E-11,2.574114E-11,1.5200383E-10,1.2539122E-11,2.3810274E-12,6.4795077E-13,4.2159302E-13,1.3624439E-12,8.898683E-13,4.9149252E-12,2.7496339E-11,1.4842001E-10,7.8581E-12,3.9354492E-11,5.7532763E-11,6.16447E-11,3.19742E-11,1.4308531E-11,9.361112E-13,2.6686442E-12,7.858485E-13,4.562806E-12,2.1749464E-13,1.321244E-12,4.2827145E-11,2.0364205E-11,1.457107E-11,1.0532532E-12,1.5120719E-11,1.7927706E-12,1.00670194E-10,3.649642E-12,9.5034145E-12,8.28807E-13,1.59208E-12,2.55867E-12,8.416032E-13,3.675547E-15,3.1098388E-13,1.5029017E-14,1.8854237E-14,1.6561568E-13,9.731236E-14,1.5186141E-16,9.529446E-13,4.1360387E-12,2.1925914E-12,4.921911E-13,1.0127776E-12,2.8292966E-13,1.8640237E-13
Mauritius N,0,0,0,0,0,0,0,0,0,0,0,0,0,0,0,0,0,0,0,0,0,0,0,0,0,0.002808356,0.08440603,0.0025104964,2.2251315E-10,3.89979E-12,6.5641936E-19,7.255027E-15,1.8117908E-15,1.2697407E-15,2.008223E-15,1.4159817E-11,6.273115E-14,4.6847647E-15,7.3874425E-18,1.4662676E-17,1.767433E-15,7.5780795E-18,4.603889E-19,4.0642388E-16,1.8938881E-18,8.338062E-21,0,6.066382E-21,2.4304309E-19,1.5447528E-18,2.4197615E-19,8.586699E-19,2.967495E-20,1.5241219E-18,1.0037302E-18,3.9778418E-19,8.547739E-19,7.683232E-19,0,1.983347E-21,1.5848178E-20,0,0,0,2.3892095E-22,0,0,0,0,0,0,1.1208402E-19,2.0005349E-19,1.3076025E-18,8.168031E-19,2.2600933E-16,4.4635596E-17,1.1258931E-16,8.374356E-16,1.0360265E-15,2.7248722E-16,1.830736E-15,4.9488417E-15,8.263052E-15,2.926435E-14,2.6679156E-16,6.3282064E-15,4.0835363E-11,1.3843405E-12,6.9166173E-13,0.000000004775913,0.0000000025103142,0.000000046207006,0.000000010559115,0.000000052245557,0.000000008677108,0.00000008421675,0.0000000071029786,7.737425E-10,2.1785875E-11,2.511936E-18,4.5140546E-17,9.569418E-15,0.0000000026223859,0.0000000012429877,1.2767961E-11,4.7429604E-12,1.228406E-11,0.00000086153636,9.319281E-12,2.173213E-11,3.97456E-12,1.7459504E-12,1.0096929E-11,1.0061336E-17,8.581057E-16,9.562996E-16,6.387473E-14,5.306218E-13,1.5312423E-12,1.6313652E-12,1.1512543E-12,9.0179437E-13,2.7998624E-13,1.2018128E-13,3.7058946E-13,6.646309E-13,5.7607E-10,6.6083614E-12,1.7314532E-11,2.9244128E-11,1.7970513E-10,1.7636052E-11,2.4308056E-12,3.133446E-13,2.3109604E-13,7.461815E-13,3.8161602E-13,2.3115236E-12,2.0634527E-11,1.4290354E-10,1.1102816E-11,3.8167188E-11,1.9511675E-11,1.6116037E-11,2.2495264E-11,1.036633E-11,1.456004E-12,1.4422405E-12,4.408831E-13,1.4072109E-12,5.877592E-14,5.518779E-13,1.4850782E-11,7.4249825E-12,6.0240792E-12,3.3491864E-13,4.338473E-12,4.727306E-13,3.0079408E-11,1.5247631E-12,3.704823E-12,3.9712596E-13,1.5561938E-12,1.3710678E-12,4.4401744E-13,2.4428593E-15,2.006184E-13,2.1931369E-14,4.797789E-14,2.1117593E-13,4.3313304E-14,1.5424519E-16,5.255655E-13,1.242319E-12,8.879016E-13,1.6962675E-13,3.834164E-13,1.5338223E-13,1.12928215E-13
Mauritius SE,0,0,0,0,0,0,0,0,0,0,0,0,0,0,0,0,0,0,0,0,0,0,0,0,0,0.0018254083,0.019513838,0.050919276,3.08292E-10,1.6823197E-11,1.9800427E-19,3.5374118E-17,3.275076E-17,2.0269561E-17,2.2555167E-17,1.0396577E-12,3.136126E-16,4.717038E-17,2.974462E-20,1.9816419E-20,5.1116567E-19,6.066195E-22,2.0283361E-21,8.628958E-19,1.08055896E-19,0,0,0,0,0,0,0,0,0,0,0,0,0,0,0,0,0,0,0,0,0,0,0,0,0,0,0,0,0,0,4.200738E-18,4.5166434E-19,1.4110656E-18,1.01512134E-16,3.2912357E-16,1.2739084E-16,3.3500865E-16,1.49497E-15,2.5753713E-15,3.9030105E-15,9.2224246E-17,1.4125522E-16,2.7210005E-12,9.402773E-14,1.0480378E-13,2.6079044E-10,1.7397672E-10,0.0000000012465496,9.594507E-10,0.000000005007623,4.7851245E-10,0.000000004360499,9.724059E-10,1.0659843E-10,1.8118524E-12,1.6661254E-19,2.6456247E-19,2.3811502E-16,1.134448E-10,1.4408172E-10,3.843469E-12,1.4409758E-12,5.1208304E-12,0.00000035556988,1.5685451E-12,4.293197E-12,9.171072E-13,3.9480607E-13,3.244914E-12,5.445682E-18,4.734273E-16,6.1335996E-16,2.2738066E-14,4.4757932E-15,1.0501222E-14,8.866873E-15,1.0526632E-14,3.6359384E-14,2.6366741E-14,1.4802705E-14,5.007381E-14,2.4920887E-14,2.881589E-12,6.78026E-14,3.0919654E-13,4.6817324E-13,9.258387E-13,8.0745774E-14,1.1933187E-14,1.4319361E-14,1.1867921E-14,2.2688665E-14,1.1693656E-14,3.8978515E-14,9.472396E-14,6.7374356E-13,1.8166856E-14,2.5966685E-13,9.94317E-13,3.9764215E-13,2.662204E-13,1.0475159E-13,3.43857E-14,5.3310837E-14,1.7875629E-15,6.1820005E-15,2.5593834E-16,1.6202354E-15,5.9267634E-14,5.713868E-14,2.3063235E-13,1.0682231E-14,1.92811E-14,1.8774993E-15,4.179864E-14,4.6069266E-15,1.1788156E-14,3.812465E-15,2.128533E-13,3.8365106E-13,1.6218889E-13,2.0853797E-15,5.631897E-15,4.9935054E-16,1.3652021E-15,7.5133195E-15,8.963675E-16,4.0154267E-18,2.5744855E-15,6.293497E-15,1.29294235E-14,1.9347298E-15,4.3661325E-15,3.6946883E-15,3.5271617E-15
Rodrigues,0,0,0,0,0,0,0,0,0,0,0,0,0,0,0,0,0,0,0,0,0,0,0,0,0,0.00000016015392,0.0000074228305,0.0000038120188,0.05007891,0.00000062880275,0,1.0103615E-20,6.142719E-20,4.8234992E-20,1.2832938E-19,1.3128228E-14,2.442209E-17,1.1797544E-17,1.517533E-22,2.803442E-21,1.664354E-18,1.0033156E-18,8.907295E-19,2.1956485E-17,2.756618E-19,0,0,0,0,0,0,0,0,0,0,0,0,0,0,0,0,0,0,0,0,0,0,0,0,0,0,0,7.341652E-22,2.8382051E-21,1.1594706E-19,8.1100473E-19,1.8884845E-19,9.746334E-19,3.4463676E-19,1.5720932E-17,2.4562744E-18,3.4872502E-17,2.982643E-15,6.5574055E-15,1.0330861E-14,3.9411735E-17,4.185416E-17,6.815454E-13,1.5822045E-14,8.4681516E-14,8.8582246E-11,3.8064447E-11,8.674478E-11,1.8374119E-10,5.4464216E-10,1.468742E-10,8.1571555E-10,5.63263E-11,7.329142E-12,2.0121109E-13,0,0,4.1249166E-15,1.259692E-11,2.2267398E-11,1.2140934E-13,3.3145722E-13,6.640077E-13,0.0000000011727138,1.5182529E-13,9.491328E-14,6.981482E-14,2.7661663E-14,1.2137482E-13,0,0,5.2324395E-20,1.1378932E-16,2.7184652E-16,1.836547E-16,1.1528297E-16,9.76574E-16,4.0977633E-15,6.796165E-15,1.30394E-15,5.126847E-15,1.3873789E-15,1.4827973E-13,7.442725E-15,1.0700063E-14,1.0595768E-14,3.3768368E-14,1.3794245E-14,2.6394512E-15,1.4221066E-15,1.5529126E-15,9.8893545E-15,4.4844372E-15,9.707675E-15,3.981504E-14,3.8482273E-13,1.6141897E-14,9.714377E-14,3.0281353E-14,8.977209E-15,3.054779E-14,1.5120765E-14,8.527019E-15,1.126507E-14,6.558861E-15,4.303177E-15,3.7436956E-16,6.567746E-16,1.4176528E-14,3.1481884E-14,2.4428803E-14,8.534917E-16,7.276813E-15,1.2537725E-15,2.3988731E-15,1.3025884E-15,9.684257E-15,7.011938E-15,6.1794706E-14,5.437424E-14,1.4950855E-14,7.742138E-16,7.0581506E-15,7.138772E-16,5.76615E-16,5.295987E-16,9.401756E-17,4.9331596E-18,1.1289672E-15,1.1777416E-15,6.1804153E-15,1.0912464E-15,8.26138E-16,4.8676374E-16,1.05823E-15
St Brandon,0,0,0,0,0,0,0,0,0,0,0,0,0,0,0,0,0,0,0,0,0,0,0,0,0,0.00000048456764,0.000009240025,0.000002590973,2.2393212E-11,0.015212699,4.1222475E-13,6.4639665E-12,1.0724312E-12,1.5894813E-12,3.5427575E-12,7.9880394E-11,1.8598751E-11,8.31092E-12,2.536407E-15,3.554928E-16,1.2527699E-13,1.9123787E-15,1.2717139E-15,1.0781568E-13,1.6815547E-15,3.63022E-15,1.4203085E-17,3.3075131E-18,1.5686748E-18,1.1164902E-18,3.5972707E-19,6.8119916E-19,5.547849E-20,4.9137217E-18,7.7559E-19,3.0001473E-18,1.8195548E-18,0,1.4193277E-14,2.6259739E-23,0,0,0,0,0,0,0,0,3.2253905E-24,1.0905474E-25,4.2161884E-19,1.028804E-17,1.2134031E-17,5.24388E-17,9.823708E-16,3.7751686E-14,3.2575264E-14,2.808128E-15,3.5830005E-14,1.7071313E-13,3.3145096E-13,1.739218E-13,2.7981456E-12,5.010159E-12,3.211677E-11,8.039663E-12,2.031734E-12,3.8449266E-10,4.8644096E-11,2.4833627E-10,0.00000011645068,0.00000003962663,0.00000008750253,0.00000013693636,0.00000023940188,0.000000046572044,0.00000019644042,0.000000012557518,0.0000000013997952,8.832027E-12,7.606357E-16,1.0801111E-14,1.2373722E-12,0.000000016851622,0.00000025482203,0.0000000026629263,7.270458E-10,0.0000000026565294,0.000000083755815,0.0000000010674021,0.0000000011624136,3.81973E-10,1.1172338E-10,8.0468904E-10,1.9854606E-16,8.615208E-15,2.1911111E-14,8.96347E-13,1.9155014E-12,4.203668E-12,8.092045E-12,6.0625255E-12,6.1807504E-11,2.4579536E-11,8.571688E-12,5.0395757E-11,2.3333556E-11,4.212036E-10,1.8977579E-10,2.0880164E-10,3.1968928E-10,3.8623205E-10,1.14554206E-10,2.2291752E-11,1.1972077E-11,1.27669E-11,3.9357437E-11,2.2071745E-11,1.1687569E-10,1.7495543E-10,2.593288E-10,2.4233898E-11,8.682768E-11,9.8302116E-11,4.092264E-11,8.121099E-11,3.0392844E-11,4.9911767E-12,1.1605619E-11,2.584231E-12,3.6445014E-12,3.7867024E-13,8.2554677E-13,1.557072E-11,4.1568148E-11,2.4826726E-11,3.4726096E-12,1.7377579E-11,1.4728572E-12,9.632236E-12,4.2548903E-12,2.5979956E-11,1.0856993E-11,7.927288E-11,5.7866312E-11,1.4559926E-11,4.4271352E-13,9.403276E-12,1.7777821E-12,9.880793E-13,1.59494E-12,4.0883822E-13,2.7863187E-15,3.7912225E-12,2.7890236E-12,8.893876E-12,9.112732E-13,2.41251E-12,8.9294284E-13,1.7262769E-12
Agaléga Islands,1.4633806E-13,3.0022056E-15,9.353823E-14,3.119519E-14,8.373713E-14,1.330976E-13,1.10908834E-13,1.17313055E-14,1.2430052E-12,1.7855854E-12,6.893368E-13,7.84564E-13,2.6176333E-12,1.4019693E-12,1.1415826E-12,9.108507E-13,3.93441E-12,4.11222E-12,6.9781317E-13,1.8426939E-13,2.1247237E-13,4.5007228E-14,1.7444381E-11,8.440815E-12,1.0109891E-11,0,0,0,0,2.238342E-16,0.0031277905,0.0000033221188,0.00000032595474,0.00000060864147,0.0000017404867,0.0000022103764,0.000008908512,0.0000028800357,0.0000013784138,0.00000019935266,0.0000766948,0.00000054393826,0.00000015929982,0.000012782493,0.00000014201045,0.00000019262843,0.0000004346027,0.00000009787903,0.0000000037013421,0.000000003021747,0.0000000018041003,5.4172955E-10,7.500831E-10,0.000000014789734,5.273475E-12,2.2763133E-12,6.055188E-13,0.00000011653165,0.000003797852,1.3257613E-12,5.600505E-12,4.278097E-12,7.0560836E-12,3.4508274E-13,2.1330728E-12,6.549175E-12,9.699345E-12,1.4824182E-13,2.4756614E-12,3.817903E-12,7.7848E-12,5.498795E-11,3.507839E-11,1.7892571E-11,6.657111E-11,7.4323747E-10,1.68479E-10,3.2005082E-10,2.5901983E-10,1.5555895E-10,1.8202158E-10,5.168645E-10,0.00000000123256,0.0000000037750416,0.0000000044708153,9.635466E-10,0.0000000018882929,0.000000035302275,0.000000014374013,0.000000048123034,0.0000013013025,0.0000002278537,0.000000088204466,0.00000005123065,0.00000001790566,0.0000000021860618,0.0000000051371503,2.0327105E-10,6.7500025E-12,1.5852022E-13,1.6749038E-11,4.1701195E-11,0.0000000114619585,0.0000013183327,0.000000016316768,0.00000029782544,0.000000117963715,0.00000018547128,2.170649E-21,0.0000003086116,0.0000005131904,0.00000038456994,0.00000010892639,0.00000069887574,2.5951851E-12,3.5583002E-11,1.6424517E-10,0.0000000018979731,0.0000000037083498,0.0000000032921152,0.0000000024250708,0.000000015254143,0.0000001317802,0.00000017639512,0.000000032884,0.00000022532387,0.00000015381126,0.00000016569876,0.00000051360587,0.00000042851946,0.00000053665184,0.0000009482353,0.0000004942306,0.00000015237946,0.00000030213266,0.0000002940131,0.00000016298011,0.000000099922055,0.00000023202654,0.00000023120968,0.00000043422054,0.00000008460708,0.00000015177721,0.00000027027036,0.00000012783634,0.00000015124621,0.000000054739658,0.000000018111088,0.000000034128064,0.00000005298505,0.000000050142727,0.000000016919088,0.0000000034371817,0.000000034614,0.00000007605383,0.00000011915148,0.000000036678205,0.00000023171403,0.000000023132026,0.00000003828833,0.000000018080001,0.0000001164939,0.000000037325737,0.00000010569484,0.00000010249091,0.0000000618764,0.0000000023020212,0.00000003528967,0.000000010662642,0.000000013712789,0.000000039730114,0.00000000844275,2.9632463E-11,0.000000008160377,0.000000012920791,0.000000032220257,0.0000000036720407,0.000000011743622,0.0000000064720678,0.000000011527719
Aldabra Atoll SW,1.2472927E-12,1.2646241E-14,1.317479E-16,0,0,0,0,0,0,0,0,0,8.593238E-19,4.1655557E-19,1.226388E-18,5.6791057E-19,1.2845148E-19,0,1.4336354E-19,0,0,0,6.001321E-15,4.2518026E-15,6.721382E-15,0,0,0,0,0,8.343837E-14,0.019218856,0.00503524,0.0005766249,0.001090308,0.00029740806,0.000028140561,0.00000010137401,2.746695E-10,1.6261219E-12,4.4377026E-11,2.1989123E-12,2.0384536E-12,0.0000007400679,0.000000013741323,0.0000000033234016,0.000000039637857,0.000000018266542,0.0000000016775065,0.0000000025200246,4.0211037E-10,0.0000000013487497,1.7933005E-10,0.0000000086113054,7.188315E-10,9.788133E-10,6.3671685E-10,0.0000000013716019,1.388175E-10,7.0572596E-11,5.2062823E-11,1.2588854E-10,2.5398857E-11,9.625294E-12,1.3688018E-11,3.9007426E-11,9.085519E-11,5.4304634E-12,3.2222038E-11,2.4451342E-11,1.732445E-11,2.1713195E-10,3.3511974E-10,8.4361285E-10,0.000000004863264,0.00000011126697,0.000000017734251,0.0000000031550786,0.0000000065496946,0.000000013428995,7.250789E-10,0.0000000023376168,0.000000011091964,0.00000004216094,0.00000006852736,0.00000003064898,0.0000000013853239,0.00000016491241,5.1693017E-10,4.911081E-10,4.5008934E-11,2.8110375E-13,4.4572348E-14,3.211008E-15,8.638596E-16,5.1263166E-18,6.377153E-16,0,0,0,0.0000000044082915,0.0000000067583428,0.00000049067353,0.00000009143457,0,0.0000035527214,0.0000012649605,0.0000046783766,0,0.0000005245815,0.0000085159845,0.000002760279,0.000009651626,0.00001179906,1.5151186E-10,0.00000000210674,0.000000015965833,0.00000032760147,0.00000032458576,0.00000027308772,0.00000011557177,0.0000009320674,0.000007671409,0.000012883476,0.000003083309,0.000010999162,0.00000769089,0.0000149400375,0.00003602421,0.000036965903,0.000052187534,0.00009344358,0.000063978296,0.000023152648,0.000027949909,0.000032929605,0.000022972541,0.00001307207,0.000033984612,0.000044678563,0.00008213849,0.000014039873,0.00002811043,0.000047328384,0.000022350328,0.000029926503,0.000010159702,0.0000028970353,0.000006646251,0.000009022734,0.0000071391664,0.0000023293946,0.00000060872827,0.00000863405,0.000017780743,0.00002547432,0.0000072220773,0.000045459914,0.0000034776251,0.00000805262,0.0000029597652,0.000016678296,0.000005878,0.000022695938,0.000025199635,0.000019176983,0.000000898417,0.0000056180934,0.0000024339572,0.000003142863,0.0000110376195,0.0000016594497,0.000000012235841,0.0000021458018,0.000003311879,0.000008038686,0.0000009253913,0.000002877369,0.0000014369992,0.000002634704
Aldabra Atoll NW,3.5393013E-13,5.582192E-15,4.0428E-16,0,0,0,0,0,0,0,0,0,0,1.1594138E-18,4.92675E-19,1.3386821E-18,1.3075953E-18,6.769328E-19,3.030766E-19,0,0,0,1.6538895E-15,1.2671368E-15,2.2108794E-15,0,0,0,0,0,3.0875657E-13,0.007191056,0.016570657,0.0019214111,0.0003029363,0.00010045916,0.00002077506,0.00000011632309,1.0742563E-10,1.4317013E-12,8.7997234E-11,5.074352E-12,2.0264547E-12,0.00000051679007,0.000000008813585,0.0000000035515144,0.000000056868885,0.000000010188587,0.0000000044550554,0.000000002728646,0.0000000011305256,0.0000000015569429,2.265544E-10,0.0000000088814,0.0000000027748912,0.00000000579658,0.000000004273543,0.0000000021262905,9.1341365E-11,0.000000002125004,1.3798929E-10,6.9629763E-10,5.801273E-11,1.1680382E-11,6.796023E-11,9.2121165E-11,3.4079756E-10,9.908617E-11,2.5165817E-10,1.5424533E-11,1.4997635E-11,1.5711048E-10,2.541058E-10,9.742963E-10,0.0000000037226389,0.000000047008815,0.000000009581357,0.0000000028943388,0.0000000055347367,0.000000009765675,3.0278882E-10,0.0000000011022344,0.0000000057044143,0.000000010023376,0.000000011400385,0.0000000017152555,4.95879E-10,0.00000010451813,2.6333943E-10,2.027185E-10,1.370056E-11,8.447266E-14,2.2184432E-14,4.370138E-16,4.5124125E-17,1.0442021E-17,3.393133E-17,0,0,0,0.000000002478051,0.0000000050075624,0.0000002573976,0.00000006115871,0,0.0000015077306,0.0000004774259,0.0000032983412,0,0.0000002966745,0.0000041698295,0.000001810856,0.000004963912,0.000009284617,2.1086828E-10,0.0000000023547972,0.000000008750972,0.00000016865263,0.00000018124997,0.00000019759258,0.00000007829024,0.0000005936119,0.0000061509027,0.000007912412,0.0000018255998,0.0000068541494,0.000004257483,0.000008059436,0.000025463929,0.000025833324,0.00003370763,0.00006401882,0.00004445653,0.00001549441,0.00002045803,0.000021259335,0.000014146344,0.000008914124,0.000024709292,0.00003134797,0.00005397553,0.000009542446,0.00001880496,0.000034919136,0.000016236869,0.00002058253,0.0000073415463,0.0000021057574,0.000004769825,0.0000054084935,0.0000050813796,0.0000015865354,0.0000004424825,0.00000627816,0.000013365092,0.000016807684,0.000004430383,0.000030820745,0.0000020815858,0.000006526265,0.0000022587583,0.0000118620555,0.000004330188,0.000015813279,0.000019485973,0.000013126489,0.00000055058524,0.000003977219,0.0000017833523,0.0000021269784,0.00000677802,0.0000012598694,0.0000000073595623,0.0000015910301,0.0000024491846,0.0000059978597,0.00000072172065,0.0000019605752,0.0000010189742,0.000001882686
Aldabra Atoll NE,6.196037E-13,5.1839865E-15,4.9821246E-15,4.7238577E-18,9.566558E-18,2.0561659E-17,4.407894E-19,0,2.4940436E-19,8.076386E-20,0,7.157364E-18,4.3909632E-17,4.1042426E-17,1.7297879E-17,1.2536079E-17,3.0935397E-17,6.1918104E-18,6.483411E-18,4.8553637E-18,6.423803E-18,1.9428357E-18,5.3841522E-15,4.6035173E-15,2.4550217E-15,0,0,0,0,0,3.1085594E-13,0.012941737,0.011557995,0.0064908694,0.00402826,0.0000879684,0.000025857775,0.00000014871499,9.0861463E-10,9.21216E-13,7.504714E-11,1.10650595E-11,4.3337335E-12,0.00000050802083,0.00000001328558,0.0000000148047725,0.00000007039113,0.000000034472357,0.00000000840212,0.000000009922005,0.0000000029178235,0.0000000041126995,3.8049772E-10,0.000000019257605,0.0000000057171796,0.000000008964351,0.000000009868857,0.0000000046760196,3.9647688E-10,0.0000000029690226,4.2564302E-10,0.0000000012787471,1.05519E-10,3.1845908E-11,1.1802376E-10,1.1512719E-10,6.2344924E-10,1.515482E-10,0.0000000010059528,3.885227E-12,5.9447915E-12,5.2276305E-11,9.5907705E-11,8.582949E-10,0.0000000021286666,0.00000002319953,0.000000004510707,0.00000000164436,8.312121E-10,0.0000000015568616,1.2632329E-10,4.979425E-10,0.0000000027870841,0.0000000042262434,0.000000009090397,0.0000000054779146,3.1667016E-10,0.000000066853474,2.49875E-10,1.5868835E-10,9.453054E-12,1.8242286E-13,2.5645259E-14,3.462891E-16,2.1580868E-16,7.6904817E-19,1.968347E-17,0,0,0,5.8037186E-10,0.0000000020414233,0.00000014234438,0.000000027364472,0,0.0000007392555,0.00000068660125,0.0000031375184,0,0.00000017677674,0.0000019589652,0.0000009647365,0.0000023960815,0.0000051182706,1.1088719E-10,7.244497E-10,0.0000000051545714,0.00000009314964,0.00000013027348,0.0000001489218,0.00000006502721,0.00000044934558,0.0000030502097,0.0000040532827,0.0000012910548,0.000004245455,0.000002389253,0.0000053207737,0.000015565367,0.000015696105,0.000020683745,0.000037233174,0.00002511397,0.0000094351635,0.000011653032,0.000014004858,0.000008582361,0.0000049087553,0.000012509619,0.000016243983,0.000029089124,0.0000051445136,0.000011354211,0.000023080365,0.000010352083,0.000013185008,0.000004374539,0.0000012752024,0.0000029166893,0.0000035465946,0.000003091919,0.0000010452432,0.00000027523538,0.0000035465973,0.000007489227,0.000010492323,0.0000028830095,0.000017875032,0.0000013160874,0.0000034044103,0.0000012736897,0.000006818883,0.0000024836452,0.000011774598,0.000012046299,0.000007711868,0.0000003132005,0.000002332433,0.0000009215473,0.0000011819544,0.0000040157165,0.00000066367323,0.0000000046241855,0.0000009639939,0.0000015543764,0.0000039027504,0.00000045083615,0.0000012913939,0.0000006485493,0.000001267555
Aldabra Atoll SE,1.1217348E-12,1.0465819E-14,1.8331885E-15,9.8533E-18,2.1540061E-17,5.143868E-18,0,0,1.3318547E-18,1.2633251E-18,0,3.1292275E-20,8.697749E-19,1.6248216E-18,1.0604106E-18,4.656238E-20,1.8379748E-19,2.2007767E-20,1.1699861E-19,0,0,0,4.5130546E-15,3.1449666E-15,5.170847E-15,0,0,0,0,0,8.802033E-13,0.08823735,0.0034120302,0.0025367478,0.013019773,0.00031160517,0.00004359375,0.00000016626629,6.6271527E-10,2.8702587E-12,6.965753E-11,5.169495E-12,4.562401E-12,0.000001011583,0.00000003391669,0.0000000115005685,0.00000009115136,0.00000003674454,0.000000006275927,0.0000000056337375,0.0000000019483675,0.000000006168298,5.3498134E-10,0.00000002891677,0.000000007076367,0.000000010505203,0.000000008224505,0.0000000050521773,5.827212E-10,0.0000000011736586,4.3642492E-10,0.0000000024846307,1.4736774E-10,3.6473588E-11,1.1186834E-10,1.5584495E-10,0.0000000010829381,9.7033416E-11,6.7182976E-10,5.417165E-12,1.3620997E-11,1.0816773E-10,1.9840897E-10,8.051442E-10,0.0000000028207376,0.000000080159744,0.000000020212408,0.0000000020923063,3.9824755E-10,2.465464E-10,3.187533E-10,0.0000000011211684,0.000000007850319,0.000000011488297,0.000000018327048,0.0000000047240536,9.983558E-10,0.00000016102135,7.83351E-10,4.4235993E-10,3.0636244E-11,4.3943324E-13,8.734967E-14,2.9632535E-15,1.1348214E-15,6.034072E-18,3.9321752E-16,0,0,0,0.0000000021042106,0.0000000028541371,0.00000025764476,0.00000006969419,0,0.000002562989,0.0000011328805,0.0000042526617,0,0.00000040484693,0.000004668223,0.0000014961415,0.0000048008937,0.000007923051,1.3911466E-10,0.0000000015174965,0.0000000148446935,0.00000020971508,0.00000020980542,0.00000020357487,0.000000092295686,0.00000077083587,0.0000054403763,0.000008816597,0.0000019832892,0.000006812093,0.0000050744984,0.000010012444,0.000024318228,0.000024990451,0.000028155391,0.000054972563,0.0000370566,0.000017287804,0.000020999008,0.000023912442,0.000017904105,0.000009231152,0.000021379743,0.000027963246,0.00004905236,0.000008728701,0.000018247552,0.000032542528,0.0000151063605,0.000019606377,0.000006863088,0.0000017795365,0.0000043047917,0.0000064157553,0.0000046067075,0.0000015354977,0.0000003801482,0.000004718979,0.000009423848,0.00001673673,0.000005046466,0.000029860525,0.0000022729619,0.00000456261,0.0000017314256,0.000011013911,0.0000036593915,0.000014087921,0.00001512668,0.0000130690305,0.00000067097426,0.0000036633471,0.0000016173539,0.0000021055193,0.000008300539,0.0000012309337,0.000000008412981,0.0000015011631,0.0000022464399,0.0000052936584,0.00000061601,0.0000018071813,0.00000092460743,0.0000018151621
Assomption Island,8.283324E-14,1.8458184E-15,4.702526E-17,1.4787594E-18,9.74995E-19,7.867067E-18,0,0,0,6.99185E-20,0,1.7765673E-21,2.4821699E-18,7.3863225E-18,3.0881847E-18,2.9978994E-18,7.023536E-18,2.8629536E-18,5.041299E-19,3.0279613E-19,0,0,2.0653235E-16,4.95158E-16,2.253293E-15,0,0,0,0,0,3.2352908E-14,0.001497194,0.00023783345,0.00020686802,0.0006088515,0.0067789494,0.000058268983,0.0000012592282,4.7868265E-10,2.6136035E-13,9.366743E-12,2.1852737E-12,5.3938624E-13,0.0000009600656,5.962654E-10,0.0000000045958357,0.000000047191897,0.0000000050638196,0.0000000012063679,0.0000000012152601,3.691567E-10,0.0000000021194588,4.4027812E-10,0.0000000069174204,0.00000000160196,4.2930054E-10,0.0000000014936088,0.0000000015804251,2.8427888E-10,5.2380744E-10,2.2490826E-10,2.2379132E-10,2.2634228E-11,6.749047E-12,1.1061079E-11,2.9647156E-11,2.7230068E-10,7.422244E-12,3.534593E-11,1.0815445E-11,5.928832E-11,5.473744E-10,6.400516E-10,0.0000000032508072,0.000000012790229,0.00000008141628,0.000000030595952,0.000000020476703,0.000000008893493,0.00000000475204,0.0000000025161313,0.000000007070708,0.000000020912466,0.000000043332506,0.00000007068952,0.000000018859433,0.0000000040629873,0.0000005631519,0.0000000014608468,0.0000000011827396,5.824104E-11,4.6307207E-13,3.503059E-14,2.2740914E-15,6.827841E-16,7.150595E-18,2.9188864E-16,0,0,0,0.00000000403962,0.000000012386489,0.0000011060131,0.00000020442292,0,0.000005140427,0.0000016928288,0.000004706317,0,0.000009144842,0.000013336882,0.00001242141,0.000009137281,0.00005540145,0.000000001283547,0.0000000039080934,0.000000021366667,0.0000004906481,0.00000052285543,0.00000058823855,0.00000032846978,0.0000024739727,0.000014967818,0.000019303845,0.0000040151317,0.000021705844,0.000012465632,0.000027959559,0.000056282996,0.000055325563,0.00007852051,0.00014859806,0.00008360036,0.000031526,0.000059401296,0.00005731109,0.000037527614,0.000020205302,0.00006054677,0.000067418725,0.000111146794,0.000020861915,0.0000366301,0.00006926235,0.000032222288,0.000039078353,0.000013880762,0.0000045594984,0.000009450553,0.0000119052675,0.0000092944865,0.0000028379068,0.00000079965804,0.000011304622,0.000021998008,0.000030896572,0.0000099957215,0.000058548976,0.0000042763245,0.000010476346,0.0000043939813,0.000023814126,0.0000081987,0.00002858172,0.000026736667,0.000021090023,0.00000074546165,0.000007401754,0.0000031597442,0.0000039792067,0.00001376229,0.0000022777328,0.000000012880121,0.0000028740453,0.0000042127144,0.000010009103,0.0000011269468,0.0000034280547,0.0000015256913,0.0000028955503
Cosmoledo Atoll,1.4779467E-13,2.5434404E-14,2.6235128E-16,7.378776E-18,1.4880481E-17,9.28884E-18,3.9782036E-18,1.4997939E-18,3.1339508E-17,6.586374E-17,2.4752346E-17,4.12295E-17,1.4132251E-16,1.0066436E-16,4.225747E-17,5.224927E-17,1.025264E-16,1.731538E-17,1.5765498E-17,6.3736247E-18,1.711007E-17,4.7823857E-18,3.6346033E-16,2.1530434E-16,1.1436856E-15,0,0,0,0,0,7.565593E-14,0.004781157,0.00044714057,0.0009026649,0.002160769,0.002305754,0.007259924,0.000022079468,0.000000007691869,6.123759E-10,0.00000022063047,7.728489E-10,2.0178681E-10,0.0000002590248,0.0000000050404747,0.0000000015649817,0.00000008789796,0.00000002367852,0.000000014058999,0.000000020689706,0.000000007223387,0.000000005752864,0.0000000029589518,0.000000045539135,0.000000004803829,0.000000004095228,7.0438183E-10,0.000000013891706,0.0000000011737565,0.0000000019677004,0.000000013516107,0.000000013654031,0.000000013837542,0.0000000011173208,0.0000000017620495,0.0000000012274989,0.0000000038549226,5.4222078E-11,9.296765E-11,6.540929E-11,9.665276E-11,2.9595662E-10,5.245964E-10,0.0000000018977588,0.000000005787609,0.00000006323279,0.000000012688876,0.000000010915163,0.00000003097107,0.0000000084220355,0.0000000018128069,0.000000006497525,0.000000011060844,0.00000001711976,0.000000029205657,0.000000011618513,0.0000000025252516,0.0000001445041,8.0812934E-10,8.780192E-10,8.870796E-11,3.5736667E-13,9.807202E-15,1.3403611E-15,3.1246238E-16,3.97303E-18,1.6657078E-16,0,0,0,0.000000001327476,0.000000007013455,0.0000008022558,0.00000010845484,0,0.0000026145442,0.0000013490271,0.0000041404555,0,0.000006074085,0.000007892809,0.0000054962534,0.000005439703,0.000028022625,2.7100605E-10,0.0000000046748276,0.000000012797239,0.00000019011212,0.0000002012784,0.00000018081207,0.00000010797843,0.00000082087854,0.000009577097,0.000011478651,0.000002208294,0.000008321826,0.0000057801985,0.000011751717,0.00003052244,0.000029337916,0.00004163659,0.00007916495,0.0000417737,0.00002089173,0.000035479028,0.000033863267,0.000019233092,0.000011847764,0.000030419125,0.000037036963,0.000053410557,0.000010538962,0.000016833425,0.000033908444,0.000019127907,0.000019205125,0.0000070641395,0.0000021138683,0.00000516869,0.000007981989,0.0000052634946,0.0000018045633,0.00000045964765,0.000005118779,0.000009244901,0.000016899192,0.0000058950072,0.00003494391,0.0000024258095,0.0000053751723,0.0000020585449,0.000013231004,0.0000044184676,0.000016574006,0.000015138924,0.000012820568,0.0000005255406,0.0000043933924,0.0000018867585,0.0000023854186,0.000007765961,0.000001308707,0.000000007546632,0.0000014393185,0.0000022108954,0.000005384893,0.0000006126659,0.0000017630995,0.00000082705725,0.0000015271866
Astove Island,2.5101899E-13,7.381969E-15,8.278603E-16,3.0170878E-19,1.356134E-18,6.6032385E-18,0,0,0,0,0,1.6366075E-19,8.998803E-18,8.1185345E-18,2.1642691E-17,4.9736273E-17,2.4420008E-16,1.0097162E-18,2.9078868E-19,0,0,0,1.0730734E-16,2.4344809E-17,8.423888E-16,0,0,0,0,0,1.5229507E-14,0.0011406646,0.0001267984,0.00018716023,0.00061295,0.001250305,0.00080052204,0.00072216394,0.0000000039182737,7.418141E-10,0.000000037276283,2.533785E-10,8.105836E-11,0.00000003064649,4.0556325E-10,0.000000002067437,0.000000044596376,0.000000005748643,0.000000005896917,0.000000012137314,0.0000000035316488,0.0000000057094893,0.000000001813979,0.00000002740348,0.00000000976854,0.000000006326767,0.0000000021649569,0.0000000016024253,0.0000000010723527,0.0000000028041989,0.0000000053157168,0.000000006784512,0.00000001217169,5.2352556E-10,1.719168E-10,0.0000000015168571,0.0000000043016883,4.5611046E-11,2.2249998E-10,4.207926E-11,2.333976E-10,0.0000000036546532,0.0000000020207926,0.0000000027289615,0.000000015912478,0.00000016526133,0.000000035353935,0.00000005702201,0.000000034644525,0.00000003026028,0.000000021813241,0.000000038282288,0.00000006737361,0.00000010320073,0.00000008589353,0.000000030003786,0.000000014658198,0.0000014819773,0.0000000067904864,0.000000015053294,0.0000000025402205,8.072714E-13,1.2813631E-13,3.649706E-15,7.683773E-17,1.2570852E-19,3.133086E-17,0,0,0,0.0000000035648415,0.00000007611437,0.0000014262506,0.0000015353964,0,0.0000119754295,0.000004651931,0.000015337258,0,0.000017715887,0.000026638754,0.000029994344,0.0000147553255,0.000065250264,0.0000000010626683,0.000000034454487,0.000000044504393,0.00000033779958,0.0000005172809,0.00000040162018,0.00000021621375,0.0000018418528,0.000018651,0.000026525597,0.0000057851785,0.00003699343,0.000022050157,0.000034804354,0.000080355196,0.00007295155,0.00009011585,0.00017277656,0.00011123293,0.00004194823,0.00007016667,0.00007535455,0.000045210993,0.000022590568,0.00005251967,0.000065284425,0.000112932335,0.00002215597,0.00003913729,0.00006852098,0.000031169107,0.000042679676,0.00001588414,0.000004520134,0.000009123135,0.000012008018,0.000011160054,0.0000033552017,0.0000008251399,0.000011274162,0.000023672566,0.000030612988,0.000009409116,0.000055742334,0.0000042445304,0.000008631262,0.0000041821118,0.0000244657,0.000008395951,0.00002585152,0.000026729389,0.00001856406,0.00000071139027,0.000008657144,0.0000035769274,0.000004109327,0.000012169747,0.0000025298307,0.0000000141360825,0.000002511894,0.0000037805564,0.0000100842935,0.0000011106146,0.0000033361264,0.0000014832666,0.0000027982592
McLeod Bank,5.7731957E-12,2.1046045E-14,1.4248119E-14,3.9855766E-18,6.220434E-18,2.462951E-17,0,1.2338025E-17,4.2774312E-16,6.332045E-16,2.048414E-16,2.73796E-16,9.350378E-16,8.3626144E-16,4.7850654E-16,1.1578332E-16,6.3564015E-16,2.7807321E-16,1.1101845E-16,2.922719E-17,2.7392056E-17,1.4129348E-17,5.2302184E-15,4.1463974E-15,1.2240998E-14,0,0,0,0,0,4.7398797E-11,0.0006978339,0.00009089094,0.00015745722,0.00029364805,0.00032944907,0.0029212055,0.00036119227,0.00017911413,0.0000060377147,0.00036684592,0.0000061325086,0.0000018344554,0.00056617975,0.000027036143,0.000010270424,0.0000012152267,0.00000025390923,0.00000029048186,0.000000062111624,0.000000008196485,0.0000000035783534,0.00000000409684,0.000000050870767,0.000000008182247,3.9997526E-11,1.09545185E-10,0.00000069054767,0.00000031478302,0.0000000018167058,0.000000006738641,0.000000012228874,0.000000001115523,5.513901E-10,0.0000000026577238,0.000000002493718,0.000000010901302,5.8138487E-11,2.3922644E-10,9.1088205E-12,1.7033605E-11,1.2790262E-10,2.3312685E-10,3.5119457E-10,0.0000000014470051,0.000000022870777,0.00000000488943,0.000000013626488,0.000000007663953,0.000000003881627,0.0000000016685776,0.0000000069654975,0.000000023930136,0.00000005878691,0.00000005770852,0.000000005487312,0.0000000020530957,0.00000051076387,0.000000001303001,8.293104E-10,1.03719346E-10,1.1912318E-12,8.400106E-14,3.1453304E-15,1.8426395E-15,9.916186E-17,2.2025117E-16,4.8588103E-19,0,0,1.04558806E-10,0.000000003294407,0.00000021107134,0.0000004886327,0,0.0000016845507,0.00000038383627,0.0000017649886,0,0.0000012624687,0.0000026679122,0.0000048831225,0.000002473031,0.000012359002,1.9711073E-10,0.0000000027277662,0.0000000057258833,0.000000050141622,0.00000005570406,0.000000037672226,0.000000033685126,0.0000002518306,0.000004437465,0.0000048604447,0.0000010009006,0.000004325387,0.0000031638338,0.000006285598,0.000015200147,0.00001442937,0.000021311838,0.000041483865,0.000024125442,0.000010278285,0.000013956293,0.000017200713,0.000010434604,0.0000065307163,0.000011127849,0.000013876543,0.000023255316,0.000003985303,0.0000067436695,0.000012887058,0.000006237348,0.000006938817,0.0000027022547,0.0000006799027,0.0000021988508,0.0000020332668,0.000002152331,0.0000006998454,0.00000015628451,0.0000015884382,0.0000035273256,0.000007648798,0.0000029718128,0.0000152264265,0.00000082473986,0.0000019709453,0.00000094774356,0.0000065476543,0.0000022095992,0.0000059541585,0.000006391993,0.000004885773,0.00000015875015,0.000002307273,0.0000010463859,0.0000013837163,0.000003582337,0.00000049791754,0.000000003818504,0.00000064722553,0.0000007634292,0.0000020549026,0.00000025695985,0.0000007632036,0.0000004015508,0.00000071417327
Bulldog Bank,1.2169362E-13,3.1157196E-15,0,1.4456086E-17,9.399293E-18,2.1303549E-17,0,2.4699244E-17,8.922359E-16,1.2515508E-15,5.356744E-16,3.988285E-16,1.7385142E-15,7.790008E-16,4.161297E-16,5.3389355E-16,3.853698E-15,2.6710502E-15,3.3698417E-16,4.3932535E-17,7.8376005E-17,1.1499253E-17,5.0884776E-15,4.544144E-15,2.7497644E-14,0,0,0,0,0,4.2243025E-11,0.00051000476,0.00005846564,0.000113189155,0.00023828565,0.0002697183,0.002162229,0.00031615782,0.0005361047,0.000017480294,0.0006731574,0.000014531095,0.0000043317755,0.0011906301,0.00003930686,0.000017792518,0.00000169283,0.00000047550293,0.00000005384852,0.000000005925826,0.000000005754294,0.0000000042989625,0.0000000066819204,0.00000011233971,0.000000013413879,0.0000000017793022,5.343147E-10,0.00000033534351,0.00000043274704,6.9417316E-10,0.0000000039720587,0.000000006115542,9.470177E-10,5.7016797E-10,3.8956008E-10,0.0000000023083013,8.556916E-10,2.7424323E-11,2.3230373E-10,3.8590654E-12,9.351329E-12,1.5816017E-10,7.323277E-10,5.5898935E-10,0.0000000020990563,0.000000019380218,0.000000004722344,0.000000013533939,0.00000003579536,0.000000009395129,0.0000000018933883,0.000000008511682,0.000000025432113,0.000000087020034,0.000000028413508,0.000000007035854,0.000000003430088,0.00000069361107,0.0000000019599686,0.0000000013168293,4.5942308E-10,8.922081E-12,1.9133126E-12,3.0686903E-14,8.307811E-16,1.9685516E-16,6.570338E-16,3.213172E-20,0,0,1.20338E-10,8.568221E-10,0.00000033583828,0.00000049149895,0,0.0000025957588,0.00000038156483,0.0000015953749,0,0.0000011801334,0.000004823013,0.0000049321784,0.0000029853618,0.000015129129,1.4705842E-10,0.000000002197516,0.0000000045201545,0.00000006873465,0.000000059750825,0.0000000461708,0.00000004044689,0.00000023056417,0.0000031256243,0.0000042012894,0.0000012406174,0.0000054225056,0.0000026318974,0.000006069352,0.000015108699,0.00001326401,0.000019657675,0.000034921533,0.000022259337,0.0000108348795,0.0000146798775,0.000014592853,0.000009793574,0.000005217597,0.000012105799,0.000016089833,0.000021626862,0.000004227308,0.0000068000286,0.000015031216,0.000006453593,0.000007361732,0.0000028190955,0.00000079443925,0.000002105302,0.000002096195,0.0000026902605,0.0000007434833,0.00000014764875,0.0000016522577,0.0000031577226,0.0000060068855,0.0000017900105,0.000013442138,0.00000081624074,0.0000018680364,0.0000007630007,0.000005287929,0.000001958235,0.0000057641873,0.000006056562,0.0000047139474,0.00000019408171,0.0000019669728,0.0000008808552,0.0000011521763,0.0000035332532,0.0000005554912,0.0000000029029297,0.0000006310987,0.0000007865593,0.0000019346664,0.00000025246624,0.0000006689177,0.0000003437827,0.00000057090114
Farquhar Atoll,2.8139665E-13,2.5801676E-15,3.096931E-16,5.090371E-16,1.088069E-15,1.2920934E-15,0,5.9715463E-18,1.0362071E-15,1.178114E-15,3.1918592E-16,1.2214309E-16,1.2128253E-15,4.0321238E-16,2.2376297E-16,5.560516E-16,6.634562E-15,3.4758732E-15,2.9866183E-16,1.3292301E-17,2.0181895E-17,2.4552274E-18,1.088549E-14,1.03372265E-14,4.12165E-14,0,0,0,0,0,1.6275312E-10,0.00043593888,0.000056426354,0.000106866144,0.00020587555,0.00023394678,0.0018505837,0.00032613226,0.00031209918,0.000030818508,0.00264067,0.0000295196,0.0000068699105,0.0014373182,0.000037028345,0.000013766775,0.0000026655184,0.0000009564836,0.000000045054882,0.000000048942717,0.000000009115403,0.000000016918362,0.000000012156077,0.00000013863158,0.000000014109535,5.9668886E-10,3.3164335E-10,0.00000023793953,0.00000026706675,1.7317503E-10,0.0000000032725536,0.000000004971537,4.4761356E-10,1.7933019E-10,8.4147056E-10,0.0000000011521412,0.0000000019889017,2.5197101E-11,2.1505978E-10,4.047365E-12,9.695013E-11,0.0000000011310769,0.0000000010952144,6.970588E-10,0.000000003825029,0.00000003161657,0.000000009101877,0.000000013864591,0.000000015109078,0.000000004974254,0.0000000032530512,0.00000000975456,0.000000018374381,0.000000023954938,0.00000009162306,0.000000034478877,0.00000003591193,0.00000075681413,0.00000006669804,0.00000001962306,0.0000000046434656,1.3960197E-11,8.936717E-13,4.5067245E-14,1.9032471E-14,1.727278E-15,6.386344E-15,9.976211E-19,0,0,1.2011472E-10,0.0000000011283364,0.00000040179788,0.000010916648,0,0.0000029615499,0.0000012955652,0.0000022658317,0,0.0000030110875,0.000008076704,0.000006906408,0.0000031344107,0.000023008835,5.0786708E-11,0.0000000014068329,0.0000000046780384,0.000000040326828,0.000000054443277,0.000000065552065,0.000000037187394,0.00000027343037,0.0000040349278,0.000005581717,0.0000015136684,0.000008625761,0.0000035015582,0.000006554637,0.000017536035,0.000016591597,0.000020905709,0.000040515133,0.000021224389,0.000008871362,0.000016541178,0.000014748503,0.000010878783,0.000005135675,0.000013938861,0.00001763933,0.00002309975,0.000004258504,0.000008464917,0.000015291893,0.000006470341,0.000009479766,0.0000035285564,0.00000091510014,0.0000019474253,0.0000025755924,0.0000022434156,0.0000007196628,0.00000016535411,0.0000017505017,0.000003949515,0.0000073110104,0.0000022748166,0.0000128250085,0.0000010280748,0.0000016527146,0.0000008560412,0.0000056147182,0.0000019933364,0.00000523623,0.0000053232548,0.0000037232926,0.0000001676902,0.0000018796408,0.00000078760763,0.00000102272,0.0000030458257,0.0000005336168,0.0000000029797043,0.0000005787693,0.00000084719034,0.000001969417,0.00000021523182,0.00000065405743,0.00000032445786,0.0000005783703
Umzinto Bank SW,5.505507E-13,2.3815606E-15,4.0627016E-15,1.33958676E-14,1.9329155E-14,3.8997183E-14,0,8.9951E-17,1.1707217E-14,4.764856E-15,1.0756142E-15,3.4342493E-16,6.2791205E-15,1.4537836E-15,5.384085E-16,6.3960035E-16,7.321028E-15,4.39314E-15,7.790357E-16,3.5033438E-17,6.800305E-17,1.7049382E-17,1.0715139E-14,2.0627251E-14,5.83573E-14,0,0,0,0,0,6.898797E-11,0.00040688517,0.000070504524,0.00008909852,0.00018028605,0.000190814,0.0015579986,0.00021187802,0.00061427045,0.000024880543,0.001100558,0.000047585287,0.00001708116,0.0041283127,0.00009211583,0.00004020427,0.0000047465064,0.0000011287518,0.0000001327068,0.000000013714858,0.000000011422701,0.000000010879369,0.0000000035421777,0.00000010008452,0.000000082364984,0.00000002230342,0.000000005526047,0.00000090092647,0.000000544088,4.490252E-10,6.217348E-10,0.0000000035700547,9.546687E-10,1.4129894E-10,7.973341E-10,2.8470107E-10,5.866564E-10,1.0185214E-11,1.5774093E-10,1.459201E-12,6.84196E-12,8.167079E-11,1.5919298E-10,3.0557262E-10,9.095231E-10,0.000000016955221,0.000000004875483,0.000000014771122,0.0000000058661724,0.000000004009972,8.110702E-10,0.0000000026560225,0.00000000827641,0.000000056845977,0.0000001169264,0.000000012947577,0.00000000564141,0.0000003251493,0.000000012677203,0.0000000056235074,0.000000002133697,1.8578751E-11,1.9538934E-12,2.8468493E-14,1.0970556E-14,1.982355E-16,8.174352E-15,8.30588E-20,0,0,3.2191725E-11,0.0000000011701181,0.00000014736486,0.0000004112311,0,0.0000014558332,0.00000031301198,0.0000009772084,0,0.0000007477746,0.000002769975,0.0000023341806,0.0000021105918,0.0000069803373,1.0262967E-10,0.0000000019823965,0.000000002498832,0.000000026806104,0.00000002448692,0.00000003616064,0.000000017043178,0.00000015587544,0.0000016882599,0.0000016223386,0.00000039385029,0.000002466889,0.0000013857901,0.0000028538261,0.0000075061566,0.000007911189,0.000011856735,0.000021636928,0.000015322254,0.000008159366,0.000010991655,0.000010622536,0.0000051870416,0.000002933015,0.00000671005,0.000007996066,0.000015396108,0.0000034960317,0.000004122838,0.000009022137,0.0000043861746,0.000005021519,0.0000017847276,0.00000043516584,0.0000012336834,0.0000013885065,0.0000014809161,0.0000005058521,0.00000010517061,0.0000011559958,0.0000018419919,0.0000040546515,0.0000014100124,0.000009186056,0.00000048825723,0.0000012875275,0.0000005658151,0.0000033344759,0.000001110201,0.000002885014,0.00000392934,0.0000027585381,0.00000014692806,0.0000011565405,0.00000050603416,0.0000006294661,0.0000017701744,0.000000331911,0.0000000015479065,0.00000030501286,0.00000047669738,0.0000012185018,0.00000014597912,0.00000044785992,0.00000026848002,0.0000004527435
Umzinto Bank NE,2.2132485E-12,3.303195E-15,5.951515E-14,3.9580006E-14,7.294564E-14,1.2809937E-13,0,3.9270157E-16,2.9211103E-14,5.7856666E-15,1.813523E-15,6.6175254E-16,5.4792804E-15,6.9080547E-15,1.0368905E-15,1.250057E-15,5.1894354E-15,3.2560916E-15,7.35519E-16,8.2302764E-17,7.715552E-17,4.018068E-17,1.34310135E-14,2.2797719E-14,6.772438E-14,0,0,0,0,0,8.328751E-11,0.00037060742,0.00005853531,0.0000897027,0.0001706256,0.00018798908,0.0014977391,0.00017776765,0.0004944277,0.000025885627,0.0012509064,0.000056362554,0.00001873544,0.0047586015,0.00009984611,0.000050593157,0.0000052503415,0.0000015953103,0.0000003224851,0.000000018863002,0.000000031757526,0.0000000046818136,0.000000007479749,0.0000000508576,0.00000005824537,0.000000005976119,0.0000000010560841,0.0000007479146,0.0000009699903,4.6070506E-10,0.0000000011925959,0.000000004005997,0.0000000010591886,1.579348E-10,2.1074932E-10,2.731185E-10,5.223607E-10,7.76368E-12,1.7317886E-10,1.5811174E-12,4.3362224E-12,3.733784E-11,7.1788964E-11,2.8228697E-10,9.541353E-10,0.00000001814373,0.0000000039553227,0.00000000847162,0.0000000071356654,0.0000000013712796,8.1392537E-10,0.000000003993215,0.000000015632187,0.000000024445045,0.0000000064793815,0.00000000457088,0.000000004600649,0.00000013428253,0.000000012522287,0.00000000858279,0.0000000041954524,4.425892E-12,2.9068195E-13,3.156592E-15,6.5125047E-15,4.9797803E-16,2.8086967E-15,5.346848E-19,0,0,5.0756527E-11,0.0000000014082028,0.00000009714625,0.00000038762988,0,0.0000012917825,0.00000058079667,0.0000011118333,0,0.00000062437175,0.0000018822316,0.0000026225478,0.0000018390558,0.000005424042,4.126007E-11,0.0000000011120066,0.000000002809938,0.000000016458817,0.000000024592323,0.000000023851195,0.00000001529623,0.000000085347374,0.0000014961275,0.0000017721374,0.00000036092038,0.0000017222605,0.0000006277373,0.000003176835,0.0000061362716,0.0000072031435,0.000009009149,0.000020045958,0.000013777959,0.000007197929,0.000010404116,0.000011245274,0.000004752486,0.0000023976452,0.0000063387047,0.000007254983,0.00001132891,0.0000018386797,0.000003569855,0.000007591167,0.0000037693403,0.000004143439,0.0000015010467,0.0000003656331,0.0000012291833,0.0000021113676,0.0000013874297,0.0000004574191,0.000000098681376,0.000000863853,0.0000013922468,0.000003782669,0.0000014489578,0.0000076021565,0.0000004488363,0.000000885263,0.00000036283822,0.0000028885308,0.0000010279141,0.0000026018222,0.0000035836013,0.0000026898329,0.000000094405586,0.0000009321655,0.00000035761036,0.00000057520236,0.0000016781881,0.00000030372686,0.0000000014270543,0.0000003127664,0.0000004722919,0.000001112725,0.00000013421875,0.00000039477925,0.00000021327318,0.0000004016591
Providence Atoll,2.883495E-12,7.3323455E-14,1.4515487E-14,6.2003727E-15,7.0177823E-15,6.6776884E-15,2.5242998E-16,1.7141119E-15,2.0692742E-14,1.9196228E-14,4.598304E-15,2.9266759E-15,2.7632265E-14,1.2010162E-14,9.175045E-15,1.5494859E-13,6.039822E-13,2.0543783E-13,1.3483903E-14,5.354399E-16,1.1758461E-15,4.902244E-16,2.49706E-12,5.358699E-13,7.4826695E-13,0,0,0,0,0,4.0469364E-10,0.00038169202,0.000072591516,0.00010308214,0.00016641294,0.0001666915,0.0012866936,0.000099371995,0.00011943369,0.0000061673322,0.00039136125,0.00001630524,0.000005242104,0.0051751123,0.00025185087,0.000093614035,0.000011915096,0.000002478434,0.000000835933,0.0000008505729,0.00000015985742,0.00000011306519,0.000000019238414,0.00000093507913,0.000000058812795,0.00000012937492,0.00000001708758,0.0000013751024,0.0000010918188,0.0000000015118214,0.0000000045854,0.000000008047664,8.494523E-10,2.464092E-10,0.0000000011468428,0.0000000013148076,0.0000000044314086,9.403076E-11,9.398795E-10,1.4693364E-12,8.449768E-12,8.501846E-11,1.0995024E-10,2.2708788E-10,7.892327E-10,0.00000001711007,0.0000000036107488,0.000000003915785,0.0000000024579605,7.4032114E-10,3.3450687E-10,9.785998E-10,0.000000011578133,0.000000013156183,0.000000009193547,0.0000000047290727,0.000000010376378,0.00000007387198,0.000000028446882,0.000000013961484,0.0000000059374736,1.2314127E-11,4.5571585E-12,3.805245E-14,2.2768598E-14,1.2391142E-15,4.998584E-15,6.7198225E-19,0,0,8.650942E-11,7.7062334E-10,0.000000094059764,0.0000003403695,5.3826207E-17,0.0000007752673,0.00000018986825,0.0000003608979,0,0.00000053797294,0.0000011864988,0.0000010048639,0.0000011129472,0.0000033346935,2.9675637E-11,0.0000000010974772,0.0000000019334723,0.000000007725633,0.00000001969895,0.000000021701268,0.000000016976976,0.00000012048699,0.00000094879096,0.000001292652,0.0000002114694,0.00000095263033,0.0000006490239,0.0000020347672,0.000004489791,0.000004242339,0.0000055085707,0.000011319838,0.0000078456405,0.0000039337137,0.0000061430706,0.0000061533715,0.0000032587602,0.0000017623587,0.0000044579688,0.000005943346,0.00000826666,0.0000015062116,0.0000027487788,0.000004520094,0.000002765954,0.0000031413208,0.0000011687529,0.0000003466057,0.00000086243983,0.0000013678779,0.0000009570657,0.00000029876128,0.00000006466134,0.0000005780518,0.0000009692641,0.000002520578,0.000001029498,0.0000057403217,0.00000028765947,0.00000079215675,0.0000003295989,0.0000021129467,0.0000006922122,0.0000022344036,0.000002623693,0.0000021697522,0.00000014395215,0.00000068549934,0.00000032313517,0.00000040049983,0.0000014483921,0.00000022361654,0.0000000011364252,0.00000022042055,0.0000003444067,0.00000081767195,0.00000010477111,0.00000029445536,0.00000019345124,0.00000031864204
Saint Pierre Island,7.144326E-12,1.7730155E-13,3.8315535E-16,5.9350108E-15,7.877156E-15,1.01735755E-14,2.7268034E-16,6.011554E-16,2.625517E-14,3.2041034E-14,6.4382627E-15,7.37457E-15,3.8843782E-14,1.5737E-14,5.9736516E-15,1.0019798E-14,2.5749361E-14,6.64063E-15,2.3859546E-15,6.3328074E-16,2.7257321E-15,7.540571E-16,7.8370626E-14,8.764333E-14,1.6625347E-12,0,0,0,0,0,3.069416E-10,0.00039894704,0.00010653752,0.00012062739,0.0001793511,0.0001715732,0.0011909358,0.00008311282,0.00005180621,0.0000019511956,0.00015403659,0.000007631475,0.000002233302,0.0025103523,0.00018889047,0.00010124641,0.000011631882,0.00000408232,0.00000072952076,0.0000018159594,0.00000016764346,0.00000014383092,0.000000020646073,0.00000071819625,0.0000000111715,0.0000000038315355,0.0000000035383596,0.0000013576827,0.0000009809778,3.14047E-10,0.0000000112621725,0.00000000775435,8.446692E-10,8.467433E-11,0.0000000016675983,0.0000000013562195,0.000000010210324,2.986973E-10,3.1659328E-10,8.0560667E-13,1.3698074E-11,1.3850125E-10,1.3793548E-10,1.2983385E-10,4.342368E-10,0.000000015045561,0.0000000035073868,0.000000013172263,0.000000005606214,0.000000001374589,3.098116E-10,6.1025707E-10,0.0000000025635578,0.0000000033614578,0.0000000041062918,0.0000000019304314,7.827241E-10,0.00000014136462,0.0000000014482644,9.353475E-10,7.296868E-10,3.932966E-12,6.0953694E-12,1.0385884E-15,5.736141E-16,1.4440227E-16,6.431751E-16,0,0,0,1.01021934E-10,3.3510697E-10,0.00000018232168,0.000000101898976,0,0.00000029103617,0.000000047888893,0.00000019647432,0,0.00000023193297,0.0000026903895,0.00000042261527,0.0000013785328,0.000002375016,5.7524693E-11,0.0000000011205021,0.000000003503256,0.00000001170432,0.000000016795688,0.000000019582671,0.000000007905671,0.0000000631394,0.00000065973614,0.0000008498114,0.00000016867934,0.00000081153615,0.00000065596606,0.0000019804631,0.000003816266,0.0000041857247,0.00000482104,0.00001002936,0.000009609827,0.0000027901783,0.000006748613,0.000005676287,0.0000038151134,0.0000013985639,0.000004299807,0.0000050433446,0.000007090497,0.0000012295693,0.0000025105248,0.0000046340865,0.0000032116577,0.0000028522797,0.0000009554943,0.00000047489957,0.00000091354065,0.0000013782312,0.0000008931318,0.00000031725784,0.00000006473345,0.00000059206235,0.0000011532941,0.0000028325312,0.0000009975714,0.000005225297,0.00000032828157,0.0000007090169,0.00000030139057,0.0000019879305,0.0000006812765,0.0000022827264,0.000002726378,0.0000021067274,0.00000015481623,0.000000717878,0.0000002901376,0.00000040325483,0.0000014008803,0.00000024766314,8.467319E-10,0.0000001904208,0.00000030110382,0.00000076143976,0.00000011664046,0.0000002708351,0.00000019052497,0.0000003228925
Wizard Reef,7.97829E-12,1.8879834E-13,1.2412744E-15,1.8358978E-14,3.889675E-14,4.5475627E-14,1.7746208E-14,6.403246E-15,6.395854E-14,1.0531538E-13,3.0532722E-14,2.2998666E-14,1.10597377E-13,1.4174518E-13,8.3371943E-13,1.6254924E-11,1.9790319E-11,1.5268469E-11,2.047144E-12,8.177487E-15,1.7758195E-14,3.1745414E-15,6.887613E-11,3.162449E-11,2.44964E-12,0,0,0,0,0,1.5657298E-10,0.00014791123,0.000047621943,0.000050068324,0.00006993234,0.00004622885,0.00033802135,0.00002402491,0.00002555912,0.0000009556271,0.000118754186,0.0000042251254,0.0000010040565,0.0012201886,0.000058621517,0.00037559375,0.000055353063,0.00001873355,0.000011775894,0.000004269574,0.0000016127249,0.00000041410422,0.00000028333875,0.0000039128845,0.00000044126236,0.00000037241844,0.000000077798596,0.000005371516,0.0000032369142,0.0000000031828866,0.000000006521114,0.000000017286022,0.0000000057608456,6.7478884E-10,0.000000003176179,0.0000000019600828,0.000000007309436,5.4688876E-10,5.773742E-10,1.9307261E-13,1.3259953E-12,2.9169937E-11,4.0697945E-11,1.0954209E-10,2.429677E-10,0.0000000026851597,8.078735E-10,0.0000000039536827,3.8713144E-10,6.359643E-11,3.2562793E-11,1.1803979E-10,0.000000034526973,0.000000009692219,0.0000000027670377,0.0000000010506419,0.00000000450317,0.000000011162572,0.000000017111706,0.0000000052133307,0.0000000011469733,9.821876E-12,3.662366E-12,2.1238042E-14,5.806798E-15,3.3280692E-17,1.1237872E-15,0,0,0,2.430649E-11,0.0000000015306216,0.000000015193017,0.0000005325395,9.063583E-16,0.000000116148776,0.000000035821213,0.000000093794014,0,0.000000024750797,0.00000050008885,0.0000004144262,0.0000004090055,0.0000014366343,8.799008E-11,0.0000000012333479,0.0000000037335655,9.023593E-10,0.0000000039377874,0.000000006625271,0.0000000035761152,0.000000034834702,0.00000042277262,0.00000025649592,0.00000004883559,0.000000115266374,0.00000014876943,0.00000027197626,0.0000013303764,0.0000016226729,0.000001777078,0.000004138493,0.0000024655483,0.0000019354927,0.0000027400288,0.000002513283,0.0000008950957,0.0000004826152,0.0000011097601,0.0000016170015,0.0000021261083,0.00000036226626,0.0000009750689,0.000004089323,0.0000015294211,0.0000016212495,0.00000068902926,0.00000021194259,0.000000494777,0.00000044097737,0.0000004238016,0.000000149324,0.000000020514241,0.0000003533391,0.00000093476956,0.0000010819653,0.000000460436,0.0000035578369,0.0000001221825,0.00000041254376,0.0000001437178,0.00000080232104,0.00000028029393,0.0000019766242,0.0000017032032,0.0000013432174,0.000000083376726,0.00000033067022,0.00000023211496,0.00000019919933,0.00000052525917,0.000000091347125,4.5233836E-10,0.00000011629111,0.00000026988454,0.000000538195,0.000000070942846,0.000000242599,0.00000013004276,0.00000021271319
St François Atoll ,0.0000000037822256,1.7384078E-10,5.3738427E-11,7.15509E-10,0.0000000018223463,0.0000000017081697,1.0880885E-10,5.3787864E-12,4.3406972E-11,4.654274E-11,3.7568827E-11,7.603125E-10,0.0000000041684793,0.0000000102748885,0.000000004633864,0.0000000031071117,0.000000007705451,0.0000000026096787,0.0000000020871722,4.42892E-10,5.2110866E-10,1.8394875E-10,0.000000008610972,8.8894736E-10,0.000000009155952,0,0,0,1.6115698E-18,5.9733856E-15,0.0000000033733478,0.000004761149,0.0000019173988,0.0000020324553,0.000002114373,0.000001300866,0.0000113554415,0.0000010312305,0.000003003343,0.00000026811398,0.000023589,0.0000013504864,0.00000043874033,0.00006281061,0.0000016203347,0.0000076167057,0.0043950863,0.0014777497,0.00020889116,0.00010774159,0.000023478857,0.000019981739,0.000013040444,0.00030929767,0.000030401754,0.000025387628,0.000013274625,0.00037009927,0.000064492204,0.000003281158,0.0000066888315,0.000013285273,0.0000037714221,0.00000086958613,0.0000016290173,0.0000033495498,0.000012694734,0.0000006144787,0.0000030459953,5.3993353E-15,9.3183416E-14,1.9626566E-12,1.6463078E-12,3.1991766E-12,3.6577234E-12,1.8229994E-10,4.5412493E-11,1.1542577E-10,4.3335942E-12,1.5966182E-12,2.6905474E-13,2.2790487E-12,1.1953975E-11,1.6950072E-11,1.7283579E-11,8.373745E-12,7.1166363E-12,1.6016899E-10,8.937978E-12,2.452067E-12,2.6376058E-12,1.1550754E-11,2.0185463E-11,5.8887645E-15,2.9631118E-15,2.3042782E-16,2.7846264E-16,3.4649305E-17,1.1820879E-18,2.2927341E-20,1.4348985E-11,5.716992E-12,0.0000000016725009,0.0000000016034633,1.24498495E-14,0.0000000026938136,9.0602514E-10,0.0000000019620623,0,0.0000000031076486,0.0000000030233496,0.000000015976568,0.0000000046386313,0.000000044665423,2.9244063E-13,1.4320445E-12,3.8310938E-11,1.3096862E-10,4.5435603E-11,8.793747E-11,3.850949E-11,0.0000000010038507,0.0000000083943625,0.000000010158271,0.000000001941296,0.0000000070759496,0.0000000054803926,0.00000001069296,0.000000020053301,0.000000018136397,0.00000003410907,0.00000006695993,0.00000004776649,0.0000000145882675,0.00000002910959,0.000000027205651,0.00000001625963,0.00000001165055,0.000000016357896,0.000000044874188,0.000000040256324,0.000000007480419,0.000000014337553,0.00000005729995,0.000000042972957,0.000000022200226,0.000000011712075,0.0000000032389647,0.000000014771885,0.000000015492201,0.000000028206296,0.000000011968042,0.0000000010323259,0.000000007200601,0.000000012529416,0.00000004123858,0.000000026769294,0.00000013023025,0.0000000052244657,0.000000011833111,0.0000000060981646,0.000000023569106,0.0000000067269355,0.00000010778097,0.00000016246243,0.00000007329083,0.0000000019422806,0.0000000061316556,0.000000003487835,0.0000000028918368,0.000000011501725,0.0000000018836501,1.0176619E-11,0.0000000031967264,0.0000000069330586,0.000000015873837,0.0000000028472893,0.000000012558499,0.000000016456394,0.000000023893177
Alphonse Atoll,0.00000000824813,1.3551615E-10,3.321194E-11,0.0000000012592485,0.0000000031877987,0.0000000052402154,1.4879625E-11,5.6600592E-12,1.1927573E-10,5.1562837E-11,1.4258929E-10,5.332137E-10,0.000000003347438,0.0000000061742953,0.0000000043505026,0.0000000010047043,0.0000000029851908,0.0000000019638116,0.0000000015181294,6.7555295E-10,4.692267E-10,1.3361497E-10,0.000000008236699,0.0000000015102442,0.000000007769347,0,0,0,1.7573345E-18,4.1517832E-15,0.0000000067472157,0.0000048702427,0.000001543486,0.0000019393035,0.000003448804,0.0000009036453,0.000009675276,0.0000010811514,0.000002672166,0.00000023920992,0.000017006028,0.00000086287076,0.00000040506922,0.0000626585,0.0000012644607,0.0000047552517,0.0036142305,0.0013874061,0.00023288437,0.0001304917,0.000025143374,0.000022756629,0.000013999929,0.0003114638,0.00004801445,0.00003422659,0.000014728198,0.00045533403,0.000071912684,0.0000038501153,0.00001579533,0.000020698932,0.0000100159705,0.000001083602,0.0000019978677,0.0000024369847,0.000009260712,0.0000006379809,0.000003080137,1.4279574E-15,2.241235E-14,6.1847516E-13,1.3633827E-12,1.4814551E-12,2.7374867E-12,2.9874114E-10,9.6280435E-11,2.2385163E-10,4.3914403E-12,1.2926566E-12,2.3654678E-13,7.5494217E-13,4.816476E-12,1.4230649E-11,1.6190204E-11,1.03319185E-11,4.625058E-12,2.5527747E-10,9.387835E-12,3.729444E-12,1.4510289E-12,9.956857E-12,1.6892453E-11,6.7870236E-14,1.6011322E-14,6.856275E-16,1.035965E-14,9.031853E-16,1.01783813E-16,6.0141707E-19,2.1749352E-11,7.697701E-12,0.0000000016477782,0.0000000018355772,2.3160412E-14,8.824317E-10,2.5960736E-10,7.733444E-10,0,3.006581E-10,0.0000000034764989,0.000000025059789,0.0000000050380176,0.00000006540787,4.3109603E-14,4.592605E-13,9.680028E-12,4.3911975E-11,3.4492836E-11,4.9222286E-11,2.1846665E-11,9.900805E-10,0.000000009926539,0.000000010282379,0.0000000022854494,0.000000008019005,0.000000003918667,0.0000000067167063,0.000000022985072,0.000000014381721,0.000000026825077,0.000000067368376,0.00000003875203,0.0000000135432865,0.000000027717,0.000000023902393,0.000000015954452,0.000000007977252,0.000000018907365,0.000000042744706,0.00000004133535,0.000000007139936,0.000000016450118,0.000000053633155,0.000000028130714,0.000000022644889,0.000000010253903,0.0000000024216087,0.000000015640085,0.000000010750293,0.000000028220368,0.000000008713626,0.0000000013580417,0.000000009054247,0.0000000128551925,0.000000037291453,0.000000024925992,0.00000013092097,0.0000000046751265,0.000000014251429,0.0000000039981276,0.00000002228747,0.0000000079084606,0.000000060201,0.0000001282479,0.000000072133716,0.0000000019625843,0.0000000065541723,0.0000000026633016,0.0000000025793814,0.000000013522506,0.0000000016976841,1.457109E-11,0.0000000026145772,0.000000004447233,0.000000017365172,0.0000000029639171,0.000000011367177,0.00000001385013,0.000000020414332
Marie Louise and Desnoeufs Island,0.000000008118005,0.000000001415416,1.6607654E-10,8.7885604E-10,0.0000000017891736,0.0000000018212496,9.709439E-12,1.3975571E-10,0.0000000015865517,6.150852E-10,2.2073451E-10,2.185118E-11,0.0000000016748785,0.000000005173353,0.0000000014635121,0.0000000014970163,0.000000005084083,0.000000004159359,0.0000000013172625,6.733711E-12,7.5254726E-11,3.7159694E-12,0.000000012164437,0.0000000027449205,0.000000011971716,0,0,0,1.1642643E-17,1.049057E-15,0.0000000039759946,0.0000018781175,0.0000003967422,0.0000005499944,0.0000009347566,0.0000005150235,0.000004077611,0.00000039528035,0.0000003407814,0.00000003800084,0.000007860323,0.00000023525126,0.0000000600881,0.000015647222,0.00000066288493,0.0000019498289,0.00035864578,0.00015943602,0.0012591968,0.0011858386,0.00020194244,0.00019629339,0.00009007506,0.0019384838,0.000523683,0.0002688667,0.000091277885,0.0008156252,0.000007427434,0.000048231028,0.000071214185,0.00018081703,0.000050331393,0.000005865069,0.000012348181,0.000026784433,0.00007989135,0.0000025549098,0.000024946741,2.6148195E-15,2.133227E-14,4.3026737E-13,4.3827515E-13,9.118494E-13,8.5347435E-13,7.548695E-12,2.4027698E-12,3.652834E-12,2.278578E-12,5.2611805E-13,4.276355E-12,3.0965324E-12,3.3453607E-12,5.8126533E-12,5.938781E-12,1.0139027E-12,1.1192441E-12,2.0868504E-10,2.4649705E-12,5.1785555E-12,4.9239524E-10,1.3347739E-12,2.2965202E-13,8.6870225E-13,1.492869E-14,2.469151E-15,1.7558832E-14,4.2575966E-16,9.8209764E-17,8.965633E-19,2.0962863E-11,3.134993E-12,6.458884E-11,0.0000000036913872,1.3404856E-14,2.3914665E-10,6.724786E-11,1.5913232E-10,0,3.9181108E-10,0.0000000012274317,0.0000000033154106,7.440627E-10,0.000000003272178,1.9100692E-15,4.2415683E-14,1.8787577E-13,3.675725E-12,9.886133E-12,2.0093293E-11,6.4936524E-12,1.5751178E-10,0.0000000034646899,0.0000000030756666,7.5476714E-10,0.0000000047014677,0.0000000010399753,0.0000000027179945,0.000000009272076,0.000000007932416,0.00000001204941,0.000000031406852,0.00000002040956,0.0000000049025664,0.000000010998609,0.000000010758271,0.000000010094291,0.0000000058350076,0.000000013834804,0.000000019803032,0.000000024803963,0.000000005107693,0.0000000077157365,0.000000021375829,0.000000017181254,0.000000010481613,0.000000005788699,0.0000000016113371,0.000000008276999,0.000000009744889,0.000000020280977,0.000000008493733,0.0000000011183704,0.000000005250149,0.000000015417664,0.000000028080327,0.000000011394247,0.00000007665292,0.0000000052782614,0.000000009628923,0.000000003245947,0.000000015662536,0.000000006088707,0.000000052069524,0.00000004249507,0.000000028842807,2.9920874E-10,0.000000006342558,0.000000002777531,0.0000000024974205,0.000000014924742,0.0000000015181436,4.8434846E-12,0.0000000018716855,0.0000000033317427,0.0000000051370748,5.912412E-10,0.0000000052559788,0.000000008218626,0.000000015504083
Boudeuse Cay,0.000000010577596,0.0000000026815192,7.630911E-11,2.1002049E-10,6.170307E-10,2.4184454E-10,8.73353E-12,2.4707712E-11,0.0000000013894855,5.1740473E-10,3.8683334E-11,7.887028E-12,6.195314E-10,0.0000000070325448,0.0000000021476187,0.0000000035377103,0.000000009097821,0.000000004537724,0.0000000014777627,6.1335906E-12,4.442402E-12,4.062201E-12,0.0000000099852,0.000000004799624,0.000000015439038,0,0,0,4.047923E-17,2.783703E-16,0.000000006060597,0.0000023257503,0.00000014100006,0.00000050452365,0.0000011852369,0.00000058664483,0.0000046442124,0.00000006875119,0.00000017422768,0.00000002733191,0.000008512759,0.00000012482731,0.000000034683836,0.0000137890365,0.0000005390607,0.000002459179,0.00034269498,0.00014500594,0.00093821116,0.00096455216,0.00018945667,0.00019937415,0.00011453882,0.0022717363,0.00054000976,0.00030928405,0.000114582115,0.0005217105,0.000009280358,0.000050032177,0.0000912177,0.00024585647,0.000048534905,0.0000050520416,0.000013733825,0.00002800605,0.00010673574,0.0000029970697,0.000022332111,1.9664984E-15,2.0437793E-15,8.5025974E-14,1.1860735E-13,1.2269442E-13,1.7912368E-12,5.0772862E-12,6.3005737E-13,2.0529667E-12,1.3089281E-12,4.8421114E-13,4.27371E-12,3.853018E-12,2.4376555E-12,4.6806513E-12,5.3699935E-12,1.1360209E-12,1.4920061E-12,4.2609535E-10,3.442682E-13,3.5026962E-13,4.9257117E-12,1.04262756E-13,1.9510637E-15,1.9156943E-16,4.54227E-15,2.447441E-16,6.408184E-15,5.048632E-16,1.6353553E-16,1.9657668E-20,2.9009893E-11,7.866594E-12,3.9241367E-11,0.0000000033815668,2.2577456E-17,3.755954E-10,5.046545E-11,1.9606115E-10,0,3.4880804E-10,0.0000000020778201,6.879107E-10,3.662302E-10,0.0000000013669648,4.930052E-15,7.516512E-14,2.210456E-13,5.2485763E-12,6.9043677E-12,2.0082103E-11,7.309843E-12,1.2998602E-10,8.69144E-10,9.675959E-10,2.5493802E-10,0.0000000023645346,4.4892004E-10,0.0000000016186578,0.0000000046188906,0.000000008450039,0.0000000124238415,0.000000030696203,0.000000017918518,0.0000000052386184,0.000000011461328,0.000000009074233,0.000000011231375,0.0000000056184892,0.0000000144224535,0.000000019262723,0.00000002708366,0.0000000044079433,0.0000000075314945,0.0000000169114,0.00000001498326,0.000000007208551,0.0000000025942657,5.5831895E-10,0.000000011445699,0.000000002781793,0.0000000065967516,0.000000002506437,0.0000000013302369,0.000000006841377,0.00000001688454,0.000000034787295,0.000000016618694,0.00000006199851,0.000000006865846,0.000000011336088,0.0000000054896714,0.000000018796605,0.0000000061118164,0.00000004251587,0.00000004456585,0.000000033146172,1.7958439E-10,0.0000000065607253,0.0000000021475606,0.0000000017258213,0.0000000067328667,0.0000000031937817,8.192358E-12,0.0000000029030358,0.000000004620858,0.0000000071779214,7.313205E-10,0.0000000063068635,0.000000011339485,0.000000018458833
Etoile Cay,0.000000027044326,0.0000000022940252,4.49187E-10,2.662201E-10,7.763152E-10,2.7237088E-10,6.5490833E-12,9.1935445E-11,0.0000000024897149,9.2829894E-10,1.3950194E-10,1.3930947E-11,0.0000000011062684,0.000000010265175,0.0000000032453458,0.000000004113635,0.000000011729586,0.0000000056324696,0.0000000017218785,1.4005759E-11,8.962517E-11,2.2903058E-11,0.000000014263864,0.0000000037928456,0.000000020967528,0,0,0,7.0371026E-18,7.8348377E-16,0.000000008430203,0.0000021168028,0.0000002066491,0.0000004360029,0.00000083943536,0.00000043824002,0.000003134474,0.00000016265888,0.00000022755638,0.000000033355334,0.00000213719,0.00000011405776,0.000000031599722,0.000011461556,0.00000031047833,0.0000014380115,0.00025241805,0.00009779314,0.00094005733,0.0011455601,0.00024577076,0.00027891676,0.0001350303,0.0026759629,0.0007230687,0.00040941042,0.00015908387,0.000591475,0.000012897299,0.000059427046,0.00009494694,0.0002342569,0.000072123854,0.0000058137684,0.000013972275,0.000035277564,0.00013117964,0.000003570623,0.000028791177,2.268105E-15,2.3766626E-15,6.812499E-14,1.0245272E-13,1.3918967E-13,4.988352E-13,6.077122E-12,8.846227E-13,1.7666516E-12,2.3850594E-12,2.6166154E-13,8.849307E-12,1.6567796E-12,2.2453283E-12,3.7253924E-12,6.024535E-12,4.849392E-13,4.97215E-13,2.9862504E-10,2.9024726E-13,1.6673437E-12,3.6307548E-12,1.4940211E-14,4.542558E-15,5.008018E-15,1.4416716E-14,9.122944E-16,1.0588721E-14,3.5518077E-16,1.4883143E-16,1.6200857E-19,2.630056E-11,3.2898814E-12,5.6380848E-11,0.000000002433785,9.112131E-16,3.252427E-10,5.656755E-11,1.1220033E-10,0,1.0544173E-10,3.9780787E-10,0.0000000011500342,6.260149E-10,0.0000000016207198,1.1236489E-15,2.7640669E-14,1.4729717E-13,3.06704E-12,5.52364E-12,1.827888E-11,5.8640367E-12,1.0375044E-10,0.0000000017104027,0.0000000014924667,3.6069073E-10,8.2685103E-10,4.659753E-10,8.019622E-10,0.000000005283359,0.000000006829403,0.000000010689139,0.00000002734376,0.000000014235533,0.000000004364948,0.000000009751606,0.00000000945527,0.000000006954439,0.0000000034825651,0.00000000906513,0.000000018134697,0.000000025235547,0.0000000034002694,0.000000008638809,0.000000024712783,0.000000013289497,0.00000001103538,0.000000005837782,0.0000000018401265,0.000000010196631,0.0000000039082075,0.000000006922868,0.0000000018420657,6.538677E-10,0.000000003803143,0.000000009320255,0.000000024715622,0.000000016378642,0.000000097730556,0.0000000024203202,0.000000008631729,0.000000004041643,0.000000016951375,0.0000000053927027,0.00000003666283,0.00000003146151,0.000000018765526,1.8447112E-10,0.0000000068485746,0.0000000017536188,0.0000000019852942,0.000000011258696,0.0000000038660977,6.7997994E-12,0.0000000020174413,0.000000003208125,0.000000005909754,5.8431E-10,0.000000004329649,0.000000005581367,0.000000014720957
Unnamed reef,0.000000026464805,0.0000000038702233,3.507061E-11,0.0000000010701224,0.000000002920718,4.5330098E-10,1.8601438E-12,6.659294E-11,0.0000000053803997,0.0000000021814486,2.338961E-10,1.3297382E-11,8.147427E-10,0.000000016504048,0.000000004179846,0.0000000047660587,0.000000008274341,0.0000000050062297,0.0000000021678785,1.8746301E-11,7.096465E-11,1.2544103E-10,0.000000016888196,0.0000000103375415,0.000000019234816,0,0,0,9.5458785E-18,2.30263E-15,0.000000003787928,0.0000012793971,0.00000011588282,0.000000389515,0.0000005857487,0.00000039907272,0.0000021895378,0.00000007527808,0.000000037729627,0.00000001684439,0.0000009666705,0.00000003404872,0.00000001424728,0.0000069539983,0.0000002566749,0.0000016942544,0.00014950869,0.00007923745,0.00060651754,0.0006743162,0.00021326679,0.00034828464,0.00016496464,0.0032807437,0.0011015323,0.0006160655,0.00025964103,0.00045807604,0.0000082851875,0.00008635805,0.00011058611,0.00032561313,0.00006231132,0.0000073733418,0.000018021665,0.000045713634,0.00020562083,0.0000052825976,0.00003204302,2.6267176E-15,1.6006509E-15,8.065795E-14,6.9433005E-14,2.0298639E-13,5.594057E-13,3.468888E-12,1.0555515E-12,8.726626E-13,2.955769E-13,1.517672E-13,4.6403235E-13,1.0833946E-12,1.1604731E-12,1.4586375E-12,2.2169298E-12,4.2442094E-13,7.447433E-13,2.5270583E-11,1.6657887E-13,6.424649E-13,2.1069034E-12,4.223992E-14,7.9421097E-16,4.2887035E-17,4.1061314E-16,7.480535E-18,1.1841977E-16,7.849533E-18,3.4670703E-18,5.8682674E-20,1.4481678E-11,7.7380975E-12,2.723531E-11,0.0000000016898983,3.3667347E-18,2.4548075E-10,1.03491556E-10,1.629063E-10,0,4.006808E-10,2.3709512E-10,7.7151613E-10,1.6478306E-10,0.0000000012882904,1.2421162E-15,7.529478E-14,3.3644853E-13,2.2783255E-12,5.2932086E-12,2.1525146E-11,2.9393948E-12,2.855331E-10,4.807537E-10,0.000000001075055,5.54688E-10,6.8333633E-10,2.6014924E-10,0.000000001553155,0.000000004643775,0.000000004403465,0.0000000088273255,0.00000002366192,0.000000012422597,0.0000000040568633,0.00000000808089,0.0000000084059275,0.000000007091396,0.0000000033021352,0.000000012130381,0.000000016867048,0.00000002648973,0.0000000041577692,0.000000012120724,0.000000012077977,0.00000000768718,0.000000006517389,0.0000000025937985,7.5153345E-10,0.0000000086599,0.000000002833593,0.0000000046495297,0.0000000013688256,2.8501485E-10,0.0000000010838574,0.0000000018826782,0.000000007591221,0.0000000040438906,0.000000024417812,0.0000000017948936,0.0000000028474152,0.0000000018731998,0.000000009282932,0.0000000036162764,0.00000006167728,0.000000050269183,0.00000006094021,0.000000021106192,0.000000003947348,0.0000000020502071,0.0000000028057199,0.000000012919108,0.0000000012708713,2.7081096E-12,0.0000000015885715,0.000000002849775,0.0000000073771833,9.1716607E-10,0.0000000066763985,0.000000004570323,0.000000008671984
Poivre Atoll,0.000000018271205,7.892027E-10,3.1435968E-10,2.1925894E-10,8.2906443E-10,3.0132188E-10,1.1953105E-11,1.4121344E-10,0.000000003628758,0.000000001304111,1.3739293E-10,1.2027392E-11,8.787153E-10,0.000000019383855,0.0000000037975516,0.0000000040824792,0.000000008523025,0.0000000064028263,0.0000000037764813,2.8094757E-11,3.1627398E-10,2.823691E-10,0.00000003052501,0.000000011108566,0.000000019160833,0,0,0,9.753059E-18,2.4058925E-15,0.0000000052789053,0.0000014545717,0.00000014270162,0.0000004898516,0.00000061565385,0.00000031630194,0.0000025178626,0.00000005113964,0.000000030013194,0.000000014029003,0.0000010449547,0.000000035040813,0.000000011763081,0.000006140414,0.00000030797398,0.00000077137224,0.00013166075,0.000050931892,0.00048223557,0.00067199126,0.00018843138,0.00045598336,0.0001749248,0.0038470183,0.0012047029,0.0006467847,0.00026727756,0.0006234859,0.000013805648,0.00009651528,0.00013722404,0.00037315156,0.00007586726,0.000008162112,0.000015053447,0.00005771716,0.00024535257,0.0000068128506,0.000051642422,1.2492707E-15,1.3451974E-15,5.355731E-14,6.105832E-14,9.8845425E-14,3.0496748E-13,5.5505604E-12,8.863144E-13,8.6530186E-13,3.1449355E-13,4.1744345E-14,4.220651E-13,7.564508E-13,1.4575854E-12,4.2183674E-12,3.7093275E-12,3.507493E-13,9.006485E-14,8.678507E-11,6.288168E-14,7.0045976E-13,1.2233813E-12,5.7695137E-15,1.0432104E-15,2.612771E-17,5.665053E-16,2.0948356E-17,3.4639423E-16,1.2039141E-17,1.2101071E-17,8.4622205E-20,4.9955682E-11,5.309454E-12,1.039686E-11,0.0000000015132042,1.1115084E-17,2.9825997E-10,1.2589499E-10,2.9442304E-10,0,2.1805857E-10,0.0000000026203706,3.7326356E-10,5.0003675E-11,6.7463574E-10,2.0228172E-15,4.039402E-14,1.6666243E-13,2.9518714E-12,5.5939598E-12,1.0826183E-11,4.6740827E-12,1.2940558E-10,7.9620005E-10,0.0000000010567383,1.6807712E-10,3.1821057E-10,2.1486202E-10,8.0454765E-10,0.0000000019569846,0.000000004411177,0.0000000071327957,0.000000016194855,0.000000008662647,0.0000000051990967,0.000000005724597,0.0000000053392935,0.0000000030968508,0.0000000026134261,0.000000009337368,0.00000001512552,0.000000018916852,0.0000000038190966,0.0000000063991226,0.000000010352547,0.0000000066450565,0.000000005270511,0.0000000018478793,6.427487E-10,0.000000008775076,0.000000003822375,0.0000000027588094,8.5480456E-10,3.398504E-10,0.0000000013789702,0.0000000027183493,0.000000008274747,0.000000005258235,0.000000020545992,0.0000000017559274,0.000000004612679,0.0000000029198295,0.000000007468789,0.0000000024894715,0.000000025312573,0.000000046203613,0.000000041607326,0.00000000753817,0.0000000027574025,9.395702E-10,0.0000000018356401,0.0000000070818293,8.116629E-10,2.160012E-12,0.0000000017935294,0.0000000024830857,0.000000004028674,4.6877935E-10,0.0000000034538914,0.0000000039130126,0.00000000827895
Desroches Atoll,0.000000023008345,0.0000000010820593,1.655294E-10,9.584523E-10,0.0000000016121204,0.0000000010959776,1.8283576E-11,1.4678837E-10,0.0000000026539861,0.0000000014969712,3.7908662E-10,3.93832E-11,0.0000000022609086,0.00000002107863,0.0000000047123323,0.0000000024684632,0.000000009160988,0.0000000059532868,0.0000000034739245,1.0347965E-11,9.033386E-11,3.2553182E-10,0.000000027543528,0.000000011570584,0.000000024340865,0,0,0,8.750417E-17,4.3356347E-15,0.0000000064338526,0.00000044817412,0.00000007839693,0.00000017182977,0.0000002036758,0.00000013330683,0.0000008492687,0.00000010554812,0.00000008024956,0.000000012999637,0.0000011287738,0.000000042515474,0.000000017484437,0.0000037434386,0.00000027868668,0.0000007236474,0.00009449099,0.000043027965,0.00037359342,0.00037678226,0.00012414785,0.00027217923,0.00017251297,0.015245535,0.001088109,0.0003683631,0.0001504598,0.0006424718,0.000011167029,0.0001127723,0.00020452867,0.00049425283,0.00010296415,0.000012101507,0.00002182579,0.00006285613,0.00025578277,0.0000072561675,0.000046215522,5.777311E-16,1.9294949E-15,5.4640306E-14,9.662424E-14,7.1140434E-14,2.9530366E-13,5.091331E-12,1.9133328E-12,2.1094853E-12,3.2873666E-13,1.1846588E-13,2.1280304E-13,7.487085E-13,3.7443006E-13,7.2434745E-13,2.6427664E-12,2.1113859E-13,3.8266382E-13,4.31071E-11,2.551487E-13,2.2690764E-12,2.0058598E-10,4.4670457E-12,8.177308E-14,1.5873794E-15,1.2976475E-15,6.1930946E-17,9.766528E-16,8.5921513E-17,6.944767E-18,5.522542E-20,8.085106E-12,3.6246017E-12,2.6226672E-11,5.485453E-10,7.979708E-16,1.3718221E-10,4.8701956E-11,7.850994E-11,0,1.1871848E-10,0.0000000021611648,2.7094801E-10,1.6672046E-10,0.0000000012924489,1.6881736E-15,3.815674E-14,2.4220415E-13,1.6162925E-12,4.6491326E-12,8.948634E-12,2.333995E-12,7.8473665E-11,5.007674E-10,5.802812E-10,1.612566E-10,0.0000000011056689,3.7205006E-10,3.7983153E-10,0.0000000024392801,0.0000000032304404,0.0000000046926427,0.000000011989488,0.000000006906557,0.0000000032498186,0.00000000543714,0.000000005802495,0.0000000030121938,0.000000001786761,0.0000000047712203,0.000000008662642,0.000000012177795,0.0000000018327476,0.0000000033911065,0.0000000050348774,0.0000000042114814,0.0000000025311127,0.0000000010930202,3.0733674E-10,0.0000000021723066,0.0000000014585918,0.0000000016215015,3.9532527E-10,1.6850424E-10,5.8516897E-10,0.000000001266561,0.000000003797729,0.0000000016185475,0.000000008067453,5.4757576E-10,0.0000000012792915,6.486985E-10,0.000000003655003,0.0000000011797994,0.0000000043198267,0.000000007573539,0.0000000079913,6.013487E-10,0.0000000013005036,9.711931E-10,0.00000000186107,0.0000000036864276,4.5540546E-10,3.5128135E-12,4.626579E-10,7.1874157E-10,0.0000000019230089,3.2992617E-10,0.0000000012086844,0.0000000017935564,0.0000000030472527
St Joseph Atoll and D'Arros Island,0.000000026581086,0.0000000040780663,5.6898798E-11,3.4848657E-10,0.0000000014065298,6.339073E-10,1.7220149E-11,1.1119457E-10,0.0000000053160436,0.0000000032035157,9.794751E-11,1.0882426E-11,0.000000001376354,0.000000008545022,0.0000000030432257,0.0000000053723146,0.000000014833385,0.000000010404717,0.00000000262123,6.3200127E-12,5.4774244E-11,2.736274E-10,0.000000032315228,0.00000001960462,0.000000018037841,0,0,0,1.9678379E-17,5.6088967E-15,0.0000000019504451,0.00000085488887,0.000000068727374,0.00000016606108,0.00000028931797,0.00000013090151,0.00000115266,0.000000024996272,0.000000013894273,0.000000002764603,0.0000005016418,0.000000011412547,0.0000000044619677,0.0000027240892,0.00000009013586,0.00000068533143,0.00006772771,0.000035209192,0.00022780422,0.00026188788,0.000088146364,0.00024054539,0.00010862622,0.0032221805,0.0027920299,0.0010647482,0.00046465636,0.00035626543,0.00000575987,0.00012719438,0.00017327491,0.00043489397,0.00011937569,0.00000971666,0.000021076241,0.00006802424,0.00026888674,0.000008564821,0.00006365532,1.1103414E-15,2.3845593E-15,4.972613E-14,8.348644E-14,6.1769424E-14,3.2811235E-13,5.0582754E-12,2.027172E-12,1.7904683E-12,6.787961E-13,1.140226E-13,2.2835079E-13,1.102195E-12,6.4595134E-13,1.1583112E-12,3.273008E-12,3.8417644E-13,2.5255004E-13,3.5759014E-11,7.473836E-14,2.730868E-13,3.999527E-11,4.558824E-12,1.4667822E-14,2.0225273E-15,8.8722106E-16,3.0133022E-17,7.429644E-16,6.25752E-17,2.4416992E-18,1.5975126E-20,2.6303423E-12,2.2272709E-12,3.083798E-11,4.68394E-10,6.049684E-17,1.9897643E-10,4.5557E-11,9.579075E-11,0,7.4202464E-11,9.356487E-10,3.5276915E-10,1.2022561E-10,9.2148505E-10,3.2394163E-15,1.69521E-14,4.2200442E-14,1.3139386E-12,4.0412318E-12,7.3211385E-12,2.0820973E-12,1.1409886E-10,2.5694527E-10,9.477092E-10,3.9780124E-10,0.0000000014148714,6.340262E-10,5.5501204E-10,0.000000002152269,0.0000000022975895,0.000000004798652,0.000000013101552,0.0000000071873023,0.000000004343363,0.000000008311194,0.000000008704798,0.000000002244564,0.0000000011575145,0.000000004917887,0.000000010894622,0.000000013305791,0.00000000224715,0.0000000033915672,0.0000000040525667,0.0000000034384193,0.0000000035279912,0.0000000014414882,4.246466E-10,0.0000000037614774,0.0000000018545048,0.0000000014994594,7.4593826E-10,4.6370163E-10,0.0000000029106333,0.0000000020017634,0.000000004320614,0.000000002593465,0.00000002100573,0.0000000021029856,0.000000003990136,0.0000000031998346,0.000000013585379,0.0000000044982538,0.0000000074144655,0.00000001599124,0.000000020616124,0.0000000021997448,0.0000000063591603,0.000000004561088,0.000000009315504,0.000000017757978,0.0000000024233267,7.819068E-12,0.0000000010127009,0.0000000023998623,0.000000007622499,9.400517E-10,0.0000000064610606,0.0000000054224683,0.000000006559262
Rémire Island,0.00000006185438,0.000000008585673,1.9958038E-10,4.878365E-11,2.125945E-10,1.4108481E-10,6.028884E-12,5.2257804E-10,0.000000005337029,9.0567576E-10,1.1632051E-10,3.8699956E-11,0.000000001129917,0.000000006064307,0.00000000197163,0.000000003941501,0.000000015414477,0.0000000082462,0.0000000011916917,1.0644422E-10,0.0000000016410614,1.5922066E-10,0.000000040493237,0.000000020265487,0.000000008906788,0,0,0,0,3.2870784E-15,7.0717726E-10,0.00000020755223,0.00000004074768,0.00000005560976,0.00000017287178,0.00000011025441,0.0000010917576,0.00000002954514,0.000000008093687,0.0000000021693236,0.00000032299099,0.00000000926197,0.00000000528746,0.000001746389,0.00000010186531,0.0000004419574,0.000054706226,0.000029879722,0.00012213588,0.00015762565,0.000046815094,0.00012616484,0.000053734708,0.001956271,0.0013536161,0.001409759,0.00072514033,0.00031601195,0.000002746137,0.00018338859,0.0002473,0.0007354245,0.00012636617,0.00001567522,0.000028652157,0.00007725521,0.00035586196,0.000011692959,0.00011776896,1.3596041E-17,8.264984E-16,1.6718655E-14,4.3065205E-14,4.3192673E-14,3.2229793E-13,3.3076885E-12,1.1712356E-12,2.875299E-12,1.3095787E-12,3.417874E-13,2.94098E-13,1.1133122E-12,4.7896474E-13,2.6194435E-12,6.839583E-12,3.9024006E-13,1.5379905E-13,2.9891642E-10,3.7699082E-14,2.2070635E-13,6.945971E-11,2.2949198E-11,2.6013944E-14,5.0912616E-17,3.2211108E-17,3.8687746E-19,6.0354266E-18,5.7130677E-19,8.883091E-22,1.024835E-22,5.11388E-12,2.3487891E-12,1.3649736E-11,3.7167484E-11,5.171616E-18,1.5436166E-10,1.0837695E-10,1.6419371E-10,0,6.248344E-11,0.0000000015769266,2.4079852E-10,1.1935583E-10,0.0000000010729577,2.2456089E-15,1.9178322E-14,1.2294813E-13,2.467416E-12,4.3994673E-12,3.7613163E-11,1.086284E-12,5.0962533E-11,3.6924086E-10,5.770583E-10,2.2361003E-10,0.0000000013155548,3.149107E-10,8.630779E-10,0.0000000016498013,0.0000000026562132,0.000000005752311,0.000000015240436,0.0000000042383794,0.0000000025935716,0.0000000073889073,0.000000007687813,0.0000000041931867,0.000000002081202,0.000000009849973,0.000000009710218,0.000000009917314,0.0000000014738855,0.0000000022507387,0.000000014521901,0.000000003615479,0.000000005669527,0.0000000020194277,9.63631E-10,0.0000000048609152,0.000000004922862,0.0000000032099992,0.0000000018686976,0.0000000031650689,0.000000021362478,0.0000000014980154,0.000000003915799,0.0000000027624913,0.00000010740778,0.0000000015303041,0.000000018929779,0.000000004558221,0.000000021834042,0.000000003494266,0.000000005737861,0.000000016309869,0.000000032383834,8.6383967E-10,0.0000000024302793,0.0000000029804865,0.0000000048809503,0.000000011759371,0.0000000015986109,1.8840636E-11,0.0000000011246489,0.0000000024425988,0.000000007934276,0.0000000011698404,0.000000008888255,0.0000000066152657,0.000000008524168
African Banks,0.00000007966433,0.00000001664695,1.8201417E-10,1.4903415E-10,0.0000000010894496,7.0069683E-10,9.366825E-12,8.8275394E-11,0.000000007791322,0.00000000397194,5.672338E-10,2.0540647E-11,0.0000000050147286,0.0000000060370984,6.4616285E-10,0.0000000126510775,0.00000002534849,0.00000001206183,9.707236E-10,3.2902285E-12,1.6160717E-11,4.740907E-10,0.00000004205118,0.000000022270678,0.00000002230292,0,0,0,0,3.7095085E-16,0.0000000016900389,0.0000002622483,0.000000049512927,0.000000049733416,0.000000078146215,0.0000001624923,0.0000009196456,0.0000000065664416,0.0000000062685324,0.0000000012101491,0.00000023013138,0.0000000120337,0.000000010916986,0.0000015994945,0.000000048718494,0.0000002985319,0.0000370261,0.000015023471,0.000089539164,0.000090245776,0.000033275926,0.000054672746,0.00003704923,0.0010964107,0.000783167,0.0012465679,0.00095622055,0.00023036651,0.0000031838902,0.00019055748,0.00018332033,0.00069564156,0.00015122422,0.000014513,0.000029602616,0.00008730171,0.0004426565,0.000017368215,0.00015925596,7.483866E-18,3.120381E-16,1.1555297E-14,2.3573164E-14,5.4589996E-14,2.2494639E-13,1.6215213E-12,6.200724E-13,8.63243E-13,5.295396E-13,1.8170765E-13,1.4561342E-13,1.796546E-13,2.2216384E-13,9.074125E-13,3.1521376E-12,3.698221E-14,3.014588E-14,1.4185927E-10,5.4102726E-15,3.6040096E-15,9.3289146E-14,1.6452665E-14,6.5116E-15,1.1265586E-16,6.246893E-17,2.3546266E-20,2.43827E-19,1.7880974E-20,1.6527398E-20,0,3.0697244E-13,2.9660947E-13,7.1213786E-12,6.4322486E-10,2.0105725E-18,7.2051136E-11,1.8127848E-11,4.1264804E-11,0,3.611038E-11,0.0000000016723992,9.6526905E-11,1.4254515E-11,3.8208717E-10,6.6976743E-16,7.481889E-15,6.878399E-14,1.6769846E-12,1.0286299E-12,2.366487E-12,1.7121778E-12,7.7639305E-11,4.2809264E-10,6.6469164E-10,2.034866E-10,6.5588734E-10,2.2881036E-10,4.4653825E-10,0.0000000011459418,0.0000000014010686,0.0000000034459728,0.000000009184243,0.0000000048156563,0.0000000023735713,0.0000000035076329,0.000000003280994,0.000000002442941,0.0000000016571102,0.0000000042122554,0.000000006313991,0.0000000067872103,9.809619E-10,0.0000000016650998,0.000000006865557,0.0000000022727773,0.0000000028125706,0.0000000010508779,3.3117503E-10,0.000000003880595,0.000000001422514,0.000000003831125,0.0000000064900303,0.0000000020710884,0.000000020779796,0.000000001509374,0.0000000034216097,0.000000002767352,0.00000020959645,0.0000000022856865,0.000000014566447,0.0000000049766293,0.00000001836874,0.0000000046412563,0.000000014396931,0.00000002245062,0.00000020986882,0.000000005935568,0.000000004521224,0.000000004629143,0.0000000029909228,0.000000010515254,0.0000000057394987,2.0612416E-11,0.0000000038654218,0.00000001292018,0.00000003775735,0.0000000052109543,0.000000026876206,0.000000015482946,0.00000001588825
Platte Island,0.00000007452386,0.000000001916797,0.0000000015072695,0.000000001128721,0.0000000018916955,0.000000003746477,8.9577573E-10,5.4914726E-11,0.0000000019139055,0.0000000011755223,1.4497385E-10,0.000000005437831,0.000000024031424,0.000000047370275,0.000000019815406,0.00000001016928,0.000000028185662,0.0000000055613048,0.0000000073254696,0.0000000019217927,0.0000000096537836,0.000000001814881,0.00000003854681,0.0000000106303295,0.000000026222626,0,5.1899483E-18,1.1044925E-20,2.4189818E-16,2.9788468E-14,0.00000003189241,0.00000021913569,0.00000003958552,0.0000000667599,0.00000011268857,0.00000005489169,0.0000006639532,0.0000001432062,0.00000010261622,0.000000013966247,0.0000049358455,0.000000028525092,0.000000012998035,0.0000046030846,0.00000013201276,0.0000003950944,0.000053381456,0.00002164671,0.00009385023,0.000058601032,0.000016127859,0.000021178179,0.000017152986,0.0007609037,0.00010670005,0.00006468574,0.000038613343,0.0063899453,0.00012826973,0.00006245018,0.00024951246,0.00035731567,0.0002507103,0.000022545959,0.000052875002,0.00013204936,0.00032268206,0.000006694586,0.00004672047,4.967926E-16,1.5410536E-14,2.1235719E-13,5.4239084E-13,4.9987136E-13,4.247196E-13,5.3652174E-12,1.9086727E-12,3.098937E-12,1.6060606E-12,1.5128403E-12,1.8529606E-13,3.0562556E-13,2.6686216E-13,4.461579E-13,6.2577433E-13,3.7639117E-13,2.6157096E-13,4.1925233E-10,1.0235526E-11,1.2794607E-10,0.0000000024442515,3.170354E-10,2.3392807E-10,1.1199282E-12,1.0767473E-12,8.843531E-14,4.589919E-13,6.2538967E-15,9.338621E-16,7.809144E-18,8.082012E-14,8.4810346E-14,5.9868575E-11,0.0000000013136714,1.8514152E-17,0.0000000017520609,5.29786E-10,0.0000000018104734,0,2.0618651E-10,9.80374E-10,0.0000000011478635,1.610837E-10,0.0000000024829157,2.5512334E-15,5.1749925E-14,6.742255E-13,2.1852596E-11,4.4481697E-12,3.8614615E-12,1.5807934E-12,1.9611918E-11,0.0000000012495651,0.0000000028845852,5.285019E-10,0.0000000013266835,0.0000000016281818,4.3134102E-10,0.000000005595705,0.0000000039403902,0.0000000052334803,0.0000000133870905,0.000000018845903,0.000000006501353,0.0000000051364344,0.0000000048200217,0.0000000011040995,5.912793E-10,0.0000000029493101,0.0000000038823154,0.0000000064409513,7.713874E-10,0.0000000011904486,0.0000000018629358,0.0000000012014862,0.0000000013627072,5.5726E-10,1.2788576E-10,5.577983E-10,9.542749E-10,6.718249E-10,2.9714156E-10,9.28585E-11,6.505846E-10,7.7480317E-10,0.0000000018175123,8.6756663E-10,0.0000000049154947,3.7764228E-10,6.501763E-10,2.1333185E-10,0.0000000010515004,3.490867E-10,9.863672E-10,0.0000000024159152,0.000000002965237,8.120287E-11,4.5676238E-10,2.130386E-10,3.2826017E-10,0.0000000014139986,1.6945316E-10,1.5303308E-12,1.5412818E-10,3.076681E-10,5.016655E-10,8.343253E-11,2.1876628E-10,9.876502E-11,1.4483414E-10
Coëtivy Island,0.000000008657679,0.0000000010880788,3.982525E-11,5.981305E-11,1.3148256E-10,1.3080353E-10,3.7278483E-10,2.886786E-11,0.0000000010808631,0.0000000030823224,0.0000000017473042,7.3904277E-10,0.000000009570783,0.0000000052395923,0.0000000039153094,0.000000004036218,0.000000017846817,0.000000003831862,0.0000000016875342,5.4131366E-10,0.0000000013155629,1.53533E-10,0.00000002155286,0.000000032788616,0.000000046796963,4.356829E-21,1.4731653E-16,3.6504427E-17,3.3637693E-16,4.2145988E-13,0.00000067429465,0.00000085916224,0.0000002016558,0.00000026955271,0.00000044210867,0.00000035818678,0.0000037911884,0.0000004614961,0.00000046838872,0.00000010750186,0.000019189625,0.0000004184112,0.00000015859906,0.000028162061,0.00000079508135,0.0000024082724,0.00005522532,0.00001769111,0.000010861832,0.0000086535365,0.0000012134495,0.00000074842427,0.0000006494839,0.000036246143,0.000005976636,0.0000043434557,0.0000023665255,0.00021545462,0.0076765525,0.00000087844796,0.00000575147,0.000003990345,0.000009298769,0.00000082150916,0.0000018876194,0.000002792089,0.000006835408,0.00000022046694,0.0000012078708,4.508019E-16,2.47295E-14,4.581074E-13,4.2180953E-13,2.0398046E-13,7.1047416E-13,7.988313E-12,4.1619937E-12,1.0429062E-11,7.401569E-11,2.3878444E-11,5.1834893E-13,3.4933605E-12,2.6676903E-12,4.0096732E-12,6.6155644E-12,2.2261284E-12,7.9472664E-13,0.0000000018305826,3.6164268E-12,0.0000000010673039,0.000000004642614,3.94801E-10,8.2723876E-11,5.131543E-11,3.065123E-11,3.218555E-14,7.460729E-14,3.0816003E-15,9.370135E-16,9.493255E-18,1.3302246E-14,5.9237034E-13,2.8013122E-10,0.000000017528595,1.1295386E-12,0.000000004191857,0.0000000014477954,0.0000000019686963,0,0.0000000032422482,0.0000000071053723,0.000000010234626,0.0000000023880817,0.000000015222685,2.235213E-13,1.5953657E-12,1.9047692E-11,2.5271304E-10,1.3035442E-10,7.7209555E-10,3.163186E-11,2.8575634E-10,0.000000009822222,0.0000000112687895,0.0000000012317958,0.00000000357316,0.0000000021191158,0.00000000630713,0.00000001368266,0.000000011384546,0.000000015494704,0.000000036005638,0.000000023265692,0.000000016753399,0.00000001505154,0.000000014471749,0.0000000042984265,0.0000000027191707,0.0000000058048393,0.000000007580338,0.0000000143767585,0.0000000013435443,0.0000000037372665,0.000000003768219,0.0000000022379776,0.000000002831332,0.0000000011018328,4.2213463E-10,0.0000000021108104,0.0000000014279784,0.0000000021401882,6.6775063E-10,9.3722974E-11,0.0000000013521845,0.0000000015387315,0.000000004890117,0.0000000016189625,0.000000013700968,6.47031E-10,0.000000002063757,7.561785E-10,0.000000003395369,0.0000000012754757,0.0000000062195085,0.000000007845064,0.0000000067287975,3.914701E-10,8.226591E-10,4.934626E-10,4.9518306E-10,0.0000000016428597,3.1364983E-10,1.5037518E-12,5.009895E-10,7.905704E-10,0.0000000016765124,2.2906073E-10,7.250764E-10,4.005998E-10,8.545716E-10
Silhouette Island and Ile du Nord,0.00000024276324,0.0000000113328875,4.2771697E-10,7.5357287E-10,0.0000000010189991,0.0000000012460304,1.3101598E-10,2.1089938E-10,0.000000012309427,0.000000010935627,0.0000000019861874,6.7088274E-10,0.000000006359634,0.000000008177929,0.0000000014722964,0.00000002068683,0.000000045741587,0.000000023272907,0.0000000016295343,1.0369923E-10,1.3521567E-10,9.5177456E-11,0.00000006486507,0.00000005719617,0.000000047241194,0,0,0,0,5.163218E-17,0.000000032528796,0.00000004220841,0.00000001527726,0.000000010979692,0.000000020613063,0.0000000041783195,0.000000044263732,0.000000012530306,0.000000010721888,0.0000000013820003,0.0000000756079,0.000000007729828,0.0000000024710383,0.00000033885578,0.000000008173376,0.00000002479711,0.0000013960542,0.0000010515004,0.0000056052577,0.0000054048282,0.0000017130639,0.000004149863,0.000002846953,0.00014781709,0.000047618603,0.000053950254,0.000056088436,0.00018349415,0.0000065899394,0.00623044,0.0011716041,0.0034613684,0.0023850538,0.00013375441,0.00018061145,0.00094147585,0.0043880483,0.00015357602,0.0007795681,4.4130036E-18,1.9455157E-16,3.761036E-15,9.776198E-15,9.040629E-15,3.066359E-14,6.5664856E-13,1.8557862E-13,1.7735368E-13,5.8561656E-14,2.7468259E-14,7.926176E-14,5.3623433E-14,6.735067E-14,4.3791308E-13,1.5991573E-13,2.9471922E-14,5.422587E-15,6.4711314E-12,3.4526884E-13,1.7399417E-12,6.0358313E-10,2.4009128E-10,2.863006E-11,2.2813257E-12,5.1713933E-14,5.261253E-15,1.6770458E-13,3.823497E-14,1.1335303E-15,9.887384E-18,2.3555232E-16,2.9288225E-13,1.832644E-12,2.5569257E-11,2.0587835E-18,2.2397394E-12,1.2034058E-12,1.5854823E-12,0,3.884251E-12,3.9266704E-11,2.8018058E-11,5.7604967E-12,3.7360424E-11,1.5631784E-16,1.8243192E-15,1.1980732E-14,1.2691985E-13,1.7169385E-13,7.315471E-13,5.5426925E-13,4.3519483E-11,8.0762924E-11,7.895659E-11,2.0155934E-11,1.1262852E-10,4.208651E-11,7.4203275E-11,1.1754718E-10,2.0005109E-10,2.3668245E-10,4.8351434E-10,4.063239E-10,2.5369604E-10,4.5987267E-10,7.615153E-10,3.1064268E-10,1.4687852E-10,3.8879602E-10,3.6328965E-10,5.0596194E-10,7.364859E-11,1.643818E-10,2.4113425E-10,2.985228E-10,1.3741745E-10,5.8161004E-11,1.37854485E-11,1.7925789E-10,1.6060664E-10,1.8850024E-10,1.2566415E-10,2.6860394E-11,1.03307404E-10,3.157806E-10,6.694379E-10,3.0485714E-10,0.0000000016352187,1.6590485E-10,3.1183E-10,7.23545E-11,4.1039291E-10,1.4227317E-10,3.908864E-10,6.7967626E-10,0.0000000016865571,9.828426E-11,1.428404E-10,7.016929E-11,9.566868E-11,2.603712E-10,7.2418904E-11,3.5269498E-13,1.5181256E-10,2.5113864E-10,5.499101E-10,1.3980432E-10,4.3107E-10,1.9119088E-10,2.6989205E-10
Mahé S,0.00000017014665,0.0000000065768555,2.771294E-10,7.951309E-10,0.0000000014613137,9.0965085E-10,3.113525E-11,4.9076295E-11,0.0000000058291185,0.0000000027513347,3.6565048E-10,2.6224733E-10,0.0000000020598423,0.000000012214565,0.0000000012509841,0.000000030286373,0.000000073936754,0.000000028765584,0.0000000010316398,1.0586876E-10,1.214611E-10,7.4998556E-11,0.0000001313932,0.000000061970084,0.000000035220307,0,0,0,0,3.7066142E-17,0.000000048626873,0.000000013010305,0.0000000043898956,0.000000004301255,0.000000006211638,0.0000000018917987,0.000000042342293,0.0000000029646015,0.000000009713053,6.631448E-10,0.000000072803616,0.0000000043752335,0.000000004093717,0.00000021127285,0.0000000035209367,0.000000014944332,0.0000009686278,0.00000044192498,0.0000016807819,0.0000017521902,0.0000005617351,0.000001393116,0.0000011137647,0.000055864144,0.000018542802,0.000025183757,0.00001868048,0.00019093261,0.0000023491198,0.001386492,0.018148666,0.034623075,0.021821147,0.00020795739,0.0002716681,0.00073212176,0.0024906814,0.00007245987,0.0003048213,2.6853864E-18,2.4241869E-16,3.589753E-15,9.6894005E-15,3.7994434E-15,2.1105246E-14,8.0533193E-13,2.6573839E-13,3.5932027E-13,6.1345263E-14,1.0671489E-14,6.5595866E-15,1.1189358E-14,1.5161236E-14,6.433634E-14,6.386046E-14,3.2989758E-14,2.0658803E-15,3.0411597E-11,4.0197004E-13,2.2677183E-12,3.550038E-10,1.0212104E-10,2.1687523E-11,1.499419E-12,4.572086E-14,2.6763414E-15,3.7466046E-14,1.458878E-14,2.699157E-16,4.057141E-18,1.860921E-16,1.8254194E-14,2.2340949E-12,7.285295E-11,1.7910412E-18,1.49919E-12,9.870175E-13,1.34308E-12,0,4.5342695E-11,2.8865816E-11,3.408995E-11,5.05448E-12,3.266397E-11,3.4633632E-17,6.446727E-16,4.1895876E-15,6.2413806E-14,5.1483652E-14,7.403757E-14,4.47133E-14,3.1443192E-12,4.13444E-11,1.7331667E-10,2.7953058E-11,6.223423E-11,2.8337747E-11,2.6066347E-11,9.5000674E-11,7.113024E-11,1.0917966E-10,2.404272E-10,2.570396E-10,8.4329065E-11,2.502005E-10,3.407632E-10,1.3101026E-10,4.6637243E-11,2.1727956E-10,3.0606714E-10,4.669415E-10,6.989305E-11,1.2574204E-10,2.0829537E-10,1.7878315E-10,1.511237E-10,8.3831365E-11,9.100086E-12,7.786524E-11,9.15068E-11,1.3394826E-10,4.7070896E-11,8.849401E-12,2.694647E-11,3.829354E-11,2.1248375E-10,1.0808728E-10,6.271963E-10,4.202771E-11,7.758869E-11,2.4727258E-11,1.15140175E-10,4.0799582E-11,4.7751324E-11,2.8471633E-10,4.6062248E-10,1.490107E-11,3.1833116E-11,3.60189E-11,4.736828E-11,9.578063E-11,3.5941874E-11,1.2816813E-13,2.1137411E-11,3.3636646E-11,1.0265024E-10,1.547817E-11,5.3990895E-11,6.477942E-11,1.1598447E-10
Mahé W,0.0000001389517,0.0000000073381985,1.688968E-10,3.5685382E-10,6.477985E-10,5.118365E-10,3.280682E-11,6.152169E-11,0.0000000037864236,0.0000000034570782,0.0000000010209631,2.3875246E-10,0.0000000026608573,0.000000005663013,0.0000000012454391,0.000000027822846,0.00000004294234,0.000000020966583,0.0000000011239574,4.2568823E-11,1.4978256E-10,5.7265782E-11,0.000000082634216,0.000000042583096,0.000000027203269,0,0,0,2.6903625E-18,3.56897E-17,0.000000051903342,0.000000030562614,0.000000022950214,0.000000015350436,0.000000019792047,0.0000000036864447,0.00000004375889,0.0000000033210792,0.000000016807787,0.000000001061189,0.00000012077552,0.000000007713171,0.000000005103602,0.00000030290033,0.0000000045500177,0.000000045743406,0.0000013817867,0.0000006406927,0.00000322258,0.0000031170857,0.000000808435,0.000002400362,0.0000019486897,0.00009215818,0.000029396659,0.000043234537,0.000030969248,0.0002955358,0.0000060496113,0.0021413828,0.009658518,0.05886317,0.006933834,0.00019374008,0.00022866689,0.00060504896,0.0026472625,0.00011291084,0.00053414004,4.629413E-18,5.076612E-16,7.235485E-15,2.3172106E-14,8.677887E-15,4.6882847E-14,1.5413369E-12,5.4679194E-13,4.2781525E-13,7.338164E-14,1.931722E-14,2.0865091E-14,1.3907686E-14,1.6354375E-14,6.968424E-14,1.380839E-13,7.759044E-14,2.7671465E-15,2.5191939E-11,6.169232E-13,2.7231516E-12,4.2580917E-10,1.4102366E-10,5.2795573E-11,1.4190226E-12,8.358412E-14,2.6130407E-15,2.4753796E-14,1.6062916E-14,4.8845124E-16,5.112471E-18,2.3663403E-16,5.8009566E-14,1.931064E-12,8.556386E-11,5.9753713E-19,1.9736142E-12,1.0905183E-12,1.5433839E-12,0,6.832576E-11,8.255863E-11,1.291868E-10,1.6216284E-11,1.533632E-10,1.06731915E-16,1.0562104E-15,5.4613826E-15,1.4530814E-13,1.2637675E-13,1.5389389E-13,7.6656604E-14,1.0790234E-11,5.369105E-11,1.3327799E-10,2.3885685E-11,1.0439158E-10,4.5390212E-11,2.810176E-11,1.6485732E-10,1.024503E-10,1.4387053E-10,3.5311823E-10,2.968932E-10,1.2697518E-10,3.6901363E-10,4.767545E-10,1.9420682E-10,9.401565E-11,7.478617E-10,7.053295E-10,8.437495E-10,1.4823572E-10,2.359584E-10,3.0924655E-10,2.3410496E-10,2.5352515E-10,1.4588764E-10,1.7475882E-11,1.2221305E-10,1.3771748E-10,2.4480326E-10,1.03971186E-10,1.6231756E-11,5.364302E-11,7.771774E-11,3.729842E-10,2.2488257E-10,0.0000000011894051,8.519876E-11,1.7536492E-10,4.5622266E-11,2.4064684E-10,6.7024004E-11,7.459375E-11,4.877407E-10,9.793838E-10,2.7115135E-11,5.8075874E-11,5.1481038E-11,7.220557E-11,1.6517494E-10,3.636438E-11,3.01672E-13,4.6964304E-11,9.504077E-11,2.2635306E-10,3.1652934E-11,9.3205485E-11,7.623823E-11,1.6013338E-10
Mahé NE,0.00000016340518,0.0000000043344768,8.642977E-11,1.8703716E-10,3.099341E-10,2.5646518E-10,2.0982825E-11,2.5176793E-11,0.0000000021281512,0.0000000019923312,4.3302517E-10,2.587737E-10,0.0000000015431768,0.0000000041212473,8.21298E-10,0.000000012819187,0.000000026393007,0.000000013357773,6.8549594E-10,3.7015918E-11,8.0161024E-11,4.5973322E-11,0.00000004840409,0.000000030694785,0.000000023697464,0,0,0,6.536127E-19,6.531213E-18,0.000000014325407,0.000000013405825,0.000000009968431,0.000000006925734,0.000000008807226,0.0000000018886104,0.00000003803434,0.0000000016278092,0.0000000029419376,2.9672853E-10,0.000000070673956,0.0000000019122677,0.0000000010663661,0.000000084433374,0.0000000020649547,0.000000009026231,0.0000005508927,0.0000005050543,0.000001666054,0.0000017960394,0.0000006624716,0.0000012287901,0.00000091583473,0.00005562289,0.000021284884,0.0000263395,0.000024161915,0.00009876049,0.0000015252598,0.0017983809,0.00566101,0.0052718353,0.043631546,0.00023518967,0.00023097899,0.0007138023,0.0032128107,0.000108959044,0.00039597595,1.2402859E-18,4.7063477E-17,1.0961408E-15,3.17237E-15,5.3857264E-15,1.3389119E-14,2.817587E-13,6.824395E-14,7.872659E-14,2.1261308E-14,8.766519E-15,1.7690798E-14,1.1349949E-14,3.2731006E-14,1.3260946E-13,4.5302063E-14,9.433243E-15,9.566698E-16,6.185089E-12,1.6400943E-13,8.0076955E-13,1.07740906E-10,3.2220483E-11,1.28615755E-11,2.75476E-13,7.9484005E-15,1.1325715E-15,9.47055E-15,4.5823335E-15,1.10838966E-16,1.6781888E-18,1.0135864E-16,8.022756E-15,1.6026727E-12,1.5966067E-11,4.504109E-20,8.1796766E-13,4.3514397E-13,5.8587103E-13,0,2.3252027E-11,9.583974E-12,1.8148833E-11,1.0386041E-12,2.4168565E-11,2.0659986E-17,3.6514727E-16,1.3160811E-15,6.9297487E-14,9.148492E-14,1.3657626E-13,7.6099825E-14,1.5386551E-11,2.8415608E-11,3.6347782E-11,2.3693535E-11,1.3146319E-10,4.1664304E-11,4.768042E-11,8.288757E-11,5.115757E-11,6.621199E-11,1.5182207E-10,1.4283032E-10,5.8184235E-11,1.4733055E-10,2.2456892E-10,9.0993296E-11,3.7028013E-11,1.2956713E-10,2.329581E-10,3.2447836E-10,5.0839225E-11,7.715537E-11,7.632364E-11,6.6837015E-11,4.7568158E-11,1.9412673E-11,4.6586016E-12,1.5591285E-10,6.775313E-11,1.02677165E-10,6.0708445E-11,1.097335E-11,2.4055119E-11,4.4474046E-11,2.7110172E-10,2.8463626E-10,0.0000000018198991,5.4774223E-11,1.0775783E-10,3.003382E-11,1.3914536E-10,4.4787174E-11,1.0025154E-10,2.3377245E-10,6.802354E-10,4.36244E-11,5.3184776E-11,4.1368155E-11,6.1896946E-11,1.4033144E-10,6.396205E-11,2.5302384E-13,3.3020173E-11,7.8102975E-11,2.2129412E-10,3.7368265E-11,9.255663E-11,2.6987627E-11,3.6389024E-11
Recif Island,0.0000006156246,0.00000002581595,0.0000000011002392,0.0000000011352006,0.0000000015817773,0.0000000017552712,6.865815E-11,6.2162595E-11,0.0000000016590366,0.0000000036571939,5.563322E-10,4.35928E-10,0.0000000016623121,0.000000003914462,0.000000001655,0.000000042179213,0.00000007006887,0.000000031537546,0.0000000016293281,5.265616E-11,2.463707E-10,1.4027252E-10,0.00000012606213,0.00000004545029,0.00000003204722,0,0,0,3.175077E-18,3.1351674E-17,0.00000008087756,0.000000030641132,0.0000000030034009,0.0000000047297237,0.000000014042833,0.0000000056609393,0.00000007520962,0.000000011204049,0.000000018306975,7.619126E-10,0.0000001013719,0.0000000093456345,0.0000000025983138,0.00000006195909,0.0000000029083806,0.000000021205008,0.000001786522,0.00000031125322,0.0000027690196,0.0000021730807,0.0000007591586,0.0000019454183,0.0000008209478,0.000053111515,0.000021517593,0.00004301951,0.00003775456,0.00020187488,0.0000048825195,0.0015043768,0.0040562777,0.0031545698,0.010950385,0.00033762382,0.000557049,0.0016510682,0.008666065,0.00019106692,0.0005367433,2.6381253E-17,3.7738452E-16,7.204839E-15,1.853475E-14,2.2129307E-14,1.3880043E-13,1.5299242E-12,7.9381895E-13,6.206168E-13,2.3897083E-14,1.1188729E-14,2.97137E-13,3.5085135E-14,9.101266E-14,7.908308E-13,9.712247E-14,4.7533314E-14,1.2557491E-14,2.1302706E-11,7.291587E-13,5.342546E-12,0.000000001164358,4.183344E-10,8.283955E-12,1.7513353E-12,1.0615145E-13,3.0504672E-15,5.6709655E-14,4.0855503E-14,5.073686E-16,5.1718914E-18,1.511699E-16,3.8227647E-15,9.220642E-12,5.5724553E-11,4.8001126E-19,2.6094302E-11,5.001358E-12,7.221285E-12,0,2.8061171E-11,2.7604805E-10,1.8583596E-11,9.699192E-11,1.2391646E-10,1.6883413E-16,1.15443535E-14,2.7908224E-15,9.4341174E-14,3.728657E-13,5.241213E-13,2.7315883E-13,7.802183E-12,3.8423345E-10,9.463249E-10,1.804865E-10,1.3146234E-10,5.516262E-11,1.6279891E-10,8.2834667E-10,3.8970893E-10,2.933155E-10,3.3099537E-10,3.9423884E-10,1.4094399E-10,1.962105E-10,2.293869E-10,1.1414404E-10,4.8880677E-11,1.3233921E-10,2.3986882E-10,4.5116494E-10,4.5550005E-11,1.5215683E-10,3.5549186E-10,2.5847546E-10,1.06308365E-10,4.591886E-11,1.0145349E-11,1.8668167E-10,1.2505118E-10,1.6638212E-10,5.287747E-11,2.1704522E-11,1.2845247E-10,1.9614188E-10,0.0000000010830816,4.7799137E-10,0.0000000031237115,6.2740355E-11,3.108835E-10,7.7915424E-11,3.6240508E-10,1.1950886E-10,2.456228E-10,2.672954E-10,4.899857E-10,9.348323E-12,1.3117353E-10,7.3978615E-11,8.123753E-11,1.8846652E-10,7.166469E-11,2.985729E-13,4.6909216E-11,1.2475285E-10,3.1143416E-10,6.827377E-11,2.745788E-10,9.9407454E-11,1.7125922E-10
Frégate Island,0.00000028846648,0.000000020164224,0.0000000015911746,0.0000000021154827,0.0000000031549832,0.0000000020665523,2.4274102E-10,2.4000238E-10,0.000000013587494,0.000000005160695,0.0000000011076307,8.969361E-10,0.000000004362423,0.000000013519659,0.0000000032989553,0.000000038681332,0.00000007837829,0.000000043259135,0.0000000049595483,1.2784596E-10,3.414449E-10,2.9904557E-10,0.00000008692766,0.00000007969907,0.0000000559258,0,0,0,0,1.9374466E-15,0.00000006525984,0.000000013372338,0.0000000020683701,0.0000000033741898,0.000000007989843,0.000000002219244,0.00000006128419,0.00000000444791,0.0000000035006937,0.0000000027181066,0.00000014753239,0.0000000050266094,0.0000000010355645,0.00000013402729,0.0000000023214795,0.000000014390606,0.00000073235634,0.00000034052348,0.0000007880082,0.0000013100046,0.00000033784445,0.000001248946,0.00000075218577,0.000039411545,0.000014302133,0.00001724916,0.000018588787,0.000113305825,0.0000055241426,0.00078454736,0.0028174128,0.0017714106,0.005166752,0.00030287166,0.0010320768,0.0023080653,0.008241547,0.0001514957,0.00048790828,3.1057456E-17,5.6970155E-16,1.2450522E-14,1.73271E-14,9.236279E-15,4.5067364E-14,9.663482E-13,3.4793417E-13,3.5049378E-13,3.840621E-14,1.3646218E-14,3.0824345E-14,2.1703925E-14,1.7886229E-14,4.960218E-14,1.1102445E-13,5.5027407E-14,4.5868075E-15,3.5330756E-11,3.651943E-12,1.9562178E-11,0.0000000020037179,5.7376764E-10,1.5515661E-10,2.0347352E-12,8.242838E-14,6.125451E-15,7.233025E-14,2.02839E-14,4.1007348E-16,9.7244106E-18,2.4387072E-15,5.107861E-15,1.4552536E-11,9.8132495E-11,1.4317504E-18,5.850494E-12,3.8420473E-12,4.2910888E-12,0,1.2681614E-10,6.1961235E-11,4.3050126E-11,6.673557E-12,3.3734213E-11,2.058917E-16,1.4130487E-15,1.8173505E-14,1.2998488E-13,1.0112568E-13,1.5132603E-13,8.698895E-14,1.9762404E-11,9.656039E-11,2.9826258E-10,7.398931E-11,1.8380901E-10,7.123266E-11,3.2149814E-11,1.9395989E-10,1.0899886E-10,1.4802036E-10,2.6134758E-10,1.375075E-10,9.220618E-11,1.2339754E-10,1.8061729E-10,8.61895E-11,3.5576306E-11,1.5095879E-10,4.110455E-10,2.8479583E-10,2.2058966E-11,7.061613E-11,8.377732E-11,9.181291E-11,5.3458644E-11,1.7083652E-11,4.6439953E-12,8.405101E-11,6.0336534E-11,1.1760957E-10,1.241623E-10,1.5859508E-11,3.470024E-11,4.5753172E-11,3.6649095E-10,2.5649688E-10,0.000000001377355,6.1181636E-11,1.9262468E-10,3.805571E-11,2.8870503E-10,7.0709376E-11,1.767054E-10,3.781182E-10,4.7627474E-10,1.0214362E-11,8.315212E-11,9.41214E-11,1.164178E-10,2.0532404E-10,6.859913E-11,2.4173976E-13,4.812092E-11,1.1849832E-10,1.9559418E-10,2.6312546E-11,8.120808E-11,3.479065E-11,9.882542E-11
"La Digue, Félicité Island, Marianne, Grande Soeur, and Petite Soeur",0.00000046995262,0.000000019156627,4.1599943E-10,6.906998E-10,9.959671E-10,0.0000000011052206,9.64151E-11,0.0000000010683789,0.000000026274598,0.000000012535343,0.0000000024926632,0.0000000010138151,0.0000000080774445,0.0000000097546415,0.0000000019270319,0.00000001608302,0.00000004808402,0.000000019397309,0.0000000013478325,2.6756614E-10,0.0000000012880876,4.1950252E-10,0.000000119071956,0.000000078941625,0.00000007186542,0,0,0,3.1382567E-17,4.386625E-17,0.00000005846739,0.00000001538313,0.000000003640071,0.0000000045855097,0.000000005491184,0.0000000014859954,0.00000003959802,0.0000000035787495,0.0000000131982905,0.0000000013893509,0.000000039415553,0.0000000073892394,0.0000000021066995,0.00000010269423,0.0000000031850935,0.000000008974526,0.00000055983105,0.00000028903833,0.0000010475603,0.0000014761085,0.000000319707,0.0000008959049,0.0000007065093,0.000032568216,0.000015226442,0.000017092927,0.000020650516,0.000073985415,0.0000036086997,0.0005871404,0.0007218075,0.0007244643,0.0019579607,0.00018957575,0.00030981476,0.0050629773,0.034123886,0.00038112426,0.0008440977,8.3920084E-19,3.1310353E-16,5.0440244E-15,1.2726231E-14,1.1235539E-14,3.5545602E-14,8.835182E-13,3.491626E-13,2.615285E-13,3.647779E-14,2.1613577E-14,7.1097526E-14,1.174938E-14,6.08449E-14,4.942358E-13,8.3019956E-14,7.213132E-15,2.1211892E-15,1.4398125E-11,7.3392085E-13,3.878055E-12,4.370403E-10,1.1905919E-10,3.31782E-11,1.7776782E-12,4.7653586E-14,3.6182414E-15,3.4477155E-14,1.3640516E-14,5.1773767E-16,1.2662945E-17,3.3272243E-16,4.8470927E-15,1.3747596E-11,2.4166816E-11,2.4233633E-18,2.203675E-12,1.2847927E-12,1.7413202E-12,0,1.00035126E-10,1.1852333E-10,1.5231724E-10,1.9348674E-11,2.5421915E-10,1.2703499E-15,9.671905E-16,1.8051956E-15,5.0286123E-14,8.6021874E-14,1.9952871E-13,1.4341805E-13,3.193613E-11,2.4759553E-10,3.2342215E-10,6.4227935E-11,1.9385707E-10,3.5406827E-11,8.302932E-11,1.4744096E-10,1.1675824E-10,1.4588093E-10,2.5456798E-10,1.3521204E-10,9.4111434E-11,1.4922194E-10,2.618746E-10,3.0289807E-10,8.0028754E-11,2.1810409E-10,3.797507E-10,2.6743072E-10,3.0921928E-11,7.539217E-11,1.2320259E-10,9.7313976E-11,7.097447E-11,3.8734474E-11,1.2816577E-11,1.07536695E-10,6.54331E-11,4.8576775E-11,2.4938518E-11,1.39901936E-11,6.6753894E-11,1.2127861E-10,4.5687512E-10,2.3291818E-10,0.0000000013194971,1.1490344E-10,1.3568428E-10,2.9936973E-11,2.4729108E-10,1.005663E-10,2.8264777E-10,3.8120962E-10,4.0484754E-10,8.871115E-12,1.03183906E-10,6.478105E-11,8.964135E-11,1.8200498E-10,6.8727864E-11,4.684557E-13,6.1972656E-11,1.6712963E-10,3.3374337E-10,6.7905306E-11,1.9403222E-10,9.422294E-11,1.4804755E-10
"Praslin, Curieuse, Round Island, Cousin Island, and Cousine Island",0.00000026452207,0.000000015192212,3.4251418E-10,3.1933042E-10,6.3273065E-10,5.3611005E-10,8.034207E-11,9.089499E-10,0.00000002051878,0.000000008847801,0.0000000014850774,7.074401E-10,0.0000000073206574,0.00000001025602,0.0000000014470888,0.000000022052792,0.000000049314174,0.000000018195838,9.1440694E-10,1.358588E-10,8.71937E-10,1.8656504E-10,0.00000008468984,0.00000007174734,0.00000005178854,0,0,0,4.1213546E-18,1.3875789E-17,0.00000003812412,0.000000018070132,0.0000000052265947,0.0000000064386905,0.0000000072679387,0.0000000013017233,0.000000039119012,0.0000000031058385,0.0000000067386132,7.779675E-10,0.000000024075208,0.0000000069174493,0.0000000031226774,0.00000012544335,0.0000000025055127,0.000000007234219,0.00000051218433,0.00000025898058,0.0000014278525,0.0000013714997,0.00000041974215,0.0000010968869,0.0000007019174,0.00003685996,0.000015563432,0.000019941017,0.00002317488,0.00007341587,0.0000028612235,0.0007428453,0.0009504015,0.00097154896,0.0026545806,0.00016069865,0.00023124734,0.0029821997,0.048759557,0.00031952374,0.00064771564,1.4720256E-18,1.740581E-16,2.7551536E-15,7.539374E-15,5.3025563E-15,2.7969709E-14,5.8792695E-13,2.0498711E-13,1.8328125E-13,1.9078314E-14,8.4790285E-15,1.1441663E-13,2.0296161E-14,9.2662416E-14,7.4076487E-13,1.0305898E-13,9.055737E-15,3.9552225E-15,9.750543E-12,6.6595866E-13,3.4545877E-12,6.781081E-10,1.7374269E-10,3.4123714E-11,1.8405273E-12,3.8736565E-14,4.6381542E-15,3.395012E-14,8.856319E-15,5.127356E-16,8.835809E-18,2.9373984E-17,5.691925E-15,1.8923242E-12,1.497667E-11,2.426545E-19,3.722285E-12,1.1754853E-12,1.5826231E-12,0,1.0123962E-10,1.3114673E-10,3.1532714E-11,6.358922E-12,8.731144E-11,2.7730227E-17,5.176961E-16,2.6467084E-15,9.595403E-14,1.1168789E-13,4.022845E-13,2.3797826E-13,2.8021863E-11,2.1144304E-10,2.4184832E-10,4.040894E-11,1.2067014E-10,2.8535535E-11,7.158083E-11,3.5375702E-10,1.08708216E-10,1.3096156E-10,2.5719185E-10,1.09623116E-10,1.15653584E-10,2.167973E-10,4.764533E-10,5.9760585E-10,1.6859673E-10,3.8779777E-10,2.359278E-10,2.0612792E-10,3.124462E-11,8.120212E-11,1.213383E-10,1.322238E-10,9.666607E-11,6.166334E-11,1.2907194E-11,1.0772725E-10,1.1658306E-10,5.0154988E-11,2.5093608E-11,1.6956466E-11,6.325564E-11,1.4870877E-10,4.902197E-10,2.3879324E-10,0.0000000011502822,8.872554E-11,1.3050053E-10,3.0659763E-11,2.7283306E-10,1.2112543E-10,1.6279154E-10,4.3945597E-10,5.164269E-10,1.0976498E-11,1.0907547E-10,5.7914232E-11,1.2105006E-10,2.0663558E-10,6.706804E-11,3.6218728E-13,6.749331E-11,1.6951263E-10,3.948073E-10,7.06888E-11,1.76142E-10,8.2983745E-11,1.5471563E-10
Aride Island,0.00000062379013,0.000000039102602,0.0000000015182275,0.0000000020473927,0.0000000040869597,0.000000001427306,6.614728E-11,0.0000000016555405,0.000000035624616,0.000000013979083,0.000000004136577,9.917013E-10,0.000000012816857,0.000000011485164,0.0000000027361846,0.00000002133826,0.00000005414801,0.000000026072192,0.000000002492808,2.2953629E-10,0.0000000015401268,9.4770046E-11,0.000000091260425,0.000000078694335,0.00000014609525,0,0,0,0,4.777624E-17,0.000000012627131,0.00000001468091,0.0000000085578105,0.0000000069915393,0.000000007609464,8.978481E-10,0.0000000971278,0.0000000032881264,0.000000022876353,9.625383E-10,0.00000004839929,0.0000000074587305,0.000000004908757,0.00000011140984,0.0000000030419807,0.0000000061230208,0.0000007958772,0.000000426305,0.00000265659,0.0000035720007,0.0000008791154,0.0000026416917,0.0000013789293,0.000067315144,0.000028109096,0.00003278082,0.00003956512,0.00013287526,0.0000032658832,0.0009193988,0.0012263809,0.0016798546,0.003436355,0.00013971629,0.00019247447,0.0021473118,0.014868888,0.00023847363,0.0012314932,1.1706761E-17,1.9043393E-16,2.8335656E-15,4.850958E-15,1.33979225E-14,5.6339736E-14,1.0496464E-12,5.2403226E-13,2.8356405E-13,2.7440027E-14,1.0142614E-14,4.4389473E-14,2.4210631E-14,1.7585647E-14,7.614248E-14,4.0050035E-14,3.949643E-15,1.0714413E-15,3.6024354E-12,4.8330748E-14,2.9357547E-13,1.5840558E-10,9.148188E-11,2.1106884E-11,2.3691138E-12,8.875173E-14,2.370574E-15,1.4096771E-13,2.9706252E-14,1.4923776E-15,1.0706759E-17,2.5723947E-17,3.6367312E-13,3.1953494E-12,9.481873E-12,3.502463E-18,2.6793188E-12,1.6855355E-12,2.483492E-12,0,3.6484305E-11,7.1655515E-11,2.071693E-11,1.5646692E-11,2.8196315E-10,5.1082105E-17,1.371762E-15,9.9238134E-15,5.856294E-14,6.833934E-14,1.3293891E-13,3.4160334E-14,3.953406E-12,5.1262498E-11,1.0820756E-10,1.6733687E-11,2.2376916E-10,5.8060334E-11,4.6165335E-11,1.6063496E-10,1.2458146E-10,1.9569156E-10,3.763343E-10,2.2940602E-10,9.4825876E-11,1.8504513E-10,3.4396802E-10,5.8053484E-10,2.79779E-10,4.0811438E-10,1.7421013E-10,3.6694087E-10,5.029375E-11,1.8099135E-10,3.1034633E-10,2.2789459E-10,2.1943498E-10,1.1740721E-10,1.490159E-11,1.4933073E-10,1.3524296E-10,1.1685082E-10,3.1615495E-11,1.6854441E-11,1.341455E-10,3.2830944E-10,8.270101E-10,2.4621952E-10,0.0000000014791589,1.8320649E-10,3.2486216E-10,6.062509E-11,4.3774862E-10,1.1606753E-10,2.4488986E-10,0.0000000013833259,0.0000000010758587,2.5718244E-11,1.5051943E-10,1.4929763E-10,1.7231053E-10,4.6067986E-10,2.4058613E-10,1.8652224E-12,5.364587E-11,1.7789298E-10,3.7507525E-10,8.540427E-11,2.5856609E-10,1.6637235E-10,4.5660684E-10
Denis Island,0.0000012315014,0.00000007344264,0.0000000072188735,0.00000000455564,0.0000000107902345,0.0000000115503145,5.393613E-10,6.2277894E-10,0.000000029428154,0.000000021714252,9.755301E-10,3.4715103E-10,0.0000000068858013,0.0000000072959887,0.0000000016465427,0.0000000019637862,0.0000000031325391,0.0000000017439574,5.447851E-10,3.1104544E-10,0.0000000011950122,0.0000000010461627,0.00000014949545,0.00000012058483,0.00000015041456,0,0,0,0,2.1646794E-17,0.000000019362579,0.000000029155117,0.0000000036154968,0.0000000069266646,0.000000011052891,0.00000000283484,0.000000009848506,0.000000003685485,0.000000007907028,1.9312969E-10,0.00000001855882,0.0000000016053107,0.0000000010021809,0.00000012808144,0.0000000041423474,0.000000008536478,0.00000030731474,0.00000011905081,0.0000013855057,0.0000023421692,0.00000058687095,0.0000012538248,0.0000010605114,0.000034303954,0.000021536447,0.000021529906,0.000025800446,0.000051864794,0.000005440216,0.0002076484,0.00022036216,0.00025332288,0.0006104903,0.000037795293,0.0000894127,0.00047315302,0.0019234571,0.00008688955,0.0017669422,1.188694E-18,1.2672407E-16,2.508984E-15,1.1552582E-14,7.1907795E-15,3.0678043E-14,5.5207824E-13,1.9699144E-13,1.3185172E-13,4.552314E-14,1.2348536E-14,1.3938073E-14,1.7623688E-14,3.4870964E-14,9.590298E-14,5.794503E-14,8.050934E-15,1.606328E-14,1.2982355E-11,1.4418497E-12,6.869618E-12,5.8935823E-10,8.9492955E-11,5.25519E-11,2.3530542E-12,1.166603E-13,7.161003E-15,8.1017095E-14,2.6097986E-14,5.75793E-16,3.4209566E-18,2.9379663E-16,5.487563E-14,6.297098E-13,3.8567705E-11,1.3560471E-19,2.2628212E-12,1.022168E-12,1.8169263E-12,0,7.208045E-12,1.0712028E-11,2.6965404E-11,5.334138E-12,2.054179E-11,5.3940746E-17,1.1518338E-15,5.578208E-15,3.3823842E-13,9.504482E-14,9.836727E-14,5.2724796E-14,3.9052906E-12,8.137079E-11,7.480439E-11,1.2606091E-11,6.6216664E-11,1.7733818E-11,2.2896957E-11,9.883911E-11,1.070091E-10,2.1463252E-10,3.7408665E-10,3.4149644E-10,9.39708E-11,1.5771515E-10,4.0772954E-10,1.5867307E-10,7.2806934E-11,7.649959E-10,4.0910286E-10,5.7804367E-10,1.4822171E-10,1.5136833E-10,2.4022723E-10,3.2111805E-10,2.0516897E-10,1.0355128E-10,1.0918181E-11,1.4985788E-10,7.8266824E-11,5.9970126E-11,2.788646E-11,1.35342935E-11,1.1413489E-10,1.6891248E-10,5.5977795E-10,2.6648103E-10,0.0000000021000504,8.143358E-11,1.9487238E-10,6.408495E-11,6.3410377E-10,2.2940742E-10,9.145014E-10,0.00000000500592,0.0000000031838556,4.620186E-11,3.1504682E-10,1.4433274E-10,3.937193E-10,0.0000000010259228,4.2235013E-10,5.7164304E-12,2.1250218E-10,0.0000000013156849,8.937495E-10,2.3301078E-10,5.623018E-10,2.3390803E-10,5.9290184E-10
Toliara,0,0,0,0,0,0,0,0,0,0,0,0,0,0,0,0,0,0,0,0,0,0,0,0,0,0,0,0,0,0,0,1.2997314E-16,5.725724E-17,1.2878898E-17,3.0850886E-18,3.1552469E-15,9.769187E-17,2.3029696E-17,0,0,0,0,0,0,0,0,0,0,0,0,0,0,0,0,0,0,0,0,0,0,0,0,0,0,0,0,0,0,0,0.0026618598,0.015444432,0.010612511,0.00027393043,0.000011076208,0.000013743431,0.00000007106651,0.0000000019292299,1.1738907E-10,1.2278841E-11,2.845926E-13,9.4829926E-14,2.9470252E-13,4.2884394E-13,6.1851636E-13,7.342864E-13,1.1402619E-13,4.2666432E-14,2.1687856E-11,9.482183E-14,8.348333E-14,1.3027748E-15,1.1636631E-19,2.4901101E-19,0,0,0,0,0,0,0,0.000009382793,0.000006714501,0.000000045848157,4.8447912E-12,0,4.5531707E-11,1.0171024E-11,3.944713E-11,0,2.8536019E-11,5.628144E-11,1.1518454E-11,4.4883687E-11,3.1395656E-12,0.000000002485543,0.000000043710894,0.00000012394979,0.000000027903782,0.000000012804384,0.000000004743146,0.0000000012933301,0.0000000040946846,0.0000000045229895,0.0000000016280247,3.9615586E-10,5.347024E-10,2.0777967E-10,1.2629016E-11,1.5665456E-10,3.8253128E-10,3.0406913E-10,5.272484E-10,1.165229E-10,6.1949897E-13,4.4375883E-13,4.8514757E-13,2.5940564E-11,1.3976642E-11,2.3067702E-11,3.104328E-11,3.402199E-11,4.3515005E-12,1.7095205E-11,2.6146222E-11,4.9358824E-12,2.1946124E-11,6.0576964E-12,1.1536089E-12,5.2307286E-12,1.2679365E-13,6.323326E-13,1.98517E-13,7.45659E-14,3.891613E-12,1.1036012E-11,3.6711738E-11,1.7355856E-12,6.4142545E-12,7.017453E-13,1.2379877E-12,4.2736564E-13,3.1366916E-12,1.392343E-12,2.2542042E-12,7.776434E-13,3.365316E-13,1.3264722E-14,9.75243E-13,1.3144379E-13,6.720657E-14,8.079367E-14,1.2488101E-14,1.1834378E-16,2.2420258E-12,3.7812657E-12,4.534937E-12,1.1474553E-13,9.792991E-13,2.8000443E-13,1.575525E-12
Complexe Mikea S,0,0,0,0,0,0,0,0,0,0,0,0,0,0,0,0,0,0,0,0,0,0,0,0,0,0,0,0,0,0,0,1.1806552E-15,8.02929E-16,5.8776373E-16,5.4231613E-16,2.9239698E-15,2.6815083E-15,3.8078422E-16,0,0,0,0,0,0,0,0,0,0,0,0,0,0,0,0,0,0,0,0,0,0,0,0,0,0,0,0,0,0,0,0.0021821838,0.03698846,0.04119728,0.0007854341,0.000020637708,0.000031550084,0.00000041513584,0.0000000060124203,4.4476395E-10,1.9153203E-11,1.766974E-12,6.029969E-13,1.1686018E-13,1.5755965E-13,2.4590136E-13,2.9481943E-13,5.399881E-14,1.6394153E-14,1.0368014E-11,4.8556618E-14,3.681363E-14,1.6568724E-16,0,0,5.091125E-22,0,0,0,0,0,0,0.0000055039336,0.0000038426947,0.00000007434846,3.534566E-12,0,2.9884595E-11,1.1908586E-11,3.89033E-11,0,1.6800412E-11,6.863684E-11,7.832226E-12,1.6412852E-11,2.3681987E-12,0.0000000010532748,0.000000021017392,0.000000045219043,0.000000021099165,0.000000010966861,0.000000004848967,0.0000000020698974,0.0000000013593047,9.126765E-10,2.8746225E-10,6.617914E-11,1.3708785E-10,7.490907E-11,2.4828622E-11,1.3518374E-10,2.7744362E-10,2.1426726E-10,4.0075224E-10,7.035907E-11,6.7109263E-13,4.830463E-13,1.0939776E-12,5.7261184E-12,2.4294822E-12,4.7928727E-12,3.2537233E-11,6.184878E-11,6.739125E-12,1.8667057E-11,5.6242195E-11,6.3327846E-12,2.37948E-11,4.1301255E-12,7.1023737E-13,1.5842685E-12,1.6054791E-13,6.826492E-13,3.8781692E-13,6.595507E-14,2.221404E-12,3.193075E-12,1.07781605E-11,6.0825433E-13,2.3604155E-12,2.17253E-12,8.723199E-13,2.656747E-13,1.1322551E-12,4.2070497E-13,2.1949775E-13,3.2096176E-13,1.413094E-13,1.0506762E-15,3.6017576E-13,6.08257E-14,2.7486231E-14,1.1930135E-13,3.1937265E-14,1.7766257E-16,1.0190361E-13,1.4186445E-13,3.674664E-13,1.9478016E-14,8.731573E-14,3.7938118E-14,4.767858E-13
Complexe Mikea N,0,0,0,0,0,0,0,0,0,0,0,0,0,0,0,0,0,0,0,0,0,0,0,0,0,0,0,0,0,0,0,3.607099E-15,4.123366E-15,1.4929506E-15,1.8448483E-15,9.594198E-15,2.8097855E-14,2.8754664E-15,0,0,0,0,0,0,0,0,0,0,0,0,0,0,0,0,0,0,0,0,0,0,0,0,0,0,0,0,0,0,0,0.0004578448,0.013694507,0.1608731,0.0076949666,0.00011945228,0.00017332518,0.00000412289,0.00000003290517,0.0000000026661038,2.0221784E-10,9.250821E-12,4.05571E-12,5.821474E-13,7.3360946E-13,1.9883299E-12,1.5310119E-12,2.1910815E-13,3.7886757E-14,2.7308687E-11,1.8363418E-13,2.875787E-14,2.2509305E-16,5.64555E-19,0,0,0,0,0,0,0,0,0.000006744325,0.0000051906013,0.00000010737065,1.3157287E-11,0,1.1360348E-10,5.4897368E-11,9.2865354E-11,0,1.9719839E-11,9.912564E-11,6.0539004E-12,4.423712E-11,4.6110104E-12,0.000000002434338,0.000000020156369,0.000000057610162,0.000000029670696,0.00000003700324,0.0000000077111375,0.0000000013317986,0.000000005914471,0.0000000027879534,7.984466E-10,1.9342541E-10,2.964163E-10,1.4015075E-10,5.909677E-11,2.0088317E-10,3.230009E-10,4.1940845E-10,7.331536E-10,7.031424E-11,8.619191E-13,8.3335335E-13,2.6707575E-12,1.1034016E-11,6.329586E-12,1.2650912E-11,8.7172325E-11,1.03372706E-10,2.6970294E-11,2.1409133E-11,1.0227162E-10,9.629931E-12,4.019835E-11,6.8976747E-12,1.1022146E-12,4.9707283E-12,4.105931E-13,1.2819749E-12,7.828012E-13,2.0958142E-13,8.928603E-12,9.072855E-12,1.9792211E-11,1.0532942E-12,4.5792575E-12,4.037747E-12,4.230779E-12,5.7633385E-13,2.5615896E-12,1.0013791E-12,7.7994035E-13,7.7261445E-13,2.7605563E-13,1.4824967E-14,7.958337E-13,1.1441056E-13,6.934511E-14,2.4193072E-13,2.351108E-14,2.0749561E-16,2.4784935E-13,3.4228853E-13,6.6350696E-13,4.805517E-14,1.5817373E-13,8.6012564E-14,8.847266E-13
Morombe,0,0,0,0,0,0,0,0,0,0,0,0,0,0,0,0,0,0,0,0,0,0,0,0,0,0,0,0,0,0,0,5.1171204E-15,6.658069E-15,4.061495E-15,3.4029396E-15,7.638496E-15,3.437232E-14,3.4289522E-15,0,0,0,0,0,0,0,0,0,0,0,0,0,0,0,0,0,0,0,0,0,0,0,0,0,0,0,0,0,0,0,0.00014977025,0.0020847218,0.061598547,0.02747463,0.00060285756,0.0007740159,0.000011680458,0.00000015716792,0.0000000041150305,5.121757E-10,1.45115074E-11,7.99698E-12,5.6798923E-13,1.4260971E-12,4.156227E-12,2.9840876E-12,5.081257E-13,2.642475E-13,1.2769051E-10,5.2518233E-13,6.1226355E-13,1.8898806E-16,2.4200848E-18,3.374203E-20,0,0,0,0,0,0,0,0.000008201957,0.000008350757,0.00000006342964,3.4366475E-11,0,5.8814775E-10,4.359236E-10,5.3925847E-10,0,4.8944074E-11,1.938639E-10,4.351632E-11,1.7066479E-10,4.129495E-11,0.0000000063763155,0.000000031030474,0.00000010774703,0.00000005059846,0.000000012682722,0.0000000101285655,0.000000006368574,0.0000000106099645,0.000000003967328,9.1470653E-10,4.5501047E-10,3.615394E-10,1.8558742E-10,1.3356882E-10,3.1346167E-10,6.244384E-10,9.057598E-10,0.000000001943079,1.821569E-10,3.0961288E-12,2.739948E-12,4.3466676E-12,2.020402E-11,1.6247488E-11,3.679013E-11,3.4726047E-10,3.320979E-10,7.0729304E-11,6.77723E-11,2.4179875E-10,3.459309E-11,1.1617052E-10,3.2861366E-11,4.7544646E-12,2.6502175E-11,1.5180869E-12,3.6333863E-12,2.4835763E-12,5.1277006E-13,3.3182925E-11,4.1472104E-11,4.915308E-11,3.242651E-12,2.1627167E-11,1.4357793E-11,1.4827408E-11,1.8353455E-12,9.685241E-12,3.2627985E-12,2.9289709E-12,2.3802464E-12,8.4701284E-13,8.62213E-15,2.106971E-12,3.098976E-13,3.7778483E-13,8.398001E-13,1.1368609E-13,3.8031226E-16,8.312634E-13,1.36461E-12,2.601398E-12,1.5947477E-13,7.7744874E-13,6.151371E-13,8.757014E-13
Mangoky Delta and nearby islands,0,0,0,0,0,0,0,0,0,0,0,0,0,0,0,0,0,0,0,0,0,0,0,0,0,0,0,0,0,0,0,2.2941916E-16,6.399097E-17,2.0400041E-16,2.3246944E-16,6.5523775E-15,7.93463E-16,3.2081481E-16,0,0,0,0,0,0,0,0,0,0,1.936668E-21,0,0,0,0,0,0,0,0,0,0,0,0,0,0,0,0,0,0,0,0,0.00004014653,0.00022435284,0.0036515763,0.0037311995,0.0069282157,0.006802737,0.000040072526,0.0000007288714,0.000000077809034,4.98985E-10,3.500804E-12,8.1458527E-13,6.2259686E-13,3.320901E-12,8.064555E-12,3.6205355E-12,1.8111343E-12,5.5018603E-12,0.0000000014856196,1.2199863E-11,9.9888405E-12,4.1191784E-15,0,0,0,0,0,0,0,0,0,0.0000075536977,0.000006789583,0.00000039141213,1.0589616E-10,0,0.0000000028683091,7.0661726E-10,0.0000000028411071,0,9.23374E-10,5.700106E-10,2.9565905E-10,3.3135444E-10,4.29398E-10,0.000000001924341,0.00000002323373,0.00000012601376,0.00000005590491,0.000000025287365,0.000000012715204,0.0000000068980035,0.000000011329392,0.00000012081676,8.639674E-10,1.7099522E-10,6.851055E-10,0.000000004367067,4.594519E-10,0.000000006251001,0.000000019114594,0.00000001694435,0.000000032415294,0.000000002499693,1.2885552E-11,1.4005467E-11,1.3633784E-11,3.333839E-11,8.155915E-11,1.705953E-10,0.000000001642655,0.000000002160202,4.0277542E-10,1.9363808E-10,0.0000000012849141,1.3996888E-10,4.702836E-10,8.330304E-11,1.0634558E-11,1.5541774E-11,3.4524642E-12,1.0147432E-11,9.9231925E-12,2.3106885E-12,7.3921355E-11,1.3397361E-10,1.07195815E-10,6.6313613E-12,2.6992634E-11,6.508244E-11,2.5719387E-11,3.2304305E-12,2.5026403E-11,1.0944202E-11,5.3830832E-11,2.49911E-11,9.995561E-12,1.4518071E-11,7.648945E-12,1.55914E-12,1.353578E-12,1.9811169E-12,4.0506232E-13,7.726699E-15,2.6269139E-12,2.8683857E-12,9.618143E-12,5.534565E-13,2.8613162E-12,1.6866133E-12,3.6512473E-12
Maharivo Delta and nearby islands,0,0,0,0,0,0,0,0,0,0,0,0,0,0,0,0,0,0,0,0,0,0,0,0,0,0,0,0,0,0,0,4.8002424E-14,1.5338429E-15,1.7685401E-15,9.023676E-15,8.758516E-15,7.409702E-15,1.1692581E-14,0,0,0,0,0,0,0,0,0,0,2.8378776E-23,0,0,0,0,0,0,0,0,0,0,0,0,0,0,0,0,0,0,0,0,0.000027239495,0.00011595657,0.0016553774,0.0016794303,0.0037489824,0.012387325,0.000078460456,0.0000017864774,0.000000101718115,7.964177E-10,1.0630522E-11,7.757911E-12,1.2210289E-12,5.033963E-12,9.100372E-12,1.14231055E-11,8.004337E-12,6.623351E-12,0.000000001289861,1.3282964E-11,1.4421955E-11,3.2796836E-15,0,0,0,0,0,0,0,0,0,0.0000052565765,0.0000064234014,0.0000010868353,1.12954035E-10,0,0.0000000039132986,0.0000000015144135,0.0000000030558893,0,0.000000002753868,8.9330077E-10,2.2195591E-10,0.0000000025385183,4.3768097E-10,0.0000000011639487,0.0000000128473285,0.000000110860206,0.000000055649824,0.0000000264018,0.0000000128923014,0.0000000030544967,0.000000013634671,0.00000014087053,0.0000000022498965,0.0000000025670566,0.0000000016398445,0.000000009147863,8.50384E-10,0.0000000143289,0.000000039408476,0.000000037241378,0.00000006725616,0.0000000065964336,6.600445E-11,2.5578671E-11,2.866981E-11,2.434423E-10,5.2377164E-10,0.0000000010650464,0.000000004252583,0.0000000081220195,9.50701E-10,0.000000001407987,0.0000000029045266,3.5779577E-10,0.0000000013930544,6.370524E-10,3.8673287E-11,3.052545E-11,5.0705685E-12,1.8315379E-11,1.5660253E-11,5.98951E-12,3.5090864E-10,6.2174477E-10,3.6813355E-10,1.8815425E-11,1.2033223E-10,1.002652E-10,8.4877584E-11,1.3398058E-11,9.1181764E-11,3.3780596E-11,6.918616E-11,2.865209E-11,1.3708153E-11,4.64072E-12,2.947216E-11,2.687373E-12,1.683727E-12,4.694424E-12,7.4011766E-13,2.134025E-14,9.649502E-12,1.0588235E-11,1.6966147E-11,1.2311608E-12,4.223891E-12,3.1219998E-12,9.64205E-12
Melaky S islands,0,0,0,0,0,0,0,0,0,0,0,0,0,0,0,0,0,0,0,0,0,0,0,0,0,0,0,0,0,0,0,0.000000002195583,1.7286851E-10,3.255891E-10,8.0486473E-10,0.0000000015430736,2.0047412E-12,2.8168245E-12,1.437114E-17,4.555796E-25,0,0,1.1542494E-23,3.8324052E-15,1.10030275E-17,1.491756E-16,4.695237E-16,3.082271E-17,5.4950743E-17,3.47325E-17,2.0842265E-17,1.056013E-17,1.5740245E-17,1.6089417E-15,1.4117476E-16,1.3569869E-16,9.3258804E-17,8.837794E-19,1.3898512E-20,0,0,0,0,0,0,1.3234107E-20,1.5689273E-19,1.3805643E-20,1.2784409E-21,0.0000012900083,0.000002785803,0.0000335212,0.000037456226,0.000050274117,0.00030147025,0.014166636,0.00033263667,0.000012152878,0.0000004621613,0.000000056378006,0.0000000016137216,0.0000000014031917,0.0000000030103267,0.0000000051662514,0.000000011941454,9.504912E-10,3.8931175E-10,0.000000070845225,2.9960606E-10,2.768397E-10,2.1486217E-13,5.5778745E-16,7.426591E-18,1.704304E-21,0,0,0,0,0,0,0.00000045594786,0.0000014683968,0.00003919937,0.00000014105495,0,0.00000032759533,0.00000009976655,0.00000018931208,0,0.00000007187891,0.00000014972471,0.00000003397012,0.00000038780686,0.000000116449556,0.0000000013504542,0.000000012899391,0.00000007600203,0.000000507283,0.0000005785958,0.00000039800997,0.000000130529,0.0000009170711,0.00000089062996,0.00000042671934,0.000000052014308,0.0000001614842,0.0000004944058,0.00000012106563,0.000001040165,0.000001782757,0.0000020043083,0.0000024431404,0.0000003919962,0.000000024022839,0.000000009230333,0.000000005049767,0.0000000051551483,0.000000013463411,0.0000001145799,0.00000012171901,0.00000020077137,0.000000023082206,0.00000006035135,0.00000008473806,0.000000016692262,0.00000006877046,0.00000001495481,0.0000000052280997,0.00000001340746,0.0000000042179487,0.0000000014144106,2.1291086E-10,2.0948102E-10,0.000000007506535,0.000000046814915,0.000000034841197,0.0000000032630199,0.00000008570966,3.9881873E-10,0.0000000016553665,0.000000001300415,0.00000006623678,0.000000012337286,0.0000000061395995,0.000000005474388,0.000000001815376,2.9101724E-10,0.000000026370243,0.000000010345173,0.000000006323866,0.000000005114167,5.604407E-10,6.3687285E-12,9.320537E-10,0.000000001666919,0.000000003780491,4.0208553E-10,8.6488666E-10,4.700092E-10,6.3934413E-10
Melaky C islands,0,0,0,0,0,0,0,0,0,0,0,0,0,0,0,0,0,0,0,0,0,0,0,0,0,0,0,0,0,0,0,0.0000000028996823,2.9321265E-10,6.306749E-10,0.0000000016698802,0.0000000017686059,5.309564E-11,2.4122215E-12,5.0997948E-17,1.2417465E-20,4.353769E-19,3.3815136E-19,1.5244343E-19,1.7493743E-14,2.2196649E-16,3.0885434E-16,1.7363965E-15,1.2116526E-16,1.0985817E-16,7.2807365E-17,1.6798569E-17,3.2161243E-16,2.4858409E-17,4.568124E-15,8.506017E-17,1.4219608E-16,1.3462079E-16,1.0696361E-16,2.0118998E-17,3.4988565E-18,3.7821064E-21,0,1.4155322E-20,0,5.3664434E-20,2.210699E-19,0,0,3.9863645E-18,0.0000002729181,0.0000004144149,0.000010264286,0.000009552737,0.000011950142,0.00006605157,0.0027039847,0.0034838982,0.000085063104,0.0000022002298,0.0000011992038,0.00000009987121,0.00000008073659,0.00000012123907,0.00000008158921,0.00000006377393,0.000000015603588,0.000000009285574,0.00000033375855,0.0000000066288126,0.000000009990025,1.1345454E-11,3.1452993E-14,9.2320735E-18,2.0595593E-22,0,0,0,0,0,0,0.00000039639434,0.0000011277974,0.000099076264,0.0000005304559,0,0.0000024005028,0.00000051277874,0.0000007761482,0,0.0000003146349,0.0000016753738,0.000000106842634,0.0000011222214,0.00000017684876,0.0000000056083436,0.000000026933412,0.00000011782762,0.0000012817583,0.0000015060496,0.0000017628756,0.000000792412,0.0000058893424,0.000017887538,0.000004904624,0.0000005999062,0.0000025199547,0.00000038033576,0.0000008227922,0.0000012056564,0.0000030410008,0.000002145812,0.000004070347,0.0000008718834,0.00000030402123,0.00000016336726,0.00000007969953,0.00000003511851,0.000000019293097,0.00000003750241,0.00000019640072,0.0000005905422,0.00000006591785,0.00000017890444,0.0000002108037,0.000000099656724,0.0000001667474,0.000000037421817,0.000000012825265,0.00000006644978,0.000000018069418,0.0000000045619655,6.89797E-10,4.900487E-10,0.000000046122675,0.00000020796077,0.0000001707042,0.000000012976549,0.00000014406649,0.0000000024985602,0.000000008766645,0.0000000028811424,0.0000002740523,0.000000085281094,0.000000017627904,0.000000014065679,0.0000000058732263,8.535991E-10,0.00000009873678,0.00000003111876,0.000000019219387,0.000000024900407,0.0000000011975443,1.3541241E-11,0.000000003932558,0.00000000591297,0.000000018551846,0.0000000033404475,0.0000000072875115,0.0000000065145898,0.000000014971604
Melaky N islands,0,0,0,0,0,0,0,0,0,0,0,0,0,0,0,0,0,0,0,0,0,0,0,0,0,0,0,0,0,0,1.9377068E-19,0.000000011094857,0.0000000023132667,0.0000000063651715,0.000000012026937,0.000000005619175,0.0000000018888933,1.0400274E-10,2.9388208E-14,2.4984042E-17,0,3.6036095E-19,6.395738E-20,5.976148E-14,5.3872635E-16,1.5956351E-15,5.5137343E-15,2.7360705E-16,3.0086513E-15,1.543247E-15,1.7328646E-15,1.9060577E-16,2.4587048E-16,2.1927637E-15,1.486446E-15,1.6632578E-14,2.2787605E-14,1.8124976E-15,8.3246804E-20,2.3689872E-17,7.639468E-17,4.4052653E-18,1.7325412E-17,2.2056401E-19,5.567883E-18,1.2186472E-17,1.6164362E-17,2.3285085E-18,8.363972E-17,0.000000012088866,0.000000040621003,0.0000005617078,0.0000007807904,0.0000012967242,0.000007806635,0.00029427733,0.00015864578,0.0021039697,0.000043490363,0.000005128289,0.00000061347356,0.00000019867608,0.00000040953864,0.00000027046778,0.00000034942616,0.00000013160592,0.000000074422886,0.0000027502,0.00000006834578,0.000000025102805,0.000000008641599,0.0000000015768642,2.9844403E-14,1.1961024E-16,3.6753415E-17,5.718152E-19,6.760455E-19,0,0,0,0.000000100119586,0.0000002481335,0.00025678487,0.00000078612334,0,0.000018133047,0.000006105096,0.0000092991695,0,0.0000043830155,0.0000076067067,0.0000007875284,0.0000026592277,0.0000008814163,0.0000000015722532,0.00000003474461,0.00000021510654,0.000004010348,0.000003146796,0.0000033466035,0.0000019060041,0.000013913545,0.000032027092,0.00000926339,0.0000017428165,0.0000075806497,0.000005054261,0.0000054845186,0.0000042528145,0.0000044515937,0.00000493898,0.000007679011,0.0000024616495,0.00000073270814,0.000000537114,0.00000050889975,0.00000020345739,0.00000012890744,0.0000006021532,0.0000013594411,0.0000030518345,0.0000003768915,0.0000011074287,0.0000027171868,0.0000008348155,0.000001353635,0.00000031985365,0.00000011852755,0.00000032248224,0.00000006822703,0.00000008110321,0.000000008861358,0.000000004634943,0.00000032813583,0.0000007504037,0.00000079327083,0.000000065661744,0.0000004964962,0.000000020668123,0.00000006625065,0.000000026784027,0.0000010517874,0.00000030310338,0.00000028004774,0.00000013297962,0.000000087824674,0.0000000028112688,0.0000004219398,0.000000103590736,0.000000108218174,0.00000019368943,0.000000014970258,1.0913863E-10,0.00000004734247,0.00000006958053,0.00000012778825,0.0000000147000065,0.000000032148016,0.000000019466754,0.00000004873556
Parc National de la Baie de Baly,0,0,0,0,0,0,0,0,0,0,0,0,0,0,0,0,0,0,0,0,0,0,0,0,0,0,0,0,0,0,0,1.7032376E-10,2.678024E-11,2.561159E-11,6.378019E-11,1.5043515E-10,6.883323E-11,9.715882E-12,8.48168E-17,3.380482E-18,0,7.971532E-20,1.777582E-20,4.1841434E-16,5.638707E-17,1.0452822E-17,2.4642392E-17,7.2269405E-18,1.3546144E-15,5.698829E-16,3.5687546E-17,4.654218E-17,2.3596834E-17,1.2840265E-15,3.1424321E-16,2.6328717E-16,6.2437624E-17,4.2037377E-16,0,1.6144597E-17,0,1.892137E-18,1.9681083E-17,0,1.05878976E-19,0,0,0,0,1.9442397E-11,6.828428E-11,8.7558155E-10,8.430434E-10,0.0000000023496651,0.0000000096142605,0.0000025755232,0.0000029588462,0.000044644163,0.013055436,0.00020343979,0.0000047507256,0.000005610861,0.0000043208197,0.00000083647,0.00000087103285,0.00000026641757,0.00000016638592,0.0000014438399,0.000000024711145,0.000000018459582,4.1993753E-10,1.6388068E-11,1.2263823E-13,3.528595E-15,9.154316E-16,3.0172885E-18,5.1051094E-16,0,0,0,9.550588E-10,0.000000010689321,0.000008565454,0.00000039336012,0,0.0000098339515,0.000001081366,0.000009591128,0,0.0000004589894,0.0000010938036,0.000000113682766,0.0000002428418,0.00000029809453,1.0949876E-10,0.0000000015189772,0.00000000463952,0.00000015318551,0.0000002539019,0.00000018118946,0.000000057230846,0.00000041976992,0.0000008891088,0.0000003160108,0.000000089736105,0.0000005433451,0.00000037683486,0.00000035321625,0.0000005405941,0.0000009925764,0.0000013591139,0.0000014091501,0.00000013366954,0.000000040262865,0.000000044530196,0.000000059510565,0.000000024384196,0.00000001351522,0.000000029055183,0.00000013825154,0.00000043358284,0.00000005420195,0.00000014816793,0.0000003181497,0.0000000985621,0.00000014022481,0.000000040602092,0.000000013664389,0.00000003441922,0.0000000065731536,0.000000010569956,0.0000000023851126,8.937525E-10,0.00000009516994,0.00000019387438,0.00000011849304,0.00000000772302,0.000000042586084,0.000000003339496,0.000000010920972,0.000000007268205,0.00000011732084,0.0000000665065,0.00000006556036,0.000000033838376,0.000000011632673,7.6826884E-10,0.00000003264167,0.000000003498676,0.0000000032019294,0.000000004630833,0.0000000010900459,1.6364177E-11,0.000000007712486,0.000000008171427,0.000000020047988,0.0000000033097927,0.0000000058926344,0.00000000269569,0.000000009829543
Mahajanga Delta,0,0,0,0,0,0,0,0,0,0,0,0,0,0,0,0,0,0,0,0,0,0,0,0,0,0,0,0,0,0,2.3114102E-16,3.580735E-10,3.102628E-10,1.9639763E-10,1.5299562E-10,3.2098815E-10,9.328307E-10,2.0454398E-10,2.7900134E-15,1.3416116E-16,9.586267E-16,1.1932605E-17,9.030013E-19,1.7718649E-15,2.7489123E-16,1.6234323E-17,1.3774967E-16,6.90749E-17,6.0013804E-16,1.6274628E-15,1.3539921E-16,4.89326E-16,7.709761E-17,1.914192E-15,3.2892866E-15,7.7905734E-16,1.8100677E-16,3.5384322E-16,7.536655E-15,6.090476E-16,4.725933E-17,4.228766E-17,5.142095E-17,1.8432342E-19,5.746395E-20,1.6034215E-19,2.1418403E-19,5.46928E-19,1.5798493E-18,3.454051E-11,2.5181066E-10,0.0000000060919385,0.000000003882185,0.0000000043826063,0.000000012763005,0.0000012958578,0.0000020398481,0.000022987062,0.000987018,0.010119183,0.00011080042,0.000091587855,0.000054505457,0.000011644924,0.000009185932,0.0000024482083,0.00000056646564,0.000005931903,0.0000001025591,0.00000009561604,0.000000050817306,0.0000000051000866,7.0511484E-13,1.8110926E-14,9.2604215E-15,4.163347E-16,7.621785E-16,0,0,0,3.5564882E-10,0.00000000374451,0.000009071823,0.0000016333568,0,0.000012629443,0.000003273714,0.000005272819,0,0.0000007532591,0.0000025217741,0.00000019055062,0.0000003728707,0.0000005190892,8.133917E-11,6.8455985E-10,0.0000000030101872,0.00000011015732,0.0000003575789,0.0000004130058,0.00000015940456,0.00000058484954,0.0000014021678,0.00000035797518,0.00000022992299,0.0000015929697,0.00000053662615,0.0000007269287,0.00000066150926,0.0000024619949,0.0000031595177,0.00000491039,0.00000046777464,0.000000037598,0.000000044520746,0.000000028646634,0.0000000656015,0.000000042549743,0.00000007640343,0.00000021347722,0.0000007400809,0.00000006355635,0.00000033777584,0.000000427172,0.00000013182914,0.0000003072408,0.000000085862176,0.000000021833959,0.000000075161665,0.0000000068946786,0.000000021374543,0.0000000025982112,0.0000000012111043,0.000000082098715,0.00000020105264,0.00000019544433,0.000000008472425,0.00000006469438,0.0000000058157776,0.00000001519294,0.00000001468329,0.00000016933002,0.00000008726667,0.00000009517788,0.000000049965777,0.000000020719604,0.0000000013263824,0.00000006118915,0.000000015883822,0.000000009037465,0.000000010138419,0.0000000021607485,2.1181133E-11,0.000000013007632,0.000000014680834,0.000000042368203,0.0000000058890923,0.000000009523416,0.0000000041198964,0.000000017313287
Helodrano Mahajambe,0,0,0,0,0,0,0,0,0,0,0,0,0,0,0,0,0,0,0,0,0,0,0,0,0,0,0,0,0,0,1.0697411E-17,4.9067744E-10,2.335473E-10,1.9885395E-10,2.297287E-10,0.0000000018190998,9.044054E-10,5.2266125E-10,6.325141E-16,6.166628E-16,9.866072E-18,4.6439735E-18,1.6519087E-18,4.3151216E-14,6.8446962E-15,1.22285865E-17,1.7783524E-15,4.5410183E-16,4.1783108E-16,5.8241975E-16,3.290575E-17,1.06748135E-16,2.0631325E-17,3.061403E-16,2.9555462E-16,5.2185386E-17,6.3750545E-18,3.580136E-17,5.5229984E-16,1.0705001E-17,4.6885846E-18,1.5568976E-16,4.595669E-17,2.400772E-19,4.264867E-18,1.7194023E-17,1.2327735E-17,9.673425E-20,5.975389E-17,1.6194358E-12,1.1141908E-11,1.8491692E-10,2.1610311E-10,4.6937954E-10,0.000000008304089,0.00000034597807,0.00000064548334,0.0000054864477,0.0000740886,0.0005709837,0.012886542,0.002832891,0.00079921685,0.00013222857,0.00006726025,0.0000074440063,0.0000029079017,0.000010368117,0.00000088694276,0.0000004344439,0.00000003107509,2.0126313E-10,3.3341622E-12,1.8013961E-14,4.105084E-15,2.2272877E-17,7.088561E-16,0,0,0,0.0000000012181998,0.000000006299033,0.000004854874,0.000010525311,0,0.000019199817,0.000007352525,0.0000052663813,0,0.0000023584269,0.000001967695,0.0000004786915,0.00000040347626,0.0000012928823,3.9477498E-11,4.5730614E-10,0.00000000210937,0.000000039549565,0.00000015043838,0.00000013488076,0.00000006704702,0.0000003315677,0.00000083421816,0.00000030860446,0.00000009941638,0.0000006130961,0.00000022263809,0.000000619851,0.0000010616654,0.000001348132,0.0000020526595,0.0000027005594,0.000000417526,0.000000040754475,0.000000055378106,0.00000005177604,0.00000011458428,0.000000077966256,0.0000001469699,0.00000033905567,0.0000009214916,0.000000095602076,0.00000030778148,0.0000004699941,0.00000019611696,0.0000003324351,0.000000087790525,0.00000002999997,0.000000101206744,0.000000012047685,0.000000030305646,0.0000000030355674,0.0000000029065699,0.00000010827132,0.0000002516116,0.00000019917525,0.000000011340838,0.00000007841745,0.0000000049232836,0.000000023121114,0.000000011650351,0.000000177031,0.00000009385023,0.00000033692862,0.00000010571541,0.000000052215352,0.0000000015782967,0.00000006559899,0.000000015446249,0.000000022557366,0.000000023634067,0.0000000033827376,2.4696061E-11,0.000000012030676,0.00000001874403,0.00000008448296,0.00000001513318,0.00000003180355,0.000000007660207,0.000000015480145
Helodrano Mahajambe N,0,0,0,0,0,0,0,0,0,0,0,0,0,0,0,0,0,0,0,0,0,0,0,0,0,0,0,0,0,0,1.2527131E-17,0.0000000015339341,4.2019657E-10,3.0387812E-10,9.675669E-10,0.000000005847769,0.0000000015646323,0.0000000010667426,2.6387732E-15,1.2898784E-15,2.5136367E-18,9.712296E-18,4.397119E-18,1.5277277E-13,2.5655398E-14,1.4697499E-15,5.3952246E-15,1.4521952E-15,4.678978E-16,9.544269E-15,8.701581E-16,5.7018756E-15,8.912985E-17,3.603182E-15,2.8268547E-15,3.748614E-15,7.1146024E-16,1.6727917E-16,2.6512094E-16,4.3116435E-17,1.0057726E-16,3.486846E-16,1.7049794E-16,8.923808E-18,1.5430624E-17,1.9867565E-17,4.6261317E-17,8.202441E-19,6.2562077E-18,1.347028E-13,5.678306E-12,5.1256208E-11,1.0129313E-10,2.7847935E-10,0.000000029541628,0.00000020308097,0.00000015549524,0.000002006307,0.000028804512,0.00016073433,0.0036667392,0.048165143,0.0072746905,0.00028754296,0.00014234943,0.000013925218,0.000003671126,0.000011465341,0.0000010516613,0.0000008856615,0.00000014342058,1.1405812E-10,3.6497433E-13,1.1249038E-14,2.2839197E-15,3.666786E-17,1.1206074E-15,0,0,0,0.000000013361093,0.00000004201343,0.0000027960943,0.000012988904,0,0.000026869264,0.000010174929,0.000009733088,0,0.0000017930034,0.0000031328111,0.00000050885626,0.00000028287346,0.0000018360487,4.6836396E-11,7.652097E-10,0.0000000032879888,0.000000033493517,0.0000000772195,0.00000006141222,0.000000042317048,0.00000032841362,0.0000007750935,0.00000031651854,0.00000010643928,0.00000057441395,0.00000026552368,0.00000075096807,0.0000006881534,0.0000009989775,0.0000014001611,0.000002553743,0.00000047515277,0.000000054223804,0.000000063019975,0.00000006653614,0.00000013055362,0.00000006383617,0.00000012904158,0.0000004729144,0.0000011314448,0.00000012710122,0.00000032691983,0.0000004875377,0.00000019163662,0.000000393241,0.00000011531674,0.000000032784737,0.000000098961095,0.00000001678933,0.000000030034744,0.0000000032032685,0.0000000028298976,0.00000013493995,0.00000029658457,0.00000024613874,0.000000016560985,0.000000100230686,0.000000005197508,0.000000036407144,0.0000000130271145,0.00000012885236,0.000000059370432,0.0000005354616,0.00000013653953,0.000000073934665,0.0000000044744413,0.000000046444278,0.0000000075414395,0.00000000838426,0.000000027160924,0.000000006378011,2.5183034E-11,0.000000013917909,0.00000002577244,0.00000006816089,0.000000011107571,0.000000028403804,0.000000008327,0.000000015120003
Analalava,0,2.2640095E-21,0,0,0,0,0,0,0,0,0,0,0,0,0,0,0,0,0,0,0,0,0,0,0,0,0,0,0,0,1.2895417E-17,0.000000002486783,0.0000000018411951,0.000000002892268,0.000000002439429,0.000000011469356,0.000000011966879,0.000000007931834,1.15767584E-14,1.4760588E-15,1.1645968E-13,2.0059024E-16,3.180134E-17,3.5426664E-13,2.3831758E-14,1.9362593E-15,2.2769461E-15,6.9442636E-16,3.9668281E-16,3.004916E-15,3.0084967E-16,1.0500573E-15,7.0551566E-16,1.0157431E-15,6.169152E-15,4.6585173E-15,1.8661545E-14,3.8622172E-16,5.148947E-16,7.184548E-17,6.10941E-17,9.080879E-17,3.663558E-16,4.442633E-16,8.795817E-18,4.7741212E-17,1.1563101E-16,2.6114815E-17,6.7458837E-16,4.5096488E-14,8.4465914E-13,8.827622E-12,3.6190252E-11,1.223759E-10,0.000000010364619,0.000000043571536,0.00000003691091,0.0000005483657,0.0000064901824,0.000033063036,0.00043991176,0.005151497,0.045708027,0.009977518,0.0016669125,0.000119144956,0.000015831305,0.000014824517,0.0000046407417,0.000005463656,0.0000009432677,2.7659552E-10,2.5966488E-11,9.398967E-14,1.6884265E-14,1.1417168E-16,7.463972E-16,0,0,0,0.00000000460032,0.000000029264921,0.0000023099783,0.000011550326,0,0.000019712892,0.000006802035,0.000009845959,0,0.000001894441,0.0000028233724,0.0000003315816,0.00000043430242,0.0000010771008,8.110125E-12,2.7258473E-10,4.2672815E-10,0.000000023563537,0.0000000904806,0.000000076743824,0.000000022863754,0.00000017601728,0.0000005109841,0.00000019936354,0.0000000684891,0.00000034880424,0.00000021271912,0.0000005788806,0.00000045685454,0.0000005906506,0.0000008318898,0.000001547837,0.00000047672594,0.000000059432,0.0000001024248,0.00000008951372,0.000000116937684,0.000000050585868,0.00000009567732,0.0000003417977,0.00000066657236,0.00000007622002,0.00000018614682,0.00000036894994,0.00000021422062,0.000000216708,0.000000046229204,0.000000017768325,0.000000052588746,0.000000009545731,0.000000019284276,0.0000000030611904,0.0000000013611345,0.000000065412266,0.00000014555093,0.00000013763768,0.000000008747185,0.000000048937927,0.000000004442943,0.000000020153067,0.000000008433439,0.00000007240555,0.000000028634572,0.00000029457073,0.00000012103214,0.000000076634606,0.000000002229655,0.00000002694178,0.0000000039228985,0.000000003189963,0.000000007435885,0.0000000019636928,1.2876019E-11,0.000000008675424,0.000000014427977,0.00000005503616,0.000000008262066,0.000000015440829,0.000000004610258,0.0000000095016395
Southern Barrier Reef S,6.897819E-21,6.082144E-20,0,0,0,0,0,0,0,0,0,0,0,0,0,0,0,0,0,0,0,0,0,0,0,0,0,0,0,0,6.4452424E-17,0.00000006613807,0.000000012818803,0.000000039351814,0.000000043976918,0.00000007774666,0.000000046488566,0.000000096778585,2.6248911E-13,1.9736281E-14,5.106341E-13,7.078351E-16,9.911664E-17,8.2667234E-13,5.7612884E-14,1.1982635E-14,2.2639719E-14,4.8510216E-15,4.1848666E-15,5.1453414E-15,2.7754218E-15,1.2620466E-15,2.3052264E-15,8.013412E-15,1.0162307E-14,4.817099E-15,1.3999443E-14,1.3637392E-15,1.468439E-15,8.374274E-17,3.0342742E-16,1.3784961E-16,4.821363E-17,1.8055353E-17,1.6196944E-17,3.6970513E-17,2.2677658E-16,7.132402E-18,1.3696021E-16,1.20542555E-14,3.5861182E-13,7.560284E-12,6.5664876E-11,1.2681574E-10,0.000000013224428,0.000000004500063,0.0000000035849295,0.00000027792035,0.0000013417862,0.0000050970116,0.000051653467,0.00030933938,0.016690735,0.068734676,0.016367704,0.00048430727,0.0000644379,0.00000922521,0.000014468562,0.000013584434,0.0000018217797,0.000000008173595,3.6830322E-10,7.83372E-13,1.3205106E-14,2.0831727E-16,9.42159E-16,0,0,0,4.2961398E-10,0.0000000049791384,0.0000021287328,0.0000149940015,0,0.0000067373326,0.0000024956757,0.0000032672292,0,0.000001188214,0.000001163009,0.00000018749533,0.00000017387666,0.0000007994807,6.7874686E-12,7.797704E-11,1.4934198E-10,0.000000010712485,0.00000003321489,0.000000032642827,0.000000010290103,0.000000053583484,0.0000003307284,0.00000015048195,0.00000006154301,0.00000029633455,0.00000012104162,0.00000041144767,0.00000033667712,0.000000427116,0.00000060695214,0.0000008609183,0.00000030815468,0.000000031385465,0.00000004214802,0.000000037131965,0.000000052383452,0.000000026747031,0.00000005725782,0.00000013180347,0.00000029737444,0.000000030380317,0.00000012282693,0.000000235692,0.00000007804692,0.00000015671627,0.000000052612123,0.000000021531108,0.000000026327665,0.000000011486504,0.000000012289141,0.0000000019058612,8.0390283E-10,0.000000036279648,0.000000070007424,0.000000050473922,0.0000000066791683,0.00000004663812,0.0000000025618312,0.00000001513091,0.0000000040606487,0.000000034904634,0.000000017098376,0.000000070659546,0.000000035762284,0.00000002321152,0.0000000021229125,0.000000013914948,0.0000000023753821,0.0000000027488776,0.0000000038056793,0.0000000010775447,1.5086961E-11,0.000000003954965,0.0000000043272137,0.000000023225757,0.0000000036290397,0.0000000053380713,0.0000000022939162,0.0000000037928194
Southern Barrier Reef N,2.1161797E-16,9.494676E-18,0,0,0,0,0,0,0,0,0,0,0,0,0,0,0,0,0,0,0,0,0,0,0,0,0,0,0,0,1.2382534E-16,0.00000011441226,0.000000051802303,0.00000010841402,0.000000111000624,0.00000017266335,0.00000020363144,0.00000025231452,6.886912E-11,3.550592E-13,1.3995311E-11,1.4357801E-14,1.1619007E-15,3.302317E-12,1.7838176E-13,3.325916E-14,1.2261942E-13,2.5068008E-14,5.926885E-14,7.195198E-14,3.1075027E-14,1.7358397E-14,2.9368154E-14,5.343748E-14,2.9025878E-13,7.9392927E-13,1.37883325E-11,9.817748E-14,6.065872E-15,1.0978526E-13,5.379808E-15,8.900569E-14,3.318274E-15,1.1140188E-15,2.0803642E-15,2.4116612E-15,3.8440456E-14,3.3918608E-14,8.667246E-13,6.590542E-14,5.4847213E-13,1.0718022E-11,3.3164478E-11,5.951048E-11,0.0000000052524927,0.0000000023648281,0.0000000026398304,0.000000069596155,0.000000741162,0.0000019690833,0.000016086215,0.00007620034,0.002109417,0.022917531,0.12973312,0.004278934,0.00028490686,0.000009144522,0.000060007787,0.000039585746,0.000004352859,0.000000008625976,0.000000002506968,2.5087421E-12,4.852941E-14,3.416031E-16,2.5565286E-15,0,0,0,8.5508586E-11,0.0000000010127708,0.0000006263093,0.00002366267,0,0.0000096567,0.000004328411,0.0000064204087,0,0.000002902091,0.0000015426203,0.00000078289895,0.0000003170084,0.0000018095684,8.94522E-12,9.368485E-11,2.3120737E-10,0.000000007790798,0.000000013488947,0.000000012051821,0.0000000059657315,0.0000000493416,0.0000002462646,0.00000013235723,0.000000042031065,0.00000020148221,0.0000001271007,0.0000003981633,0.0000006251624,0.0000005653336,0.00000073388634,0.0000013246603,0.0000003872106,0.000000082026276,0.00000010081556,0.00000008553408,0.000000117009606,0.00000009483728,0.00000025150769,0.00000041704698,0.00000067308036,0.000000077876884,0.00000021447971,0.00000024491473,0.00000010385132,0.00000018567385,0.000000068740796,0.00000002711789,0.000000040581888,0.000000026591103,0.000000021976993,0.000000005471017,0.000000001590802,0.000000040237293,0.00000007439987,0.000000055249004,0.000000009354168,0.00000007188957,0.000000006444501,0.000000021247645,0.0000000092944195,0.00000007479767,0.000000022547622,0.000000084189374,0.00000004875548,0.000000031042678,0.0000000020331063,0.000000027236295,0.000000013816904,0.000000011312511,0.0000000131240165,0.000000003679494,4.4035005E-11,0.0000000063236305,0.000000008435085,0.000000024923882,0.0000000034303473,0.000000007986517,0.0000000025368054,0.000000004092815
Nosy Be,8.0106983E-19,2.177207E-19,0,0,0,0,0,0,0,0,0,0,0,0,0,0,0,0,0,0,0,0,0,0,0,0,0,0,0,0,8.811157E-18,0.00000009266954,0.00000002641694,0.000000070954584,0.00000015080231,0.00000012944507,0.0000001514444,0.00000008997523,0.0000000024775735,4.509379E-12,1.0290592E-13,7.709027E-16,1.0996517E-16,4.123137E-12,7.381702E-13,1.8593146E-14,5.8597367E-14,7.651107E-15,5.370192E-13,2.0148623E-13,3.7046805E-14,7.239515E-14,7.522026E-14,1.2103715E-12,1.7278E-13,8.7989945E-14,2.998753E-14,1.6595712E-14,9.976611E-16,1.0442364E-14,1.3182799E-14,1.1071112E-14,3.9654135E-15,2.0527742E-16,2.662092E-16,2.0358314E-15,4.007049E-15,1.7526485E-16,1.1941325E-14,8.402309E-14,5.583784E-13,5.1322306E-12,8.014633E-12,9.840606E-12,4.242675E-10,0.0000000022598754,5.7220745E-10,0.000000016446204,0.00000018107599,0.0000006142007,0.0000034434474,0.00002153784,0.00052755815,0.0022889064,0.0126452455,0.0756085,0.0017554605,0.000009428017,0.00023523683,0.000074831325,0.0000055044547,0.00000003908994,0.000000068340114,1.860862E-11,4.052496E-12,4.7360943E-14,2.2720056E-13,0,0,0,2.4641466E-11,2.7347358E-10,0.000000079002156,0.000042556363,0,0.000011325366,0.0000059026065,0.000008090369,0,0.0000067689784,0.0000025475028,0.00000172873,0.0000003436793,0.0000026760313,8.5514625E-12,1.2476634E-10,3.2240335E-10,0.000000004368834,0.000000006746487,0.000000005960909,0.0000000032674832,0.000000030085616,0.00000014046367,0.00000008464595,0.000000024659927,0.00000015286604,0.00000009282129,0.00000046104273,0.00000036103893,0.00000036290305,0.0000005150207,0.0000011886985,0.0000003441949,0.00000007518285,0.00000012400982,0.000000111880304,0.00000014868444,0.00000009597033,0.00000022961234,0.00000043454685,0.00000068570716,0.00000006232942,0.00000026617863,0.00000018175898,0.00000008583777,0.00000019920311,0.000000076311395,0.000000029114542,0.000000031205513,0.000000024516158,0.000000016089892,0.0000000039666483,0.0000000014150666,0.00000003659817,0.00000011425546,0.00000009330348,0.000000012581631,0.000000075011606,0.000000007876392,0.00000001766429,0.000000010584186,0.00000005741468,0.00000001704663,0.0000000702348,0.000000056959994,0.000000034852782,0.000000002247698,0.000000018067656,0.000000003895903,0.000000003999637,0.000000011113657,0.0000000020820647,2.4959281E-11,0.00000000559482,0.0000000062560197,0.000000021323967,0.0000000027248226,0.00000000718417,0.0000000031608085,0.0000000059952767
Nosy Mitsio,9.336432E-19,2.9318228E-18,5.1437625E-20,0,0,0,0,0,0,0,0,0,0,0,0,0,0,0,0,0,0,0,0,0,0,0,0,0,0,0,1.1351145E-15,0.0000002479081,0.000000067727086,0.00000015136041,0.0000002654205,0.00000034544752,0.0000013058697,0.00000024465984,0.000000008752773,2.0816826E-11,1.8527823E-12,1.0916394E-14,1.6810183E-15,1.1533566E-12,1.8502372E-13,5.489126E-14,6.9601524E-14,2.5550691E-14,1.3721837E-12,1.6426082E-12,3.02033E-13,5.515445E-13,2.9857142E-13,4.348332E-12,1.996643E-12,1.2309967E-12,8.4965113E-13,1.9732E-13,1.0447819E-13,9.658762E-14,7.37785E-14,8.05449E-14,2.876235E-14,1.4436012E-15,1.9384618E-15,9.340522E-15,4.582633E-14,2.0234988E-15,5.452762E-13,8.603474E-14,2.2558422E-12,1.4769963E-11,1.7755995E-11,2.4353401E-11,1.2091832E-10,0.0000000017318572,5.2857685E-10,0.00000001925601,0.00000011788396,0.00000020500505,0.0000020333803,0.000012308785,0.00019710799,0.0006147553,0.0014036234,0.004561861,0.046312317,0.000011626653,0.0028764633,0.00077463035,0.000049811657,0.00000029687783,0.00000020233387,1.277032E-10,3.3827767E-11,4.351222E-13,8.396166E-12,0,0,0,1.3913527E-11,5.620221E-10,0.000000059600836,0.00011723818,0,0.00001892523,0.000010275366,0.000016948865,0,0.0000116781775,0.0000049836335,0.000004303785,0.0000009564167,0.000007242789,8.934563E-12,1.14844585E-10,5.034659E-10,0.000000005750608,0.000000008511207,0.000000010333512,0.0000000049686317,0.000000039215106,0.000000243419,0.00000024817632,0.00000006585333,0.00000029740494,0.00000014545112,0.0000010871086,0.0000005864874,0.0000005124484,0.0000007109768,0.0000017482154,0.0000004662042,0.000000098960626,0.00000014232347,0.00000019110445,0.00000018863102,0.00000011715857,0.00000024815105,0.0000004357379,0.00000088700284,0.00000011955797,0.0000003028322,0.00000023569629,0.00000010442042,0.00000026387812,0.00000009880938,0.000000029588271,0.00000003671965,0.000000019276161,0.0000000163032,0.000000004512586,0.0000000016920141,0.00000008219193,0.00000017705374,0.00000014657944,0.000000018277754,0.00000016514574,0.000000007780883,0.000000032550002,0.000000019734646,0.00000009683111,0.000000028402884,0.0000001523675,0.00000012934348,0.00000006486242,0.0000000057310667,0.000000031142484,0.000000007728212,0.000000006824894,0.0000000303044,0.000000003845389,5.1166554E-11,0.00000000928912,0.0000000108420855,0.000000035589686,0.0000000039014654,0.000000012273946,0.0000000048592486,0.000000015263321
Zélée Bank,3.6400862E-16,1.6224098E-16,1.8638412E-18,1.4057236E-18,1.8518746E-18,1.007532E-17,0,0,6.269382E-20,0,0,0,0,0,0,0,0,0,0,0,0,0,1.8509443E-19,4.559372E-22,2.6174738E-20,0,0,0,0,0,1.2728618E-15,0.0000003832612,0.00000071196797,0.00000016916668,0.00000022487468,0.0000008243388,0.000001593065,0.000000660042,4.0880205E-10,1.367196E-14,1.5908317E-14,1.1280453E-15,5.9685086E-16,6.3385755E-13,9.205832E-14,4.260858E-14,4.946149E-13,3.3946308E-13,2.6760204E-12,3.3207955E-12,4.704984E-13,1.3512417E-12,6.6739973E-13,1.4694223E-11,9.310932E-12,4.8652536E-12,4.0585773E-12,1.8676506E-12,1.24987E-13,5.8180197E-13,1.34381E-12,4.993558E-12,9.520667E-13,3.0570053E-14,5.045903E-14,4.359533E-13,1.0318923E-12,2.925108E-14,5.708114E-13,0.0000000014073434,0.000000002391495,0.000000012086727,0.0000000069637007,0.000000010570168,0.000000016813656,0.00000007376836,0.000000040625537,0.00000021699252,0.00000034626038,0.0000006576172,0.0000018402802,0.000009032338,0.0000494397,0.00011126782,0.00017255449,0.00004364818,0.000013297634,0.0011547409,0.000017120867,0.000018328528,0.00000072552723,7.29126E-10,4.1481504E-10,9.723322E-13,2.3788954E-13,2.76113E-15,6.9529655E-14,0,0,0,2.2939414E-10,0.000000015293265,0.0000022175973,0.0013519614,0,0.0011240941,0.0009340513,0.0013672862,0,0.00076714566,0.0003816595,0.0001688931,0.00006360275,0.0004833951,3.6477643E-10,0.000000003600714,0.000000013423782,0.00000031151663,0.0000006374704,0.00000063038084,0.0000003764379,0.0000025867519,0.000015435753,0.000016048489,0.000005595656,0.00002750524,0.000015908674,0.00004915443,0.00006495705,0.00006069912,0.000071968534,0.0001347456,0.000061678424,0.000013783951,0.00002327601,0.000024314388,0.000013922945,0.000006341229,0.000013161239,0.000025938236,0.00005525696,0.000008454553,0.000019866662,0.000025894902,0.00001293639,0.00001899601,0.0000063871084,0.0000019224246,0.0000025968322,0.0000020802456,0.0000017673296,0.0000004021725,0.00000013803252,0.0000066825564,0.000012084661,0.00001114949,0.000002101763,0.000013517008,0.00000057729125,0.000003412872,0.0000020033629,0.000009242516,0.000003079966,0.000005897156,0.0000047331814,0.0000035889668,0.00000028422795,0.0000029405458,0.00000085435977,0.0000009704187,0.0000023968018,0.0000004944779,0.0000000029920197,0.00000073473944,0.0000010222911,0.0000021622125,0.00000028662697,0.00000064519793,0.0000002713918,0.00000047029928
Nosy Valiha,2.7113341E-17,2.6040594E-17,2.9947983E-18,0,0,0,0,0,0,0,0,0,0,0,0,0,0,0,0,0,0,0,1.615775E-22,0,5.428567E-20,0,0,0,0,0,2.3930777E-15,0.0000033918222,0.0000010424006,0.0000013940536,0.0000025914444,0.0000028637166,0.000009165752,0.0000023143477,0.000000073887854,8.108674E-11,3.7539238E-10,4.3268945E-13,8.2953663E-14,3.989823E-11,1.6158618E-12,3.6320008E-13,3.297289E-12,2.2484577E-12,1.8746988E-11,1.8781835E-11,9.200441E-12,1.4662728E-11,9.800153E-12,1.4523505E-11,3.4101018E-12,3.6963943E-12,1.0347121E-11,2.2773953E-11,4.2638172E-13,2.2993025E-12,1.4190024E-12,2.2222053E-12,9.910711E-12,1.2480647E-13,1.6162475E-14,1.6676836E-13,6.487445E-13,6.7412174E-14,3.7603167E-12,1.7439402E-12,1.2000117E-11,9.307879E-11,8.332791E-11,6.594282E-11,2.27731E-10,0.000000004247935,0.0000000013809904,0.0000000109492895,0.00000008255173,0.00000014617947,0.00000073758775,0.0000032656724,0.00005131384,0.00009886027,0.00017511594,0.00041993038,0.0019271029,0.00003482491,0.027167818,0.008832843,0.0002780358,0.0000035996898,0.00000083433883,0.0000000025245497,1.6293132E-10,1.9704102E-12,2.5625775E-12,0,0,0,1.8820315E-11,4.5103493E-10,0.00000012180213,0.0006765085,0,0.00005080081,0.00003562836,0.000063061896,0,0.00004048422,0.000019109028,0.000013631865,0.0000043608943,0.00003027395,5.0924372E-11,4.6059723E-10,0.0000000010810439,0.000000016651178,0.000000028011302,0.000000029711277,0.000000018482318,0.0000001504836,0.00000079003706,0.0000010564834,0.0000004692052,0.0000015439444,0.0000006707382,0.0000044168273,0.0000028719382,0.0000029353741,0.000004333036,0.000007827495,0.0000027800238,0.0000008498448,0.000001184075,0.0000012264283,0.0000013866866,0.0000004762754,0.0000010120494,0.0000018946579,0.0000035838827,0.00000055413665,0.0000011899398,0.0000019653376,0.00000090323715,0.0000012162659,0.00000037021644,0.0000000994917,0.00000028310944,0.00000012058354,0.000000095684555,0.00000002422648,0.000000010036362,0.00000040134614,0.0000008937066,0.0000007646283,0.00000013291528,0.0000009885174,0.000000036489006,0.0000002285018,0.0000002685667,0.0000009805565,0.00000023622009,0.00000078213174,0.00000071546793,0.0000006200173,0.000000025068864,0.00000023427835,0.00000008365988,0.00000009272119,0.000000193381,0.00000004844459,4.856304E-10,0.000000056107083,0.00000007506283,0.00000022898604,0.000000024930909,0.000000053399187,0.000000021779654,0.000000050574382
Nosy Hara Reserve,4.1204692E-17,2.4768602E-17,6.5374994E-19,1.4211554E-20,3.974902E-20,4.652911E-20,0,0,0,0,0,0,0,0,0,0,0,0,0,0,0,0,1.3727986E-20,0,0,0,0,0,0,0,2.3291956E-15,0.000004001062,0.0000010523122,0.00000071601374,0.0000022137413,0.000006361022,0.0000065620598,0.0000027899496,0.000000038852093,4.5502508E-11,1.1410868E-10,1.2261661E-13,1.4160948E-13,2.4610059E-11,1.3540517E-12,5.872592E-13,2.4450947E-12,1.1446185E-12,4.0006044E-11,4.9012544E-11,5.840164E-12,8.17622E-12,3.7780105E-12,1.2005319E-11,2.5711009E-12,2.1633032E-12,1.7989909E-12,3.357332E-11,3.1677883E-13,1.5256866E-12,5.265378E-13,9.803853E-13,2.9014501E-12,8.251027E-14,1.1608711E-14,1.6920428E-13,5.756142E-13,2.5061596E-14,3.8493663E-13,9.390095E-12,2.4923617E-11,1.2948274E-10,2.0507457E-10,2.60794E-10,8.3928364E-10,0.000000010186825,0.0000000041266155,0.0000000128191235,0.000000094736514,0.00000009309842,0.00000038100507,0.0000014601567,0.0000206336,0.000041278123,0.000079191246,0.00016176082,0.00071267685,0.000063973086,0.008142518,0.024426477,0.0014324449,0.0000060010207,0.0000026454231,0.000000010820737,2.4960056E-10,6.543292E-13,1.9934336E-12,0,0,0,4.07805E-11,0.0000000015846311,0.00000021040152,0.0017338466,0,0.00008111572,0.000054308228,0.000111085326,0,0.000081774124,0.000037495312,0.000021864109,0.000008423079,0.00006528868,1.6774553E-10,5.264842E-10,0.000000005243097,0.000000052627406,0.00000010022228,0.000000086362405,0.00000005412677,0.00000033746366,0.0000040227283,0.0000022869874,0.0000010123326,0.00000382964,0.0000017669646,0.000010452431,0.000007306756,0.000006916204,0.000011288575,0.00001919456,0.000008009556,0.000002411454,0.0000022560587,0.0000023186133,0.000002449317,0.0000010670369,0.0000021564538,0.000004807204,0.000009580133,0.000001284833,0.0000033264118,0.000004758635,0.000002426657,0.0000032380133,0.0000009748622,0.0000002883363,0.0000007874708,0.00000042445836,0.00000036664466,0.0000001060719,0.00000003195468,0.0000011768964,0.0000023006633,0.0000017595323,0.0000002558674,0.0000019211102,0.00000010670304,0.0000005196667,0.00000043091924,0.0000025968636,0.0000006573598,0.0000016251483,0.0000017243854,0.0000010576184,0.00000006205593,0.0000007359596,0.00000025109523,0.0000002713047,0.00000067956637,0.0000001074682,0.0000000011217864,0.00000014631345,0.00000017780677,0.00000055620546,0.00000006201691,0.0000001849269,0.00000007263592,0.00000016637503
Cape Amber,1.4739014E-16,1.7663852E-16,1.4724237E-17,0,0,1.5134379E-21,0,0,0,0,0,0,0,0,0,0,0,0,0,0,0,0,7.1016105E-20,5.8605464E-21,9.2183875E-21,0,0,0,0,0,4.867493E-15,0.0000019384945,0.0000011565738,0.0000009769818,0.0000011779284,0.0000029621717,0.0000068104346,0.000003392664,0.0000001462776,0.000000001975234,0.00000080879164,3.0999342E-10,1.2154057E-10,0.000000010146811,7.203975E-10,1.9943276E-11,1.5815262E-11,4.1926102E-12,5.0251334E-11,6.758163E-11,7.924099E-12,1.0666611E-11,5.476457E-12,1.9149545E-11,1.5306695E-11,1.3782671E-10,2.0036433E-11,2.4475963E-11,1.0275908E-12,2.1638594E-12,1.0135795E-12,2.5128638E-12,5.200762E-12,1.3158714E-13,5.021784E-14,7.0889627E-13,2.3937174E-12,7.9070377E-14,9.909025E-12,1.7257038E-11,3.2846958E-11,2.9143168E-10,3.11449E-10,1.8436769E-10,5.144968E-10,0.0000000074978574,0.0000000027261127,0.0000000124731105,0.000000014803421,0.000000009254493,0.000000015319587,0.00000009087966,0.00000064756676,0.0000024450655,0.000004877139,0.0000054930506,0.00003167101,0.00004903771,0.00019756345,0.0009882366,0.030102717,0.00031568727,0.000033860448,0.0000026317352,0.000000100584785,8.0180357E-10,0.000000008408329,0.0000000031957237,6.979701E-11,1.0371918E-14,2.9029685E-11,9.714218E-10,0.00000016287193,0.0012586347,0,0.000074392636,0.000051285817,0.00009434488,0,0.000067419445,0.000035583573,0.000020070362,0.0000074589493,0.00006782164,8.806055E-11,4.660961E-10,0.0000000047640905,0.000000047523038,0.00000009299132,0.000000080449745,0.000000046593957,0.00000022112772,0.0000027906524,0.000002582801,0.0000009860725,0.0000031938428,0.000002227569,0.000010569958,0.000006582502,0.0000060054344,0.00000951564,0.0000194556,0.0000068767945,0.000002048301,0.0000020401376,0.0000018279196,0.0000014435168,0.0000007222089,0.0000017772387,0.0000039697875,0.000008740341,0.0000011479801,0.0000030263006,0.000004136283,0.0000018646643,0.0000028596962,0.00000085043513,0.0000002502131,0.0000005830464,0.00000035031263,0.00000038796773,0.000000104466594,0.000000032476798,0.0000009302122,0.0000018505073,0.0000013743344,0.00000025317377,0.0000017023517,0.000000138255,0.0000004845217,0.0000002833438,0.0000016394938,0.00000048941035,0.0000017479823,0.0000017678242,0.0000010603884,0.00000005978374,0.0000005217051,0.00000016454135,0.00000018092425,0.00000035075652,0.00000007166962,9.0064667E-10,0.000000118462985,0.00000018780754,0.00000046354293,0.00000005941504,0.00000014461384,0.00000006983076,0.00000013314111
Ambolobozokely,7.076209E-15,1.8570869E-16,4.4604924E-17,0,0,9.416488E-20,0,0,0,0,0,0,0,0,0,0,0,0,0,0,0,0,0,0,0,0,0,0,0,0,1.21627655E-14,0.0000014306831,0.00000135756,0.0000012825161,0.000001393362,0.0000024517396,0.0000070883266,0.0000044582457,0.00000021994562,0.0000000082054,0.0000041179883,0.0000000028941927,0.0000000020461617,0.00000010634291,0.0000000074231776,8.4237416E-11,2.7057828E-11,6.5169697E-12,5.7431802E-11,8.12864E-11,1.387025E-11,1.2301424E-10,2.1099027E-11,2.6349414E-10,1.964114E-10,7.068276E-11,7.099282E-11,5.0582958E-11,1.7415715E-12,6.519045E-12,9.107502E-12,1.7574648E-11,1.6305275E-11,1.015859E-12,1.3897135E-12,9.227696E-13,7.792986E-12,1.8490247E-13,3.453019E-12,1.0879885E-12,4.3497528E-12,1.7727188E-11,6.381638E-11,6.653901E-11,1.5816327E-10,0.000000003511558,0.0000000010255472,0.0000000038949777,0.0000000027172895,0.0000000032764882,0.0000000054560907,0.000000018462348,0.00000016870052,0.00000067217843,0.0000011568343,0.00000084521815,0.000003151,0.000022958784,0.000028962553,0.00019249633,0.06252656,0.0033016582,0.00024289564,0.000008578331,0.00000083637394,0.000000008074628,0.00000004384355,0.000000011486166,3.622288E-10,4.9526884E-14,2.669589E-10,2.5051375E-10,0.000000079773926,0.00048517014,0,0.00003366955,0.000020204565,0.000041434756,0,0.000029810559,0.000016964375,0.0000074835148,0.0000033412564,0.000028649883,3.106446E-11,1.7372578E-10,6.8357286E-10,0.000000026146564,0.000000036994294,0.000000035490654,0.000000022566965,0.00000011515253,0.0000016961916,0.0000010667322,0.00000044105505,0.0000014740087,0.0000011163124,0.000005799222,0.000003370634,0.000003133425,0.0000050343438,0.000010944149,0.0000036871984,0.0000007699787,0.0000011393885,0.0000008538258,0.0000008137553,0.00000041342585,0.0000010447592,0.0000020376035,0.0000048244037,0.0000006565049,0.0000016292306,0.0000021383726,0.00000089873197,0.0000014832484,0.00000048384027,0.00000012270681,0.00000030150457,0.00000021314452,0.00000022055879,0.000000061186185,0.000000017089436,0.00000045164856,0.0000008359125,0.0000008692849,0.00000015428193,0.0000011208429,0.00000008167757,0.00000035223113,0.0000001444057,0.00000074104776,0.00000024021907,0.00000091678794,0.0000010835056,0.00000064473835,0.000000028893943,0.00000023547862,0.00000006505728,0.00000007729327,0.00000021071709,0.000000043949715,4.5443824E-10,0.000000056384295,0.000000098590405,0.00000026733883,0.000000033593658,0.0000000812811,0.000000037767794,0.00000006847657
Nosy Ankao,1.8664684E-14,2.5057188E-16,5.1881665E-17,0,0,0,0,0,0,0,0,0,0,0,0,0,0,0,0,0,0,0,0,0,0,0,0,0,0,0,5.499554E-15,0.000002482466,0.0000020339937,0.0000014581092,0.0000018104412,0.0000055777623,0.000013953276,0.000006900182,0.00000045316565,0.000000017765299,0.000003934462,0.0000000020532884,0.000000002603181,0.00000030142365,0.000000017873644,9.378614E-11,1.0743073E-10,1.9414739E-11,6.861489E-11,1.6399787E-10,8.025549E-11,3.2840536E-10,5.500275E-11,7.337527E-10,6.2298444E-10,4.0852005E-10,1.2415954E-10,1.5236666E-10,2.1960554E-12,1.1371529E-11,2.9335454E-11,4.3456072E-11,2.724521E-11,1.3269435E-12,4.6028003E-12,3.650486E-12,1.8009037E-11,2.7329346E-13,1.3610014E-11,1.0624432E-12,6.971957E-12,3.2696915E-11,2.358635E-11,2.5689902E-11,1.0920675E-10,0.0000000048658335,0.0000000020285098,0.000000003961022,0.0000000027019333,0.000000005590714,0.0000000077650855,0.00000001990781,0.00000019715281,0.00000069316286,0.0000014915923,0.00000090551686,0.000003200379,0.000044859273,0.000031589232,0.00022890973,0.05400786,0.016635777,0.003290014,0.000026438183,0.0000056160584,0.0000001585054,0.0000004798458,0.00000003417314,0.0000000033155856,3.9153105E-13,2.9252378E-10,4.0228662E-10,0.00000016880122,0.0010038245,0,0.000060964543,0.000042774856,0.00008554453,7.5556647E-19,0.000057043235,0.00003634264,0.000014858978,0.000005957939,0.00005292062,9.284643E-11,3.6423478E-10,0.0000000019013289,0.000000059353763,0.00000008093244,0.0000000800595,0.000000051407117,0.0000001927151,0.0000016225384,0.0000021792084,0.0000009787817,0.0000031269446,0.0000017262544,0.000011778569,0.0000070677115,0.000006997105,0.000011045959,0.000021863829,0.000007426994,0.0000013385562,0.0000017344087,0.0000013975477,0.0000017203223,0.0000008630086,0.0000018808889,0.0000049002556,0.000009929929,0.0000013207954,0.0000036028675,0.000005101639,0.0000021012506,0.0000034335544,0.0000010166764,0.00000021675162,0.000000608948,0.00000036971596,0.00000044553454,0.00000010751536,0.000000033938843,0.00000086992685,0.000001947138,0.0000017212275,0.0000002608472,0.000001956036,0.00000017187598,0.0000006904213,0.0000003655342,0.0000017228623,0.00000054642663,0.0000024750548,0.00000216546,0.0000010764242,0.000000079905234,0.0000005586268,0.00000014415954,0.0000001567663,0.00000031255087,0.00000007276109,5.520624E-10,0.00000012496926,0.00000020939602,0.00000064233933,0.000000078495354,0.00000019132219,0.000000083542595,0.00000017420226
Antalaha,7.43324E-17,3.028584E-18,4.5300975E-19,0,0,0,0,0,0,0,0,0,0,0,0,0,0,0,0,0,0,0,0,0,0,3.0111875E-13,8.382122E-13,1.8350209E-12,0,0,8.399239E-18,0.00000009658598,0.00000007060108,0.00000004832776,0.000000058603945,0.00000028907334,0.0000016017141,0.00000019717312,0.0000000031511511,8.814383E-11,0.00000002267664,4.676221E-10,1.0318519E-10,0.000000007865635,0.0000000013544711,5.455684E-14,2.641158E-13,1.5016962E-13,2.2344737E-12,3.5256802E-12,6.839217E-13,1.5181606E-12,4.469618E-13,3.1740537E-12,2.7612264E-12,1.1563627E-12,6.8718815E-13,1.7257657E-12,9.01909E-14,1.5031109E-13,1.1768285E-13,2.2619131E-13,3.510246E-13,1.2469165E-14,2.5861776E-14,1.1944365E-14,8.4513824E-14,3.4732616E-15,3.7467957E-14,2.2008516E-15,4.1014995E-15,1.1477875E-13,2.9033262E-13,2.2945095E-13,2.3001117E-12,2.8911806E-10,2.7891875E-10,1.4270167E-10,3.8184587E-11,4.228603E-10,6.214456E-10,7.9053575E-10,0.000000007005288,0.000000011540028,0.000000030545795,0.0000000061384267,0.000000032568938,0.0000040803698,0.0000008481367,0.00000526128,0.0018220814,0.000955998,0.0021195402,0.036257688,0.009555321,0.00021597174,0.0004743534,0.000018801424,0.00000077019763,0.0000000032137641,6.361497E-12,2.6651695E-11,0.0000000094425205,0.000060793504,0,0.0000039178403,0.0000032540013,0.00000517692,4.8402116E-10,0.000004095426,0.0000035591274,0.0000009599655,0.00000043725368,0.0000026118173,1.936066E-12,1.4047559E-11,1.7663271E-10,0.0000000033983643,0.000000003851879,0.0000000027772633,0.0000000028997218,0.00000000990632,0.00000015537627,0.00000003666963,0.000000028916928,0.00000017672292,0.000000060985265,0.0000009973844,0.00000029544364,0.0000005357329,0.00000075544216,0.0000016501255,0.0000003455054,0.00000008940883,0.00000010106341,0.00000007297344,0.00000014254987,0.000000065635405,0.00000022200375,0.00000027093463,0.0000006361156,0.00000006693837,0.0000002057549,0.00000035812957,0.00000011704801,0.00000020282162,0.000000061148654,0.000000013254711,0.00000005492403,0.0000000136814835,0.000000038699778,0.000000010137446,0.0000000043490704,0.000000059190214,0.00000011942538,0.00000015317534,0.000000020711287,0.00000012449296,0.00000003147116,0.00000005837653,0.000000015055392,0.000000111616366,0.000000052306145,0.00000027262666,0.00000042470472,0.000000089742095,0.000000007614617,0.000000045056474,0.000000005137453,0.0000000064119905,0.0000000199139,0.000000006221311,3.6102638E-11,0.000000017303446,0.000000020530443,0.000000071223745,0.000000009519072,0.000000013005422,0.0000000048786997,0.000000017949269
Parc National de Masoala,2.0191783E-16,1.0881105E-18,0,0,0,0,0,0,0,0,0,0,0,0,0,0,0,0,0,0,0,0,0,0,0,1.0323755E-12,2.6677074E-12,4.7477057E-12,0,0,0,0.000000019613148,0.0000000056821703,0.0000000053624305,0.000000013624778,0.000000015661415,0.000000100970844,0.000000027323209,0.000000002919375,4.4679357E-10,2.3282751E-10,3.005425E-12,7.55083E-13,0.00000001502174,0.0000000053485776,2.333574E-13,3.1220512E-15,2.6738723E-15,1.317519E-12,5.6698778E-12,1.3975519E-12,3.0758618E-12,3.280247E-13,1.0759373E-11,8.354711E-12,3.7315403E-12,1.5404103E-12,2.5750305E-12,2.4082963E-14,3.5850115E-13,2.9738573E-13,4.41344E-13,8.5566496E-14,1.3213136E-14,1.116504E-13,1.7220832E-14,2.2779188E-13,5.163346E-15,9.4669024E-14,1.8314966E-18,5.123438E-17,1.8416474E-16,1.9661141E-16,2.0629374E-16,8.415369E-15,3.8599278E-13,1.8555441E-12,6.881568E-13,9.8539395E-14,1.0174741E-13,2.3711962E-13,5.1313636E-12,5.994674E-11,3.8891412E-10,2.2061761E-10,1.7679903E-10,6.048389E-10,0.00000009335536,0.000000039928096,0.0000006968062,0.00005989779,0.000025391473,0.000058219794,0.006944784,0.10034405,0.0020361666,0.0015907102,0.000060194212,0.0000021991232,0.000000006672352,8.022338E-14,1.9232715E-13,1.4079843E-10,0.0000012538114,0,0.000000056811107,0.00000004245624,0.00000011118257,2.5850005E-10,0.00000006662348,0.000000058901772,0.000000013614012,0.0000000112696625,0.000000057022877,2.9654336E-13,1.347934E-12,6.3289825E-12,9.902949E-11,4.2978532E-10,1.6880886E-10,1.499269E-10,5.074842E-10,0.0000000020063797,0.0000000042387804,0.000000002752702,0.0000000044638693,0.0000000014236612,0.0000000227922,0.000000009629117,0.000000019542899,0.000000020165865,0.00000003340633,0.0000000062764665,0.000000001377141,0.0000000010020372,0.0000000017300876,0.0000000022684599,8.708272E-10,0.0000000016328272,0.000000009642599,0.00000001536623,0.0000000018670403,0.0000000025977223,0.0000000073869617,0.0000000015877671,0.0000000033260807,7.782981E-10,1.7825152E-10,0.000000001013565,1.9464406E-10,8.233908E-10,3.7895298E-10,7.2557016E-11,0.0000000010745745,0.0000000026713647,0.0000000045625215,5.694032E-10,0.0000000021895652,4.5549936E-10,7.4636586E-10,4.4570825E-10,0.0000000027146907,7.545246E-10,0.000000028528577,0.00000006641604,0.000000005815614,7.667377E-10,8.9006275E-10,1.9439038E-10,1.5375792E-10,4.7973475E-10,6.6830846E-10,3.0794408E-12,3.95275E-10,5.309274E-10,0.0000000022217232,3.011901E-10,6.300876E-10,1.3102872E-10,1.656522E-10
Mananara Avaratra,8.9386606E-17,1.6329508E-20,0,0,0,0,0,0,0,0,0,0,0,0,0,0,0,0,0,0,0,0,0,0,0,3.8224106E-13,1.6119378E-12,3.4202909E-13,0,0,0,0.0000000011676933,1.5937382E-10,3.004815E-10,0.0000000010193325,6.408128E-11,0.000000011644433,8.843662E-11,1.617734E-10,4.130998E-15,3.3412493E-13,2.5328976E-18,0,0,0,0,3.0654102E-18,2.3304272E-16,6.729485E-14,3.0118329E-13,4.720148E-14,2.515715E-13,2.565042E-14,2.6094844E-13,2.5365764E-13,1.3729243E-13,7.989788E-13,8.381883E-14,2.4350672E-20,6.5887156E-14,1.3978083E-14,1.01972865E-14,3.6481497E-15,5.6697167E-16,1.67071E-15,1.4683301E-14,1.8232042E-14,6.094105E-16,5.526217E-15,0,0,5.875235E-20,5.268628E-20,6.818797E-22,1.6815063E-18,7.108703E-17,1.5183929E-17,4.6504468E-15,1.7596545E-17,1.725855E-16,1.443653E-16,1.1957734E-14,1.1070099E-12,5.6898485E-13,2.073005E-12,3.9374367E-12,4.6695176E-11,1.6736022E-11,5.438872E-10,0.0000000056630896,0.0000020426467,0.0000015026809,0.0000026658545,0.000015886213,0.00031852824,0.039003383,0.0011453867,0.000095914394,0.0000019577255,0.000000006609431,2.223362E-21,1.8296898E-15,1.5323971E-12,0.000000008025557,0,0.0000000081006455,0.000000005762534,0.0000000028385598,8.4223367E-10,0.000000002142113,0.00000001688388,2.567166E-10,2.7435135E-10,0.0000000017618476,6.99135E-15,2.0718551E-14,6.4791305E-14,1.7952375E-12,6.146684E-12,1.7544646E-12,5.093533E-13,8.974122E-12,2.006735E-11,2.1583766E-11,2.2164782E-11,5.967732E-11,8.339303E-12,1.1361531E-10,8.634102E-11,6.3754624E-10,4.627074E-10,0.00000000350863,3.524693E-10,6.7839306E-12,2.8479521E-12,1.8703624E-11,6.0572304E-11,2.0144423E-11,2.122316E-11,2.2025795E-10,2.7254168E-10,7.122179E-11,6.7628E-11,2.3177828E-10,4.9384215E-11,1.0267999E-10,2.986917E-11,1.1073125E-11,2.5986588E-11,7.8523944E-13,8.605493E-11,3.2900817E-11,3.3114995E-12,3.248208E-11,8.391423E-11,9.4003874E-11,1.2457184E-11,4.198686E-11,2.9571547E-11,3.451888E-11,1.7149747E-11,1.3259652E-10,3.2285914E-11,2.1682527E-11,1.8337793E-11,1.835001E-11,2.6061443E-12,5.0358023E-11,8.956188E-12,5.0552422E-12,1.1080268E-11,9.332836E-12,6.601758E-14,5.4284975E-12,1.369438E-11,1.1722388E-10,7.002539E-11,1.483452E-10,8.97026E-12,8.212064E-12
Nosy Boraha,3.357354E-16,9.543001E-19,0,0,0,0,0,0,0,0,0,0,0,0,0,0,0,0,0,0,0,0,0,0,0,2.4266448E-12,1.2440409E-11,7.174402E-12,0,0,0,0.0000000035439252,6.5731115E-11,5.465968E-10,0.0000000025773526,5.773877E-10,0.0000000026407896,4.9588406E-10,3.383298E-11,4.938996E-13,5.3927838E-11,1.2277365E-15,0,5.591806E-15,3.0050167E-16,4.0219683E-20,5.787381E-16,1.6158754E-14,7.5668877E-13,2.622974E-12,4.5568036E-13,1.2415628E-12,1.9781934E-13,1.5697069E-12,2.809301E-12,2.3214763E-12,5.020027E-12,6.0150723E-13,3.45734E-19,3.2735877E-13,1.1426926E-13,2.4862496E-13,5.9360747E-14,1.0879029E-14,2.1797036E-14,2.0618273E-14,1.7545745E-13,4.0080396E-15,1.1929822E-13,1.298651E-18,4.222389E-18,9.702767E-17,4.7293592E-18,1.053041E-19,2.0004582E-17,8.7991595E-15,3.1407624E-16,3.2274286E-14,5.80442E-18,4.522229E-15,2.5716096E-13,3.256211E-13,5.3226205E-11,1.3149249E-11,7.47463E-11,1.0425759E-10,1.1964774E-10,4.8207327E-10,0.000000004149618,0.000000021758805,0.0000065579993,0.0000024320423,0.0000038630783,0.000014406556,0.00007360406,0.002265373,0.11174827,0.0013523896,0.000023030492,0.00000004136806,8.010774E-19,7.430086E-15,3.840074E-12,0.000000048997123,0,0.000000016324178,0.000000012404238,0.0000000059558882,0.0000000017570239,0.000000020326292,0.000000023494218,0.0000000015006967,8.848102E-10,0.000000004736787,5.6735553E-18,1.6972885E-16,2.7175054E-16,8.165624E-14,3.999393E-11,2.1466459E-11,9.92071E-12,1.3639595E-11,2.4349514E-11,4.1375615E-11,2.5114836E-11,4.1572835E-11,2.7543651E-11,5.5210003E-10,6.1911987E-10,0.0000000011138637,8.410811E-10,0.0000000022372073,5.029371E-10,2.6787875E-10,2.2319918E-10,3.5029177E-10,1.8461803E-10,5.490051E-11,8.129657E-11,3.705022E-10,5.1810234E-10,1.2978717E-10,9.249836E-11,3.2951425E-10,5.920402E-11,1.4543909E-10,6.3206496E-11,2.157858E-11,2.1712132E-11,6.9151638E-12,1.0387146E-10,4.6139037E-11,9.863705E-12,9.069536E-11,1.5228699E-10,1.6759776E-10,3.5136016E-11,1.2390035E-10,1.07186815E-10,6.387029E-11,3.29047E-11,1.1317104E-10,3.32897E-11,4.402583E-11,1.1985375E-10,1.9959066E-10,7.451969E-12,5.1290028E-11,1.5397801E-11,1.3826127E-11,4.636753E-11,1.7139228E-11,9.01761E-14,1.02136286E-11,1.7267857E-11,5.902922E-11,2.1781516E-11,1.0150976E-10,8.4149415E-12,4.1119694E-12
Toamasina,4.0053835E-18,3.5271824E-19,0,0,0,0,0,0,0,0,0,0,0,0,0,0,0,0,0,0,0,0,0,0,0,8.2300876E-13,1.3254111E-12,2.0264793E-13,0,0,0,0.0000000035173522,6.469269E-11,2.2439223E-10,0.0000000011593314,1.9847995E-10,3.4023773E-10,5.3095076E-12,6.018274E-14,1.663172E-14,2.2300957E-12,0,0,0,0,0,3.4840235E-17,8.937796E-17,1.2646202E-13,2.106933E-13,3.5725366E-14,1.5667133E-13,1.0046622E-14,1.9439047E-13,5.4237246E-13,2.1461924E-13,2.0249468E-13,1.08231004E-13,1.8216312E-21,9.858464E-14,3.53921E-14,9.275621E-14,1.1344326E-14,2.7759692E-15,3.241515E-15,2.513181E-15,1.8521141E-14,1.4205864E-15,9.484119E-15,1.9598726E-19,2.1585202E-19,0,4.0556544E-19,7.7789773E-22,5.063551E-18,2.9535384E-17,4.2908394E-18,1.1673968E-17,0,2.0893798E-19,1.2224099E-17,2.5048466E-16,1.4805284E-14,4.5854027E-14,3.166706E-14,7.8448776E-14,4.815675E-12,1.8402809E-11,1.5508125E-10,2.1205006E-10,0.00000043569327,0.000000054505517,0.00000009025854,0.00000039260058,0.00000084890416,0.000019354502,0.00007441322,0.0025204292,0.00023785845,0.00000031069703,0,1.9352236E-19,1.1924191E-13,0.000000009349743,5.433311E-21,5.1625353E-11,2.868387E-11,6.1595773E-10,7.561309E-10,7.5164613E-10,8.472403E-10,5.421437E-10,2.4569619E-10,0.0000000037196952,2.9234716E-19,3.8641802E-17,1.8645938E-17,1.3965399E-14,4.144059E-12,1.0366673E-12,9.60704E-13,2.460703E-12,2.7536938E-12,2.919189E-12,1.4732445E-12,3.0016636E-12,6.167003E-12,1.2674224E-10,1.8494511E-11,8.199012E-11,1.9553295E-10,3.5429193E-10,9.159352E-11,1.6155334E-11,1.4750975E-11,3.7505415E-11,6.2022854E-10,2.6902328E-10,2.0316503E-10,4.1076087E-10,3.4931266E-10,1.1865715E-10,2.3969446E-11,3.0244165E-11,1.1591401E-11,1.7870828E-11,1.4440274E-11,9.0736195E-12,5.8982784E-12,1.3053626E-13,1.7239977E-12,2.0844433E-13,2.0669603E-13,5.537253E-11,4.952457E-11,8.510489E-11,1.4067677E-11,4.555987E-11,3.0460123E-13,6.2306115E-12,2.5692944E-12,1.3054507E-11,3.5874706E-12,7.0404576E-12,1.2791798E-11,1.1411429E-11,8.433105E-13,6.611995E-12,1.6834994E-12,3.212347E-12,3.518362E-11,4.579362E-12,2.1013143E-14,1.4514345E-12,4.4703555E-12,8.097891E-12,1.5926631E-12,8.1842817E-13,2.848883E-13,1.0469337E-13
Brickaville,0,0,0,0,0,0,0,0,0,0,0,0,0,0,0,0,0,0,0,0,0,0,0,0,0,3.2895755E-15,6.8958396E-15,1.643505E-14,0,0,0,0,0,0,0,0,0,0,0,0,0,0,0,0,0,0,0,0,0,0,0,0,0,0,0,0,0,0,0,0,0,0,0,0,0,0,0,0,0,0,0,0,0,0,0,0,0,0,0,0,0,0,4.5992354E-20,2.4286025E-19,0,0,0,1.9611137E-18,0,0,1.4627591E-10,5.2781723E-10,9.128484E-10,0.000000008943207,2.7270416E-10,0.000000042836596,0.00000043949393,0.000000612549,0.00039986943,0.0000010471867,0,0,0,3.80959E-20,0,0,1.5277949E-18,3.784799E-19,3.303048E-10,1.03078675E-14,1.8571985E-17,0,0,0,0,0,0,0,0,0,0,0,0,0,0,0,0,0,0,0,0,0,0,0,0,0,0,0,0,0,0,0,0,0,0,0,0,0,0,0,0,0,0,0,0,0,0,0,0,0,0,0,0,0,0,0,0,0,0,0,0,0,0,0,0,0,0,0,0,0
Manakara,0,0,0,0,0,0,0,0,0,0,0,0,0,0,0,0,0,0,0,0,0,0,0,0,0,5.59075E-15,0,6.072048E-13,0,0,0,0,0,0,0,0,0,0,0,0,0,0,0,0,0,0,0,0,0,0,0,0,0,0,0,0,0,0,0,0,0,0,0,0,0,0,0,0,0,0,0,0,0,0,0,0,0,0,0,0,0,0,0,0,0,0,0,0,0,0,1.08080625E-14,6.499779E-13,1.866148E-12,9.3151195E-11,1.2999431E-11,2.1241656E-11,8.60338E-11,5.4626255E-11,8.3835446E-11,0.00003790112,0,0,0,0,0,0,0,0,3.6168144E-13,0,0,0,0,0,0,0,0,0,0,0,0,0,0,0,0,0,0,0,0,0,0,0,0,0,0,0,0,0,0,0,0,0,0,0,0,0,0,0,0,0,0,0,0,0,0,0,0,0,0,0,0,0,0,0,0,0,0,0,0,0,0,0,0,0,0,0,0,0,0,0
Europa Island,0,0,0,0,0,0,0,0,0,0,0,0,0,0,0,0,0,0,0,0,0,0,0,0,0,0,0,0,0,0,0,3.1560008E-16,6.830801E-16,2.9899022E-16,2.800784E-16,5.4919173E-15,7.493678E-15,4.063478E-15,0,0,0,0,0,0,0,0,0,0,0,0,0,0,0,0,0,0,0,0,0,0,0,0,0,0,0,0,0,0,0,0.0000000018848638,0.0000000039377355,0.000000036039722,0.00000002286222,0.000000007703829,0.000000028249117,0.000000080819504,0.0000000014861424,1.602764E-11,1.8465047E-12,8.5662906E-13,6.6111775E-13,1.0375168E-12,2.542107E-12,5.152883E-12,8.5425035E-12,1.401979E-12,5.285152E-13,6.397876E-11,8.8570926E-13,9.519398E-13,9.299884E-15,1.0571784E-16,6.927524E-17,0,0,0,0,0,0,0,0.008539235,0.0004950391,0.00000055254026,3.6677557E-11,0,3.8960707E-10,7.6909604E-11,1.409575E-10,0,3.1140052E-11,2.8745306E-10,2.1385015E-11,1.1257374E-10,3.2135114E-11,0.000000190199,0.0000017846893,0.000006752504,0.0000012275256,0.00000023296641,0.00000016936026,0.000000014886384,0.00000005197316,0.00000004548547,0.000000005038553,2.359924E-10,3.2948255E-10,3.347399E-10,2.851556E-10,0.0000000028033402,0.0000000028295395,0.000000022049102,0.000000006621637,1.7953107E-10,7.674238E-12,3.3562966E-12,7.423275E-12,2.2257135E-11,1.4557574E-11,6.2098148E-12,4.5466995E-11,1.15814955E-10,1.5524304E-11,3.1827017E-11,3.1813302E-11,1.487994E-11,3.177633E-11,1.0542884E-11,2.1572976E-12,7.476077E-11,5.696249E-13,3.594294E-13,1.2039794E-13,8.78691E-14,5.3090527E-12,1.49524E-11,2.0461152E-11,2.2297264E-12,2.3580806E-11,1.3065458E-12,1.7797456E-12,2.799304E-12,1.32586815E-11,4.5746614E-12,3.581625E-11,3.378127E-11,1.3731483E-11,1.5032261E-13,2.5454235E-12,8.2839936E-13,7.568115E-13,1.0325888E-12,2.1715267E-13,8.5615226E-16,9.345576E-13,8.727465E-13,9.198286E-12,1.9391149E-12,2.9146224E-11,1.6350697E-11,1.574174E-11
Bassas da India,0,0,0,0,0,0,0,0,0,0,0,0,0,0,0,0,0,0,0,0,0,0,0,0,0,0,0,0,0,0,0,2.0316253E-13,1.2264037E-13,4.412472E-14,9.895593E-14,1.583028E-13,6.5357664E-13,5.3109884E-14,0,0,0,0,0,0,0,0,0,0,0,0,0,0,0,1.5453418E-17,0,2.5784928E-19,9.279394E-22,0,0,0,0,0,0,0,0,0,0,0,0,0.0000000054207856,0.000000012985363,0.000000037574235,0.00000020080475,0.00000007301848,0.00000015448035,0.000000055772816,0.0000000014306154,1.08492985E-10,2.7213762E-11,1.4058665E-10,9.315059E-11,4.7381363E-11,7.7781975E-11,1.6421597E-10,1.9956353E-10,1.5836034E-10,9.497782E-12,0.0000000036368188,4.8951117E-11,2.3482098E-11,1.184003E-13,3.0058857E-17,1.2939418E-18,1.04942375E-19,0,0,0,0,0,0,0.00009029134,0.003815578,0.0000007076282,7.1252404E-10,0,0.0000000098163015,0.00000000329217,0.000000007609482,0,0.0000000015503983,0.000000012148691,7.7985773E-10,0.0000000031641778,6.8899403E-10,0.00000094192933,0.0000082152255,0.00003381631,0.000004227462,0.000001455905,0.0000005768706,0.000000084205816,0.00000008247842,0.00000029562247,0.00000006285339,0.000000007465091,0.000000017644789,0.0000000016708794,0.0000000139401966,0.000000010475038,0.000000035844707,0.00000013933773,0.000000012551485,7.669681E-10,1.0199731E-10,3.8589262E-10,1.1472245E-10,3.565775E-10,2.1210113E-10,4.7706317E-10,0.0000000035171566,0.000000005754104,3.9366913E-10,0.0000000015539735,0.0000000014525476,4.937251E-10,0.0000000012326102,3.7882977E-10,5.506861E-11,5.6330957E-11,2.48851E-11,7.500338E-12,3.7460516E-13,7.0515046E-13,1.483368E-10,2.891979E-10,4.2599663E-10,3.063561E-11,1.2261994E-10,1.2339986E-12,4.256693E-11,1.3847011E-11,1.5971476E-10,4.1170005E-11,1.0144106E-10,1.0090917E-10,4.2953606E-11,6.814216E-13,5.0242286E-11,1.1665232E-11,8.123814E-12,5.0668827E-11,1.3932297E-11,5.945389E-14,2.591033E-11,3.071325E-11,7.5808484E-11,2.7252332E-12,2.2135847E-11,6.2538685E-12,7.709347E-12
Juan de Nova Island,0,0,2.966249E-19,8.5138226E-19,7.555413E-19,6.0866023E-19,0,0,0,0,0,0,0,0,0,0,0,0,0,0,0,0,0,0,0,0,0,0,0,0,2.75835E-21,0.0000000050279008,0.0000000024559992,0.0000000019946287,0.0000000028298572,0.0000000036516719,0.0000000032403304,9.90837E-10,1.7893121E-12,9.449094E-18,8.032673E-16,4.485402E-18,1.9513838E-18,5.4570013E-15,2.592492E-16,1.5708672E-16,1.7034841E-15,8.5957835E-16,7.460937E-15,9.976251E-15,2.0930085E-15,1.2634101E-14,5.0348087E-15,1.5517762E-13,9.9058836E-14,3.322403E-14,7.3077564E-14,2.427301E-14,6.1593573E-16,3.9740922E-15,9.254271E-16,1.5582585E-15,2.1677665E-15,8.84254E-17,6.902431E-17,2.057658E-15,1.7368053E-14,2.851563E-16,6.1927942E-15,0.00000020850685,0.00000061334487,0.0000061779215,0.000006408181,0.0000051229267,0.000019773837,0.00011271609,0.000022674374,0.0000060802654,0.00000061721397,0.0000016224438,0.0000001169309,0.00000035219054,0.0000002356481,0.0000004904013,0.000000416177,0.000000083117456,0.000000016486469,0.0000013662092,0.0000000094612975,0.00000001091461,7.3832984E-10,3.0923885E-12,4.258586E-14,5.2679394E-17,0,0,0,0,0,0,0.00000055208443,0.000007825048,0.0037259832,0.00000091103993,0,0.000028039663,0.000009302471,0.000013926999,0,0.0000032451396,0.000013656291,0.0000018169876,0.0000034244115,0.0000023289876,0.00000009915628,0.000000937289,0.0000032778698,0.000035511966,0.000038565293,0.000031724696,0.000009392008,0.0000372462,0.000082129794,0.00003690962,0.0000080461205,0.000019873907,0.0000047099093,0.000010641346,0.000009566616,0.000012929009,0.00001284512,0.000018860432,0.000006020101,0.0000011823614,0.0000011448006,0.0000019923978,0.0000014101097,0.0000005194256,0.000000784858,0.000002175964,0.000005969991,0.0000006566653,0.0000023070036,0.0000028633865,0.0000010009512,0.0000019997256,0.00000057757563,0.00000019852148,0.00000021494452,0.0000002319213,0.0000001560094,0.00000003063968,0.000000016211173,0.0000003883337,0.0000007270634,0.00000070286023,0.000000047874153,0.0000005485422,0.00000011385977,0.00000016900255,0.000000038495816,0.00000086901775,0.00000036667694,0.00000017093134,0.0000001232749,0.00000014146521,0.000000016316703,0.00000024761303,0.00000007494535,0.00000007188868,0.00000012330946,0.000000024563743,1.458097E-10,0.000000036001882,0.00000004242154,0.000000111283036,0.000000010460249,0.000000047497444,0.00000002015055,0.000000040480653
Glorioso Islands,5.5031185E-14,1.1365008E-15,3.0766474E-18,7.362004E-19,1.8849885E-18,4.7430148E-18,0,0,1.4125806E-18,8.365558E-20,0,0,0,0,0,0,0,0,0,0,0,0,3.9762365E-19,4.1323578E-19,8.224324E-20,0,0,0,0,0,3.763381E-14,0.0000045727115,0.000009690228,0.0000022093557,0.0000017342657,0.000013934269,0.0000006399317,0.00000021407072,8.76666E-12,3.2929776E-15,2.654549E-14,1.2427558E-14,5.8331233E-15,8.707768E-12,7.617796E-13,3.447345E-13,1.1290423E-12,2.1636482E-12,1.3642857E-11,2.5344078E-11,3.0739623E-12,8.96061E-12,5.250586E-12,4.385533E-10,7.583854E-11,2.9863953E-10,0.0000000012358444,7.413487E-12,5.2538802E-12,1.2107482E-10,7.0016675E-12,3.2479724E-11,6.1903165E-12,2.927232E-13,1.0603347E-12,1.9908899E-12,2.7746036E-11,4.468225E-12,6.995692E-11,2.0198161E-10,7.2477013E-10,0.000000006925161,0.000000007974824,0.0000000035285577,0.0000000073355664,0.0000000694397,0.0000000379653,0.00000018516225,0.00000022063935,0.00000018213709,0.00000019313323,0.00000065902003,0.00000684512,0.00002243768,0.000064539716,0.000032716416,0.000006669696,0.00039985316,0.000021947648,0.000023055118,0.00000080612716,8.331034E-10,2.1576246E-10,8.8537706E-13,4.1049456E-13,2.1192165E-15,3.86561E-14,0,0,0,9.454268E-10,0.000000011914288,0.000002399362,0.0042199083,0,0.0006659495,0.0004548044,0.0008213564,0,0.0006725174,0.00039289246,0.00020774861,0.00008028133,0.0006845649,6.384329E-10,0.0000000035045162,0.000000017784249,0.000000382319,0.00000056426813,0.0000005813516,0.00000033382537,0.0000026024138,0.000016381362,0.000023180355,0.00000593225,0.000040229806,0.000017646336,0.00007770424,0.00007170721,0.00006593673,0.000081753475,0.0001603315,0.000070158385,0.000019588273,0.000027013111,0.0000259697,0.000017215882,0.0000074513027,0.00001651367,0.000027024877,0.00006545334,0.000009243216,0.000022612752,0.00003500252,0.000016614595,0.000023145298,0.0000070587803,0.0000020968166,0.000004501259,0.0000032347273,0.00000249848,0.0000005044272,0.00000023787292,0.000006080551,0.000012515632,0.000012632989,0.0000022474417,0.000013797582,0.0000009012287,0.0000038114067,0.000001929432,0.000014122147,0.0000046667215,0.000013404517,0.000009239299,0.000005195056,0.00000034805186,0.000004221873,0.0000012660354,0.000001440693,0.0000041118005,0.000000715872,0.00000000408345,0.0000010255386,0.0000015263458,0.000004294002,0.0000005846542,0.0000012422424,0.00000051038074,0.00000093279647
Tromelin Island,0,0,0,0,0,0,0,0,0,0,0,0,0,0,0,0,0,0,0,0,0,0,0,0,0,1.7570034E-10,1.2344747E-10,1.8549636E-11,0,0,0,0.00000006390687,5.373388E-10,0.0000000071857302,0.000000019710424,0.00000012767508,0.00000003857596,0.000000011924463,0.0000000028116816,2.2427357E-10,0.000000011316971,1.0666852E-11,2.4144356E-12,5.246E-10,1.7221271E-11,2.197768E-12,8.96721E-13,2.373635E-13,1.2776054E-15,6.0955747E-16,1.3701401E-16,1.0628082E-15,4.7761334E-16,1.3301675E-14,2.064629E-15,1.6281634E-15,2.205525E-15,1.687744E-16,5.146693E-14,2.868367E-16,3.2781274E-16,1.5476587E-15,3.2010464E-17,3.0447777E-17,4.1405148E-17,5.022332E-18,5.9257705E-16,2.1009862E-18,2.7055323E-17,1.0299408E-15,1.2396735E-14,8.1303135E-14,1.0070566E-13,8.761178E-14,3.2832341E-13,6.394613E-11,2.113691E-11,9.2706155E-11,2.2490952E-11,2.2349483E-11,5.1259573E-11,8.710653E-11,9.026935E-10,0.000000003710545,0.000000084563446,0.0000000020990503,0.00000001095406,0.00000077651606,0.00000015749717,0.00000028626422,0.0000983601,0.00003026261,0.000051013863,0.000051146104,0.00008838122,0.000011943163,0.0000342063,0.0000021370583,0.000000101208904,5.91636E-10,9.555654E-13,6.791621E-12,0.0000000039488732,0.000014519833,0.00049750705,0.00000089336095,0.0000006376332,0.0000012246654,0.000000030981422,0.000000983618,0.00000069064373,0.00000029125636,0.00000016293134,0.000001029656,7.7831985E-13,1.5439736E-11,1.9698982E-11,5.891751E-10,0.0000000025834008,0.0000000022139095,0.0000000018052863,0.000000003649853,0.00000001919184,0.00000002146931,0.000000012266416,0.000000050109588,0.000000033816555,0.00000021322208,0.00000022367547,0.00000013156895,0.00000023355707,0.000000549724,0.00000012562393,0.00000001754225,0.000000012341898,0.000000038739877,0.000000037304265,0.000000012706613,0.000000034594247,0.00000009676803,0.00000032995888,0.00000004183015,0.00000012157099,0.00000013135681,0.000000059625414,0.00000010901548,0.000000033531634,0.000000007788087,0.000000037270404,0.0000000019695072,0.0000000025523712,1.9166793E-10,5.4222005E-10,0.000000020791646,0.00000005626242,0.00000003718473,0.0000000036572891,0.000000024666788,0.0000000011879066,0.00000004481624,0.000000012353629,0.000000041539213,0.000000025136822,0.000000112863596,0.00000005966961,0.000000024732698,0.0000000017044499,0.000000017434653,0.0000000030836296,0.000000003587124,0.000000023234934,0.0000000012969623,6.7922985E-12,0.0000000059581233,0.0000000055749854,0.000000025649364,0.000000003280607,0.0000000069041652,0.0000000021730746,0.0000000068975843
Mayotte S,1.2387736E-16,1.0279549E-17,2.283694E-19,9.8850616E-20,9.4529354E-20,1.3388713E-19,0,0,4.403421E-19,4.2949124E-20,0,0,1.1077901E-19,5.071272E-20,8.66079E-21,0,0,0,0,0,0,0,0,0,0,0,0,0,0,0,7.2556175E-16,0.0000015410781,0.0000011218143,0.00000020133209,0.0000006689386,0.0000010081959,0.0000005760601,0.0000001246189,3.6847272E-11,1.9995015E-15,1.0454729E-14,4.5033015E-15,1.4027609E-15,1.5466321E-11,7.728278E-13,2.6914042E-12,4.5107017E-13,4.913616E-13,1.0628083E-11,1.20049136E-11,3.9983815E-12,1.3296528E-11,5.145978E-12,1.8810493E-11,6.0752566E-12,4.101568E-12,3.4264184E-12,2.2702458E-11,1.4356208E-13,7.153176E-13,1.4510071E-12,1.4277671E-12,4.0042184E-12,4.2102108E-14,7.795075E-14,1.3341497E-13,5.809035E-13,3.0694566E-14,6.228556E-13,1.0491491E-10,4.9815685E-10,0.0000000037195118,0.000000007546683,0.000000010443556,0.000000021558533,0.00000012486775,0.000000055984025,0.0000017464388,0.0000019159459,0.0000009718304,0.0000018126236,0.0000036123597,0.000020818221,0.000048471185,0.00007471571,0.00001610511,0.000005026689,0.0005441329,0.0000029193209,0.0000024508972,0.00000026900167,0.0000000038750314,2.8249278E-10,8.1099765E-17,5.100769E-19,0,0,0,0,0,0.0000000013352612,0.000000024497773,0.0000058196347,0.00031678652,0,0.033227723,0.011040711,0.007975362,0,0.0004901253,0.00033468663,0.00008318065,0.000031875305,0.00025227905,1.9984221E-10,0.000000003039387,0.000000009556893,0.00000037980072,0.00000059880364,0.0000004929599,0.00000030734708,0.0000028797806,0.0000117044065,0.000010351868,0.0000034368027,0.000020125723,0.000011547906,0.00003747096,0.00005425586,0.000048822047,0.00005741996,0.00009870423,0.000036651887,0.0000088196075,0.000012621735,0.000013661952,0.000011274235,0.000005669636,0.000013035772,0.000021717125,0.00004617481,0.000006761865,0.00001643295,0.000018869443,0.000008341267,0.000014293672,0.00000487767,0.0000016047258,0.0000019896952,0.0000013499041,0.0000018367954,0.00000030113742,0.00000014621524,0.0000043686246,0.000008754804,0.0000071625586,0.00000082491454,0.0000061341975,0.0000005398048,0.000002434015,0.0000015128057,0.00000783392,0.0000026493233,0.000003817752,0.000003416889,0.000002149381,0.0000001023249,0.0000022706265,0.00000059928834,0.0000006401677,0.0000012558625,0.00000025204642,0.0000000026264417,0.00000045660457,0.00000056094035,0.00000173548,0.00000020395332,0.00000044198495,0.00000022355867,0.00000041100586
Mayotte E,8.3542827E-17,1.0421246E-17,1.9800337E-19,0,0,4.2788693E-19,0,0,1.3382887E-19,0,0,0,8.262931E-21,7.368193E-21,1.3777239E-20,0,0,0,0,0,0,0,0,0,0,0,0,0,0,0,3.0374096E-16,0.00000046544633,0.0000010125315,0.00000009821967,0.00000008847901,0.0000002544217,0.00000016117751,0.00000006113197,7.819072E-12,2.4934191E-15,1.5268963E-14,1.1946791E-14,1.7891832E-15,1.0873964E-11,4.011504E-13,1.2766837E-12,4.6200885E-13,4.201614E-13,5.532107E-12,8.819469E-12,1.9764281E-12,5.9661815E-12,1.6668861E-12,1.6976944E-11,2.626581E-12,2.5463006E-12,1.889232E-12,8.634314E-12,1.1924317E-13,1.9283132E-13,3.0736993E-13,7.9610347E-13,2.6668674E-13,1.6390237E-14,3.765844E-14,6.6907485E-14,3.1152397E-13,1.3295634E-14,3.3877973E-13,8.584398E-11,0.0000000010300701,0.0000000034279855,0.000000005711295,0.000000011079774,0.00000002678777,0.00000007769789,0.000000034945018,0.0000005796267,0.0000005157327,0.000000742366,0.000001102598,0.000002160929,0.000014984651,0.000033022698,0.00004625638,0.000015698857,0.0000053656436,0.00040854988,0.0000026962716,0.0000025360664,0.00000014527758,0.0000000033120804,1.2611355E-10,1.0520178E-17,0,0,0,0,0,0,0.0000000015393119,0.00000002098426,0.0000028948612,0.00024644803,0,0.025516527,0.02927454,0.018416831,0,0.00042205842,0.00021347802,0.000077437406,0.000031233292,0.00024560365,2.3425945E-10,0.0000000020506026,0.000000007243211,0.0000003106062,0.0000006049164,0.00000056751486,0.00000025361066,0.0000021129113,0.000009081657,0.000008845895,0.0000031760278,0.000019800842,0.000011343836,0.000032300013,0.00006154137,0.00005028791,0.00006047669,0.000114564406,0.00004281878,0.000009571268,0.000012085371,0.000011695036,0.000011193134,0.000005511443,0.000011246271,0.000021801534,0.000045594956,0.000006468115,0.000017520466,0.000021970585,0.00001005343,0.000016568241,0.0000053042895,0.0000015909048,0.0000018975987,0.000002133275,0.0000021125509,0.0000004193681,0.00000014348802,0.000004696316,0.000008803263,0.000007780073,0.000001013777,0.0000062644235,0.0000005247369,0.0000022383074,0.0000010428492,0.00000748845,0.0000026621558,0.0000051781576,0.000004579423,0.0000032289136,0.000000093023466,0.000002349973,0.00000068967444,0.00000069974163,0.0000014917848,0.000000223754,0.000000002504618,0.00000056196393,0.00000059190944,0.0000017080964,0.00000020087094,0.00000049084497,0.00000022578523,0.0000004003774
Mayotte NW,3.6794362E-16,7.4995114E-18,1.4812142E-19,1.2688465E-19,5.7584366E-20,1.2525352E-19,0,2.9493167E-20,6.441476E-19,1.03601057E-19,4.3051883E-21,0,1.5949028E-19,1.7417052E-19,6.4408365E-22,0,0,0,0,0,0,0,0,0,3.694553E-22,0,0,0,0,0,1.2166298E-16,0.00000031772925,0.00000025264944,0.000000055315528,0.00000014430664,0.00000027507167,0.00000013643346,0.000000036065646,1.8175116E-11,1.9053921E-15,8.662271E-15,5.8928645E-15,1.0677208E-15,4.03395E-12,2.9085295E-13,1.2493371E-12,6.9555884E-13,4.1989952E-13,7.272898E-12,1.0168571E-11,2.0723675E-12,8.238283E-12,1.1894468E-12,1.7029819E-11,4.047695E-12,3.1270023E-12,3.1612588E-12,1.3201499E-11,1.5547896E-13,3.3346188E-13,4.650709E-13,1.4400131E-12,6.706087E-13,2.2421206E-14,4.6963515E-14,8.1961314E-14,2.9163174E-13,1.38252896E-14,5.6957515E-13,6.052181E-11,7.142686E-10,0.000000004549941,0.000000009289082,0.000000030493695,0.000000037155573,0.00000014716844,0.000000052542717,0.0000008941936,0.00000085872165,0.00000089607056,0.0000012333,0.000002947569,0.000017306216,0.000038881386,0.000051759143,0.000009887543,0.0000035803603,0.0004308162,0.0000025105528,0.0000019820675,0.00000016313079,0.0000000017399252,7.9881726E-11,6.9046916E-18,2.5454888E-19,0,0,0,0,0,0.0000000011166723,0.000000026365916,0.000005330215,0.00025133564,0,0.020581907,0.010087306,0.017329572,0,0.0006674967,0.00036320824,0.0001030126,0.000039022772,0.00030743977,2.752581E-10,0.000000003330447,0.000000014402117,0.0000005326334,0.0000012244229,0.00000093067655,0.00000042670695,0.0000032070564,0.000013691901,0.000015067555,0.0000053269027,0.000029812985,0.000018052973,0.000052661155,0.00008643675,0.000068600675,0.000089164445,0.00018034484,0.00006928968,0.000011884175,0.000016375558,0.000016213566,0.000018147146,0.000007939441,0.000017195536,0.00003231532,0.00007374431,0.000011463994,0.000026991605,0.00003380334,0.000015357058,0.000024617359,0.000008478153,0.0000027253764,0.0000030584536,0.0000021392993,0.0000026269825,0.0000005650186,0.00000024383039,0.000008256129,0.000015007719,0.000013272362,0.0000015190105,0.000010875581,0.0000008446852,0.0000036517781,0.0000018661117,0.000013071348,0.0000043414157,0.0000079821675,0.0000067859996,0.000004007764,0.00000017276658,0.0000039045,0.0000012128771,0.0000014460426,0.0000024737762,0.0000004707733,0.0000000044974073,0.00000083585564,0.0000011038483,0.0000029812695,0.00000035724543,0.00000086747866,0.00000035477808,0.0000006294579
Réunion,0,0,0,0,0,0,0,0,0,0,0,0,0,0,0,0,0,0,0,0,0,0,0,0,0,0.000009211817,0.00003146846,0.000029950237,0.000000001727086,1.3939182E-13,0,3.133291E-14,1.31711014E-14,4.6187423E-15,1.8817142E-14,2.1904046E-13,1.3338161E-13,1.9452755E-14,5.769793E-16,5.6564434E-18,4.114071E-15,2.301877E-18,4.8322258E-18,7.1398684E-16,4.8151973E-17,4.701029E-19,0,0,0,0,0,0,0,0,0,0,0,0,0,0,0,0,0,0,0,0,0,0,0,1.4577842E-20,3.8580793E-20,2.263766E-19,3.647556E-19,1.6430036E-19,2.1146353E-17,1.6761793E-17,3.2767234E-16,1.0583093E-16,3.163129E-14,3.286098E-15,2.5099516E-14,2.3949478E-13,1.0038229E-12,4.6836135E-13,2.5000724E-13,1.8358634E-14,2.2369452E-14,1.18372335E-11,3.084953E-12,6.244816E-12,0.0000000046392814,0.000000002300617,0.000000013189866,0.000000057156978,0.00000003710565,0.000000011291157,0.000000130524,0.000000015292155,0.0000000020771391,1.8594896E-11,5.2301046E-18,9.6490506E-17,7.548291E-14,3.6061726E-10,9.3082186E-10,9.371799E-11,9.306875E-12,2.2034536E-11,0.0030406583,2.0195554E-10,2.8436029E-10,2.9317065E-12,1.325197E-12,1.545887E-11,2.1538638E-18,3.6805964E-17,2.8587103E-16,6.0633803E-15,9.040796E-15,2.6110456E-15,7.467676E-15,6.450901E-14,2.0514283E-13,4.930457E-13,2.1765753E-13,8.9226147E-13,3.0951657E-13,5.2680985E-12,6.526368E-12,9.006901E-12,1.40644675E-11,1.9775974E-11,5.3151828E-12,6.0027656E-13,1.4681635E-12,1.1908246E-12,6.0915157E-12,2.8723508E-12,7.613543E-12,4.871212E-12,3.9244476E-12,5.864895E-13,1.0521813E-12,3.036531E-12,1.8087258E-12,1.4369197E-12,2.943334E-13,1.3414565E-13,9.230202E-13,2.1493173E-14,6.7430984E-13,4.3865248E-14,9.350993E-14,6.1999917E-13,1.0995726E-12,3.9131875E-12,5.089691E-13,3.2689134E-12,1.4810389E-13,1.5342868E-12,3.1146917E-13,7.431614E-13,1.6298092E-13,4.360838E-12,5.4141344E-12,1.374961E-12,2.632858E-15,1.829827E-13,2.3026708E-14,2.6666112E-14,4.071959E-13,1.2960992E-13,1.0563909E-15,1.6130067E-13,2.2853377E-13,1.9142994E-12,2.7149965E-13,5.0671403E-13,6.359202E-14,1.2684408E-13
Nzwani,2.7558829E-15,1.6810692E-17,9.9199585E-18,3.037504E-18,3.404329E-18,2.2946711E-17,0,0,1.6865043E-18,4.6928254E-21,8.003933E-22,0,5.260064E-20,0,3.333157E-20,5.506964E-20,4.0984275E-21,0,3.9540377E-20,0,0,0,6.652698E-19,9.912877E-19,4.6768564E-19,0,0,0,0,0,4.090758E-17,0.00000005237575,0.000000039300154,0.0000000057565237,0.000000012442731,0.00000014134766,0.000000037219014,0.000000007240605,2.1759936E-13,1.7520028E-15,4.530939E-16,4.348732E-17,2.6990548E-17,2.9298143E-13,3.054104E-14,3.3591501E-15,6.344697E-13,7.637787E-13,1.1804679E-11,7.5544935E-12,2.0474826E-12,1.3952189E-12,8.1634656E-13,3.063088E-11,9.489459E-12,2.130444E-11,2.0079351E-11,5.617035E-12,6.109984E-14,2.351206E-12,5.4159927E-12,1.0076316E-11,2.215303E-12,5.780078E-14,5.074836E-14,7.1311403E-13,3.65896E-12,1.1637336E-13,2.1683618E-12,0.0000000023614448,0.0000000051702367,0.00000005374249,0.000000038055543,0.000000014053186,0.00000004589443,0.0000003739831,0.00000015985263,0.0000009735121,0.0000010247247,0.0000007033601,0.000000870421,0.0000022038323,0.0000067277406,0.000010776413,0.000015376088,0.0000021819608,0.0000009787407,0.00012208581,0.0000005669336,0.00000050151067,0.000000028281784,1.2769252E-10,5.7330824E-12,2.6988639E-17,3.0718077E-17,0,0,0,0,0,0.0000000069789605,0.000000058479433,0.0000056396016,0.00006389465,0,0.0017154476,0.00060227775,0.0014966871,0,0.029312331,0.0013774065,0.00030188521,0.0001227189,0.0007192286,0.000000002030986,0.000000010582676,0.000000045902908,0.0000009908855,0.0000016061806,0.000001233844,0.00000061976795,0.000004804204,0.000024993082,0.000029874282,0.0000074971426,0.00004028392,0.000027116332,0.000076009535,0.000105802545,0.00008388301,0.00010921424,0.00020820423,0.0000873347,0.000020379663,0.000025808824,0.000026014468,0.000024019548,0.000011185325,0.000026959578,0.00004696658,0.00010310525,0.000013798531,0.000036794816,0.000045873432,0.000018283863,0.00003495549,0.000011197172,0.0000036555778,0.000004004876,0.000003818944,0.000003066586,0.0000007235127,0.0000003052705,0.0000113335855,0.000024540086,0.000018349347,0.0000019988086,0.000014914265,0.0000011215828,0.000004797444,0.0000022127626,0.000013914539,0.000005039689,0.000009551001,0.000006459328,0.000003789182,0.00000025605962,0.0000046254954,0.000001188869,0.0000013697096,0.0000034857871,0.0000005509805,0.0000000071125137,0.0000011587997,0.0000013688352,0.0000040816267,0.00000048671365,0.0000011633538,0.0000004890579,0.00000083952926
Mwali,1.6859778E-15,2.914235E-17,4.0857144E-17,4.2562436E-17,6.578237E-17,1.08798054E-16,0,0,3.084759E-17,9.343512E-19,0,0,0,0,0,0,0,0,0,0,0,0,0,0,3.2145593E-19,0,0,0,0,0,1.241827E-15,0.00000008581904,0.000000042745043,0.000000010287483,0.000000017774965,0.00000014086326,0.00000008784921,0.0000000120489565,2.0456001E-11,1.5423508E-15,1.8433578E-15,1.5984552E-16,3.8207195E-17,1.3898499E-13,2.8850122E-14,6.323865E-15,5.359105E-13,1.0545252E-12,1.8771307E-11,1.6600898E-11,2.8409798E-12,4.3846905E-12,9.772406E-13,3.3639067E-11,8.922643E-12,2.2790443E-11,1.9068323E-11,1.6082495E-11,1.5382486E-13,3.2459586E-12,2.7701361E-12,9.674449E-12,1.2437848E-12,6.489765E-14,5.000084E-14,8.229187E-13,6.3288116E-12,1.476845E-13,1.782861E-12,0.000000005204186,0.000000016277433,0.00000012265528,0.000000101897996,0.000000027261272,0.00000009792314,0.00000079820217,0.00000036332233,0.0000018787182,0.0000024484855,0.000002609336,0.000002025685,0.0000047278763,0.0000087084345,0.000012012169,0.000014168771,0.0000029024768,0.00000082201916,0.00010304025,0.00000058719763,0.0000005788054,0.000000024490467,1.8594415E-10,2.3799082E-11,4.6287924E-15,9.671404E-16,8.162952E-18,8.540713E-17,0,0,0,0.000000010726024,0.000000073781976,0.000012313812,0.00004444097,0,0.0013754452,0.0004152081,0.0009500763,0,0.0006429591,0.027552001,0.0003288746,0.00026579094,0.0005886558,0.0000000014125446,0.000000022523416,0.00000006363865,0.0000013278258,0.0000024731628,0.000003012705,0.0000014119779,0.000010875466,0.00006471144,0.00007940187,0.000021845495,0.0001343489,0.00006200026,0.00017672194,0.00020362822,0.00016802739,0.00020086777,0.00032470774,0.000093179086,0.000021789621,0.000028516264,0.000030614585,0.000029879915,0.000013458499,0.000030830448,0.000065261316,0.00014885515,0.0000185961,0.00005269576,0.00005618175,0.00002190127,0.000045778448,0.000015549705,0.000004891566,0.000005360332,0.0000047391723,0.000004485794,0.00000086329345,0.00000033740412,0.000014020935,0.000029052348,0.000024226765,0.0000036607175,0.000019621102,0.0000014011018,0.000005282221,0.0000024194253,0.000014505103,0.0000052619216,0.000010137605,0.000007367162,0.0000045116894,0.00000035043652,0.000004776368,0.0000013749361,0.0000014081243,0.0000030049814,0.00000055110223,0.000000005503907,0.0000010236124,0.0000014572469,0.0000046095447,0.00000052556896,0.00000123357,0.00000047486694,0.00000092034657
Ngazidja SE,6.9008604E-15,6.098736E-17,1.4927645E-17,1.824069E-17,2.8712283E-17,3.200461E-17,0,0,1.4189266E-17,5.5564577E-21,0,0,0,2.0265125E-18,6.7105735E-19,1.0923231E-18,4.805032E-19,0,3.7953807E-19,3.494036E-20,1.5710455E-19,0,0,0,0,0,0,0,0,0,4.651997E-16,0.0000000033263736,0.0000000033905498,0.0000000017631749,0.0000000018048391,0.0000000091989305,0.000000019066913,0.000000010801652,1.5018785E-13,6.093243E-16,6.8906236E-15,4.3085993E-16,6.2090956E-17,3.922052E-13,6.0064877E-15,8.761917E-15,6.839499E-13,2.3431487E-12,4.0152593E-11,2.020685E-11,5.0152864E-12,5.3041664E-12,5.247574E-12,1.4121006E-10,4.17781E-11,1.0841536E-10,5.84563E-11,2.751286E-12,2.6231304E-14,9.091675E-12,1.8514296E-11,4.5985087E-11,5.1313584E-12,1.9433724E-13,2.114955E-13,2.6159656E-12,2.9729226E-11,9.386665E-13,1.7912926E-11,0.0000000014728635,0.000000005728623,0.000000046072447,0.000000037029903,0.000000029814387,0.000000069945074,0.000000652178,0.0000003117399,0.0000009014026,0.0000008610668,0.00000060768554,0.0000006090008,0.0000012012825,0.0000033401875,0.000004424524,0.000005266331,0.0000012075702,0.00000039331306,0.00002856858,0.00000016392801,0.00000015440936,0.0000000065702648,6.445204E-12,1.1307245E-12,7.801058E-16,8.424556E-16,8.749361E-19,6.6514664E-18,0,0,0,0.0000000085079535,0.00000014371051,0.000011124237,0.000012513193,0,0.00036105892,0.0001071814,0.0002602933,0,0.00026590115,0.0014704015,0.012985314,0.004588084,0.008878643,9.1509594E-10,0.000000014386338,0.00000009171653,0.000001123545,0.0000017766367,0.0000015842668,0.0000010685532,0.000008823985,0.000059656602,0.00007789143,0.000017662886,0.00008767537,0.000058623787,0.00025241077,0.00020186622,0.00017868559,0.00020708436,0.00034501718,0.00013213961,0.000028465178,0.000051618794,0.00005034714,0.000039659597,0.000017786786,0.000039848936,0.00007132619,0.00017739984,0.00002175836,0.00006189445,0.00006976936,0.00003061103,0.000056575205,0.000018570301,0.000005644631,0.000006749945,0.0000059188196,0.0000051455727,0.0000010925318,0.0000004458444,0.000019238936,0.00003823431,0.000030429008,0.0000034706445,0.000022735616,0.0000018516331,0.0000068099143,0.000004320107,0.00002433178,0.000008216165,0.000016594611,0.000012790085,0.0000087102535,0.0000005297214,0.000007726197,0.0000021257085,0.0000021971296,0.000004280036,0.0000008161104,0.000000007468034,0.0000017293,0.0000022827714,0.000005851758,0.00000061980467,0.0000017177317,0.00000074887214,0.0000014664785
Ngazidja SW,2.6527376E-15,3.912667E-15,1.20786E-16,5.83781E-17,7.9603124E-17,1.4262256E-16,0,0,3.0838382E-17,2.2177858E-18,0,0,0,0,0,0,0,0,0,0,0,0,0,0,3.5267549E-19,0,0,0,0,0,8.69468E-19,0.000000003838153,0.000000005176442,0.0000000016693811,0.0000000015328079,0.000000011756737,0.0000000067112502,0.0000000031105254,9.6946505E-14,2.875801E-16,2.420338E-16,9.101936E-17,1.6143252E-17,2.0478482E-13,8.669812E-15,5.092175E-15,1.5860389E-12,1.3980448E-12,1.0276706E-11,4.165377E-12,1.0230121E-12,5.171184E-12,1.6783582E-12,1.9634265E-11,2.4438451E-11,1.863553E-11,9.681497E-12,5.764283E-12,3.4277035E-14,1.241995E-12,1.9403116E-12,4.376369E-12,8.876347E-13,5.91415E-14,6.0627976E-14,1.3593636E-12,8.351021E-12,1.7006451E-13,2.3212502E-12,7.134328E-10,0.0000000023780613,0.0000000299488,0.000000043464716,0.00000005243417,0.00000009202448,0.000001141156,0.0000003138913,0.00000073595436,0.00000048246335,0.00000025232083,0.00000019856164,0.00000044516062,0.0000012012458,0.0000016894894,0.0000021002413,0.00000064564927,0.00000021884031,0.000020708121,0.000000111676,0.00000018090655,0.000000025840615,7.970953E-11,1.1428096E-12,2.8940863E-16,9.249961E-17,4.331781E-20,9.729463E-19,0,0,0,0.000000023643798,0.00000021165023,0.00001534906,0.0000075394328,0,0.00026882644,0.000077865756,0.00018076603,0,0.00015952579,0.0009865954,0.0012483571,0.010874177,0.0039949333,0.000000002245442,0.000000024737895,0.00000013934319,0.0000026772054,0.0000040720042,0.0000043945874,0.000002856198,0.000021663776,0.00013592528,0.00016270339,0.000041434905,0.00023421965,0.00013133687,0.00058897433,0.0005724615,0.00049321825,0.00054423633,0.00090296206,0.000328399,0.00008963055,0.00011845675,0.00010531664,0.00010926859,0.000049880826,0.00011226681,0.00019938531,0.0004446223,0.000057160738,0.00015639559,0.00018131519,0.00007505891,0.0001377236,0.000044837325,0.000013673456,0.000016759304,0.000014355159,0.000015532994,0.0000031782524,0.0000012197197,0.000044001485,0.000081258186,0.00007403458,0.000009099045,0.000059459202,0.000005093382,0.000014719229,0.000010138066,0.000060751707,0.000021706213,0.00002882435,0.00002013323,0.000014171432,0.00000085161406,0.000019926953,0.000005996098,0.0000069080234,0.000013072578,0.0000031986424,0.000000016146808,0.0000037767318,0.0000044299213,0.000013384185,0.0000014611225,0.0000036295717,0.0000017127281,0.0000032628443
Ngazidja N,3.256632E-15,2.7119793E-16,1.845011E-16,2.4487826E-16,2.1102704E-16,6.7661844E-16,4.66458E-19,0,1.3049604E-16,5.3344175E-18,0,0,4.8422517E-20,0,3.853996E-20,0,0,0,1.9519942E-21,0,0,0,2.8725982E-19,0,7.1475294E-20,0,0,0,0,0,2.0917027E-16,5.7965044E-10,5.832672E-10,2.4656394E-10,3.3608308E-10,0.0000000016115744,0.0000000019317425,4.8636617E-10,8.8283906E-14,4.6675992E-17,5.794233E-16,7.4887354E-17,6.355834E-17,3.9637405E-14,1.6884117E-15,1.9315369E-15,8.100246E-13,4.36972E-13,7.0718553E-12,5.608615E-12,1.0366556E-12,7.1305657E-12,1.8133874E-12,1.8491467E-11,2.1331556E-11,5.134438E-11,1.154759E-11,5.4987087E-12,2.6430333E-14,1.1641689E-12,2.044993E-12,4.4577775E-12,7.5947224E-13,4.3306115E-14,3.528868E-14,6.2346146E-13,6.2166544E-12,9.46457E-14,3.7007545E-12,1.1821588E-10,3.9722492E-10,0.0000000031695953,0.00000000524408,0.000000005875198,0.000000014781516,0.0000002890283,0.00000009912892,0.00000012592042,0.00000012134318,0.00000007214545,0.000000056851654,0.00000015187715,0.000000475456,0.0000006800376,0.00000080431477,0.00000015374704,0.000000051358064,0.0000058960177,0.000000024179766,0.000000023222604,0.0000000019802537,5.7554803E-12,9.306954E-14,1.0692522E-16,3.0354435E-17,1.7559926E-20,5.6669283E-18,0,0,0,0.000000004290126,0.000000030147895,0.000006112167,0.0000022737636,0,0.00009196957,0.000025174655,0.00007501777,0,0.00006748079,0.0003223833,0.005984003,0.002487612,0.038260214,0.0000000013043766,0.000000011215737,0.00000006357646,0.000001201182,0.0000019543563,0.0000019857378,0.0000010775115,0.00000795377,0.00005415755,0.00007015321,0.000017902392,0.00011075855,0.00006370066,0.00022716136,0.00025968303,0.0002596679,0.00028143672,0.00053392485,0.0001871622,0.000040612522,0.00006110191,0.00006311405,0.000057789337,0.000028621378,0.00006363714,0.00012750765,0.00026455027,0.000035962697,0.00009519439,0.0001195311,0.0000468729,0.000089892965,0.000029897668,0.000009167362,0.000013127345,0.000012093938,0.000010558582,0.0000022200652,0.0000009632762,0.000029157425,0.00006065483,0.000051137267,0.0000064767964,0.00003780003,0.000004193666,0.000011187372,0.000005565858,0.000035311325,0.000012358755,0.000026608353,0.000018403474,0.000012692297,0.0000011176704,0.000011923854,0.0000035673245,0.0000037023624,0.0000071757554,0.0000016236253,0.000000010117445,0.00000293164,0.0000037504474,0.000010324136,0.0000012083675,0.0000033482638,0.0000014934218,0.0000023962514
Guiducua,0,0,0,0,0,0,0,0,0,0,0,0,0,0,0,0,0,0,0,0,0,0,0,0,0,0,0,0,0,0,0,0,0,0,0,0,0,0,0,0,0,0,0,0,0,0,0,0,0,0,0,0,0,0,0,0,0,0,0,0,0,0,0,0,0,0,0,0,0,0,0,0,0,3.148427E-17,7.4585846E-16,1.6734802E-15,2.87015E-16,0,0,0,0,1.03538294E-20,0,0,0,0,0,2.906207E-17,0,0,0,0,0,0,0,0,0,0,0,0,2.036094E-11,2.932421E-10,1.5060042E-12,1.9556027E-14,0,6.3886854E-15,2.8689093E-16,7.958667E-16,0,2.6846552E-14,6.0446317E-15,6.145473E-17,2.3315705E-14,1.4665604E-16,0.00056498544,0.002152924,0.0003133891,1.4068065E-10,2.0718042E-11,6.3934227E-12,8.6722296E-14,1.4735289E-13,2.790005E-13,2.205795E-15,1.6912191E-16,2.1219584E-16,2.0203735E-15,2.982001E-16,7.360866E-16,1.9284757E-15,1.2837361E-15,4.0555933E-15,8.6047827E-16,1.5726872E-18,0,1.4062246E-19,9.37605E-17,8.787481E-17,2.8216894E-17,1.8961791E-16,1.7943825E-15,3.683316E-17,1.0430205E-15,2.6172672E-16,5.4973295E-17,1.150628E-15,2.6854163E-16,1.6081885E-16,9.06321E-16,6.526804E-19,1.2867296E-16,0,8.634422E-18,7.264839E-17,1.5892151E-17,1.732873E-17,7.595217E-19,8.596429E-18,2.529083E-17,2.5183454E-17,1.3263176E-17,7.30365E-18,6.0770577E-18,5.2639428E-17,4.1366108E-17,1.5643481E-17,3.6459292E-18,3.9346633E-18,0,0,0,0,0,0,0,3.0731466E-19,1.635459E-18,0,5.551854E-20,2.9036997E-18
Vilanculos,0,0,0,0,0,0,0,0,0,0,0,0,0,0,0,0,0,0,0,0,0,0,0,0,0,0,0,0,0,0,0,0,0,0,0,0,0,0,0,0,0,0,0,0,0,0,0,0,0,0,0,0,0,0,0,0,0,0,0,0,0,0,0,0,0,0,0,0,0,0,2.1786096E-17,5.120949E-16,1.1363007E-15,2.1085403E-14,6.208729E-14,6.7585106E-15,1.2362776E-15,3.4160851E-15,0,9.810644E-20,1.4855664E-17,5.157341E-19,2.6303965E-17,6.6998734E-16,1.7031931E-15,4.639609E-21,1.6491783E-21,1.3473962E-15,0,0,0,0,0,0,0,0,0,0,0,0,0.000000002679395,0.000000007119931,1.39077335E-11,3.7975333E-16,0,6.5122664E-14,1.9351469E-14,1.3048387E-14,0,3.276739E-14,8.395157E-15,8.631813E-16,4.878703E-15,1.1552045E-15,0.00021434751,0.013108284,0.0016401496,2.4126615E-10,3.6304515E-11,2.5511307E-11,4.041334E-14,8.954176E-14,2.434717E-13,1.8128606E-14,1.7507676E-15,1.5806204E-14,3.1118148E-15,1.4034311E-14,4.7510595E-15,1.9115723E-14,2.2348829E-14,7.0538885E-14,1.6390604E-14,9.900763E-16,3.0607858E-16,2.7395153E-16,8.604709E-15,1.7694118E-15,9.213597E-16,4.2287726E-15,5.517698E-15,5.733452E-16,1.4642296E-15,2.5677304E-16,9.5740425E-17,9.596366E-16,7.1218207E-16,2.359872E-16,4.0925982E-16,4.383798E-18,2.4527713E-17,9.050986E-19,8.1515475E-19,3.9154945E-16,5.457645E-16,1.3920002E-16,8.6048175E-18,9.1201784E-17,2.4020448E-18,2.8451268E-17,6.339062E-18,1.5722342E-16,3.145095E-17,4.6231016E-15,8.432757E-15,1.8246555E-15,0,2.35192E-17,6.764952E-18,5.845493E-19,7.203397E-18,8.715921E-18,1.1639783E-20,7.363884E-18,5.7714346E-19,3.605901E-18,9.385036E-19,5.90354E-21,4.686622E-17,2.5867999E-17
Parque Nacional do Bazaruto,0,0,0,0,0,0,0,0,0,0,0,0,0,0,0,0,0,0,0,0,0,0,0,0,0,0,0,0,0,0,0,0,0,0,0,1.8559944E-23,0,0,0,0,0,0,0,0,0,0,0,0,0,0,0,0,0,0,0,0,0,0,0,0,0,0,0,0,0,0,0,0,0,4.960736E-16,7.368295E-15,1.23749E-13,8.107807E-14,3.2538432E-14,5.3439495E-14,4.1667546E-14,1.4472361E-14,7.626275E-15,8.241629E-19,9.126517E-18,8.242213E-17,1.078209E-17,7.621323E-16,4.567068E-15,3.6422315E-14,6.1019095E-17,1.3780676E-17,4.5685327E-11,2.3626687E-13,9.809784E-13,0,0,0,0,0,0,0,0,0,0,0.000000013903144,0.00000017390991,5.744485E-12,7.494659E-14,0,2.3220426E-13,8.745871E-14,1.1032257E-13,0,1.2058948E-13,1.5380905E-14,8.634853E-15,2.13012E-14,6.117481E-15,0.00008204401,0.0033353928,0.019356795,8.002402E-10,2.5194735E-10,3.0110694E-10,6.573706E-11,5.6265166E-11,1.5275965E-10,2.5349289E-11,9.984742E-13,2.9927583E-10,9.3006813E-10,3.298651E-10,8.323125E-12,8.984562E-12,6.355499E-12,1.1488491E-11,2.6468096E-12,3.619588E-15,4.1265714E-16,6.732667E-16,2.747765E-13,1.9266641E-15,1.6701924E-13,4.8131832E-11,2.2544304E-10,3.942062E-11,5.785859E-11,1.8089473E-10,1.12160524E-10,1.01839856E-10,3.10311E-11,6.613077E-12,1.571545E-10,2.9022366E-12,5.2748756E-13,1.2609034E-12,1.3188308E-12,1.09926885E-11,2.2250417E-11,2.8100597E-11,1.145231E-12,3.347318E-12,1.6616706E-12,1.2612581E-11,1.4242252E-13,1.7604121E-12,3.4597238E-13,5.0845533E-10,4.384935E-10,2.5562533E-10,7.834142E-11,5.411723E-14,1.1691679E-15,1.7456802E-15,2.1051248E-15,2.1673679E-16,1.2256884E-19,1.31646335E-14,7.3302265E-15,1.4734751E-12,3.723393E-13,5.5533373E-12,4.2035702E-12,6.919839E-12
Primeiras Islands,0,0,0,0,0,0,0,0,0,0,0,0,0,0,0,0,0,0,0,0,0,0,0,0,0,0,0,0,0,0,0,1.1209877E-12,1.6540486E-11,9.762971E-13,1.0815985E-12,8.950824E-11,8.6875604E-11,2.7833118E-11,2.4924467E-17,1.29731E-22,0,1.6737312E-21,0,5.2730795E-15,2.5055875E-17,5.098317E-17,4.9941084E-16,2.1601636E-17,8.283638E-18,2.4180413E-17,5.1223242E-18,2.6364147E-17,4.846621E-19,2.1308895E-15,7.460691E-17,2.5265714E-16,1.724878E-17,0,6.77265E-17,4.964907E-18,1.7887807E-19,3.286018E-21,9.71666E-20,8.165449E-21,1.6300678E-20,1.079138E-18,5.498309E-18,3.1462236E-19,3.7353577E-20,0.0000000045687183,0.000000010767619,0.00000007035962,0.000000045426482,0.00000012759591,0.00000031755596,0.0000022746597,0.0000009951151,0.00000021343546,0.0000000030973153,0.00000000250762,0.000000004516757,0.000000016333658,0.000000010322261,0.000000009232395,0.000000022721824,0.0000000057817338,0.0000000013553305,0.00000009715676,0.0000000013114155,0.0000000019212254,1.6213833E-10,1.1534908E-12,9.542376E-13,4.2426E-15,1.4385058E-17,1.641139E-18,2.4149956E-18,0,0,0,0.00000029912152,0.000011694511,0.00002566811,0.00000002552276,0,0.00000059394415,0.00000015548227,0.0000005797702,0,0.00000008610557,0.00000044505984,0.000000031667803,0.00000019273122,0.00000004613111,0.0000009968396,0.000014570039,0.000059072067,0.0030278098,0.000867285,0.0002272912,0.00005400591,0.000059878712,0.000058841946,0.0000066586717,0.000002488856,0.000015667723,0.0000008915234,0.0000005690828,0.0000017958492,0.0000031066586,0.000002138065,0.0000018447591,0.000000116818164,0.00000003396742,0.0000000068114283,0.000000017001335,0.000000030638535,0.000000019897927,0.000000074708936,0.0000013313577,0.0000022492322,0.00000018544146,0.00000038416212,0.00000034901407,0.000000039710162,0.00000023518145,0.00000006306361,0.000000002970565,0.0000000049784696,5.3787275E-10,8.554963E-10,2.2744186E-10,3.2766515E-10,0.00000004586913,0.00000011355654,0.000000164298,0.0000000062693983,0.000000017560861,0.00000000987128,0.0000000027901896,0.0000000019232658,0.00000002568839,0.00000000705884,0.0000000039888373,0.0000000030487957,0.0000000015542566,4.3075463E-11,0.000000008250764,0.000000002109371,0.0000000016096628,0.000000008466376,0.0000000016169884,1.0324292E-11,0.000000001902911,0.000000002195282,0.0000000105646585,3.5928124E-10,0.000000002042844,5.18042E-10,7.8800516E-10
Segundas Islands,0,0,0,0,0,0,0,0,0,0,0,0,0,0,0,0,0,0,0,0,0,0,0,0,0,0,0,0,0,0,0,2.3264697E-12,7.901046E-12,3.851598E-12,6.7604702E-12,2.4585991E-11,8.293909E-11,3.9180853E-11,1.6506155E-16,2.3148218E-20,0,2.3681956E-19,1.7125412E-19,8.464216E-15,5.8653074E-17,2.8526076E-16,7.8094167E-16,2.957032E-17,1.2309562E-17,1.9023957E-18,2.0532914E-18,2.0236713E-19,2.5989804E-18,8.1834904E-17,3.0075996E-17,5.90751E-17,1.18802575E-17,3.5039706E-18,5.2470434E-19,1.8113141E-17,3.0561372E-17,1.2333633E-17,3.863455E-18,2.090653E-19,1.6765389E-18,9.332946E-18,2.97252E-17,4.6360272E-18,1.5184728E-17,0.0000000062332157,0.000000057006307,0.00000022752387,0.00000017969613,0.00000027134888,0.00000042896522,0.000007683444,0.0000013883083,0.0000011984577,0.000000020630871,0.0000000051394604,0.000000008075877,0.0000000117750645,0.000000010074806,0.00000001173801,0.000000035537198,0.000000010274487,0.0000000048608184,0.00000032191434,0.0000000025206832,0.000000003214237,1.0589846E-10,2.6045377E-12,1.4092692E-12,3.745152E-14,2.008928E-16,3.295752E-18,1.9200222E-17,0,0,0,0.00000059487184,0.000012863365,0.00006580392,0.000000051728435,0,0.0000013856682,0.00000045851652,0.0000010151031,0,0.000000208306,0.0000004807797,0.00000006112619,0.00000016233193,0.00000012250005,0.00000065755665,0.0000086250675,0.000043862477,0.0021212776,0.0017518771,0.0005711793,0.00021150245,0.00015344824,0.00014613931,0.00002428457,0.0000060073344,0.000015828062,0.000003191291,0.0000015126889,0.000003557614,0.000008081068,0.0000067597803,0.0000049798855,0.00000023140542,0.00000012207474,0.00000009411874,0.000000082216296,0.00000009840012,0.00000019768812,0.0000002410505,0.000002373615,0.0000049265846,0.00000034778864,0.00000084865485,0.000000522866,0.00000014781166,0.00000044515156,0.00000014639552,0.000000013602978,0.000000024009895,0.0000000015423113,0.0000000027654112,4.1023307E-10,3.1944106E-10,0.000000040719797,0.00000005491209,0.00000015759602,0.0000000111445635,0.000000033651034,0.000000001453344,0.000000012776872,0.000000012070075,0.00000004667883,0.000000021000242,0.000000007600487,0.0000000053822897,0.0000000027985976,1.3056209E-10,0.000000015721113,0.000000001606696,0.0000000015692585,0.0000000048336655,0.0000000014469969,1.871962E-11,0.0000000034987215,0.0000000031964638,0.000000024692424,0.000000001077494,0.0000000047036464,0.0000000010714457,0.00000000180127
Reefs north of the Segundas Islands S,0,0,0,0,0,0,0,0,0,0,0,0,0,0,0,0,0,0,0,0,0,0,0,0,0,0,0,0,0,0,0,1.3143777E-11,5.2861205E-11,9.862292E-12,1.5471626E-11,1.2546009E-10,5.195991E-10,5.3260382E-11,4.3048663E-17,3.4004904E-19,0,0,0,1.00610345E-14,2.6553188E-17,2.211544E-16,1.928148E-15,7.353515E-17,2.4381084E-16,5.0621726E-17,8.0407944E-18,6.015231E-17,1.2850084E-16,5.2036173E-15,3.5372754E-15,4.3199333E-15,8.39514E-16,5.4651916E-16,4.3368573E-19,5.722419E-16,7.3682724E-16,1.7430254E-15,3.4118312E-16,5.1540813E-17,1.1982471E-16,2.4482643E-16,4.4827258E-15,8.9793374E-17,2.978667E-16,0.000000020638907,0.00000006059762,0.00000022635943,0.00000030293447,0.000000540939,0.0000010985168,0.000008536623,0.0000033092417,0.0000015000888,0.00000005606282,0.00000003419632,0.00000001723474,0.00000004329332,0.000000053206435,0.000000107714335,0.00000012150822,0.000000023201356,0.000000011000082,0.00000069310863,0.000000008063541,0.000000010497771,0.0000000010433131,3.687422E-13,1.5702608E-13,3.2817915E-15,1.02124E-16,1.7330734E-18,7.273781E-18,0,0,0,0.00000046773087,0.0000115260655,0.0001315285,0.000000069326596,0,0.000003716484,0.0000009968243,0.0000024519986,0,0.00000035429633,0.0000017877607,0.0000003245565,0.0000002958768,0.00000027287513,0.0000005662741,0.0000067056553,0.000022307922,0.001165659,0.0015448412,0.00095666834,0.0009556536,0.000790075,0.0005344635,0.000046384474,0.000007449056,0.000019941568,0.0000055995883,0.000002704539,0.000007799482,0.000007770914,0.0000058022724,0.0000052509376,0.0000015042197,0.0000007894612,0.0000009250296,0.0000003376702,0.00000017415907,0.00000018009598,0.00000028559393,0.0000013472741,0.000005907461,0.0000003441171,0.0000006689387,0.0000012616583,0.00000037691964,0.0000005510217,0.000000119145895,0.000000017562417,0.00000003715879,0.000000008310278,0.000000013863696,0.0000000025241562,7.989212E-10,0.00000008743246,0.00000008235667,0.0000002142087,0.000000027216654,0.00000017495232,0.0000000056527925,0.00000007299357,0.00000006580059,0.00000019326232,0.000000054376674,0.000000069403384,0.000000055845064,0.000000019940819,5.663715E-10,0.000000045874383,0.0000000078378015,0.000000005115068,0.000000019432784,0.0000000045090234,1.6593929E-10,0.000000011420842,0.00000001038313,0.0000000959961,0.0000000037342534,0.000000018742542,0.000000005050167,0.000000010069337
Reefs north of the Segundas Islands N,0,0,0,0,0,0,0,0,0,0,0,0,0,0,0,0,0,0,0,0,0,0,0,0,0,0,0,0,0,0,0,2.7861245E-11,1.7603053E-11,6.639006E-12,2.0583767E-11,1.13093826E-10,9.433706E-11,3.080555E-11,3.1827386E-15,5.8511117E-18,1.303329E-19,5.379311E-21,0,5.8678673E-15,9.0836554E-17,2.160142E-16,9.168242E-16,8.369113E-16,5.8469975E-16,1.2265414E-16,9.675454E-18,8.051273E-17,7.619253E-17,1.3022862E-14,5.549246E-15,4.1655556E-15,8.5826783E-16,1.0830046E-15,2.4572376E-18,8.4994187E-16,7.579275E-16,1.4622723E-15,8.5048085E-16,1.2755539E-16,1.1464968E-16,5.68601E-16,4.744454E-15,1.3909622E-16,1.3655775E-15,0.000000017981634,0.000000044314888,0.00000024767746,0.00000037406485,0.00000032781958,0.00000081818797,0.0000110322335,0.0000040618247,0.0000018526223,0.00000009591501,0.000000040442913,0.000000017547764,0.00000015712256,0.00000024031547,0.00000017256603,0.00000043550122,0.00000004722653,0.00000005280986,0.00000062487743,0.000000010872219,0.000000015554836,0.0000000038489145,8.955833E-13,4.890706E-13,1.3429618E-14,1.1772191E-16,1.8077622E-22,1.1767843E-17,0,0,0,0.00000023618865,0.0000046620694,0.00014657088,0.00000004380651,0,0.000006779456,0.000001532579,0.0000052265254,0,0.000000745155,0.0000033521599,0.00000018595594,0.0000006316718,0.0000009728861,0.00000016435598,0.0000036359954,0.000014911932,0.0003482467,0.0007871145,0.00074375427,0.0028733525,0.00325988,0.0013296143,0.00010896256,0.000009007936,0.000020352423,0.000009235054,0.0000010717885,0.000008854011,0.000012334326,0.0000065220734,0.0000034619545,0.0000003716844,0.00000004644557,0.00000007245317,0.00000014968586,0.000000044100606,0.000000029115213,0.00000013167757,0.0000036018605,0.000011316412,0.0000005572004,0.0000021384942,0.0000014501122,0.0000006074416,0.0000012052886,0.00000016517602,0.000000028952886,0.00000002711731,0.000000007994491,0.000000020003222,0.0000000029435447,8.5818486E-10,0.00000008589853,0.00000009132345,0.00000031172385,0.000000030120788,0.000000127084,0.000000007923108,0.000000024239199,0.00000001447093,0.00000008287286,0.000000021688244,0.000000014939326,0.00000001004519,0.0000000066258505,5.734975E-10,0.00000001878656,0.0000000043729833,0.000000004291427,0.000000008621005,0.0000000023471995,7.92533E-12,0.000000004757634,0.000000006987862,0.000000093140706,0.0000000031732423,0.00000001600393,0.0000000042984323,0.000000007680746
Mozambique Island,1.8889028E-20,0,0,0,0,0,0,0,0,0,0,0,0,0,0,0,0,0,0,0,0,0,0,0,0,0,0,0,0,0,0,2.5067552E-11,8.441954E-11,1.2070432E-11,1.921517E-11,6.7528635E-11,4.6862375E-11,3.6713018E-11,7.738008E-15,2.1094737E-18,4.299827E-20,5.1409664E-18,6.599771E-19,7.490467E-15,5.8214277E-16,3.395379E-16,9.551142E-16,1.8653476E-16,6.586397E-16,5.79059E-16,6.0947237E-17,1.9248484E-16,4.2793394E-16,1.7829136E-14,8.584818E-15,8.080303E-15,6.2466054E-15,1.2823026E-15,9.458409E-20,7.7099655E-16,1.6125972E-15,1.3504294E-15,7.5208627E-16,2.5739537E-16,1.3385197E-16,3.3838964E-16,6.1706892E-15,1.2822712E-16,9.701365E-16,0.00000005606142,0.000000025204479,0.0000006079716,0.00000061606386,0.00000038477117,0.0000010997081,0.000013729627,0.0000036354315,0.0000017009182,0.00000013914403,0.00000008766365,0.000000110640244,0.00000032859418,0.0000007546197,0.00000042275434,0.0000006283781,0.00000009851331,0.000000040176904,0.00000042817487,0.000000015285082,0.000000019107782,0.000000003135315,6.1735296E-12,1.6575019E-13,1.4463935E-14,1.2816358E-16,5.4404563E-19,3.6397043E-18,0,0,0,0.00000015847507,0.0000037920422,0.00016516577,0.000000824414,0,0.000012434534,0.0000027624224,0.0000062241584,0,0.0000013732692,0.000003791972,0.0000004952268,0.0000029841278,0.0000056784875,0.00000011145929,0.0000021283322,0.00000773978,0.00012965631,0.0002938792,0.00035447872,0.0007060414,0.011600836,0.015413194,0.000789095,0.00006793816,0.0001316245,0.000022168579,0.000004320448,0.00003779083,0.000033432974,0.000014604711,0.000009472386,0.0000016802264,0.00000015007717,0.00000011602501,0.00000008967654,0.00000013148562,0.00000006606658,0.0000005200183,0.00000794924,0.0000121341545,0.000000889832,0.0000019067938,0.0000014960191,0.0000005650329,0.0000011807234,0.00000032523795,0.000000035042103,0.00000006350808,0.000000019649494,0.000000031784886,0.000000004854191,9.2576574E-10,0.00000013100865,0.00000014568175,0.00000057440826,0.000000040418882,0.00000013435697,0.000000002966281,0.00000007479648,0.0000000342709,0.0000001686337,0.00000006212005,0.00000006912465,0.000000057087,0.000000027082192,0.0000000022877982,0.0000000441211,0.000000006052773,0.0000000069766397,0.000000015347805,0.0000000043995034,3.7338577E-11,0.000000021729095,0.000000046932286,0.00000017947701,0.0000000059457204,0.000000040000565,0.000000023312095,0.000000020626613
Nacala,6.911047E-20,0,0,0,0,0,0,0,0,0,0,0,0,0,0,0,0,0,0,0,0,0,0,0,0,0,0,0,0,0,5.2828355E-19,2.3286649E-11,2.3296535E-11,2.0062339E-11,3.3663527E-11,4.872003E-11,4.581198E-11,4.321589E-11,2.2638097E-15,2.9326533E-18,3.3860762E-19,3.81386E-18,1.6610865E-18,9.402354E-16,1.6054377E-16,3.920273E-17,1.6384141E-16,7.6714043E-16,9.4411636E-17,1.1565946E-16,2.2755628E-17,7.6972346E-17,8.719688E-17,2.0886126E-15,8.3418176E-16,5.8429196E-16,1.1113375E-15,1.7300578E-15,3.8960207E-17,5.245781E-16,1.2343038E-16,1.4262275E-16,1.35073E-16,5.857795E-18,1.0853031E-17,2.700259E-17,3.7975033E-16,5.585957E-16,1.3457874E-16,0.000000020406102,0.000000012891221,0.00000023131938,0.00000025516613,0.0000002270053,0.00000043203832,0.0000053139784,0.0000017160148,0.0000012239944,0.00000010608183,0.00000008905619,0.000000044240284,0.00000011230084,0.00000024388186,0.00000013323164,0.00000029616984,0.00000006858726,0.000000027541482,0.00000033427736,0.000000007769787,0.000000010268359,9.2432256E-10,7.117258E-13,4.700543E-13,1.7411047E-14,1.2221856E-16,8.1119555E-19,1.8715977E-18,0,0,0,0.000000043151555,0.0000015132318,0.00008886809,0.00000033961584,0,0.0000071882,0.0000013990482,0.0000028766292,0,0.0000014846518,0.0000070923693,0.00000036581866,0.0000021911342,0.0000012314732,0.000000035365815,0.00000067586546,0.0000016843015,0.000027410877,0.000065754764,0.00008075314,0.00009658189,0.0030678394,0.09126601,0.01107777,0.00019553378,0.00035250632,0.000039485512,0.000004692362,0.00004284183,0.000033231132,0.000022357352,0.000014766653,0.0000024206602,0.00000019513811,0.00000054441193,0.00000021599531,0.00000018052518,0.000000113956595,0.0000004603968,0.000004420426,0.000005268242,0.0000009476373,0.0000012459648,0.000001261401,0.00000040913702,0.0000008537811,0.0000003578562,0.000000065051715,0.00000013138065,0.00000003186017,0.000000084864126,0.000000010933391,0.0000000028477398,0.00000013807986,0.00000029514032,0.0000006664128,0.000000065445526,0.00000024819698,0.000000010185513,0.000000086822396,0.00000006230478,0.00000026689855,0.000000096880726,0.00000010494601,0.00000007726373,0.00000003317921,0.0000000020706394,0.00000007475484,0.000000019227523,0.000000016659287,0.000000051423008,0.000000008939688,4.9230564E-11,0.000000025487612,0.000000035243666,0.00000010333382,0.0000000067073223,0.00000002399449,0.0000000117196315,0.00000002254715
Memba S,4.618682E-21,0,0,0,0,0,0,0,0,0,0,0,0,0,0,0,0,0,0,0,0,0,0,0,0,0,0,0,0,0,2.4305038E-18,4.0751128E-11,5.709026E-11,1.334996E-11,2.8301457E-11,5.8087427E-11,1.0384056E-10,6.8921896E-11,5.9558973E-15,4.351767E-18,1.3724352E-18,6.5868582E-18,5.0488135E-18,1.6704403E-15,4.018463E-16,8.8740135E-17,1.1549743E-15,5.7816788E-15,4.2559763E-16,3.147657E-16,7.114611E-17,2.1835848E-16,6.7783534E-17,1.2791501E-14,1.104462E-15,1.0450385E-15,2.034835E-15,1.216978E-14,1.8235149E-16,6.0352093E-16,2.3824223E-16,1.515502E-16,2.257531E-16,2.160452E-17,4.514217E-17,8.9934835E-17,9.703728E-16,7.041073E-17,1.6922948E-16,0.0000000071169843,0.000000007182854,0.00000013307341,0.00000016908011,0.00000022581416,0.0000004322157,0.000005047937,0.0000015704891,0.000001149413,0.000000074479075,0.00000008492159,0.000000048549197,0.00000010015703,0.0000002580806,0.00000015982772,0.0000003202898,0.000000072271675,0.000000032753587,0.00000037304397,0.00000000892125,0.000000010194913,8.633754E-10,3.4592674E-13,2.309601E-13,9.497972E-15,1.0383093E-16,7.4817215E-19,9.450887E-18,0,0,0,0.000000032238944,0.0000011072615,0.000071832386,0.00000032693993,0,0.000008338606,0.0000011287716,0.0000033090973,0,0.0000015090242,0.000009333997,0.00000050220075,0.0000018988344,0.0000013585687,0.000000039863938,0.00000041622096,0.000001050149,0.000025058016,0.000053613963,0.00006503581,0.0000688836,0.0015457071,0.04580545,0.055912543,0.00097469566,0.0014523728,0.00014828487,0.000009215281,0.00012047788,0.00012604862,0.000079136844,0.000072039,0.0000117994305,0.00000026517827,0.0000006874193,0.0000003060314,0.00000037298048,0.00000028547365,0.00000070655574,0.000005252703,0.000009911861,0.0000011807881,0.0000025745528,0.0000030627568,0.0000011634255,0.0000017639252,0.0000004991965,0.00000012366792,0.00000029380467,0.000000053214258,0.00000017734149,0.000000019769594,0.000000007121777,0.00000021306381,0.0000005183706,0.0000009028385,0.00000013029575,0.000000542833,0.000000029872595,0.0000002092005,0.0000001231948,0.0000006754046,0.0000002559701,0.00000016465145,0.0000001301908,0.00000007025216,0.000000004480428,0.00000018975108,0.000000056833475,0.00000004288784,0.00000013085995,0.000000016944895,1.0494825E-10,0.00000006703806,0.00000007605235,0.00000013099509,0.00000001276706,0.000000029152972,0.0000000145905,0.000000039116344
Memba N,0,0,0,0,0,0,0,0,0,0,0,0,0,0,0,0,0,0,0,0,0,0,0,0,0,0,0,0,0,0,2.1337748E-17,8.8778804E-11,1.6118505E-10,4.313055E-11,9.2356234E-11,1.9842486E-10,5.346377E-10,4.597136E-10,5.1900833E-14,1.7803466E-17,1.9248799E-17,2.1521834E-16,7.8402025E-17,1.3924292E-14,4.1698805E-14,7.9494524E-16,2.2498383E-15,4.364314E-15,3.3582166E-14,1.854504E-14,5.3061303E-15,2.0065097E-15,1.5302897E-16,7.6481536E-15,4.1081983E-15,2.1608537E-15,1.4638097E-15,2.9967128E-14,1.5905909E-15,1.6395315E-15,4.700409E-15,2.3826177E-15,7.1003862E-15,6.1106896E-17,9.1492085E-17,2.817922E-16,1.2258552E-15,1.985813E-16,4.494416E-16,0.0000000033154028,0.000000015159314,0.000000117451265,0.00000016412213,0.00000022112604,0.0000006406632,0.0000064371648,0.0000017560026,0.0000017717123,0.00000018505935,0.00000020771608,0.00000028198028,0.00000018985853,0.00000030997535,0.00000030436735,0.00000095108896,0.00000017221605,0.00000006474846,0.0000009763861,0.000000030032677,0.00000007795691,0.000000010624448,7.2199976E-12,7.87721E-13,4.366095E-14,1.5030353E-16,3.506273E-18,4.5304657E-18,0,0,0,0.00000003981024,0.0000010163741,0.00011232951,0.00000043343337,0,0.000015198615,0.0000021311298,0.000007852771,0,0.0000031799411,0.000013716645,0.00000089091907,0.0000038130215,0.0000017195978,0.00000006968457,0.00000069578454,0.0000018634496,0.0000393014,0.00007705386,0.00008173772,0.00006129727,0.0009965753,0.02155289,0.05892806,0.010573086,0.01838288,0.0011731768,0.000033299573,0.00071225816,0.00058928935,0.00046676552,0.0004339322,0.00006614381,0.00000044821638,0.0000006180597,0.00000038400935,0.0000010206556,0.00000082448645,0.000001800641,0.000012884767,0.000022999871,0.0000017648375,0.000007298753,0.0000060319676,0.0000012462706,0.0000053848835,0.0000011183845,0.0000003360067,0.0000009762268,0.00000011455837,0.00000028430114,0.00000003390358,0.00000003232161,0.0000005621492,0.0000011921757,0.0000017191313,0.00000024933507,0.000001498525,0.00000006383755,0.00000035505104,0.00000022327913,0.0000011449602,0.0000004482687,0.00000031214927,0.00000020845032,0.00000010888127,0.000000009449175,0.0000003345228,0.00000009082269,0.000000072652696,0.00000012428598,0.00000004446568,3.5548067E-10,0.0000001219695,0.00000014695746,0.00000033445664,0.000000035689506,0.00000006797679,0.000000026307136,0.00000017240369
Pemba,0,0,0,0,0,0,0,0,0,0,0,0,0,0,0,0,0,0,0,0,0,0,0,0,0,0,0,0,0,0,3.5946664E-18,4.147806E-11,2.6049008E-11,1.1994059E-11,2.0926212E-11,1.06887534E-10,2.8401945E-10,7.9976237E-10,1.8090747E-14,5.863105E-18,1.3281923E-17,7.016476E-17,2.550695E-17,3.1711569E-15,1.1627419E-14,1.05005755E-16,9.568195E-16,7.304194E-16,1.3336484E-14,4.9066543E-15,3.392733E-15,6.1003615E-16,1.803996E-17,3.7154694E-15,1.3054606E-15,5.7216054E-16,8.096838E-16,8.473726E-15,3.0402164E-16,6.848072E-16,2.3501668E-15,1.1293109E-15,3.844165E-15,4.9972403E-17,1.7586613E-17,1.1968147E-16,5.184346E-16,5.6066275E-17,3.215765E-16,0.0000000021940012,0.000000008026435,0.000000067027095,0.00000007897405,0.00000008425458,0.00000023780244,0.0000016656579,0.00000032133224,0.00000047074957,0.000000102227695,0.00000009861046,0.00000019100935,0.00000022508259,0.000000074478905,0.00000008228914,0.0000001800645,0.00000013473158,0.000000029932764,0.0000005520261,0.00000001663076,0.000000015242334,0.0000000013912838,5.86881E-13,1.08174544E-13,2.8552512E-16,3.335298E-17,7.238815E-20,3.761276E-18,0,0,0,0.000000009065181,0.0000002905789,0.000022366845,0.00000036457783,0,0.0000076793185,0.0000009882675,0.0000024989204,0,0.0000014571904,0.0000074866275,0.0000003811513,0.000003263525,0.000002627916,0.000000022862,0.00000012938594,0.00000045461692,0.0000053101467,0.000011486448,0.000012966552,0.000007823442,0.00012779054,0.003241366,0.010777232,0.0029244102,0.06713588,0.0021730224,0.00001856003,0.00083199906,0.00044678868,0.0002788938,0.00018949545,0.000028543693,0.00000018104397,0.00000019757577,0.00000050136225,0.0000011027548,0.0000008702109,0.0000009925029,0.000010878834,0.000010637058,0.00000088814676,0.0000023564714,0.00000348132,0.0000009710617,0.000002257297,0.00000055732966,0.0000001301881,0.00000019105087,0.00000007774211,0.00000006998719,0.000000010780065,0.000000012961047,0.00000029503602,0.00000045078255,0.0000007681172,0.00000010570517,0.00000056054364,0.000000010255517,0.00000008924679,0.00000006119236,0.00000026912292,0.00000008356425,0.000000071545784,0.000000070874805,0.000000024110827,0.0000000017125006,0.00000006302635,0.000000015913695,0.000000017666025,0.000000033733517,0.000000007461072,6.400594E-11,0.00000003637461,0.00000003617267,0.00000014124474,0.000000009617293,0.000000021351456,0.0000000054672884,0.00000006017516
Southernmost Quirimbas,0,0,0,0,0,0,0,0,0,0,0,0,0,0,0,0,0,0,0,0,0,0,0,0,0,0,0,0,0,0,2.1769712E-18,2.4357538E-10,1.248744E-10,9.14956E-11,3.0077987E-10,0.0000000010262616,4.1140685E-10,4.334758E-10,3.4345428E-14,5.025212E-18,2.9302931E-18,5.1482858E-17,1.9813247E-17,4.3845254E-15,1.13801545E-14,1.3566718E-16,4.9371E-15,3.791635E-15,5.653913E-13,3.844262E-13,4.873184E-13,1.2685844E-13,9.208557E-16,6.9242894E-15,1.0809669E-14,2.381778E-14,3.9095277E-14,6.0770014E-13,1.0507283E-15,1.17050534E-14,9.948635E-14,2.7699077E-14,2.8863365E-13,1.0916321E-15,2.3580121E-16,2.4728741E-15,6.8061317E-15,8.675073E-16,1.148191E-15,0.0000000090538,0.000000008492471,0.00000017417415,0.0000001623042,0.0000001584551,0.00000039480702,0.0000031483385,0.0000007689546,0.00000065585573,0.00000023270972,0.00000038027437,0.00000014632879,0.000000363523,0.00000019742811,0.00000019862775,0.0000002853061,0.00000034122397,0.00000007679207,0.0000018066402,0.000000026513698,0.000000038998845,0.0000000038057064,6.6560663E-12,2.361058E-12,5.1103046E-14,9.868225E-16,8.45363E-18,5.0272825E-17,0,0,0,0.000000013960298,0.00000061510855,0.000037716258,0.00000071130574,0,0.00001415916,0.0000029028713,0.0000070493993,0,0.0000019527558,0.000008569982,0.0000009415854,0.000004202453,0.0000043906834,0.00000003109639,0.00000013199296,0.00000032206134,0.000007718283,0.000018075778,0.000015206365,0.00000900705,0.0001344337,0.0018762508,0.0039400556,0.0009890269,0.017201517,0.022287173,0.00003173396,0.009827408,0.0013968816,0.0010673837,0.00073384825,0.0001570665,0.0000012439274,0.00000056510567,0.0000021089106,0.00000083587946,0.0000005216596,0.0000013817066,0.000016933027,0.00002266437,0.0000016649728,0.0000057370457,0.00000592428,0.0000016486557,0.0000046598175,0.0000014743848,0.0000002049678,0.00000049204306,0.00000017159145,0.0000002664667,0.00000004752123,0.000000013771519,0.0000007885661,0.0000018887135,0.0000014807628,0.00000027468064,0.0000016400518,0.000000027712066,0.00000019306329,0.00000007415289,0.0000004524381,0.0000002635466,0.00000015469,0.00000041306984,0.0000009926848,0.00000004702109,0.0000001498908,0.000000027006328,0.0000001056109,0.0000004206347,0.00000004986628,3.013216E-10,0.000000082828315,0.00000008562,0.00000024757034,0.000000015832248,0.000000025169834,0.000000008044172,0.000000016353818
St Lazarus Bank,1.6062315E-16,1.711236E-17,4.637597E-17,1.402166E-17,2.4645704E-17,3.491399E-17,0,0,1.4127591E-17,3.912732E-19,0,0,0,0,0,0,0,0,0,0,0,0,1.503371E-21,1.8863916E-21,5.849786E-20,0,0,0,0,0,8.9099114E-18,0.0000000066868138,0.0000000039660955,0.0000000021311333,0.000000002864899,0.000000010975292,0.0000000066007657,0.0000000034190226,3.3242384E-13,8.290223E-17,1.7976081E-16,7.607939E-18,4.013102E-18,3.3703403E-13,5.3461382E-15,7.269851E-15,7.9734445E-13,6.4522454E-13,2.9541985E-12,2.8297044E-12,5.7432005E-13,1.0104384E-12,5.3868195E-13,2.5099292E-11,6.49757E-12,3.962518E-12,3.2130856E-12,2.8986887E-12,3.6827085E-14,4.9541615E-13,7.1774265E-13,2.0871922E-12,1.3566763E-13,1.6562767E-14,2.407518E-14,2.2092972E-13,1.3942034E-12,4.3942894E-14,4.91482E-13,0.0000000046527515,0.00000002570331,0.00000034368176,0.0000002996294,0.00000011240036,0.00000031150947,0.000004651881,0.0000017484587,0.0000016592079,0.0000011112304,0.00000024424304,0.00000020699572,0.00000052510967,0.0000017443319,0.0000019339082,0.0000038112742,0.00000049278924,0.00000018392231,0.000012039457,0.00000012624453,0.0000003823756,0.00000008216862,0.0000000010748064,1.0020935E-10,9.598669E-14,3.3400106E-15,3.2243378E-18,1.0570537E-16,0,0,0,0.000000187859,0.00000094357125,0.00010273291,0.000004836849,0,0.00016976745,0.00005470578,0.000117077354,0,0.000040094958,0.00019413144,0.000045495904,0.000097310476,0.00007584315,0.000000018682535,0.00000032812625,0.0000014694706,0.000018450883,0.000029393907,0.00002508099,0.000012749957,0.00012558227,0.0009129823,0.0010446626,0.00025951103,0.0014781739,0.00061172765,0.0010693369,0.0015061576,0.0013596092,0.0013724325,0.0019318913,0.0005225643,0.000084779385,0.00011500157,0.00009211505,0.0000879309,0.00003572162,0.00009549868,0.00018913712,0.0005044719,0.000059046335,0.00020057565,0.00026092576,0.00009291087,0.00019109197,0.000052053932,0.000013356336,0.000016269094,0.000011464227,0.000014312929,0.0000028055106,0.0000006341039,0.000048777485,0.00010117305,0.000067422836,0.000006379232,0.000031530635,0.0000032179946,0.000011625257,0.0000053911203,0.00004075448,0.000014500829,0.000015840946,0.00001294455,0.000009851755,0.00000043779235,0.000012587719,0.000004409522,0.0000048306138,0.0000075043763,0.0000015746836,0.000000012009345,0.0000028407633,0.0000036104477,0.000009768255,0.0000011270871,0.0000029033522,0.0000011855044,0.0000021518838
"Quirimba, Ibo, and Matemo Islands",4.7314754E-20,4.6899283E-21,0,0,0,0,0,0,0,0,0,0,0,0,0,0,0,0,0,0,0,0,0,0,0,0,0,0,0,0,1.8502687E-17,2.9671524E-10,2.4137123E-10,1.3981326E-10,3.2940609E-10,0.0000000031332121,6.024449E-10,5.056394E-10,2.3986022E-14,8.248839E-18,5.3094316E-18,6.076522E-17,3.1271623E-17,4.64304E-15,1.9082829E-14,2.1431109E-16,5.4160405E-15,7.43606E-15,1.0998487E-12,6.5674565E-13,5.7678835E-13,2.1366535E-13,2.800964E-15,1.3727625E-14,1.8866402E-14,4.298087E-14,4.976875E-14,1.4943982E-12,2.3832244E-15,3.4127598E-14,2.8533895E-13,1.115937E-13,8.4607733E-13,2.3667083E-15,7.2250936E-16,9.6362E-15,3.322366E-14,4.860087E-15,2.1311972E-15,0.000000008455463,0.0000000053309273,0.00000007188876,0.00000014327973,0.00000013387255,0.00000045691488,0.000003826864,0.0000011378705,0.0000006374734,0.00000044432525,0.00000019454966,0.00000015644038,0.00000039109645,0.00000045862203,0.00000026316434,0.00000040341894,0.00000035139132,0.00000014267478,0.000001760084,0.000000031214128,0.00000004392932,0.0000000037119632,1.0101063E-11,3.3673205E-12,4.57875E-14,1.3637645E-15,7.8436144E-18,2.0685398E-16,0,0,0,0.000000029632185,0.00000060893666,0.00003090485,0.0000005376762,0,0.000017423688,0.0000026716646,0.0000067428896,0,0.0000034060354,0.000008550472,0.0000022560243,0.000004153086,0.0000039465763,0.000000032093496,0.0000001905518,0.00000042796233,0.0000048974575,0.000012711412,0.000011839127,0.0000071418563,0.000093533876,0.00108667,0.001680385,0.00043064676,0.0047236728,0.0077451514,0.000030182598,0.09047965,0.012495618,0.004776027,0.0024517046,0.0005936324,0.000006971499,0.0000046865794,0.0000039897104,0.000003825035,0.0000019748384,0.0000031027348,0.000012694684,0.000039389863,0.0000015079379,0.000007257109,0.000010902241,0.0000019128101,0.0000047297685,0.00000074572324,0.0000001335462,0.0000004475007,0.00000022195299,0.00000028148074,0.00000004043782,0.000000010934397,0.00000049838354,0.0000009544281,0.0000015000985,0.00000015238305,0.0000014031267,0.000000021578785,0.00000013722719,0.000000088738226,0.00000047573542,0.00000019943428,0.00000038868154,0.00000092913115,0.0000026886757,0.00000017874987,0.00000013299136,0.000000020086446,0.00000010410316,0.0000007366017,0.00000015764316,0.0000000028462814,0.00000006387872,0.00000004105205,0.00000009501987,0.0000000047147397,0.000000009397617,0.0000000047640483,0.000000015180799
Quiterajo,2.2134728E-17,5.349301E-19,0,0,0,0,0,0,0,0,0,0,0,0,0,0,0,0,0,0,0,0,0,0,0,0,0,0,0,0,2.8977202E-17,4.4219944E-10,4.669799E-10,2.1078972E-10,4.372456E-10,0.0000000021846558,0.000000004276349,0.0000000026039022,5.6778028E-14,3.327527E-17,5.344648E-18,4.6570222E-17,1.7145558E-17,5.4677175E-15,1.07647994E-14,2.0511153E-16,1.6185914E-14,1.3763317E-14,4.975616E-12,1.961356E-12,3.9854033E-13,2.970622E-13,4.2000532E-14,5.226881E-13,2.0079831E-13,3.796768E-13,5.77309E-13,4.0908197E-12,6.739533E-15,3.9966606E-13,1.4522002E-12,5.9912416E-13,4.7622266E-12,6.3985517E-15,4.8186417E-15,1.0725282E-13,4.1333587E-13,7.979202E-14,7.2749275E-14,0.000000009740869,0.0000000134989575,0.00000017806396,0.00000022443692,0.00000019259065,0.0000006927118,0.000005357289,0.0000020091913,0.0000016501009,0.0000012620466,0.0000002769074,0.00000015178776,0.0000006269566,0.0000005726253,0.0000004872269,0.0000007282221,0.0000004432777,0.00000021557298,0.000003821863,0.000000095216706,0.00000013771917,0.000000007606444,2.0131652E-11,3.8009157E-12,9.3806785E-14,6.8498597E-15,1.3046139E-16,2.5324746E-15,0,0,0,0.00000017217342,0.00000067588877,0.0000616829,0.0000009998661,0,0.000035998266,0.000004524031,0.000016072803,0,0.000005700062,0.000017064513,0.0000055158694,0.000010820131,0.0000057018633,0.00000006908752,0.00000039796916,0.0000011822777,0.000008511377,0.000019507339,0.00001789761,0.000013318676,0.00016427955,0.0018113295,0.0025317122,0.0005525985,0.0049236403,0.006282003,0.000062667496,0.04933625,0.01319986,0.018857874,0.013907653,0.0045599183,0.000111727066,0.00009494058,0.000077377415,0.000091554524,0.000033751323,0.000056411085,0.00016845486,0.0004087137,0.000034386798,0.0001193615,0.0001748903,0.000044642442,0.00009735926,0.00002185282,0.00000396122,0.0000053182553,0.0000013513068,0.0000024606823,0.00000039714433,0.00000011528174,0.000007652593,0.00002342514,0.000027340564,0.0000012744067,0.0000086912805,0.00000020739995,0.0000012579592,0.0000009986313,0.000010919727,0.0000036300587,0.0000060932916,0.000005018728,0.000006757352,0.00000011823874,0.0000031991196,0.000000623833,0.0000005556439,0.000001641786,0.00000042255095,0.000000004108908,0.00000059846985,0.0000006950051,0.000002336838,0.00000016532293,0.00000043397912,0.00000020741302,0.00000033978233
Mocimboa da Praia,3.7768296E-17,1.1608694E-17,0,0,0,0,0,0,0,0,0,0,0,0,0,0,0,0,0,0,0,0,0,0,0,0,0,0,0,0,3.3543865E-17,3.0667524E-10,4.2302192E-10,1.0574366E-10,2.1401227E-10,0.0000000010460426,0.000000005748785,0.0000000052817133,5.326264E-14,3.8144322E-17,3.191323E-17,4.9458684E-17,5.6406927E-18,7.1362165E-13,7.621116E-15,1.4575031E-14,2.0377761E-13,5.771989E-14,2.899376E-12,1.3213184E-12,2.1570038E-13,1.671323E-13,7.111582E-14,1.0179927E-12,8.598802E-13,6.3395334E-13,7.677162E-13,3.3460626E-12,3.3037902E-15,2.543686E-13,7.810554E-13,6.7450754E-13,2.2555608E-12,5.9103973E-15,9.752011E-15,1.0896591E-13,3.4852346E-13,5.3227273E-14,9.17841E-14,0.0000000073094752,0.000000008414625,0.00000008364767,0.000000110656664,0.00000012691726,0.00000047379189,0.0000030770718,0.0000013117628,0.00000093501217,0.00000092959215,0.00000022584558,0.00000010664964,0.00000046881064,0.0000005297062,0.00000038728678,0.0000007270256,0.00000033747776,0.00000017579366,0.0000031888114,0.00000006887364,0.00000010603701,0.000000005764064,1.9496226E-11,2.262979E-12,3.910217E-14,6.7941593E-15,1.1416621E-16,2.466732E-15,0,0,0,0.000000087731756,0.0000005722502,0.000043002412,0.0000007505326,0,0.00002381762,0.0000035585495,0.000011147702,0,0.000006050571,0.000014292057,0.000005037216,0.0000103728535,0.000005790363,0.000000035653876,0.00000029022522,0.0000008350978,0.000005334144,0.000012130386,0.0000106006155,0.000006812136,0.00007766744,0.00086969824,0.0012205337,0.00025668702,0.0019843557,0.003511853,0.000057776448,0.028222134,0.009496514,0.025805717,0.023205828,0.006710784,0.00026981038,0.00023987018,0.00016174852,0.00021211329,0.00007654381,0.0001240427,0.00037450955,0.00090368907,0.000099235105,0.0002945044,0.00034109375,0.000108678134,0.00024772016,0.00006185792,0.000013478722,0.000009508925,0.000004170417,0.000006763931,0.0000011708725,0.00000050113965,0.000024376974,0.000064003274,0.00006388392,0.0000038015398,0.000024716226,0.0000013623307,0.0000049568803,0.000003569688,0.000025363906,0.000008380043,0.0000115428065,0.000008977996,0.000009117099,0.00000043462774,0.0000069437688,0.0000012372253,0.0000014071235,0.0000030973947,0.000001061468,0.000000012813874,0.0000016257179,0.0000018838058,0.0000052914347,0.0000004495362,0.0000009449729,0.0000004656594,0.0000010160851
"Metundo, Vamizi, and Rongui Islands",2.3191643E-17,1.4396787E-17,1.5533189E-20,3.1030932E-24,2.3612152E-20,2.6715302E-19,0,0,1.5143835E-22,0,0,0,0,0,0,0,0,0,0,0,0,0,0,1.4037093E-20,4.9006034E-20,0,0,0,0,0,7.118827E-17,5.099309E-10,9.460901E-10,1.7567851E-10,5.411691E-10,0.0000000023467206,0.000000010872162,0.000000008709369,2.0374373E-14,4.687858E-17,1.2425799E-16,1.7851545E-16,2.5420778E-18,9.178742E-13,8.460006E-15,2.223093E-14,5.9174903E-13,4.0006767E-13,6.810374E-12,3.497082E-12,6.9047974E-13,7.2871223E-13,4.9203756E-13,1.2184536E-11,4.0388357E-12,3.085158E-12,3.4128251E-12,9.003806E-12,6.2213808E-15,2.484944E-13,8.339768E-13,9.750365E-13,2.2126918E-12,9.166258E-15,1.7783345E-14,2.523281E-13,9.644336E-13,8.147548E-14,1.278293E-13,0.0000000073246005,0.000000008472942,0.000000051562903,0.00000010382459,0.00000010650184,0.0000003249999,0.0000021570033,0.000000990635,0.00000068149774,0.0000010817622,0.00000021811776,0.00000014652194,0.0000004049862,0.000000535842,0.00000037933006,0.00000059869507,0.00000036771908,0.00000017842923,0.0000022994332,0.00000007064026,0.00000013256616,0.00000001735602,1.0621383E-11,7.7526646E-13,1.5948423E-14,1.7868785E-15,1.4310638E-17,1.5185652E-16,0,0,0,0.0000002074233,0.00000039862664,0.000034826367,0.0000007400375,0,0.000021395612,0.0000032603486,0.000011370832,0,0.0000046963,0.000010529054,0.0000050877316,0.000010296472,0.0000046915097,0.000000035972626,0.00000038081515,0.000000906982,0.000005558623,0.00000862567,0.000007702008,0.0000042428537,0.000052244388,0.0006362985,0.0008582182,0.00015065535,0.0009526108,0.0021758482,0.000067532426,0.017975828,0.008145339,0.016819185,0.026950162,0.012643239,0.0012089945,0.0011782887,0.0006978352,0.0008098256,0.00025890986,0.00047258378,0.0012065886,0.0029622696,0.000392494,0.0010017492,0.0009161348,0.0003421615,0.00088257855,0.00028949324,0.00007483806,0.000024488678,0.000025495976,0.00002957782,0.0000051598545,0.0000027474618,0.0001223064,0.00025890162,0.00022785006,0.000017230517,0.00009966034,0.000008415951,0.000029993935,0.000014507022,0.00008215451,0.00002843104,0.000034996,0.000023433422,0.000019882944,0.000001070174,0.000023545863,0.0000045950674,0.000004429116,0.000010274312,0.0000030307767,0.000000032672972,0.0000055937267,0.0000054734924,0.000017002818,0.0000016677056,0.0000035694356,0.0000014578818,0.000003156345
Palma,4.6339706E-16,4.460507E-17,7.0073785E-17,4.51291E-17,6.9999405E-17,1.7178024E-16,1.1732512E-18,1.607041E-19,1.4906064E-17,7.44742E-18,2.4402188E-18,0,8.493784E-18,0,0,0,0,0,0,0,0,0,0,2.447906E-21,0,0,0,0,0,0,2.1101606E-17,7.7422635E-10,0.000000001134096,2.864766E-10,3.746323E-10,0.0000000018444444,0.0000000069089405,0.0000000028183331,5.683262E-15,9.799547E-17,2.805925E-16,2.663243E-16,1.2444008E-18,9.17601E-14,9.538207E-16,7.415636E-15,3.5937045E-12,1.1318752E-11,3.220146E-11,1.4047551E-11,3.6881552E-12,3.1645294E-12,2.2731595E-12,9.069756E-11,1.1181203E-11,1.9860518E-11,1.7398579E-11,6.223651E-11,1.8504087E-14,1.9004417E-13,5.306479E-13,7.3590553E-13,9.524649E-13,5.3004903E-14,5.7381285E-14,2.848389E-13,6.596712E-13,4.2557548E-14,1.3317021E-13,0.0000000032855878,0.0000000024929006,0.0000000053396767,0.000000022058572,0.00000003670969,0.000000098831634,0.0000008522475,0.00000036001805,0.00000032483146,0.00000067549973,0.00000012832746,0.00000006265973,0.00000020525907,0.00000030480834,0.00000019081516,0.0000003002383,0.00000015930391,0.00000010539595,0.0000006013365,0.000000041721336,0.00000009025021,0.000000010615842,1.6210358E-12,3.3308255E-13,7.906292E-15,1.0279234E-15,7.347552E-18,6.691715E-17,0,0,0,0.000000032667277,0.00000007937134,0.000012286907,0.00000022997581,0,0.000007411804,0.0000009760521,0.0000028378347,0,0.0000016555534,0.0000028555976,0.000001976064,0.0000032080666,0.000000982561,0.0000000056685145,0.000000056262596,0.0000001480245,0.0000017191212,0.000003668724,0.0000026845116,0.0000011147291,0.00001209842,0.00017748811,0.00024324405,0.000035687288,0.00015692251,0.0003847144,0.00002899637,0.0040005655,0.0029530926,0.005370218,0.010813862,0.046092834,0.002720338,0.0024281559,0.0013340479,0.0013356841,0.00041481675,0.0007434322,0.0018917758,0.00458792,0.00066381367,0.0014507978,0.0010199879,0.00039964428,0.0012130905,0.00046607977,0.00014162582,0.000031039715,0.00005732153,0.00005480848,0.000007866008,0.0000043602067,0.000207053,0.00041429364,0.00031883386,0.000028791872,0.00014938018,0.000012739237,0.000052969895,0.000020576734,0.00011354572,0.000037017464,0.000037216138,0.000025761003,0.000024319363,0.00000091067557,0.000031080537,0.000006812383,0.000006429763,0.00001452542,0.0000031512275,0.000000029464756,0.000006476021,0.0000070586293,0.000019494546,0.0000020416733,0.0000044851563,0.0000016697171,0.0000036328936
Mongo Island,1.9194357E-16,7.113789E-17,2.9478252E-17,2.7235593E-17,7.192216E-17,9.6219164E-17,1.4342195E-19,9.731672E-20,6.441496E-17,8.840007E-19,0,0,0,0,0,0,0,5.5475708E-21,0,5.359563E-21,0,0,6.7230694E-20,0,7.539336E-19,0,0,0,0,0,5.7628045E-19,1.8502067E-10,2.346529E-10,7.52078E-11,1.0898687E-10,1.1763812E-10,1.3928363E-10,8.021942E-11,9.322267E-16,1.28538515E-17,1.2333072E-16,1.5956149E-16,1.2205595E-18,2.3192037E-14,4.502958E-16,2.4450714E-15,1.6119557E-12,3.1779904E-12,4.0867574E-12,3.1334102E-12,3.6490976E-13,1.3787775E-12,5.3635547E-13,1.9771336E-11,3.695589E-12,2.4248134E-12,1.194801E-12,1.1745928E-11,1.002385E-14,3.153703E-14,4.7866774E-14,6.7242395E-14,1.0314236E-13,1.44142E-14,3.6085985E-14,6.6351227E-13,1.360902E-12,1.6703239E-14,2.0502114E-13,4.9507365E-13,1.5722853E-12,5.7006733E-11,1.6055149E-10,1.407151E-10,4.862113E-10,0.000000010897248,0.000000008746109,0.0000000054351164,0.000000022494113,0.000000006013227,7.867277E-10,2.3713906E-10,8.554225E-10,0.0000000012902501,0.000000002679371,0.0000000012570867,0.0000000019547612,0.000000029552757,4.581173E-10,0.000000001006758,1.0832212E-10,7.764765E-15,2.920438E-15,1.1618711E-16,2.4970116E-17,1.0543051E-19,1.690686E-17,0,0,0,5.1308447E-11,6.3925965E-10,0.00000032492127,0.000000010984694,0,0.00000051197196,0.000000047546433,0.00000034149497,0,0.00000007813694,0.00000018776132,0.00000007109719,0.00000015726728,0.000000028355723,2.0366403E-11,5.931407E-11,8.232556E-10,0.000000019729132,0.000000097461545,0.000000104336166,0.000000051550312,0.0000014081444,0.00001730977,0.000015519163,0.0000022970426,0.000014186771,0.000007035574,0.0000033202193,0.000044188753,0.00009013007,0.00017485737,0.00056817295,0.001945254,0.061356377,0.03904912,0.012360842,0.0039855484,0.0012117178,0.0016058558,0.0036599422,0.0063901744,0.0011620809,0.001630614,0.0010992636,0.0004477694,0.0013120035,0.0005683183,0.00019729655,0.000024468982,0.000066644716,0.000069342255,0.000007596276,0.0000048867814,0.0002403851,0.0004944544,0.0003631195,0.000024399169,0.0001328757,0.00001190836,0.000053608288,0.000023045519,0.0001081161,0.00003586134,0.000037638078,0.000023371409,0.000013866587,0.0000008681357,0.000029641144,0.0000052023,0.0000043051896,0.000010111704,0.0000022699246,0.000000029884713,0.000005854148,0.000005423706,0.00001744845,0.0000016194116,0.000003874808,0.0000017204279,0.0000038372355
Mikindani Bay,9.124518E-17,1.0117279E-17,6.7233013E-18,4.575891E-18,1.1573167E-17,1.2682951E-17,0,2.3558217E-21,1.8867485E-17,0,0,0,0,0,0,0,0,0,0,0,0,0,0,0,2.0907754E-19,0,0,0,0,0,4.088366E-20,1.0814573E-10,1.7862828E-10,5.814809E-11,5.0071166E-11,8.561185E-11,4.2461043E-10,1.2366847E-11,2.0070106E-16,9.02905E-18,3.646125E-17,5.2004815E-17,3.6501433E-19,1.13596E-14,9.7135905E-17,7.670774E-16,3.5344625E-13,1.435353E-12,4.7183747E-13,1.3209392E-12,1.04558106E-13,4.6973205E-13,1.843945E-13,4.7131643E-12,6.4188547E-13,2.950903E-13,4.0954414E-13,4.6115247E-12,3.1532195E-15,1.519283E-14,2.085579E-14,3.4256337E-14,4.5981285E-14,4.5870154E-15,9.856133E-15,1.9532492E-13,4.4189443E-13,1.563497E-14,1.1108269E-13,1.3313306E-14,2.8689488E-13,1.4896554E-11,1.177662E-11,1.20245E-11,3.8359215E-11,0.000000002108906,0.0000000018791964,8.8330315E-10,0.0000000067036208,0.0000000014842068,3.6482242E-10,3.0012364E-11,4.9919038E-11,1.6852317E-10,3.0758734E-10,2.875201E-10,4.9766958E-11,0.0000000054875446,2.3382246E-11,7.4810366E-11,3.684282E-12,3.163699E-15,5.7512256E-16,5.3460815E-17,5.551166E-17,0,1.0635919E-19,0,0,0,2.50385E-12,1.6438438E-10,0.000000060369665,0.0000000021977162,0,0.000000037496147,0.000000008002996,0.000000039939582,0,0.00000001541298,0.000000043755968,0.000000006518034,0.000000012206995,0.0000000027160916,1.5041182E-12,7.350822E-12,1.9993746E-10,0.0000000042740123,0.000000041701078,0.000000034604277,0.0000000128419995,0.00000036045026,0.000003226483,0.000004006351,0.0000010393362,0.0000053880567,0.0000030199035,0.0000016752036,0.000010225908,0.000023455745,0.000046505465,0.00015694594,0.00036070964,0.006547642,0.074144274,0.03556178,0.0040030708,0.0011247828,0.0014278366,0.0031615118,0.004882586,0.0008973094,0.0011651411,0.0006696395,0.00027126283,0.00087309553,0.00039968538,0.00015061436,0.000012740907,0.00004490097,0.000042944182,0.000004747572,0.0000031165453,0.00015726153,0.00032439278,0.00023088451,0.00001479716,0.00008547839,0.000007243953,0.00003494327,0.000014172731,0.00007089994,0.000023640803,0.00002207001,0.000012425298,0.000007494422,0.00000055894145,0.000019996576,0.000003134046,0.0000025761142,0.0000064779,0.0000014667432,0.000000011452898,0.0000036584065,0.0000034680522,0.000010735542,0.0000009777491,0.0000019351316,0.00000091636,0.0000019131917
Lindi,5.0598274E-17,1.1573714E-18,5.663276E-19,3.2613215E-21,2.9795397E-19,3.4676929E-19,0,0,0,0,0,0,0,0,0,0,0,0,0,0,0,0,0,0,0,0,0,0,0,0,0,1.1162155E-10,1.8166525E-10,5.570024E-11,5.785535E-11,1.0143452E-10,2.2027992E-10,1.8040392E-12,2.376473E-17,1.4625553E-20,1.6362701E-17,8.5692034E-20,3.1833322E-20,2.3258822E-15,5.0654747E-17,2.0768188E-16,4.2130582E-14,3.5100994E-13,9.13992E-14,1.299805E-13,5.5908308E-14,1.5815606E-14,1.3197247E-14,4.4207511E-13,2.9025142E-14,5.72994E-14,2.8123466E-14,1.0026008E-12,5.5272156E-16,6.7382E-16,9.524715E-16,4.789494E-16,5.0802156E-15,1.4185794E-15,5.7941564E-16,3.1477292E-15,6.161718E-15,3.777461E-16,9.030484E-16,2.1887253E-19,6.27882E-16,6.3324285E-14,7.6736145E-15,1.9397372E-16,6.6841026E-13,9.418264E-10,0.0000000012095794,5.039006E-13,1.4312497E-13,3.102024E-14,3.7296633E-13,9.106204E-14,2.5735192E-13,4.1620936E-13,3.5075807E-12,2.8000987E-12,7.1298154E-13,3.9722894E-10,4.68387E-13,1.1457902E-12,5.745684E-14,2.239803E-17,1.9366606E-17,4.6673587E-18,4.661787E-20,0,0,0,0,0,2.404341E-15,7.3516865E-13,0.0000000026315488,7.050803E-12,0,0.0000000015105172,1.15471424E-10,2.3518093E-10,0,0.000000002148672,0.0000000010207832,7.207674E-11,6.2015E-11,1.9928942E-11,1.7283643E-14,9.807388E-14,1.1727409E-11,2.7550673E-10,6.0589334E-10,6.7231126E-10,5.9905636E-10,0.0000000014429402,0.00000020955972,0.0000010038425,0.0000008187415,0.00000426693,0.0000021397775,0.0000004814261,0.0000009068683,0.0000020227494,0.00000483693,0.000029868628,0.000048480924,0.00089707185,0.02369793,0.053677756,0.004920968,0.0012024464,0.0014316979,0.0029813317,0.004095163,0.00079858623,0.0008490349,0.00040254835,0.00016250466,0.0006038626,0.00029568883,0.00012254759,0.000007108506,0.00003089443,0.000027518172,0.0000026579264,0.0000019301394,0.00010756132,0.00021223292,0.00013974195,0.000008473837,0.000059117512,0.0000035495136,0.000022757293,0.000008878232,0.000043979402,0.000013741683,0.000011373075,0.000006417849,0.0000045253787,0.00000040581364,0.000012125218,0.0000019091494,0.0000016065595,0.0000044264402,0.000001010347,0.000000008576579,0.0000023607386,0.0000022156328,0.0000062034806,0.0000005887937,0.0000010556903,0.00000049837143,0.0000009549615
Mchinga,1.3999873E-16,8.7765675E-18,2.8900536E-17,1.3474978E-18,2.8280633E-18,1.4738056E-17,2.2820124E-18,0,3.0475526E-18,0,0,0,0,0,0,8.0152945E-21,8.435325E-21,0,4.5543082E-21,0,0,0,0,1.6712444E-20,3.1347676E-22,0,0,0,0,0,0,1.7547909E-10,2.2974679E-10,6.704329E-11,6.422408E-11,6.602811E-11,0.0000000012056763,2.7406298E-11,2.2814772E-16,2.7832005E-18,1.7405905E-16,7.0259093E-19,2.922278E-19,1.3241723E-14,8.9761326E-17,4.7844227E-16,2.0902103E-13,1.6310842E-12,1.3706893E-12,9.39227E-13,1.5732015E-13,3.0533906E-13,7.33066E-14,7.532229E-12,5.266284E-13,6.7718005E-13,1.2257071E-12,4.120523E-12,2.721343E-15,9.232935E-15,3.846341E-15,4.264778E-14,1.4992456E-14,7.063378E-15,2.2348597E-14,1.0100737E-13,5.105845E-13,1.9142377E-14,1.0699E-13,1.8697969E-16,1.1199689E-14,7.622235E-14,4.8289964E-13,2.0590701E-12,3.760138E-12,1.301435E-10,5.3896098E-12,5.406645E-13,1.2466395E-13,3.5228703E-14,1.3594896E-12,2.6401266E-12,3.9319776E-12,4.5309693E-12,1.509556E-11,1.9003537E-11,1.032352E-11,1.15720336E-10,7.9873163E-13,2.104354E-12,5.155151E-14,8.915461E-16,9.263491E-16,3.655211E-17,1.4186411E-19,6.3292003E-21,2.0540106E-20,0,0,0,2.7291426E-12,2.9229197E-10,0.000000001912379,8.9432725E-11,0,0.000000049831105,0.0000000017473645,0.000000004698138,0,0.000000044872767,0.0000000041862647,6.6747885E-11,6.182905E-10,2.6673852E-10,1.1773225E-13,2.85954E-13,1.6500341E-11,0.0000000053815583,0.000000006173832,0.0000000013132205,6.4354605E-10,0.000000011484191,0.000000452862,0.0000007512215,0.0000010467901,0.000002581468,0.0000014334835,0.00000013223857,0.0000016114973,0.0000019615998,0.0000035599396,0.000032521457,0.00010882268,0.0004746779,0.0042073377,0.016470555,0.022120224,0.009909944,0.0058151083,0.007409432,0.007020896,0.001688108,0.0010976337,0.0004540706,0.00020085188,0.0007857619,0.00046905206,0.0002249618,0.000009903212,0.00006608429,0.00004713386,0.0000059081294,0.0000035779644,0.00017699905,0.00032971296,0.00022808419,0.000015316311,0.00009395879,0.0000074717973,0.000039379876,0.000013667915,0.000072754636,0.000020902584,0.000012170279,0.000008102462,0.000008459923,0.0000005129353,0.000019222278,0.0000046281175,0.0000030782182,0.0000068663066,0.0000017556823,0.00000001094614,0.000003922164,0.0000044385,0.000008552367,0.00000071085833,0.0000011877473,0.0000006108813,0.0000012307048
Kisongo,5.3086366E-16,3.256379E-17,6.775299E-21,0,2.7752855E-18,1.0256302E-17,0,0,0,0,0,0,0,0,0,0,0,0,0,0,0,0,0,0,0,0,0,0,0,0,4.4646593E-19,1.4606978E-10,3.1588956E-10,1.2715333E-10,3.267916E-11,6.8586754E-11,0.0000000014058634,2.1469222E-11,3.9102916E-16,7.6473294E-18,8.039601E-15,2.9197904E-18,3.310168E-19,1.4661394E-13,6.7755796E-16,2.3790768E-13,6.986264E-13,1.0772721E-11,1.6143892E-12,1.2549725E-11,3.7665777E-13,2.3857056E-13,2.7910627E-13,2.1138202E-11,1.7641315E-12,3.9386173E-13,3.4167097E-13,4.4326318E-12,8.347464E-15,4.0158567E-14,9.637665E-14,1.581001E-12,2.5317902E-13,5.3886644E-15,2.6170465E-14,3.423927E-14,9.902669E-14,5.216494E-15,3.3732935E-14,3.2143366E-18,2.2396667E-15,3.4946229E-15,5.8862738E-15,5.4974395E-13,8.1383365E-13,2.7465554E-11,2.5700089E-12,1.850835E-11,6.856032E-13,1.9818436E-13,4.865511E-13,9.683437E-13,5.910191E-12,1.9328325E-11,2.287211E-11,1.5432649E-12,5.899166E-13,3.8260037E-10,3.819781E-13,8.94511E-13,2.1832305E-14,5.941909E-16,5.009198E-16,1.621245E-17,1.4108891E-18,0,5.843248E-22,0,0,0,6.209794E-14,8.2426926E-11,3.6898504E-10,1.6865832E-10,0,0.0000000069101294,3.3045972E-10,0.0000000055487464,0,0.0000000015546024,7.8306156E-10,9.866923E-12,0.0000000014296371,7.871821E-11,3.6422613E-14,3.880279E-13,3.415934E-11,0.000000001827647,0.0000000024082805,0.0000000015288735,4.7909293E-10,0.0000000038379424,0.00000016002204,0.00000010555903,0.000000023730905,0.00000031099898,0.00000022307891,0.00000017910803,0.0000019158597,0.0000024577603,0.0000037893667,0.00002150051,0.00004678607,0.00016111972,0.00074721035,0.0018173524,0.0068513216,0.0121966805,0.017854914,0.007780857,0.0060485164,0.0018472214,0.00071600016,0.00025134173,0.0001268429,0.00053563266,0.00040707726,0.00022295244,0.000009967899,0.00006936831,0.000048574868,0.0000053770864,0.0000035165037,0.00016575145,0.0003391185,0.0002194823,0.00001296957,0.000073691976,0.000005831345,0.000036115747,0.000011648899,0.000052885476,0.000014710769,0.00001194502,0.0000069255516,0.000009395805,0.0000007180923,0.000012258291,0.0000026153418,0.0000024094877,0.000007816228,0.0000015551038,0.0000000116082175,0.0000027995295,0.0000035329685,0.0000064252517,0.0000005522324,0.0000010654766,0.00000054166725,0.0000009923981
Kilwa Kisiwani and Songa Mnara Islands,4.3722808E-16,2.687257E-17,6.192337E-19,6.7649524E-19,3.0836338E-18,1.2706505E-18,0,1.4886115E-20,0,5.934518E-19,1.2286792E-19,0,1.0931541E-18,0,0,0,0,0,0,0,0,0,0,0,6.057132E-18,0,0,0,0,0,4.5405127E-18,9.239599E-11,1.305485E-10,6.151327E-11,1.3079738E-11,2.6272231E-11,0.0000000011909731,3.627531E-11,6.984266E-16,1.28993944E-17,1.380742E-14,1.1314563E-16,2.466139E-17,3.781821E-13,2.7378822E-15,4.996829E-13,5.710781E-12,8.262772E-12,3.5268082E-12,2.3423086E-11,1.3638251E-12,1.3609246E-12,1.1050724E-12,3.888793E-11,3.4480103E-12,2.5453485E-12,1.177429E-12,8.056394E-12,6.8484066E-15,1.4847425E-13,5.2207706E-13,4.473983E-12,1.2327387E-12,1.6815401E-14,6.397616E-14,9.32505E-14,3.530854E-13,1.7067763E-14,2.2187559E-13,1.15073165E-17,1.7045616E-16,3.767749E-14,5.0064265E-14,7.524194E-12,3.963877E-11,3.3197217E-10,1.4661876E-10,4.9734925E-11,6.194322E-13,3.4960454E-13,1.801248E-14,2.700352E-13,4.9430915E-12,1.04503585E-11,1.0702619E-11,2.200615E-12,7.399493E-13,1.5718851E-10,3.4528272E-13,6.449648E-13,5.352632E-15,5.1749197E-16,2.843847E-16,3.1429586E-18,8.942249E-19,0,1.2302819E-19,0,0,0,7.145677E-14,4.9123786E-13,3.9600917E-10,3.8696607E-10,0,0.000000015354292,4.2468817E-10,0.000000023532085,0,4.637598E-11,3.9544443E-10,4.1315657E-12,9.919849E-11,1.14832E-10,4.22802E-13,1.117973E-12,8.190854E-11,1.6727963E-10,9.910898E-10,0.0000000011912721,6.8419354E-10,0.000000014152221,0.000000496829,0.00000032175552,0.000000023492454,0.0000000868146,0.0000000675125,0.0000002795281,0.00000022230087,0.00000069966796,0.0000015206023,0.00001818845,0.00002269608,0.00007185844,0.00024244194,0.00035552445,0.0009387869,0.0032912295,0.05122129,0.005629884,0.0039528706,0.0015779715,0.00035579817,0.00014982918,0.00011493477,0.00029105527,0.00028170703,0.00017251057,0.000012752641,0.00007500774,0.00005536376,0.000006186842,0.0000034821003,0.0001651419,0.0003094882,0.00018268188,0.000013912592,0.000075651136,0.0000058265505,0.00003647114,0.00001212448,0.00004846598,0.000012953815,0.000005563494,0.000006250089,0.000012872701,0.0000010845096,0.000011502843,0.0000026765283,0.0000027447536,0.00000818259,0.0000016701503,0.000000013435889,0.000002189713,0.0000024060766,0.000005881305,0.00000049545986,0.0000008672219,0.00000038766444,0.0000006936812
Songo Songo Islands S,2.1180188E-15,4.8649237E-16,6.625421E-17,4.1674054E-17,5.403341E-17,5.8224595E-17,1.1799458E-17,4.344663E-17,8.5492973E-16,4.4029103E-15,7.1323605E-16,1.907435E-18,1.8158694E-15,8.6553685E-17,3.080969E-17,1.0081341E-17,1.8134975E-17,9.13292E-18,1.4203556E-17,9.445659E-18,9.382627E-18,1.1069033E-18,3.0492203E-17,3.2916445E-17,1.9719486E-16,0,0,0,0,0,1.3873428E-16,4.9779536E-10,9.199294E-10,9.2541236E-10,2.3940333E-10,8.244104E-11,0.0000000029145482,7.696205E-11,4.1462902E-15,1.743274E-16,8.543853E-15,7.523014E-16,4.461343E-17,1.0076321E-11,5.6205877E-14,3.9149069E-13,8.209628E-12,4.5279E-11,2.369009E-11,2.1527581E-10,6.2124824E-12,8.490106E-12,8.156812E-12,3.0639244E-10,5.197039E-11,2.859077E-11,1.2502213E-11,6.584186E-11,2.963977E-14,2.8843252E-12,4.1331396E-12,3.399474E-11,5.989359E-12,2.5341459E-13,3.0034742E-13,8.8054753E-13,4.0958304E-12,2.4355005E-13,1.8101541E-12,6.0479778E-18,8.824116E-13,2.4965977E-11,3.066813E-10,7.970722E-11,4.1839238E-10,0.000000006771328,0.000000007035882,3.1765576E-10,0.000000009929788,0.0000000030020029,4.3989803E-10,2.8811365E-11,0.000000012689359,5.207172E-10,0.0000000053796443,0.0000000050239923,1.0408486E-10,0.0000000017685008,4.5783082E-11,5.4080376E-11,9.9150115E-12,2.6698212E-15,5.75187E-16,2.879739E-17,2.935201E-18,0,3.2251572E-21,0,0,0,5.0933437E-12,4.5353448E-12,0.00000012013612,0.0000000014556963,0,0.0000000831886,0.000000003925601,0.00000012815957,0,2.9432573E-10,0.0000000019065522,3.3264314E-10,0.0000000027418192,0.0000000013636817,2.948361E-12,1.4374505E-11,3.7608708E-10,0.0000000065589028,0.000000018430429,0.000000090437595,0.00000004358523,0.0000011403619,0.000008346707,0.0000043879413,0.00000040218774,0.0000018911668,0.0000011201124,0.0000010320371,0.0000023525224,0.000004798937,0.000007268933,0.00006106131,0.00009030629,0.00015437738,0.00048567215,0.0003649852,0.00050485716,0.0013971818,0.008900178,0.035111643,0.011157526,0.0069129504,0.0009328555,0.0005509852,0.0006028357,0.00092318363,0.0010079924,0.0007085473,0.00004232933,0.00036762838,0.00025919825,0.000035174882,0.00001677728,0.0006788372,0.0012438992,0.0006919046,0.0000639297,0.00034188636,0.000030033974,0.000187278,0.000052029398,0.00020370328,0.000057497356,0.000017278328,0.000019450805,0.000059689635,0.0000052446767,0.000053606178,0.000015633444,0.000013146297,0.0000402946,0.000008136099,0.00000007656074,0.0000088304905,0.000009813368,0.000021490521,0.0000016493826,0.000003092275,0.0000016523011,0.0000029011312
Songo Songo Islands C,7.192401E-15,9.391963E-15,3.2396122E-16,2.6013597E-16,4.2554297E-16,4.209395E-16,7.379101E-17,2.0127971E-16,2.994711E-15,1.8794755E-14,3.7688015E-15,8.44864E-18,1.0227898E-14,3.7897583E-16,1.4038993E-16,5.3724934E-17,1.4294343E-16,6.600291E-17,7.289151E-17,4.1924998E-17,4.7018015E-17,4.4094674E-18,2.6618114E-16,1.3298149E-16,1.0849357E-15,0,0,0,0,0,5.73534E-16,8.203881E-10,0.0000000014679089,8.1986323E-10,4.8488535E-10,2.1943895E-10,0.000000004427721,9.910137E-11,2.5527552E-14,1.1018057E-15,1.5059876E-13,4.5284194E-15,1.01391717E-16,3.9752465E-11,2.3665477E-13,4.2967483E-12,6.320277E-11,8.732842E-11,5.5287164E-11,1.2141874E-10,1.0835022E-11,1.473437E-11,1.8322443E-11,4.885808E-10,1.1301441E-10,1.1104705E-10,4.6256245E-11,2.4482674E-10,1.0757166E-12,3.8431628E-12,1.003443E-11,4.858236E-11,8.6417045E-12,5.8716454E-13,1.0834342E-12,2.6110004E-12,9.597753E-12,5.360711E-13,4.9571623E-12,7.597191E-16,2.807501E-13,2.684097E-11,4.849198E-10,1.2619057E-10,8.0736695E-10,0.0000000033097765,0.000000007658697,0.0000000010549595,0.00000005007307,0.000000013536596,0.0000000019908293,1.6545697E-10,0.000000005511785,4.8261745E-10,0.0000000017072825,7.195257E-10,4.308914E-11,0.0000000026289688,5.111128E-11,8.7528915E-11,2.804566E-12,7.356687E-15,1.5156216E-15,8.1068954E-17,1.1664695E-17,0,5.857568E-20,0,0,0,5.9011606E-12,1.3658285E-11,0.0000005537106,0.0000000030194376,0,0.00000007224323,0.0000000070197075,0.00000012540298,0,6.063564E-10,0.0000000027656886,1.0664047E-10,0.0000000034239696,0.000000009377614,1.1241408E-11,4.0439024E-11,4.107744E-10,0.00000000844654,0.000000034222836,0.0000002663552,0.0000001478547,0.0000015324752,0.0000074513428,0.0000059404497,0.0000015069112,0.0000027437359,0.00000510687,0.0000006839221,0.000005922985,0.00000659615,0.000010437418,0.00008438419,0.00013908849,0.00018695547,0.00035543463,0.00028110357,0.00026708236,0.0004847597,0.001730248,0.009464474,0.0106453365,0.0081315255,0.0027161832,0.0015600384,0.002205292,0.003884691,0.0041015577,0.0022786753,0.00009743672,0.0016890184,0.0010329166,0.00015846554,0.00006163512,0.0022924005,0.004238013,0.0022937823,0.00021801809,0.0011852018,0.00015063371,0.0006422915,0.00017038519,0.0007218866,0.00021205172,0.000034076213,0.00004500109,0.00016468868,0.000013037112,0.00020543498,0.00006194325,0.000057921636,0.00014667277,0.000024756722,0.00000025251617,0.000030638697,0.000032372784,0.00007334453,0.000005911557,0.000011288311,0.0000057072616,0.000010262103
Songo Songo Islands NW,1.0557575E-15,1.8268552E-15,1.24646705E-17,4.4323457E-17,8.6329624E-17,8.4070965E-17,1.5211789E-18,2.5069921E-18,6.969077E-17,1.142511E-16,2.3281865E-17,5.36536E-21,7.3140335E-17,1.9702282E-18,5.9362757E-18,0,1.6884581E-18,9.787549E-22,8.2822146E-19,1.8508253E-20,5.0876964E-19,1.02169504E-20,4.5080864E-18,0,5.4823533E-17,0,0,0,0,0,1.5249387E-16,6.837298E-10,0.0000000010179385,8.603892E-10,1.7084587E-10,1.7035598E-10,0.000000004022602,1.11828304E-10,1.9391171E-14,5.285602E-16,1.9419083E-13,1.5928187E-15,7.718844E-17,1.850532E-11,1.9170033E-13,3.3029471E-12,2.958015E-11,2.1062745E-11,2.0758359E-11,2.9893116E-11,5.6208558E-12,4.528784E-12,8.4902935E-12,2.2417637E-10,5.5581872E-11,5.4385444E-11,1.9916943E-11,5.75843E-11,5.7170956E-14,9.720237E-13,1.7192695E-12,1.2092762E-11,2.4073749E-12,1.4749378E-13,2.3399091E-13,7.534389E-13,3.2179895E-12,1.6643308E-13,9.625145E-13,8.4236295E-17,1.3334487E-13,1.9580233E-11,2.1627622E-10,4.021334E-11,2.1961097E-10,0.0000000026256883,0.0000000061894485,1.1284127E-10,0.000000018602696,0.000000005367842,0.0000000012409422,9.865632E-11,5.8646166E-10,3.2543776E-10,7.2617595E-10,1.8520345E-10,1.6358444E-11,6.579019E-10,1.7729573E-11,2.6385756E-11,1.028814E-12,2.7392959E-15,8.3614074E-16,2.1579574E-17,1.3512286E-18,0,0,0,0,0,5.892063E-12,4.714993E-12,0.00000011835185,0.0000000036391343,0,0.00000001901145,0.0000000017752397,0.00000003095262,0,4.5014298E-11,1.3365847E-10,3.346069E-11,0.0000000025530236,0.0000000040052224,4.44111E-12,2.498971E-11,6.1632643E-10,0.0000000017690011,0.0000000087442995,0.00000003595323,0.000000020066997,0.0000005910752,0.0000064066257,0.0000006874284,0.0000004152692,0.0000015382388,0.0000047933163,0.000000030845552,0.0000018679967,0.0000029277942,0.0000054260977,0.000041834723,0.00009771504,0.000099437,0.00025311462,0.00019576792,0.00015288661,0.00037147047,0.0013098386,0.008671461,0.010600207,0.006072979,0.0019391893,0.00086998387,0.0014547558,0.0015206721,0.001985711,0.0015362868,0.00005905809,0.0009032733,0.00065988733,0.00009845068,0.00004317354,0.0015227456,0.002778624,0.0014002309,0.00012231109,0.00073486165,0.000068521316,0.00045928455,0.00012468125,0.0004969042,0.00014393938,0.000020074955,0.000029362336,0.00008503316,0.0000088047545,0.00014010062,0.000041748663,0.00003888262,0.00009906237,0.000015318343,0.00000014249719,0.00002014485,0.000020034411,0.00004404739,0.0000032987346,0.00000578267,0.0000033045392,0.0000061897904
Songo Songo Islands NE,6.2776907E-15,1.2039605E-14,1.2066143E-16,1.0658254E-16,1.49789E-16,1.6420646E-16,2.8400724E-17,8.8245984E-17,1.8363217E-15,8.8911795E-15,1.6993386E-15,2.1215528E-18,4.7455474E-15,1.3565933E-16,3.0804067E-17,1.80477E-17,2.189511E-17,1.1175285E-17,1.7173532E-17,8.225826E-18,1.1527927E-17,1.5242769E-18,1.2187523E-16,4.006097E-17,4.810902E-16,0,0,0,0,0,3.4848066E-16,0.0000000014143977,0.0000000020765372,0.0000000010276884,4.279045E-10,2.4743985E-10,0.000000004601676,1.5709838E-10,6.356124E-14,2.5686628E-15,1.7067704E-13,9.871409E-15,1.2627447E-16,3.2577014E-11,2.0891786E-13,5.8001004E-12,1.0057824E-10,3.208402E-11,5.5099845E-11,1.10748376E-10,1.1650637E-11,1.5987182E-11,1.5799504E-11,5.356798E-10,1.2056635E-10,1.3730748E-10,7.22714E-11,2.4877359E-10,8.3896984E-13,7.2472514E-12,1.1142768E-11,5.0096587E-11,1.1100528E-11,6.655791E-13,1.9818125E-12,4.1327245E-12,1.3262682E-11,7.881047E-13,1.0160794E-11,4.4760663E-14,3.3143076E-13,1.8212681E-11,2.657943E-10,6.769464E-11,5.4565563E-10,0.000000009830204,0.000000011628274,0.000000018331862,0.000000006785557,0.000000004569093,3.0629843E-10,2.1459307E-11,9.045793E-11,1.4270571E-10,3.8300743E-10,5.3786788E-11,1.9078098E-11,0.0000000028305123,2.1765473E-11,6.6429084E-11,8.4883207E-13,3.1989065E-15,6.6097237E-16,4.828041E-17,2.991908E-18,0,0,0,0,0,6.358062E-12,5.693816E-12,0.00000047166827,0.0000000029610812,0,0.000000049763766,0.000000007588976,0.00000007308119,0,5.602797E-10,0.0000000011718909,1.07034805E-10,0.0000000074128548,0.000000013217619,5.261506E-12,2.9142404E-11,1.7055576E-10,0.0000000054239906,0.000000019404665,0.000000102498475,0.00000008267561,0.0000010358757,0.0000094958405,0.000004534008,0.0000006905654,0.0000012395232,0.000003554613,0.0000002596375,0.0000079515785,0.000005007304,0.000010814384,0.000084764826,0.00016721712,0.00014106437,0.00023942784,0.00018717113,0.00015066452,0.00027704562,0.00059039367,0.0025958347,0.005428653,0.0023941407,0.0030444039,0.0022889029,0.0045912783,0.004786061,0.007537749,0.0036255287,0.00011954588,0.0045715193,0.0025043567,0.00046689785,0.00013019379,0.00401104,0.0075045666,0.004115104,0.00041227523,0.002176261,0.00045015605,0.0012474838,0.00030330647,0.0013914001,0.00040837217,0.00007742928,0.00007314801,0.00018914313,0.0000193704,0.00040289824,0.00012507821,0.00013035155,0.0002793418,0.000045539247,0.0000003859138,0.000059835755,0.000064171894,0.00014817066,0.000012553405,0.000026665055,0.00001234369,0.000020836094
Mafia Island SE,6.7145577E-15,5.7272167E-14,1.8199412E-16,1.0138503E-16,1.3397429E-16,2.1958875E-16,1.38337165E-17,4.789437E-17,1.3391652E-15,2.9595168E-15,5.547279E-16,2.8026702E-19,1.5152111E-15,7.0625184E-17,2.7866857E-18,3.663697E-18,2.535095E-18,9.381549E-19,6.058257E-21,3.990673E-20,2.1365155E-22,2.9320453E-19,5.673464E-15,4.437782E-15,2.7418086E-15,0,0,0,0,0,5.0498617E-16,2.7601726E-10,9.591359E-10,3.9386286E-10,2.5044503E-10,2.6191888E-10,0.0000000018720043,4.834589E-11,6.3906054E-14,2.3949643E-15,1.3074418E-13,1.498681E-14,1.4743629E-16,2.1386327E-11,1.4819608E-13,4.857787E-12,8.386334E-11,4.0244873E-11,4.4240698E-11,1.3791342E-10,9.704676E-12,2.5145662E-11,1.4381938E-11,5.9980493E-10,1.5672018E-10,7.6986736E-11,4.313315E-11,1.0558318E-10,7.142281E-13,7.03418E-12,1.5680963E-11,6.796992E-11,1.3152357E-11,8.487989E-13,2.3153202E-12,3.880708E-12,1.1629473E-11,6.8253443E-13,1.4638853E-11,2.6581679E-18,1.3868419E-14,1.0375365E-12,2.749767E-11,7.163873E-11,3.0166467E-10,0.000000004676062,0.0000000015859547,0.000000008013605,7.0088066E-14,2.7417157E-14,2.9944983E-14,4.8812496E-14,9.563489E-12,2.0554067E-11,1.2418012E-10,2.6384754E-11,3.1886264E-13,0.000000005610825,2.6777896E-12,5.6054996E-12,2.6676058E-15,3.0144665E-17,1.0985194E-17,1.0216098E-18,4.5178967E-20,0,0,0,0,0,5.697086E-12,3.7576483E-12,0.000000065652436,5.1734306E-10,0,0.00000016187208,0.000000009079146,0.00000006376607,0,4.2357529E-10,6.9989453E-10,7.0008256E-11,4.143375E-10,1.4486487E-10,2.7322515E-14,2.4177348E-13,7.507676E-13,9.955836E-10,0.00000006275025,0.000000067578796,0.000000062872786,0.00000041599637,0.0000065599925,0.0000037687025,0.0000007006522,0.0000021149508,0.0000013757227,0.00000001804445,0.000007754494,0.0000044358735,0.00000785929,0.000030450898,0.000098763994,0.000051322342,0.000089804074,0.00006749255,0.000046283523,0.0000633474,0.00014076821,0.0006060984,0.0014328732,0.0002966196,0.0008929152,0.014116368,0.0152306855,0.006360348,0.0041471464,0.0018629427,0.00018223772,0.0070402483,0.0038638753,0.00089277903,0.00017743338,0.0036199412,0.0066420543,0.0043748706,0.00058714795,0.0029959807,0.00096267584,0.0015254383,0.0003726531,0.0018821051,0.0005763033,0.00017646616,0.00014613481,0.0002389418,0.000027527707,0.0005687736,0.00017229962,0.00020295828,0.0004489955,0.000070861126,0.0000005924084,0.000090847214,0.00010101162,0.00023348561,0.000024514942,0.00005179331,0.000021973157,0.00003807552
Mafia Island N,7.53683E-15,2.4096002E-14,8.41548E-17,5.845036E-17,6.580148E-17,7.0936316E-17,4.3822366E-18,2.8423153E-17,6.3641535E-16,1.2927935E-15,2.8870422E-16,7.608718E-19,7.269527E-16,6.5906125E-17,1.5409786E-17,0,2.0236144E-18,1.4942523E-19,2.386096E-18,6.063453E-19,2.0869132E-18,8.287971E-20,4.0316515E-15,3.882859E-15,1.4357545E-15,0,0,0,0,0,7.522424E-16,9.154777E-11,2.4301416E-10,1.2213484E-10,1.1341828E-10,9.197007E-11,2.4966945E-10,4.3782087E-12,1.1395452E-14,6.799877E-16,3.0313005E-14,4.0902078E-15,4.7280655E-17,1.1333124E-11,2.1906374E-13,3.8858526E-12,5.707148E-11,2.6501894E-11,1.217096E-11,7.0170376E-11,4.5986E-12,1.494159E-11,6.166941E-12,1.3121414E-10,6.091658E-11,3.4457517E-11,3.1786174E-11,4.598871E-11,1.2431584E-13,5.8498857E-12,5.0998303E-12,3.8966216E-11,5.94027E-12,2.5484966E-13,9.602127E-13,1.994239E-12,5.782135E-12,2.7991465E-13,1.799766E-11,8.647531E-20,7.69437E-20,5.4799464E-14,1.2279954E-13,2.2227487E-11,7.5235644E-11,0.0000000027242995,4.931081E-10,0.0000000060060654,1.4859875E-14,7.247244E-15,9.213368E-15,1.7657967E-14,3.1372797E-12,4.9356357E-12,6.382701E-11,1.0356696E-11,1.5469082E-13,0.000000003363157,6.414615E-13,1.494957E-12,6.7818723E-22,0,0,0,0,0,0,0,0,0,1.5659014E-12,2.4675368E-12,0.000000033076088,1.3060536E-10,0,0.000000080766895,0.0000000054994755,0.00000003475232,0,1.2493415E-10,2.6215358E-10,3.027086E-11,1.8305944E-11,8.033263E-11,1.8001815E-14,1.1290574E-13,7.7665657E-13,4.8298405E-12,0.000000033493258,0.000000029789062,0.000000021772683,0.00000012666553,0.0000026486225,0.0000019305812,0.00000047637172,0.0000009567904,0.0000002747178,1.5053153E-11,0.0000015409022,0.00000090072126,0.00000071686185,0.000005187895,0.000037310005,0.000014306961,0.000027982773,0.000026588998,0.000014037362,0.00001785514,0.000042714975,0.00013964176,0.00050525146,0.000106282634,0.00040382237,0.0008623542,0.019591343,0.016639588,0.0025143605,0.0007115569,0.000097522374,0.0057498734,0.0045684376,0.0012133921,0.0002619448,0.004734556,0.008519145,0.0054471986,0.0007211542,0.0037647136,0.0014477018,0.0021848972,0.0004997578,0.0024294553,0.0007442066,0.00023663543,0.00015541313,0.00015644838,0.000021176971,0.00073275325,0.00021442928,0.00025904,0.0005621837,0.000089929425,0.0000007434737,0.00011875286,0.00013160326,0.0003150153,0.000034364784,0.00007698899,0.00003103462,0.00005286263
Mafia Island SW,8.927096E-15,7.688468E-14,1.5306714E-17,5.8773493E-19,9.077405E-19,1.7773446E-18,7.578322E-19,2.2411686E-19,3.0797473E-17,3.189352E-17,6.197302E-18,0,1.1106216E-17,7.0253287E-19,1.1181326E-20,9.02688E-19,0,0,0,0,0,1.1697086E-22,3.918394E-18,3.3940343E-18,4.584401E-17,0,0,0,0,0,5.485556E-16,5.1837302E-11,1.1527796E-10,1.0078801E-10,8.380336E-11,2.6933214E-10,0.0000000028475038,5.7029992E-11,5.6575316E-14,2.1482238E-15,4.3990248E-13,9.4438244E-15,9.332687E-17,2.1570565E-11,2.3518551E-13,1.1894529E-11,6.941871E-11,1.1992439E-11,3.6298218E-11,1.5882379E-10,8.877909E-12,1.5223834E-11,6.61191E-12,2.748217E-10,8.406877E-11,3.2142556E-11,1.900405E-11,4.373019E-11,3.8249113E-13,5.202977E-12,1.13455426E-11,4.245133E-11,6.1407416E-12,2.9132594E-13,2.5282409E-12,2.0675638E-12,6.939817E-12,4.0919915E-13,1.3112471E-11,1.00166675E-17,2.4016013E-16,4.478504E-13,2.0317365E-12,5.7478387E-11,2.1201858E-10,0.000000005051329,0.0000000021782185,0.000000010646031,5.7172474E-14,4.7169866E-14,2.7865363E-14,7.419763E-14,7.74794E-12,1.6906986E-11,2.8710626E-10,1.9392862E-11,2.412431E-13,0.000000003667343,2.9256513E-12,3.9754823E-12,5.4857274E-20,0,5.219282E-21,4.0894212E-23,0,0,0,0,0,0,1.0846369E-12,6.087196E-12,0.00000007794463,2.2314657E-10,0,0.00000006114042,0.000000015965977,0.000000041387423,0,0.0000000012351359,9.079334E-10,6.9238136E-11,1.6024314E-10,1.741128E-10,2.5558295E-12,8.192091E-12,3.0527757E-11,2.3976465E-10,0.00000006469332,0.00000011462566,0.00000007591404,0.0000011959885,0.0000070116785,0.0000025463557,0.0000009907757,0.0000017303853,0.0000007674031,4.3365686E-10,0.000004890683,0.0000032803314,0.0000045307925,0.000020813639,0.00009439745,0.00006649088,0.00012636512,0.00009443552,0.000042095387,0.00008751728,0.00019189842,0.00070710666,0.0017474904,0.00038609933,0.00090495055,0.0006718628,0.011542739,0.0082693985,0.005257612,0.0038269374,0.000084278734,0.009985697,0.0052238386,0.0011024635,0.00023723398,0.0052698525,0.009495223,0.0053392556,0.00057663396,0.0028993522,0.0011702974,0.001991253,0.00044266038,0.0019789108,0.000586133,0.00011158161,0.000083408646,0.00014157298,0.000023831322,0.0005748671,0.00017414281,0.00019658543,0.00040385168,0.000067519584,0.00000055550095,0.00008547059,0.000092593364,0.00020861019,0.00001967778,0.00004495223,0.000019618905,0.00003256765
Kwale Island,9.979768E-15,1.2929126E-13,2.9858858E-17,1.0706596E-18,7.3359646E-18,1.1856693E-17,5.916979E-18,7.9126707E-19,5.961483E-17,1.7647978E-17,8.214574E-18,1.2856288E-19,4.7762338E-17,1.1223362E-18,2.4183028E-19,7.089108E-20,0,1.2187422E-19,0,0,0,0,2.7933633E-18,4.185656E-18,2.1825379E-17,0,0,0,0,0,9.671224E-16,3.0822805E-10,4.728847E-10,2.722383E-10,3.5445324E-10,4.8525567E-10,0.000000002743416,8.326636E-11,3.362052E-14,4.2784238E-16,1.4034692E-13,1.870126E-15,2.378249E-16,3.2957134E-11,3.1193995E-13,4.7038593E-12,8.782848E-11,3.9878288E-11,2.6348318E-11,7.0025916E-11,1.0979967E-11,1.722808E-11,1.2726176E-11,3.3559813E-10,1.3237504E-10,5.339462E-11,1.9936853E-11,3.141033E-11,2.9148965E-13,7.9166266E-12,1.1878652E-11,7.505161E-11,1.1490089E-11,5.9623405E-13,2.203934E-12,2.6420903E-12,7.666741E-12,5.3218665E-13,1.2829936E-11,3.885029E-18,1.4057643E-17,1.4096261E-13,2.832466E-13,4.802111E-11,1.6997434E-10,0.0000000029629912,7.1600964E-10,0.0000000047202624,2.4740042E-14,1.9329717E-14,1.2940704E-14,4.6866807E-14,2.3133375E-12,7.75026E-12,1.8023612E-10,7.1479784E-12,1.120348E-13,0.0000000019883828,1.9955465E-12,4.3820594E-12,5.5849767E-19,0,0,0,0,0,0,0,0,0,1.725976E-13,2.816983E-12,0.00000005641732,1.842435E-10,0,0.000000044159655,0.0000000109726255,0.000000027693279,0,1.8274396E-10,3.0017427E-10,1.7179234E-11,7.4203824E-11,6.7554996E-11,8.7165647E-14,1.13509015E-13,3.302484E-12,4.5087482E-11,0.00000008407614,0.000000024553136,0.000000038048267,0.00000018988405,0.0000045043193,0.0000034297095,0.0000011196393,0.000002573509,0.0000003221302,2.1670653E-11,0.0000043573204,0.000001215524,0.00000092129244,0.0000064563615,0.00004228905,0.000029694625,0.00007273169,0.00006159583,0.000021746318,0.000032298118,0.000048729344,0.00013479443,0.0004632455,0.00007503103,0.0004087053,0.0005943325,0.011917052,0.009513478,0.0021911084,0.0030477494,0.00011889954,0.015549983,0.0077723647,0.0016075446,0.00032682906,0.006614968,0.011338096,0.005551376,0.0006321336,0.003136185,0.0015564478,0.0027396246,0.000564411,0.002243732,0.00062130886,0.00008741017,0.00007784196,0.00015871065,0.00002587059,0.00063175475,0.00020132327,0.00022780253,0.00045651165,0.00006546411,0.00000059136784,0.00008900848,0.000094582945,0.00021551558,0.000019436098,0.000043391712,0.000018995013,0.00003350935
Buuni,2.520913E-14,8.242906E-14,4.8101294E-17,3.1122908E-18,1.5704747E-17,9.43821E-18,1.2005039E-18,5.7466566E-18,2.9329977E-16,1.3372452E-16,2.2843895E-17,0,1.679721E-16,2.0333147E-17,0,1.0002738E-18,0,0,0,0,0,0,1.5222107E-17,2.0451237E-17,4.5762408E-17,0,0,0,0,0,3.711656E-16,3.6349365E-10,9.815725E-10,4.7064846E-10,6.960312E-10,2.0346155E-10,0.0000000015110985,2.6862759E-11,3.098106E-14,1.0453918E-15,2.114348E-13,3.8280693E-15,3.9366235E-16,7.368528E-11,1.2261375E-13,5.8027407E-12,3.6537502E-11,1.8609711E-11,2.9241533E-11,8.079925E-11,1.6280066E-11,1.7470882E-11,1.0625701E-11,3.084992E-10,1.7976957E-10,3.462309E-11,2.1170298E-11,8.492991E-11,4.0103706E-13,8.225089E-12,1.5189397E-11,7.2575966E-11,1.1231784E-11,7.536508E-13,2.2310632E-12,4.171481E-12,1.2597414E-11,1.2354445E-12,2.0908199E-11,1.2282491E-18,1.872367E-18,3.3064914E-14,3.2136708E-14,8.704313E-12,2.9878662E-11,9.597529E-10,2.0112016E-10,0.000000002513632,1.1188873E-14,9.28879E-15,1.0938755E-14,2.4581475E-14,2.1310128E-12,4.0723362E-12,9.2691355E-11,4.915565E-12,5.2345186E-14,7.0364115E-10,2.01923E-12,5.084555E-12,2.59534E-22,0,0,0,0,0,0,0,0,0,1.4379147E-13,2.703454E-12,0.000000026094806,1.1478191E-10,0,0.000000024136183,0.000000003446518,0.00000001364501,0,3.348113E-10,3.045765E-10,1.2188127E-11,4.9499828E-11,4.9280857E-11,4.521437E-13,1.096459E-12,1.42604695E-11,9.5194366E-11,0.00000007395203,0.000000019557188,0.00000004445947,0.00000024484626,0.0000011437986,0.0000010633603,0.0000005599619,0.0000014817741,0.00000015540331,1.6888768E-11,0.0000012328148,0.0000015635882,0.0000010169954,0.0000044741587,0.00003394439,0.000018553652,0.00003323049,0.00004507541,0.000010566981,0.000021302678,0.000042365416,0.00011726258,0.0004040818,0.00004657988,0.00034265552,0.0003835105,0.00672481,0.0053336956,0.0023412907,0.0021346917,0.00013223445,0.026101442,0.012253637,0.00232486,0.00047008993,0.007223267,0.01033983,0.0038968883,0.0004468636,0.0023061256,0.0021622519,0.004004088,0.0007242735,0.0022885688,0.00056866976,0.00004573346,0.00006591879,0.00018310295,0.000022496597,0.00056378107,0.00016618895,0.00017513761,0.00033318382,0.000047111018,0.0000004155623,0.00006964528,0.00007652732,0.00016733838,0.00001550848,0.00003339633,0.000015116146,0.000026722679
Latham Island,2.0079148E-13,2.4431667E-13,3.7863837E-16,2.9790967E-16,5.077251E-16,1.3484509E-15,4.8650666E-16,1.0293681E-15,9.5370514E-15,1.1423013E-13,1.5145916E-14,2.8274026E-18,3.5487557E-14,3.1612344E-16,6.966352E-17,4.1476944E-17,2.7977088E-16,1.3763323E-16,2.790676E-17,1.0968667E-17,1.411424E-17,1.2712501E-18,8.5636444E-16,6.084107E-17,1.8183076E-15,0,0,0,0,0,3.7315774E-15,0.0000000019087696,0.000000007218261,0.0000000014098255,7.4672907E-10,9.481783E-10,0.000000016547014,1.3357554E-10,4.258358E-13,1.6118642E-14,8.168497E-13,1.3126219E-13,1.2198731E-15,1.2665825E-10,2.504251E-12,3.5849462E-11,0.0000000010464255,1.5102573E-10,3.6939318E-10,2.3139675E-10,7.557764E-11,2.7548183E-10,1.5140066E-10,0.0000000025455373,0.0000000011169002,3.916631E-10,3.2604242E-10,0.0000000014038043,9.577068E-12,1.071292E-10,1.3779769E-10,3.5988942E-10,4.42986E-11,5.29559E-12,8.786312E-12,3.137677E-11,9.182779E-11,4.666081E-12,1.4322096E-10,1.748603E-17,1.436774E-17,7.061218E-17,9.837815E-16,8.893601E-14,4.222552E-13,3.5201838E-11,7.2058687E-12,4.91934E-11,7.268804E-16,3.453258E-17,5.0410287E-16,1.5061945E-15,8.331049E-14,9.795183E-14,1.4026554E-12,2.3713805E-13,4.164084E-15,5.920787E-11,2.2927146E-14,7.978834E-14,0,0,0,0,0,0,0,0,0,0,1.2363338E-13,1.1876546E-12,0.000000001147317,7.345228E-12,0,0.000000001882988,9.138499E-11,0.0000000013292752,0,1.1077308E-11,4.851106E-11,2.8857748E-11,1.4586705E-11,3.2145907E-11,2.458419E-16,1.9959019E-15,7.647184E-15,8.507272E-12,0.0000000030435265,0.0000000026385336,0.0000000017596491,4.1112988E-10,5.116011E-10,6.4170125E-10,1.1769077E-10,0.000000003622277,0.000000008039639,0.00000000207506,0.00000006586023,0.00000003094473,0.000000033612988,0.00000007541777,0.0000003321959,0.00000041844783,0.00000039677568,0.0000003639994,0.00000014550761,0.0000002489461,0.0000004070712,0.00000064854845,0.00000968959,0.000001178747,0.000009310715,0.0000133776175,0.00023583304,0.00013903878,0.00004989963,0.00004113455,0.00011261426,0.0021756296,0.000754309,0.00033216176,0.0000499067,0.0011526792,0.0008003012,0.0038366017,0.004136908,0.02321137,0.00035071612,0.001553058,0.0010255536,0.0064458777,0.0021590798,0.0008448736,0.0010004753,0.0022294647,0.00021502063,0.0023131778,0.0010673734,0.0014845037,0.0040327995,0.0006346161,0.0000034727582,0.0005384902,0.0006975683,0.0014613562,0.00018561697,0.00043182698,0.0001783671,0.00028532345
Dar es Salaam S,7.808184E-15,1.8108275E-14,1.9686406E-18,0,1.6219727E-21,7.221824E-19,0,1.04475716E-19,4.2473532E-18,4.2478483E-19,7.914038E-20,0,1.0596676E-18,0,0,1.220075E-21,0,0,0,0,0,0,6.4024565E-19,8.619961E-19,2.2246142E-18,0,0,0,0,0,5.7133675E-18,4.614173E-11,1.3316216E-10,5.406038E-11,8.192713E-11,7.799807E-12,7.197206E-11,3.4532947E-12,5.7483823E-15,3.0066914E-16,4.0203057E-13,3.1634666E-17,2.3331653E-18,1.4302032E-12,3.9446595E-15,4.8258455E-12,2.6708432E-11,1.8856648E-12,2.3406496E-12,1.8725776E-12,1.2909759E-12,5.279539E-13,1.3965073E-13,2.0811255E-11,1.9382005E-12,8.4471633E-13,1.3594502E-12,1.9923973E-12,1.6502592E-14,2.0177717E-13,1.6209306E-13,2.1049365E-13,2.877244E-13,1.7772782E-14,2.3557311E-14,1.8281213E-13,4.1306642E-13,6.766397E-14,1.8606705E-13,1.5994612E-20,0,0,2.3337326E-17,2.1595723E-14,1.3577248E-13,3.4065063E-11,5.7952146E-12,1.0627215E-10,2.2058878E-16,4.6638555E-16,2.8024074E-16,4.265775E-16,2.8546223E-14,2.5076044E-14,3.7409464E-13,5.0690795E-14,1.6580488E-15,1.8837612E-11,1.2031119E-14,3.669218E-14,0,0,0,0,0,0,0,0,0,0,2.0013146E-13,1.6560794E-13,6.8313555E-10,4.5465814E-12,0,0.0000000019986277,1.871848E-10,0.0000000013423112,0,4.1143543E-11,3.2588963E-11,1.9503884E-13,1.3685873E-12,1.2730544E-12,3.3520628E-18,6.652924E-17,2.4933545E-17,1.5510325E-13,0.0000000018680415,3.2226352E-10,7.277009E-10,0.0000000038098493,0.000000012363033,0.000000041001606,1.1785582E-10,8.6925367E-10,4.4108897E-10,7.296134E-13,0.000000025413199,0.000000037948144,0.000000026202452,0.000000049053007,0.0000005829934,0.00000042962213,0.00000020893461,0.0000012163499,0.0000004937659,0.00000078515427,0.0000013067267,0.000004337553,0.000018877352,0.0000015361077,0.00001834529,0.000018732188,0.00022830894,0.00021672099,0.00012598213,0.00020438802,0.000006294595,0.055779357,0.021204593,0.0038375724,0.00056867173,0.0022310212,0.0017549458,0.00037708014,0.00004004581,0.00017774475,0.0024572457,0.0041484237,0.0005158337,0.0011379012,0.0002116392,0.0000025584607,0.0000029645028,0.00001333232,0.0000025350364,0.00018205684,0.000038444858,0.00003719043,0.00007769097,0.000010832778,0.00000012023811,0.0000172381,0.000018295288,0.000042040843,0.000003507714,0.0000069706985,0.000003453548,0.0000063340763
Dar es Salaam N,1.579305E-15,1.4351811E-14,1.3089642E-18,0,0,1.1224248E-19,0,0,4.1226067E-19,2.7297958E-19,0,0,3.7649115E-19,1.6898495E-19,6.9037507E-19,6.39476E-19,3.1263262E-18,1.3175911E-18,4.126909E-20,0,0,0,1.3764421E-17,2.075789E-18,4.251371E-17,0,0,0,0,0,0,6.3408584E-11,1.3536475E-10,4.3752037E-11,3.5912755E-11,6.1713052E-12,2.3477989E-11,1.4573656E-12,5.1043635E-16,2.5676274E-17,4.4227764E-14,3.115937E-18,4.529914E-19,1.6287552E-14,2.4366017E-16,1.4174084E-12,2.0714864E-11,5.9176405E-13,8.5399125E-13,1.1516605E-12,1.86641E-12,3.0588355E-13,2.347495E-13,3.1308966E-11,4.290714E-13,1.3124316E-13,1.41091E-13,4.2171488E-13,6.402325E-15,3.502615E-14,3.0492376E-14,6.945056E-14,1.780834E-13,4.1632347E-16,4.0281185E-15,2.4509805E-15,1.3876241E-14,2.154474E-15,7.855314E-15,1.03879934E-20,0,0,6.1401784E-16,9.000126E-18,2.0176572E-14,1.4864134E-12,4.246252E-13,6.602864E-13,1.021225E-16,2.0358543E-17,4.4901925E-17,8.241447E-17,1.3082528E-14,6.018756E-15,8.8961824E-14,3.4241547E-14,6.2555734E-16,1.7979732E-11,8.449399E-16,3.787939E-15,0,0,0,0,0,0,0,0,0,0,4.360778E-15,7.0662707E-15,3.9732103E-11,1.3098859E-12,0,4.6684273E-10,8.501953E-12,1.9483166E-10,0,8.7712E-13,2.6740892E-12,5.5643302E-14,2.749231E-13,2.9249514E-13,1.4417952E-18,8.532297E-17,2.5742746E-15,8.732334E-14,1.9294212E-10,4.9285694E-11,1.575108E-10,4.65188E-10,5.1103696E-13,1.0621815E-12,3.7872388E-13,1.6325119E-12,1.0196711E-10,3.7656778E-13,0.00000003042868,0.00000002883555,0.000000012784291,0.000000004472269,0.00000037083552,0.0000003270653,0.00000015858735,0.0000007822899,0.0000005860943,0.00000035103784,0.0000003747987,0.0000016838654,0.000008432763,0.00000051274327,0.000007383386,0.0000069343123,0.00007324123,0.00006823332,0.000035173016,0.00004523433,0.000003973711,0.009538041,0.01592395,0.011074938,0.0012357148,0.0024694982,0.0016367926,0.00028974796,0.00003495588,0.00014100864,0.007963147,0.010779516,0.0011744978,0.0026535967,0.00046817574,0.0000030873953,0.00000088078997,0.000023917235,0.000011348602,0.0004390723,0.00010431708,0.00009207143,0.00017153056,0.000022972577,0.00000023830275,0.00003351739,0.000033805503,0.00006950739,0.000005592753,0.000012264937,0.0000056067497,0.000008655148
Bagamoyo,2.5749353E-17,5.3042533E-15,2.5912988E-18,0,0,0,0,0,0,0,0,0,1.5856458E-19,0,3.446034E-19,1.209882E-19,8.678494E-19,1.6134158E-19,4.145656E-20,0,0,0,5.4370714E-18,3.7389368E-19,1.8948646E-17,0,0,0,0,0,0,5.87968E-11,5.2330723E-11,1.5639729E-11,1.5602637E-11,4.9628504E-12,3.2567615E-10,1.4994926E-12,1.8125251E-17,8.1830905E-19,4.0806995E-16,1.4423784E-19,1.8300482E-18,9.65509E-15,6.909338E-17,3.675164E-15,1.5870809E-13,5.7380614E-14,2.576605E-13,5.069475E-13,1.3268736E-12,1.3930884E-13,9.3604954E-14,1.9405103E-11,1.2164981E-13,6.5462196E-14,2.5880684E-13,2.9946138E-13,3.754834E-15,4.634572E-15,6.3743456E-15,2.0130187E-14,1.2967578E-13,1.2989323E-17,3.954115E-17,1.0883059E-15,4.396561E-15,1.556165E-16,2.597925E-16,0,0,0,6.7985634E-24,0,0,8.365315E-20,0,0,0,0,0,0,1.0206475E-21,3.102143E-19,3.4875573E-19,0,0,1.8708981E-17,0,0,0,0,0,0,0,0,0,0,0,0,3.828537E-15,1.4013437E-14,1.0350107E-15,1.04675545E-19,0,8.383626E-16,1.5510287E-15,2.15523E-15,0,1.4429831E-15,4.708283E-17,1.8601462E-17,8.401085E-16,2.1486557E-17,1.726309E-19,2.3407464E-18,9.665512E-19,1.4502138E-13,3.4350268E-13,5.211846E-13,1.2255589E-14,4.872595E-14,3.1724075E-13,4.4599171E-13,1.9440634E-13,3.715707E-12,2.1326794E-11,1.0773307E-12,0.000000007258374,0.00000001079451,0.000000003299422,6.314934E-11,0.0000000017259209,0.00000002321055,0.0000000070774107,0.000000024124386,0.000000021778305,0.0000000028978344,0.0000000023090587,0.0000000122693855,0.0000005077333,0.000000011659029,0.00000031956205,0.00000051899343,0.0000127511175,0.000009623921,0.0000022901497,0.000004621469,0.0000013919345,0.0004024635,0.003254413,0.007788131,0.0005880541,0.0007776335,0.00036670628,0.00007689215,0.00000804534,0.00006274459,0.01160851,0.010037036,0.00091978227,0.002300449,0.00040750272,0.00000044749498,0.00000013275523,0.000008804947,0.0000043882587,0.00036033988,0.000093653456,0.00009286913,0.00017215905,0.000018937602,0.00000014804372,0.000027154,0.000027763845,0.00004616161,0.0000033949514,0.000009033229,0.000004195788,0.000006322752
Reefs west of Zanzibar,2.9641627E-14,5.1517784E-14,0,0,0,0,0,0,0,0,0,0,3.067876E-19,0,2.1748639E-19,1.3932128E-21,2.0777743E-19,0,0,0,0,0,5.5137523E-18,4.0046597E-18,1.0075744E-17,0,0,0,0,0,2.9247873E-21,1.0694221E-10,9.4529516E-11,2.33783E-11,7.1691465E-11,1.4999979E-11,3.5274453E-10,3.993019E-13,2.1170624E-17,8.491685E-19,1.00593745E-16,1.4749305E-19,1.2577425E-19,3.039642E-14,2.738063E-15,4.50329E-15,9.551184E-13,5.668107E-13,6.6861755E-12,1.3602879E-12,2.3717265E-12,2.0851054E-13,1.4368843E-13,3.7085657E-11,1.7478404E-12,2.8988975E-12,1.014109E-12,2.8211437E-12,1.3800905E-14,3.4964427E-12,1.6891383E-12,8.4639576E-13,9.827057E-13,1.03288275E-13,3.2442073E-14,5.3820348E-14,2.1028559E-13,3.287877E-14,1.1548751E-13,0,0,0,8.5778735E-17,0,0,2.4655737E-14,7.0618623E-15,4.042207E-13,0,4.9167744E-23,8.775479E-20,1.9371303E-20,3.8238662E-19,8.897221E-20,8.952688E-17,3.0371256E-17,2.4055606E-19,7.058657E-15,0,0,0,0,0,0,0,0,0,0,0,0,7.387138E-15,2.9094105E-14,4.7431135E-13,1.2785359E-16,0,2.7256883E-13,6.0794303E-15,2.7836923E-13,0,1.9179634E-15,9.558683E-16,4.5365793E-16,9.562377E-16,3.4377732E-16,7.2478816E-19,8.378207E-18,2.0433439E-17,2.9477587E-13,1.4788871E-13,9.4528606E-14,1.0841104E-13,4.5719467E-13,7.117511E-13,1.2416669E-12,5.3021145E-13,1.819584E-11,2.792587E-11,2.6804327E-12,6.82757E-10,0.000000003939718,8.4287666E-10,6.671333E-11,3.6511252E-10,0.000000006457289,0.0000000023744762,0.00000005343406,0.000000104716825,0.00000005992722,0.000000079971606,0.000000021018755,0.00000040785696,0.00000028004845,0.0000012311909,0.0000011929553,0.000028945877,0.00001691846,0.000007907292,0.000010221888,0.0000051614866,0.0010235239,0.00238725,0.004861633,0.0003727031,0.00097598706,0.00010083302,0.000011531392,0.0000044890403,0.00012654616,0.020791005,0.022836953,0.0019349761,0.00555279,0.00093279465,0.000001269158,0.00000063221154,0.000022123566,0.00001482926,0.0008125007,0.00026943706,0.0002487447,0.00039601323,0.00004919411,0.00000040192296,0.000051871913,0.000057798123,0.00010184834,0.000008010292,0.000020397025,0.000008350154,0.000013044763
Zanzibar W,1.6868011E-15,8.2790356E-15,2.193328E-17,3.6449005E-19,4.8008595E-18,9.8353446E-18,2.050362E-18,0,1.0227704E-20,0,0,0,0,0,0,0,0,0,0,0,0,0,2.2181807E-19,2.4355283E-21,1.5532267E-18,0,0,0,0,0,9.301768E-17,0.0000000014406859,0.0000000021592999,5.815754E-10,1.8344437E-10,7.954946E-11,0.0000000023799307,2.7236925E-11,2.7631807E-15,6.2683714E-17,1.9703403E-14,5.045136E-15,1.0420764E-16,6.3133483E-12,1.8018608E-13,2.2327622E-13,1.00538865E-11,9.576485E-12,1.3357874E-11,5.369325E-11,9.308605E-12,3.5469943E-12,8.847402E-12,1.07445025E-10,2.893567E-11,7.599237E-12,1.6556518E-11,6.5712774E-12,6.9442065E-14,4.898505E-12,5.5159033E-12,4.9593926E-11,5.7211323E-12,3.2075183E-13,2.5080995E-13,1.2384976E-12,5.391041E-12,3.4197994E-13,4.404147E-12,1.3856918E-18,1.1506896E-16,2.7143095E-15,1.5195297E-14,1.6945347E-12,6.103039E-12,2.7828184E-10,6.273977E-11,5.0016935E-10,4.5164385E-15,8.0936407E-16,1.1425295E-15,3.3000056E-15,3.7747426E-13,3.8369034E-13,7.574714E-12,9.424175E-13,1.4178836E-14,3.2762537E-10,8.374169E-14,1.8042528E-13,0,0,0,0,0,0,0,0,0,0,1.2034869E-13,1.0887088E-12,0.0000000059887295,9.852356E-12,0,0.00000001352452,4.9304955E-10,0.0000000030901182,0,3.9972383E-11,6.622389E-11,7.766677E-12,7.17144E-12,1.7694521E-11,4.2825245E-17,5.9794586E-16,7.558024E-15,1.8495646E-12,0.000000012410986,0.0000000016640127,0.0000000096940775,0.000000019331383,4.9724242E-11,2.811902E-11,3.258004E-12,6.733928E-11,1.2314688E-10,2.0632903E-11,0.0000000022189819,0.000000018212239,0.000000038653383,0.00000025717316,0.000006140601,0.0000025830448,0.0000010202177,0.0000010131107,0.00000083442075,0.0000028305342,0.0000041702115,0.000008438329,0.000053382268,0.0000028293261,0.00005064364,0.0000640365,0.0003988392,0.0004095744,0.00014212127,0.00011846416,0.000081244994,0.009006829,0.0044500297,0.0023864766,0.0005218666,0.014663799,0.0036177575,0.00030836664,0.00012432178,0.0015708024,0.002960084,0.015507758,0.0036665124,0.011192083,0.0022858225,0.0000041671196,0.000045593188,0.00011764171,0.000010526187,0.00230088,0.000802672,0.0010055997,0.0018422602,0.00021194162,0.0000012564689,0.00018059474,0.00018732848,0.00042448976,0.000042738186,0.00010035103,0.00004233486,0.00007066956
Zanzibar SW,1.450414E-14,7.742157E-15,1.2737304E-16,2.0221601E-17,1.5320275E-17,2.7667737E-17,1.2631412E-17,1.0913594E-17,2.2011758E-16,1.722668E-16,7.319778E-17,7.035126E-19,5.9672566E-16,8.956143E-17,1.5431506E-18,0,0,0,0,0,0,8.462234E-20,3.3914718E-19,0,3.574302E-18,0,0,0,0,0,4.819176E-16,0.0000000018214462,0.0000000040733794,0.0000000013383492,6.185845E-10,2.0010629E-10,0.0000000053421405,1.6906315E-10,3.9551564E-15,1.5606992E-16,3.3518964E-14,8.182644E-15,1.4570372E-16,1.2214975E-10,2.4637375E-13,1.6391822E-12,4.1737374E-11,5.856767E-11,5.2094138E-11,2.2809243E-10,3.5502434E-11,1.6785805E-11,1.9269246E-11,4.7770377E-10,8.8925464E-11,5.371902E-11,5.665511E-11,2.5557207E-11,1.3005633E-13,2.1319117E-11,2.2030024E-11,1.8537197E-10,2.6058872E-11,1.2605827E-12,8.887419E-13,4.100619E-12,1.6454917E-11,1.2426744E-12,1.080034E-11,4.8078765E-18,5.3109797E-18,4.759705E-15,1.6494191E-14,1.3785974E-12,5.315373E-12,7.832711E-10,1.2851502E-10,0.0000000025454676,1.9495518E-15,9.792885E-16,1.921476E-15,2.0209774E-15,6.3155633E-13,7.513879E-13,1.0142254E-11,1.9042543E-12,1.8808702E-14,6.6537165E-10,5.670994E-13,1.1918474E-12,0,0,0,0,0,0,0,0,0,0,9.412986E-14,5.656301E-13,0.000000007185615,2.9775363E-11,0,0.000000015683637,3.9874015E-10,0.000000007078617,0,4.1734297E-11,1.0365901E-10,2.3524155E-11,1.2251011E-11,4.197164E-11,1.04471866E-16,7.505485E-16,5.796121E-15,3.1673802E-12,0.0000000068937354,0.0000000023483502,0.0000000029305935,0.0000000107192895,7.4024155E-11,6.292708E-11,1.0348126E-11,1.1101444E-10,1.7171613E-10,1.13330914E-10,0.000000002055053,0.000000007806035,0.000000020682378,0.00000012642163,0.0000010597355,0.000000753456,0.00000081344194,0.0000007608056,0.00000035351744,0.0000005884457,0.0000014712757,0.000004553272,0.000029642315,0.0000022563752,0.00003096735,0.000041012914,0.00037625353,0.0003751794,0.00012303886,0.00010990134,0.000121877034,0.008245372,0.0041440516,0.0021723718,0.0004500689,0.029070375,0.020861184,0.0009926795,0.00037222175,0.0024726104,0.0024962989,0.011198026,0.002659541,0.008147066,0.001709614,0.000010152981,0.00015652683,0.00035172934,0.000021544334,0.0016950896,0.00058062555,0.00069039175,0.0013379992,0.00015609089,0.0000010016016,0.00013188444,0.0001486333,0.00032802884,0.000032408356,0.00007670566,0.000032592357,0.00005457265
Zanzibar SE,2.7852129E-15,7.194268E-14,2.7593236E-17,7.567337E-17,8.331965E-17,1.1079931E-16,5.223016E-18,5.4975722E-18,2.9561145E-16,3.788214E-17,4.8761314E-17,0,4.177941E-16,1.755508E-17,0,0,0,0,0,0,0,3.0576386E-21,6.6666204E-18,1.23703496E-17,6.8052087E-18,0,0,0,0,0,1.4737873E-16,0.000000001582352,0.0000000014849896,5.133556E-10,7.842908E-10,1.4645554E-10,0.0000000029421539,1.1167765E-10,5.4374505E-15,1.2886275E-16,1.02851857E-13,5.351025E-15,1.6950956E-16,1.3100188E-11,4.2410777E-13,5.598764E-12,1.7186592E-11,5.153878E-12,7.044776E-11,5.790169E-11,1.23140595E-11,7.269705E-12,4.4793145E-12,1.3044081E-10,5.602843E-11,3.629345E-11,4.4414694E-11,1.786163E-11,4.7397934E-14,1.0490707E-11,7.90712E-12,2.2551077E-11,4.1101883E-12,3.8829893E-13,3.9063574E-13,2.0196204E-12,6.4292035E-12,3.074592E-13,5.4870466E-12,5.551682E-18,6.5637716E-18,1.644824E-17,1.6002737E-16,4.6081947E-14,1.617439E-13,2.2838153E-12,8.74556E-13,4.5376125E-12,1.05925255E-16,1.7140581E-16,4.464573E-16,1.4203027E-15,5.6614398E-14,1.7805543E-13,8.440685E-12,1.6358857E-13,3.2594387E-15,5.274163E-12,4.853129E-15,9.073493E-15,0,0,0,0,0,0,0,0,0,0,4.2806728E-14,4.1660436E-13,4.2953277E-10,9.648098E-13,0,1.6895747E-10,7.163339E-11,1.4306563E-10,0,9.804189E-12,3.0840663E-11,1.9538064E-11,3.5310407E-12,3.5884365E-11,2.9311807E-17,1.0036227E-15,7.199307E-16,4.4624985E-12,0.0000000038406016,0.0000000013639783,0.000000003500242,4.929066E-11,5.19434E-11,2.2255389E-10,8.769378E-11,0.0000000015136025,2.9539632E-10,5.723938E-10,0.0000000022606663,0.0000000029414495,0.0000000036505694,0.0000000123311805,0.00000006576699,0.000000037634262,0.00000004134324,0.000000010158669,0.000000018532244,0.00000005573352,0.0000003650474,0.00000028507168,0.0000019549573,0.0000002270058,0.0000023976154,0.0000033660508,0.000056417546,0.000049977112,0.00001770681,0.000020014782,0.00006448807,0.0019042935,0.00094090955,0.00056167576,0.000084822284,0.004391548,0.010388154,0.010733798,0.010501788,0.037563376,0.00057013053,0.0019922487,0.00086647295,0.004484973,0.0013411259,0.000020672394,0.00011544597,0.0002400673,0.000030711974,0.0014618764,0.00050632976,0.0006508387,0.0014306549,0.00020771478,0.0000012578193,0.00023001201,0.0002670301,0.0006183567,0.00007120855,0.00016395011,0.00006664299,0.00010088536
Zanzibar E,3.028653E-17,2.6314427E-14,0,0,0,0,0,0,0,0,0,0,0,0,0,0,0,0,0,0,0,0,0,6.1913487E-19,9.504728E-19,0,0,0,0,0,1.1708448E-20,9.8782496E-11,5.934655E-11,3.957719E-11,6.7693684E-11,1.2553363E-11,2.6245994E-10,1.7097102E-12,3.711255E-16,2.4469349E-17,1.08387285E-14,3.3630842E-16,7.846495E-18,2.1850738E-13,3.6046293E-14,4.8636E-13,2.1852643E-12,4.8558233E-13,6.1961647E-12,4.3599855E-12,2.2070454E-13,2.1909862E-13,1.7785477E-13,5.1718664E-12,3.1099181E-12,4.8906443E-12,7.401309E-12,6.2128726E-13,2.7434293E-16,2.2476704E-12,3.457907E-13,1.9780553E-13,6.2823925E-14,1.6327277E-14,3.0678754E-14,1.838794E-13,9.262874E-13,8.6833745E-14,1.2805167E-12,1.3571475E-18,9.692989E-19,4.55763E-21,2.4070705E-19,7.5685405E-22,7.710721E-19,4.898018E-15,8.1867047E-16,3.9654083E-18,6.301265E-22,8.828213E-18,2.7533857E-19,1.1754468E-19,3.1029355E-17,2.4267467E-17,2.6068829E-17,2.8606881E-18,2.5088822E-18,4.6859726E-15,1.1352497E-16,1.8331128E-16,0,0,0,0,0,0,0,0,0,0,8.241987E-15,4.180348E-14,1.663391E-11,1.1021216E-14,0,2.0596143E-13,9.202218E-15,1.4937964E-13,0,1.7505489E-12,2.1004685E-12,1.0089092E-12,3.2470942E-13,3.38621E-12,6.795609E-18,1.2952054E-16,3.9995844E-17,7.020797E-13,3.911751E-11,9.168979E-12,5.698742E-11,2.9452007E-12,8.054828E-12,2.5707261E-11,9.085482E-12,1.3416504E-10,3.047343E-11,4.83185E-11,8.122388E-11,1.3574873E-10,2.1255736E-10,2.985566E-10,3.3966716E-10,1.5218111E-10,2.2707707E-10,2.7613872E-10,0.0000000015272839,0.000000003478022,0.000000026589639,0.000000014712935,0.00000009369678,0.000000022326104,0.0000000702084,0.000000073471526,0.0000017098092,0.0000018468262,0.0000007638853,0.000000765919,0.0000071469135,0.000024098874,0.000010030778,0.0000064872443,0.00000257358,0.00014645461,0.000023195238,0.0028166494,0.015236639,0.06163532,0.000018868688,0.0006081111,0.0005948367,0.0032671797,0.0010249002,0.000018412116,0.0000133252115,0.000033830376,0.000016763543,0.0011492127,0.00040328837,0.000518429,0.0011413521,0.00016558245,0.0000010217655,0.00018399104,0.00020382635,0.000497957,0.000055796136,0.00012331452,0.000050201714,0.0000792147
Zanzibar N,3.0958614E-15,3.3320274E-14,1.7650905E-18,2.837098E-20,1.6468095E-19,3.422579E-19,5.925723E-19,0,0,1.9464286E-19,1.03884385E-20,0,8.539291E-23,2.0740224E-19,1.6082539E-19,1.8410142E-21,4.4865103E-19,4.8162664E-19,0,0,0,0,8.407936E-18,2.815709E-18,6.28854E-18,0,0,0,0,0,2.0802783E-17,1.0889345E-10,7.043756E-10,2.2832557E-10,5.7149986E-11,1.8419172E-11,3.9858303E-10,8.364544E-12,8.899843E-16,4.6552848E-17,1.3190998E-14,5.451431E-15,9.61015E-17,1.1964875E-12,2.8880933E-14,9.98114E-14,1.6007876E-11,1.0756686E-11,4.848899E-12,3.317871E-11,5.0078075E-12,3.341053E-12,5.149154E-12,5.1725783E-11,1.7098312E-11,1.9030463E-11,2.4492458E-11,3.5140183E-12,3.6370045E-15,2.282224E-12,2.8852767E-12,2.2623813E-11,2.8438296E-12,2.1799835E-13,1.7632888E-13,1.3990021E-12,5.9819615E-12,2.944442E-13,6.5683648E-12,1.3060347E-19,1.1368572E-16,3.9791511E-16,6.0818583E-15,1.10330914E-13,4.3201323E-13,1.674534E-11,4.3124605E-12,3.9038488E-11,1.1296741E-15,7.348265E-17,9.241059E-17,2.384209E-16,1.4036005E-14,5.8730414E-15,3.4088997E-13,4.3004927E-14,4.1599437E-16,1.8805918E-12,9.221622E-15,2.5338687E-14,0,0,0,0,0,0,0,0,0,0,6.5806193E-15,6.4579E-14,5.773024E-10,4.397239E-13,0,2.302937E-10,8.655811E-12,1.3454983E-10,0,8.411864E-12,8.260915E-12,1.1878008E-12,2.4627043E-12,2.994294E-12,5.2736346E-18,8.983096E-17,7.2235764E-16,4.938315E-13,5.8779753E-10,9.58412E-11,5.504845E-10,0.000000001000776,1.73758E-11,1.8260211E-11,3.4124407E-12,4.037587E-11,1.0875794E-10,4.0058716E-12,5.584078E-10,9.2871216E-10,0.0000000020648567,0.00000001964339,0.0000010735549,0.00000063874876,0.00000016528168,0.0000002017245,0.00000008980533,0.0000002934357,0.000000502768,0.0000010514888,0.0000107327705,0.0000005044055,0.000011184779,0.000013008746,0.0000784838,0.00008971282,0.000030476524,0.000022284685,0.000020126135,0.001656407,0.00088849006,0.00048333048,0.00009793811,0.0086877765,0.000952769,0.00021994961,0.0032724477,0.05427703,0.0003594715,0.003199203,0.0018881537,0.008902868,0.0023759233,0.000014980531,0.000022880931,0.000081852275,0.000021235865,0.0027496603,0.0011509996,0.0015703783,0.0031054325,0.00040845753,0.0000018951677,0.00031713615,0.00035624407,0.00079424394,0.000093095514,0.0002114996,0.00008112436,0.00012603546
Mkwaja,2.488191E-18,8.1098007E-19,0,0,0,0,0,0,0,0,0,0,0,0,0,0,0,0,0,0,0,0,0,0,0,0,0,0,0,0,2.204355E-19,2.9242338E-11,2.4480046E-11,5.8847658E-12,1.804134E-11,1.11114555E-11,2.2650815E-10,1.8732677E-13,2.7945685E-17,7.275491E-19,1.5437819E-16,1.09457305E-20,6.9935135E-20,1.2968304E-14,1.0640345E-15,3.7742467E-15,6.2444976E-13,7.0316577E-13,1.9999453E-12,3.3357385E-13,1.5108054E-13,3.7017793E-14,2.971882E-14,2.0387277E-12,3.1699356E-13,5.9332807E-13,6.5882716E-13,1.3114345E-12,2.3298575E-15,2.0158209E-13,1.8814204E-13,3.0368497E-13,4.4359254E-14,1.1226273E-14,5.0964834E-14,5.4719724E-14,2.9804192E-13,4.5822407E-15,1.3866676E-14,5.1456886E-20,0,0,6.2836636E-19,0,0,2.4890596E-19,5.6689995E-21,0,1.0948647E-20,0,0,0,3.149702E-19,0,6.4748196E-20,0,0,1.1728931E-16,0,0,0,0,0,0,0,0,0,0,0,0,4.1756878E-15,1.610115E-14,4.9585186E-15,3.571325E-17,0,1.7514761E-15,1.6162094E-15,2.2460243E-15,0,6.11107E-16,2.5866072E-17,1.5421034E-17,2.456262E-15,8.606846E-18,1.693018E-18,8.1644364E-18,1.2246031E-17,2.2531876E-13,6.898269E-14,4.282837E-14,3.827393E-14,1.4362872E-13,5.175062E-13,5.675853E-13,2.360601E-13,2.3439852E-12,2.3323151E-12,1.6162125E-12,2.7561538E-11,1.8031596E-10,1.0943131E-10,1.2647992E-11,4.0903003E-11,5.172016E-10,1.4613692E-10,3.301229E-11,0.000000001348114,0.00000011162768,0.00000027985513,0.00000015468991,0.00000010830869,0.0000002731535,0.0000011274481,0.00000022705046,0.000003909585,0.0000044538874,0.0000017390192,0.0000025499846,0.000001155097,0.00017336855,0.00023409653,0.00046285157,0.000075667245,0.00042177757,0.00001515545,0.0000013844294,0.0000005015598,0.000035925164,0.036446683,0.014412838,0.00035190553,0.0012606267,0.0001964576,0.0000013215582,0.00000058656786,0.000022546903,0.000011332194,0.00013068377,0.000059424205,0.000059182188,0.000090721376,0.000010697307,0.0000000703634,0.0000052799783,0.0000074843565,0.000009542859,0.0000011244497,0.0000027618423,0.000001295677,0.0000018563672
Maziwe Island and Pangani,2.1123564E-18,1.2764746E-14,4.4956687E-19,3.9815294E-19,4.7224357E-18,3.935023E-18,1.4455463E-19,0,1.6132472E-22,0,0,0,0,0,0,0,0,0,0,0,0,0,0,0,0,0,0,0,0,0,1.3915262E-18,5.347738E-10,4.623845E-10,8.858301E-11,3.9534927E-11,3.5592803E-11,5.0199506E-10,4.5568428E-12,5.9738184E-16,2.0729452E-17,3.703849E-15,4.030688E-17,1.5198428E-18,1.1085234E-13,1.8412294E-14,1.2782132E-13,3.0734835E-12,1.5959018E-12,1.3915712E-11,5.8169463E-12,1.5198502E-12,1.0239388E-13,1.0560949E-13,5.3464967E-12,6.1435915E-13,5.5695843E-12,1.5948307E-12,9.101703E-12,1.178222E-14,3.5592887E-12,5.864287E-12,6.8901295E-12,9.350639E-13,2.18876E-13,2.4269416E-13,3.3231753E-13,2.4327094E-12,1.8673396E-13,2.900039E-13,4.4391687E-19,0,0,6.81336E-18,4.7168864E-22,2.8469698E-19,5.664652E-15,1.5838537E-15,6.705049E-14,1.889939E-21,3.8465255E-23,0,5.4577857E-21,5.7713167E-19,1.0625032E-19,2.185049E-17,2.8831651E-18,7.347246E-20,1.3269636E-15,5.666639E-19,0,0,0,0,0,0,0,0,0,0,0,4.9021494E-15,4.1804745E-14,2.0116101E-13,1.1559163E-16,0,3.6745783E-14,2.8079244E-15,3.768829E-14,0,2.3697204E-15,4.58023E-16,1.8911313E-17,1.2274313E-15,5.9690994E-17,1.9689872E-18,1.1329494E-17,1.1642844E-17,3.3362942E-13,1.3288062E-13,9.9015116E-14,6.951535E-14,2.045667E-13,8.5039744E-13,1.0887859E-12,5.242908E-13,8.051214E-13,1.236021E-13,1.3091641E-12,7.344228E-11,4.136972E-10,2.5208632E-10,1.9785204E-10,2.8217528E-10,0.0000000012399795,4.1704576E-10,0.0000000010552947,0.00000013324056,0.0000009825756,0.0000014537472,0.00000075884026,0.0000002769752,0.000000009328386,0.000004120748,0.0000007868767,0.00002169667,0.00001856896,0.000007927674,0.000006480068,0.0000042837232,0.0008439213,0.0009698035,0.001664704,0.0002720091,0.0010269568,0.000073886404,0.000009098236,0.000004941861,0.0001472668,0.004112829,0.028537804,0.0024357168,0.015913637,0.0023260785,0.000005681493,0.0000027931974,0.00003741008,0.0000118042235,0.0015148454,0.0007412041,0.000890621,0.0012225439,0.00011866509,0.00000060365704,0.00008297427,0.00008964961,0.00015795515,0.000016655033,0.000034620665,0.000012857337,0.000020843185
Kilale,7.111231E-18,9.595993E-14,0,1.1144251E-20,5.74612E-20,0,0,0,5.775843E-17,0,0,0,0,0,0,0,0,0,0,0,0,0,0,0,0,0,0,0,0,0,2.67318E-18,1.9959619E-10,1.8804011E-10,4.6106525E-11,1.8495786E-11,3.637175E-11,2.9546499E-10,2.0667244E-12,3.0330228E-15,4.8877848E-17,7.033596E-15,8.446735E-16,2.2516273E-17,2.6716468E-13,5.8887045E-14,3.0342474E-13,2.9514672E-12,1.3546276E-12,5.1661012E-11,2.8094527E-11,6.9528944E-12,3.6559246E-13,2.773429E-13,1.041942E-11,5.849473E-12,2.3276672E-11,6.7345205E-12,2.8451932E-11,7.936154E-14,6.2242274E-13,1.642467E-12,2.220236E-12,3.6635487E-13,1.2290968E-13,1.8080558E-13,7.631898E-13,2.7432692E-12,1.4813247E-13,2.007882E-12,6.105366E-20,0,0,2.2505934E-18,0,0,1.03415265E-16,8.4097385E-18,4.7183225E-19,3.5253508E-17,0,0,0,7.037329E-21,1.1281042E-18,5.9443713E-18,0,0,1.0013363E-16,1.07326585E-23,0,0,0,0,0,0,0,0,0,0,0,7.086624E-15,4.469605E-14,7.7454814E-14,1.5645438E-18,0,1.4128709E-15,2.2322533E-15,5.286351E-15,0,2.8240447E-15,4.962256E-16,1.4199234E-17,3.4540894E-15,1.087268E-15,5.462687E-19,2.0086683E-18,6.0770242E-18,2.6833147E-13,1.3123823E-13,4.104957E-14,4.2695383E-14,1.9636467E-13,9.502803E-13,1.026465E-12,5.1065174E-13,4.6128064E-13,3.8207617E-14,1.3149478E-12,2.7629737E-10,0.0000000011723748,6.9562867E-10,1.12111214E-11,1.997655E-11,0.000000003362845,9.03677E-10,4.5962512E-10,0.0000000012398356,0.000000007356312,0.00000024207955,0.00000014767046,0.000000057430615,0.00000000682161,0.00000041562845,0.0000006336221,0.000019806123,0.000008865483,0.0000019159572,0.000002778198,0.0000015568504,0.0003649048,0.00053069886,0.00093626155,0.00014845192,0.0002799966,0.000015341726,0.000005265515,0.000006695903,0.00011674228,0.003218385,0.008442949,0.0016805452,0.035721995,0.0057363436,0.000016670518,0.0000013632517,0.00012986151,0.000033025313,0.002926199,0.0017840184,0.002163721,0.0029795833,0.00025910325,0.0000009938447,0.00013921458,0.00015514522,0.00029628552,0.000036513313,0.00007596906,0.000026701908,0.000040860377
Tanga,8.842342E-15,1.0665441E-14,4.271443E-18,5.0529016E-17,3.9272828E-17,3.8004353E-17,2.2078217E-17,2.6342893E-17,2.218045E-16,1.2201104E-15,2.7935057E-16,4.954672E-20,1.4294109E-15,2.7855433E-17,1.8826916E-18,0,0,0,0,0,0,1.1964495E-20,2.991655E-18,2.1799024E-18,2.6429112E-17,0,0,0,0,0,1.3592963E-17,3.1040737E-10,2.3929592E-10,8.391821E-11,5.2279892E-11,7.798946E-11,5.968851E-10,2.3586994E-12,6.717812E-15,1.8386188E-16,3.369067E-14,1.5211714E-15,1.4867657E-16,9.156107E-13,1.5566968E-13,2.9452474E-13,3.9738473E-12,1.590937E-11,9.620072E-11,4.483225E-11,9.036441E-12,1.60982E-11,9.809845E-12,2.1266024E-10,4.7216904E-11,4.002791E-11,2.2890414E-11,1.2389928E-10,3.1469705E-11,3.6077129E-12,9.249468E-12,3.8113172E-11,2.7766598E-12,2.6836741E-13,9.289227E-13,4.4555917E-12,1.9012016E-11,7.389697E-13,3.3575857E-11,8.601788E-19,7.355146E-19,2.732701E-20,1.5206956E-17,5.776555E-24,3.0899614E-19,3.7292042E-16,1.5004942E-17,2.7464663E-19,3.0158727E-17,4.9955996E-19,2.998821E-20,6.1589956E-20,2.2326533E-17,4.9938183E-16,3.8456868E-16,2.5708373E-17,3.7184627E-17,2.0027438E-15,6.291254E-18,5.9495656E-18,0,0,0,0,0,0,0,0,0,0,9.903052E-15,1.3711493E-13,4.908481E-13,7.9469176E-16,0,1.3055254E-13,4.9806337E-14,2.7547953E-14,0,2.7490708E-14,3.1769585E-13,1.57971E-13,4.2526356E-14,4.4362517E-13,2.7311825E-18,1.3453496E-17,2.0381492E-17,7.0263814E-13,3.3856246E-13,1.1420572E-13,1.3520859E-13,1.2790986E-12,4.0423827E-12,4.7783956E-12,2.262262E-12,1.3593678E-12,9.810362E-14,3.2428483E-12,7.598389E-10,0.000000002609055,0.0000000012260847,2.2380209E-11,6.435965E-11,0.0000000061813936,0.0000000035077719,0.000000001422377,0.0000000023812774,7.8810053E-10,9.624764E-10,0.0000000016137222,0.000000071103756,0.000000006289332,0.00000013187014,0.00000030465105,0.000014825118,0.000005799688,0.0000015894266,0.0000017723379,0.0000017297317,0.00015945097,0.00023822523,0.00036502312,0.000047315938,0.00011227353,0.000010271743,0.000014541448,0.000022172726,0.00040150748,0.0007252324,0.0029027471,0.0010066865,0.017221076,0.0039565554,0.000033960103,0.0000012358126,0.00069926144,0.00013678356,0.004391329,0.0074293376,0.009789398,0.012799589,0.0010141596,0.0000032267724,0.00036157088,0.00040841423,0.0007361772,0.0000981566,0.00021102825,0.00007540312,0.00010941306
Dumbani,6.4661845E-14,8.750392E-14,6.8695755E-17,2.85423E-16,2.384432E-16,2.2641675E-16,1.7576517E-16,1.4199732E-16,3.1818473E-15,1.07453355E-14,1.8314964E-15,1.9241865E-17,7.481999E-15,5.8048973E-16,3.2031113E-17,1.6325022E-15,2.6842093E-15,1.318197E-15,0,0,0,2.9478414E-19,8.973792E-15,6.394032E-15,9.89839E-15,0,0,0,0,0,8.983956E-18,3.088883E-10,1.9495311E-10,7.4839614E-11,7.186835E-11,1.2538683E-10,7.9674856E-10,6.0864955E-12,6.3800233E-15,6.223969E-16,5.3438025E-14,5.1865416E-15,6.4230275E-16,1.6313644E-12,3.3301877E-13,4.561998E-13,1.6104323E-11,3.4751976E-11,1.9580847E-10,1.036951E-10,1.8239181E-11,1.5343393E-11,1.3204738E-11,2.8072947E-10,6.270839E-11,9.687661E-11,4.5231402E-11,1.6825125E-10,6.6495635E-11,6.7304183E-12,1.7207753E-11,8.174518E-11,8.185344E-12,5.223166E-13,2.7950045E-12,1.847079E-11,5.6863382E-11,2.770254E-12,1.687201E-10,3.9254584E-18,2.831383E-18,1.2056399E-19,1.6831228E-17,4.534051E-21,7.043386E-20,3.3673867E-15,1.4799225E-16,2.492017E-18,3.0238395E-17,6.233727E-19,5.1689934E-17,4.65875E-17,1.2884079E-15,3.3689687E-15,3.2592705E-15,5.0145587E-18,2.1191158E-16,2.9504877E-15,5.2244734E-17,7.785558E-17,0,0,0,0,0,0,0,0,0,0,2.2110926E-14,2.9662966E-13,1.7211383E-12,7.470925E-15,0,1.6590895E-13,2.8362886E-13,1.0346295E-13,0,1.1400092E-13,6.030983E-13,5.4073407E-13,3.841056E-13,6.975081E-13,8.091415E-18,2.216325E-16,4.2353482E-16,1.5724024E-12,4.6246866E-13,2.3887188E-13,2.714552E-13,1.7452231E-12,5.3431704E-12,6.4932495E-12,2.9929995E-12,4.3679635E-12,8.1493715E-13,8.442692E-12,2.8053432E-10,0.0000000028011755,9.799666E-10,2.7346864E-11,6.0376135E-11,0.000000010598665,0.000000024618105,0.000000044855128,0.000000018568342,0.0000000056369913,0.000000001164233,0.000000007053178,0.00000036166404,0.000000019607345,0.000000605825,0.00000060700694,0.000015385136,0.000007705423,0.0000022865063,0.0000027578365,0.0000015160595,0.00014648066,0.00020712496,0.00026992962,0.00003446523,0.00011535137,0.000008465129,0.000015219707,0.00003264407,0.00062555546,0.0003397544,0.0016927395,0.0007045754,0.008972608,0.0019605858,0.000039729577,0.0000023301106,0.0009963266,0.00016531083,0.0032943767,0.008542405,0.0115275895,0.019524027,0.0017443283,0.000006069993,0.00059517886,0.00071870146,0.0013297483,0.00018737584,0.0004129035,0.00013782205,0.00019825301
Pemba S,6.8698487E-13,1.0236251E-12,4.925606E-16,9.274411E-16,1.2956994E-15,9.707961E-16,1.7343079E-16,2.1056708E-16,1.0976414E-14,1.3116788E-14,1.9885678E-15,1.8593368E-16,1.1306732E-14,5.5137995E-15,2.8924706E-15,8.4181734E-16,1.0759149E-15,6.2588413E-16,1.2538696E-15,3.288216E-16,1.0986926E-15,1.420862E-16,5.0850095E-14,3.0157297E-14,3.9685682E-14,0,0,0,0,0,5.061319E-15,0.0000000019920476,0.0000000012093242,3.3436295E-10,7.296176E-10,3.0656458E-10,0.0000000059099547,4.757523E-11,2.6469263E-14,1.3800893E-15,8.740012E-13,2.9056195E-14,2.3526588E-15,7.4044755E-12,1.2236688E-12,4.028709E-12,2.3135914E-10,1.188846E-10,2.4133792E-10,2.4785585E-10,7.6224534E-11,1.5051649E-10,7.199782E-11,0.0000000034989778,7.122113E-10,6.20623E-10,3.620614E-10,8.85266E-10,2.1911917E-11,1.3429959E-10,2.9453534E-10,4.946523E-10,1.1383542E-10,9.854243E-12,2.0846824E-11,3.509829E-11,1.950588E-10,1.19201185E-11,1.2071286E-10,2.436569E-17,3.855451E-17,1.3147465E-16,5.0390513E-17,4.740403E-19,1.5550388E-16,1.819938E-13,3.175097E-15,3.9913638E-16,2.2189658E-19,1.6405627E-19,1.2310813E-16,5.976004E-17,4.203633E-15,5.8239906E-15,2.136434E-15,5.7152993E-15,6.302432E-16,1.0201436E-12,1.7512069E-14,1.7230612E-14,0,0,0,0,0,0,0,0,0,0,1.0473321E-13,5.624836E-13,2.6104502E-10,7.090292E-13,0,3.8150778E-11,1.0772563E-12,1.632258E-11,0,2.4087022E-11,3.8419135E-10,1.9302987E-10,1.1170084E-10,3.2634961E-10,9.9136134E-17,5.077008E-16,1.382489E-15,6.1487885E-12,7.80693E-12,2.8025733E-12,3.3532847E-12,5.570927E-11,9.194722E-11,1.597564E-10,6.364263E-11,5.3609883E-10,1.3409648E-10,4.7000365E-10,3.5097003E-10,2.7612573E-10,2.8500854E-10,6.863194E-10,6.258846E-10,3.6732276E-10,3.510593E-10,1.5399894E-10,0.00000001851584,0.00000009586431,0.00000021167114,0.00000014680928,0.0000010019606,0.000000024989117,0.0000009965461,0.0000009620175,0.000010816652,0.000007721319,0.0000024743347,0.0000034365805,0.0000242188,0.00019967546,0.00021035287,0.00022469247,0.000033051856,0.00022777637,0.000011512081,0.00036786936,0.00027164395,0.0020502459,0.00015405915,0.0004102195,0.000116979216,0.0008545995,0.00020158969,0.010153583,0.003013113,0.0072063226,0.0069655166,0.00032343762,0.00057883793,0.0005634205,0.0021517526,0.00039722933,0.0000035516541,0.00037945603,0.00078054745,0.0013353614,0.00020017101,0.0005541385,0.00025135354,0.00039907117
Pemba E,9.626151E-13,9.0670803E-13,3.757375E-16,2.696008E-16,2.0920623E-16,2.9932964E-16,6.000705E-18,3.8302296E-18,4.1485927E-16,5.353198E-16,3.2681466E-17,1.6634577E-18,4.3988017E-16,2.7132022E-16,1.9244506E-17,6.3326466E-18,2.4404143E-17,5.3110467E-18,5.2224945E-18,1.036464E-18,4.5648285E-18,5.715232E-19,1.9394407E-14,1.114682E-14,7.501406E-15,0,0,0,0,0,4.701012E-16,0.000000002294878,0.000000002252838,2.7368366E-10,1.7330275E-10,0.0000000010576838,4.2550205E-10,6.427879E-12,4.283225E-15,1.7758371E-16,3.2838116E-14,3.335892E-15,3.6684433E-16,6.356683E-13,2.6463324E-14,3.0397896E-13,1.3496132E-10,8.598183E-11,1.0501733E-10,9.419424E-11,2.1731828E-11,6.2105085E-11,3.430454E-11,9.888438E-10,2.7015937E-10,2.0726099E-10,1.563343E-10,2.0949177E-10,1.6789581E-12,1.9164977E-11,2.4545055E-11,7.908525E-11,3.01517E-11,2.3408792E-12,4.419659E-12,1.0470498E-11,4.7092406E-11,1.8182809E-12,9.1964485E-11,2.6348986E-18,2.7449925E-18,9.669211E-20,1.051095E-16,1.0766784E-18,1.475779E-16,1.0693948E-13,9.804994E-16,6.271466E-17,1.8845255E-20,5.5361995E-21,7.543984E-17,2.5345087E-17,9.778663E-16,8.7424405E-15,2.6475999E-15,1.8585237E-15,2.9976065E-16,2.2508E-13,3.718722E-15,3.8590203E-15,0,0,0,0,0,0,0,0,0,0,8.042754E-15,8.818748E-14,2.340861E-10,1.7586777E-13,0,5.7847707E-12,1.4551575E-13,2.1819204E-12,0,1.0340955E-11,7.6209844E-11,2.5021828E-11,2.0082507E-11,3.8513772E-11,3.7845528E-17,2.2794562E-16,4.811619E-16,1.4370714E-12,2.3395524E-12,1.0349935E-12,1.1191159E-12,2.6712032E-11,5.37378E-11,5.4296425E-11,3.456991E-11,1.8018528E-10,8.9600806E-11,1.8525813E-10,1.09176036E-10,2.531085E-10,3.459789E-10,6.24156E-10,2.9461647E-10,9.798235E-11,4.780302E-10,3.3580266E-10,0.000000004261858,0.000000010128211,0.000000021875016,0.00000002586029,0.000000034726565,0.0000000053460103,0.000000020998199,0.00000006135628,0.0000006687802,0.00000018712153,0.00000033537302,0.00000017732805,0.0000034615298,0.000006813447,0.000005837762,0.0000033835327,0.00000044335923,0.000016771011,0.0000018790591,0.000073099945,0.000035000336,0.00019759513,0.000003610008,0.000010747456,0.0000028367358,0.00002370388,0.0000044735734,0.00032470832,0.009700569,0.017307168,0.00040534994,0.000008447149,0.000018896177,0.000052200914,0.00040502904,0.0000942965,0.0000009745567,0.00014750329,0.0002870751,0.00051556545,0.00007359983,0.00022168476,0.000103631784,0.00017819373
Pemba N,1.0551783E-12,1.3830345E-12,1.8573442E-16,2.2241643E-16,3.9531184E-16,3.7508376E-16,5.5286134E-18,1.5668937E-17,3.8387676E-16,3.35399E-16,8.720361E-17,3.6589216E-17,7.464126E-16,8.087379E-16,5.2711517E-16,2.3344964E-16,3.28922E-16,6.9852696E-17,2.3291876E-16,3.430274E-17,2.1780327E-16,2.3873882E-17,3.298105E-14,2.294779E-14,2.3917695E-14,0,0,0,0,0,2.795765E-16,0.0000000033615615,0.000000004632011,0.0000000013683887,6.5202366E-10,1.5527603E-10,5.0626625E-10,1.8202767E-11,8.36758E-15,8.768628E-16,2.3986653E-13,2.1085852E-14,2.1667874E-15,1.232836E-12,2.358011E-13,3.9966777E-13,1.7731959E-10,1.13876325E-10,1.3584675E-10,1.2920097E-10,3.8249258E-11,1.5507175E-10,6.14158E-11,0.0000000019181627,4.0499562E-10,3.7854067E-10,2.483522E-10,5.3881116E-10,4.2490083E-12,2.944855E-11,3.05445E-11,1.9041883E-10,8.221127E-11,5.6365195E-12,8.162301E-12,2.1536875E-11,9.414526E-11,4.3284517E-12,8.5128855E-11,8.7739155E-18,1.5338703E-17,9.685116E-18,2.7928394E-16,2.656598E-18,4.754674E-17,5.1466494E-14,7.1049695E-16,1.494404E-17,6.3425567E-18,2.6060904E-20,2.0920094E-17,1.6623832E-17,5.6421394E-16,2.7992895E-15,1.9400174E-15,6.216499E-17,6.249481E-16,6.048081E-14,1.2981684E-15,5.797853E-16,0,0,0,0,0,0,0,0,0,0,1.6100462E-14,1.0917065E-13,4.819483E-11,9.665578E-14,0,1.9455197E-12,2.5408893E-13,1.0239155E-12,0,4.6914473E-12,2.5603773E-11,1.3759213E-11,5.8342662E-12,2.067642E-11,2.8456045E-17,1.4356139E-16,4.3149007E-16,1.1151247E-12,1.4839622E-12,7.5027647E-13,8.479345E-13,1.6889982E-11,7.914138E-11,5.604693E-11,1.8221244E-11,2.670359E-10,2.9609362E-10,4.6821386E-10,3.1015732E-10,2.0878417E-10,2.9914263E-10,6.029415E-10,0.00000000189685,0.000000020027445,0.0000000016383387,0.0000000028855816,0.000000008156929,0.00000007721844,0.00000013033907,0.00000007541616,0.00000008368604,0.000000012155838,0.00000011995141,0.00000023673486,0.0000014253081,0.0000011507441,0.00000050159093,0.00000047472403,0.000005558786,0.00003832416,0.000030596162,0.000038549995,0.000007705148,0.000050507613,0.0000026246432,0.00008092697,0.00004730506,0.0005094002,0.000022328593,0.000073688025,0.00002333356,0.00015487868,0.000037956783,0.0010171151,0.00039733326,0.04010795,0.0040914137,0.000063056585,0.00013359569,0.00017669983,0.0011233854,0.0002538558,0.0000026716255,0.0003696376,0.0007206926,0.0013675912,0.00019935667,0.0005988178,0.00028956652,0.0004702898
Pemba W,5.4400484E-13,6.114607E-13,3.8027616E-16,5.6453486E-16,9.30418E-16,6.904287E-16,1.07424054E-16,1.6504826E-16,5.296751E-15,7.3995435E-15,1.4242662E-15,2.352047E-16,1.0283588E-14,5.675196E-15,3.3426677E-15,1.0364971E-15,9.516204E-16,5.7699927E-16,1.7035041E-15,4.0534772E-16,1.4746298E-15,1.6157574E-16,5.223572E-14,3.050415E-14,4.043724E-14,0,0,0,0,0,1.0152545E-15,3.3808165E-10,1.9185412E-10,8.988278E-11,8.9588004E-10,1.5767582E-10,0.0000000048502407,3.7922693E-11,1.5670321E-14,8.744038E-16,1.8323182E-13,2.768164E-14,2.1708747E-15,5.2592553E-12,2.9798247E-12,1.3770193E-12,1.6880665E-10,7.947498E-11,1.9188386E-10,2.1325863E-10,5.8634875E-11,1.5895422E-10,6.960261E-11,0.0000000027008298,6.4753025E-10,5.5484123E-10,2.9306158E-10,7.2920836E-10,1.0310953E-11,1.2075445E-10,2.4822108E-10,4.761094E-10,1.12174714E-10,1.1433919E-11,1.4416146E-11,3.2233004E-11,1.636529E-10,1.0052935E-11,1.1275817E-10,3.4977514E-17,4.8103315E-17,7.208456E-17,2.8929929E-16,5.5462894E-17,3.2346795E-17,2.558777E-14,3.546948E-16,8.1362054E-17,1.3827631E-17,8.31182E-21,1.0040309E-17,2.2972008E-17,5.1327216E-16,1.4003687E-15,6.491643E-16,2.710354E-16,2.4255278E-16,1.7638919E-13,2.3503366E-15,5.908942E-15,6.946464E-19,0,0,0,0,0,0,0,0,0,1.1968172E-13,6.5919655E-13,9.3138754E-11,1.7256408E-13,0,3.728774E-12,1.8462554E-13,2.0386527E-12,0,6.99059E-12,5.3979002E-11,2.3640251E-11,2.1365793E-11,3.2244575E-11,9.888911E-17,5.435132E-16,1.1606748E-15,5.543816E-12,4.183037E-12,1.5542817E-12,2.5414115E-12,5.969833E-11,7.6144355E-11,1.1929414E-10,2.9136867E-11,2.6529945E-10,4.7461052E-11,4.7544296E-10,1.8449914E-10,1.674051E-10,2.3064328E-10,5.3425686E-10,3.885456E-10,0.0000000016599825,4.909693E-10,0.0000000014490447,0.00000001039558,0.00000011185708,0.00000027400566,0.00000013040855,0.000000761001,0.000000017743767,0.0000007468604,0.0000007983567,0.000011080605,0.000009243423,0.0000019007002,0.0000028647235,0.000023997683,0.00017182525,0.00018211111,0.00022270031,0.000029701449,0.00019355574,0.000007889542,0.00036456107,0.00025947957,0.0020254082,0.0001417654,0.0003612842,0.00010516814,0.0007081457,0.00018420674,0.005697065,0.000113624854,0.0048531066,0.031138476,0.00028560223,0.00051605917,0.0004805064,0.0019064577,0.00037189334,0.0000031660004,0.00035817336,0.00070180045,0.0012815717,0.00018821965,0.00051462336,0.00024617466,0.00039781898
Kisite Marine National Park,1.7124731E-13,4.0024313E-14,6.705031E-16,1.6989628E-15,1.4057027E-15,1.4171826E-15,1.543401E-15,9.892562E-16,2.5594125E-14,6.5741954E-14,1.3613978E-14,4.5849377E-17,6.146227E-14,3.3117572E-15,9.3568156E-17,6.53994E-16,1.6216072E-15,4.386289E-16,0,0,0,6.6868677E-18,3.5207987E-15,2.976554E-15,5.0587167E-15,0,0,0,0,0,5.7415657E-18,2.741371E-10,1.6414475E-10,6.907009E-11,5.37987E-11,6.0825324E-11,0.0000000015265069,2.5604683E-11,6.4242786E-15,1.2645763E-15,7.1984485E-14,1.3151417E-14,1.6572239E-15,1.0248506E-12,8.8055316E-14,3.7831804E-13,5.1547057E-12,2.0344814E-11,2.0850247E-10,7.562114E-11,9.455523E-12,1.1873715E-11,1.3940023E-11,5.180712E-10,8.825806E-11,9.219921E-11,6.401794E-11,2.4548497E-10,6.378743E-11,1.6135981E-11,2.0040943E-11,1.3846405E-10,1.9174988E-11,1.5010139E-12,3.719414E-12,1.7537582E-11,6.9020754E-11,2.8857919E-12,9.7782143E-11,1.8557466E-18,9.047458E-19,2.2018381E-20,4.159653E-19,4.6632662E-21,2.9832644E-20,6.757675E-16,1.2903353E-16,5.740687E-19,4.6696703E-19,5.445329E-18,8.8064235E-17,1.4622199E-16,1.6143823E-15,4.49671E-15,4.6138605E-15,4.9008325E-18,2.540624E-16,4.5127993E-15,1.1072932E-16,6.6279666E-17,0,0,0,0,0,0,0,0,0,0,1.2687028E-14,1.18145E-13,4.1125814E-12,1.0759662E-14,0,2.7337868E-13,2.6038286E-13,1.9068171E-13,0,2.0195991E-13,1.3221294E-12,5.5002503E-13,1.2178691E-12,1.9015954E-12,3.8232912E-18,8.5952814E-17,3.8661175E-16,7.478267E-13,2.9751933E-13,1.5751921E-13,1.5214034E-13,1.8675606E-12,4.761754E-12,6.4276262E-12,2.3558065E-12,4.7322675E-12,6.176831E-13,6.7465885E-12,6.09395E-11,3.649314E-10,2.2232921E-10,2.2886372E-11,1.3749578E-11,0.0000000015375174,0.0000000014941979,0.000000003067777,0.000000008514411,0.000000003325125,0.0000000011679406,0.0000000135882985,0.0000005875977,0.0000000058368474,0.00000044923894,0.00000028088942,0.0000099059125,0.000004025183,0.0000007018524,0.00000077058706,0.00000057879583,0.000060612005,0.00012901556,0.00019734884,0.000024938048,0.00006924727,0.0000046041414,0.000017982997,0.000028503595,0.0004273297,0.0002361217,0.0014054504,0.00063981867,0.008490271,0.0018627793,0.000036998863,0.0000019349993,0.0008593093,0.00014173173,0.0060625765,0.011140525,0.015902715,0.02015808,0.0015526747,0.000004214078,0.00042056167,0.0004978988,0.0008858696,0.00012875657,0.00026377404,0.00008463929,0.00012094529
Ukunda,1.8717199E-14,5.7914764E-15,5.409514E-21,0,0,2.4377893E-20,0,1.2451218E-21,0,0,7.7825595E-21,0,1.0824746E-19,0,0,5.733704E-21,0,0,0,0,0,0,0,1.2788157E-18,6.93585E-21,0,0,0,0,0,4.819724E-19,2.7268385E-10,1.6180922E-10,7.497381E-11,3.8124635E-11,4.441754E-11,7.822823E-10,5.7672187E-12,9.505215E-16,1.959083E-16,5.5290564E-14,2.579393E-15,2.5232034E-16,6.364596E-14,1.440798E-15,4.3908909E-13,4.3107766E-12,1.7394666E-11,4.4992416E-11,7.866554E-12,2.1397962E-12,2.3835903E-12,1.386104E-12,5.456245E-11,3.670006E-12,1.9886294E-11,5.667062E-12,1.771846E-11,4.0924954E-11,1.0631051E-12,2.9804037E-13,2.5957136E-12,6.306045E-13,1.03248864E-13,1.5342992E-13,2.6281562E-12,1.0298751E-11,7.933168E-13,5.7430918E-12,4.64132E-19,1.3611699E-19,3.115579E-20,7.255589E-18,1.911037E-21,0,5.201623E-17,7.168501E-20,7.8100336E-19,0,0,1.5989876E-17,1.8533544E-18,2.0917304E-16,2.3632177E-15,3.652625E-15,9.438911E-18,2.547057E-16,1.0663857E-15,3.728378E-17,1.5880678E-16,0,0,0,0,0,0,0,0,0,0,2.4340663E-15,1.9890741E-14,1.7692761E-12,1.7095921E-15,0,8.419779E-14,7.546957E-14,5.532621E-14,0,1.1729472E-13,6.912741E-13,1.3903758E-12,8.073935E-12,2.1248603E-13,2.5825892E-18,5.1941222E-17,5.886707E-17,5.8474905E-13,1.8363825E-13,8.678191E-14,8.5924886E-14,9.570362E-13,2.5003294E-12,4.189796E-12,1.4270143E-12,3.3491584E-12,6.840839E-12,1.6639772E-12,9.4672714E-11,2.5124758E-10,6.9949234E-11,4.293913E-11,1.0155119E-11,8.5231616E-10,0.000000013662451,0.00000005201558,0.000000023095778,0.000000003391972,5.5578203E-10,0.0000000017769027,0.00000014884424,0.000000007228727,0.00000025937533,0.000000192467,0.000005945608,0.000003222295,0.0000010156215,0.0000010201223,0.0000004207313,0.000060410126,0.000092143084,0.00010126879,0.000013835864,0.000029196193,0.000001667629,0.0000071436953,0.000014600436,0.0002721661,0.00007128556,0.0005858821,0.00029239766,0.0024972775,0.00070432015,0.000013815848,0.00000030173882,0.00044564917,0.00006549198,0.005156971,0.011935713,0.0423988,0.02957064,0.001355496,0.0000021645974,0.00022599427,0.00026235665,0.00037820774,0.000054902568,0.000103015685,0.000029299845,0.000042229294
Mombasa,7.547765E-15,1.1784126E-14,0,0,2.4680991E-22,2.7655924E-18,4.4851775E-19,0,7.0237505E-21,0,0,0,0,0,0,0,0,0,0,0,0,0,0,0,0,0,0,0,0,0,8.59241E-19,3.8093118E-10,2.0677493E-10,9.3782836E-11,3.6995813E-11,5.1164278E-11,6.5431016E-10,5.2603226E-12,9.929174E-15,5.08253E-17,1.7569888E-14,4.7103756E-16,1.9556252E-17,7.507638E-14,3.3831956E-14,5.2715184E-13,6.790277E-13,7.0758638E-12,3.159969E-11,4.5291704E-12,1.4410566E-12,1.6266233E-12,7.998966E-13,2.7982085E-11,1.5478639E-12,1.2537666E-11,1.6292037E-11,1.1307877E-11,7.61207E-13,2.3116697E-12,4.767432E-13,8.3354365E-12,2.11029E-12,6.262677E-14,2.7986814E-13,3.4344038E-12,2.0465546E-11,9.079582E-13,1.4925778E-11,1.5552244E-19,1.1069283E-19,2.4993702E-19,2.029186E-18,3.2501057E-22,0,6.359877E-18,2.6913148E-20,1.6034864E-20,0,1.01062006E-22,3.728965E-18,7.543576E-18,4.9164095E-16,3.8963277E-16,2.4434465E-16,1.4595266E-17,3.2308037E-18,8.126773E-16,4.192548E-18,9.7758546E-18,0,0,0,0,0,0,0,0,0,0,1.6965801E-15,1.0574092E-14,1.3147601E-12,2.3894198E-15,0,5.495609E-14,2.5353167E-14,5.419256E-14,0,1.1945604E-13,5.0271056E-13,6.590008E-13,2.80083E-12,7.4857147E-14,2.7114466E-18,5.718522E-17,1.9831748E-16,6.365655E-13,1.4856198E-13,6.7611E-14,5.1590863E-14,5.6296997E-13,1.6823355E-12,3.0103385E-12,1.0923545E-12,3.5254052E-12,8.421627E-12,1.2036592E-12,9.572048E-11,7.48049E-11,4.2998872E-11,4.3490662E-11,9.536207E-12,1.98727E-10,0.000000017552248,0.000000042677367,0.000000015412223,0.0000000023244335,6.398203E-10,0.0000000050205884,0.000000111713426,0.0000000031881071,0.0000001233464,0.00000022065667,0.0000024566177,0.000001380376,0.00000047450948,0.0000005933912,0.00000024493488,0.00003331229,0.00004838458,0.000056866375,0.000008563661,0.00001750753,0.0000012305669,0.0000019243867,0.0000055579826,0.00012905146,0.000016818623,0.00021442599,0.00014912832,0.0012462373,0.00036617654,0.000007002509,0.0000016502065,0.00008176236,0.000018058618,0.0023021074,0.007378007,0.02128112,0.07480718,0.002535876,0.000001886626,0.00012558127,0.00014745437,0.00018466527,0.000028889805,0.000043742017,0.000011967488,0.000014960204
Kilifi,3.751475E-18,1.809605E-15,6.737471E-20,4.533928E-21,3.8087973E-19,1.8082245E-18,0,0,2.0421103E-19,0,0,0,0,0,0,0,0,0,0,0,0,0,0,0,0,0,0,0,0,0,1.5746577E-18,7.2849504E-10,3.689981E-10,1.504722E-10,3.9092053E-11,3.587531E-11,3.5870962E-10,1.0668172E-12,1.4402164E-15,3.1234936E-17,9.892201E-15,1.7231455E-16,6.40293E-18,4.670772E-14,2.0585457E-15,1.4736527E-13,1.9774818E-13,8.345499E-14,2.6035932E-11,1.54938E-12,1.2338149E-12,2.5254706E-13,1.2136415E-13,2.4746495E-11,6.445543E-13,1.6908191E-12,5.5661652E-11,1.3790091E-11,2.315914E-15,1.2715434E-13,6.552034E-14,1.3109964E-13,1.7458287E-13,4.4780118E-14,7.444986E-14,1.1408127E-11,5.322026E-11,3.0636659E-12,1.02138104E-10,0,0,0,2.4551616E-18,0,0,1.8136709E-17,0,3.8687857E-24,0,0,6.689461E-19,8.8249004E-20,3.9188866E-17,4.5725294E-17,9.4464496E-17,0,0,2.3849774E-16,1.3701396E-19,7.1104015E-18,0,0,0,0,0,0,0,0,0,0,7.2076596E-16,7.0621156E-15,8.03964E-14,3.7066384E-16,0,2.0603021E-14,1.3621508E-14,2.2943138E-14,0,2.845211E-14,2.534856E-14,7.947932E-14,5.8827905E-13,9.8771834E-15,8.0674165E-19,2.8649814E-17,1.376724E-17,4.019136E-13,8.422369E-14,3.342155E-14,2.2618023E-14,2.424173E-13,8.5496004E-13,1.2543551E-12,5.008665E-13,1.2528021E-12,3.1515034E-12,3.5838734E-13,6.040004E-11,5.781826E-11,4.5677528E-11,3.9589703E-11,8.685159E-12,1.325544E-11,0.0000000034659242,0.00000003670885,0.000000031266183,0.0000000097421635,0.0000000015717214,0.0000000016469194,0.000000088819604,7.346948E-10,0.00000012794908,0.00000020037,0.0000012657246,0.0000007188554,0.00000018879534,0.00000023247206,0.000000015968727,0.000010778468,0.000015909873,0.000021006756,0.0000029216578,0.000008029947,0.0000004976373,0.00000090638764,0.0000020338496,0.00006659688,0.0000017323836,0.00003040153,0.000024255538,0.0002525348,0.00008978062,0.000005365413,0.000002161186,0.000005010798,0.000002908091,0.0004632248,0.001073777,0.002229336,0.062063415,0.014114069,0.0000014580636,0.000058666516,0.0000662533,0.00007596764,0.000011133101,0.000018179284,0.0000054539028,0.0000068812024
Watamu,1.3035128E-16,1.397869E-14,3.9627444E-19,8.803348E-19,2.8433711E-18,4.978732E-17,0,0,2.00443E-17,0,0,0,0,0,0,0,0,0,0,0,0,0,0,0,0,0,0,0,0,0,1.0027802E-18,0.000000005529834,0.0000000018203874,6.1479755E-10,1.3858381E-10,1.417176E-10,4.8263066E-10,3.0814273E-12,1.423046E-14,3.237436E-17,4.036317E-14,1.6533136E-16,9.50107E-18,8.3673547E-14,1.9715336E-14,6.1325386E-13,9.368024E-13,2.8307857E-13,2.923301E-11,1.6331813E-11,2.4013456E-12,3.8712024E-12,1.2199789E-12,5.0179808E-11,7.408376E-12,1.5122662E-11,1.0678668E-10,1.4037366E-11,1.1433611E-13,1.4193257E-12,5.8619515E-13,1.3541211E-12,4.478644E-13,2.4161467E-13,1.8254354E-12,2.0773454E-11,1.3281268E-10,2.3807774E-12,9.244979E-11,1.2685414E-20,0,0,2.1737208E-18,0,0,4.258447E-17,2.1929412E-18,4.8333817E-23,0,1.4664696E-22,3.397221E-19,1.0097823E-18,7.2369754E-17,7.897813E-17,2.0181058E-17,0,0,1.2366197E-16,3.8168458E-19,1.6195278E-18,0,0,0,0,0,0,0,0,0,0,6.1225405E-16,7.541542E-15,1.6511664E-14,1.2421455E-16,0,1.11497674E-14,1.31373675E-14,2.6006881E-14,0,2.6315098E-14,3.0652428E-15,1.882183E-13,4.2717032E-13,9.6209004E-14,2.060881E-18,5.5798865E-17,5.2960626E-17,4.9569105E-13,1.4702463E-13,1.01009526E-13,5.849054E-14,5.4858066E-13,1.9682565E-12,2.6816383E-12,7.540821E-13,2.3604376E-12,2.1700974E-12,3.7975688E-13,3.0143752E-11,4.7250336E-11,3.0549382E-11,3.665744E-11,6.5930096E-12,4.12327E-12,0.0000000012214392,0.00000004186723,0.000000047556437,0.000000024515865,0.000000004358484,0.0000000036127004,0.00000015245338,0.000000001089607,0.00000018461361,0.0000002913438,0.0000013620383,0.00000062593716,0.00000018549791,0.000000192715,0.000000025873556,0.0000084160465,0.000013306776,0.000015775378,0.0000022026431,0.0000062479517,0.00000047031128,0.0000009982494,0.0000017452768,0.00006851075,0.0000008332206,0.000013797843,0.000011404674,0.00011531336,0.00004595241,0.0000059763893,0.000003296192,0.000005002691,0.0000019318131,0.0001947137,0.0006588372,0.0013499883,0.02162906,0.021216637,0.000019285222,0.0002672813,0.0003515861,0.00033233984,0.000059810965,0.00007966832,0.00002073907,0.000023410865
Tana Delta,2.71802E-18,8.338472E-18,0,0,0,0,0,0,0,0,0,0,0,0,0,0,0,0,0,0,0,0,0,0,0,0,0,0,0,0,2.3106184E-17,0.0000000039717625,0.0000000023183815,5.4443133E-10,1.5205756E-10,7.759431E-11,4.61336E-11,8.777294E-13,3.1204954E-15,6.0306806E-18,6.285795E-16,8.609563E-18,1.2842659E-19,9.713398E-14,6.5480077E-15,6.408432E-14,7.672278E-13,1.1918973E-12,5.266368E-12,2.0508879E-12,6.2751714E-13,3.383899E-13,2.5642596E-13,1.0535331E-11,1.5477539E-12,3.281624E-12,1.41687105E-11,2.4492283E-12,5.1946777E-15,3.411215E-13,3.4410007E-13,1.6039941E-12,5.3656336E-13,6.865978E-16,1.1901674E-14,4.76028E-14,3.2630178E-13,2.5965637E-14,7.060221E-14,2.3627035E-18,2.57176E-18,0,1.9798E-18,0,0,4.0943085E-17,1.0530988E-15,0,0,0,1.0874117E-18,4.0392034E-20,1.2116923E-17,9.874242E-18,2.0511376E-17,0,0,2.5726781E-17,0,0,0,0,0,0,0,0,0,0,0,0,7.883006E-16,1.2605754E-14,7.715394E-14,2.7047641E-17,0,3.5494177E-15,2.987447E-15,6.8158734E-15,0,5.6217136E-15,7.0871496E-16,4.2929453E-14,1.3723776E-13,1.1292531E-15,4.3967466E-18,5.100734E-17,4.021371E-17,1.9388477E-13,3.2829406E-13,5.1442967E-14,5.6056417E-14,1.2036035E-12,1.8258821E-12,3.7633893E-12,3.4327129E-12,4.0968886E-12,1.8002926E-13,1.4907514E-11,4.562426E-12,7.383036E-12,1.1591327E-11,1.8030187E-11,4.7722447E-12,2.063555E-12,1.5693362E-12,2.532707E-12,2.2069206E-11,7.566043E-12,5.0977265E-12,2.5140931E-11,7.174072E-11,1.0451671E-11,0.0000000019330122,0.0000001290981,0.00000032061874,0.00000013743644,0.00000003560293,0.000000014979122,0.000000026670767,0.0000006501051,0.0000011009853,0.00000046046293,0.00000025216738,0.0000022431645,0.000000109832776,0.0000014640232,0.0000012288614,0.000041238207,0.000000056221896,0.0000021006379,0.0000014143382,0.00002548831,0.00000686226,0.0000020194677,0.0000015157805,0.000015279855,0.0000027557478,0.00003779739,0.00005545396,0.0001433344,0.0017620487,0.001186493,0.000030668234,0.000027141916,0.000059052047,0.00007312297,0.000018947416,0.000011106853,0.0000026198727,0.000003314325
North Tana Area,4.1471912E-14,1.8398573E-13,0,0,0,0,0,0,0,0,0,0,0,0,0,0,0,0,0,0,0,0,9.331296E-19,1.4282959E-18,6.0249246E-19,0,0,0,0,0,4.57373E-17,0.0000000031344594,0.00000000437004,0.0000000019055397,5.980808E-10,5.4425426E-11,0.000000002727655,8.027558E-12,1.0659481E-13,1.899988E-16,3.4275137E-14,5.5094725E-17,1.5078303E-17,2.4644666E-13,1.6188067E-13,3.6855658E-13,1.8342118E-11,4.765795E-12,3.8382755E-10,9.099547E-11,1.7133926E-10,1.8480066E-11,7.851623E-12,3.2821662E-10,6.50982E-11,4.3699027E-11,1.2470106E-10,2.5114363E-10,1.4974328E-14,4.3331584E-12,7.812046E-12,1.843654E-11,2.2371044E-12,9.8334E-13,6.2180664E-13,2.4809026E-12,3.1633559E-12,1.6002193E-13,7.802339E-13,1.2989259E-18,1.2065403E-18,0,5.159846E-18,2.661483E-16,1.108341E-17,5.1977256E-16,3.5932005E-17,1.04493045E-17,9.89775E-18,5.7310074E-21,0,4.5032472E-20,0,0,2.5805965E-18,0,0,3.7668333E-16,0,0,0,0,0,0,0,0,0,0,0,0,1.0606301E-14,7.928579E-14,6.084042E-13,8.9132284E-17,0,2.6223888E-14,3.6646247E-14,6.682179E-14,0,4.8133318E-14,2.92216E-14,5.4242872E-14,1.6411646E-14,1.1410992E-13,7.230172E-18,4.737591E-17,5.3142205E-17,1.16498E-12,4.1477325E-13,1.321523E-13,1.7467493E-13,9.834719E-13,1.6025653E-11,4.6317755E-11,1.3559144E-11,9.718697E-12,1.8030128E-12,8.467979E-12,5.8256344E-11,7.399151E-11,5.3175995E-11,4.753827E-11,1.3357559E-11,1.0977244E-11,4.2153305E-11,0.0000000024032625,0.0000000046595505,0.0000000049043076,5.032074E-10,0.0000000017923936,0.00000009371786,2.8454106E-10,0.00000009695721,0.00000016677097,0.0000003346611,0.00000025521416,0.000000061077166,0.000000093576325,0.00000010704668,0.0000032746882,0.000007034001,0.000015266336,0.0000015174169,0.0000032103117,0.00000034744605,0.0000011524611,0.0000008884843,0.000024104202,0.000001019625,0.000007746401,0.000005942613,0.000044738765,0.000014140213,0.0000042241677,0.0000012435202,0.000013355737,0.00000306439,0.000036857004,0.00009073843,0.00015079712,0.0006983798,0.00031096642,0.00001605427,0.001704114,0.0035541307,0.0022327586,0.00048129962,0.00057226844,0.000094280134,0.00006687879
Lamu Island,1.2436119E-15,7.3123514E-14,0,0,0,0,0,0,6.437509E-20,8.8367117E-20,0,0,4.0748352E-20,1.0784211E-19,0,0,0,0,0,0,0,0,0,0,0,0,0,0,0,0,1.0739214E-18,5.461503E-11,5.185299E-11,3.8695006E-11,1.4528502E-10,6.1658546E-11,0.0000000027489169,1.9949885E-11,6.91198E-14,1.6979908E-16,2.6666303E-14,6.602647E-17,1.142028E-18,1.1442949E-14,1.5692878E-13,1.5230204E-13,7.136608E-13,6.054017E-13,2.2483147E-10,3.7489484E-11,8.098411E-11,1.398637E-11,7.976646E-12,3.016622E-10,4.9371528E-11,4.5171762E-11,1.2269989E-10,1.2049924E-10,3.4978029E-15,4.1146227E-12,3.0199786E-12,4.481582E-12,4.0104646E-13,2.6855146E-13,3.929926E-13,1.9763145E-12,4.3506683E-12,2.1033155E-14,1.1348123E-12,1.4030798E-18,6.7585673E-18,2.271981E-18,1.26537805E-17,2.8883327E-17,5.942656E-17,1.9829215E-16,9.29396E-19,0,0,2.2181532E-22,0,0,0,0,0,0,0,2.741207E-16,0,0,0,0,0,0,0,0,0,0,0,0,4.8360965E-15,5.319752E-14,1.0456877E-12,8.684174E-18,0,8.12873E-15,1.8621762E-14,2.5203582E-14,0,2.5068374E-14,1.550311E-14,1.0149496E-14,4.0409507E-15,5.6733552E-14,4.8577852E-18,3.0964275E-17,5.288494E-17,7.9424884E-13,3.5010677E-13,9.5526926E-14,1.4232051E-13,1.0812194E-12,3.8968564E-11,2.489395E-10,1.2947127E-10,3.0883168E-11,6.1893468E-12,5.6893834E-12,1.7922273E-10,3.4430228E-10,1.3808013E-10,1.0458598E-10,6.756733E-11,3.3817126E-11,1.1287031E-10,4.0546566E-10,0.000000001055909,9.621888E-10,5.67472E-10,0.0000000010301007,0.000000006662225,1.1115814E-10,0.000000007260493,0.000000016184263,0.00000007216495,0.000000065737574,0.000000023604631,0.000000013242575,0.000000145122,0.0000011739598,0.0000029642904,0.0000056641334,0.0000007160926,0.0000027354795,0.0000003277721,0.0000008025902,0.0000006172036,0.000013977593,0.00000028412802,0.000004600534,0.0000029506011,0.000020073196,0.0000071482355,0.000001886319,0.0000012668914,0.000009666962,0.0000018649761,0.000015573549,0.000035907156,0.000040863986,0.00015352073,0.00005390843,0.000004106311,0.0005166957,0.015032373,0.0031987964,0.0007753165,0.0006981235,0.00008584562,0.000044152275
Pate Island,1.5576936E-15,3.7552888E-17,0,0,0,0,0,0,0,0,0,0,0,0,0,0,0,0,0,1.6031912E-20,0,0,0,0,1.2344964E-18,0,0,0,0,0,8.736078E-17,1.05738675E-10,7.08633E-11,2.778373E-11,1.7203756E-10,4.446689E-11,0.0000000023666398,2.1863882E-11,8.9984346E-13,3.2475497E-16,4.5738973E-14,1.0062543E-16,9.135778E-19,5.2835577E-14,8.497241E-13,2.4301253E-13,5.826043E-12,5.4356667E-12,2.5601288E-10,8.009756E-11,5.2845887E-11,1.5962181E-11,6.642569E-12,2.5741745E-10,3.435344E-11,6.26012E-11,9.892489E-11,1.0691533E-10,6.418777E-14,4.3218033E-12,4.331277E-12,2.708992E-12,3.922865E-12,1.5723304E-12,3.6431627E-13,2.7533292E-12,4.790232E-12,3.4548213E-13,4.6211025E-12,9.162449E-19,7.689E-19,5.4239954E-19,9.492381E-18,6.223572E-16,1.3955879E-16,3.3240893E-15,3.711542E-17,1.8092934E-18,0,2.605899E-21,7.5938535E-19,2.6661417E-19,1.5504698E-17,2.16601E-17,3.409077E-17,1.8170035E-19,0,2.3455977E-15,7.750972E-17,2.3336729E-17,0,0,0,0,0,0,0,0,0,0,1.086121E-14,5.3007684E-14,1.4551927E-12,1.4246946E-16,0,5.4881833E-14,1.7878797E-14,5.6201056E-14,0,5.3788154E-14,7.784861E-13,1.5454353E-12,6.088767E-13,2.3450523E-12,6.6901545E-18,4.846875E-17,3.9677296E-17,9.475453E-13,4.7767953E-13,1.1397681E-13,1.6133106E-13,2.0821843E-12,3.068479E-11,8.863826E-11,4.0078208E-11,2.3089983E-11,3.0631706E-12,1.7178047E-11,1.0683837E-10,1.5462528E-10,9.262667E-11,9.8396694E-11,5.901176E-11,5.165003E-11,9.064808E-11,8.149409E-10,0.000000002796897,0.0000000025701685,9.888169E-10,0.0000000038232053,0.00000008166481,7.244332E-10,0.00000006616995,0.00000013422587,0.00000047610357,0.0000003025323,0.000000046745466,0.00000009629502,0.00000064931135,0.000008380625,0.00000976514,0.000011211709,0.0000018891562,0.000009439023,0.0000011213473,0.0000021437106,0.000002181882,0.000044786844,0.0000010443484,0.000011069898,0.000006936356,0.000042146774,0.000013282731,0.0000036000463,0.0000018397726,0.000026778347,0.0000041778653,0.000029841824,0.000059359594,0.00007818363,0.00037914404,0.00012593537,0.0000051237803,0.00045517663,0.006295268,0.0028086712,0.0040557417,0.005891005,0.0006900422,0.00035781867
Kiunga Marine National Reserve,1.2940776E-14,2.2713523E-18,0,0,0,0,0,0,0,0,0,0,0,0,0,6.0625606E-18,0,0,0,0,0,0,1.5111498E-17,1.7541496E-17,2.3559694E-17,0,0,0,0,0,1.2835426E-19,4.6445205E-11,4.1521425E-11,1.3563094E-11,5.7303523E-11,4.8466984E-11,0.0000000015085444,1.7148939E-11,9.3994474E-14,3.0924482E-16,3.8498173E-14,4.894095E-17,1.6057215E-18,9.3088494E-14,9.8221534E-14,1.270999E-13,1.650091E-11,2.1884775E-11,1.94023E-10,8.258628E-11,2.8082203E-11,7.956909E-12,4.2533277E-12,5.3272994E-11,1.9720968E-11,3.8732694E-11,5.3991644E-11,1.2123999E-10,2.69753E-13,1.168233E-13,1.5620854E-13,4.782237E-13,2.5085034E-13,2.235545E-14,9.8966076E-14,5.770547E-13,4.475086E-12,5.4126316E-13,3.6144118E-13,3.6642265E-18,3.4658375E-18,0,1.0897963E-18,0,3.9644298E-18,1.0305178E-15,2.4111459E-18,0,0,0,0,1.5300591E-20,1.1733898E-16,1.2235161E-17,5.6347316E-19,0,6.86932E-20,2.1696733E-16,1.3172134E-17,1.070324E-18,0,0,0,0,0,0,0,0,0,0,2.9896202E-15,3.8478965E-14,3.1386463E-13,2.3606247E-16,0,4.355773E-14,1.18443565E-14,3.1465285E-14,0,2.0256608E-14,3.4229596E-13,1.4868848E-13,9.7107035E-14,2.832698E-13,4.444454E-18,2.0891997E-17,3.5346313E-18,5.359946E-13,5.4738424E-13,9.086089E-14,1.05223617E-13,1.9114888E-12,9.917205E-12,3.4497873E-11,7.755045E-12,1.24651895E-11,1.2411208E-12,1.4576984E-11,2.260167E-11,3.8371053E-11,1.6838761E-11,2.412119E-11,2.541005E-11,1.796037E-11,2.3883794E-11,7.810744E-11,2.2117805E-10,1.7474572E-10,8.763876E-11,7.970022E-11,0.0000000011420227,1.07334495E-10,0.0000000018683057,0.0000000036959087,0.00000007848295,0.00000006047879,0.0000000033987384,0.0000000024550566,0.0000005100131,0.0000006868984,0.000003062668,0.0000039450856,0.00000076374215,0.0000058110504,0.0000009727025,0.0000016826308,0.0000020033845,0.00003300058,0.00000062894486,0.0000036560934,0.0000027644214,0.0000160937,0.000004878305,0.00000043302404,0.00000047008967,0.0000056927834,0.0000009532563,0.000009067924,0.00001714381,0.000027030395,0.00013392554,0.00003770802,0.0000010926071,0.00007785236,0.00085581106,0.0037222572,0.002117256,0.010910743,0.0007527086,0.0001755467
Ras Kamboni,2.6267766E-17,0,0,0,0,0,0,0,0,0,0,0,0,0,0,0,0,0,0,0,0,0,0,0,0,0,0,0,0,0,3.5210485E-18,9.447652E-12,1.792885E-11,1.2682629E-11,2.4781743E-11,2.3285329E-11,9.2882974E-10,1.1543878E-11,7.2394254E-16,9.605588E-16,1.1559521E-13,4.4813957E-18,8.1782326E-20,6.8548174E-15,2.8355199E-15,5.479862E-14,3.376077E-13,8.3190876E-13,4.420921E-12,2.1028244E-12,6.885103E-13,6.299916E-13,2.244381E-13,3.5136419E-12,4.310544E-12,1.9631631E-11,5.4166034E-12,3.5580883E-12,7.5877135E-15,3.853165E-15,2.3133437E-14,9.194356E-15,3.8499985E-15,1.738698E-15,1.1762234E-14,6.345441E-14,3.9377986E-14,3.8048357E-16,1.1783238E-15,5.0869374E-19,2.7242418E-19,9.797156E-19,9.3138036E-17,0,4.3398277E-21,7.837357E-18,7.600838E-20,0,0,0,0,0,2.0131348E-22,0,0,0,0,1.3514813E-16,0,0,0,0,0,0,0,0,0,0,0,0,1.2770362E-15,1.653717E-14,2.1939538E-15,0,0,7.937541E-16,1.0897875E-15,2.8022376E-15,0,2.4587929E-15,2.4746032E-15,3.9771377E-15,3.995806E-16,3.4008472E-15,9.085637E-19,1.092769E-17,1.0325865E-18,2.3714402E-13,1.84923E-13,4.9437034E-14,7.785593E-14,5.080803E-13,1.3973971E-12,1.5635179E-12,9.21844E-13,1.2820258E-12,3.693819E-14,5.291044E-12,8.172734E-13,8.268083E-13,1.9314765E-12,4.9016364E-12,1.2315277E-12,3.9059264E-13,3.6653008E-13,6.87264E-12,3.3502368E-12,3.0041956E-12,5.967943E-13,2.4669054E-12,2.8213259E-12,2.5451373E-12,5.3064367E-12,1.9077916E-11,0.0000000020422504,0.0000000013445132,1.187825E-10,2.4399267E-11,0.00000009807444,0.000000060501634,0.00000060909395,0.00000039665812,0.0000000986705,0.00000082420206,0.00000006911539,0.00000006931603,0.00000015092388,0.0000034048119,0.000000083114664,0.0000002858057,0.00000040547476,0.000002609063,0.0000008011229,0.000000069657474,0.00000017659653,0.0000035361725,0.0000010908386,0.0000011116887,0.0000021892931,0.00000329232,0.000029244393,0.0000061822293,0.00000009969405,0.000009472171,0.00013505637,0.0008323242,0.0004873593,0.011264575,0.002829531,0.000259741
Burgabo,2.9034417E-17,0,0,0,0,0,0,0,0,0,0,0,0,0,0,0,0,0,0,0,0,0,0,0,0,0,0,0,0,0,9.178991E-18,2.0892841E-11,2.5451441E-11,1.3715584E-11,3.0007215E-11,1.9670997E-11,3.9231624E-10,5.5116927E-12,1.3792905E-15,7.346729E-16,1.1078347E-13,5.7108082E-18,1.1346609E-18,5.435992E-15,9.079534E-16,1.471475E-14,1.2408068E-13,1.1757417E-12,2.4777177E-11,4.0682254E-12,1.6251001E-12,9.396345E-13,6.3226686E-13,5.599893E-12,7.844526E-12,4.9795758E-11,1.716057E-11,9.044798E-12,3.836263E-14,2.899186E-14,5.2261387E-14,3.6028045E-14,1.7762433E-14,1.0213114E-15,9.283581E-15,4.1305338E-14,1.5028877E-13,3.206869E-16,9.844226E-15,4.859016E-19,3.5133662E-19,1.2956214E-19,5.414592E-19,0,0,1.006288E-17,3.1316376E-20,0,0,0,1.3285901E-18,3.3544973E-17,2.743172E-16,2.5265203E-16,2.3591503E-16,0,0,9.598437E-17,7.572186E-19,7.825052E-18,0,0,0,0,0,0,0,0,0,0,3.1248915E-15,1.5581456E-14,2.6446457E-15,2.2794414E-16,0,2.2364783E-15,1.9100409E-15,2.459121E-14,0,2.4220638E-15,4.7511033E-14,8.7298556E-16,2.480508E-14,4.6155922E-15,9.653133E-19,5.088796E-18,7.980723E-18,2.3430948E-13,1.9415795E-13,3.6504277E-14,7.14218E-14,7.9686285E-13,1.5210925E-12,2.6330414E-12,2.021182E-12,2.9296656E-12,2.9436062E-14,7.770893E-12,4.1166837E-13,6.988733E-13,2.0119165E-12,4.868842E-12,1.1992053E-12,1.093501E-13,8.1917146E-14,6.6827295E-14,3.169316E-13,3.0747423E-13,6.037951E-13,2.034209E-12,2.2820736E-12,5.2927454E-13,9.414135E-13,3.3233928E-12,3.8721337E-10,2.529337E-10,3.110049E-11,1.4757608E-11,0.000000056919248,0.000000048803056,0.00000032782552,0.00000021485971,0.000000066960034,0.0000007895545,0.00000006203413,0.00000006775504,0.00000017052407,0.000004012421,0.000000021809564,0.00000006348253,0.000000085894584,0.0000008950294,0.00000032863068,0.000000042399503,0.00000038654323,0.0000032766177,0.00000073370376,0.00000033222506,0.0000007576809,0.0000014414269,0.000020822832,0.0000053634894,0.00000007108551,0.000008526158,0.00011981367,0.0006369137,0.00030805691,0.005211203,0.0020017496,0.001685624
Bajuni Islands,4.4090212E-16,1.2337423E-18,0,0,0,0,0,0,0,0,0,0,0,0,0,0,0,0,0,0,0,0,0,0,0,0,0,0,0,0,5.133792E-19,2.5226802E-11,1.923877E-11,9.692029E-12,3.5337393E-11,6.2333684E-12,1.6535798E-10,2.3491697E-12,1.4591199E-15,2.4082052E-16,3.7484986E-14,9.908138E-18,2.4544231E-18,1.854487E-14,1.5756956E-15,1.1031385E-14,2.1918818E-13,1.0035649E-12,1.5116747E-10,3.0543172E-11,1.954754E-11,3.1053124E-12,1.8009796E-12,1.9435606E-11,1.3113006E-11,4.503396E-11,2.6213967E-11,7.990684E-11,6.856266E-14,4.4081947E-12,6.3004376E-13,1.1773942E-12,4.928083E-13,3.0827774E-14,8.7780945E-14,1.03026546E-11,4.741944E-12,5.487427E-13,1.1646715E-12,1.797274E-18,1.3344316E-18,1.3998942E-18,2.1152812E-17,0,0,3.4715215E-18,9.378635E-20,0,0,0,4.092839E-18,6.773953E-19,1.7768275E-16,7.626335E-16,2.4265702E-16,0,0,3.0020505E-16,4.7931578E-20,0,0,0,0,0,0,0,0,0,0,0,1.0579851E-15,1.0149575E-14,1.4345626E-14,8.424128E-17,0,4.2567997E-15,1.5720127E-15,2.1976189E-14,0,7.0458233E-16,2.7016426E-14,1.6517238E-15,2.019066E-15,5.377907E-15,7.139322E-19,4.1790513E-18,8.547875E-18,1.2194591E-13,1.385069E-13,2.3057504E-14,3.3066713E-14,6.477519E-13,1.1910048E-12,2.2178492E-12,1.7517975E-12,2.1603724E-12,2.5870355E-14,1.161979E-11,2.738583E-13,8.892243E-13,2.3029402E-12,5.819395E-12,1.1648343E-12,4.648723E-14,4.7965463E-14,4.28018E-14,6.524805E-13,1.6180568E-13,1.8288994E-12,1.91411E-12,2.3630657E-12,5.4320903E-13,9.453925E-13,1.2784157E-12,7.704939E-10,5.060028E-10,4.062186E-11,2.1741865E-10,0.000000026277194,0.00000005668391,0.00000015329908,0.000000114095656,0.000000033313285,0.0000006050878,0.00000003757757,0.00000004031746,0.00000011634759,0.000003518207,0.0000000048892628,0.000000020689527,0.00000003412354,0.00000046388803,0.00000016838635,0.000000034170235,0.0000003577189,0.0000028654251,0.0000005806184,0.00000012107705,0.00000028897315,0.00000067780513,0.000015946192,0.0000043117134,0.000000043208733,0.0000060755324,0.000098139084,0.0004862728,0.00022192585,0.0030888962,0.0010870523,0.0012189592
